distancia,excluido,frame,grupo_metrica,iou,logical_id,papel,rotulo,score,tracker_id
0.002263714213371016,False,1,goleiro_time0,0.6597628436653699,5,goleiro0,GOL-TIME0,0.7780535484078106,-1
0.0005744831475976329,False,2,goleiro_time0,0.9061233629095492,5,goleiro0,GOL-TIME0,0.9387791167895478,0
0.0033664647369732784,False,2,time0,0.5523061463367915,1,time0,TIME0,0.7078207324609738,2
0.005217951224523163,False,2,time1,0.5284508191297427,4,time1,TIME1,0.6916667495057496,-1
0.005722452614384513,False,2,time1,0.3272504604928215,3,time1,TIME1,0.5607099409052994,1
0.00014356217832512403,False,3,time1,0.9560801751429361,3,time1,TIME1,0.9714018670804947,1
0.00038417493023041465,False,3,goleiro_time0,0.935524010948892,5,goleiro0,GOL-TIME0,0.9579561458911992,0
0.0003939937498623762,False,3,time1,0.933412802350291,4,time1,TIME1,0.9565804237152373,3
0.0007580440354111303,False,3,time0,0.8537222482893803,1,time0,TIME0,0.9046541459757034,2
0.00018561715968603003,False,4,time1,0.9528531645267908,3,time1,TIME1,0.9692895909365239,1
0.00036116546523816417,False,4,goleiro_time0,0.9204110639091783,5,goleiro0,GOL-TIME0,0.9481407836281325,0
0.0006866291388607779,False,4,time0,0.8779063498752078,1,time0,TIME0,0.9203988072202838,2
0.0031877041463238324,False,4,time1,0.7953430756293658,4,time1,TIME1,0.8658573027078744,3
0.0001313179327061275,False,5,time1,0.9617129838640902,3,time1,TIME1,0.9750674782352116,1
0.0002592727656521396,False,5,goleiro_time0,0.9560526995515114,5,goleiro0,GOL-TIME0,0.9713435092405042,0
0.0002823653810042705,False,5,time1,0.9504537512034561,4,time1,TIME1,0.967696110398895,3
0.0008099110889983457,False,5,time0,0.8604625345495535,1,time0,TIME0,0.9090171785760603,2
0.0026814177886394005,False,5,time0,0.728419396030855,0,time0,TIME0,0.8225341111940321,-1
0.0002092973954352959,False,6,time1,0.9656977617717667,4,time1,TIME1,0.977630291063246,3
0.0002595091531456494,False,6,goleiro_time0,0.9547767278368798,5,goleiro0,GOL-TIME0,0.970514044890371,0
0.0005469779318784038,False,6,time0,0.9241739946472621,0,time0,TIME0,0.9505216542445629,-1
0.0005826524294771052,False,6,time1,0.909251584542796,3,time1,TIME1,0.9408096016025005,1
0.0008308761915427018,False,6,time0,0.862674677092506,1,time0,TIME0,0.9104477334430889,2
0.00022589302012988025,False,7,time1,0.955815295973504,4,time1,TIME1,0.9712008798257321,3
0.0008431205005771649,False,7,time0,0.9060849918499919,1,time0,TIME0,0.9386601525272927,2
0.0007275933488290007,False,7,time1,0.8772816597422971,3,time1,TIME1,0.919978421160403,1
0.0010256131675379224,False,7,time0,0.8696116519559911,0,time0,TIME0,0.9148886091627559,4
0.0002941007175033464,False,8,time0,0.9531275235304397,1,time0,TIME0,0.9694299550436597,2
0.00017613177857774977,False,8,time0,0.9492033677977941,0,time0,TIME0,0.9669205429460639,4
0.00023039404702368475,False,8,time1,0.9467258186433658,4,time1,TIME1,0.9652911442017295,3
0.0010636322110374847,False,8,time1,0.8280491155797209,3,time1,TIME1,0.8878596538529555,1
9.702931671574324e-05,False,9,time0,0.9430303720566315,1,time0,TIME0,0.96293578157596,2
0.000899999811184185,False,9,time1,0.8770166164761921,4,time1,TIME1,0.9197458007756105,3
0.0009063044246820815,False,9,time1,0.8459125297965401,3,time1,TIME1,0.8995259378191123,1
0.000989455697745163,False,9,goleiro_time0,0.8110283808788156,5,goleiro0,GOL-TIME0,0.8768221380770194,0
0.00014262220891215067,False,10,time0,0.959178735668624,1,time0,TIME0,0.9734162604114863,2
0.0001843016946118886,False,10,goleiro_time0,0.9431944601954841,5,goleiro0,GOL-TIME0,0.9630118935339504,0
0.00024143330999454928,False,10,time1,0.8947048535596571,4,time1,TIME1,0.931473653155279,3
0.001123838753616679,False,10,time0,0.8514086548097741,0,time0,TIME0,0.9030222820625873,4
0.001449585336319142,False,10,time1,0.758414020286287,3,time1,TIME1,0.8424617583183749,1
0.00030121182353999706,False,11,time0,0.9613782289144185,1,time0,TIME0,0.974790424656133,2
0.000281443015724841,False,11,time0,0.9602234041322133,0,time0,TIME0,0.974046707630435,4
0.00038046061024976744,False,11,goleiro_time0,0.9130130363503955,5,goleiro0,GOL-TIME0,0.9433253124141697,0
0.0009565833520547178,False,11,time1,0.8909208650113789,4,time1,TIME1,0.9287637580841772,3
0.0008569919490212944,False,11,time1,0.8396314888189755,3,time1,TIME1,0.8954605205501767,1
0.00013815778542570047,False,12,time0,0.9728000326641645,0,time0,TIME0,0.9822716660068079,4
8.086353473725181e-05,False,12,goleiro_time0,0.9552271345955665,5,goleiro0,GOL-TIME0,0.9708693352499602,0
0.0005001883771430897,False,12,time0,0.9132402360624415,1,time0,TIME0,0.943431087508587,2
0.0011462120346474288,False,12,time1,0.778779633943903,3,time1,TIME1,0.8558055878514104,1
0.005608980529615015,False,12,time1,0.7073992360596582,4,time1,TIME1,0.8078463602534125,3
0.002503329097542276,False,12,time0,0.5849223430489789,2,time0,TIME0,0.7293233577976965,-1
0.00046680718574819056,False,13,goleiro_time0,0.8998173489469797,5,goleiro0,GOL-TIME0,0.934717894300525,0
0.0007982036806707854,False,13,time1,0.8799522098416004,4,time1,TIME1,0.9216895651088055,3
0.000861816800654035,False,13,time1,0.8263116389931844,3,time1,TIME1,0.886800929465341,1
0.002815175314347814,False,13,time0,0.7772611904098045,2,time0,TIME0,0.8542344624063511,-1
0.00016259785261335443,False,14,time0,0.9666019782958626,2,time0,TIME0,0.9782343766438959,-1
0.00034619796923452583,False,14,goleiro_time0,0.9303907352091912,5,goleiro0,GOL-TIME0,0.9546328085967422,0
0.00035327736753784807,False,14,time1,0.9273249674824308,3,time1,TIME1,0.9526375817849417,1
0.003512969278803437,False,14,time1,0.7814540804716712,4,time1,TIME1,0.8567156130590051,3
2.1731121746903238e-05,False,15,time0,0.9902361139296296,2,time0,TIME0,0.9936458681616479,-1
0.000531248258064111,False,15,goleiro_time0,0.8999534447269935,5,goleiro0,GOL-TIME0,0.9347838021822232,0
0.0016413154552797384,False,15,time0,0.7734242432452606,1,time0,TIME0,0.8521512977000715,2
0.003831179770377902,False,15,time1,0.7616356118535706,4,time1,TIME1,0.8437222347851887,3
7.664662181716298e-05,False,16,time0,0.9827643757329537,2,time0,TIME0,0.9887700179087839,-1
0.00030269873866979174,False,16,time1,0.9521277436776013,4,time1,TIME1,0.9687770888319065,3
0.0005799341889143292,False,16,goleiro_time0,0.8926690452051467,5,goleiro0,GOL-TIME0,0.9300319024172253,0
0.005171682082473421,False,16,time0,0.7384867709501438,1,time0,TIME0,0.8282063123887278,2
0.0002294928625101187,False,17,time0,0.9462008683877271,2,time0,TIME0,0.9649502419501441,-1
0.0005127775141190458,False,17,time0,0.9329810428377775,1,time0,TIME0,0.9562582057146136,2
0.0004502890801200474,False,17,time1,0.9283350767710861,4,time1,TIME1,0.9532601987231639,3
0.0005657149700510541,False,17,goleiro_time0,0.8614518089553019,5,goleiro0,GOL-TIME0,0.9097456755814284,0
0.0013776843728999586,False,17,time1,0.7594675563338463,3,time1,TIME1,0.8431717220864852,1
0.002205058052120647,False,17,time0,0.7331618360954261,0,time0,TIME0,0.8257834231437847,4
6.490208373387515e-05,False,18,time0,0.9803327838342851,2,time0,TIME0,0.9871935937629785,-1
0.0005000154812147967,False,18,time0,0.9331204608896297,0,time0,TIME0,0.9563532941598342,4
0.0002997884253416058,False,18,time1,0.913932622658975,4,time1,TIME1,0.9439512787794642,3
0.0009129944012877578,False,18,goleiro_time0,0.8538604612202335,5,goleiro0,GOL-TIME0,0.904689751752701,0
0.0038269576193402676,False,18,time0,0.7116269599577764,1,time0,TIME0,0.8112180888057856,2
5.785585171961438e-05,False,19,time0,0.9744253200133887,2,time0,TIME0,0.9833562084606008,-1
0.000561520975480615,False,19,time0,0.9278134803323236,0,time0,TIME0,0.952882229874592,4
0.0004317196109764909,False,19,time1,0.9222420553869841,4,time1,TIME1,0.9493062341376979,3
0.0006782445995212859,False,19,time0,0.8856328644616256,1,time0,TIME0,0.9254239762902242,2
0.002001987319891633,False,19,time1,0.7281183112863885,3,time1,TIME1,0.8225762067741904,1
0.0001824570401515897,False,20,time1,0.9725042569550552,4,time1,TIME1,0.9820639070567327,3
0.00033085477464022604,False,20,time0,0.951836936465482,2,time0,TIME0,0.9685782095314392,-1
0.00027907817687464995,False,20,time0,0.9287548175960967,0,time0,TIME0,0.9535929540755567,4
0.0004146734320744035,False,20,time1,0.9084186790879274,3,time1,TIME1,0.9403270057059268,1
0.0015739694472672045,False,20,time0,0.8393558965582684,1,time0,TIME0,0.895030443456331,2
0.0002633378238957721,False,21,time0,0.9639864519017601,0,time0,TIME0,0.9764990254977806,4
0.00020780796905302157,False,21,time0,0.958097432259637,2,time0,TIME0,0.9726905981795955,-1
0.0002668732107957006,False,21,time1,0.9510827340677159,3,time1,TIME1,0.9681103715202369,1
0.0003757797878248976,False,21,time1,0.9318891484955829,4,time1,TIME1,0.9555964235963902,3
0.00045356664509873607,False,21,goleiro_time0,0.9215855757708694,5,goleiro0,GOL-TIME0,0.9488718759252806,0
0.003369593503901004,False,21,time0,0.813729463327803,1,time0,TIME0,0.8777447934367066,2
0.0001214538851633463,False,22,time0,0.9783564997127406,2,time0,TIME0,0.9858892159534742,-1
0.00032392917152663977,False,22,time1,0.9342670777504464,4,time1,TIME1,0.9571602253277558,3
0.0005356875436595784,False,22,time1,0.9261345065175609,3,time1,TIME1,0.9517999385961338,1
0.0006149052314245003,False,22,time0,0.9215236628546838,0,time0,TIME0,0.9487751640245459,4
0.0004945474445530363,False,22,goleiro_time0,0.9152426563540986,5,goleiro0,GOL-TIME0,0.9447346350245706,0
0.014611269309577254,False,22,time0,0.20131676702781223,1,time0,TIME0,0.4757419543097259,2
4.321546537608497e-05,False,23,goleiro_time0,0.9872749237066832,5,goleiro0,GOL-TIME0,0.9917135749964625,0
0.00016401441462444012,False,23,time0,0.9794210312490732,2,time0,TIME0,0.986566265266779,-1
0.00025282293073559915,False,23,time1,0.9576713013181272,4,time1,TIME1,0.9723978578310252,3
0.0003498628505173674,False,23,time0,0.9399254103103809,0,time0,TIME0,0.9608290647040665,4
0.00921687007891031,False,23,time0,0.353986294808611,1,time0,TIME0,0.5768651870979785,2
0.00014466681233881836,False,24,time0,0.9689275554886445,2,time0,TIME0,0.9797522776833003,5
0.0002574933783901239,False,24,goleiro_time0,0.9450743192101232,5,goleiro0,GOL-TIME0,0.9642081848041435,0
0.0005539589601098481,False,24,time0,0.9367039183831177,1,time0,TIME0,0.958663661312988,2
0.00036266409954619703,False,24,time1,0.9220616472218605,4,time1,TIME1,0.9492131382593681,3
0.0006641328825570873,False,24,time1,0.9124274444984442,3,time1,TIME1,0.9428453924150937,1
7.300970041357036e-05,False,25,time0,0.980273116619724,2,time0,TIME0,0.9871519724076758,5
8.644668949563415e-05,False,25,time1,0.9723915700683133,4,time1,TIME1,0.9820242642030802,3
0.000604471357864528,False,25,time0,0.9095051840390898,1,time0,TIME0,0.9409668046501558,2
0.0009371331689102321,False,25,time1,0.8832169851662781,3,time1,TIME1,0.9237630437489621,1
0.0007267852328543002,False,25,goleiro_time0,0.8715680162455159,5,goleiro0,GOL-TIME0,0.9162648357280865,0
0.0010471997923878881,False,25,time0,0.8582330963764231,0,time0,TIME0,0.9074849927173392,4
0.0002829783041726015,False,26,goleiro_time0,0.9623678417113332,5,goleiro0,GOL-TIME0,0.9754400547059061,0
0.00044024107699158825,False,26,time0,0.9255276863328122,2,time0,TIME0,0.9514389117393809,5
0.0003732494092405457,False,26,time1,0.9191120883553673,4,time1,TIME1,0.9472922201377545,3
0.0005013646072186395,False,26,time1,0.9135753559327939,3,time1,TIME1,0.9436485037437896,1
8.223821717415735e-05,False,27,time1,0.9860587127723237,3,time1,TIME1,0.9909093799259996,1
0.00011904792772457496,False,27,time0,0.9685689528129986,2,time0,TIME0,0.9795281525537456,5
0.00038929968628806854,False,27,time1,0.9232121716888827,4,time1,TIME1,0.949951656707573,3
0.0009448130355842341,False,27,time0,0.8726425666228779,0,time0,TIME0,0.9168869837424161,4
0.005547335825716792,False,27,time0,0.6173054230616898,1,time0,TIME0,0.7493069574510975,2
8.3214809019125e-05,False,28,time0,0.9784071764787498,2,time0,TIME0,0.9859355395280307,5
0.00021932426853026502,False,28,time0,0.9533276720947642,0,time0,TIME0,0.9695862233676111,4
0.0002970741672701359,False,28,time1,0.9362252666944699,4,time1,TIME1,0.958442447392861,3
0.0006715652767140079,False,28,time1,0.8992381458387735,3,time1,TIME1,0.9342697469483529,1
0.0006178614068181725,False,28,time0,0.8891888691600732,1,time0,TIME0,0.9277565134616612,2
8.501471118460422e-05,False,29,time0,0.9814335904428714,2,time0,TIME0,0.9879020786389519,5
0.0002819249986376192,False,29,time1,0.9477498200184716,4,time1,TIME1,0.9659387092624834,3
0.0005894869426143856,False,29,time0,0.9167460975872345,0,time0,TIME0,0.9456786430017874,4
0.0005642176547847276,False,29,time0,0.9025483010193883,1,time0,TIME0,0.9364589194834277,2
0.0006500897557616248,False,29,time1,0.860736590115225,3,time1,TIME1,0.9092512521603796,1
0.000679767889762755,False,30,time0,0.9384067099711078,0,time0,TIME0,0.959726442719803,4
0.00024439065223280795,False,30,time0,0.9225973995841287,2,time0,TIME0,0.9496027730014022,5
0.00037727611380994423,False,30,time1,0.919020975808093,4,time1,TIME1,0.9472315876354269,3
0.0021420782750859917,False,30,goleiro_time0,0.6553635559734504,5,goleiro0,GOL-TIME0,0.7752365839864627,0
0.0024303422584044353,False,30,time1,0.619493596894444,3,time1,TIME1,0.751820218190947,1
0.005597274744723401,False,30,time0,0.6068995037603734,1,time0,TIME0,0.7425256312835895,2
0.00013759757319325452,False,31,time1,0.9827197007640671,4,time1,TIME1,0.988719646346026,3
0.00033831760822114183,False,31,time0,0.9097972941805915,2,time0,TIME0,0.9412498300545071,5
0.0012285553439329298,False,31,time0,0.8652840584989844,0,time0,TIME0,0.9120046436539633,4
0.0008623699864527754,False,31,time1,0.8247160562025654,3,time1,TIME1,0.885763607036409,1
0.0009730597049396142,False,32,time0,0.9360066598913528,0,time0,TIME0,0.9580637580326504,4
0.0004298574284812081,False,32,time1,0.9190382745054165,4,time1,TIME1,0.9472244283285522,3
0.001124279617940877,False,32,time0,0.8323819548848008,2,time0,TIME0,0.8906547728088412,5
0.0008861363784550411,False,32,time1,0.8212091111516323,3,time1,TIME1,0.8834757745161017,1
0.010452117327279103,False,32,time0,0.23577915907995933,1,time0,TIME0,0.49959821233742585,2
0.0001327473807400378,False,33,time1,0.9685400327180963,4,time1,TIME1,0.9795045596835037,3
0.00015457736878484563,False,33,time0,0.9562571032713997,2,time0,TIME0,0.971513015047335,5
0.0002681997101610403,False,33,time1,0.9352535266844951,3,time1,TIME1,0.9578209224463654,1
0.000603232270378428,False,33,time0,0.9159226239743345,0,time0,TIME0,0.945138574288685,4
0.0004944547057745975,False,33,goleiro_time0,0.9156991451565775,5,goleiro0,GOL-TIME0,0.9450313852047543,0
0.0011021568533696082,False,33,time0,0.7360349001809334,1,time0,TIME0,0.8280369302189273,-1
0.00015434940286530787,False,34,goleiro_time0,0.9714640103519019,5,goleiro0,GOL-TIME0,0.9813975844377334,0
0.00022730198496806047,False,34,time0,0.9663225146340402,0,time0,TIME0,0.9780300788173872,4
0.0003867596685527848,False,34,time1,0.9331065004244221,4,time1,TIME1,0.956383859391881,3
0.0005976193420584502,False,34,time1,0.872134811903799,3,time1,TIME1,0.9166784609677489,1
0.0012757652671136182,False,34,time0,0.8193957261503717,2,time0,TIME0,0.8821607041542519,5
0.001068626001473399,False,34,time0,0.7623396077593959,1,time0,TIME0,0.8451467259430916,-1
0.00038370278939806165,False,35,time0,0.9607608980314565,0,time0,TIME0,0.9743602877441574,4
0.00020194371255558973,False,35,time0,0.9409660435708723,2,time0,TIME0,0.9615572480216725,5
0.00015966843854661142,False,35,time1,0.9397830148445553,4,time1,TIME1,0.9608030756954696,3
0.0003862829871730191,False,35,goleiro_time0,0.9243585596479562,5,goleiro0,GOL-TIME0,0.950697864725661,0
0.00047877627165736336,False,35,time0,0.897384055023474,1,time0,TIME0,0.933132064070178,-1
0.08981742493452634,False,35,time0,0.0,3,time0,TIME0,0.31856390127291573,2
0.00044986703750635323,False,36,time1,0.9695428734661078,4,time1,TIME1,0.9800454142898428,3
0.00031418548653957314,False,36,time0,0.9665870413049245,0,time0,TIME0,0.978171611927912,4
0.0009233307164938253,False,36,time0,0.878713662405322,2,time0,TIME0,0.9208407148126865,5
0.0007165107604113163,False,36,time0,0.8473418736284837,1,time0,TIME0,0.9005214390923704,2
0.003371362034435128,False,36,time0,0.6719159855360229,3,time0,TIME0,0.7855654138863626,-1
0.0008045998661025342,False,37,time0,0.9340316721899923,0,time0,TIME0,0.9568389769703591,4
0.0003648640835492672,False,37,time1,0.9267357491907221,4,time1,TIME1,0.9522505345447272,3
0.0007466591835131731,False,37,time0,0.8823197804663988,2,time0,TIME0,0.9232465265889296,5
0.0006669083492369744,False,37,goleiro_time0,0.8798064667969842,5,goleiro0,GOL-TIME0,0.9216407854958067,0
0.000916277191700899,False,37,time0,0.8276859824021794,1,time0,TIME0,0.8876751915443213,2
0.007056023260847834,False,37,time0,0.5841644218507521,3,time0,TIME0,0.7272372660616921,-1
5.931589137463994e-05,False,38,time1,0.9659092184424728,4,time1,TIME1,0.9778202314256261,3
0.0005078489147828546,False,38,goleiro_time0,0.9077095822023287,5,goleiro0,GOL-TIME0,0.9398334813113396,0
0.0005728828456134559,False,38,time1,0.9072947785707782,3,time1,TIME1,0.9395410970750412,6
0.0007192833860782971,False,38,time0,0.8949636645862084,2,time0,TIME0,0.931474632795908,5
0.0010530871828475564,False,38,time0,0.8212008950850117,1,time0,TIME0,0.883412001291261,2
0.051759332930144966,False,38,time1,0.0,0,time1,TIME1,0.33188423347444923,1
0.0001500340564578744,False,39,time1,0.9906082582456758,4,time1,TIME1,0.993842855939929,3
0.00032746098179424883,False,39,time0,0.9514370278936867,2,time0,TIME0,0.9683194567872684,5
0.00024643846448208845,False,39,time1,0.9498077242724035,3,time1,TIME1,0.9672887673144935,6
0.0003552588725751923,False,39,time1,0.9308552380515794,0,time1,TIME1,0.9549315641281253,1
0.0005830603177586415,False,39,goleiro_time0,0.9024259384838768,5,goleiro0,GOL-TIME0,0.9363727889033044,0
0.000613968559615793,False,39,time0,0.8938810287789644,1,time0,TIME0,0.9308077797104614,2
9.212472647522836e-05,False,40,time1,0.9769605326393201,4,time1,TIME1,0.9849921025612918,3
0.0001158780929406428,False,40,time0,0.9374566819629534,2,time0,TIME0,0.9593062859433905,5
0.00045884889980937874,False,40,time1,0.9313925414792672,3,time1,TIME1,0.9552445548465904,6
0.0003858441014113809,False,40,time0,0.9290728015686494,1,time0,TIME0,0.9537622755841282,2
0.0006766466312262819,False,40,goleiro_time0,0.8912786776717193,5,goleiro0,GOL-TIME0,0.9290943141656884,0
8.933005125049101e-05,False,41,time1,0.9790331892104804,4,time1,TIME1,0.9863403074688747,3
0.00025451541344210843,False,41,time0,0.9522491241973414,1,time0,TIME0,0.9688728503335673,2
0.00012724728121833585,False,41,time0,0.940701358774542,2,time0,TIME0,0.9614113466550258,5
0.00042819300077714777,False,41,time0,0.930602765989198,3,time0,TIME0,0.9547419303427067,6
0.000724202295531183,False,41,goleiro_time0,0.8920062090185067,5,goleiro0,GOL-TIME0,0.9295505650585933,0
0.0014492265569749847,False,41,time1,0.8114548290062015,0,time1,TIME1,0.8769384095590897,1
0.0002507818405257842,False,42,time0,0.9716620719252966,2,time0,TIME0,0.9814925731072588,5
0.0001300329958376346,False,42,time1,0.970942459920006,4,time1,TIME1,0.9810670873994608,3
0.0002876399497603543,False,42,time1,0.9596453587367367,0,time1,TIME1,0.9736688091964628,1
0.0002571501992507641,False,42,time0,0.9542265506086013,1,time0,TIME0,0.9701572553258531,2
0.12849407200946636,False,42,time0,0.0,3,time0,TIME0,0.3050270747966867,4
0.0002109589313940767,False,43,time1,0.9702103774415884,0,time1,TIME1,0.9805629097110445,1
0.0004883365844810453,False,43,time1,0.9266124583137292,4,time1,TIME1,0.9521271800993556,3
0.0007688748390600007,False,43,time0,0.9155219189047739,3,time0,TIME0,0.9448201410944319,4
0.0005836328833239921,False,43,time0,0.883113049923461,1,time0,TIME0,0.9238192109410861,2
0.0008457839501767495,False,43,goleiro_time0,0.8693693463947404,5,goleiro0,GOL-TIME0,0.9147940507740193,0
0.000949373064228216,False,43,time0,0.8622529265837854,2,time0,TIME0,0.9101321217069805,5
9.649714046110627e-05,False,44,time1,0.9863913332913722,0,time1,TIME1,0.9911205926402306,1
0.00011480066416214421,False,44,time1,0.9742554790720392,4,time1,TIME1,0.9832258811643688,3
0.00012315925389268025,False,44,goleiro_time0,0.9672108490230475,5,goleiro0,GOL-TIME0,0.9786439461261185,0
0.00047014573103961637,False,44,time0,0.9589209083400186,3,time0,TIME0,0.9731340394151482,4
0.00032132576369088594,False,44,time0,0.9317549303185853,1,time0,TIME0,0.9555282406897886,2
0.0007554782456301974,False,44,time0,0.9149369307685039,2,time0,TIME0,0.944444587613557,5
0.00011796781013029014,False,45,time1,0.9729423340361256,4,time1,TIME1,0.9823712283899361,3
9.01123571302623e-05,False,45,time0,0.96290777302997,2,time0,TIME0,0.9758585131444848,5
0.00027625527542570366,False,45,goleiro_time0,0.957457853325469,5,goleiro0,GOL-TIME0,0.9722509153151557,0
0.0002181751549082576,False,45,time0,0.9412232112973475,1,time0,TIME0,0.9617187260390581,2
0.000567666340058643,False,45,time1,0.9204236218676282,0,time1,TIME1,0.9480766709949378,1
0.12531487791437362,False,45,time0,0.0,3,time0,TIME0,0.3061397927299692,6
8.785122793424171e-05,False,46,time0,0.9777416761938621,2,time0,TIME0,0.9855013415962334,5
0.00016008958066067905,False,46,goleiro_time0,0.9766593933416781,5,goleiro0,GOL-TIME0,0.9847725743188596,0
0.0003128069103930149,False,46,time1,0.9343508199112017,4,time1,TIME1,0.9572185505236435,3
0.00036046941707613945,False,46,time1,0.9223181527655506,0,time1,TIME1,0.9493806350016314,1
0.0005327968637598694,False,46,time0,0.876912114370776,1,time0,TIME0,0.9198063954386885,2
0.0011328345165899957,False,46,time0,0.717413252826569,3,time0,TIME0,0.8159221222564633,6
0.00034575137215214216,False,47,time1,0.9307115733123139,4,time1,TIME1,0.9548415096727508,3
0.000672464051439841,False,47,time0,0.9304428711255543,2,time0,TIME0,0.9545525038136063,5
4.309361255690398e-05,False,47,time1,0.9218979429933835,0,time1,TIME1,0.9492185801813042,1
0.0005220837084847406,False,47,time0,0.898680893977984,3,time0,TIME0,0.9339598517877199,6
0.0006218357302121125,False,47,time0,0.8482350981284089,1,time0,TIME0,0.9011351712778914,2
0.00029883699041226085,False,48,time1,0.9417430556547448,4,time1,TIME1,0.9620283932289397,3
0.0006998654687232463,False,48,time1,0.8865697131743456,0,time1,TIME1,0.9260253606492715,1
0.0007930931550438493,False,48,goleiro_time0,0.8722583527693085,5,goleiro0,GOL-TIME0,0.9166903466957852,0
0.0017846674874314552,False,48,time0,0.7919120962659492,2,time0,TIME0,0.864118228952266,5
0.0050682176685955885,False,48,time0,0.5928825361565906,1,time0,TIME0,0.7335997723177754,2
0.12639048864754174,False,48,time0,0.0,3,time0,TIME0,0.30576332897336034,4
0.000429447866031352,False,49,time0,0.9507134882185537,3,time0,TIME0,0.9678134605889489,4
0.00043327435528942173,False,49,goleiro_time0,0.9316825456469954,5,goleiro0,GOL-TIME0,0.9554420086461957,0
0.000539754098508224,False,49,time1,0.8824654538240746,4,time1,TIME1,0.9234136310511707,3
0.001672877079372948,False,49,time0,0.8692948812115173,2,time0,TIME0,0.9144561658097057,5
0.0008812255861818871,False,49,time0,0.780413940522632,1,time0,TIME0,0.8569606323845471,-1
0.0014042792976446097,False,49,time1,0.7760090023579389,0,time1,TIME1,0.8539143537784846,1
0.00011788630857254285,False,50,goleiro_time0,0.9766736163528674,5,goleiro0,GOL-TIME0,0.9847965904213634,0
0.0002364590261561786,False,50,time0,0.9717085900192962,3,time0,TIME0,0.9815278228533878,4
0.000296207785164671,False,50,time1,0.9461670444679665,4,time1,TIME1,0.9649049061793706,3
0.0011104893412940682,False,50,time1,0.7913886138116077,0,time1,TIME1,0.864013927708092,1
0.0019008614654946088,False,50,time0,0.7571428429055931,2,time0,TIME0,0.8414775463757125,5
0.005206409812521124,False,50,time0,0.43661603697282975,1,time0,TIME0,0.631978180597957,2
0.00015831089096879654,False,51,time1,0.9771582567756678,4,time1,TIME1,0.985097458092345,3
0.00014175930197425862,False,51,goleiro_time0,0.9699852588254988,5,goleiro0,GOL-TIME0,0.9804408024808833,0
0.0009782049822422783,False,51,time0,0.8872671505974027,3,time0,TIME0,0.9263812761445269,4
0.00033445558093555763,False,51,time0,0.8806721644238572,2,time0,TIME0,0.9223198474221797,5
0.0007829574356419105,False,51,time0,0.8507546231653608,1,time0,TIME0,0.9027164699550098,2
0.04906383508154232,False,51,time0,0.0,0,time0,TIME0,0.33282765772146017,-1
0.00043441801518129665,False,52,goleiro_time0,0.9312694643553555,5,goleiro0,GOL-TIME0,0.9551731055256676,0
0.0004143886712629279,False,52,time1,0.9301877306149594,4,time1,TIME1,0.9544769888647815,3
4.682377372112207e-05,False,52,time0,0.9147383263471837,3,time0,TIME0,0.9445635238048671,4
0.0005912563355988563,False,52,time0,0.8529245468014189,2,time0,TIME0,0.9041940157034627,5
0.000575730200066345,False,52,time0,0.8443249874988485,1,time0,TIME0,0.8986097363042284,2
0.11671181029728885,False,52,time0,0.0,0,time0,TIME0,0.3091508663959489,6
7.629488793135119e-05,False,53,time0,0.9823340524455726,3,time0,TIME0,0.9884904308788462,4
0.0003795883685551835,False,53,time1,0.9419325784422139,4,time1,TIME1,0.9621233200584447,3
0.0008774680422191667,False,53,time0,0.857601164758755,1,time0,TIME0,0.9071336432784141,2
7.067426731526802e-05,False,53,time0,0.8386353753992861,2,time0,TIME0,0.8950882580159756,5
0.0001900543018387245,False,54,time1,0.9707782455323722,4,time1,TIME1,0.9809393405903983,3
0.00025888161905380066,False,54,time0,0.9394792877327393,0,time0,TIME0,0.9605709284596117,6
8.704836276018029e-05,False,54,goleiro_time0,0.9141432465691043,5,goleiro0,GOL-TIME0,0.9441626433429517,0
0.0004999174662695319,False,54,time0,0.9029906828638556,3,time0,TIME0,0.9367689727483118,4
0.0009532146210011634,False,54,time0,0.7983915119768873,2,time0,TIME0,0.8686208576676264,5
0.0009703904718494706,False,54,time0,0.782934687038582,1,time0,TIME0,0.858567909909931,2
0.0002296416859272688,False,55,time0,0.9649343126679009,2,time0,TIME0,0.9771269286440609,5
0.00019018606649534394,False,55,goleiro_time0,0.9644455679831949,5,goleiro0,GOL-TIME0,0.9768230540658034,0
0.0002953558110532306,False,55,time1,0.9523114632677706,4,time1,TIME1,0.9688990765901824,3
0.0001676391285507013,False,55,time0,0.9300568600349983,3,time0,TIME0,0.9544782853277562,4
0.0009495498158168818,False,55,time0,0.8950562179322302,0,time0,TIME0,0.9314541992204137,6
0.0007388585230582833,False,55,time0,0.864154612644393,1,time0,TIME0,0.911441897735785,2
9.004860556163225e-05,False,56,time0,0.9791194991430829,0,time0,TIME0,0.9863961574310574,6
0.0003209949632506175,False,56,time1,0.9542004569214942,4,time1,TIME1,0.9701179487618334,3
0.0006011452927369402,False,56,time0,0.8790034804768104,2,time0,TIME0,0.9211418614574688,5
0.0005562374017282659,False,56,time0,0.833647302046365,1,time0,TIME0,0.8916760632395323,2
0.0013515560845251547,False,56,time0,0.7805649305233714,3,time0,TIME0,0.8568941602106075,4
0.0002145904054090835,False,57,time1,0.9733293560058478,4,time1,TIME1,0.9825889747619079,3
0.0006599350323262756,False,57,time0,0.9565337753809494,3,time0,TIME0,0.9715159767363029,4
0.0003199961189184,False,57,time0,0.9378250262061286,2,time0,TIME0,0.9594742683923623,5
0.0006181423627016487,False,57,goleiro_time0,0.8953880994016835,5,goleiro0,GOL-TIME0,0.9317859147841487,0
0.00021229096058810888,False,57,time0,0.8878713660923128,0,time0,TIME0,0.9270420861237975,6
0.001248782747036761,False,57,time0,0.8659561995812365,1,time0,TIME0,0.9124344557663409,2
9.310318273491573e-05,False,58,time1,0.9865254090845254,4,time1,TIME1,0.9912089297909843,3
0.0001049970579006336,False,58,time0,0.9769039845179806,0,time0,TIME0,0.984950840966422,6
0.0005009664088204083,False,58,time0,0.9423181101470184,1,time0,TIME0,0.9623314333524748,2
0.0007280477586968765,False,58,time0,0.9282222138874657,3,time0,TIME0,0.9530896223113088,4
0.0005378003948114621,False,58,goleiro_time0,0.9016629770596309,5,goleiro0,GOL-TIME0,0.9358927049505761,0
0.00026931569554326627,False,58,time0,0.8785428433049036,2,time0,TIME0,0.9209585876547473,5
8.388157826019432e-05,False,59,time0,0.9753884736941969,1,time0,TIME0,0.983973149348837,2
0.00031471985062780976,False,59,time0,0.9691581487188362,3,time0,TIME0,0.9798426447195239,4
0.0001855410103936686,False,59,time1,0.9315510510385231,4,time1,TIME1,0.9554432438214022,3
0.00022077978032097127,False,59,goleiro_time0,0.9270856900527299,5,goleiro0,GOL-TIME0,0.9525284256111621,0
0.00042157572366244674,False,59,time0,0.9232720533227624,0,time0,TIME0,0.9499792831565137,6
0.0006529206221931831,False,59,time0,0.8588488191757042,2,time0,TIME0,0.9080232102464402,5
0.0001790292058831111,False,60,time0,0.9785626329830555,0,time0,TIME0,0.9860030512169269,6
0.0001983996504198226,False,60,time1,0.965270025755395,4,time1,TIME1,0.9773560768633598,3
0.0003673385550582145,False,60,time0,0.962596140810054,3,time0,TIME0,0.9755589230322648,4
0.0003399945668214135,False,60,goleiro_time0,0.9409944790796759,5,goleiro0,GOL-TIME0,0.9615274133034017,0
0.0004333847489337778,False,60,time0,0.878816054082948,1,time0,TIME0,0.9210787504917894,2
0.0002472241821139659,False,60,time0,0.8662758765638024,2,time0,TIME0,0.9129927913027317,5
0.0002748133599110486,False,61,time0,0.9542666523853788,2,time0,TIME0,0.9701771393745273,5
0.00045508922508697856,False,61,time0,0.943455640933226,0,time0,TIME0,0.9630868853778165,6
0.0005461132493074453,False,61,time1,0.9119002994285755,4,time1,TIME1,0.9425440549913165,3
0.0002853230022705824,False,61,time0,0.9017753214883115,1,time0,TIME0,0.9360540959166078,2
0.0006144809565863798,False,61,goleiro_time0,0.890006616904776,5,goleiro0,GOL-TIME0,0.9282892326532992,0
0.0010211421234767532,False,61,time0,0.8642808534522094,3,time0,TIME0,0.9114251550007193,4
8.409876355040043e-05,False,62,time0,0.9626629797056003,2,time0,TIME0,0.9757015022413975,5
0.00023025856622071924,False,62,time0,0.962563249711472,3,time0,TIME0,0.9755855218142795,4
0.00036072767022255246,False,62,time0,0.9553592180651098,0,time0,TIME0,0.9708572370577435,6
0.0004569087416562947,False,62,time1,0.9442857347382403,4,time1,TIME1,0.9636258095202764,3
0.0002895017263966505,False,62,goleiro_time0,0.9315679808582943,5,goleiro0,GOL-TIME0,0.9554178619536525,0
0.00015593419342634063,False,62,time0,0.866258785520335,1,time0,TIME0,0.9130136336205186,2
0.0001963780668075513,False,63,goleiro_time0,0.9624996468074695,5,goleiro0,GOL-TIME0,0.9755560381014725,0
0.0004813437863389895,False,63,time1,0.9249195598324738,4,time1,TIME1,0.9510292435658894,3
0.0007902258627682433,False,63,time0,0.920306356382623,3,time0,TIME0,0.9479225525967361,4
0.00014456655248603403,False,63,time0,0.7853687279385935,1,time0,TIME0,0.8604390748667157,2
0.00378478278274738,False,63,time0,0.5743540609134278,2,time0,TIME0,0.7220054656197665,5
0.02611151422288762,False,63,time0,0.0,0,time0,TIME0,0.34086097002198934,-1
5.768138308774826e-05,False,64,goleiro_time0,0.9845657159042392,5,goleiro0,GOL-TIME0,0.9899475268536748,0
0.00011128184138210649,False,64,time0,0.9820306094018775,3,time0,TIME0,0.9882809474667367,4
0.00023113605871594235,False,64,time1,0.9567621558534681,4,time1,TIME1,0.9718145036842036,3
0.0005419952518322477,False,64,time0,0.8750044256977761,1,time0,TIME0,0.9185631783654132,2
0.00382209177594988,False,64,time0,0.6095058780115913,2,time0,TIME0,0.7448410885859519,5
0.051088571406421555,False,64,time1,0.0,0,time1,TIME1,0.33211900000775246,1
0.00024753065638122475,False,65,goleiro_time0,0.9549438580906248,5,goleiro0,GOL-TIME0,0.9706268720291726,0
0.00048036576764602207,False,65,time0,0.9351007739525853,3,time0,TIME0,0.9576473750505043,4
0.0005506004769957052,False,65,time0,0.9317725815010962,1,time0,TIME0,0.955459467808764,2
0.0008523075245979184,False,65,time1,0.8716822023598543,4,time1,TIME1,0.916295123900296,3
0.0011389174296164602,False,65,time1,0.8237778748821756,0,time1,TIME1,0.8850569975730485,1
0.0033369324078130857,False,65,time0,0.5897491099950054,2,time0,TIME0,0.7321689951540189,5
9.081930641100535e-05,False,66,goleiro_time0,0.9730594367835141,5,goleiro0,GOL-TIME0,0.9824568471520403,0
0.00027990676336198735,False,66,time1,0.9552860113269009,4,time1,TIME1,0.9708379399953089,3
0.00022441952371283014,False,66,time0,0.9235603727633439,3,time0,TIME0,0.9502356954628741,4
0.0005197516427477177,False,66,time0,0.8926109657366401,1,time0,TIME0,0.9300152146538543,2
0.0009316636102772721,False,66,time1,0.8724697075192467,0,time1,TIME1,0.9167792276239133,1
0.061484993516687056,False,66,time0,0.0,2,time0,TIME0,0.3284802522691595,-1
0.0004013275710179255,False,67,time1,0.930275952605081,4,time1,TIME1,0.9545389045434464,3
0.000595999660307663,False,67,time0,0.902688249266472,1,time0,TIME0,0.9365387621420991,2
0.00024263155792012236,False,67,time0,0.8941374053570557,3,time0,TIME0,0.9311043924368142,4
0.0007940083670586399,False,67,time1,0.8725052023164085,0,time1,TIME1,0.916850478577195,1
0.0007726078285540317,False,67,goleiro_time0,0.864120333709975,5,goleiro0,GOL-TIME0,0.9114078041714899,0
0.0017178561986337711,False,67,time0,0.8187533031791021,2,time0,TIME0,0.8815883973968945,-1
0.0004766613404781733,False,68,goleiro_time0,0.9189668280599437,5,goleiro0,GOL-TIME0,0.9471616067697961,0
0.0006750460755802382,False,68,time0,0.917049596242928,1,time0,TIME0,0.9458459714314502,2
0.0007795823630416904,False,68,time0,0.8783568464504165,3,time0,TIME0,0.9206590963657062,4
0.0004809878987401117,False,68,time0,0.8747376480568172,2,time0,TIME0,0.9184111254723721,-1
0.0010532809805136596,False,68,time1,0.8655450618819164,0,time1,TIME1,0.9122356418800659,1
0.004742175722015625,False,68,time1,0.6912190542441585,4,time1,TIME1,0.7976326237559976,3
6.455097766118326e-05,False,69,time0,0.9835111947139975,3,time0,TIME0,0.989259683721917,4
0.00011355638929087166,False,69,goleiro_time0,0.866177329583949,5,goleiro0,GOL-TIME0,0.912975519493315,0
0.0006219262874984983,False,69,time0,0.8633612041920166,1,time0,TIME0,0.9109671085241863,2
0.001147547513642847,False,69,time1,0.84992490921167,0,time1,TIME1,0.9020495493578105,1
0.002344637422062392,False,69,time1,0.8422639073544379,4,time1,TIME1,0.8966509166826628,3
0.0012409685410381933,False,69,time0,0.8125044406506164,2,time0,TIME0,0.8776935474335374,-1
0.0002712043349712383,False,70,time0,0.9288183249918469,1,time0,TIME0,0.9536369897274606,2
0.0006518327171795929,False,70,time0,0.9064803058984198,3,time0,TIME0,0.93898405738296,4
0.0005300325582021139,False,70,goleiro_time0,0.8979750042555686,5,goleiro0,GOL-TIME0,0.9334982413707489,0
0.0007548948740693283,False,70,time1,0.8752589645687224,4,time1,TIME1,0.9186541137637454,3
0.0015808254201984016,False,70,time1,0.8339180982795895,0,time1,TIME1,0.8914934749846637,1
0.000894831602848778,False,70,time0,0.8172264083359718,2,time0,TIME0,0.8808839743573846,-1
0.0006440131335494528,False,71,time0,0.9483734344427254,3,time0,TIME0,0.9662173277910291,4
0.00039515600316907494,False,71,time1,0.9124859894256527,4,time1,TIME1,0.9429775885255651,3
0.0006076123005618513,False,71,time0,0.8613834762246381,2,time0,TIME0,0.9096865952408181,-1
0.0007827456279832769,False,71,time0,0.8577295188930032,1,time0,TIME0,0.9072502263106579,2
0.002092531212930948,False,71,time1,0.7754975817441975,0,time1,TIME1,0.8533410422092025,1
0.0003279589200384378,False,72,time0,0.974852414150952,3,time0,TIME0,0.9835392835761054,4
0.0003695586290811215,False,72,time1,0.9323382356083346,4,time1,TIME1,0.9558905076252391,3
0.0005804124937300412,False,72,time0,0.8504850536698307,1,time0,TIME0,0.9026121405125844,2
0.0008823073018459317,False,72,time0,0.7927996043136118,2,time0,TIME0,0.8650109352482016,7
0.002745405516467285,False,72,time1,0.6977795051127057,0,time1,TIME1,0.8025957863924952,1
0.0004187426757388354,False,73,time1,0.88888978803874,4,time1,TIME1,0.9276318022886724,3
0.0007166887803093153,False,73,time0,0.8513202011771199,1,time0,TIME0,0.9031072896920197,2
0.001068437987297855,False,73,time0,0.824801889470846,3,time0,TIME0,0.8857472748604956,4
0.0008215215984928544,False,73,time0,0.8042641399359504,2,time0,TIME0,0.8724841583988951,7
0.0022080068205878136,False,73,time1,0.7092232873840775,0,time1,TIME1,0.8102223344124446,1
0.00014621677512556325,False,74,time1,0.9846627653426029,4,time1,TIME1,0.9899796216013979,3
0.0007691902422249649,False,74,time0,0.8701599588874612,3,time0,TIME0,0.9153347566920711,4
0.0006507485663616286,False,74,time0,0.84782195326899,2,time0,TIME0,0.9008565076266171,7
0.0013225085539244595,False,74,time0,0.7774978551887043,1,time0,TIME0,0.8549107278787842,2
0.002034753330527588,False,74,time1,0.695732649485787,0,time1,TIME1,0.8015140585000768,1
0.0001468202747555491,False,75,time1,0.9699081141324908,4,time1,TIME1,0.9803888870899546,3
0.0005264015915108403,False,75,time0,0.9324871609726377,3,time0,TIME0,0.9559324140751857,4
0.0006589084120196624,False,75,time0,0.8657335747522349,2,time0,TIME0,0.9124962056447458,7
0.001548521581483441,False,75,time0,0.7646927283519874,1,time0,TIME0,0.8465082908752726,2
0.0007554109745031678,False,75,time1,0.6859630598676879,0,time1,TIME1,0.795611595072921,1
0.0022487950399529702,False,75,goleiro_time0,0.6392627638767249,5,goleiro0,GOL-TIME0,0.7647337182558875,0
0.0003208661283885576,False,76,time0,0.9259835654001972,3,time0,TIME0,0.9517770143651922,4
0.000752061065160117,False,76,time0,0.8476643114481343,2,time0,TIME0,0.9007185810684812,7
0.0009281069665129202,False,76,goleiro_time0,0.8364201449559915,5,goleiro0,GOL-TIME0,0.893348256783115,0
0.001473539945426445,False,76,time1,0.8282448292542889,0,time1,TIME1,0.8878434000343884,1
0.0014857266732171838,False,76,time0,0.7863755626631722,1,time0,TIME0,0.8606241113954359,2
0.008110872683415222,False,76,time1,0.6716387727608878,4,time1,TIME1,0.7837263968553817,3
0.00044711358867648946,False,77,time0,0.9379258977762072,3,time0,TIME0,0.9594953437984979,4
0.0005124215757877946,False,77,goleiro_time0,0.9046905846180462,5,goleiro0,GOL-TIME0,0.9378695324502043,0
0.000675940284392472,False,77,time0,0.8457098701805663,2,time0,TIME0,0.8994748365178308,7
0.0011832703084609542,False,77,time0,0.8242552027646217,1,time0,TIME0,0.8853517371890427,2
0.00264868708773528,False,77,time1,0.7271688750944064,0,time1,TIME1,0.8217327283306568,1
0.008161855877594363,False,77,time1,0.6008620715204366,4,time1,TIME1,0.7377036969311257,3
0.0006157230880148793,False,78,time0,0.9170496558692476,3,time0,TIME0,0.9458667732342058,4
0.0008878807603794623,False,78,time0,0.8662947070530482,1,time0,TIME0,0.9127808013183485,2
0.000899169017838608,False,78,goleiro_time0,0.8452725054084668,5,goleiro0,GOL-TIME0,0.8991124193592599,0
0.006244407158246768,False,78,time1,0.706182444041733,4,time1,TIME1,0.8068330461217401,3
0.002656761855203247,False,78,time0,0.6788345950544497,2,time0,TIME0,0.7903126201360711,7
0.0027463322954631936,False,78,time1,0.6745115491719424,0,time1,TIME1,0.7874712906583505,1
0.0001556494072486784,False,79,goleiro_time0,0.9449140967973957,5,goleiro0,GOL-TIME0,0.9641396856257701,0
0.0007478324711110701,False,79,time0,0.9013149597687599,3,time0,TIME0,0.935592982484805,4
0.0006994230316954754,False,79,time1,0.9001077654599166,4,time1,TIME1,0.9348252494878524,3
0.0009900635730423482,False,79,time0,0.8693312728402913,1,time0,TIME0,0.9147188050956245,2
0.002745185540896546,False,79,time0,0.759594840760232,2,time0,TIME0,0.842775831554837,7
0.004880335803081218,False,79,time1,0.5373771704844177,0,time1,TIME1,0.6975870432837931,1
0.0004130900493367305,False,80,time1,0.9275891744783961,4,time1,TIME1,0.9527883818936895,3
0.000465688841310605,False,80,time0,0.8903727267864481,2,time0,TIME0,0.9285792813167325,7
0.0010062383727001982,False,80,goleiro_time0,0.8337461147613655,5,goleiro0,GOL-TIME0,0.8915827911644425,0
0.0012381231651478637,False,80,time0,0.8290658271025878,1,time0,TIME0,0.8884594445088804,2
0.0012552958705890247,False,80,time1,0.802157204775968,0,time1,TIME1,0.8709628295496731,1
0.10737731984890696,False,80,time0,0.0,3,time0,TIME0,0.31241793805288254,6
0.00032454452984889047,False,81,goleiro_time0,0.927450908548948,5,goleiro0,GOL-TIME0,0.9527294999713691,0
0.00039218706858351143,False,81,time0,0.9190134232396968,1,time0,TIME0,0.9472214596317987,2
0.0005400568185798568,False,81,time1,0.902483832225795,4,time1,TIME1,0.9364254710602637,3
0.000903948717659089,False,81,time0,0.8346597207566983,3,time0,TIME0,0.8922124364406732,6
0.0012629081617417572,False,81,time0,0.744549238919789,2,time0,TIME0,0.8335149874412532,7
0.0022739329309357154,False,81,time1,0.702100551711565,0,time1,TIME1,0.8055694820866899,1
0.000780048441355431,False,82,goleiro_time0,0.8654438867645723,5,goleiro0,GOL-TIME0,0.9122655094424976,0
0.0006770922643935724,False,82,time0,0.8652223250865714,2,time0,TIME0,0.9121575290137336,7
0.0014690043697864058,False,82,time0,0.8283997183872086,3,time0,TIME0,0.8879456654222604,6
0.005916142727856164,False,82,time1,0.7262360497957068,4,time1,TIME1,0.8199827824124597,3
0.0010012112003626359,False,82,time0,0.7235271237097225,1,time0,TIME0,0.8199422064911928,2
0.0023766521877141445,False,82,time1,0.6684383601067879,0,time1,TIME1,0.7836531058037122,1
0.00038853202938109497,False,83,time1,0.9247206721376653,4,time1,TIME1,0.950932450679199,3
0.0004648029018752232,False,83,time0,0.8921901212106118,2,time0,TIME0,0.9297608977712414,7
0.0006959006322831182,False,83,time0,0.8611912350946992,1,time0,TIME0,0.9095307375902554,2
0.0016281877434285597,False,83,time0,0.858949518767384,3,time0,TIME0,0.9077473214885996,6
0.0009600573020505492,False,83,goleiro_time0,0.8388160215887829,5,goleiro0,GOL-TIME0,0.8948943939769911,0
0.002145704219272306,False,83,time1,0.7102655654229614,0,time1,TIME1,0.8109216210481796,1
9.505567519626448e-05,False,84,goleiro_time0,0.9833273824304656,5,goleiro0,GOL-TIME0,0.9891295290934838,0
0.0001555310866709902,False,84,time1,0.9560576929740956,4,time1,TIME1,0.9713830645528273,3
0.0005344874186361923,False,84,time0,0.9447666336154563,3,time0,TIME0,0.9639112412535239,6
0.0005446330308509295,False,84,time0,0.8817915590957489,2,time0,TIME0,0.922973891851439,7
0.0002921368926981061,False,84,time1,0.790751861199392,0,time1,TIME1,0.8638864618671604,1
0.0011881121047063856,False,84,time0,0.7354972182971447,1,time0,TIME0,0.8276573526564968,2
0.00010529176225728096,False,85,time0,0.9040740131008772,3,time0,TIME0,0.9376112563987802,6
0.0005690126250495796,False,85,time0,0.8966765346068446,2,time0,TIME0,0.9326405930756816,7
0.0007270592384026307,False,85,time1,0.8951637320570239,4,time1,TIME1,0.9316019551036245,3
0.0016183700145426245,False,85,goleiro_time0,0.7339106963228224,5,goleiro0,GOL-TIME0,0.8264755231047447,0
0.005985451266998418,False,85,time0,0.4801244005311119,1,time0,TIME0,0.6599859524017733,2
0.0053636976217663465,False,85,time1,0.4696486183035999,0,time1,TIME1,0.6533943077297217,1
0.00044773947396620515,False,86,time0,0.9166084883784591,2,time0,TIME0,0.9456388086301102,7
0.0006161783096007284,False,86,time1,0.9108365265959856,4,time1,TIME1,0.9418280798790304,3
0.0004240602655474991,False,86,time0,0.8948102976419154,3,time0,TIME0,0.9314782723743034,6
0.0009560941905111142,False,86,time1,0.8863165937488292,0,time1,TIME1,0.9257711529700601,1
0.0010222407837534885,False,86,time0,0.8441297217910748,1,time0,TIME0,0.898326534889885,2
0.001732911131882836,False,86,goleiro_time0,0.7116820053502423,5,goleiro0,GOL-TIME0,0.8119867845814985,0
0.0001271366719613931,False,87,goleiro_time0,0.9536194746471409,5,goleiro0,GOL-TIME0,0.9698081606854552,0
0.0002720518700000127,False,87,time0,0.9050797079240209,3,time0,TIME0,0.9382065919961137,6
0.0007022940781667075,False,87,time0,0.8969652679895641,2,time0,TIME0,0.9327816212658584,7
0.0011701064751599678,False,87,time1,0.8400685887456366,0,time1,TIME1,0.8956350454183578,1
0.000632648016544719,False,87,time0,0.7799341230344028,1,time0,TIME0,0.8567357531665711,2
0.006040768223436509,False,87,time1,0.5568638553649535,4,time1,TIME1,0.709847237109017,3
0.00031816455341041907,False,88,goleiro_time0,0.9382877801453225,5,goleiro0,GOL-TIME0,0.959775699500766,0
0.000492968297968536,False,88,time1,0.904686139651513,4,time1,TIME1,0.9378734518691945,3
0.0004101197449770872,False,88,time0,0.8966514321420618,2,time0,TIME0,0.9326798889815981,7
0.0003957353161400779,False,88,time0,0.8874636984055837,1,time0,TIME0,0.9267128966029804,2
0.0012989449899507488,False,88,time0,0.8513614325230758,3,time0,TIME0,0.9029303003935165,6
0.0011734116892821189,False,88,time1,0.831897689444797,0,time1,TIME1,0.8903228040478693,1
0.00020294671694241992,False,89,goleiro_time0,0.9515647823457697,5,goleiro0,GOL-TIME0,0.9684460771738204,0
0.0004800213962958891,False,89,time1,0.9277260769709684,4,time1,TIME1,0.9528539425424258,3
0.0003646901729735077,False,89,time0,0.9220108693437102,2,time0,TIME0,0.949179423512871,7
0.0005057332226180647,False,89,time0,0.7481530713273005,3,time0,TIME0,0.8361224897348289,6
0.004356468445815102,False,89,time0,0.6713055925674518,0,time0,TIME0,0.7848238712128084,2
0.0933406121191765,False,89,time0,0.0,1,time0,TIME0,0.3173307857582882,4
3.0200544273901992e-05,False,90,goleiro_time0,0.9691937506499537,5,goleiro0,GOL-TIME0,0.9799653677319741,0
0.00015307409246465348,False,90,time0,0.9631459743107377,0,time0,TIME0,0.9759913073696168,2
0.0002720904012375534,False,90,time1,0.9587485280280257,4,time1,TIME1,0.9730913115777836,3
0.00074742681505396,False,90,time0,0.8620987500500813,2,time0,TIME0,0.910102588147284,7
0.005367375921761933,False,90,time0,0.5904838599608643,3,time0,TIME0,0.7319359274019451,6
0.09114710988705192,False,90,time1,0.0,1,time1,TIME1,0.31809851153953184,1
0.00019755332028491464,False,91,goleiro_time0,0.9483283494533452,5,goleiro0,GOL-TIME0,0.9663442834825746,0
0.0002992318404738526,False,91,time1,0.9431912283809409,4,time1,TIME1,0.9629695673034457,3
0.0006552512166913796,False,91,time0,0.8059557561329752,2,time0,TIME0,0.8736419035605919,7
0.00499126234028674,False,91,time0,0.5897662700717018,3,time0,TIME0,0.7316011337275057,6
0.009215883029854892,False,91,time1,0.43382001603804043,1,time1,TIME1,0.6287574513642771,1
0.1261999881798458,False,91,time0,0.0,0,time0,TIME0,0.30583000413705397,5
0.00018342645970727847,False,92,goleiro_time0,0.9619467478816364,5,goleiro0,GOL-TIME0,0.9752011868621662,0
0.0002700756411294944,False,92,time1,0.9557821196166718,4,time1,TIME1,0.9711638512764413,3
0.00011637245455251235,False,92,time0,0.941826335017639,3,time0,TIME0,0.9621463874023719,6
0.0008250144209315628,False,92,time0,0.914127028933664,0,time0,TIME0,0.9438938137595556,5
0.00047427047592046623,False,92,time0,0.8668230062935984,2,time0,TIME0,0.9132689594242669,7
0.0013836749530069707,False,92,time1,0.8223261101123832,1,time1,TIME1,0.8840276853394966,1
0.0001872359155710042,False,93,goleiro_time0,0.9604028063007681,5,goleiro0,GOL-TIME0,0.9741962915250495,0
0.00035633115201779835,False,93,time1,0.9523772732331869,4,time1,TIME1,0.9689205116983652,3
0.0006529520255322715,False,93,time0,0.9007006982105954,0,time0,TIME0,0.9352269206279507,5
0.0004154368020958311,False,93,time0,0.8894234466398443,2,time0,TIME0,0.9279798374351653,7
0.00017456206821468798,False,93,time0,0.8823623717724499,3,time0,TIME0,0.9234744449282173,6
0.011468544079584753,False,93,time0,0.18803597287042323,1,time0,TIME0,0.46820939193792044,2
0.0005733246231203736,False,94,time0,0.8941801738321601,1,time0,TIME0,0.9310164493728119,2
0.00029044517097719666,False,94,time0,0.8919314730018688,0,time0,TIME0,0.9296538016413727,5
0.0008078478541075743,False,94,time1,0.8772520804226098,4,time1,TIME1,0.9199311055257589,3
0.0003340286933802109,False,94,time0,0.8659870453027585,3,time0,TIME0,0.9127746694041099,6
0.0008242484128267223,False,94,goleiro_time0,0.8513108029862221,5,goleiro0,GOL-TIME0,0.903063534996555,0
0.000844380337603955,False,94,time0,0.7974712677964845,2,time0,TIME0,0.8680607909495535,7
0.0002853553948909507,False,95,time1,0.9431162964804496,4,time1,TIME1,0.9629257183240805,3
0.00034295733742361803,False,95,time0,0.9179743810385114,0,time0,TIME0,0.9465633126069342,5
0.0006009232878712682,False,95,time0,0.8934502182036904,3,time0,TIME0,0.9305323186816438,6
0.000783688996465263,False,95,time0,0.8101142526539957,2,time0,TIME0,0.8762999730763343,7
0.0017302980087975902,False,95,goleiro_time0,0.72708478085386,5,goleiro0,GOL-TIME0,0.8219995032519298,0
0.0037249165529284526,False,95,time0,0.5747648610032766,1,time0,TIME0,0.7222934388586049,2
3.430624549011483e-05,False,96,time0,0.9692728024102011,0,time0,TIME0,0.9800153143807092,5
0.00012563337027501428,False,96,goleiro_time0,0.9330713375880941,5,goleiro0,GOL-TIME0,0.9564523977526649,0
0.00044961104195055315,False,96,time1,0.9304060586204144,4,time1,TIME1,0.9546065742385866,3
0.0008785655863836888,False,96,time0,0.8878709096200501,3,time0,TIME0,0.9268085932977983,6
0.0006394634035772559,False,96,time0,0.8507498576145733,2,time0,TIME0,0.9027635952582207,7
0.002985907202524273,False,96,time0,0.5864383722876145,1,time0,TIME0,0.730139874466066,2
8.256587854882624e-05,False,97,time0,0.9675976397286956,0,time0,TIME0,0.9789095677661601,5
0.00032978495571772627,False,97,time1,0.9400929978240319,4,time1,TIME1,0.9609450238511195,3
0.0003372733584147981,False,97,goleiro_time0,0.939837613022115,5,goleiro0,GOL-TIME0,0.9607764027889296,0
0.0002693536687247003,False,97,time0,0.933075123567237,3,time0,TIME0,0.9564045565346504,6
0.0005243812254755289,False,97,time0,0.902364698577618,1,time0,TIME0,0.9363535206465353,2
0.0004045778419797651,False,97,time0,0.8567101466605809,2,time0,TIME0,0.9067199930846848,7
0.0001592771904835258,False,98,time0,0.9442943739907341,0,time0,TIME0,0.963735596077308,5
0.0006390974202360863,False,98,time1,0.9131356826377347,4,time1,TIME1,0.9433145096174449,3
0.0004979031881190196,False,98,time0,0.8763427490263802,2,time0,TIME0,0.9194485207513055,7
0.0012167930431774313,False,98,time0,0.8612670525881077,3,time0,TIME0,0.9093977066171579,6
0.002996366797397521,False,98,time0,0.6850450819284918,1,time0,TIME0,0.7942305748744305,-1
0.00020174291382196773,False,99,time0,0.9387332734292306,0,time0,TIME0,0.9601060177091623,5
0.0007364870382671866,False,99,time0,0.8969021948445204,3,time0,TIME0,0.9327286561855448,6
0.0007746671063196838,False,99,time1,0.8576632262740906,4,time1,TIME1,0.9072099635909471,3
0.0007082934857066782,False,99,time0,0.8364551261919697,2,time0,TIME0,0.893447929304783,7
0.004703819612627689,False,99,time0,0.39003594719652623,1,time0,TIME0,0.6018770288133224,2
0.00037637112436837873,False,100,time1,0.9376454256481819,4,time1,TIME1,0.9593377967777893,3
0.0004901799452658244,False,100,time0,0.9190072928337385,3,time0,TIME0,0.947183177361087,6
0.0004145081460021093,False,100,time0,0.9011120439133259,2,time0,TIME0,0.9355777506925611,7
0.0008025358194937896,False,100,time0,0.9003058517281989,1,time0,TIME0,0.9349179160865064,2
0.0006468096541642698,False,100,goleiro_time0,0.887555182502136,5,goleiro0,GOL-TIME0,0.9266844852474309,0
0.0007370259682690226,False,100,time0,0.8041597585757441,0,time0,TIME0,0.8724458839853395,5
0.00013310791035107492,False,101,goleiro_time0,0.9736391635851734,5,goleiro0,GOL-TIME0,0.9828188685617398,0
0.00013064754244191206,False,101,time0,0.9581106916007467,1,time0,TIME0,0.9727262229006306,2
0.0002849243726471779,False,101,time1,0.9033018705574203,4,time1,TIME1,0.9370464923318966,3
0.0004850284278812413,False,101,time0,0.8846940247026535,2,time0,TIME0,0.9248813561069663,7
0.0007100669880133882,False,101,time0,0.766240753008486,0,time0,TIME0,0.8478079660097113,5
0.0021607449474568396,False,101,time0,0.6899428948514567,3,time0,TIME0,0.7977066209218369,6
0.0005305320184175027,False,102,time0,0.9439738821982965,1,time0,TIME0,0.9633973372224466,2
0.0005060638454950264,False,102,time0,0.9306493586797033,0,time0,TIME0,0.9547449607958839,5
0.0003164045712812003,False,102,time0,0.9210945110287834,3,time0,TIME0,0.9486006905687607,6
0.00042321432858848443,False,102,time0,0.9082795844274241,2,time0,TIME0,0.9402336048628197,7
0.19388800706664655,False,102,time0,0.0,4,time0,TIME0,0.2821391975266737,4
0.0002377777381022129,False,103,goleiro_time0,0.9761128389136144,5,goleiro0,GOL-TIME0,0.9843901230855135,0
0.0005535974919499044,False,103,time0,0.9256329815493892,1,time0,TIME0,0.9514676788849206,2
0.0005286948469822693,False,103,time0,0.9135476230558525,0,time0,TIME0,0.9436209117898604,5
0.00077334512213557,False,103,time0,0.8316874488590835,3,time0,TIME0,0.8903261709656568,6
0.0007000523160542039,False,103,time0,0.8273212975510226,2,time0,TIME0,0.8875138250975457,7
0.19403281755306662,False,103,time1,0.0,4,time1,TIME1,0.2820885138564267,3
0.000100656865313364,False,104,goleiro_time0,0.9780733330447403,5,goleiro0,GOL-TIME0,0.9857124365762215,0
0.0003875972854025741,False,104,time0,0.9276044439179401,0,time0,TIME0,0.95280722949677,5
0.0004382158406484375,False,104,time0,0.9045777187676851,3,time0,TIME0,0.9378221416547683,6
0.0004609658602835018,False,104,time0,0.9009721712471181,2,time0,TIME0,0.9354705732595276,7
2.305854063650949e-05,False,105,goleiro_time0,0.9899231231131613,5,goleiro0,GOL-TIME0,0.993441959534332,0
0.00015380695964661915,False,105,time0,0.9567638309514027,0,time0,TIME0,0.9718426576825354,5
0.0007508509458591859,False,105,time0,0.8427580228115678,2,time0,TIME0,0.8975299169964683,7
0.0014170022666213982,False,105,time0,0.8207932990420024,3,time0,TIME0,0.883019693583984,6
0.0010332915122407246,False,105,time1,0.8113726517647842,4,time1,TIME1,0.8770305716178255,3
0.0001876157995824649,False,106,time0,0.9452746877440104,0,time0,TIME0,0.9643628815037528,5
0.0003202526978964933,False,106,time1,0.9344584744090627,4,time1,TIME1,0.957285919921627,3
0.00043318435605914243,False,106,goleiro_time0,0.9243328739430051,5,goleiro0,GOL-TIME0,0.9506647535383326,0
0.0005640782422228294,False,106,time0,0.921215326833399,3,time0,TIME0,0.9485925350569313,6
0.0005654930159177553,False,106,time0,0.8750745312495095,2,time0,TIME0,0.9186005227566099,7
6.857021823015625e-05,False,107,goleiro_time0,0.9873914414230637,5,goleiro0,GOL-TIME0,0.9917804373486109,0
0.0002501941567131826,False,107,time0,0.9404541313459284,0,time0,TIME0,0.9612076174200038,5
0.0009254752753790374,False,107,time0,0.8835095955029274,3,time0,TIME0,0.9239573207305202,6
0.0009694137721982096,False,107,time0,0.8032105340848456,2,time0,TIME0,0.8717475523348803,7
0.0029974027524608264,False,107,time0,0.7230144360659577,1,time0,TIME0,0.8189102924795112,2
0.19286512553301796,False,107,time0,0.0,4,time0,TIME0,0.2824972060634437,4
0.0001643183903223127,False,108,goleiro_time0,0.9699329746633184,5,goleiro0,GOL-TIME0,0.9803989220945442,0
0.0002526293867313627,False,108,time0,0.9485675024212706,0,time0,TIME0,0.96648045628847,5
0.000975400801039089,False,108,time0,0.876952062086076,3,time0,TIME0,0.9196774500755858,6
0.001348302211564809,False,108,time0,0.8575605602131728,1,time0,TIME0,0.9069424583645147,2
0.0009270426013205529,False,108,time0,0.8288946047007862,2,time0,TIME0,0.8884570281450488,7
0.0002984076169706212,False,109,goleiro_time0,0.9480005541809907,5,goleiro0,GOL-TIME0,0.9660959175517043,0
0.0004500773231937871,False,109,time0,0.943075888525938,3,time0,TIME0,0.9628418004787418,6
0.0007892249637749061,False,109,time0,0.921429200741023,0,time0,TIME0,0.9486527517443437,5
0.0011133646492846596,False,109,time0,0.872374210567463,1,time0,TIME0,0.9166535592416013,2
0.0009807343969115369,False,109,time0,0.8340627761847447,2,time0,TIME0,0.891797547481165,7
0.19065922674400657,False,109,time1,0.0,4,time1,TIME1,0.28326927063959767,3
5.681803224158962e-05,False,110,goleiro_time0,0.9882433612128274,5,goleiro0,GOL-TIME0,0.9923382984770532,0
0.00016371959611995277,False,110,time0,0.9349313301673058,0,time0,TIME0,0.9576480627501067,5
0.0006068935242965768,False,110,time1,0.8934378782863093,4,time1,TIME1,0.9305222081525972,3
0.0006578585055536929,False,110,time0,0.8859461453010289,2,time0,TIME0,0.9256347439687249,7
0.0015786998352208131,False,110,time0,0.8072713698014591,3,time0,TIME0,0.874173845428621,6
0.002897992869859161,False,110,time0,0.6851933820365377,1,time0,TIME0,0.7943614008192987,2
0.0003112024737204118,False,111,time0,0.9326410259591904,0,time0,TIME0,0.9561077460076716,5
0.00048082159802035094,False,111,time0,0.9246473534755132,2,time0,TIME0,0.9508524921997765,7
0.0008783095908278888,False,111,time1,0.8711176172531926,4,time1,TIME1,0.9159190428577854,3
0.00044812275704667867,False,111,time0,0.8650326749367585,3,time0,TIME0,0.9121143957439267,6
0.0013398832756762024,False,111,time0,0.802906078431055,1,time0,TIME0,0.871419991833699,2
0.00010802245127616163,False,112,time1,0.9634403497845235,4,time1,TIME1,0.9761984195019937,3
0.0005194934149674914,False,112,time0,0.915053535260677,0,time0,TIME0,0.9446029752242013,5
0.00077426413907836,False,112,time0,0.8880503789401324,2,time0,TIME0,0.9269617538624086,7
0.001536112645897537,False,112,time0,0.7779470540957932,1,time0,TIME0,0.8551279457362015,2
0.001524739056586458,False,112,time0,0.7106601449607624,3,time0,TIME0,0.8113954355546902,6
0.00023779526613719682,False,113,time0,0.9635179201790092,2,time0,TIME0,0.9762034197732079,7
0.000484143655290446,False,113,time0,0.9399001531272179,0,time0,TIME0,0.96076564925334,5
0.0005845571257012347,False,113,goleiro_time0,0.9009206817592901,5,goleiro0,GOL-TIME0,0.9353938481495432,0
0.0006945486145339958,False,113,time0,0.8921582801148836,1,time0,TIME0,0.9296597900595874,2
0.001760138384928615,False,113,time0,0.7868983799294362,3,time0,TIME0,0.8608678985194085,6
0.0481950046317408,False,113,time0,0.0,4,time0,TIME0,0.3331317483788907,-1
2.2769974897034508e-05,False,114,goleiro_time0,0.994814123388813,5,goleiro0,GOL-TIME0,0.9966212107115145,0
0.00010015852755173508,False,114,time0,0.9770511849125894,0,time0,TIME0,0.98504821470854,5
0.0003593172595117325,False,114,time0,0.9464049307856879,2,time0,TIME0,0.9650374439698679,7
0.00027199294434839525,False,114,time0,0.9154330988757601,3,time0,TIME0,0.9449363167387221,6
0.0016038803413971517,False,114,time0,0.7446113824939858,1,time0,TIME0,0.8334360405016018,2
0.04935348202935762,False,114,time1,0.0,4,time1,TIME1,0.3327262812897248,3
2.9118051770390863e-05,False,115,goleiro_time0,0.9925829155135105,5,goleiro0,GOL-TIME0,0.9951687037656622,0
0.00010420208161062428,False,115,time0,0.9530470812335845,0,time0,TIME0,0.9694441320732662,5
0.00017165894620042087,False,115,time0,0.895594365492328,3,time0,TIME0,0.932076256938843,6
0.00016564327893479934,False,115,time0,0.8931994525508579,2,time0,TIME0,0.9305216690104304,7
0.0028600986279979793,False,115,time0,0.6341680806402866,1,time0,TIME0,0.761208217896387,2
0.09746839931898994,False,115,time1,0.0,4,time1,TIME1,0.31588606023835347,1
2.8825427441049846e-05,False,116,goleiro_time0,0.9899188647360969,5,goleiro0,GOL-TIME0,0.9934371731788587,0
0.00015829964106501163,False,116,time0,0.9624728029074483,0,time0,TIME0,0.9755519170154685,5
0.0007592843912065635,False,116,time0,0.8913279115932747,2,time0,TIME0,0.9290973929987063,7
0.0013367844408487392,False,116,time1,0.8035505116196813,4,time1,TIME1,0.8718399579984959,1
0.0011484224441532173,False,116,time0,0.7769163043625058,1,time0,TIME0,0.8545936499801752,2
0.00454765440933941,False,116,time0,0.5832926997201624,3,time0,TIME0,0.7275485757748368,6
3.9134702292134916e-05,False,117,goleiro_time0,0.996002217802077,5,goleiro0,GOL-TIME0,0.9973877444255478,0
9.724957765608222e-05,False,117,time0,0.9724636423658025,0,time0,TIME0,0.982067330185592,5
0.0007921941266561495,False,117,time0,0.9062763764274717,3,time0,TIME0,0.938802376733527,6
0.0012095053377492349,False,117,time1,0.8732861111854188,4,time1,TIME1,0.91721264540231,1
0.000780680617459439,False,117,time0,0.8604976012067362,2,time0,TIME0,0.9090502025682677,7
0.005558520893528594,False,117,time0,0.434106576151401,1,time0,TIME0,0.6302237921856757,2
6.856123860007765e-05,False,118,time0,0.9831131715713687,0,time0,TIME0,0.9889995650878796,5
0.0007423889381856259,False,118,goleiro_time0,0.8716956323320642,5,goleiro0,GOL-TIME0,0.9163423248874767,0
0.000980447556072755,False,118,time0,0.7873470565023233,3,time0,TIME0,0.8614324300818846,6
0.0006964777130296949,False,118,time0,0.7255770027520911,2,time0,TIME0,0.8213812845892989,7
0.002707651498885975,False,118,time1,0.6069944472449821,4,time1,TIME1,0.7435987126846282,1
0.105821217531807,False,118,time0,0.0,1,time0,TIME0,0.31296257386386755,4
0.000191875822336787,False,119,goleiro_time0,0.9596417311260348,5,goleiro0,GOL-TIME0,0.9736999686941048,0
0.00023562047075748277,False,119,time0,0.9447295937828817,0,time0,TIME0,0.963991768794108,5
0.0009869666660450715,False,119,time0,0.9011567136835044,1,time0,TIME0,0.935406425561162,4
0.0009551336237545707,False,119,time0,0.8056772088381258,2,time0,TIME0,0.8733558889764677,7
0.0010225701383211171,False,119,time1,0.7889649048820792,4,time1,TIME1,0.8624692886249391,1
0.005772906568445122,False,119,time0,0.5240348958574317,3,time0,TIME0,0.6886021650083748,6
5.768555582545428e-05,False,120,goleiro_time0,0.9909103045679445,5,goleiro0,GOL-TIME0,0.9940715080246251,0
0.00018999154589292096,False,120,time0,0.9524496939909574,0,time0,TIME0,0.9690258040530597,5
0.0006040907128674674,False,120,time0,0.9412588152289914,1,time0,TIME0,0.9616067981493408,4
0.00035537697754029385,False,120,time0,0.9030542323104549,2,time0,TIME0,0.9368608690596565,7
0.0017428550829136048,False,120,time1,0.7876014668720034,4,time1,TIME1,0.8613309541877825,1
0.004082043645151354,False,120,time0,0.6161053494814357,3,time0,TIME0,0.7490397618871303,6
0.0004445474437689431,False,121,goleiro_time0,0.919666130356612,5,goleiro0,GOL-TIME0,0.9476273931264787,0
0.0002963175192881739,False,121,time0,0.9152044183212478,0,time0,TIME0,0.9447791607770601,5
0.00043688929055072447,False,121,time0,0.8946507012980021,2,time0,TIME0,0.9313700445920086,7
0.0014026901567825644,False,121,time0,0.7888767332363453,3,time0,TIME0,0.8622789350487505,6
0.0018325373373243607,False,121,time1,0.775576022740426,4,time1,TIME1,0.8534830267132134,1
0.1922545058173654,False,121,time1,0.0,1,time1,TIME1,0.2827109229639221,3
4.9622399729432145e-05,False,122,goleiro_time0,0.9906549450961357,5,goleiro0,GOL-TIME0,0.9939083464725829,0
0.0002818596046084027,False,122,time0,0.9356319423114398,0,time0,TIME0,0.958062111640823,5
0.0003544282060605485,False,122,time1,0.9288160611325023,1,time1,TIME1,0.9536063898640053,3
0.00035469001047309435,False,122,time0,0.9027921705118447,3,time0,TIME0,0.9366907693290335,6
0.0005716221461363192,False,122,time0,0.8508071577598052,2,time0,TIME0,0.9028245847927256,7
0.002684644773441884,False,122,time1,0.6899443398858296,4,time1,TIME1,0.7975241952550846,1
8.441709016837745e-05,False,123,goleiro_time0,0.973324762300425,5,goleiro0,GOL-TIME0,0.9826315495137173,0
0.0004540277009075175,False,123,time1,0.9346090128697833,1,time1,TIME1,0.9573369486700415,3
0.0002999462791212078,False,123,time0,0.9309916697121159,0,time0,TIME0,0.9550396041151828,5
0.0005781757541224969,False,123,time0,0.9135847678059474,3,time0,TIME0,0.9436277375599229,6
0.0013367032690514184,False,123,time1,0.8121270308300602,4,time1,TIME1,0.8774147238953711,1
0.0008265220856020477,False,123,time0,0.7972566701520041,2,time0,TIME0,0.8679275528688419,7
0.00026661825525355374,False,124,time0,0.9395545231459344,0,time0,TIME0,0.9606171236555185,5
0.000532779969879552,False,124,time1,0.9216086851452853,1,time1,TIME1,0.9488591723549776,3
0.0005259970008335701,False,124,time1,0.8975670180780381,4,time1,TIME1,0.933234462800433,1
0.0010979474868900514,False,124,time0,0.7671905557909459,2,time0,TIME0,0.8482895796437033,7
0.004793769328110617,False,124,time0,0.5082586630475383,3,time0,TIME0,0.6786903117160612,6
0.00031749869101052293,False,125,goleiro_time0,0.9406261911943612,5,goleiro0,GOL-TIME0,0.961295899734481,0
0.00015106826125429974,False,125,time0,0.9363922921449769,0,time0,TIME0,0.958602116002796,5
0.0006237430137872816,False,125,time1,0.9103027375910631,1,time1,TIME1,0.9414784693793654,3
0.0005275509841609011,False,125,time0,0.8881974955181409,2,time0,TIME0,0.9271437292423352,7
0.000883401903532801,False,125,time1,0.8832341977272948,4,time1,TIME1,0.9237930378565051,1
0.0010305824035051472,False,125,time0,0.8733656129949672,3,time0,TIME0,0.9173269446055019,6
2.915508957369175e-05,False,126,goleiro_time0,0.9947032164795003,5,goleiro0,GOL-TIME0,0.9965468864303244,0
0.00025326935025467615,False,126,time0,0.9453074302223808,2,time0,TIME0,0.9643611853719584,7
0.0003216002258305764,False,126,time0,0.9302213786765653,0,time0,TIME0,0.9545313360607267,5
0.0018431473029521456,False,126,time0,0.8306876735510489,3,time0,TIME0,0.8893018862521486,6
0.0014043404808868403,False,126,time1,0.8143525171964364,4,time1,TIME1,0.8788376170093732,1
0.19261689568306756,False,126,time0,0.0,1,time0,TIME0,0.2825840865109263,4
2.040785339958967e-05,False,127,goleiro_time0,0.9910713434336959,5,goleiro0,GOL-TIME0,0.9941892304832125,0
0.00017127670313360052,False,127,time0,0.9676055645169765,1,time0,TIME0,0.9788836700899379,4
0.00045907937698139606,False,127,time0,0.8999310148365408,0,time0,TIME0,0.934794481861808,5
0.0004930057891924235,False,127,time0,0.895637811433455,3,time0,TIME0,0.9319920254055284,6
0.000646071345935265,False,127,time0,0.8722434074182244,2,time0,TIME0,0.9167320898507685,7
0.0017786402785509021,False,127,time1,0.7616665700902682,4,time1,TIME1,0.8444607464611815,1
0.00018062429511592892,False,128,goleiro_time0,0.9665213323954329,5,goleiro0,GOL-TIME0,0.9781756475537409,0
0.00027765320597268557,False,128,time0,0.9442684166301687,0,time0,TIME0,0.9636772921875192,5
0.0005104389546382373,False,128,time0,0.931886646141277,3,time0,TIME0,0.9555476663577067,6
0.0005975003746430021,False,128,time0,0.886233762995187,2,time0,TIME0,0.9258428208157465,7
0.0008495824858971169,False,128,time1,0.875186901913006,4,time1,TIME1,0.9185741323733898,1
2.037139584780869e-05,False,129,time0,0.9430793302943804,0,time0,TIME0,0.9629944347028006,5
0.0008705923851271193,False,129,time0,0.9153932514056955,1,time0,TIME0,0.9447009060789076,4
0.0002175068827206285,False,129,time0,0.9060595578758874,2,time0,TIME0,0.9388625852103747,7
0.0016470238619263145,False,129,time0,0.868122516513437,3,time0,TIME0,0.9137031773820599,6
0.0011638585804554492,False,129,time1,0.8282510341981775,4,time1,TIME1,0.887955821725656,1
0.0003763497153068354,False,130,goleiro_time0,0.9301323653700545,5,goleiro0,GOL-TIME0,0.954454315090178,0
0.0004983256873240736,False,130,time0,0.892088286707758,2,time0,TIME0,0.9296829723694793,7
0.0005103732562147808,False,130,time0,0.890166969194161,0,time0,TIME0,0.9284298993365294,5
0.0013619061989367668,False,130,time0,0.8781932249786379,1,time0,TIME0,0.9203489290664868,4
0.0017378364336147608,False,130,time1,0.7421909548847795,4,time1,TIME1,0.8318158779233416,1
0.005667386478800144,False,130,time0,0.3788249468734931,3,time0,TIME0,0.5942526302001905,6
0.00010597314876341466,False,131,time0,0.9853962006752052,0,time0,TIME0,0.9904704398368163,5
0.00023861236174197603,False,131,goleiro_time0,0.9552884915657951,5,goleiro0,GOL-TIME0,0.9708540051911572,0
0.00043262411846050984,False,131,time0,0.9488374873428311,1,time0,TIME0,0.9665929483313791,4
0.0003680272470261071,False,131,time0,0.9083821206641286,2,time0,TIME0,0.9403195688952244,7
0.0009606889200984507,False,131,time1,0.8373279224706945,4,time1,TIME1,0.893926908483917,1
0.003902107686876704,False,131,time0,0.4892309761487873,3,time0,TIME0,0.6666343968063049,6
0.00014341240367597407,False,132,goleiro_time0,0.9734450821407948,5,goleiro0,GOL-TIME0,0.98268910905023,0
0.0005881739380603504,False,132,time0,0.9465471991355415,1,time0,TIME0,0.9650498185597809,4
0.0003210240075343463,False,132,time0,0.9315115493814858,0,time0,TIME0,0.9553701486953288,5
0.0008873123548687243,False,132,time0,0.8708138192824924,3,time0,TIME0,0.915718423209416,6
0.0006899862522008409,False,132,time0,0.8476377082807702,2,time0,TIME0,0.9007230151942305,7
0.0015445225514236916,False,132,time1,0.7663775393905314,4,time1,TIME1,0.8476048177108471,1
0.00022228125564191037,False,133,time0,0.9327175299285222,0,time0,TIME0,0.9561885960140648,5
0.0007721488020401834,False,133,time0,0.9183558209994553,1,time0,TIME0,0.9466610315689319,4
0.000612952390178085,False,133,goleiro_time0,0.8719713589326489,5,goleiro0,GOL-TIME0,0.9165668499696593,0
0.0009430717990669591,False,133,time1,0.8339490986966379,4,time1,TIME1,0.8917368390231413,1
0.0016736940735129805,False,133,time0,0.801150946658915,3,time0,TIME0,0.8701623224025652,6
0.0013101118955729,False,133,time0,0.7678102976299653,2,time0,TIME0,0.8486181542960269,7
1.430994895680762e-05,False,134,goleiro_time0,0.9954444289193528,5,goleiro0,GOL-TIME0,0.9970338703154444,0
0.0001530376539375125,False,134,time0,0.9652290357175262,0,time0,TIME0,0.9773453100375138,5
0.0012217017046909056,False,134,time0,0.8248061282403397,3,time0,TIME0,0.8856963877595789,6
0.0008831045103603674,False,134,time0,0.7786036783813494,2,time0,TIME0,0.8557833043692509,7
0.0015469237146531836,False,134,time1,0.762081156826638,4,time1,TIME1,0.8448113286371861,1
0.13026298080416598,False,134,time0,0.0,1,time0,TIME0,0.30440795671854187,-1
1.708521746336134e-05,False,135,goleiro_time0,0.9947847331809179,5,goleiro0,GOL-TIME0,0.9966040967414844,0
8.61305507112568e-05,False,135,time0,0.9442415013340101,0,time0,TIME0,0.9637268301743576,5
0.0008504309848409845,False,135,time0,0.8774477521986348,3,time0,TIME0,0.9200433880844182,6
0.0008853246604818343,False,135,time1,0.8606272825552299,4,time1,TIME1,0.9090978700297307,1
0.0008195122413825546,False,135,time0,0.8287304686377225,2,time0,TIME0,0.8883879753300358,7
0.001721997786662565,False,135,time0,0.8127623278348813,1,time0,TIME0,0.877692813867341,-1
0.00022167436962600506,False,136,goleiro_time0,0.9544642325611159,5,goleiro0,GOL-TIME0,0.9703241651353562,0
0.00025718241430782574,False,136,time0,0.9439164154298156,0,time0,TIME0,0.9634556561843725,5
0.0013142725589740643,False,136,time0,0.8817159827199476,1,time0,TIME0,0.9226553933723249,-1
0.0009959845483331578,False,136,time1,0.8629104131422413,4,time1,TIME1,0.9105431739505402,1
0.0018190859529313658,False,136,time0,0.7839328237606666,3,time0,TIME0,0.8589196553609073,6
0.0010544841494794452,False,136,time0,0.7526214279404441,2,time0,TIME0,0.8388348587089709,7
9.836771282262779e-05,False,137,goleiro_time0,0.9812496305467033,5,goleiro0,GOL-TIME0,0.9877778311558691,0
8.886536807701683e-05,False,137,time0,0.9526257024052003,0,time0,TIME0,0.9691756036845531,5
0.0004275622451795928,False,137,time0,0.8872224925019423,3,time0,TIME0,0.9265449733404496,6
0.0005310482710484621,False,137,time0,0.8696302043013578,2,time0,TIME0,0.9150737659010157,7
0.0013381416332999406,False,137,time0,0.8654874219994254,1,time0,TIME0,0.9120984747279716,-1
0.0010002052788643395,False,137,time1,0.8624292455759577,4,time1,TIME1,0.9102289377767699,1
4.4642392645195705e-05,False,138,time1,0.9930710498056677,4,time1,TIME1,0.9954805575362582,1
2.1357132203068248e-05,False,138,time0,0.9919487482576884,1,time0,TIME0,0.9947592113712264,8
6.738453925007456e-05,False,138,goleiro_time0,0.9917283047918976,5,goleiro0,GOL-TIME0,0.9945998135259959,0
9.93069529577346e-05,False,138,time0,0.9827803258643055,3,time0,TIME0,0.9887724543782633,6
7.428327957198501e-05,False,138,time0,0.9823802366052329,2,time0,TIME0,0.9885211546455512,7
6.35853630334939e-05,False,138,time0,0.9754969221496029,0,time0,TIME0,0.9840507445201802,5
4.550997647375369e-05,False,139,time0,0.9885476534447423,1,time0,TIME0,0.9925400462473166,8
0.0002629461699736999,False,139,time0,0.9142101235189728,0,time0,TIME0,0.9441445491278415,5
0.00029375008070510776,False,139,time0,0.9071372212873356,3,time0,TIME0,0.9395363813085214,6
0.000565222003579451,False,139,time0,0.8771339793066963,2,time0,TIME0,0.9199392588480999,7
0.00011524497828772823,False,139,time1,0.822794614472782,4,time1,TIME1,0.8847761636649076,1
0.0002254127621177952,False,140,time0,0.9385635640929549,0,time0,TIME0,0.9599874221936795,5
0.00034934449249291496,False,140,goleiro_time0,0.9280511318014403,5,goleiro0,GOL-TIME0,0.9531109650985636,0
0.00154055903402527,False,140,time1,0.8417848925280305,4,time1,TIME1,0.8966209844813109,1
0.0003978044867185284,False,140,time0,0.7772194578896934,3,time0,TIME0,0.8550534160579493,6
0.0030109633129212173,False,140,time0,0.6687371545082333,2,time0,TIME0,0.7836253132708293,7
0.002491997717565804,False,140,time0,0.6336256065905681,1,time0,TIME0,0.7609844450827212,8
2.0003647971279394e-05,False,141,goleiro_time0,0.9964994120353909,5,goleiro0,GOL-TIME0,0.9977176165462143,0
3.3251887258385975e-05,False,141,time0,0.9951403997901594,3,time0,TIME0,0.9968296217030632,6
1.9900781742815442e-05,False,141,time0,0.9949195554313368,0,time0,TIME0,0.996690745756759,5
2.552451130215146e-05,False,141,time1,0.9899144097704691,4,time1,TIME1,0.9934354327718491,1
7.256940682857237e-05,False,141,time0,0.9862927881483371,1,time0,TIME0,0.9910649130040291,8
0.00025853346814185495,False,141,time0,0.9465386138306129,2,time0,TIME0,0.9651596122760486,7
9.97088675023119e-05,False,142,goleiro_time0,0.98044513146701,5,goleiro0,GOL-TIME0,0.9872544373499306,0
8.840795231602153e-05,False,142,time0,0.9302249220272174,0,time0,TIME0,0.9546152565343807,5
0.0008949785238019283,False,142,time1,0.9037047948937721,4,time1,TIME1,0.937094874197621,1
0.0009534384522322752,False,142,time0,0.881906595010365,1,time0,TIME0,0.9229055832984558,8
0.0008728117235306131,False,142,time0,0.8814543800690281,3,time0,TIME0,0.9226398629416326,6
0.0011176532597313507,False,142,time0,0.8252064747290713,2,time0,TIME0,0.8859930299329903,7
0.0003102596379283456,False,143,time0,0.9182708356984189,0,time0,TIME0,0.9467674523306975,5
0.0016007426455717211,False,143,time0,0.7858974010515841,1,time0,TIME0,0.8602730507575795,8
0.001285986115437997,False,143,time0,0.7781716181904041,2,time0,TIME0,0.8553614566833594,7
0.0020169566168945245,False,143,time1,0.7657189194120548,4,time1,TIME1,0.8470113628019226,1
0.0030750462146814602,False,143,time0,0.5888936097837965,3,time0,TIME0,0.7317045801843292,6
1.984494878423748e-06,False,144,time0,0.9989500045632882,2,time0,TIME0,0.9993168083929298,7
5.607046139098624e-06,False,144,time0,0.9972861878207862,0,time0,TIME0,0.9982340596173624,5
1.078224325527795e-05,False,144,time1,0.9955985369108847,4,time1,TIME1,0.9971352752069358,1
3.720085397798326e-05,False,144,time0,0.9915033963291776,3,time0,TIME0,0.9944641873150731,6
1.7292858725835614e-05,False,144,time0,0.9896633038610388,1,time0,TIME0,0.9932750950091211,8
5.9497525954238274e-05,False,145,time0,0.975825352321612,0,time0,TIME0,0.9842656548749639,5
0.0004921101091413632,False,145,time0,0.9101114066734781,3,time0,TIME0,0.9414001757995613,6
0.0005797222797909489,False,145,time0,0.8824667398639671,2,time0,TIME0,0.9234004781136518,7
0.0005246669502020977,False,145,time0,0.8605275852952414,1,time0,TIME0,0.9091592970093362,8
0.0011870678295338552,False,145,time1,0.8364850714418488,4,time1,TIME1,0.8932998226968649,1
5.3790882257635186e-05,False,146,time0,0.9679943747530462,0,time0,TIME0,0.9791775167806899,5
0.00041902941511287063,False,146,time0,0.9236800957866185,3,time0,TIME0,0.9502454019660125,6
0.0006685204211317628,False,146,time0,0.9179950302717416,1,time0,TIME0,0.9464627875292358,8
0.0002558144158611058,False,146,time0,0.9111371255931701,2,time0,TIME0,0.9421495965900091,7
0.0014603594719070079,False,146,time1,0.7910914775053224,4,time1,TIME1,0.8636983345632921,1
0.00010240080332951861,False,147,time0,0.9792393775214578,0,time0,TIME0,0.9864697551077822,5
0.0006922637806365388,False,147,time0,0.9114659769268476,1,time0,TIME0,0.9422105926792281,8
0.000739016706598312,False,147,time1,0.8800128225091753,4,time1,TIME1,0.9217496787836545,1
0.0007275597639978594,False,147,time0,0.8405326696954009,2,time0,TIME0,0.8960915893846113,7
0.001347075604242547,False,147,time0,0.7893437439031437,3,time0,TIME0,0.8626019570755585,6
8.634587792828988e-05,False,148,time0,0.9717527544390128,0,time0,TIME0,0.9816090693280833,5
0.0006966607047002797,False,148,time0,0.8962077920586246,1,time0,TIME0,0.9322912335914608,8
0.0014633775407961371,False,148,time0,0.8031429087325133,3,time0,TIME0,0.8715307085368549,6
0.0008865154507485286,False,148,time0,0.7975663478234114,2,time0,TIME0,0.8681078456774554,7
0.001365162507051032,False,148,time1,0.7878555606857502,4,time1,TIME1,0.8616283075682698,1
0.00019110205217882773,False,149,time0,0.9659439705797807,0,time0,TIME0,0.9777966951585948,5
0.0008688037645731583,False,149,time0,0.8436915085768641,1,time0,TIME0,0.898095399257361,8
0.0010258545521702048,False,149,time1,0.8373876714375673,4,time1,TIME1,0.8939429373411591,1
0.001104950076380159,False,149,time0,0.8173791487534784,2,time0,TIME0,0.8809097141630279,7
0.0017110410145307277,False,149,time0,0.7973527504312145,3,time0,TIME0,0.8676804234252037,6
9.525632807431317e-05,False,150,time0,0.9753146545720212,0,time0,TIME0,0.9839211857569877,5
0.00014536497857742947,False,150,time0,0.9507068585657056,1,time0,TIME0,0.9679085803252065,8
0.0010056021887386976,False,150,time1,0.8373952808298909,4,time1,TIME1,0.8939549717733706,1
0.0015207176028176985,False,150,time0,0.8242203064658379,3,time0,TIME0,0.8852109480418084,6
0.0010328496332690602,False,150,time0,0.7809255769021277,2,time0,TIME0,0.8572401276147388,7
0.00019095339364189092,False,151,time0,0.9596449072212261,0,time0,TIME0,0.9737023560060223,5
0.000980313013818696,False,151,time0,0.8526511318457283,1,time0,TIME0,0.9038801261448868,8
0.0013907709915287438,False,151,time0,0.8477846172671016,3,time0,TIME0,0.9005732313765811,6
0.0005565519424428836,False,151,time0,0.8286459438928567,2,time0,TIME0,0.8884250703505019,7
0.0013478489685415198,False,151,time1,0.7974511021343937,4,time1,TIME1,0.8678714692483663,1
0.00018347265153319126,False,152,time0,0.9284897467750121,0,time0,TIME0,0.9534541199757213,5
0.0007677253956775667,False,152,time0,0.8376741274861443,2,time0,TIME0,0.8942194789775066,7
0.000753805548549285,False,152,time1,0.8367994293400145,4,time1,TIME1,0.8936557971290171,1
0.0011496550378955316,False,152,time0,0.818150328485017,1,time0,TIME0,0.8813953342519976,8
0.0021091821866448305,False,152,time0,0.7637612426374567,3,time0,TIME0,0.8457065939490211,6
0.00012967499016217047,False,153,time0,0.9417068406088199,0,time0,TIME0,0.9620640601491761,5
0.0008289581527043876,False,153,time1,0.870690683690565,4,time1,TIME1,0.9156588090454207,1
0.0006176970846609714,False,153,time0,0.8649123711768566,2,time0,TIME0,0.9119768472853255,7
0.0012044532050839963,False,153,time0,0.813885675896481,1,time0,TIME0,0.8786041307109332,8
0.001333242408007905,False,153,goleiro_time0,0.7819628943837781,5,goleiro0,GOL-TIME0,0.8578092465066529,0
0.0010629621378506027,False,153,time0,0.7800286251247004,3,time0,TIME0,0.8566465695828075,6
7.518571337024422e-05,False,154,goleiro_time0,0.9864736335895179,5,goleiro0,GOL-TIME0,0.991181546833507,0
9.573129723647908e-05,False,154,time0,0.9550168096157446,0,time0,TIME0,0.9707274202962013,5
0.0007652900895608266,False,154,time0,0.9249579962148711,1,time0,TIME0,0.9509548460083199,8
0.0011916558624479128,False,154,time1,0.8802878586396483,4,time1,TIME1,0.9217700285639147,1
0.0005768769546329928,False,154,time0,0.8790257556567488,2,time0,TIME0,0.9211648342427651,7
0.0015961924590081643,False,154,time0,0.7879505351023722,3,time0,TIME0,0.8616091804558892,6
8.34441193465559e-05,False,155,time0,0.9731198466011782,0,time0,TIME0,0.9824986948489945,5
5.4831644213312826e-05,False,155,goleiro_time0,0.9623167427762838,5,goleiro0,GOL-TIME0,0.9754866917291097,0
0.000267088569720467,False,155,time0,0.9425487388867176,2,time0,TIME0,0.9625631992769643,7
0.0005651701550939124,False,155,time0,0.8900240164017473,1,time0,TIME0,0.9283178011068529,8
0.0005869594050429399,False,155,time0,0.8647119777875493,3,time0,TIME0,0.911857349770142,6
0.0010447551007820828,False,155,time1,0.8553416931183484,4,time1,TIME1,0.9056064362416527,1
0.0006120556447471848,False,156,time1,0.9247720726415518,4,time1,TIME1,0.9508876277413472,1
0.0005814897956776065,False,156,goleiro_time0,0.9126074856977364,5,goleiro0,GOL-TIME0,0.9429913442750415,0
0.0003211250156896372,False,156,time0,0.8973655629820639,0,time0,TIME0,0.9331752221828502,5
0.0004891416565133463,False,156,time0,0.8960209977864163,2,time0,TIME0,0.932242448981391,7
0.001118525552158308,False,156,time0,0.828817508878369,1,time0,TIME0,0.8883398968276844,8
0.0010469051387636142,False,156,time0,0.8217166101337817,3,time0,TIME0,0.8837493797883909,6
0.00016626390074078252,False,157,goleiro_time0,0.9791891025823969,5,goleiro0,GOL-TIME0,0.9864147243132987,0
4.471156940699824e-05,False,157,time0,0.9598624060888507,0,time0,TIME0,0.9738949149084604,5
0.0008734978281474661,False,157,time0,0.8286885983206161,2,time0,TIME0,0.8883418646685488,7
0.0012809449409653968,False,157,time1,0.8278297473680266,4,time1,TIME1,0.8876410050598794,1
0.0019154259181583633,False,157,time0,0.7421689883449468,3,time0,TIME0,0.83173944335286,6
0.0026814433577555565,False,157,time0,0.626234697575466,1,time0,TIME0,0.7561140482488384,8
9.507722377183445e-05,False,158,time0,0.9622042891915568,0,time0,TIME0,0.9753995109461917,5
0.0002393904948840413,False,158,goleiro_time0,0.9615033029345512,5,goleiro0,GOL-TIME0,0.9748933602342489,0
0.0009793239354683437,False,158,time0,0.8243070191415824,2,time0,TIME0,0.8854567990646147,7
0.0018934876164965057,False,158,time1,0.745242739988811,4,time1,TIME1,0.8337450603269534,1
0.0014009462821818765,False,158,time0,0.7412105729534736,3,time0,TIME0,0.8312965412209942,6
0.0012678065753158197,False,158,time1,0.6355347120357511,1,time1,TIME1,0.7626538305218777,8
0.0002222801648958839,False,159,time0,0.9647932971136822,2,time0,TIME0,0.9770378450661799,7
0.0004931809680775162,False,159,time1,0.9466756966435941,4,time1,TIME1,0.9651665894795091,1
0.00032712990232592714,False,159,time0,0.912224607487506,0,time0,TIME0,0.9428314994010648,5
0.0014670083552902906,False,159,time0,0.8025332385630913,3,time0,TIME0,0.8711331521416577,6
0.004080442125590217,False,159,time1,0.51440582525008,1,time1,TIME1,0.6829356316685955,8
0.00014349628965526764,False,160,time0,0.9452857561572556,0,time0,TIME0,0.9643855178008367,5
0.0005176276812060758,False,160,goleiro_time0,0.9190144491593673,5,goleiro0,GOL-TIME0,0.9471782222651666,0
0.0008996919671428464,False,160,time1,0.8749129832726088,4,time1,TIME1,0.9183785469386957,1
0.000795005816250591,False,160,time0,0.8692153646827689,2,time0,TIME0,0.9147117350081122,7
0.00159807909450739,False,160,time0,0.7957117321442007,3,time0,TIME0,0.8666532982106527,6
0.0018477956059257139,False,160,time1,0.7153183133565615,1,time1,TIME1,0.8143101752196908,8
0.000199001831008102,False,161,goleiro_time0,0.9660957226573077,5,goleiro0,GOL-TIME0,0.9778925690863971,0
0.0001596276624015511,False,161,time0,0.941131988659643,0,time0,TIME0,0.9616799229469275,5
0.000513671164875173,False,161,time0,0.9165679988227847,2,time0,TIME0,0.9455894143271037,7
0.000490611880692317,False,161,time1,0.8991605775611615,4,time1,TIME1,0.9342826612565127,1
0.0007879125680093508,False,161,time1,0.8616478211035676,1,time1,TIME1,0.9097953143185157,8
0.0022797350910081973,False,161,time0,0.7025470319103072,3,time0,TIME0,0.8058576634598469,6
0.00024277231488991372,False,162,time0,0.9598606935699586,0,time0,TIME0,0.9738244805102616,5
0.0003958790409537088,False,162,goleiro_time0,0.9360741637439844,5,goleiro0,GOL-TIME0,0.9583096487692561,0
0.0006248161556802342,False,162,time0,0.9033726339534355,2,time0,TIME0,0.936973526415245,7
0.0012878469788915735,False,162,time1,0.8529355741574846,4,time1,TIME1,0.9039573767597529,1
0.0016505958268674106,False,162,time1,0.7132735172131766,1,time1,TIME1,0.8130500776491612,8
0.002680177889435327,False,162,time0,0.6063845931323957,3,time0,TIME0,0.7432119232747548,6
0.00040461543466839924,False,163,time0,0.9239424833173046,2,time0,TIME0,0.9504209987541141,7
0.0003414672007881171,False,163,time0,0.8949731918903331,0,time0,TIME0,0.9316130612084407,5
0.0005849692755021304,False,163,goleiro_time0,0.8866914195096129,5,goleiro0,GOL-TIME0,0.9261446834348227,0
0.0006674663038788073,False,163,time1,0.8846009256868772,1,time1,TIME1,0.9247569884901126,8
0.0009882046374189582,False,163,time1,0.8695172921358484,4,time1,TIME1,0.9148403682652049,1
0.0021358126240508092,False,163,time0,0.6768789964147726,3,time0,TIME0,0.7892238132511844,6
0.0001487004038278958,False,164,time0,0.9545150715639392,0,time0,TIME0,0.9703827513752208,5
0.00027114297416570116,False,164,time1,0.9533153097366597,4,time1,TIME1,0.9695600512878708,1
0.0007934794820667224,False,164,time0,0.8624584701541577,2,time0,TIME0,0.9103202877814791,7
0.0012649324849021881,False,164,time0,0.8180153485298749,3,time0,TIME0,0.8812672501747029,6
0.0008744845728086455,False,164,time1,0.7604675828511839,1,time1,TIME1,0.8439978592527865,8
0.0004352504826951934,False,165,time0,0.91257019441982,0,time0,TIME0,0.9430182887039396,5
0.0014340746234281217,False,165,time1,0.786527161414867,1,time1,TIME1,0.8607407288014637,8
0.0009178075844746336,False,165,time0,0.7803255904095912,2,time0,TIME0,0.856890401111668,7
0.0017391743477640988,False,165,time1,0.7330151061846756,4,time1,TIME1,0.8258511079983217,1
0.0023274641078327514,False,165,time0,0.6833148663011435,3,time0,TIME0,0.7933400506580017,6
0.00015032769543468194,False,166,time0,0.930639664264326,0,time0,TIME0,0.9548631670784098,5
0.0006380006877895373,False,166,goleiro_time0,0.8911595110811419,5,goleiro0,GOL-TIME0,0.9290303819620158,0
0.0006199738013786963,False,166,time0,0.8719954671890217,2,time0,TIME0,0.9165800628423816,7
0.00047300176072834416,False,166,time1,0.8384626191552896,4,time1,TIME1,0.8948351518346833,1
0.0013596369398779207,False,166,time0,0.8013028769622965,3,time0,TIME0,0.8703709970965354,6
0.0021702891273858043,False,166,time1,0.7262739171248294,1,time1,TIME1,0.821318444936554,8
0.0003647230729176092,False,167,time0,0.9191842782612717,0,time0,TIME0,0.9473421277943055,5
0.0009249038259259,False,167,time0,0.8622555853526274,3,time0,TIME0,0.9101424141401337,6
0.001049848935458195,False,167,time1,0.8544965065494093,1,time1,TIME1,0.9050552821297058,8
0.0012381570543732452,False,167,time1,0.8285144826379073,4,time1,TIME1,0.8881010587456091,1
0.0008079403899565198,False,167,time0,0.8067868861341585,2,time0,TIME0,0.8741286968507183,7
0.00012029758022742002,False,168,time0,0.9439394554412238,0,time0,TIME0,0.9635185418837159,5
0.0006515933618422436,False,168,time1,0.8749751500126867,4,time1,TIME1,0.9185057898316016,1
0.0007593001689746678,False,168,time0,0.8304968805544225,2,time0,TIME0,0.8895572173012336,7
0.0016507002340917143,False,168,time1,0.8264770419602946,1,time1,TIME1,0.8866323321922593,8
0.001274125799737234,False,168,time0,0.823427208381992,3,time0,TIME0,0.8847817414183867,6
0.00016944497274540626,False,169,time0,0.9528802513281983,0,time0,TIME0,0.969312857622868,5
0.00124043453207657,False,169,time1,0.8239765585509106,4,time1,TIME1,0.8851506109718651,1
0.001343788958169033,False,169,time1,0.8210030491337315,1,time1,TIME1,0.8831816558015663,8
0.0010405330512091948,False,169,goleiro_time0,0.8133024786782094,5,goleiro0,GOL-TIME0,0.8782824245729128,0
0.0010206735592767197,False,169,time0,0.7804644577158358,2,time0,TIME0,0.8569446617695464,7
0.002241519002970639,False,169,time0,0.7017585785127305,3,time0,TIME0,0.8053585443822351,6
4.426262595234828e-05,False,170,time0,0.9848211448732522,0,time0,TIME0,0.9901182522485306,5
0.0008704054870637885,False,170,time1,0.8742533705611147,4,time1,TIME1,0.9179600489442523,1
0.0006303078843603374,False,170,goleiro_time0,0.871788266634432,5,goleiro0,GOL-TIME0,0.9164417655528546,0
0.0008644947597123905,False,170,time0,0.82984773431217,2,time0,TIME0,0.8890984541370112,7
0.0011689208595953527,False,170,time1,0.806290540554349,1,time1,TIME1,0.8736797290594684,8
0.0015976336642695929,False,170,time0,0.7332314370375922,3,time0,TIME0,0.8260412622919405,6
0.00015262858612829632,False,171,time0,0.9507194600009637,0,time0,TIME0,0.9679142289954816,5
0.0002383468284999908,False,171,goleiro_time0,0.9506864110977898,5,goleiro0,GOL-TIME0,0.9678627458235884,0
0.0005689366786867115,False,171,time1,0.9032214464240327,4,time1,TIME1,0.9368948123380809,1
0.0006521732836017264,False,171,time0,0.8749287999243407,2,time0,TIME0,0.9184754593015609,7
0.001040979090235472,False,171,time0,0.8158647587183074,3,time0,TIME0,0.8799477504853175,6
0.0022836723290372363,False,171,time1,0.7253602536315035,1,time1,TIME1,0.8206848795453142,8
0.0003303558978471305,False,172,goleiro_time0,0.9336853546549914,5,goleiro0,GOL-TIME0,0.9567798559614978,0
0.000248909384724903,False,172,time0,0.9309725605417712,0,time0,TIME0,0.9550450460674976,5
0.001016864978546434,False,172,time0,0.8241090431969438,2,time0,TIME0,0.8853149753355223,7
0.0014690158353027774,False,172,time1,0.7954853715242329,4,time1,TIME1,0.8665513359483954,1
0.0014071917417324755,False,172,time0,0.7611698838281706,3,time0,TIME0,0.8442679073787045,6
0.0633345481154607,False,172,time1,0.0,1,time1,TIME1,0.32783290815958877,3
0.00017726260317917338,False,173,time0,0.9499120889193124,0,time0,TIME0,0.9673808158864404,5
0.00011142249688715122,False,173,goleiro_time0,0.9357272226060365,5,goleiro0,GOL-TIME0,0.9581836968200133,0
0.001000465231545259,False,173,time0,0.8402210358915154,2,time0,TIME0,0.8957935104984441,7
0.001756492959510944,False,173,time1,0.8392829017400176,1,time1,TIME1,0.8949191135951826,3
0.0017715896962356287,False,173,time1,0.785575737476314,4,time1,TIME1,0.8600041729659217,1
0.0013971501816154286,False,173,time0,0.7704388085716721,3,time0,TIME0,0.8502962230080214,6
0.00012985458276374245,False,174,goleiro_time0,0.9708576613576234,5,goleiro0,GOL-TIME0,0.9810120307784879,0
0.00019547287443649254,False,174,time0,0.944943634953252,0,time0,TIME0,0.964144947213561,5
0.00045581413996942545,False,174,time0,0.9246251056658684,2,time0,TIME0,0.9508467837338253,7
0.0005477231397101809,False,174,time1,0.9173678972740785,4,time1,TIME1,0.9460974301292524,1
0.001532454943245521,False,174,time1,0.8563698574539469,1,time1,TIME1,0.9061040481149296,3
0.0010788246290182612,False,174,time0,0.7770260447139722,3,time0,TIME0,0.8546893404439255,6
0.00013051448410977284,False,175,time0,0.9873497000108711,2,time0,TIME0,0.9917316249376278,7
0.00019985894177234164,False,175,time0,0.9496700169341847,3,time0,TIME0,0.9672155603775998,6
0.00032239908314714516,False,175,time0,0.916292018327861,0,time0,TIME0,0.9454769722340082,5
0.00048178845559118677,False,175,goleiro_time0,0.9105302162855884,5,goleiro0,GOL-TIME0,0.9416760146261756,0
0.0008184953616916198,False,175,time1,0.8616834432000252,4,time1,TIME1,0.9098077647034244,1
0.002631443356971463,False,175,time1,0.7549806668333391,1,time1,TIME1,0.8398164282667304,3
0.00033239853539433187,False,176,goleiro_time0,0.9443559120418306,5,goleiro0,GOL-TIME0,0.9637150033398019,0
0.00021294591552774005,False,176,time0,0.9429821695407826,0,time0,TIME0,0.962863879131074,5
0.0008078227415827782,False,176,time0,0.8633846932630216,2,time0,TIME0,0.9109173126614101,7
0.0010076191049726228,False,176,time1,0.8520961310092575,4,time1,TIME1,0.903509818469277,1
0.001381715973143383,False,176,time0,0.7096927596349717,3,time0,TIME0,0.8108166931721315,6
0.0030382329782310965,False,176,time1,0.6922187331907266,1,time1,TIME1,0.7988787950315914,3
0.00020029551921099353,False,177,goleiro_time0,0.9618619264884994,5,goleiro0,GOL-TIME0,0.9751401487858009,0
0.0003035354423368612,False,177,time0,0.9197768978280395,0,time0,TIME0,0.9477487461834078,5
0.00022274766371607762,False,177,time0,0.9028607519914257,2,time0,TIME0,0.936781527112126,7
0.0007972714733109308,False,177,time1,0.8737364306700696,4,time1,TIME1,0.9176496349198864,1
0.0010538055532538443,False,177,time0,0.7879179078946333,3,time0,TIME0,0.8617778081878729,6
0.0034903779500321344,False,177,time1,0.6295547935186512,1,time1,TIME1,0.757988983504612,3
0.00026250931350699474,False,178,goleiro_time0,0.9499158360108841,5,goleiro0,GOL-TIME0,0.9673534151473472,0
0.0003315667781336616,False,178,time0,0.9216308709189733,0,time0,TIME0,0.9489440177249859,5
0.0003412176482437294,False,178,time0,0.8598831513024411,2,time0,TIME0,0.9088046221697015,7
0.0012050117685143092,False,178,time1,0.8534564450765684,1,time1,TIME1,0.9043249351807894,3
0.0008064695569890692,False,178,time0,0.8500608620747909,3,time0,TIME0,0.9022572960036679,6
0.0010289427331992697,False,178,time1,0.8360898836513015,4,time1,TIME1,0.8930982944167263,1
0.00012494916812216104,False,179,goleiro_time0,0.980173930738091,5,goleiro0,GOL-TIME0,0.9870693227709164,0
0.0002323258850675434,False,179,time0,0.9511794628524132,0,time0,TIME0,0.968185336794295,5
0.0006642471318618163,False,179,time1,0.8898697214019342,4,time1,TIME1,0.9281828324151056,1
0.0018207716882322228,False,179,time1,0.7900473640375335,1,time1,TIME1,0.8628935165335154,3
0.001264577155359417,False,179,time0,0.7732235929307153,2,time0,TIME0,0.8521527334005892,7
0.0015008230040828821,False,179,time0,0.6753737692312591,3,time0,TIME0,0.7884676619488895,6
0.00017159658343051062,False,180,goleiro_time0,0.967472151318047,5,goleiro0,GOL-TIME0,0.9787968395525298,0
0.0003902297121558701,False,180,time1,0.9366535490147362,4,time1,TIME1,0.9586882264603239,1
0.0006712133462402495,False,180,time0,0.8585457336552617,0,time0,TIME0,0.9078198022047359,5
0.0020777092427401935,False,180,time1,0.7907694432569251,1,time1,TIME1,0.8632729398820422,3
0.0010967200678498163,False,180,time0,0.7598049189016461,2,time0,TIME0,0.8434893452623226,7
0.0018468477222625015,False,180,time0,0.568158329579078,3,time0,TIME0,0.7186565175236088,6
0.00042168685292621604,False,181,goleiro_time0,0.9305318889363753,5,goleiro0,GOL-TIME0,0.9546981374101198,0
0.00043932677815951754,False,181,time0,0.8998939593128715,0,time0,TIME0,0.9347773091810107,5
0.000642956175283591,False,181,time0,0.8559816937311135,2,time0,TIME0,0.9061630662638747,7
0.0011716816138869755,False,181,time1,0.8273040133940018,4,time1,TIME1,0.8873375201412408,1
0.0009064743781327216,False,181,time0,0.7982896955713541,3,time0,TIME0,0.8685710360890337,6
0.0023056256474815982,False,181,time1,0.7844930029801755,1,time1,TIME1,0.8591134829604955,3
0.0004178314208491642,False,182,goleiro_time0,0.9246076111381089,5,goleiro0,GOL-TIME0,0.9508487062424735,0
0.0003446815278634557,False,182,time0,0.923653716888844,0,time0,TIME0,0.9502542774429964,5
0.0005780249267766003,False,182,time0,0.9028106316936814,2,time0,TIME0,0.936624601876521,7
0.0006195555636930015,False,182,time1,0.8863118216903888,4,time1,TIME1,0.9258858396514602,1
0.003119902561598836,False,182,time1,0.7425953025882523,1,time1,TIME1,0.8315949807858044,3
0.001632199558046387,False,182,time0,0.6968517437470034,3,time0,TIME0,0.802382363590236,6
0.00046494480032341443,False,183,goleiro_time0,0.9229290918950284,5,goleiro0,GOL-TIME0,0.9497411790516552,0
0.0005924820804707717,False,183,time0,0.8748680668789803,2,time0,TIME0,0.9184568747431725,7
0.0009252889861041865,False,183,time0,0.8660445835134118,0,time0,TIME0,0.9126051281385812,5
0.0008892708274085788,False,183,time1,0.839055710298482,4,time1,TIME1,0.8950749669044203,1
0.000764808740802715,False,183,time0,0.7846538329736602,3,time0,TIME0,0.8597573083735981,6
0.0028614763163280045,False,183,time1,0.7707656774380978,1,time1,TIME1,0.8499961736240488,3
0.00039669611119230134,False,184,goleiro_time0,0.9251260815739559,5,goleiro0,GOL-TIME0,0.9511931093841541,0
0.0006925490487717477,False,184,time0,0.8921031923237788,0,time0,TIME0,0.9296246828433861,5
0.0020323173648899946,False,184,time1,0.8392143741484424,1,time1,TIME1,0.894778032118776,3
0.0012660017204023947,False,184,time0,0.7394338805424021,2,time0,TIME0,0.8301889217504206,7
0.0022197018502162825,False,184,time0,0.6895897382743157,3,time0,TIME0,0.7974564342307295,6
0.030841045814034605,False,184,time1,0.0,4,time1,TIME1,0.3392056339650879,8
0.000468496725977047,False,185,goleiro_time0,0.911668666257506,5,goleiro0,GOL-TIME0,0.9424206592132869,0
0.0005227871128408976,False,185,time0,0.9021859801548024,0,time0,TIME0,0.9362379116111272,5
0.0009358486252176325,False,185,time1,0.8233095327625535,4,time1,TIME1,0.8848236492768335,8
0.0021062882091408552,False,185,time1,0.821543095204854,1,time1,TIME1,0.8832658110099558,3
0.0008557111595243208,False,185,time0,0.8102153297545077,2,time0,TIME0,0.8763404654345965,7
0.001567870604275516,False,185,time0,0.764648633637788,3,time0,TIME0,0.8464728571530657,6
0.0002501757915940388,False,186,goleiro_time0,0.9373068840052796,5,goleiro0,GOL-TIME0,0.9591619130763739,0
0.0005142387079355644,False,186,time0,0.8951084843893871,0,time0,TIME0,0.9316405313053242,5
0.0008659132368705692,False,186,time1,0.8767180859798022,4,time1,TIME1,0.9195636862539667,8
0.0028641320546068435,False,186,time0,0.6247734624277338,3,time0,TIME0,0.7551003043589146,6
0.0025582759105845843,False,186,time0,0.6120963989459538,2,time0,TIME0,0.7469672627461654,7
0.005520945656830882,False,186,time1,0.4503868093980843,1,time1,TIME1,0.6408190951288639,3
0.0003784550327012803,False,187,goleiro_time0,0.9207733857994681,5,goleiro0,GOL-TIME0,0.9483702415082088,0
0.000551521015909695,False,187,time0,0.9136765491707791,2,time0,TIME0,0.943696724605438,7
0.0007048875170911029,False,187,time0,0.8106591014631269,0,time0,TIME0,0.8766817053200506,5
0.0019111976792359296,False,187,time1,0.7499742577494528,4,time1,TIME1,0.8368143483494117,8
0.0018247489033714425,False,187,time0,0.7096591217539183,3,time0,TIME0,0.8106397670238669,6
0.002762182103537521,False,187,time1,0.678072593145353,1,time1,TIME1,0.7897804218082414,3
0.0001488149702099579,False,188,goleiro_time0,0.9647909944504929,5,goleiro0,GOL-TIME0,0.9770620611532469,0
0.00029669273592128874,False,188,time1,0.9515045777933396,4,time1,TIME1,0.9683741331080983,8
0.000417353877019052,False,188,time0,0.9238298944234654,0,time0,TIME0,0.9503433575182959,5
0.0006578378067453761,False,188,time0,0.9135499582550791,3,time0,TIME0,0.9435772296334406,6
0.0005712097934059302,False,188,time0,0.9022061221673506,2,time0,TIME0,0.9362340559810858,7
0.08734135393531282,False,188,time1,0.0,1,time1,TIME1,0.3194305261226405,1
0.0004434379774966895,False,189,goleiro_time0,0.9120186829676793,5,goleiro0,GOL-TIME0,0.9426569406368677,0
0.0007854473297923487,False,189,time1,0.8894410004306331,4,time1,TIME1,0.9278617437144843,8
0.000868696922194935,False,189,time0,0.8801966909374657,2,time0,TIME0,0.9218238051865844,7
0.0006886675656209932,False,189,time1,0.8705848417697861,1,time1,TIME1,0.9156391135023936,1
0.0023317794035078113,False,189,time0,0.6574077757338891,3,time0,TIME0,0.7764989314358002,6
0.0765923767343085,False,189,time0,0.0,0,time0,TIME0,0.323192668142992,9
0.00012057546680231,False,190,goleiro_time0,0.9659773026968065,5,goleiro0,GOL-TIME0,0.9778430453395435,0
0.00043652827898214077,False,190,time0,0.9437962638551696,2,time0,TIME0,0.9633147866082166,7
0.0007756914944018707,False,190,time0,0.8838029637241933,0,time0,TIME0,0.9242004343976851,9
0.001424454649333409,False,190,time1,0.8294502837751849,4,time1,TIME1,0.8886441253266035,8
0.0023883559433108253,False,190,time0,0.6441170015570759,3,time0,TIME0,0.7678401264319406,6
0.005095052253071829,False,190,time1,0.503196532705277,1,time1,TIME1,0.6752944779698549,1
0.00017781633435092698,False,191,goleiro_time0,0.9639203314294598,5,goleiro0,GOL-TIME0,0.976485979712126,0
0.0002725485399348686,False,191,time0,0.9532810308094007,2,time0,TIME0,0.9695372780371334,7
0.0005655526264564128,False,191,time0,0.9265913580619897,0,time0,TIME0,0.9520864393210335,9
0.0013125841855897945,False,191,time1,0.8239066737307439,4,time1,TIME1,0.8850799334600271,8
0.004772553455444912,False,191,time0,0.47924041034148357,3,time0,TIME0,0.6598358730125586,6
0.004164496333433744,False,191,time1,0.47351815840895756,1,time1,TIME1,0.6563292292491206,1
0.0006216924619898414,False,192,time0,0.9066683364581771,2,time0,TIME0,0.9391168263361187,7
0.0011480372839749308,False,192,time1,0.872545425847313,1,time1,TIME1,0.9167527137513622,1
0.0015419096312679391,False,192,time0,0.7454254320725074,0,time0,TIME0,0.8339868624761861,9
0.0034185047879535333,False,192,time1,0.5759996430840134,4,time1,TIME1,0.7232032913288249,8
0.06152757948843337,False,192,time1,0.0,3,time1,TIME1,0.3284653471790483,3
0.0011903606649569147,False,193,time1,0.8680665978576483,1,time1,TIME1,0.9138266623747364,1
0.001517606896614877,False,193,time0,0.8597453789742715,2,time0,TIME0,0.9083033339194613,7
0.0008755065257369126,False,193,time0,0.840937737049717,0,time0,TIME0,0.8963031017983081,9
0.0016771126237571407,False,193,time1,0.8042656265293783,4,time1,TIME1,0.8721856678257809,8
0.004172008377416786,False,193,time1,0.6552174591647842,3,time1,TIME1,0.7744311455250139,3
0.00028271949297008187,False,194,time0,0.9187761968417599,0,time0,TIME0,0.9471055761246043,9
0.0007951608036511001,False,194,time0,0.8631327566911712,2,time0,TIME0,0.9107579855679835,7
0.001376893556664562,False,194,time1,0.8627359818827124,1,time1,TIME1,0.9102964754789304,1
0.0019277885858197947,False,194,time1,0.840399805653683,3,time1,TIME1,0.895585147669857,3
0.0017543798546971934,False,194,time1,0.7561184303694438,4,time1,TIME1,0.8408629467909945,8
0.00042276945640679385,False,195,time0,0.9215860173116968,2,time0,TIME0,0.9488829419428605,7
0.00044439945743595283,False,195,time0,0.9120477961407882,0,time0,TIME0,0.9426755276814098,9
0.0021085733981649254,False,195,time1,0.8078666700772356,3,time1,TIME1,0.8743753348608454,3
0.001797341854794598,False,195,time1,0.7556223709449476,4,time1,TIME1,0.8405254714650378,8
0.004888215555306123,False,195,time1,0.5546955502544769,1,time1,TIME1,0.7088412322210529,1
4.558511428942197e-05,False,196,time0,0.9788086981173594,0,time0,TIME0,0.9862096989862823,9
0.000862774323468179,False,196,time1,0.8888112910698186,1,time1,TIME1,0.9274253681821683,1
0.0008020112467536048,False,196,time0,0.8539691949492596,2,time0,TIME0,0.9047992727806551,7
0.0021474561095879796,False,196,time1,0.7913173967656154,3,time1,TIME1,0.8636046982592942,3
0.0023984892275588443,False,196,time1,0.7102081736816811,4,time1,TIME1,0.8107958416634471,8
0.0002979715722218892,False,197,time0,0.9168895470486217,2,time0,TIME0,0.9458739155313264,7
0.0009646161131175714,False,197,time0,0.8928096493770449,0,time0,TIME0,0.929988656455488,9
0.0017095490768959738,False,197,time1,0.8012779938792256,1,time1,TIME1,0.8702323538445831,1
0.0036683458980807447,False,197,time1,0.5724366102102173,4,time1,TIME1,0.7207998755723131,8
0.06136576838078245,False,197,time0,0.0,3,time0,TIME0,0.32852198106672614,6
0.0006430472906260834,False,198,time0,0.8766562656826636,2,time0,TIME0,0.9196015061420122,7
0.0006792480858656627,False,198,time0,0.8699295072146803,0,time0,TIME0,0.9152164428594893,9
0.0014631286477726024,False,198,time1,0.7835793872541661,4,time1,TIME1,0.8588145066884875,8
0.0018137655474759825,False,198,time0,0.7393701626929531,3,time0,TIME0,0.8299557878088029,6
0.005838893151782028,False,198,time1,0.4434475473699837,1,time1,TIME1,0.6361972931873657,1
0.00015803566784350614,False,199,time0,0.9518960553526333,0,time0,TIME0,0.9686771234954664,9
0.001044307539784606,False,199,time0,0.835995842205468,3,time0,TIME0,0.8930317897946296,6
0.0011897853598434045,False,199,time0,0.788984577453647,2,time0,TIME0,0.8624235504689254,7
0.00242565479003866,False,199,time1,0.6493535745671504,4,time1,TIME1,0.7712308442921343,8
0.0030013811851770057,False,199,time1,0.5361589921557367,1,time1,TIME1,0.6974528614864168,1
0.0007208938852695125,False,200,time0,0.8822361889250203,2,time0,TIME0,0.9232012099414189,7
0.0005654791659798375,False,200,time0,0.877187995069373,0,time0,TIME0,0.9199742790869996,9
0.0015106891316529697,False,200,time0,0.8441771173424614,3,time0,TIME0,0.8981863850765213,6
0.001962978183394252,False,200,time1,0.727907634727467,1,time1,TIME1,0.8224529202086656,1
0.003634735903682148,False,200,time1,0.4690164161759268,4,time1,TIME1,0.6535885129480636,8
0.0003883872138214375,False,201,time0,0.9452441920530359,0,time0,TIME0,0.9642727893096359,9
0.00023506614348034257,False,201,time0,0.8809022154226503,2,time0,TIME0,0.9225041668745045,7
0.0012840053206538795,False,201,time1,0.8581820928649493,1,time1,TIME1,0.9073689584999882,1
0.0008288356847551801,False,201,time1,0.7175148422944523,4,time1,TIME1,0.8160945550017297,8
0.0016170311872105668,False,201,time0,0.6986243896179136,3,time0,TIME0,0.8035398923361201,6
0.0005913803255192635,False,202,time0,0.8886557983656664,0,time0,TIME0,0.9274192858237514,9
0.0030046712810519057,False,202,time1,0.6913469822030356,3,time1,TIME1,0.7983239034836049,8
0.0023176557137035082,False,202,time0,0.6794528221898951,2,time0,TIME0,0.7908331549236356,7
0.0028161664219930995,False,202,goleiro_time0,0.6058638578522171,5,goleiro0,GOL-TIME0,0.7428258493562435,0
0.0036130886029136847,False,202,time1,0.5476710150591635,1,time1,TIME1,0.7047215787774365,1
0.035391919902714744,False,202,time0,0.0,4,time0,TIME0,0.33761282803404985,-1
0.00013767989915206835,False,203,time0,0.9437219761731926,0,time0,TIME0,0.963371096547872,9
7.268743569511396e-05,False,203,time1,0.8958229041829886,3,time1,TIME1,0.9322594471164494,8
0.002281517623677359,False,203,time1,0.5486448684831661,1,time1,TIME1,0.7058206333457708,1
0.0064975523663839165,False,203,time0,0.3540800645763521,2,time0,TIME0,0.5778778986463945,5
0.02636643262893724,False,203,time0,0.0,4,time0,TIME0,0.34077174857987197,6
8.086288155794524e-05,False,204,time0,0.9772592315714507,0,time0,TIME0,0.9851901985128977,9
0.0007509396260477587,False,204,time1,0.913634013763813,3,time1,TIME1,0.9435992800773618,8
0.0017498214494891578,False,204,time1,0.7266494508967056,1,time1,TIME1,0.8217097055755375,1
0.0016972883813049266,False,204,time0,0.6882153278174423,2,time0,TIME0,0.7967459121478808,5
0.0878318913408811,False,204,time0,0.0,4,time0,TIME0,0.3192588380306916,4
0.00024215492727273005,False,205,time0,0.9468086759491083,0,time0,TIME0,0.9653408851423749,9
0.00129966417207501,False,205,time0,0.8478551810971483,4,time0,TIME0,0.9006509852529201,4
0.0030085143597960527,False,205,time1,0.7158892750017668,3,time1,TIME1,0.8142750487252197,8
0.0027025106860321634,False,205,time1,0.6405888507340317,1,time1,TIME1,0.7654368742370093,1
0.0027417546119532944,False,205,goleiro_time0,0.621641271346185,5,goleiro0,GOL-TIME0,0.7531072122608365,0
0.005479109306632822,False,205,time0,0.4429355639547743,2,time0,TIME0,0.6359904283132818,7
0.0002298141252642019,False,206,time0,0.9499294822498949,0,time0,TIME0,0.9673737285185893,9
0.0011848597537172396,False,206,time0,0.8506627109935504,4,time0,TIME0,0.9025160612320068,4
0.001644780374913118,False,206,time1,0.847929166455489,3,time1,TIME1,0.9005782850648483,8
0.0007306533226584968,False,206,time0,0.8102315399442384,2,time0,TIME0,0.8763947723008245,7
0.002539653476843276,False,206,time1,0.6511281007219837,1,time1,TIME1,0.7723443867523943,1
0.0003796797375595426,False,207,time0,0.915996810238108,0,time0,TIME0,0.9452650387466244,9
0.001722953584576016,False,207,time1,0.8468396631783395,3,time1,TIME1,0.8998427473113191,8
0.0014227420258746896,False,207,time0,0.8244063189589825,4,time0,TIME0,0.8853661476142825,4
0.0012596520565569852,False,207,goleiro_time0,0.7897073345669963,5,goleiro0,GOL-TIME0,0.8628688892487526,0
0.0017960067816581663,False,207,time1,0.6722961868916436,1,time1,TIME1,0.7863639191059879,1
0.007615063169610969,False,207,time0,0.42432860033638026,2,time0,TIME0,0.6231483181092833,5
0.0003623742147650156,False,208,time0,0.9156626297558688,0,time0,TIME0,0.945053878366147,9
0.0007894003963218654,False,208,time0,0.8130311537510521,4,time0,TIME0,0.8781939597994711,4
0.003820116866121068,False,208,time0,0.6846227211753614,2,time0,TIME0,0.7936677278608426,5
0.0026963517759104575,False,208,time1,0.5897887540846338,1,time1,TIME1,0.7324189670334433,1
0.007316523851399195,False,208,time0,0.38362103494211036,3,time0,TIME0,0.5967928893643819,6
0.00032910889611079174,False,209,time0,0.9259650135086078,0,time0,TIME0,0.9517620706669563,9
0.0011380341789968644,False,209,time0,0.8745799192248206,4,time0,TIME0,0.9180786355334845,4
0.0007295975312372214,False,209,goleiro_time0,0.8703212355326265,5,goleiro0,GOL-TIME0,0.9154534439602742,0
0.0016913447793756137,False,209,time0,0.8150198636467478,2,time0,TIME0,0.8791709406976047,5
0.0014045016069045217,False,209,time0,0.7606860699494422,3,time0,TIME0,0.8439543699047208,6
0.0022828573641921366,False,209,time1,0.6249729439773798,1,time1,TIME1,0.7554334135078296,1
0.0008474072339260429,False,210,time0,0.9119646847806026,4,time0,TIME0,0.9424804525755175,4
0.0005352410480419414,False,210,goleiro_time0,0.9004107539733267,5,goleiro0,GOL-TIME0,0.9350796557158476,0
0.0007915816854453651,False,210,time0,0.8600632141179546,0,time0,TIME0,0.9087640355867646,9
0.0017195857667051814,False,210,time1,0.6851705671242283,3,time1,TIME1,0.7947590136124016,8
0.0017475618295812437,False,210,time0,0.661977999820218,1,time0,TIME0,0.7796740532427882,-1
0.0054006827394975365,False,210,time0,0.5613434878675916,2,time0,TIME0,0.7129830281551104,7
0.0004897241656238688,False,211,goleiro_time0,0.9113707032510964,5,goleiro0,GOL-TIME0,0.9422195536552442,0
0.00041972097345985607,False,211,time0,0.8893660348921414,2,time0,TIME0,0.9279410203391809,7
0.000929755870110743,False,211,time0,0.8791264724620006,0,time0,TIME0,0.9211067925457617,9
0.0008384516002600266,False,211,time1,0.8751128096010602,3,time1,TIME1,0.918529868180598,8
0.0015469751572797356,False,211,time0,0.8359523056900038,4,time0,TIME0,0.8928275573934545,4
0.0041359632290985686,False,211,time1,0.42321722658178557,1,time1,TIME1,0.6236436101479761,1
0.00034703142602970243,False,212,time0,0.9274220741749307,0,time0,TIME0,0.9527028872145946,9
0.00047240895294603665,False,212,goleiro_time0,0.9064140687856168,5,goleiro0,GOL-TIME0,0.9390038015771198,0
0.0007279994107450974,False,212,time0,0.8785859746096276,2,time0,TIME0,0.9208260837024972,7
0.001224159688178522,False,212,time0,0.8758851251807808,4,time0,TIME0,0.918896875476645,4
0.0034398809749189452,False,212,time1,0.6135629952398041,3,time1,TIME1,0.7476119885646509,8
0.005375926558891692,False,212,time1,0.39217091802580006,1,time1,TIME1,0.6030295224211579,1
0.00028753204200229114,False,213,time0,0.9387284088134454,0,time0,TIME0,0.9600728295140387,9
0.00039211269492421633,False,213,goleiro_time0,0.9212560367869606,5,goleiro0,GOL-TIME0,0.9486791844683009,0
0.0008445357815958242,False,213,time0,0.8681493096168672,2,time0,TIME0,0.9140014637274052,7
0.0015824526103404412,False,213,time0,0.8232740189624647,4,time0,TIME0,0.884574253911983,4
0.0023878591719112227,False,213,time1,0.7139412863558228,3,time1,TIME1,0.813226085421116,8
0.0017936355505289363,False,213,time1,0.6738669815951682,1,time1,TIME1,0.7873857655941743,1
0.0002576150092551716,False,214,goleiro_time0,0.9184534498892979,5,goleiro0,GOL-TIME0,0.9469045771748044,0
0.00040381292462095107,False,214,time0,0.9150961515587244,0,time0,TIME0,0.9446711639895535,9
0.001591551765890595,False,214,time0,0.8027714350150651,4,time0,TIME0,0.8712443896417306,4
0.0012840267297154228,False,214,time0,0.7786155847541729,2,time0,TIME0,0.855650720734812,7
0.0026711414390986035,False,214,time1,0.7147244835931705,3,time1,TIME1,0.8136360148318763,8
0.0021018544026417067,False,214,time1,0.6312871684071398,1,time1,TIME1,0.7596010104237163,1
0.0003048692471639598,False,215,time0,0.9345624202077022,0,time0,TIME0,0.9573588688984991,9
0.0003998163550813079,False,215,goleiro_time0,0.8507128170136965,5,goleiro0,GOL-TIME0,0.9028233953346243,0
0.0017370289771609137,False,215,time1,0.8162025825483441,3,time1,TIME1,0.8799237185144173,8
0.0014511835075436393,False,215,time0,0.7690897955304545,2,time0,TIME0,0.8494004528671553,7
0.001977964120615594,False,215,time0,0.7466682175156466,4,time0,TIME0,0.8346420539429549,4
0.004571082213482102,False,215,time1,0.4273026301285769,1,time1,TIME1,0.6261468308088562,1
0.0002021602763742226,False,216,time0,0.9538771635259125,0,time0,TIME0,0.9699494001951121,9
0.000555337257228353,False,216,goleiro_time0,0.8871450517355617,5,goleiro0,GOL-TIME0,0.9264499155880852,0
0.0007356158112200692,False,216,time0,0.8783015267245264,2,time0,TIME0,0.9206385268370152,7
0.0013201184503523523,False,216,time0,0.8329354759528877,4,time0,TIME0,0.8909460179117537,4
0.0019421091172326006,False,216,time1,0.7208062755907461,1,time1,TIME1,0.8178443409429536,1
0.0037374474491398313,False,216,time1,0.6936567191353062,3,time1,TIME1,0.7995687608307501,8
0.00034326992494186257,False,217,time0,0.9357810813687036,0,time0,TIME0,0.9581375584159277,9
0.0005847380373445131,False,217,goleiro_time0,0.8799294905905494,5,goleiro0,GOL-TIME0,0.9217495105707865,0
0.0010316623942684987,False,217,time0,0.8729883295230959,4,time0,TIME0,0.9170813323520184,4
0.0028969916157392107,False,217,time1,0.7633289972146506,3,time1,TIME1,0.8451499011240142,8
0.002419920408416941,False,217,time0,0.6981200436450973,2,time0,TIME0,0.8029310562263673,7
0.0030247310643942696,False,217,time1,0.6029527664494604,1,time1,TIME1,0.7408606423196112,1
0.00016870069077944236,False,218,time0,0.9657944567627,0,time0,TIME0,0.9777073516539823,9
0.00017594617418993874,False,218,goleiro_time0,0.9622804713766719,5,goleiro0,GOL-TIME0,0.9754207252338702,0
0.001460843864607519,False,218,time0,0.8283314729133194,4,time0,TIME0,0.887904162041045,4
0.0019393646987651888,False,218,time1,0.827401824849636,3,time1,TIME1,0.8871324085076956,8
0.0010168040996984434,False,218,time0,0.8054436678400925,2,time0,TIME0,0.8731825026611657,7
0.0029383693452824087,False,218,time1,0.6779925842347502,1,time1,TIME1,0.7896667504817387,1
0.0006214256097061498,False,219,time0,0.9145456385155628,2,time0,TIME0,0.9442371660717186,7
0.00037505718126543705,False,219,time0,0.9080493811738332,0,time0,TIME0,0.9401008277495486,9
0.0007735697143522816,False,219,goleiro_time0,0.8403318598990435,5,goleiro0,GOL-TIME0,0.8959449595343549,0
0.001976988841470786,False,219,time1,0.7718216934115579,1,time1,TIME1,0.8509921546229979,1
0.0020419601685527037,False,219,time0,0.7652706816096054,4,time0,TIME0,0.8467112569872501,4
0.0031935466893654807,False,219,time0,0.5034920961990581,3,time0,TIME0,0.6761521211881099,6
0.00021150842641265763,False,220,time0,0.9434310479111984,2,time0,TIME0,0.9631561531930346,7
0.0003326697760283162,False,220,time0,0.9206459673995129,0,time0,TIME0,0.9483034443880735,9
0.0008934389992009951,False,220,time0,0.8903337771105921,4,time0,TIME0,0.9284042514721645,4
0.001395321381021794,False,220,time1,0.7736875293468511,1,time1,TIME1,0.8524085315920955,1
0.002158145217718152,False,220,time0,0.6823763115267878,3,time0,TIME0,0.7927892516662107,6
0.000293625000038674,False,221,time0,0.9435490955198792,0,time0,TIME0,0.9632041433379079,9
0.0004399304426697167,False,221,time0,0.9284715009018802,2,time0,TIME0,0.9533524999312877,7
0.0015824490590743083,False,221,time0,0.805851514767568,4,time0,TIME0,0.8732496274282432,4
0.00246413894793687,False,221,time1,0.6235711131766225,1,time1,TIME1,0.7544587749330267,1
0.011490756741921553,False,221,time1,0.03590505887037388,3,time1,TIME1,0.36931652340607046,8
0.00035441676591036364,False,222,time0,0.9277265074932799,0,time0,TIME0,0.9528981840025632,9
0.0008956243469143609,False,222,time1,0.8395027928430464,1,time1,TIME1,0.8953633468265602,1
0.001456038291276642,False,222,time0,0.8088959483671614,4,time0,TIME0,0.8752727530367082,4
0.0018088962542842089,False,222,time0,0.7369067826337754,2,time0,TIME0,0.8283562950229546,7
0.002851479603628977,False,222,time1,0.6309972722167174,3,time1,TIME1,0.7591502090795962,8
0.0004021327445149732,False,223,time0,0.9209278503120151,0,time0,TIME0,0.9484623562422296,9
0.00019709784503719904,False,223,time0,0.9029239626490477,2,time0,TIME0,0.936831591476118,7
0.0014690287213256022,False,223,time1,0.7979116440797359,3,time1,TIME1,0.8681284085993644,8
0.0015994872222614104,False,223,time0,0.7813753193753867,4,time0,TIME0,0.8573341370662098,4
0.0017036880672704347,False,223,goleiro_time0,0.6855232425192761,5,goleiro0,GOL-TIME0,0.7949938168139848,0
0.0018552690933050279,False,223,time1,0.6783407221454035,1,time1,TIME1,0.7902721252118555,1
9.140206918339444e-05,False,224,goleiro_time0,0.9766895486761012,5,goleiro0,GOL-TIME0,0.9848162159152516,0
0.000447294043728408,False,224,time0,0.9141406716655954,0,time0,TIME0,0.944034883667332,9
0.0009640856554220808,False,224,time0,0.8154258856679878,2,time0,TIME0,0.8796893957047944,7
0.0013946397408537935,False,224,time0,0.8061069043041429,4,time0,TIME0,0.873481363888394,4
0.002053998351954346,False,224,time1,0.7393482136359241,3,time1,TIME1,0.8298574394401667,8
0.0022737336541732932,False,224,time1,0.6449322325142868,1,time1,TIME1,0.7684101443553257,1
0.00030946849193252236,False,225,goleiro_time0,0.9339068069134109,5,goleiro0,GOL-TIME0,0.9569311105215407,0
0.0006024210597289545,False,225,time0,0.8880498023782081,0,time0,TIME0,0.9270215241749301,9
0.0015383032697777286,False,225,time0,0.7884906993718404,4,time0,TIME0,0.861980548447274,4
0.001144307439888046,False,225,time0,0.7573139660982822,2,time0,TIME0,0.8418535703599226,7
0.004548756722347025,False,225,time1,0.5709718127035492,3,time1,TIME1,0.7195396134044856,8
0.021401072615034513,False,225,time0,0.0,1,time0,TIME0,0.3425096245847379,6
2.6460804203445398e-05,False,226,goleiro_time0,0.9779926403905967,5,goleiro0,GOL-TIME0,0.9856859549724166,0
0.0003243478911698811,False,226,time0,0.9386091237263461,0,time0,TIME0,0.9599824086602156,9
0.0005845927905596824,False,226,time0,0.9074757302890609,4,time0,TIME0,0.9396546172111937,4
0.001247999236263123,False,226,time0,0.7274627356648296,2,time0,TIME0,0.8224139784494471,7
0.0021133051051602405,False,226,time0,0.6742675875068069,1,time0,TIME0,0.7875342750926184,6
0.005565631137114898,False,226,time1,0.4948890185052587,3,time1,TIME1,0.6697298911304279,8
0.0002936306820644864,False,227,goleiro_time0,0.9390322608492505,5,goleiro0,GOL-TIME0,0.9602681988132903,0
0.0005628518885624341,False,227,time0,0.898966987510198,0,time0,TIME0,0.9341315437206319,9
0.0004855309827714029,False,227,time0,0.818643014039084,1,time0,TIME0,0.8819480232814346,6
0.0016389849115139154,False,227,time0,0.7997784158019032,4,time0,TIME0,0.8692823255522072,4
0.0011081648854130441,False,227,time0,0.7736051961846088,2,time0,TIME0,0.8524555198101011,7
0.0016932111219255092,False,227,time1,0.7554974261107541,3,time1,TIME1,0.8404807030793162,8
0.00027310816874502125,False,228,time0,0.9477886601604656,0,time0,TIME0,0.9659670412452419,9
0.0005583436576716174,False,228,goleiro_time0,0.8782874570138947,5,goleiro0,GOL-TIME0,0.9206914267788465,0
0.0009274022938474301,False,228,time0,0.8130419183470443,2,time0,TIME0,0.8781526561227322,7
0.0007963949700969875,False,228,time1,0.7459511553656918,3,time1,TIME1,0.8345895127481657,8
0.0037729580811726913,False,228,time0,0.48032537688920557,1,time0,TIME0,0.6608909596495731,6
0.10222620304714372,False,228,time1,0.0,4,time1,TIME1,0.3142208289334997,3
0.00036825008897593895,False,229,goleiro_time0,0.9289094343465568,5,goleiro0,GOL-TIME0,0.9536622447941203,0
0.00029318700209356895,False,229,time0,0.925854500587705,2,time0,TIME0,0.9517028099312755,7
0.000562427360062447,False,229,time0,0.9246871646744694,0,time0,TIME0,0.9508498074623832,9
0.0032892271337392476,False,229,time1,0.6582913416492112,4,time1,TIME1,0.7767381425751785,3
0.0028924106853574186,False,229,time0,0.4771203835852323,1,time0,TIME0,0.6591159055905259,6
0.005928063212151691,False,229,time1,0.42099220237616025,3,time1,TIME1,0.621570109420251,8
0.000181455050412226,False,230,goleiro_time0,0.9562708039003223,5,goleiro0,GOL-TIME0,0.9715125132675653,0
0.0004412821052922258,False,230,time0,0.9166166611792496,0,time0,TIME0,0.94564638102966,9
0.000597870467306411,False,230,time0,0.8752962819384777,2,time0,TIME0,0.9187333285964533,7
0.0005205931406240665,False,230,time1,0.8349934831775367,4,time1,TIME1,0.8925635564661805,3
0.005383072112209831,False,230,time1,0.5590726364282497,3,time1,TIME1,0.7115131384390889,8
0.0019133929704944672,False,230,time0,0.45189980884491626,1,time0,TIME0,0.6430651882095225,6
0.0003242668208373071,False,231,goleiro_time0,0.8929549280423362,5,goleiro0,GOL-TIME0,0.9303072098402255,0
0.0006170521239988854,False,231,time0,0.8800073788398666,0,time0,TIME0,0.9217888280025137,9
0.0011253387069664184,False,231,time1,0.8538834203094294,4,time1,TIME1,0.9046303546536909,3
0.002948989660314352,False,231,time0,0.6231191863660743,1,time0,TIME0,0.7539953247568383,6
0.00344844054094641,False,231,time1,0.518570683908416,3,time1,TIME1,0.6858639903511392,8
0.008189511108941514,False,231,time0,0.2007517793754527,2,time0,TIME0,0.4776223277059147,5
0.00011934269549668898,False,232,time0,0.971045469989256,0,time0,TIME0,0.9811377855495925,9
0.00022840247161023546,False,232,goleiro_time0,0.9602742385922148,5,goleiro0,GOL-TIME0,0.974098314219876,0
0.000898341978688657,False,232,time0,0.7848670477077636,2,time0,TIME0,0.8598491613175052,5
0.0016647819174909042,False,232,time0,0.7462052236418951,1,time0,TIME0,0.83445072169611,6
0.0022897963352860942,False,232,time1,0.6341969893964676,3,time1,TIME1,0.7614266143903538,8
0.054042744291853816,False,232,time1,0.0,4,time1,TIME1,0.3310850394978511,1
0.0003544251874843357,False,233,time0,0.9299593918279814,0,time0,TIME0,0.9543495558725683,9
0.00048800098983149757,False,233,goleiro_time0,0.9088470172965981,5,goleiro0,GOL-TIME0,0.9405797608963478,0
0.0006824402682600447,False,233,time0,0.8445939389164738,2,time0,TIME0,0.8987472062018169,5
0.001147061091647403,False,233,time1,0.8163772290752159,3,time1,TIME1,0.8802437275168138,8
0.0016255390062172395,False,233,time0,0.7336131159123471,1,time0,TIME0,0.8262795866908497,6
0.0018086841929637085,False,233,time1,0.681289652366128,4,time1,TIME1,0.792205234570446,1
0.00046057577906500263,False,234,time0,0.9357626928641944,0,time0,TIME0,0.9580845488390537,9
0.0002764219566382643,False,234,goleiro_time0,0.9164825149135082,5,goleiro0,GOL-TIME0,0.945616887008957,0
0.0008667537708318247,False,234,time0,0.8128288329347609,2,time0,TIME0,0.8780353775878035,5
0.0012784145116486716,False,234,time1,0.7192432799904482,3,time1,TIME1,0.8170606869147143,8
0.010588045183918378,False,234,time0,0.013061189897102705,4,time0,TIME0,0.35478395761874526,-1
0.03912255622634139,False,234,time1,0.0,1,time1,TIME1,0.3363071053207805,3
0.0002206331891282475,False,235,time0,0.9541833589378538,0,time0,TIME0,0.9701419616934102,9
0.00034362013051492796,False,235,goleiro_time0,0.9540596471312873,5,goleiro0,GOL-TIME0,0.9700185035896565,0
0.001730682560187397,False,235,time1,0.7892209283941143,1,time1,TIME1,0.8623878645601086,3
0.00196010409298062,False,235,time0,0.7052134991381285,2,time0,TIME0,0.8077027380072404,5
0.00396922824022218,False,235,time1,0.6121093042341632,3,time1,TIME1,0.7464818178681283,8
0.002617225507882268,False,235,time0,0.5407538655161566,4,time0,TIME0,0.7005739836577429,-1
0.0002763373604057442,False,236,goleiro_time0,0.957285375639734,5,goleiro0,GOL-TIME0,0.9721387760896851,0
0.00018830225932593117,False,236,time0,0.9411895038967516,0,time0,TIME0,0.9617072717421244,9
0.0010433469730280625,False,236,time1,0.8661737728044719,3,time1,TIME1,0.912647780882347,8
0.0008647620178550688,False,236,time0,0.8177514688990939,2,time0,TIME0,0.8812357880781618,5
0.0018414230110475613,False,236,time1,0.7849332752095111,1,time1,TIME1,0.8595621308323155,3
0.0016472997445724582,False,236,time0,0.6914987406475819,4,time0,TIME0,0.7988976265103278,-1
0.00025497687510987646,False,237,time0,0.9332107312360346,0,time0,TIME0,0.9564977333971341,9
0.0005529628806919768,False,237,goleiro_time0,0.9119157029069115,5,goleiro0,GOL-TIME0,0.9425516698812503,0
0.0007333824199491643,False,237,time0,0.8382959836578389,2,time0,TIME0,0.8946357055306131,5
0.0015644899003818566,False,237,time1,0.8214238770234733,1,time1,TIME1,0.883377948600124,3
0.0024460313463200677,False,237,time1,0.7253031207286067,3,time1,TIME1,0.8205909175023823,8
0.0023158447709052837,False,237,time0,0.5826923375516678,4,time0,TIME0,0.7279394737387672,-1
0.0005273845312440203,False,238,time1,0.9362006402398272,1,time1,TIME1,0.9583458315699522,3
0.0002544759182894746,False,238,time0,0.9343733601044663,0,time0,TIME0,0.9572536174965017,9
0.000827197637885249,False,238,goleiro_time0,0.8613152482733308,5,goleiro0,GOL-TIME0,0.9095653922044051,0
0.0014941132418516089,False,238,time1,0.8020380293883722,3,time1,TIME1,0.8708017794677938,8
0.0018912279965885915,False,238,time0,0.6168587918102592,4,time0,TIME0,0.7502962848778625,-1
0.006567469288147089,False,238,time0,0.3463299129100143,2,time0,TIME0,0.5728158291406578,5
0.00020250596676606202,False,239,time0,0.9547799644312743,0,time0,TIME0,0.9705360997919601,9
0.0006111914187675863,False,239,time1,0.9288896168994739,1,time1,TIME1,0.9535643339880895,3
0.000782454728554629,False,239,goleiro_time0,0.8560398688423259,5,goleiro0,GOL-TIME0,0.9061520555925177,0
0.0033613470580817037,False,239,time1,0.6240626193103553,3,time1,TIME1,0.7544642310814024,8
0.002697690298848275,False,239,time0,0.49020078270931083,4,time0,TIME0,0.6676863171564551,-1
0.004200725335872893,False,239,time0,0.434943287851701,2,time0,TIME0,0.6312428832360502,7
0.0002354215998540471,False,240,time0,0.9428579151771145,0,time0,TIME0,0.9627752473051755,9
0.0003689581860766285,False,240,time1,0.9060700110267367,1,time1,TIME1,0.938816371802252,3
0.0009398288842992516,False,240,goleiro_time0,0.8171471344213702,5,goleiro0,GOL-TIME0,0.8808166972643858,0
0.003285944140396613,False,240,time0,0.7461906006479893,2,time0,TIME0,0.8338738099720542,7
0.0028299173303182076,False,240,time1,0.6212582137368806,3,time1,TIME1,0.752827367863361,8
0.011629558891903953,False,240,time1,0.06424652174223663,4,time1,TIME1,0.3876898935202874,1
0.00030069935047085034,False,241,goleiro_time0,0.938009636367816,5,goleiro0,GOL-TIME0,0.9596010188664157,0
0.00042835108285242977,False,241,time0,0.9078594120809067,0,time0,TIME0,0.939958694973591,9
0.0009005174843215976,False,241,time1,0.9035691450575498,4,time1,TIME1,0.9370047631678948,1
0.0012511087248889847,False,241,time1,0.8451291298140617,1,time1,TIME1,0.898896046325429,3
0.003643293846273666,False,241,time0,0.6774320076392094,2,time0,TIME0,0.7890556521192904,7
0.003196248898498286,False,241,time1,0.5551166467088281,3,time1,TIME1,0.7097071332462639,8
0.00016075430158217537,False,242,goleiro_time0,0.9673147581366204,5,goleiro0,GOL-TIME0,0.9786983287832496,0
0.0005818397475888052,False,242,time0,0.8783879124413797,0,time0,TIME0,0.9207484991752406,9
0.0009350395453278388,False,242,time1,0.8582819286150937,1,time1,TIME1,0.9075559897589462,3
0.0014219196541030846,False,242,time0,0.7159347136274007,2,time0,TIME0,0.8148598919788743,7
0.0031299820695311303,False,242,time1,0.671912226414055,4,time1,TIME1,0.7856474534447999,1
0.0021974323676213566,False,242,time1,0.6229272094017058,3,time1,TIME1,0.7541335847824413,8
0.00048465082682658023,False,243,time0,0.9141750452091962,2,time0,TIME0,0.9440441515965883,7
0.00036830982634552964,False,243,time0,0.9109902345451429,0,time0,TIME0,0.9420147440151221,9
0.0007537301095101501,False,243,time1,0.886941989142877,1,time1,TIME1,0.9262484874045416,3
0.0016797120491015883,False,243,time1,0.7923117865971201,4,time1,TIME1,0.8644147620709426,1
0.001262800710575054,False,243,time1,0.7873049851005817,3,time1,TIME1,0.8613062600666768,8
0.20925528289805745,False,243,time0,0.0,5,time0,TIME0,0.27676065098567987,4
0.0004582768415677613,False,244,time0,0.9087772369767704,0,time0,TIME0,0.940544807140352,9
0.000903061509914374,False,244,time1,0.8664860673708579,1,time1,TIME1,0.9128998722625876,3
0.0011749559827261447,False,244,time0,0.8376150889931757,5,time0,TIME0,0.8940385732516101,4
0.0025646564197129755,False,244,time1,0.6626510593264682,3,time1,TIME1,0.7798255588153048,8
0.0024850307422017706,False,244,time0,0.6152797437418492,2,time0,TIME0,0.7490620726724313,7
0.0053625470115393255,False,244,time1,0.40487590525677847,4,time1,TIME1,0.6112924469628672,1
0.000283552087314912,False,245,time0,0.943160108060587,0,time0,TIME0,0.9629548270088214,9
0.0006912114390166497,False,245,time0,0.8945541242065657,2,time0,TIME0,0.931218256730612,7
0.0011898094069883608,False,245,time0,0.8226464715852619,5,time0,TIME0,0.8843037732379744,4
0.0015465044623200223,False,245,time1,0.7906248817626644,3,time1,TIME1,0.8633648965839199,8
0.0019330063089515674,False,245,time1,0.7327743716110852,1,time1,TIME1,0.8256267893390723,3
0.0019451914133063598,False,245,time1,0.7007458261408261,4,time1,TIME1,0.8048039699968798,1
0.0003215737435317006,False,246,time0,0.9311420523450498,0,time0,TIME0,0.9551297832140463,9
0.0007172093451920074,False,246,time0,0.8705626246154083,2,time0,TIME0,0.9156146827291982,7
0.0010321030556632034,False,246,time1,0.8478087644478789,1,time1,TIME1,0.9007144608216392,3
0.0008974119528208554,False,246,time1,0.7886450005977975,4,time1,TIME1,0.862305156205081,1
0.002083960891640338,False,246,time1,0.7460987212527813,3,time1,TIME1,0.8342347825022338,8
0.045935724021939434,False,246,time0,0.0,5,time0,TIME0,0.33392249659232115,-1
0.00012834603027672445,False,247,time0,0.9668813360379286,0,time0,TIME0,0.9784279473140567,9
6.385337582022542e-05,False,247,time0,0.8764401321878919,2,time0,TIME0,0.9196637372405927,7
0.001061487550687526,False,247,time1,0.8398015774879083,1,time1,TIME1,0.8954995047243997,3
0.0019082170508383145,False,247,time1,0.7553352946864902,3,time1,TIME1,0.8403000655784252,8
0.002136352010644005,False,247,time1,0.5659943065792746,4,time1,TIME1,0.7171485760728031,1
0.027420855899568695,False,247,time0,0.0,5,time0,TIME0,0.340402700435151,6
0.0003284792819916366,False,248,time1,0.9455824603155489,1,time1,TIME1,0.9645136314564098,3
0.0005020619744223707,False,248,time0,0.9296796628861994,2,time0,TIME0,0.9541160591849818,7
0.0006208336643741888,False,248,time0,0.9063447927425666,5,time0,TIME0,0.9389068235001373,6
0.0005660624868083332,False,248,time0,0.8812517450314827,0,time0,TIME0,0.9226155124000809,9
0.0012329536377707502,False,248,time1,0.8439265720656242,4,time1,TIME1,0.898120738069436,1
0.0020955376133742123,False,248,time1,0.7353588688197364,3,time1,TIME1,0.8272498265681477,8
0.000407512227819094,False,249,time1,0.9297178439605605,1,time1,TIME1,0.9541739692946276,3
0.0005984644926656784,False,249,time0,0.8996874782417508,0,time0,TIME0,0.934587398284705,9
0.001836800885978629,False,249,time0,0.8100198484960776,5,time0,TIME0,0.8758700212123579,6
0.001797512721427958,False,249,time1,0.7845633103616289,4,time1,TIME1,0.8593370222825589,1
0.0018450777712219243,False,249,time0,0.6944868909214059,2,time0,TIME0,0.8007707018789862,7
0.0024472487203503848,False,249,time1,0.6569657667190701,3,time1,TIME1,0.776171211315273,8
0.0005591364017372004,False,250,time0,0.9157919378633144,5,time0,TIME0,0.9450690618705463,6
0.0005084927086003542,False,250,time0,0.9033735099489583,0,time0,TIME0,0.9370148090188127,9
0.000865442541910856,False,250,time1,0.8774554716265184,1,time1,TIME1,0.920043151667568,3
0.001698258790141895,False,250,time1,0.7889937840807305,4,time1,TIME1,0.8622515690759252,1
0.0029746571972746145,False,250,time0,0.6524287963796548,2,time0,TIME0,0.7730375876277296,7
0.0024444253623100783,False,250,time1,0.6143662227322956,3,time1,TIME1,0.7484824958991836,8
0.00012984342164161085,False,251,time0,0.9639639190044199,0,time0,TIME0,0.9765311021552984,9
0.0006058498579125263,False,251,time0,0.9021835165173417,2,time0,TIME0,0.9362072382860027,7
0.0018509972245415343,False,251,time1,0.7628969513191184,1,time1,TIME1,0.8452351693288374,3
0.0014824852804206762,False,251,time1,0.730859005245627,4,time1,TIME1,0.8245394835615103,1
0.0018116017102889068,False,251,time1,0.6809798423855555,3,time1,TIME1,0.79200283695201,8
0.003006326373999274,False,251,time0,0.5813143943578939,5,time0,TIME0,0.7268021421017312,6
0.0005848171291145274,False,252,time1,0.9198578533181868,1,time1,TIME1,0.9477029186616314,3
0.0007013667918470655,False,252,time0,0.9017549587848648,0,time0,TIME0,0.9358952448330156,9
0.0007246568575961788,False,252,time0,0.8843977510402681,2,time0,TIME0,0.9246049082760156,7
0.0019491769485548047,False,252,time1,0.7767392260148569,4,time1,TIME1,0.8541982849776628,1
0.0026127158057526246,False,252,time0,0.6369153843272723,5,time0,TIME0,0.7630805492807136,6
0.0024023465113675226,False,252,time1,0.6045254496282079,3,time1,TIME1,0.7421007209793564,8
0.0005524806694835187,False,253,time1,0.9136785555386253,1,time1,TIME1,0.9436976928657872,3
0.001536344797237874,False,253,time0,0.7887391635388998,2,time0,TIME0,0.8621427356212517,7
0.001725916761037207,False,253,time0,0.7681114834015204,5,time0,TIME0,0.8486683933446253,6
0.0009812553169208423,False,253,time1,0.766349734561084,3,time1,TIME1,0.8477838881037822,8
0.002876121534930093,False,253,time0,0.7296366603620474,0,time0,TIME0,0.8232571866981053,9
0.0025578126225513764,False,253,time1,0.6663576500173499,4,time1,TIME1,0.7822372380933844,1
0.00038977624083690087,False,254,time1,0.9461076199969677,1,time1,TIME1,0.9648335313137362,3
0.0011211863636744796,False,254,time0,0.9007845317043076,0,time0,TIME0,0.9351175303805139,9
0.0015562786628296444,False,254,time0,0.8083979547756595,2,time0,TIME0,0.8749139730721882,7
0.0022905313459108327,False,254,time1,0.7134810500205546,3,time1,TIME1,0.8129609965422917,8
0.0020481554030537105,False,254,time0,0.6845486282184078,5,time0,TIME0,0.7942397539508963,6
0.004379750546581604,False,254,time1,0.5570974866395925,4,time1,TIME1,0.7105804536244316,1
0.000611064942960886,False,255,time0,0.9065308608056832,2,time0,TIME0,0.9390311867936578,7
0.0009891634792748086,False,255,time1,0.8786244217829631,1,time1,TIME1,0.9207596669411797,3
0.0009251502837955148,False,255,time0,0.8418220191290023,0,time0,TIME0,0.8968605098345231,9
0.001209919415380317,False,255,time0,0.8011740195294053,5,time0,TIME0,0.8703396408987303,6
0.0035901413358111313,False,255,time1,0.64549620592403,4,time1,TIME1,0.7683159843830856,1
0.005527410584628487,False,255,time1,0.45144687129686123,3,time1,TIME1,0.6415058726383398,8
0.00026874414462538205,False,256,time0,0.9449544606245309,0,time0,TIME0,0.9641263389553262,9
0.0007482505058672715,False,256,time1,0.9066457757224001,1,time1,TIME1,0.9390578665425064,3
0.001334915358750684,False,256,time1,0.828152133838833,4,time1,TIME1,0.8878316666196788,1
0.00140923625637749,False,256,time1,0.7698318639050971,3,time1,TIME1,0.849897478848581,8
0.0015694991134592618,False,256,time0,0.74438426604026,5,time0,TIME0,0.8333004482364582,6
0.002995613928977372,False,256,time0,0.6792134345212064,2,time0,TIME0,0.790440267563642,7
0.00039124839284605784,False,257,time0,0.944064193268668,0,time0,TIME0,0.963504788687138,9
0.0006202270573863368,False,257,time0,0.9197862004509605,2,time0,TIME0,0.9476439508230391,7
0.0006548020322579563,False,257,time0,0.8769975046345502,5,time0,TIME0,0.9198191973011673,6
0.0012034671706760436,False,257,time1,0.8634302007674756,1,time1,TIME1,0.9108084169891224,3
0.0020471787034024498,False,257,time1,0.7058895128328926,4,time1,TIME1,0.8081116707951893,1
0.002194364682471115,False,257,time1,0.6378428739015745,3,time1,TIME1,0.7638298403971584,8
0.0003288580752570709,False,258,time0,0.9170742040434208,5,time0,TIME0,0.9459831323018835,6
0.0008733738382270587,False,258,time0,0.8935247494790135,2,time0,TIME0,0.9304854063179793,7
0.0007983199592704473,False,258,time0,0.8665392376257853,0,time0,TIME0,0.9129710924710158,9
0.0011823812743507996,False,258,time1,0.842884315805759,1,time1,TIME1,0.8974609718277206,3
0.0017444235249673334,False,258,time1,0.7717422396373096,4,time1,TIME1,0.8510219075305128,1
0.0012891066637212437,False,258,time1,0.7059862510793302,3,time1,TIME1,0.8084398758692621,8
0.0002875987043408407,False,259,time1,0.9465921379832661,1,time1,TIME1,0.9651842301426037,3
0.0005332379817459339,False,259,time0,0.9292809076712473,0,time0,TIME0,0.9538459566926996,9
0.000585898692581452,False,259,time0,0.8918407199507983,2,time0,TIME0,0.9294914034256154,7
0.0014435121639083562,False,259,time1,0.7984426343612386,4,time1,TIME1,0.8684824830774371,1
0.0016201957711938597,False,259,time0,0.7491085103385734,5,time0,TIME0,0.8363534632001548,6
0.001970345538648569,False,259,time1,0.6643576304797718,3,time1,TIME1,0.7811428388733246,8
0.00047570909383085514,False,260,time0,0.9269269559788453,2,time0,TIME0,0.9523360232034086,7
0.0011484657696000371,False,260,time1,0.8282730567968466,1,time1,TIME1,0.8879755238985902,3
0.0011051600069409797,False,260,time0,0.8017086457569886,5,time0,TIME0,0.8707238137396133,6
0.0036944779406511744,False,260,time0,0.746789095773609,0,time0,TIME0,0.8341198449736179,9
0.0014218301621965385,False,260,time1,0.7378460163704099,3,time1,TIME1,0.8291022700839976,8
0.00202110693089153,False,260,time1,0.7124678723652476,4,time1,TIME1,0.8123967296115988,1
0.0003783449688173508,False,261,time0,0.9080200940023279,2,time0,TIME0,0.9400806403624271,7
0.0009156863624811512,False,261,time0,0.8634636975534355,0,time0,TIME0,0.9109309131828647,9
0.0009844588633668493,False,261,time1,0.8427986239302744,1,time1,TIME1,0.8974745449524999,3
0.0010604157785686532,False,261,time0,0.8260091581961779,5,time0,TIME0,0.8865348073050165,6
0.0019218780613978902,False,261,time1,0.7670507573212855,4,time1,TIME1,0.8479103349373462,1
0.0017433540865376335,False,261,time1,0.6933380583568294,3,time1,TIME1,0.8000595640016509,8
0.0002106624767705496,False,262,time0,0.9612415904898344,0,time0,TIME0,0.9747333019515225,9
0.000617836852349483,False,262,time1,0.9318092213996891,4,time1,TIME1,0.9554597510114756,1
0.0005247642548941358,False,262,time1,0.9108333292876445,1,time1,TIME1,0.9418579965477559,3
0.00039056074089181846,False,262,time0,0.8986171228559439,5,time0,TIME0,0.9339644335970514,6
0.0008536587306290676,False,262,time0,0.8669702528035688,2,time0,TIME0,0.9132318837665996,7
0.005072262865115064,False,262,time1,0.4415162351188344,3,time1,TIME1,0.6352102608244521,8
0.0006799810671954683,False,263,time0,0.8730262859341942,2,time0,TIME0,0.9172290924837079,7
0.0008979802568668467,False,263,time0,0.8312527048167884,5,time0,TIME0,0.8899999650410091,6
0.003755933920120627,False,263,time0,0.793731930064234,0,time0,TIME0,0.8646111776697099,9
0.0013992529370250206,False,263,time1,0.7806586694772029,1,time1,TIME1,0.8569383966322232,3
0.0017724775127688234,False,263,time1,0.7259633350783878,4,time1,TIME1,0.821255800671483,1
0.00032043492858147823,False,263,time1,0.6974372674104663,3,time1,TIME1,0.8032220715917996,8
0.0005680145670691486,False,264,time1,0.8910530008113914,4,time1,TIME1,0.9289856454289303,1
0.000655244418553354,False,264,time0,0.8819520477613808,2,time0,TIME0,0.9230394954984038,7
0.000812569211698731,False,264,time0,0.8610153612915072,5,time0,TIME0,0.9093755856153851,6
0.0045458540188748385,False,264,time0,0.7128559649142566,0,time0,TIME0,0.8117653282876606,9
0.002893167612367434,False,264,time1,0.6422452005028402,3,time1,TIME1,0.7664467716625175,8
0.11008656819997573,False,264,time0,0.0,1,time0,TIME0,0.3114697011300085,4
5.973227732870832e-05,False,265,time1,0.9793099097962297,4,time1,TIME1,0.9865305350704843,1
0.00022048375692261746,False,265,time0,0.9133586283186432,5,time0,TIME0,0.9436059390921951,6
0.00048264126678678707,False,265,time0,0.9110209389538839,1,time0,TIME0,0.9419946858766491,4
0.0011181424212749543,False,265,time0,0.8742022822822221,0,time0,TIME0,0.917840133635998,9
0.000896027364888058,False,265,time0,0.84294876860534,2,time0,TIME0,0.8976030900157601,7
0.001248589456694391,False,265,time1,0.8036582699408785,3,time1,TIME1,0.8719408691517281,8
0.0005287984424885998,False,266,time0,0.9201882866763499,1,time0,TIME0,0.9479373068847564,4
0.000910162215814493,False,266,time1,0.8509429777842253,3,time1,TIME1,0.9027943787842114,8
0.002078591580177069,False,266,time0,0.8496016176371961,0,time0,TIME0,0.9015135444111155,9
0.0007891300435044142,False,266,time0,0.8288952817947488,2,time0,TIME0,0.8885057376513601,7
0.0011740238260986634,False,266,time0,0.7700303106614765,5,time0,TIME0,0.8501087935908251,6
0.00022843587887807023,False,267,time0,0.9397755389371483,5,time0,TIME0,0.960774147751539,6
0.0009491284327240409,False,267,time0,0.9334555920763865,0,time0,TIME0,0.9564139398981979,9
0.0005353948178654907,False,267,time1,0.905166434433155,3,time1,TIME1,0.9381707941952979,8
0.0006412385800522855,False,267,time0,0.9024911939175213,1,time0,TIME0,0.9363948425433706,4
0.001517192514589555,False,267,time0,0.7728034206209308,2,time0,TIME0,0.8517912060234987,7
0.06295094318881078,False,267,time1,0.0,4,time1,TIME1,0.3279671698839162,3
0.00045438840808186123,False,268,time0,0.922795918428163,0,time0,TIME0,0.9496583110354773,9
0.0008809964787839495,False,268,time1,0.8840772098651873,4,time1,TIME1,0.9243418376447974,3
0.0008222149071067196,False,268,time0,0.8705706360341995,2,time0,TIME0,0.9155831382047424,7
0.0009166519010102806,False,268,time0,0.8620175688195557,1,time0,TIME0,0.9099905915673576,4
0.0008826381783847601,False,268,time0,0.8159994968865828,5,time0,TIME0,0.8800907496138441,6
0.0013467568020085702,False,268,time1,0.7740904853362405,3,time1,TIME1,0.8526874505878533,8
0.00023542723114748624,False,269,time1,0.8927661371994974,4,time1,TIME1,0.9302155896487717,3
0.000870626172887754,False,269,time0,0.8643244646944531,1,time0,TIME0,0.9115061828908837,4
0.0004900499689253646,False,269,time0,0.8617346707605767,5,time0,TIME0,0.9099560185052511,6
0.0009455257239647096,False,269,time0,0.840115618141675,2,time0,TIME0,0.8957442177887012,7
0.004151706093329926,False,269,time0,0.7536997345314317,0,time0,TIME0,0.8384517303127652,9
0.0023218474253171475,False,269,time1,0.6881207527751139,3,time1,TIME1,0.796465842704963,8
0.0004308527976458528,False,270,time1,0.8896868016279338,4,time1,TIME1,0.9281456225789808,3
0.0008759952814215298,False,270,time0,0.8614630271102848,1,time0,TIME0,0.9096443692731876,4
0.0011658086314213316,False,270,time1,0.8481740864964884,3,time1,TIME1,0.90090512320172,8
0.000978845224793645,False,270,time0,0.8332516737049447,2,time0,TIME0,0.8912709920795362,7
0.00035555159836927997,False,270,time0,0.8147537703973909,5,time0,TIME0,0.8794655076988749,6
0.003778589374611813,False,270,time0,0.7144086280011361,0,time0,TIME0,0.8130431019196244,9
0.0004941779606781073,False,271,time0,0.9181630747875908,1,time0,TIME0,0.9466330363256967,4
0.001065455329605307,False,271,time0,0.876904851470201,0,time0,TIME0,0.9196152440902687,9
0.0008723469135262056,False,271,time0,0.8258640695993497,5,time0,TIME0,0.8865063238198431,6
0.0014411991735437035,False,271,time1,0.808593871551278,3,time1,TIME1,0.8750815967975905,8
0.0014592397069629693,False,271,time0,0.8003663724964895,2,time0,TIME0,0.869727408225281,7
7.95871018828376e-05,False,272,time0,0.9803082913755944,5,time0,TIME0,0.9871725339084774,6
0.0002784493491072814,False,272,time0,0.9477614206531708,2,time0,TIME0,0.9659474661523735,7
0.00033479713663897104,False,272,time1,0.8973233711892364,3,time1,TIME1,0.93314301227518,8
0.001209370998424669,False,272,time0,0.8882382754836201,0,time0,TIME0,0.9269315992149045,9
0.0548805898431821,False,272,time1,0.0,1,time1,TIME1,0.33079179355488625,1
0.00012451416338708223,False,273,time1,0.9458702583159386,1,time1,TIME1,0.9647720879481747,1
0.0010089858351100096,False,273,time0,0.8552211051573774,2,time0,TIME0,0.9055405733100068,7
0.0007627162333325348,False,273,time0,0.8500154647499126,5,time0,TIME0,0.9022431014057768,6
0.0013811164179554232,False,273,time1,0.8380986049721362,4,time1,TIME1,0.8942807024856041,3
0.0013365682194736261,False,273,time1,0.8044015190537316,3,time1,TIME1,0.8723931885081098,8
0.0019443943062566707,False,273,time0,0.8033303430260352,0,time0,TIME0,0.871484184959733,9
0.0001587350770252637,False,274,time1,0.9738633999818871,1,time1,TIME1,0.9829556527112677,1
0.0003908039011571672,False,274,time0,0.9364934742573705,5,time0,TIME0,0.9585839769018858,6
0.0007762712132318603,False,274,time0,0.8535910985077043,0,time0,TIME0,0.9045625191053768,9
0.0012463846277496683,False,274,time0,0.8305316142992306,2,time0,TIME0,0.8894093146747875,7
0.0287845680695311,False,274,time0,0.0,3,time0,TIME0,0.3399254011756641,4
3.4190176161492934e-05,False,275,time0,0.9678360708997343,3,time0,TIME0,0.9790814795231708,4
0.0004200363766248202,False,275,time1,0.9307408448336756,1,time1,TIME1,0.9548345364100705,1
0.00024738863110210024,False,275,time0,0.9162391635762044,5,time0,TIME0,0.9454688703036471,6
0.00449787458705555,False,275,time0,0.6788553752427486,0,time0,TIME0,0.7896817378023172,9
0.005928769000929394,False,275,time0,0.5927874181277735,2,time0,TIME0,0.7332367526327275,7
0.08967722500619407,False,275,time1,0.0,4,time1,TIME1,0.31861297124783206,8
0.00012796603211742374,False,276,time1,0.9780553007136666,1,time1,TIME1,0.9856911573526422,1
0.00047426093823428107,False,276,time0,0.9277320895866722,3,time0,TIME0,0.9528598669029549,4
0.0005064012157776405,False,276,time1,0.897056441831577,4,time1,TIME1,0.9329094467650029,8
0.0004526426563833602,False,276,time0,0.8362611869730062,5,time0,TIME0,0.8934113466027199,6
0.004730376589557092,False,276,time0,0.6898710364940381,0,time0,TIME0,0.7967605419147799,9
0.004632133145682925,False,276,time0,0.5742679373882972,2,time0,TIME0,0.7216529127014042,7
0.00026962800403345754,False,277,time0,0.9617149049301815,3,time0,TIME0,0.9750203184032062,4
0.0007130921087024096,False,277,time1,0.8907514212015731,1,time1,TIME1,0.9287388415429767,1
0.0006362672133253812,False,277,time0,0.8735073328538784,5,time0,TIME0,0.917557072830357,6
0.0012720386698986262,False,277,time0,0.8151351291573267,2,time0,TIME0,0.8793926204177978,7
0.0026842516990133584,False,277,time0,0.8139215443879213,0,time0,TIME0,0.8781095157574941,9
0.08565714304080949,False,277,time1,0.0,4,time1,TIME1,0.32001999993571667,3
0.0002851293568015993,False,278,time0,0.958357531552863,3,time0,TIME0,0.9728326002344804,4
0.0003210356506140245,False,278,time1,0.9251254564420666,4,time1,TIME1,0.9512191842096283,3
0.00020133582457531124,False,278,time0,0.8985810890515182,5,time0,TIME0,0.9340072403448856,6
0.0008432273429553883,False,278,time0,0.8887334540010405,2,time0,TIME0,0.927381615530642,7
0.0018926746809463393,False,278,time0,0.8012578997259754,0,time0,TIME0,0.8701551986835527,9
0.032865674992141374,False,278,time1,0.0,1,time1,TIME1,0.33849701375275054,8
0.00016189906490317012,False,279,time0,0.9359068045412212,0,time0,TIME0,0.9582827582790776,9
0.0008327986948298685,False,279,time0,0.8681096214222865,5,time0,TIME0,0.9139797743812959,6
0.0007342483708294559,False,279,time1,0.8607243464567463,1,time1,TIME1,0.9092138382670949,8
0.0011075984077324925,False,279,time0,0.8515770913429888,3,time0,TIME0,0.9031374499302364,4
0.0034790118691123075,False,279,time1,0.7390464443820102,4,time1,TIME1,0.8291625346941174,3
0.11312822480168831,False,279,time0,0.0,2,time0,TIME0,0.31040512131940906,10
0.00013533390737856767,False,280,time0,0.9800514537842698,3,time0,TIME0,0.9869860780921929,4
0.00013934009070295603,False,280,time0,0.9456535426070524,5,time0,TIME0,0.9646260336628381,6
0.0011845469379033152,False,280,time0,0.8647328871543769,2,time0,TIME0,0.9116617852220789,10
0.0008137388972981219,False,280,time1,0.8359895677346759,1,time1,TIME1,0.893108410413485,8
0.0037194463855070125,False,280,time1,0.7253327783171539,4,time1,TIME1,0.8201644996712225,3
0.005153902211988301,False,280,time0,0.5566051030783085,0,time0,TIME0,0.7099894512267046,9
6.545199095298936e-05,False,281,time1,0.9535741416688167,4,time1,TIME1,0.9698002838878974,3
0.00036784656367850856,False,281,time0,0.9457685463672252,3,time0,TIME0,0.9646208088414088,4
0.0006883698680543197,False,281,time0,0.9317095776752046,0,time0,TIME0,0.9553702960350641,9
0.0003295020720040637,False,281,time1,0.9278768727390969,1,time1,TIME1,0.9530046415552116,8
0.00027820116633697344,False,281,time0,0.889061533090508,5,time0,TIME0,0.9277926261006122,6
0.0017722299387869956,False,281,time1,0.822111637664567,2,time1,TIME1,0.8837522840033931,10
0.00023589313189792022,False,282,time0,0.9622080085191911,3,time0,TIME0,0.97535264294131,4
0.0004738047527333389,False,282,time0,0.9431372064359992,0,time0,TIME0,0.9628733525199429,9
0.0005545923030584425,False,282,time1,0.9375767529501315,2,time1,TIME1,0.9592307821115151,10
0.0009004491985471016,False,282,time1,0.8735911230291926,4,time1,TIME1,0.9175190727494837,3
0.0008823422057187796,False,282,time0,0.8734736951926125,5,time0,TIME0,0.9174490821031965,6
0.03507027503239564,False,282,time1,0.0,1,time1,TIME1,0.3377254037386615,1
0.00035985725489340824,False,283,time0,0.9553116300515,0,time0,TIME0,0.9708266094942624,9
0.0005160888668583692,False,283,time0,0.9256743995649821,3,time0,TIME0,0.9515077286138378,4
0.0007242180732992873,False,283,time1,0.9104160332760447,4,time1,TIME1,0.9415169453037743,3
0.0006610247129729323,False,283,time0,0.898314806681156,5,time0,TIME0,0.933673265693211,6
0.000785941260179045,False,283,time1,0.8863438459669296,1,time1,TIME1,0.9258484204374416,1
0.0014029580237137225,False,283,time1,0.8553893721648407,2,time1,TIME1,0.9055120565988466,10
0.00020324667209970648,False,284,time1,0.9729756678149997,1,time1,TIME1,0.9823630477445149,1
0.00023177949740682863,False,284,time1,0.9386501252065108,2,time1,TIME1,0.9600414585601396,10
0.0005468213210419482,False,284,time1,0.9250884184581403,4,time1,TIME1,0.9511160845354265,3
0.0005855760346871023,False,284,time0,0.9213258723392264,3,time0,TIME0,0.9486568654083566,4
0.0006900468266545914,False,284,time0,0.9187132753258602,5,time0,TIME0,0.94692211257248,6
0.0005846062346386137,False,284,time0,0.883799020605818,0,time0,TIME0,0.9242647512116582,9
0.0002487602822796996,False,285,time1,0.9661946327484636,4,time1,TIME1,0.9779394451877035,3
0.00026202669643955,False,285,time0,0.9630096021569523,3,time0,TIME0,0.9758645320582651,4
0.00047231479366114466,False,285,time0,0.9340733385438845,5,time0,TIME0,0.9569823598757435,6
0.00032951356288662194,False,285,time0,0.9276642042804021,0,time0,TIME0,0.9528664030352512,9
0.0010216497516042475,False,285,time1,0.851402441649878,1,time1,TIME1,0.9030540096593591,1
0.0016498783696438425,False,285,time1,0.8173690439748955,2,time1,TIME1,0.8807124211543068,10
0.00026210464673116454,False,286,time1,0.9643684307231568,4,time1,TIME1,0.976747743343696,3
0.00021743073342826708,False,286,time0,0.9474712255095916,3,time0,TIME0,0.9657801958245347,4
0.0005502709194985833,False,286,time0,0.9163218440062373,0,time0,TIME0,0.9454166037822298,9
0.0007051390989304237,False,286,time0,0.9003963474855362,5,time0,TIME0,0.935010827180973,6
0.0008326276252670152,False,286,time1,0.8947354143219489,2,time1,TIME1,0.9312865996404234,10
0.0009134876214212276,False,286,time1,0.8560807590192188,1,time1,TIME1,0.9061327726949948,1
0.00014021748173343249,False,287,time0,0.9799861164120608,3,time0,TIME0,0.9869418995492328,4
0.0007830817299565578,False,287,time1,0.8975639954568586,4,time1,TIME1,0.9331425184414733,3
0.0008053192004239154,False,287,time0,0.8773955256015434,0,time0,TIME0,0.9200252299208549,9
0.001103931268859038,False,287,time1,0.8317510541242115,1,time1,TIME1,0.8902518092366368,1
0.00041645756281332515,False,287,time0,0.8118501382189464,5,time0,TIME0,0.8775568296953304,6
0.0017446790131994002,False,287,time1,0.7856227931768215,2,time1,TIME1,0.8600441779103142,10
2.7840258654216868e-05,False,288,time0,0.995039866430037,3,time0,TIME0,0.9967661690889951,4
5.399766741130959e-05,False,288,time1,0.9918917340668905,2,time1,TIME1,0.9947107279598848,10
1.4311258486194084e-05,False,288,time1,0.985670020410928,4,time1,TIME1,0.990680504326633,3
0.00032997515138532326,False,288,time0,0.9630380191884095,0,time0,TIME0,0.9758592211694812,9
4.775274055063048e-05,False,288,time1,0.9587013789530532,1,time1,TIME1,0.9731391828602918,1
0.00016490921954206053,False,288,time0,0.9456035152210021,5,time0,TIME0,0.9645845666668116,6
0.0005357027126392027,False,289,time0,0.9041725078625965,0,time0,TIME0,0.937524634161264,9
0.000999948573055313,False,289,time1,0.8711970376618635,4,time1,TIME1,0.9159280924796419,3
0.001245380431152065,False,289,time0,0.8549051858992849,3,time0,TIME0,0.9052524876836319,4
0.0012149384705381473,False,289,time0,0.8295743872393841,5,time0,TIME0,0.8887981232409115,6
0.0029017050590801285,False,289,time1,0.6263826589690258,2,time1,TIME1,0.7561331315591887,10
0.0023459453026467214,False,289,time1,0.5990828127677478,1,time1,TIME1,0.7385827474431097,1
0.0006439631621617272,False,290,time0,0.9286006769508517,3,time0,TIME0,0.9533650529112969,4
0.00043281395900149355,False,290,time0,0.9231409442692238,5,time0,TIME0,0.9498901288893449,6
0.0007879930295534449,False,290,time1,0.8901222942548586,4,time1,TIME1,0.9283036937053144,3
0.0004559831295049724,False,290,time1,0.8599117672042874,1,time1,TIME1,0.9087830545874601,1
0.0010166382048376692,False,290,time0,0.8303698605750061,0,time0,TIME0,0.8893845860020608,9
0.0016973139504210825,False,290,time1,0.7613052104886628,2,time1,TIME1,0.8442543269349835,10
7.263355791464236e-05,False,291,time1,0.9893364736026043,2,time1,TIME1,0.9930432860964227,10
5.495807562918644e-05,False,291,time0,0.9875159519583991,5,time0,TIME0,0.9918661334464892,6
0.0001748519783620561,False,291,time1,0.9714085492266424,1,time1,TIME1,0.9813543588048907,1
0.00036789209598356813,False,291,time0,0.9500972223725321,3,time0,TIME0,0.9674344323085516,4
0.00027921317572006886,False,291,time0,0.9405695785349315,0,time0,TIME0,0.9612725014362035,9
0.0005373578563189445,False,291,time1,0.9234556327040455,4,time1,TIME1,0.950058086007918,3
0.001019891469009535,False,292,time0,0.8845131308985115,3,time0,TIME0,0.9245765730698792,4
0.001000069113174334,False,292,time0,0.8467845264434962,0,time0,TIME0,0.9000599179986615,9
0.0013616751637086427,False,292,time1,0.7762031983174293,4,time1,TIME1,0.8540554925990311,3
0.001744527627797397,False,292,time1,0.6312911863199032,1,time1,TIME1,0.759728686438208,1
0.003989949776642201,False,292,time1,0.5775216127222097,2,time1,TIME1,0.7239925658476115,10
0.0038812591165938762,False,292,time0,0.4509100594062698,5,time0,TIME0,0.6417330979232675,6
0.0003413587349739474,False,293,time1,0.9433149793387728,4,time1,TIME1,0.9630352610129614,3
0.00014104198426471718,False,293,time0,0.9293235254001587,0,time0,TIME0,0.9540109268156105,9
0.00027593862931759303,False,293,time1,0.8357148723609051,1,time1,TIME1,0.8931180885143271,1
0.0016703911930800025,False,293,time1,0.818687849015793,2,time1,TIME1,0.8815624649426874,10
0.0010285412371967722,False,293,time0,0.712670386207111,5,time0,TIME0,0.8128757616016034,6
0.19980102833303676,False,293,time1,0.0,3,time1,TIME1,0.28006964008343715,0
8.13829628977041e-06,False,294,time1,0.9918885380428722,2,time1,TIME1,0.9947247013241656,10
0.00031372095556321896,False,294,time1,0.9734433491343644,3,time1,TIME1,0.9826283746028897,0
0.00018431177767108702,False,294,time1,0.9719134104088497,4,time1,TIME1,0.9816792076435674,3
0.0002736496099993368,False,294,time1,0.9634880587640355,1,time1,TIME1,0.9761714608331233,1
0.0003099933183345738,False,294,time0,0.9273565732915483,0,time0,TIME0,0.9526732749780893,9
0.0006870826355459338,False,294,time0,0.8397346959637518,5,time0,TIME0,0.8955870734539977,6
0.000534408631260418,False,295,time1,0.8889065648009148,3,time1,TIME1,0.9276022240996535,0
0.0009882883458349452,False,295,time1,0.8633847541038376,4,time1,TIME1,0.9108541892464522,3
0.0010691475302711843,False,295,time0,0.8426563021041407,0,time0,TIME0,0.8973523947320965,9
0.0010554976808337404,False,295,time0,0.8228250424613143,5,time0,TIME0,0.8844668534115625,6
0.00115543487572375,False,295,time1,0.7391388887317376,1,time1,TIME1,0.8300358754691262,1
0.0030167368599351434,False,295,time1,0.7180137543929267,2,time1,TIME1,0.815653082454425,10
0.0003094698870727888,False,296,time1,0.9552014032042235,3,time1,TIME1,0.9707725976222699,0
0.00048324914208397224,False,296,time0,0.9238974193967513,0,time0,TIME0,0.950364185408159,9
0.0013355388596188534,False,296,time1,0.8684240990705475,2,time1,TIME1,0.9140082257949893,10
0.000788016112783308,False,296,time1,0.8198220393584935,1,time1,TIME1,0.8826085199435466,1
0.0019068971974138804,False,296,time1,0.76498194294743,4,time1,TIME1,0.8465708488967347,3
0.06410986216100503,False,296,time1,0.0,5,time1,TIME1,0.32756154824364825,8
1.315465153410785e-05,False,297,time1,0.9972652360814659,2,time1,TIME1,0.9982177993249159,10
2.7199759270210118e-05,False,297,time0,0.9956800374648717,0,time0,TIME0,0.997182504436422,9
6.1028512455279435e-06,False,297,time1,0.9905696905642078,3,time1,TIME1,0.9938681628687991,0
8.822276647029042e-05,False,297,time1,0.982586599377931,1,time1,TIME1,0.9886504116273906,1
0.00024289762385202752,False,297,time1,0.9683903912744515,4,time1,TIME1,0.9793687401600453,3
0.015406681492138183,False,297,time0,0.13262064510125332,5,time0,TIME0,0.4308110807935663,4
0.000191696419981615,False,298,time0,0.9677819537111425,0,time0,TIME0,0.9789911761652491,9
0.0006546452184920075,False,298,time0,0.926174816792917,5,time0,TIME0,0.9517845050889238,4
0.0030335140557938593,False,298,time1,0.6968333008587629,2,time1,TIME1,0.801879915638668,10
0.0048107959243166,False,298,time1,0.4279141434324271,1,time1,TIME1,0.6264604146575669,1
0.08433091925372166,False,298,time1,0.0,4,time1,TIME1,0.3204841782611974,8
0.00019914668461703942,False,299,time0,0.9459241702147153,0,time0,TIME0,0.9647810092999489,9
0.00039748844939889775,False,299,time1,0.9291257995706486,4,time1,TIME1,0.9537926487636319,8
0.0010285481367995446,False,299,time0,0.8297905114478066,5,time0,TIME0,0.8890038405931945,4
0.0036306558032898244,False,299,time1,0.6128020155818773,2,time1,TIME1,0.7470505805970689,10
0.031056852401263234,False,299,time1,0.0,1,time1,TIME1,0.33913010165955787,3
0.00013543830191977804,False,300,time1,0.9841714819502688,1,time1,TIME1,0.9896640598620029,3
0.00011690935525941526,False,300,time1,0.9837633427392285,2,time1,TIME1,0.9894052545061578,10
7.886126113457749e-05,False,300,time0,0.9827822819464439,0,time0,TIME0,0.9887808818237915,9
8.154800323506502e-05,False,300,time1,0.9676063282900516,4,time1,TIME1,0.9789155715874012,8
0.0010866460390138411,False,300,time0,0.8355961415023714,5,time0,TIME0,0.8927571658628866,4
0.0007243043183339405,False,301,time1,0.8950686871353,1,time1,TIME1,0.9315411401265281,3
0.0008367793597704742,False,301,time0,0.8582956192910172,0,time0,TIME0,0.9075992797632415,9
0.001490127402208924,False,301,time1,0.7626583515992055,4,time1,TIME1,0.8452063839487105,8
0.002390294528760336,False,301,time0,0.7499453323000214,5,time0,TIME0,0.8366278629099477,4
0.0015051684347876975,False,301,time1,0.7396267997649055,3,time1,TIME1,0.8302306108950129,0
0.0035181176000485003,False,301,time1,0.6365425956623945,2,time1,TIME1,0.7625213460205393,10
3.6197132996379845e-05,False,302,time0,0.9706706090644099,0,time0,TIME0,0.9809232268953177,9
0.0002718615728676691,False,302,time1,0.960129120131169,4,time1,TIME1,0.9739887765347562,8
0.0001369060655786424,False,302,time1,0.9575323478825999,3,time1,TIME1,0.9723481090007374,0
0.00034846210432366593,False,302,time0,0.9371199376265262,5,time0,TIME0,0.9590059977207288,4
0.0007839445861620765,False,302,time1,0.9038923042564911,2,time1,TIME1,0.9372556171615625,10
0.03263384833899354,False,302,time1,0.0,1,time1,TIME1,0.33857815308135225,1
2.8172971070804964e-06,False,303,time0,0.9992928501181869,0,time0,TIME0,0.999539366522834,9
8.569657806289784e-06,False,303,time0,0.9960163402647049,5,time0,TIME0,0.997407621791826,4
2.9404407480852857e-05,False,303,time1,0.9955954971839157,2,time1,TIME1,0.9971267816269269,10
3.0624112029569246e-05,False,303,time1,0.9950842583239449,4,time1,TIME1,0.9967940494713539,8
7.916162215085064e-05,False,303,time1,0.9883567077204073,1,time1,TIME1,0.9924041534505119,1
0.00015676229795613146,False,303,time1,0.967177267503495,3,time1,TIME1,0.9786103570729872,0
0.000316568842706028,False,304,time0,0.9394740854753811,0,time0,TIME0,0.9605473564640505,9
0.0002795401965985245,False,304,time1,0.9389762679489616,3,time1,TIME1,0.9602367350980155,0
0.0016617146381996495,False,304,time1,0.8311949080849808,1,time1,TIME1,0.8896950901318676,1
0.0019170560507780557,False,304,time0,0.7932679441813434,5,time0,TIME0,0.864953194100101,4
0.0020338675432893263,False,304,time1,0.7311226345178741,4,time1,TIME1,0.8245178587964668,8
0.004318258039803357,False,304,time1,0.5974902128668412,2,time1,TIME1,0.7368572480495157,10
0.0003290344463529367,False,305,time0,0.962077219285407,0,time0,TIME0,0.975235030479291,9
0.00023122950774760777,False,305,time1,0.9378003510208617,3,time1,TIME1,0.9594892978358485,0
0.0017356803077484306,False,305,time1,0.7914013577306188,1,time1,TIME1,0.8638033944171903,1
0.002628008572367839,False,305,time1,0.7541581111792703,2,time1,TIME1,0.8392829692661969,10
0.009494915953452535,False,305,time0,0.4723732636632232,5,time0,TIME0,0.6537194007973867,4
0.05646906347305355,False,305,time0,0.0,4,time0,TIME0,0.3302358277844312,6
0.00012473186868411492,False,306,time1,0.9876871432382187,2,time1,TIME1,0.9919529869508027,10
0.00010561076107920453,False,306,time0,0.9831182137593151,0,time0,TIME0,0.9889898751771771,9
0.00010666205000234718,False,306,time1,0.9718794822797907,3,time1,TIME1,0.9816843317643631,0
0.0007999447142585671,False,306,time1,0.9064481130347404,1,time1,TIME1,0.9389112928225907,1
0.004363231679967861,False,306,time1,0.5769311709665915,5,time1,TIME1,0.7234781300402957,8
0.15435022462829098,False,306,time1,0.0,4,time1,TIME1,0.29597742138009814,12
0.00024231980748603765,False,307,time1,0.9527447388268463,3,time1,TIME1,0.9691992683048299,0
0.00040471492085249037,False,307,time0,0.9203031400768791,0,time0,TIME0,0.948055390827673,9
0.0022079508120476624,False,307,time1,0.6849300499831225,4,time1,TIME1,0.794431749704813,12
0.003270734169014666,False,307,time1,0.668451118446634,2,time1,TIME1,0.7833484700311569,10
0.003416151617549207,False,307,time0,0.4634560622880629,1,time0,TIME0,0.6500507874210987,6
0.21534093384924546,False,307,time0,0.0,5,time0,TIME0,0.27463067315276407,-1
0.0002881205882652393,False,308,time1,0.9406665872056752,3,time1,TIME1,0.961332439477796,0
0.0005112271327902209,False,308,time0,0.8992444503931873,0,time0,TIME0,0.9343299632590952,9
0.00020817088308560495,False,308,time0,0.857875166721998,1,time0,TIME0,0.9075459985602188,6
0.0014676961848078367,False,308,time1,0.7622515869085562,4,time1,TIME1,0.8449498378258788,12
0.0023946978958354894,False,308,time1,0.7100868607327374,2,time1,TIME1,0.8107183152127369,10
0.0070302682612759584,False,308,time0,0.24819779952066248,5,time0,TIME0,0.5088679757969841,7
4.524910109779439e-05,False,309,time0,0.9911966419852628,0,time0,TIME0,0.9942619801050366,9
7.950333639293067e-05,False,309,time1,0.9814177588087116,2,time1,TIME1,0.987893717057925,10
0.00011246303054714889,False,309,time0,0.9738792162544412,5,time0,TIME0,0.9829821285046954,7
0.00020966406366350535,False,309,time1,0.9688076360771354,3,time1,TIME1,0.9796515810278559,0
0.0001381924229535884,False,309,time1,0.9682722013700787,4,time1,TIME1,0.9793285635425175,12
7.385485736234517e-05,False,309,time0,0.9407933776197248,1,time0,TIME0,0.9614898462527444,6
0.00017792331624317696,False,310,time1,0.9483353262304736,3,time1,TIME1,0.9663556888891227,0
0.0007142229333038332,False,310,time0,0.8691729316726684,0,time0,TIME0,0.914712427560578,9
0.0011359317279815125,False,310,time0,0.7373874204430947,1,time0,TIME0,0.828904247183218,6
0.0026096028673253772,False,310,time0,0.7262814196578771,5,time0,TIME0,0.8211695617740562,7
0.002227839119968186,False,310,time1,0.6337306024584496,4,time1,TIME1,0.7611451479060034,12
0.004759433251984986,False,310,time1,0.493496648491974,2,time1,TIME1,0.6691070198815883,10
0.00034126987722206794,False,311,time0,0.9609576297379439,0,time0,TIME0,0.9745030148726358,9
0.00022477229127074844,False,311,time1,0.9568110359586554,3,time1,TIME1,0.9718485030711812,0
0.00028405180119216736,False,311,time1,0.9132117838515437,4,time1,TIME1,0.9434882413730862,12
0.0006485364319551471,False,311,time0,0.8724032507860885,1,time0,TIME0,0.9168351252597733,6
0.0017502979279394302,False,311,time0,0.8097578940557768,5,time0,TIME0,0.875730026861476,7
0.0024921300275954363,False,311,time1,0.729307616308223,2,time1,TIME1,0.8231777050906866,10
1.0203537487368229e-05,False,312,time1,0.9939099349898137,3,time1,TIME1,0.9960378865052584,0
4.4983085898262556e-05,False,312,time1,0.9860659504622428,4,time1,TIME1,0.9909271237203934,12
0.00013891055238110303,False,312,time0,0.9825757284301304,5,time0,TIME0,0.9886256047862514,7
1.5511758057180136e-06,False,312,time0,0.9800454681309848,0,time0,TIME0,0.9870290113736082,9
0.00020925130507412973,False,312,time1,0.959635789426973,2,time1,TIME1,0.9736900251707565,10
0.00030786367476711937,False,312,time0,0.9032508483668495,1,time0,TIME0,0.9370052991522837,6
0.0006913602877999864,False,313,time0,0.8772662021780405,0,time0,TIME0,0.9199810553149963,9
0.0005624691128056937,False,313,time0,0.8516746778342607,1,time0,TIME0,0.9033916764027874,6
0.0009282002126150923,False,313,time1,0.8352041161620335,3,time1,TIME1,0.8925578054309065,0
0.002733096422192085,False,313,time1,0.591254586346913,4,time1,TIME1,0.7333588973777262,12
0.0056411095445714965,False,313,time1,0.5903669034205682,2,time1,TIME1,0.7317640988827693,10
0.14681029975630586,False,313,goleiro_time0,0.0,5,goleiro0,GOL-TIME0,0.2986163950852929,11
0.00019538139128429346,False,314,time0,0.9623006872866963,0,time0,TIME0,0.9754270632494031,9
0.00013790889240216595,False,314,time1,0.9561960949157594,3,time1,TIME1,0.9714791935829028,0
0.0003191380061897872,False,314,goleiro_time0,0.9483859368173716,5,goleiro0,GOL-TIME0,0.9663391606291252,11
0.0006054009271409697,False,314,time0,0.9037227861967602,1,time0,TIME0,0.9372079207033948,6
0.002546639121720693,False,314,time1,0.8241437499653326,2,time1,TIME1,0.884802113784864,10
0.0013617195038029292,False,314,time1,0.760422478561654,4,time1,TIME1,0.843798009238744,12
1.0663826761696423e-05,False,315,time0,0.998480143970917,5,time0,TIME0,0.9990083612417293,11
1.5903945858212286e-05,False,315,time0,0.9956792473963215,1,time0,TIME0,0.9971859444265587,6
1.0021973457476553e-05,False,315,time0,0.989106154003283,0,time0,TIME0,0.9929154924114239,9
8.791652049871153e-05,False,315,time1,0.9842110930757799,3,time1,TIME1,0.9897064397170824,0
0.00011683839335222633,False,315,time1,0.983753226688734,2,time1,TIME1,0.9893987039100038,10
0.0001438468884042263,False,315,time1,0.9735230598995763,4,time1,TIME1,0.9827396425237831,12
3.1810767607837464e-05,False,316,time0,0.9639179287442633,5,time0,TIME0,0.9765355199151085,11
0.0004972601552871198,False,316,time1,0.9092139412039784,3,time1,TIME1,0.9408150207282354,0
0.0007490068240888068,False,316,time0,0.8793826515860962,1,time0,TIME0,0.9213365711425314,6
0.00069900859893778,False,316,time0,0.8718605645686448,0,time0,TIME0,0.9164647139599909,9
0.004159127224899969,False,316,time1,0.7293023513931524,2,time1,TIME1,0.8225908338768341,10
0.006078208714950668,False,316,time1,0.49714276062740664,4,time1,TIME1,0.6710154213575816,12
3.917805944668815e-05,False,317,time1,0.9658135848220936,3,time1,TIME1,0.9777651178135545,0
0.0002163209881279602,False,317,time0,0.9543527287214529,5,time0,TIME0,0.9702535613230996,11
0.0005113887661316358,False,317,time0,0.9159736699499129,1,time0,TIME0,0.9452038993992973,6
0.0025685169503935467,False,317,time1,0.7951422426387992,2,time1,TIME1,0.8659434767825818,10
0.004491071172863118,False,317,time0,0.5470495035391029,4,time0,TIME0,0.7040103023899147,12
0.14061103426384405,False,317,time0,0.0,0,time0,TIME0,0.3007861380076546,7
3.243557800539332e-05,False,318,time1,0.9963917179701441,2,time1,TIME1,0.9976432642282919,10
0.00012006578401369618,False,318,time0,0.9907803477326493,0,time0,TIME0,0.9939652030018172,7
3.3211304530498974e-05,False,318,time1,0.9904444243378603,3,time1,TIME1,0.9937772518630235,0
0.0001211264837920907,False,318,time0,0.9892829527716864,4,time0,TIME0,0.992991525032269,12
4.990031167050879e-05,False,318,time0,0.9807538519348549,1,time0,TIME0,0.987472538648571,6
0.00015368059798775887,False,318,time0,0.9697318057101251,5,time0,TIME0,0.9802718855022856,11
0.0002456455174870122,False,319,time0,0.9221298193447643,1,time0,TIME0,0.9492984066429764,6
0.0010641207637926086,False,319,time0,0.8845376685527341,5,time0,TIME0,0.9245770422919497,11
0.0010392161402624136,False,319,time1,0.8403274056891802,3,time1,TIME1,0.8958490880488753,0
0.007510459509557741,False,319,time1,0.46590043300751927,2,time1,TIME1,0.6502066206265422,10
0.00454712151649,False,319,time0,0.4602412378430665,4,time0,TIME0,0.6475653120672218,12
0.005343700949496399,False,319,time0,0.45714813135092014,0,time0,TIME0,0.6452759900457743,7
0.0004028461938810486,False,320,time0,0.9367103271666887,1,time0,TIME0,0.9587207164904892,6
0.0005656659118460483,False,320,time1,0.910267129093454,3,time1,TIME1,0.941475650841599,0
0.0008615239733952006,False,320,time0,0.8295995668474034,0,time0,TIME0,0.8889381850601239,7
0.0017024751576889708,False,320,time0,0.7638202315497091,4,time0,TIME0,0.8458872842021198,12
0.003088956828517797,False,320,time1,0.7119609421067348,2,time1,TIME1,0.8116934774793964,10
0.019045770639310636,False,320,time0,0.0,5,time0,TIME0,0.34333398027624124,9
5.686678605235534e-05,False,321,time0,0.9882767021194401,5,time0,TIME0,0.9923599530025178,9
7.636101123843421e-05,False,321,time0,0.9847579134850255,1,time0,TIME0,0.9900659174113331,6
0.00029720274847032916,False,321,time0,0.9633818360141116,0,time0,TIME0,0.976094172447208,7
0.0002918271715589544,False,321,time1,0.9421584813302432,3,time1,TIME1,0.9623008733546123,0
0.0018203088060580017,False,321,time1,0.818106546300252,2,time1,TIME1,0.8811321470130435,10
0.0021385915405320822,False,321,time0,0.7203775527512927,4,time0,TIME0,0.8174969022491541,12
0.00025462154556710523,False,322,time1,0.9421967016334352,3,time1,TIME1,0.9623387385207844,0
0.0003893955958398402,False,322,time0,0.9267485573320778,1,time0,TIME0,0.9522502738073066,6
0.0006138039837967254,False,322,time0,0.8966060323084228,5,time0,TIME0,0.932579089606146,9
0.002427380299520204,False,322,time0,0.6303818633736706,4,time0,TIME0,0.7588986280880539,12
0.0052552054267624715,False,322,time1,0.5436003708260532,2,time1,TIME1,0.7015009191375676,10
0.008117884303267781,False,322,time0,0.46646584104414734,0,time0,TIME0,0.650361537172552,7
0.00034734690529322656,False,323,time1,0.9361061771022119,3,time1,TIME1,0.958347443699585,0
0.0005896685137785172,False,323,time0,0.9356655499874104,1,time0,TIME0,0.9579762235119942,6
0.001430112830930393,False,323,time0,0.795094621990879,5,time0,TIME0,0.8663109648032458,9
0.0038330986716665627,False,323,time1,0.7078195926422561,2,time1,TIME1,0.8087411506823832,10
0.0017952683212320414,False,323,time0,0.6980869290661809,4,time0,TIME0,0.8031281599805864,12
0.010291786793211315,False,323,time0,0.3445022654088959,0,time0,TIME0,0.5703243471381584,7
2.5639684887306827e-05,False,324,time0,0.9962017578789183,5,time0,TIME0,0.9975221687315864,9
2.194745568446949e-05,False,324,time1,0.9924838278492691,3,time1,TIME1,0.9951068064925355,0
8.552552276852452e-05,False,324,time1,0.9881443095411763,2,time1,TIME1,0.9922638672687956,10
7.678819684647423e-05,False,324,time0,0.9864534547325671,4,time0,TIME0,0.9911678697072723,12
0.00020316172074057306,False,324,time0,0.9712652632889157,0,time0,TIME0,0.981251314535536,7
0.00011320528321817977,False,324,time0,0.9695558688192935,1,time0,TIME0,0.9801716928834143,6
0.000560993561727524,False,325,time0,0.9109957456156085,1,time0,TIME0,0.9419508869035409,6
0.0007590260112292172,False,325,time0,0.894248346536926,5,time0,TIME0,0.9309957661450716,9
0.0006886439243350236,False,325,time1,0.8788072669154112,3,time1,TIME1,0.9209836981215,0
0.0014356359629495849,False,325,time0,0.7498686436314993,4,time0,TIME0,0.8369121457734422,12
0.005306126930375648,False,325,time1,0.6418682908703236,2,time1,TIME1,0.7653572446400788,10
0.005750309963506994,False,325,time0,0.42555761287777016,0,time0,TIME0,0.6245998398833231,7
0.0005366617066921731,False,326,time1,0.9177988927418621,3,time1,TIME1,0.9463814486848681,0
0.0007039730153295388,False,326,time0,0.9019820150494312,5,time0,TIME0,0.9360419192267649,9
0.0006544478188273982,False,326,time0,0.8915298402181371,1,time0,TIME0,0.9292653394051995,6
0.0018316911213372927,False,326,time1,0.8523553310578673,2,time1,TIME1,0.9033898732951458,10
0.0018357424057415673,False,326,time0,0.7561107782333295,4,time0,TIME0,0.8408294960096546,12
0.0016649987476544971,False,326,time0,0.6909579806319566,0,time0,TIME0,0.7985399378490927,7
1.6398050637441873e-05,False,327,time1,0.9964087480925404,3,time1,TIME1,0.9976599469424281,0
9.70396534368083e-05,False,327,time1,0.9914150525721003,2,time1,TIME1,0.9943858202931624,10
8.854184139077398e-05,False,327,time0,0.9896772708672003,4,time0,TIME0,0.9932592364191933,12
5.321734643564466e-05,False,327,time0,0.989015568583923,0,time0,TIME0,0.9928414935082975,7
9.332727396944078e-06,False,327,time0,0.9804325381757372,5,time0,TIME0,0.9872778833596403,9
0.00012060802430289159,False,327,time0,0.9693460078637363,1,time0,TIME0,0.9800326923029226,6
0.0004384601170259994,False,328,time0,0.9368375216300462,5,time0,TIME0,0.9587909280185709,9
0.0011863346452745563,False,328,time0,0.7925894859847705,1,time0,TIME0,0.8647679487642548,6
0.004882934924031426,False,328,time0,0.6017116807291816,0,time0,TIME0,0.7394035652505571,7
0.005399602748734185,False,328,time1,0.577602834982204,2,time1,TIME1,0.7235519817763756,10
0.11216639744713244,False,328,time1,0.0,4,time1,TIME1,0.31074176089350364,3
0.20514131438501987,False,328,time1,0.0,3,time1,TIME1,0.278200539965243,8
0.00024831467447859577,False,329,time1,0.9625217090181729,4,time1,TIME1,0.9755522007257449,3
0.0002899732584405236,False,329,time0,0.9546662036067382,5,time0,TIME0,0.9704315417039256,9
0.0005272123455689539,False,329,time1,0.9192488259465279,3,time1,TIME1,0.947327212544294,8
0.0025658946954811024,False,329,time0,0.7928048272913732,0,time0,TIME0,0.8644250745959743,7
0.0028466050342703777,False,329,time1,0.7129811897865918,2,time1,TIME1,0.8124414615992901,10
0.020069851892103627,False,329,time0,0.0,1,time0,TIME0,0.3429755518377637,4
3.0008290774411983e-05,False,330,time0,0.9957270234620366,0,time0,TIME0,0.9972120623485528,7
2.6498802751066137e-05,False,330,time1,0.9955501652833829,2,time1,TIME1,0.997098332853236,10
6.589494798758692e-05,False,330,time0,0.9896287545218952,5,time0,TIME0,0.9932356272074363,9
7.712837643426116e-05,False,330,time1,0.9873132519366546,4,time1,TIME1,0.9917266188270735,3
8.954894875829686e-05,False,330,time0,0.9851556097017813,1,time0,TIME0,0.9903198041740924,4
0.0004613017593272894,False,330,time1,0.9366959153526906,3,time1,TIME1,0.9586908893634843,8
0.0005276648276066433,False,331,time0,0.8991461458413903,5,time0,TIME0,0.9342603121072414,9
0.0008620944082008716,False,331,time1,0.8960158144670265,4,time1,TIME1,0.932108546360697,3
0.0027497985341382795,False,331,time0,0.6590272151595814,1,time0,TIME0,0.7774052603667795,4
0.005448215726431562,False,331,time1,0.5316029584179149,2,time1,TIME1,0.6936350474673936,10
0.004825212847238724,False,331,time1,0.4766551881229685,3,time1,TIME1,0.658137047783396,8
0.009319317816026702,False,331,time0,0.4016399453619372,0,time0,TIME0,0.6078042032496498,7
0.00022182626235174135,False,332,time0,0.9621692075289188,5,time0,TIME0,0.975332345701974,9
0.00033443160988916136,False,332,time1,0.9542270103516092,3,time1,TIME1,0.9701305056650849,8
0.001820248333068998,False,332,time0,0.7439710431911074,1,time0,TIME0,0.8329440911576457,4
0.0034313270909172933,False,332,time1,0.7130686741635813,2,time1,TIME1,0.8122936737245068,10
0.005534025680251135,False,332,time0,0.5002634230803383,0,time0,TIME0,0.6732343160141321,7
0.026501500876242888,False,332,time0,0.0,4,time0,TIME0,0.34072447469331496,6
2.75825635639104e-05,False,333,time0,0.9952088202342219,5,time0,TIME0,0.9968760792549968,9
4.772844291458094e-05,False,333,time1,0.9950667503866288,2,time1,TIME1,0.9967766827962887,10
1.1454214942693121e-05,False,333,time1,0.9924186749438957,3,time1,TIME1,0.9950681297383023,8
9.653286873502069e-05,False,333,time0,0.9879890413497739,0,time0,TIME0,0.9921590903732957,7
0.0002655898339476875,False,333,time0,0.9569405216501019,1,time0,TIME0,0.9719183826306845,4
0.00043683957282486557,False,333,time0,0.9282793000385549,4,time0,TIME0,0.953228651174572,6
0.0007170484221038191,False,334,time0,0.8784106249762295,5,time0,TIME0,0.9207159392868127,9
0.0017932024989902305,False,334,time0,0.698996145570107,4,time0,TIME0,0.803719873745923,6
0.004997751213764555,False,334,time1,0.666170001119264,2,time1,TIME1,0.7812612878027041,10
0.004058658050343268,False,334,time1,0.5308198449062745,3,time1,TIME1,0.6936123688714584,8
0.005617972741322199,False,334,time0,0.43255618208099345,0,time0,TIME0,0.6291952278931829,7
0.028308099359874443,False,334,time1,0.0,1,time1,TIME1,0.34009216522404395,3
0.00048045718738275444,False,335,time0,0.9444254313142924,5,time0,TIME0,0.963708370338706,9
0.00031641793926157156,False,335,time1,0.9373192710197771,1,time1,TIME1,0.9591467798841136,3
0.0022728789151475067,False,335,time1,0.8340871493046744,2,time1,TIME1,0.8913611394277368,10
0.0016989691448331976,False,335,time1,0.7817288519021571,3,time1,TIME1,0.8575291145357105,8
0.0014808337387394405,False,335,time0,0.7429501474988298,4,time0,TIME0,0.8323993040656805,6
0.0040908390152500345,False,335,time0,0.5825101088141439,0,time0,TIME0,0.7271997770738561,7
8.824788533663316e-05,False,336,time0,0.9871272184019729,5,time0,TIME0,0.9916018052014146,9
0.00011576895492252649,False,336,time1,0.9845913286661523,3,time1,TIME1,0.9899438444987761,8
2.260278160458059e-05,False,336,time0,0.9837173612941148,4,time0,TIME0,0.9894083738676129,6
0.00013227477063323156,False,336,time1,0.9769143280512224,1,time1,TIME1,0.9849480170635729,3
0.00033323579711750794,False,336,time1,0.9730596708123543,2,time1,TIME1,0.9823721534990393,10
0.003698693192086037,False,336,time0,0.7101495395661527,0,time0,TIME0,0.8103026581007691,7
0.00036298203932982746,False,337,time0,0.9317031595628547,5,time0,TIME0,0.9554800100020902,9
0.0012541680899300007,False,337,time1,0.8070283160282566,1,time1,TIME1,0.8741294465868913,3
0.0017171264641758584,False,337,time1,0.8017643246024478,3,time1,TIME1,0.8705458167291296,8
0.00427313666696773,False,337,time1,0.6691957285913162,2,time1,TIME1,0.7834816257509167,10
0.006445826856118279,False,337,time0,0.44239235695695717,4,time0,TIME0,0.6352989926223807,6
0.0349333252228281,False,337,time0,0.0,0,time0,TIME0,0.33777333617201016,12
0.00032127470155713387,False,338,time0,0.9362479326834457,5,time0,TIME0,0.9584487100986947,9
0.0006039383635503712,False,338,time1,0.8981561348765015,1,time1,TIME1,0.9335901092424833,3
0.00260090672974892,False,338,time1,0.7507651711875085,2,time1,TIME1,0.8370870439164684,10
0.0024229895140736356,False,338,time1,0.7465931949407985,3,time1,TIME1,0.8344375303815932,8
0.001774931742060814,False,338,time0,0.7291141640648686,0,time0,TIME0,0.8233029805324433,12
0.0026602009013262304,False,338,time0,0.7009077598192034,4,time0,TIME0,0.804658973567018,6
2.5146406094530446e-05,False,339,time1,0.9977094625359912,1,time1,TIME1,0.9985023494062613,3
1.1824642122688667e-05,False,339,time0,0.9932903508875367,5,time0,TIME0,0.995634589452156,9
6.189602573413077e-05,False,339,time1,0.9930283882035537,3,time1,TIME1,0.9954467887233029,8
3.2935529690648665e-05,False,339,time0,0.9897258731056437,4,time0,TIME0,0.9933102900832766,6
0.00018753940931133016,False,339,time1,0.9791876979187649,2,time1,TIME1,0.9864063648539383,10
4.615975988207899e-05,False,339,time0,0.9778751010931291,0,time0,TIME0,0.9856026597945752,12
0.0009519499643989073,False,340,time1,0.8764320220598363,3,time1,TIME1,0.919347631851354,8
0.0011428476665779803,False,340,time0,0.8153233968266614,5,time0,TIME0,0.8795602112540277,9
0.0014031164101832446,False,340,time0,0.7227392067911667,4,time0,TIME0,0.8192893936706942,6
0.002937518056058008,False,340,time1,0.6930488129537802,1,time1,TIME1,0.7994535971003368,3
0.00477150471582353,False,340,time1,0.5920510032106253,2,time1,TIME1,0.7331631254363682,10
0.0038179471439786865,False,340,time0,0.47452337461915617,0,time0,TIME0,0.657103912002059,12
0.0007713849754273958,False,341,time1,0.9010646035689887,1,time1,TIME1,0.935422007578443,3
0.001250737566845736,False,341,time1,0.8501490786208239,3,time1,TIME1,0.9021591429551395,8
0.000793956163446488,False,341,time0,0.7902313638437929,4,time0,TIME0,0.8633725018412591,6
0.0013592770444215503,False,341,time0,0.7492715981568269,0,time0,TIME0,0.8365507918363899,12
0.0030638179228875853,False,341,time1,0.7275764964211767,2,time1,TIME1,0.8218523864007543,10
0.021108956421144725,False,341,time0,0.0,5,time0,TIME0,0.34261186525259935,11
1.8810186328052242e-05,False,342,time1,0.99883380893393,2,time1,TIME1,0.9992353922418398,10
2.0512534895786673e-05,False,342,time0,0.9969846156007738,5,time0,TIME0,0.9980328207532895,11
1.7012478337719354e-05,False,342,time0,0.9962360394618274,0,time0,TIME0,0.9975474712827697,12
5.6494359699773444e-05,False,342,time1,0.9886696192654353,1,time1,TIME1,0.992615479496638,3
9.455042514876996e-05,False,342,time1,0.9883919967810663,3,time1,TIME1,0.9924217052588911,8
3.8684962973378404e-05,False,342,time0,0.9802386669634107,4,time0,TIME0,0.9871415937891763,6
0.0005495238345689932,False,343,time0,0.911245113773856,5,time0,TIME0,0.9421169906109073,11
0.0037528173289625003,False,343,time1,0.6407903484785387,1,time1,TIME1,0.7652002404459133,3
0.0029943198475985873,False,343,time0,0.5886160178753109,0,time0,TIME0,0.7315523996722926,12
0.006282863514804395,False,343,time0,0.4340794922275788,4,time0,TIME0,0.6299526677177447,6
0.014746824587666827,False,343,time1,0.18403256302272905,3,time1,TIME1,0.4644597773590905,1
0.10608668177776452,False,343,time0,0.0,2,time0,TIME0,0.31286966137778244,7
0.00015120190300873222,False,344,time0,0.9738815293963083,5,time0,TIME0,0.9829700734415474,11
0.0010100751606300531,False,344,time1,0.8638287838260295,3,time1,TIME1,0.9111351831806986,1
0.000690150117766682,False,344,time0,0.8619283546273968,4,time0,TIME0,0.9100118779665896,6
0.001596534293739631,False,344,time1,0.8464803797102015,1,time1,TIME1,0.8996534598088222,3
0.0025257386014875803,False,344,time0,0.7585893825987786,2,time0,TIME0,0.8421990901786855,7
0.0021357119710221314,False,344,time0,0.7458155319560246,0,time0,TIME0,0.8340325965815583,12
2.50642228205166e-05,False,345,time0,0.9956174098583016,4,time0,TIME0,0.9971425439299089,6
6.722154247612664e-05,False,345,time0,0.9899636137907903,5,time0,TIME0,0.993452821424147,11
8.062960142230163e-05,False,345,time1,0.9886926664129239,1,time1,TIME1,0.9926220128079026,3
0.000189316006292813,False,345,time0,0.9696339477604382,0,time0,TIME0,0.9801958054420823,12
0.0003143115564872868,False,345,time0,0.9670776397022101,2,time0,TIME0,0.978490456761666,7
0.00023205870302342509,False,345,time1,0.9664425151359332,3,time1,TIME1,0.9781064142922984,1
0.00036214698446489105,False,346,time0,0.9341645544344905,5,time0,TIME0,0.9570802089378561,11
0.0005650201394659892,False,346,time0,0.8818699310482239,4,time0,TIME0,0.9230176981325324,6
0.001230936112748345,False,346,time1,0.8344182362541085,1,time1,TIME1,0.8919410259257086,3
0.0024315866220573613,False,346,time0,0.7312452891440913,0,time0,TIME0,0.8244583826259393,12
0.02339495391631621,False,346,time1,0.0,3,time1,TIME1,0.3418117661292893,8
0.05910362727684351,False,346,time0,0.0,2,time0,TIME0,0.32931373045310475,4
3.6081815141037835e-05,False,347,time0,0.9924044333395526,4,time0,TIME0,0.9950502530354098,6
0.0001359381679941534,False,347,time0,0.9901548887130981,5,time0,TIME0,0.9935530993047158,11
0.00014355510115904513,False,347,time0,0.9882848357117223,0,time0,TIME0,0.9923348989272138,12
7.087310651097033e-05,False,347,time1,0.9783430999710143,3,time1,TIME1,0.9858982093938804,8
0.0009162927158071366,False,347,time1,0.9156044050109836,1,time1,TIME1,0.9448221608066069,3
0.0008565731025471197,False,347,time0,0.9081615318855477,2,time0,TIME0,0.9400051951397145,4
0.0002530688559152941,False,348,time0,0.9594473237736671,5,time0,TIME0,0.9735521863533132,11
0.0008031891509974743,False,348,time1,0.9078003957237579,3,time1,TIME1,0.9397891410175936,8
0.0005842695238768528,False,348,time0,0.8818675813026357,2,time0,TIME0,0.9230094335133563,4
0.0008069209736469188,False,348,time0,0.8373397422021736,4,time0,TIME0,0.8939884100906363,6
0.001902446547766788,False,348,time0,0.7766885801454636,0,time0,TIME0,0.854181720802833,12
0.005279389346197205,False,348,time1,0.3211726028113139,1,time1,TIME1,0.556914405556185,3
0.000308726987563998,False,349,time0,0.9499173608456555,5,time0,TIME0,0.9673382301040288,11
0.0008000747413314001,False,349,time0,0.8653226932744035,4,time0,TIME0,0.9121797244688963,6
0.0030207855062560052,False,349,time1,0.7122074247462272,3,time1,TIME1,0.8118775511578581,8
0.0052026483114332835,False,349,time0,0.43481594651673655,0,time0,TIME0,0.6308094383268771,12
0.08147244467045857,False,349,time1,0.0,2,time1,TIME1,0.32148464436533947,1
0.14384204843434628,False,349,time1,0.0,1,time1,TIME1,0.2996552830479788,10
3.121050850819777e-05,False,350,time0,0.9873203623195642,5,time0,TIME0,0.9917473118297389,11
2.680419261384516e-05,False,350,time0,0.9842737519715063,0,time0,TIME0,0.9897685573140643,12
1.532208675622306e-05,False,350,time1,0.9761023543069817,1,time1,TIME1,0.9844611675691735,10
0.00037482820069843276,False,350,time0,0.9237835455164963,4,time0,TIME0,0.9503281147154781,6
0.001659975836836294,False,350,time1,0.834378063916508,3,time1,TIME1,0.8917647500028375,8
0.0019230830567291155,False,350,time1,0.794475545041146,2,time1,TIME1,0.8657360252068897,1
0.00022143851482241518,False,351,time0,0.9626238494505817,5,time0,TIME0,0.9756279986626903,11
0.0005611575794904851,False,351,time1,0.9399344744282176,3,time1,TIME1,0.9607610032255198,8
0.001196048981583654,False,351,time1,0.874690742023469,2,time1,TIME1,0.9181303651717005,1
0.0010934311895518761,False,351,time0,0.8041720359810114,0,time0,TIME0,0.8723291224713143,12
0.002603810447868574,False,351,time1,0.7677283848411469,1,time1,TIME1,0.8481121164899915,10
0.0015187482735499523,False,351,time0,0.733904361658802,4,time0,TIME0,0.8265062731824788,6
0.00028058847962854767,False,352,time0,0.9440158489102213,5,time0,TIME0,0.963512095823774,11
0.001225076828023499,False,352,time0,0.783016314331558,4,time0,TIME0,0.8585318274257044,6
0.005900407169086566,False,352,time1,0.6024020666996285,1,time1,TIME1,0.7394962008455782,10
0.0034698122634629694,False,352,time0,0.502560518781338,0,time0,TIME0,0.6754499029156577,12
0.006018648908666626,False,352,time1,0.4812985082446033,3,time1,TIME1,0.6607375032409588,8
0.07390137580327744,False,352,time1,0.0,2,time1,TIME1,0.3241345184688529,3
0.00010019719830330238,False,353,time1,0.9929183817842375,1,time1,TIME1,0.9953618791403482,10
2.38834775637408e-05,False,353,time0,0.9919959958433358,5,time0,TIME0,0.9947890380810209,11
0.00012951633734768853,False,353,time0,0.9883543950152892,0,time0,TIME0,0.9923850260418663,12
0.00011917957823335443,False,353,time1,0.9835944927447399,3,time1,TIME1,0.9892947074316991,8
5.007560787421478e-05,False,353,time0,0.9824391288601878,4,time0,TIME0,0.9885679072963662,6
0.010323821243023917,False,353,time0,0.343160025098367,2,time0,TIME0,0.5694406788788802,4
2.388766139915348e-05,False,354,time0,0.9812607206331383,5,time0,TIME0,0.9878111077300502,11
0.0010504339811873837,False,354,time0,0.8132737892155625,4,time0,TIME0,0.8782603110967,6
0.0014453195554404474,False,354,time0,0.7990995865271386,0,time0,TIME0,0.868908869398236,12
0.003337234569828612,False,354,time1,0.7996949944362491,1,time1,TIME1,0.8686337142841218,10
0.0025247432323229355,False,354,time1,0.6966153047157164,3,time1,TIME1,0.8019162879339026,8
0.003152280571043598,False,354,time0,0.6830611439833916,2,time0,TIME0,0.7928864453893392,4
0.00017720859856776847,False,355,time0,0.9655620295585022,5,time0,TIME0,0.9775532962035278,11
0.0008430021419501967,False,355,time0,0.8394166334889588,4,time0,TIME0,0.8953257610181407,6
0.004889761472186094,False,355,time1,0.7277132344847418,1,time1,TIME1,0.8213021858998171,10
0.004294870821559325,False,355,time0,0.5431945899534677,0,time0,TIME0,0.7015732786822082,12
0.005125359772896435,False,355,time1,0.4500306986011716,3,time1,TIME1,0.6407260781702477,8
0.014095847877822355,False,355,time0,0.37132969595581505,2,time0,TIME0,0.5864307556140419,4
4.1725610939410726e-05,False,356,time0,0.9934409467257486,4,time0,TIME0,0.9957220114079077,6
2.0100418388010964e-05,False,356,time0,0.9914676604390626,5,time0,TIME0,0.994446944138955,11
0.0003096969651757934,False,356,time1,0.973523156582139,1,time1,TIME1,0.9826816578405788,10
0.000173711527292794,False,356,time1,0.973260935651273,3,time1,TIME1,0.982558809138775,8
0.00018609574352979538,False,356,time0,0.9719520628110427,0,time0,TIME0,0.9817037073169423,12
8.795264194851922e-05,False,356,time0,0.947721384073674,2,time0,TIME0,0.9659881162232061,4
0.00014966902434870467,False,357,time0,0.9734872691398883,5,time0,TIME0,0.9827143407824053,11
0.0007761586380954511,False,357,time0,0.907783251908045,0,time0,TIME0,0.9397874582168958,12
0.0022891165214835333,False,357,time1,0.8431540413267289,1,time1,TIME1,0.8972489360798546,10
0.0003440581538262196,False,357,time1,0.761865598398205,3,time1,TIME1,0.8450922186049941,8
0.0038240289408929375,False,357,time0,0.668985695924976,4,time0,TIME0,0.7835022922219219,6
0.00787227549065287,False,357,time0,0.3786402242906234,2,time0,TIME0,0.5933608493671767,4
0.00030165507228574126,False,358,time0,0.9534786267780795,5,time0,TIME0,0.9696555281304515,11
0.0038672642870178197,False,358,time1,0.6592355759303843,3,time1,TIME1,0.7771495818542935,8
0.0033981369576403376,False,358,time0,0.651579121667118,4,time0,TIME0,0.7723370811484526,6
0.0054522028851159525,False,358,time1,0.6339954535026321,1,time1,TIME1,0.7601887737669203,10
0.004976321453412911,False,358,time0,0.4570758982084692,0,time0,TIME0,0.6453576213268105,12
0.007270167449667334,False,358,time0,0.3717134458943895,2,time0,TIME0,0.5890691812239696,7
1.2825701240079167e-05,False,359,time0,0.9948624194614814,5,time0,TIME0,0.9966560836545288,11
3.885910818636457e-05,False,359,time0,0.9933043821887635,0,time0,TIME0,0.995634247734831,12
0.00010326193463434428,False,359,time1,0.9871957041395948,1,time1,TIME1,0.9916410660136146,10
8.659784026041058e-05,False,359,time1,0.9846730448339566,3,time1,TIME1,0.9900071698979807,8
0.001137446190790023,False,359,time0,0.9285763307027957,2,time0,TIME0,0.9531765087900407,7
0.004118169153548918,False,359,time0,0.7367045855606943,4,time0,TIME0,0.8274166214107092,6
3.9803580097470566e-05,False,360,time0,0.9824049150819109,5,time0,TIME0,0.988549263550208,11
0.0026378218368049216,False,360,time1,0.8059753359253885,3,time1,TIME1,0.8729607307086208,8
0.0021292561750517252,False,360,time0,0.6656754815718555,0,time0,TIME0,0.781943823360438,12
0.005049004710028772,False,360,time1,0.5862822234831894,1,time1,TIME1,0.729316293615563,10
0.007961022240099506,False,360,time0,0.4768330604293191,4,time0,TIME0,0.6571551314950226,6
0.031113263553529207,False,360,time1,0.1645069800237749,2,time1,TIME1,0.44603989477171846,3
0.0002496800094757161,False,361,time0,0.961035115827674,5,time0,TIME0,0.9745854372846716,11
0.0009034760948691894,False,361,time1,0.9257711813229584,2,time1,TIME1,0.9514350512267189,3
0.004851301057038601,False,361,time1,0.6440595599134425,1,time1,TIME1,0.7669407585737742,10
0.003779876353458332,False,361,time0,0.6279584734603553,4,time0,TIME0,0.7568500510255205,6
0.0025560603263767166,False,361,time1,0.6091333230159715,3,time1,TIME1,0.7450420388461496,8
0.10948705278619661,False,361,time0,0.0,0,time0,TIME0,0.31167953152483113,-1
9.704078064672813e-06,False,362,time0,0.9983827272436712,5,time0,TIME0,0.9989453762810636,11
1.8708131817561496e-05,False,362,time0,0.9923297984296597,4,time0,TIME0,0.9950078211331428,6
0.00011717813537329333,False,362,time1,0.970885246001865,2,time1,TIME1,0.9810343975538316,3
0.0004164689014987634,False,362,time1,0.966325335241975,1,time1,TIME1,0.9779657037917593,10
0.0006327753548017659,False,362,time0,0.9283527161661985,0,time0,TIME0,0.9532077941338485,-1
0.004365758152159467,False,362,time1,0.6130926228994108,3,time1,TIME1,0.7469821895313612,8
6.19199840974337e-05,False,363,time1,0.9476876970836989,3,time1,TIME1,0.9659753311099701,8
0.001019605236959233,False,363,time0,0.9256812261793339,5,time0,TIME0,0.9513359351836314,11
0.0015099184054374098,False,363,time0,0.8367849742645204,4,time0,TIME0,0.893381761830035,6
0.002052995677327942,False,363,time1,0.8356769944143174,1,time1,TIME1,0.8924714978822416,10
0.0021581145753646635,False,363,time0,0.7634979950759896,0,time0,TIME0,0.8455183566980156,7
0.013921719761645999,False,363,time1,0.15030460378653862,2,time1,TIME1,0.44282539054467396,3
0.002729249487787565,False,364,time0,0.7931208350837362,0,time0,TIME0,0.8645733054837028,7
0.0016649410142136527,False,364,time0,0.7653491785342075,5,time0,TIME0,0.84689423669226,11
0.0013796182909711237,False,364,time1,0.6989031506676301,2,time1,TIME1,0.8038041815321197,3
0.0029416072882775305,False,364,time0,0.573437950050118,4,time0,TIME0,0.7217051049816796,6
0.0081255030881643,False,364,time1,0.5708645638940231,1,time1,TIME1,0.7182180404502575,10
0.005014484779782211,False,364,time1,0.5622167630253243,3,time1,TIME1,0.713685826293537,8
1.4541260042211536e-05,False,365,time1,0.9977991877546138,2,time1,TIME1,0.9985643825994842,3
8.34806276307102e-05,False,365,time0,0.9934478159735131,4,time0,TIME0,0.9957118621631127,6
8.688834017161859e-05,False,365,time0,0.9921134758536222,0,time0,TIME0,0.9948433483857944,7
0.00014384846110779937,False,365,time1,0.9919619378222887,1,time1,TIME1,0.9947249126230999,10
4.685773904506344e-05,False,365,time1,0.9878461162928908,3,time1,TIME1,0.9920835753817132,8
0.00010789162516844871,False,365,time0,0.9809824150411355,5,time0,TIME0,0.987600807707929,11
0.00041363014618315294,False,366,time0,0.9331072627438434,5,time0,TIME0,0.9563749502323342,11
0.0023274655283392043,False,366,time1,0.8636357087828739,1,time1,TIME1,0.9105485977739494,10
0.0027325000124112713,False,366,time0,0.8016364040873135,0,time0,TIME0,0.8701072876524099,7
0.002922434509750388,False,366,time0,0.7113670128842368,4,time0,TIME0,0.8113657062963413,6
0.0026960960847488974,False,366,time1,0.6479426057587085,3,time1,TIME1,0.7702190601134984,8
0.021189485337830615,False,366,time0,0.025881782112533468,2,time0,TIME0,0.359406838504906,-1
0.0002661159793914454,False,367,time0,0.9363645899823995,5,time0,TIME0,0.9585438428957727,11
0.0039412487275447316,False,367,time1,0.760507300748839,1,time1,TIME1,0.8429503084321046,10
0.00383192086888744,False,367,time0,0.7113413157338161,2,time0,TIME0,0.81103068292287,-1
0.0026095405679709333,False,367,time0,0.602226489107049,4,time0,TIME0,0.740533878720792,6
0.004434399459127746,False,367,time1,0.4047449178237796,3,time1,TIME1,0.611532156774762,8
0.012676503804848254,False,367,time0,0.21631285745306844,0,time0,TIME0,0.4861665810127975,7
7.506507812802304e-05,False,368,time1,0.9830113025917431,3,time1,TIME1,0.9889310739072882,8
0.00040611234407573907,False,368,time1,0.971793993476776,1,time1,TIME1,0.9815239564394779,10
9.659944863346363e-05,False,368,time0,0.9691646053874833,5,time0,TIME0,0.9799231836948424,11
0.00036538183278523977,False,368,time0,0.959605867084696,2,time0,TIME0,0.9736159299635776,-1
0.00020452966845491965,False,368,time0,0.9548572344172456,4,time0,TIME0,0.9705856169872504,6
0.00039315765498378665,False,368,time0,0.9335570148965382,0,time0,TIME0,0.9566744545035055,7
0.00018688193043612606,False,369,time0,0.9759171193340991,5,time0,TIME0,0.9842807188915118,11
0.0010845362825367302,False,369,time0,0.8778052835829312,4,time0,TIME0,0.9201938466300175,6
0.0024219572117412103,False,369,time0,0.802180291059183,2,time0,TIME0,0.8705695041643595,-1
0.0037236782771603257,False,369,time1,0.7424352414732865,1,time1,TIME1,0.8312796195606301,10
0.0015849485416433052,False,369,time1,0.7210229912713848,3,time1,TIME1,0.818110212336825,8
0.0010762179996768014,False,369,time0,0.630322599853974,0,time0,TIME0,0.7593330136051961,7
0.0010652310925152086,False,370,time0,0.8841184981209934,4,time0,TIME0,0.9243041928962654,6
0.0008196513495502129,False,370,time0,0.8586427881069258,5,time0,TIME0,0.9078309342971593,11
0.0015731493077200257,False,370,time1,0.7321096359404466,3,time1,TIME1,0.8253206611035884,8
0.002788263819593612,False,370,time0,0.5774512376700225,2,time0,TIME0,0.7243674121486569,-1
0.006685148101312731,False,370,time1,0.5174599302568897,1,time1,TIME1,0.6840091528315189,10
0.042847594942824814,False,370,time0,0.0,0,time0,TIME0,0.3350033417700113,13
9.019115718913001e-06,False,371,time0,0.9900546609989678,5,time0,TIME0,0.9935323729588275,11
5.271448398046977e-05,False,371,time0,0.9882400403890808,4,time0,TIME0,0.9923375761835094,6
6.878560252110931e-05,False,371,time1,0.988017803232111,3,time1,TIME1,0.9921874971399898,8
7.142498595109757e-05,False,371,time0,0.9715982125256635,2,time0,TIME0,0.9815138393965984,-1
0.0005158148105776653,False,371,time1,0.9618487859644534,1,time1,TIME1,0.9750211756931926,10
0.0010779530468445306,False,371,time0,0.8716477323661245,0,time0,TIME0,0.9161937424715854,13
0.0002842920697122366,False,372,time0,0.8999348083792026,5,time0,TIME0,0.9348581232220823,11
0.0012414499912610515,False,372,time0,0.7981355872752651,4,time0,TIME0,0.8683536242319809,6
0.0037443210769369456,False,372,time0,0.739739977236957,0,time0,TIME0,0.8295204728270941,13
0.002005014419143214,False,372,time1,0.6693355438011457,3,time1,TIME1,0.7843663484240446,8
0.004607846138065594,False,372,time1,0.6181164976370328,1,time1,TIME1,0.7501629773157483,10
0.006671875700732828,False,372,time0,0.44884656314792815,2,time0,TIME0,0.6394151095508969,-1
0.002626541595060761,False,373,time0,0.774254557946598,2,time0,TIME0,0.8523461731070174,-1
0.0022302456608292508,False,373,time0,0.6692533764668384,5,time0,TIME0,0.7842341087221547,11
0.004795572559588095,False,373,time1,0.6682683048144699,1,time1,TIME1,0.7826959477335496,10
0.002207641953358857,False,373,time0,0.6557677592630695,4,time0,TIME0,0.7754763688373196,6
0.003256214563768931,False,373,time1,0.5315473787566616,3,time1,TIME1,0.6943661210945109,8
0.010632774902831934,False,373,time0,0.49558810758049915,0,time0,TIME0,0.6684107987113332,13
4.5847901641700975e-05,False,374,time1,0.9957777921311898,1,time1,TIME1,0.9972395181196987,10
2.9527975688406913e-05,False,374,time1,0.9912297904324437,3,time1,TIME1,0.9942890289895975,8
6.127411025262778e-05,False,374,time0,0.9898860556899381,5,time0,TIME0,0.9934044902598713,11
5.836097493617558e-05,False,374,time0,0.9862817466090803,2,time0,TIME0,0.9910627089546745,14
3.1328803719699317e-05,False,374,time0,0.9843620460809075,4,time0,TIME0,0.9898243648712879,6
5.21408276690926e-05,False,374,time1,0.9812442404914794,0,time1,TIME1,0.9877905070297774,13
0.0001603914002326853,False,375,time0,0.9750311212299453,5,time0,TIME0,0.983714091809383,11
0.00021518564834531063,False,375,time0,0.9664517983124709,4,time0,TIME0,0.9781183539261853,6
0.0017981022316059993,False,375,time0,0.8533675068324459,2,time0,TIME0,0.9040595436600276,14
0.0013450794882816852,False,375,time1,0.7879754469690244,3,time1,TIME1,0.8617132627089672,8
0.004177010995285659,False,375,time1,0.7408889492148899,1,time1,TIME1,0.8301158631413285,10
0.0059644062609660745,False,375,time1,0.7097344172038955,0,time1,TIME1,0.809239828991194,13
0.00017471049845594483,False,376,time0,0.9341691579440996,5,time0,TIME0,0.9571488039892051,11
0.000732294971526934,False,376,time1,0.8834024676083299,3,time1,TIME1,0.9239553007053799,8
0.001196976876691776,False,376,time0,0.7801238949713741,4,time0,TIME0,0.8566615898245511,6
0.00597687181388061,False,376,time1,0.6734632552276476,1,time1,TIME1,0.7856592107631126,10
0.00839923711683285,False,376,time0,0.30966911851526546,2,time0,TIME0,0.548345194044031,14
0.01538372448441995,False,376,time1,0.2146717546872364,0,time1,TIME1,0.48415233697715665,13
1.1583098951739681e-05,False,377,time0,0.9933780822085577,4,time0,TIME0,0.9956916993509294,6
4.108377348905752e-05,False,377,time1,0.9807343111763819,1,time1,TIME1,0.9874629229439271,10
0.00015203562614886883,False,377,time0,0.9581358603516519,5,time0,TIME0,0.9727350967594217,11
0.00039215901358106243,False,377,time1,0.936620513379435,0,time1,TIME1,0.9586660780418794,13
0.0004718012805783448,False,377,time1,0.9295357237589035,3,time1,TIME1,0.9540330899950848,8
0.00106896103806684,False,377,time0,0.7552269086695346,2,time0,TIME0,0.8405233542718741,14
0.00040786679637626534,False,378,time0,0.9322639942306185,5,time0,TIME0,0.9558288428711703,11
0.000452861820236126,False,378,time0,0.9144874485179335,4,time0,TIME0,0.9442583398995741,6
0.0008918236804343138,False,378,time1,0.8760139820947012,1,time1,TIME1,0.9190969500734038,10
0.0011161074443161252,False,378,time0,0.7768303227993799,2,time0,TIME0,0.8545490722140864,14
0.0013690409969917604,False,378,time1,0.7377784064237599,3,time1,TIME1,0.8290767998264967,8
0.03697982533000495,False,378,time1,0.0,0,time1,TIME1,0.33705706113449824,1
0.0006391158360876034,False,379,time0,0.8973325491733148,5,time0,TIME0,0.9330424664200241,11
0.0011208482831386389,False,379,time0,0.776324275416419,4,time0,TIME0,0.8542184821215739,6
0.003807319320555491,False,379,time1,0.670890523233452,0,time1,TIME1,0.7847462783395494,1
0.0037681961376828743,False,379,time1,0.6427597270437051,3,time1,TIME1,0.7664749539302194,8
0.00974126748801293,False,379,time1,0.46831761827613105,1,time1,TIME1,0.6509970082586807,10
0.04542211434470073,False,379,time0,0.0,2,time0,TIME0,0.3341022599793547,7
5.5990534122198706e-06,False,380,time0,0.9960536335145395,4,time0,TIME0,0.9974329021157564,6
1.8251889242699338e-05,False,380,time0,0.9945989006918756,5,time0,TIME0,0.9964828972884843,11
0.00010606682609076004,False,380,time1,0.9848396829699413,3,time1,TIME1,0.9901086705413301,8
0.0001356964028690711,False,380,time1,0.9806030214752529,0,time1,TIME1,0.9873444702179102,1
9.116263774748513e-05,False,380,time0,0.9749410147934655,2,time0,TIME0,0.9836797526925409,7
0.000882470254229053,False,380,time1,0.904385178076758,1,time1,TIME1,0.9375415011609125,10
0.0004558780627598155,False,381,time0,0.9281357378746996,5,time0,TIME0,0.9531286722965888,11
0.0005472718752494513,False,381,time0,0.8918025594161754,4,time0,TIME0,0.9294801184641767,6
0.0017588274604018862,False,381,time1,0.8043522290637671,3,time1,TIME1,0.8722133592803081,8
0.002109047441461278,False,381,time1,0.7804324420374718,0,time1,TIME1,0.8565429207198452,1
0.0032485342912359425,False,381,time1,0.7636727620872085,1,time1,TIME1,0.8452503083547529,10
0.0070454068014762635,False,381,time0,0.3629766946433809,2,time0,TIME0,0.5834689591376809,7
0.0004305814809133085,False,382,time0,0.9211047143372008,5,time0,TIME0,0.9485673608008608,11
0.0005853661548586551,False,382,time1,0.8650704483799472,3,time1,TIME1,0.9120909132927653,8
0.0016225490430629326,False,382,time1,0.8085471345677958,0,time1,TIME1,0.8749877453039953,1
0.004621995599915546,False,382,time1,0.6344994436272042,1,time1,TIME1,0.7608069398977124,10
0.03512808883331931,False,382,time1,0.0,4,time1,TIME1,0.33770516890833824,14
0.057538290856080344,False,382,time1,0.0,2,time1,TIME1,0.32986159820037186,13
0.00010423363714683269,False,383,time1,0.9921793596748844,2,time1,TIME1,0.9948801020156735,13
1.4322202410352376e-05,False,383,time0,0.9725753131064802,5,time0,TIME0,0.9821689407483685,11
0.0006359614493113489,False,383,time1,0.961364620956076,1,time1,TIME1,0.9746644171141905,10
0.0004291260198549755,False,383,time1,0.9445209815790919,3,time1,TIME1,0.9637884439194605,8
0.0005221759399394462,False,383,time1,0.9368101968651059,0,time1,TIME1,0.9587438663833401,1
0.000189625854262898,False,383,time0,0.9275264936828659,4,time0,TIME0,0.9528258518448709,14
0.00028086616327394434,False,384,time0,0.9401702547000654,5,time0,TIME0,0.9610123623978967,11
0.0003661334582622425,False,384,time1,0.938526638896959,0,time1,TIME1,0.9599141685726316,1
0.0013112519534662689,False,384,time1,0.8855408962680433,1,time1,TIME1,0.9251426443905151,10
0.0018276449101703506,False,384,time1,0.7810162365858657,3,time1,TIME1,0.857020878062253,8
0.002895243175224923,False,384,time0,0.780863827066179,4,time0,TIME0,0.8565481524816876,14
0.004704699514910645,False,384,time1,0.7378135868628165,2,time1,TIME1,0.827932186630612,13
0.00041620922784589727,False,385,time0,0.939476020297758,5,time0,TIME0,0.9605137399637966,11
0.002605283513060451,False,385,time1,0.6634805619692088,3,time1,TIME1,0.7803505160504145,8
0.0036927579102659495,False,385,time1,0.5882941566329125,0,time1,TIME1,0.7310987365428001,1
0.007111512301496244,False,385,time1,0.5891582701548351,1,time1,TIME1,0.7304638462951192,10
0.013307014669434267,False,385,time1,0.34318334202336537,2,time1,TIME1,0.5684117171808855,13
0.01061868185538112,False,385,time0,0.31705807292166516,4,time0,TIME0,0.5523712087496989,14
1.1415403091712508e-05,False,386,time0,0.99783825770869,5,time0,TIME0,0.9985908721195663,11
1.639113993696295e-05,False,386,time1,0.9934797013919637,2,time1,TIME1,0.9957560690057985,13
0.00015696657185732625,False,386,time1,0.9891955732818714,1,time1,TIME1,0.9929221843330662,10
5.524266521890204e-05,False,386,time0,0.9890977850788839,4,time0,TIME0,0.9928942253684478,14
0.00036804310089277127,False,386,time1,0.9388218607817799,3,time1,TIME1,0.9601053944228445,8
0.0016807428294628142,False,386,time1,0.8108583078761665,0,time1,TIME1,0.8764696401291963,1
0.00019731248102564556,False,387,time0,0.9723990922304698,5,time0,TIME0,0.9819903505814465,11
0.0009268212052433608,False,387,time1,0.8416345493864463,3,time1,TIME1,0.896738069679355,8
0.003044947915164449,False,387,time1,0.8174650102641104,1,time1,TIME1,0.8802865249013643,10
0.0023328462038540985,False,387,time0,0.7772470134918029,4,time0,TIME0,0.854394062598323,14
0.0026748073603950983,False,387,time1,0.6850115398703134,0,time1,TIME1,0.7943213183395654,1
0.006730855534525014,False,387,time1,0.527292939211323,2,time1,TIME1,0.6903846110502763,13
0.0003044774410447676,False,388,time0,0.926859833440573,5,time0,TIME0,0.9523523246320067,11
0.0030009211440156906,False,388,time1,0.8061416306115995,1,time1,TIME1,0.8729417374971342,10
0.0028919175666886955,False,388,time1,0.5993592402086153,3,time1,TIME1,0.7385713349872589,8
0.008460559974554697,False,388,time1,0.4195048580872684,2,time1,TIME1,0.6197169617656303,13
0.00842666100855764,False,388,time0,0.35179015639509026,4,time0,TIME0,0.5757142703038135,14
0.016196138911647666,False,388,time0,0.21924265792273537,0,time0,TIME0,0.4868390790307013,7
6.2915364359785085e-06,False,389,time0,0.9975156090428624,5,time0,TIME0,0.998382943840108,11
0.00014099770758589742,False,389,time1,0.9893460883028953,1,time1,TIME1,0.9930256081992268,10
0.00012662159885811345,False,389,time1,0.9873760251191056,2,time1,TIME1,0.9917500987678183,13
0.000238148946877835,False,389,time0,0.9772805058207765,4,time0,TIME0,0.9851489766520976,14
0.00041139345730798187,False,389,time1,0.9361973302658249,3,time1,TIME1,0.9583842769627284,8
0.0006665965988028896,False,389,time0,0.9072445437262567,0,time0,TIME0,0.9394756446124859,7
1.9105618377179487e-05,False,390,time1,0.8904695416144081,3,time1,TIME1,0.9287985150829332,8
0.0013011113637564908,False,390,time0,0.8759089525046616,5,time0,TIME0,0.9188854301507152,11
0.0014278211481625373,False,390,time0,0.8691536149093865,4,time0,TIME0,0.9144501122892443,14
0.0015792614425935256,False,390,time1,0.8494347793547068,2,time1,TIME1,0.9015798650756517,13
0.0030529409020466154,False,390,time1,0.7844904497168037,1,time1,TIME1,0.8588502630002061,10
0.0028860092744912172,False,390,time0,0.7357949778966896,0,time0,TIME0,0.8272566323867763,7
0.00031294672881389973,False,391,time0,0.9550803788826335,5,time0,TIME0,0.970692714918627,11
0.0005640144208971861,False,391,time1,0.8391600220135769,3,time1,TIME1,0.895256609261511,8
0.006293439388277305,False,391,time1,0.5689382257431141,1,time1,TIME1,0.7176071429471271,10
0.006934789122959546,False,391,time0,0.5324079808762978,4,time0,TIME0,0.6936380113765577,14
0.008189460782427176,False,391,time0,0.4635403311094662,0,time0,TIME0,0.6484349039473035,7
0.1024299442584186,False,391,time0,0.0,2,time0,TIME0,0.3141495195095535,0
4.067486738928131e-05,False,392,time0,0.9952763868598059,0,time0,TIME0,0.9969154152552876,7
0.00010211983476294912,False,392,time1,0.9881827781577462,1,time1,TIME1,0.992283063860368,10
0.00010761366249499873,False,392,time0,0.9745011897778848,2,time0,TIME0,0.9833881085737519,0
0.00020336000822171547,False,392,time1,0.9732624680549932,3,time1,TIME1,0.982549428232868,8
0.0002651195955793342,False,392,time0,0.969969593355922,4,time0,TIME0,0.9803874438228966,14
0.00011360013327977149,False,392,time0,0.9682666558422288,5,time0,TIME0,0.9793335662508009,11
0.0005006396923361926,False,393,time0,0.9705057680575655,5,time0,TIME0,0.9806535253450999,11
0.0005410797354232172,False,393,time1,0.9288823208727647,3,time1,TIME1,0.9535841306598989,8
0.0003773897035938198,False,393,time0,0.9034540424263248,2,time0,TIME0,0.9371130411808533,0
0.0029794627706054917,False,393,time0,0.7662863812176387,0,time0,TIME0,0.8470433358217533,7
0.004292934468334241,False,393,time1,0.6635946037402489,1,time1,TIME1,0.7798339653672448,10
0.005263074626653724,False,393,time0,0.5216231104732921,4,time0,TIME0,0.6872129456883111,14
0.0008165397301646716,False,394,time1,0.9037248866971498,3,time1,TIME1,0.9371353874475897,8
0.0009355323596023219,False,394,time0,0.8609373848679504,5,time0,TIME0,0.9092818638383069,11
0.0009419606586263857,False,394,time0,0.7823486107091773,2,time0,TIME0,0.858196910730446,0
0.007526228754623228,False,394,time0,0.4614207774256706,0,time0,TIME0,0.6472893252625678,7
0.036935482800564606,False,394,time0,0.04465098123411498,1,time0,TIME0,0.3660957188219771,12
0.03231041444226149,False,394,time1,0.0,4,time1,TIME1,0.33869135494520847,1
1.4364536990505773e-05,False,395,time0,0.9966034877675803,5,time0,TIME0,0.9977872394609806,11
1.1134271230316366e-05,False,395,time0,0.9956123333923111,2,time0,TIME0,0.9971441197100716,0
8.949380266849213e-05,False,395,time1,0.987142393123514,4,time1,TIME1,0.9916112326993501,1
0.00022327657407418178,False,395,time0,0.974615008334619,0,time0,TIME0,0.9834216086165763,7
0.00022645779827592548,False,395,time1,0.9698976241603664,3,time1,TIME1,0.9803541954748416,8
0.00024261286304055193,False,395,time0,0.967910538668886,1,time0,TIME0,0.9790569356327117,12
0.00023114554566975418,False,396,time0,0.9589331079741771,5,time0,TIME0,0.9732256192422306,11
0.0007634168474081589,False,396,time1,0.89139953411997,3,time1,TIME1,0.9291425012813876,8
0.0010270220055451694,False,396,time1,0.8662308161304224,4,time1,TIME1,0.9126905727828337,1
0.004291130830997776,False,396,time0,0.6099265036727273,0,time0,TIME0,0.7449503315964235,7
0.004228518965134476,False,396,time0,0.548841544564587,1,time0,TIME0,0.7052670223291845,12
0.07649938632329795,False,396,time1,0.0,2,time1,TIME1,0.32322521478684574,13
0.0006062747415391267,False,397,time0,0.8973554987031171,5,time0,TIME0,0.9330688779974874,11
0.002243556618012881,False,397,time1,0.7030421394102195,3,time1,TIME1,0.8061921458003383,8
0.0026293992481854355,False,397,time1,0.7000804385204104,4,time1,TIME1,0.8041319953014019,1
0.003558720544786273,False,397,time0,0.5679841565348955,1,time0,TIME0,0.7179441495570069,12
0.005705990973887881,False,397,time0,0.5007645310483758,0,time0,TIME0,0.6734998483405835,7
0.00837033995698669,False,397,time1,0.3520821741849277,2,time1,TIME1,0.5759237942352577,13
1.3280936301714815e-05,False,398,time0,0.9976252081714134,5,time0,TIME0,0.9984517369837131,11
3.9113581770964875e-05,False,398,time0,0.9923113327150737,0,time0,TIME0,0.994988676511178,7
0.00010339844276786965,False,398,time1,0.9812527966965957,3,time1,TIME1,0.9877781283978184,8
0.00016001335526975762,False,398,time1,0.9800200766906318,2,time1,TIME1,0.9869570451745663,13
0.0002018349677133667,False,398,time0,0.9689009901687734,1,time0,TIME0,0.979715001371003,12
0.00016825447418985866,False,398,time1,0.9507790387367021,4,time1,TIME1,0.9679474861128898,1
0.00044060452371409156,False,399,time0,0.9261910431041022,5,time0,TIME0,0.9518699664343664,11
0.0004324246895009676,False,399,time1,0.9219121487164926,3,time1,TIME1,0.9490915480243949,8
0.0001513174586720742,False,399,time1,0.9059864380076834,4,time1,TIME1,0.938838223594459,1
0.0015628396777423274,False,399,time1,0.8245760500898855,2,time1,TIME1,0.8854274386712158,13
0.0019298517699781928,False,399,time0,0.8096509673324785,0,time0,TIME0,0.8755976806466187,7
0.003641075421052892,False,399,time0,0.512380534217077,1,time0,TIME0,0.6817729708437315,12
0.0010248422383928694,False,400,time0,0.8411877658673604,5,time0,TIME0,0.8964133530303469,11
0.004348842761315813,False,400,time1,0.5682945150213283,3,time1,TIME1,0.7178693397974029,8
0.006385140791146412,False,400,time1,0.5690593293077918,2,time1,TIME1,0.7176537647731634,13
0.005501033809089135,False,400,time1,0.5454537737875754,4,time1,TIME1,0.7026195911287428,1
0.008661690700827746,False,400,time0,0.39508810263588945,0,time0,TIME0,0.6037756749680384,7
0.006184359103601842,False,400,time0,0.3833310816099968,1,time0,TIME0,0.5970006773602372,12
2.1819365557796137e-06,False,401,time0,0.997470304414048,5,time0,TIME0,0.9983549341913367,11
3.079137349364982e-05,False,401,time1,0.9927427820840681,4,time1,TIME1,0.9952720313739214,1
2.3673467733586893e-05,False,401,time1,0.991999837713224,3,time1,TIME1,0.9947916087998889,8
8.052106585111857e-05,False,401,time1,0.991248705746403,2,time1,TIME1,0.994283476362114,13
0.00010848940472334212,False,401,time0,0.9773752742770813,1,time0,TIME0,0.9852559569884497,12
0.0006792264231422527,False,401,time0,0.9401011401331236,0,time0,TIME0,0.9608280118384305,7
0.0007082980008879042,False,402,time0,0.8766552589693805,5,time0,TIME0,0.9195780140297866,11
0.0023877954520503263,False,402,time0,0.7778419596298825,0,time0,TIME0,0.8547615453512061,7
0.0014596318682087747,False,402,time1,0.7463243453231009,3,time1,TIME1,0.8345999533061426,8
0.003783471046502678,False,402,time1,0.7179338022273515,2,time1,TIME1,0.8153327565815025,13
0.0024232563663573277,False,402,time0,0.7025333814139495,1,time0,TIME0,0.8057985581908421,12
0.005408647722109627,False,402,time0,0.5307878041165106,4,time0,TIME0,0.6931190459729936,-1
0.0010526707715273014,False,403,time0,0.7525377729307565,5,time0,TIME0,0.8387811176349571,11
0.004832817427070712,False,403,time0,0.5468431139211232,1,time0,TIME0,0.7037565379492552,12
0.008163124592786484,False,403,time0,0.4856024803735378,4,time0,TIME0,0.6627845186353243,14
0.006461316870200982,False,403,time0,0.4117698549175832,0,time0,TIME0,0.6153889447918588,7
0.010520719671784667,False,403,time1,0.40865758521353546,2,time1,TIME1,0.6119451785036734,13
0.11980406615057924,False,403,time1,0.0,3,time1,TIME1,0.3080685768472972,0
4.481341940260902e-06,False,404,time0,0.9976461647490907,5,time0,TIME0,0.99846843861723,11
0.00010216755490160833,False,404,time0,0.9886832249352513,0,time0,TIME0,0.9926083375636978,7
3.34429834256095e-05,False,404,time1,0.9878143195616632,3,time1,TIME1,0.9920676026708821,0
0.00011848588912668931,False,404,time1,0.9832834030540656,2,time1,TIME1,0.9890927419239484,13
0.0025776721144838517,False,404,time0,0.782875363459215,4,time0,TIME0,0.8579668010084204,14
0.0344557882923187,False,404,time1,0.06371574172631356,1,time1,TIME1,0.37935570621979225,10
0.00014910893894719206,False,405,time0,0.9759629008051133,5,time0,TIME0,0.9843236973946922,11
0.0005524517520307232,False,405,time1,0.9129746587415298,3,time1,TIME1,0.9432401700687837,0
0.003594069644942465,False,405,time1,0.7253975420538039,2,time1,TIME1,0.8202504779592427,13
0.002858573612855817,False,405,time0,0.6509718413482695,0,time0,TIME0,0.7721311961118755,7
0.005440874954940867,False,405,time0,0.611371815127347,4,time0,TIME0,0.7454873735985462,-1
0.06490335868914919,False,405,time0,0.0,1,time0,TIME0,0.3272838244587978,6
0.000992654576812824,False,406,time1,0.8648133610058216,3,time1,TIME1,0.9117812555518996,0
0.0007705943621214925,False,406,time0,0.8590949474109089,5,time0,TIME0,0.9081420077903483,11
0.001490435449179756,False,406,time0,0.7501987125003381,1,time0,TIME0,0.8371075107180068,6
0.0017540628788286561,False,406,time0,0.7416289964707158,4,time0,TIME0,0.8314449256983752,-1
0.003912364149327157,False,406,time0,0.6004331639190404,0,time0,TIME0,0.7389122290951118,7
0.00945360113205226,False,406,time1,0.33920860536051706,2,time1,TIME1,0.5671768330881177,13
2.4900350913128832e-05,False,407,time0,0.997495665660198,1,time0,TIME0,0.998363467556309,6
5.100056684623048e-05,False,407,time0,0.9927244022210108,4,time0,TIME0,0.9952530112452608,-1
3.532254810030295e-05,False,407,time0,0.9917687073459082,5,time0,TIME0,0.9946372968830053,11
4.171268686730608e-05,False,407,time0,0.9903494326648453,0,time0,TIME0,0.9937125317917459,7
4.610426500720765e-05,False,407,time1,0.9885759947939992,3,time1,TIME1,0.9925582601233469,0
0.0002886277598013735,False,407,time1,0.9677647809310088,2,time1,TIME1,0.9789460878892252,13
0.000204700433623533,False,408,time0,0.9495211182576719,4,time0,TIME0,0.9671170817157186,-1
0.0003496024158789014,False,408,time0,0.9356233291078009,1,time0,TIME0,0.958032803074513,6
0.0005319338046248574,False,408,time1,0.9043393911425269,3,time1,TIME1,0.9376344274110238,0
0.0008171651081306541,False,408,time0,0.8453473309561723,5,time0,TIME0,0.8991897573336662,11
0.0018739221693998246,False,408,time1,0.8106432555848141,2,time1,TIME1,0.8762622433708391,13
0.004976112841893797,False,408,time0,0.46679736378870956,0,time0,TIME0,0.6516766469679984,7
0.0008910473736576883,False,409,time1,0.8530451217824804,3,time1,TIME1,0.9041674625778321,0
0.0015159969554797684,False,409,time0,0.8157862783193768,4,time0,TIME0,0.879730481973177,-1
0.0017083381966094427,False,409,time0,0.733988397386886,5,time0,TIME0,0.8264945399326626,11
0.002177603112183383,False,409,time0,0.6720019536995042,1,time0,TIME0,0.7860391088154135,6
0.004316747432655219,False,409,time0,0.5175734424794872,0,time0,TIME0,0.6849118760102373,7
0.007070975105914301,False,409,time1,0.3949458457474703,2,time1,TIME1,0.6042399584487856,13
4.425099555576343e-05,False,410,time0,0.9919946055746165,1,time0,TIME0,0.9947810057750562,6
0.00018772273074234156,False,410,time1,0.9782490022941727,4,time1,TIME1,0.9857961485354524,16
0.000117312702993539,False,410,time1,0.9779041552705285,3,time1,TIME1,0.9855966414797959,0
0.0001430597375828024,False,410,time0,0.9766529522540268,5,time0,TIME0,0.9847743480569635,11
0.00020492935077507063,False,410,time1,0.9708989293594321,2,time1,TIME1,0.9810125788108597,13
0.0014544940992973628,False,410,time0,0.8582280208319133,0,time0,TIME0,0.9073391406059896,7
5.9875615307992626e-05,False,411,time0,0.9885756828023433,5,time0,TIME0,0.9925532373561654,11
0.00043508037704743333,False,411,time1,0.934236471734711,4,time1,TIME1,0.9571014284955955,16
0.005792849667328838,False,411,time0,0.32735335382085035,0,time0,TIME0,0.5607521825999876,7
0.03116428814532498,False,411,time0,0.030117441821078478,1,time0,TIME0,0.35866883633283725,12
0.09385201392352809,False,411,time1,0.0,2,time1,TIME1,0.31715179512676517,8
0.13574232388557508,False,411,time0,0.0,3,time0,TIME0,0.30249018664004873,14
0.0010305599797961374,False,412,time0,0.831078818005797,5,time0,TIME0,0.8898405357108394,11
0.0017918976623483005,False,412,time1,0.6864687905788331,2,time1,TIME1,0.7955775496944196,8
0.006850712998730742,False,412,time0,0.5165215886346014,1,time0,TIME0,0.6833412830629352,12
0.005238956862233806,False,412,time0,0.405774867983247,3,time0,TIME0,0.6119200292873287,14
0.006413330538778922,False,412,time1,0.3318101942086493,4,time1,TIME1,0.5634319605470495,16
0.007949114337432563,False,412,time0,0.2256431343614243,0,time0,TIME0,0.4938858473168244,7
7.915676452610474e-05,False,413,time0,0.9871273529538087,1,time0,TIME0,0.9916050745523914,12
0.0001471182640333693,False,413,time0,0.979842466152729,3,time0,TIME0,0.9868461116068622,14
0.0001555585075187726,False,413,time0,0.9753545683396752,0,time0,TIME0,0.9839260239431573,7
0.0001487870927708156,False,413,time1,0.974219347596123,2,time1,TIME1,0.9831905004550102,8
0.00018459048864704353,False,413,time0,0.9611708270927141,5,time0,TIME0,0.9746964309392376,11
0.10014409449591824,False,413,time0,0.0,4,time0,TIME0,0.3149495669264286,6
0.00035154810386067785,False,414,time0,0.9426407399064822,5,time0,TIME0,0.9625934391028622,11
0.0004616692139072854,False,414,time1,0.9250663090841904,2,time1,TIME1,0.9511315166798562,8
0.0008494412469697789,False,414,time0,0.8768857011876922,0,time0,TIME0,0.9196784013355606,7
0.0006758406460112609,False,414,time0,0.8677974098351251,4,time0,TIME0,0.9138317721667273,6
0.0030068101579113055,False,414,time0,0.7870353527508324,1,time0,TIME0,0.8605205957327721,12
0.0022944811655684566,False,414,time0,0.7077041276000235,3,time0,TIME0,0.8092046145320664,14
0.0005336876227707171,False,415,time0,0.8857630325281083,4,time0,TIME0,0.9255591804753007,6
0.0007372530971044005,False,415,time0,0.8840200921365438,5,time0,TIME0,0.9243550213047669,11
0.0015718318894495113,False,415,time1,0.7439057844078797,2,time1,TIME1,0.8329886187038145,8
0.0038483386766135184,False,415,time0,0.7299559674025536,1,time0,TIME0,0.8231244602748451,12
0.004544921354923624,False,415,time0,0.539322762961904,0,time0,TIME0,0.6989690734510143,7
0.006442769520372196,False,415,time0,0.42841319766959224,3,time0,TIME0,0.6262136091531048,14
0.0001026747898532092,False,416,time0,0.9910936439381796,5,time0,TIME0,0.994174932383368,11
7.587561657354992e-05,False,416,time1,0.9886360120148567,2,time1,TIME1,0.9925868513438562,8
9.166096282602072e-05,False,416,time0,0.983127005703702,0,time0,TIME0,0.9890004723704172,7
8.283129130142483e-05,False,416,time0,0.9812495887992144,4,time0,TIME0,0.9877832417675338,6
0.0006070801179656677,False,416,time0,0.9253091366323639,3,time0,TIME0,0.9512384607697486,14
0.03760146168198989,False,416,time1,0.0,1,time1,TIME1,0.3368394884113035,10
0.0003946827715906954,False,417,time0,0.9245931214828464,4,time0,TIME0,0.9508473899937934,6
0.000638216401840917,False,417,time1,0.8911791207025751,2,time1,TIME1,0.9290430527160296,8
0.001137484240070017,False,417,time0,0.827125538654667,5,time0,TIME0,0.887233480641509,11
0.002236242836144795,False,417,time1,0.7865546047559936,1,time1,TIME1,0.8604778080987452,10
0.0026593041558953304,False,417,time0,0.720229932535407,3,time0,TIME0,0.8172186996934512,14
0.003735288685190088,False,417,time0,0.6057382279563789,0,time0,TIME0,0.7424224971318297,7
0.00038852023410429677,False,418,time0,0.8880827472680918,4,time0,TIME0,0.9271178036423231,6
0.0007135520483989779,False,418,time0,0.8630123044565823,5,time0,TIME0,0.9107082546798388,11
0.0016327169267895598,False,418,time1,0.8474532972555437,1,time1,TIME1,0.9002731922917271,10
0.003865081983246853,False,418,time1,0.6243338066945344,2,time1,TIME1,0.7544641956573109,8
0.006369335018772132,False,418,time0,0.37197194710400794,3,time0,TIME0,0.589552498361035,14
0.06945961609142763,False,418,time0,0.0,0,time0,TIME0,0.32568913436800034,-1
1.8790663876641955e-05,False,419,time0,0.9971957408613785,5,time0,TIME0,0.9981706548275392,11
7.722306206752639e-05,False,419,time0,0.9850726996699745,4,time0,TIME0,0.9902702267137597,6
9.426344479596139e-05,False,419,time0,0.9822632100250305,3,time0,TIME0,0.9884380943105913,14
6.251430750939432e-05,False,419,time1,0.9760720802356332,2,time1,TIME1,0.9844249721455333,8
0.00045098233800153925,False,419,time1,0.9535426534090251,1,time1,TIME1,0.9696448808975658,10
0.0002687348606010635,False,419,time0,0.9168806139369486,0,time0,TIME0,0.9458783418578063,-1
9.399122756379053e-05,False,420,time0,0.9818948691468091,4,time0,TIME0,0.9881987680157787,6
0.0004932002463793799,False,420,time0,0.9409477498258725,5,time0,TIME0,0.9614434173005844,11
0.0030639041679222387,False,420,time1,0.7763787990432846,1,time1,TIME1,0.8535738529193622,10
0.001789507152917207,False,420,time1,0.7706121886042957,2,time1,TIME1,0.8502715950892712,8
0.006947293638336796,False,420,time0,0.21534823005172282,0,time0,TIME0,0.4875447967602019,17
0.10140638737543631,False,420,time0,0.0,3,time0,TIME0,0.3145077644185973,12
0.0007444936214254042,False,421,time0,0.910731530560623,5,time0,TIME0,0.9417149220969061,11
0.0009698587965770203,False,421,time0,0.8375296951677654,4,time0,TIME0,0.8940548512802455,6
0.0034295859558647647,False,421,time1,0.6047080685624633,2,time1,TIME1,0.7418598894810484,8
0.005122780944895556,False,421,time0,0.5978368135423405,3,time0,TIME0,0.7368009554718079,12
0.003101250906010492,False,421,time0,0.5754647844195386,0,time0,TIME0,0.7229666720555964,17
0.11368720626675738,False,421,time0,0.0,1,time0,TIME0,0.31020947780663494,-1
9.881372648271821e-06,False,422,time0,0.9937365817834075,4,time0,TIME0,0.9959253196787881,6
0.00017408542488420235,False,422,time0,0.9826118781846813,3,time0,TIME0,0.9886367909213334,12
9.530768826075849e-05,False,422,time0,0.9706045466380001,1,time0,TIME0,0.9808595976238088,17
0.00019133466011052476,False,422,time0,0.9698315955427729,5,time0,TIME0,0.9803235699717636,11
0.004803430801286709,False,422,time1,0.6210415961946091,2,time1,TIME1,0.7519958367460455,8
0.04486602908936007,False,422,time0,0.0,0,time0,TIME0,0.33429688981872396,14
0.00026036277605922295,False,423,time0,0.9699930201885405,5,time0,TIME0,0.9804043361509306,11
0.0005554131021264745,False,423,time0,0.8999407686662806,4,time0,TIME0,0.9347671050473381,6
0.0010747105379358098,False,423,time0,0.8776586817087768,0,time0,TIME0,0.9201019944224273,14
0.0004709865693951119,False,423,time0,0.8534126501342783,1,time0,TIME0,0.9045533772879926,17
0.003033130316122026,False,423,time0,0.7526801462371343,3,time0,TIME0,0.8381804994434945,12
0.002118525466375426,False,423,time1,0.6992616638138136,2,time1,TIME1,0.8037785975657474,8
0.0005702777889755689,False,424,time0,0.9038779403922756,4,time0,TIME0,0.9373210640288376,6
0.0011761443378389192,False,424,time0,0.891365041939338,5,time0,TIME0,0.928975626742326,11
0.0010943187016908308,False,424,time0,0.7597588552164467,0,time0,TIME0,0.8434602443450986,14
0.005360768943319017,False,424,time0,0.5963975010576847,3,time0,TIME0,0.7357821065573334,12
0.0014448879244081947,False,424,time0,0.5439796436678047,1,time0,TIME0,0.7030810576105302,17
0.004894669524911089,False,424,time1,0.4355090834216477,2,time1,TIME1,0.6313677698903521,8
1.2088951446167434e-05,False,425,time0,0.998016197899076,5,time0,TIME0,0.9987062975013933,11
2.0177661597172246e-05,False,425,time1,0.9964837027997576,2,time1,TIME1,0.9977073446382835,8
4.829756502009216e-05,False,425,time0,0.9907751671581827,4,time0,TIME0,0.9939869545050617,6
5.480303749630396e-05,False,425,time0,0.9883854274920196,1,time0,TIME0,0.9924313468066891,17
2.0402596257403825e-05,False,425,time0,0.9863724610306414,0,time0,TIME0,0.9911349587612268,14
0.0010873890653535652,False,425,time0,0.8774887952550217,3,time0,TIME0,0.9199871307428903,12
0.00013371039533359425,False,426,time0,0.9757302359557481,4,time0,TIME0,0.9841778547328696,6
0.00023228740456237605,False,426,time0,0.95955435283614,5,time0,TIME0,0.9736290287518942,11
0.00096180442352313,False,426,time0,0.8600782107850952,0,time0,TIME0,0.9087142054620787,14
0.0019874855724413085,False,426,time1,0.7179051734272817,2,time1,TIME1,0.8159427427773787,8
0.04689839231631555,False,426,time1,0.0,3,time1,TIME1,0.3335855626892895,10
0.0873489256405669,False,426,time0,0.0,1,time0,TIME0,0.3194278760258016,7
0.00020527709582802972,False,427,time0,0.9620343017343306,5,time0,TIME0,0.975250449143775,11
0.0012723219594712753,False,427,time0,0.8378360228156032,0,time0,TIME0,0.8941481021443272,14
0.004529931764971402,False,427,time1,0.6586774851589973,3,time1,TIME1,0.7765548892356082,10
0.005009640041059127,False,427,time1,0.4037648005190308,2,time1,TIME1,0.6106937463229993,8
0.06814886689578102,False,427,time1,0.0,1,time1,TIME1,0.32614789658647664,13
1.8759476150140154e-05,False,428,time1,0.9955637695686377,1,time1,TIME1,0.997109884402962,13
2.4646299041381797e-05,False,428,time0,0.9943321330782765,5,time0,TIME0,0.9963072602962153,11
4.694145063182371e-05,False,428,time0,0.9923637431332205,0,time0,TIME0,0.9950200035288721,14
5.437578847279727e-05,False,428,time1,0.9862928015838269,2,time1,TIME1,0.991071289503522,8
0.0001774577579362629,False,428,time1,0.9826829344581873,3,time1,TIME1,0.9886817971825441,10
0.00026259251459924844,False,429,time1,0.9603578208158621,1,time1,TIME1,0.9741406761502007,13
0.0007142470819135362,False,429,time0,0.9402551451163129,5,time0,TIME0,0.9609158578469337,11
0.000342899806912267,False,429,time1,0.9187878297457274,3,time1,TIME1,0.9470920744023035,10
0.0007034642203574583,False,429,time0,0.9071393383789043,0,time0,TIME0,0.9393943574691626,14
0.0026559219300304714,False,429,time1,0.6282512409554968,2,time1,TIME1,0.7574337339455621,8
0.09753219385794021,False,429,time1,0.0,4,time1,TIME1,0.3158637321497209,17
0.00023178791898080065,False,430,time0,0.9698285902140725,5,time0,TIME0,0.980307457867504,11
0.0006144126708118838,False,430,time1,0.9001447064799979,1,time1,TIME1,0.9348790147772145,13
0.0002604757824208053,False,430,time0,0.8598464107426089,0,time0,TIME0,0.9088090004588485,14
0.0018402969552892303,False,430,time1,0.8098649291384143,3,time1,TIME1,0.8757681000056181,10
0.0037668158112694364,False,430,time1,0.4823823177716899,2,time1,TIME1,0.6622301210176541,8
0.0967758350505062,False,430,time0,0.0,4,time0,TIME0,0.3161284577323228,7
0.0001282576291162049,False,431,time0,0.9837881082232655,0,time0,TIME0,0.989417380174932,14
0.0001651082299595228,False,431,time1,0.9814299005872829,3,time1,TIME1,0.987871647501248,10
0.0001648139948773287,False,431,time1,0.9720149255041011,1,time1,TIME1,0.9817520166794587,13
6.208235305826171e-05,False,431,time0,0.9655743918399763,4,time0,TIME0,0.9776016258724143,7
0.00022125499046191048,False,431,time1,0.957553706129334,2,time1,TIME1,0.9723324697374054,8
0.0004950476150216516,False,431,time0,0.9313667685935941,5,time0,TIME0,0.9552151329205787,11
8.570414511345666e-05,False,432,time1,0.9659188024997816,1,time1,TIME1,0.9778172251740683,13
0.0005631548115635601,False,432,time0,0.9142894888872579,5,time0,TIME0,0.9440910635926705,11
0.0004914146697678184,False,432,time1,0.8997449466428038,3,time1,TIME1,0.9346622201834038,10
0.0012541411003073916,False,432,time0,0.8423667651690774,0,time0,TIME0,0.8970994479747927,14
0.0016659387170674703,False,432,time1,0.7267519829851832,2,time1,TIME1,0.8218057103893954,8
0.0857845113314213,False,432,time1,0.0,4,time1,TIME1,0.3199754210340025,0
0.0010506281847124735,False,433,time1,0.8437884524766115,1,time1,TIME1,0.8980947742451482,13
0.001191391952641874,False,433,time0,0.8378122486340699,5,time0,TIME0,0.8941609744287208,11
0.004562269391446997,False,433,time1,0.6594711511861449,3,time1,TIME1,0.7770594539839877,10
0.0029135068296220743,False,433,time0,0.6529794174276691,0,time0,TIME0,0.7734168939376171,14
0.003281101633897955,False,433,time1,0.6530319905997737,4,time1,TIME1,0.7733224083179886,0
0.006362039703487936,False,433,time1,0.2941556677498427,2,time1,TIME1,0.5389744701411769,8
5.057925985194954e-05,False,434,time1,0.9948687145689686,3,time1,TIME1,0.9966469617288813,10
3.188112706809315e-05,False,434,time0,0.9934396977547741,0,time0,TIME0,0.9957246451461294,14
1.5155702010969016e-05,False,434,time0,0.9923927773691184,5,time0,TIME0,0.9950500007942231,11
5.608344015893088e-05,False,434,time1,0.9914725047431688,4,time1,TIME1,0.9944374988790041,0
7.53800690924539e-05,False,434,time1,0.9855601794113195,1,time1,TIME1,0.9905877335931753,13
0.09547637198155906,False,434,time0,0.0,2,time0,TIME0,0.31658326980645435,12
0.00038106764846279276,False,435,time0,0.9602912601245505,5,time0,TIME0,0.9740559454039959,11
0.00022730343084070024,False,435,time1,0.9346849453317051,1,time1,TIME1,0.9574656582648141,13
0.001085675833106366,False,435,time1,0.9134585459552297,3,time1,TIME1,0.9433680683293121,10
0.002284874889214542,False,435,time1,0.7363151236750236,4,time1,TIME1,0.8278051241775402,0
0.00199989065236684,False,435,time0,0.7317230104434437,0,time0,TIME0,0.82491999505991,14
0.04037239085840669,False,435,time0,0.0,2,time0,TIME0,0.33586966319955763,17
0.001194127645141074,False,436,time0,0.8122346089075074,5,time0,TIME0,0.8775345511140804,11
0.001474294031423554,False,436,time0,0.7884618630608671,0,time0,TIME0,0.8619842080785654,14
0.0038834008344661823,False,436,time1,0.5757345866082415,4,time1,TIME1,0.7228682910032938,0
0.03409452184429143,False,436,time0,0.0,2,time0,TIME0,0.338066917354498,12
0.08198485949884071,False,436,time1,0.0,1,time1,TIME1,0.32130529917540573,8
5.056415745856523e-05,False,437,time1,0.989057997475149,1,time1,TIME1,0.9928700009037363,8
0.00020567001805943508,False,437,time0,0.9656794890843189,2,time0,TIME0,0.9776196833984865,12
0.0002171543180922035,False,437,time0,0.9648751933866578,0,time0,TIME0,0.9770928716899954,14
0.0002484412517500427,False,437,time1,0.9486532767000385,4,time1,TIME1,0.9665376754169126,0
0.0003144503348945185,False,437,time0,0.9416869477592688,5,time0,TIME0,0.9619864584263116,11
0.0006542228207517,False,438,time0,0.8997160052099702,5,time0,TIME0,0.9345864253992175,11
0.0016657796203447218,False,438,time1,0.7846161008185929,4,time1,TIME1,0.8594174426649648,0
0.0010132107256958039,False,438,time1,0.7810260256078484,1,time1,TIME1,0.8573122928911079,8
0.001979651885211384,False,438,time0,0.6957584905604656,2,time0,TIME0,0.8015501407044786,12
0.04859820118339203,False,438,time0,0.0,0,time0,TIME0,0.33299062958581277,17
0.0021012151747378063,False,439,time1,0.8445704624546759,3,time1,TIME1,0.8982353752843811,10
0.0006254436644058962,False,439,time0,0.7800046554601408,5,time0,TIME0,0.8567841207665494,11
0.0035903929683828253,False,439,time1,0.5851382737772991,4,time1,TIME1,0.7290832404163105,0
0.022047333243454655,False,439,time0,0.0,1,time0,TIME0,0.34228343336479083,14
0.10800128420803906,False,439,time0,0.0,0,time0,TIME0,0.3121995505271863,7
0.1678250027332737,False,439,time1,0.0,2,time1,TIME1,0.29126124904335415,13
2.4108391613945713e-05,False,440,time1,0.9939116892937221,4,time1,TIME1,0.9960341601038545,0
7.126231259602961e-05,False,440,time0,0.9857151268974413,0,time0,TIME0,0.9906898906739283,7
0.00013954373044948424,False,440,time1,0.9854578454103128,3,time1,TIME1,0.990498759211046,10
0.00012436852342635827,False,440,time0,0.9839717173752511,1,time0,TIME0,0.989538087310714,14
9.07773190305319e-05,False,440,time0,0.9824120285088971,5,time0,TIME0,0.9885360464691224,11
0.07791345098257431,False,440,time1,0.0,2,time1,TIME1,0.322730292156099,8
0.0010247852152052517,False,441,time1,0.9201509448390491,3,time1,TIME1,0.9477394393200601,10
0.0007325887627008614,False,441,time0,0.9040525584570217,1,time0,TIME0,0.9373777569301188,14
0.0008813433867527488,False,441,time1,0.8662744044207832,4,time1,TIME1,0.9127698926881456,0
0.0011085243750104281,False,441,time1,0.8317044706744455,2,time1,TIME1,0.8902199224071359,8
0.046147364872529566,False,441,time1,0.0,0,time1,TIME1,0.33384842229461464,13
0.046900259267653926,False,441,goleiro_time0,0.0,5,goleiro0,GOL-TIME0,0.3335849092563211,15
0.0021334133886515036,False,442,time1,0.8245076077664064,3,time1,TIME1,0.8851832503621362,10
0.0018803436702858629,False,442,goleiro_time0,0.7645527955203869,5,goleiro0,GOL-TIME0,0.8463011968036515,15
0.002231599809338053,False,442,time1,0.719639431587699,4,time1,TIME1,0.816984570598736,0
0.002662170332058723,False,442,time0,0.7161060187310903,1,time0,TIME0,0.8145371525589882,14
0.003569782231466147,False,442,time1,0.46892380008632506,2,time1,TIME1,0.6535510462750981,8
0.04109992718404807,False,442,time0,0.0,0,time0,TIME0,0.33561502548558314,7
2.6154842016079796e-05,False,443,time1,0.9970423543530315,4,time1,TIME1,0.9980683761347648,0
6.519877933617553e-05,False,443,time1,0.993691164507608,3,time1,TIME1,0.9958764373571776,10
7.841184206392761e-05,False,443,time0,0.9905142536294215,5,time0,TIME0,0.9938068207144015,15
8.727384279342511e-05,False,443,time1,0.9805523277527409,2,time1,TIME1,0.9873284671943039,8
0.00022820697440962596,False,443,time0,0.9726258130208382,1,time0,TIME0,0.9821269060225014,14
0.0014463646423309511,False,443,time0,0.8377261035330689,0,time0,TIME0,0.894015739671679,7
0.00017353945576556752,False,444,time0,0.9555369276023526,1,time0,TIME0,0.9710382641320112,14
0.0013323251666981814,False,444,time1,0.8725972154902054,3,time1,TIME1,0.9167218762602891,10
0.0016666991953436185,False,444,time0,0.8180261826430898,5,time0,TIME0,0.881133673999638,15
0.0010864668522712559,False,444,time1,0.7689664291932563,2,time1,TIME1,0.8494479155773216,8
0.0035832737958988157,False,444,time1,0.6583468508022757,4,time1,TIME1,0.7766713071929146,0
0.043180704517797486,False,444,time1,0.0,0,time1,TIME1,0.3348867534187709,13
0.0005274832564425116,False,445,time1,0.9061207936287908,0,time1,TIME1,0.9387938967189592,13
0.0019947066155309554,False,445,time0,0.7970776450766099,5,time0,TIME0,0.8674023219843606,15
0.0031425354909162652,False,445,time0,0.6807566873904155,1,time0,TIME0,0.7913919593819494,14
0.005186379859814275,False,445,time1,0.5842843997350289,3,time1,TIME1,0.7279696268768338,10
0.00525113466112684,False,445,time1,0.4657308756827217,4,time1,TIME1,0.6508871720623748,0
0.03536566244971745,False,445,time0,0.0,2,time0,TIME0,0.3376220181425989,7
1.012747618396676e-05,False,446,time1,0.9985720476337011,0,time1,TIME1,0.9990682863452414,13
4.5897898395613176e-05,False,446,time0,0.9939732769357668,5,time0,TIME0,0.9960665657438099,15
4.512393799125391e-05,False,446,time1,0.9908239641187094,4,time1,TIME1,0.9940197832988642,0
0.00010744936570398437,False,446,time1,0.9886385285402524,3,time1,TIME1,0.9925774362731676,10
0.00018893221588860623,False,446,time0,0.9745350837692395,1,time0,TIME0,0.9833816781744447,14
0.00017581657834227896,False,446,time0,0.9714167622045953,2,time0,TIME0,0.9813593596305672,7
0.0006944693705668615,False,447,time0,0.9365356094796976,5,time0,TIME0,0.958505081882105,15
0.0005885819785390068,False,447,time1,0.9129105834595727,0,time1,TIME1,0.9431858755562336,13
0.0011276575822863767,False,447,time1,0.8917147621113655,3,time1,TIME1,0.9292199152185874,10
0.00023267652186578203,False,447,time1,0.852849229308766,4,time1,TIME1,0.9042705622680449,0
0.0023785802208300035,False,447,time0,0.7378656819718366,2,time0,TIME0,0.8287801902044032,7
0.002460832211843519,False,447,time0,0.7180535676540979,1,time0,TIME0,0.8158735277010184,14
0.0006880325992364523,False,448,time1,0.9299296965162195,3,time1,TIME1,0.9542134913258099,10
0.0009523726665334548,False,448,time0,0.8854995108223902,5,time0,TIME0,0.925241351601267,15
0.0007927303171098259,False,448,time1,0.8798067782140329,0,time1,TIME1,0.9215969502281329,13
0.0011739953145048546,False,448,time1,0.7183942380486524,4,time1,TIME1,0.8165453563715473,0
0.0015545370204533826,False,448,time0,0.7018028875328338,1,time0,TIME0,0.8056277889391833,14
0.004250775460241831,False,448,time0,0.5257307830700202,2,time0,TIME0,0.6902372375844285,7
3.96570111001601e-05,False,449,time0,0.9951876350072291,2,time0,TIME0,0.9968580828008138,7
5.790116207054064e-05,False,449,time1,0.9899850645651387,4,time1,TIME1,0.9934700265606156,0
2.375276560386786e-05,False,449,time1,0.9880675169445853,0,time1,TIME1,0.992235572546019,13
0.00018156492404975552,False,449,time0,0.983533529603333,5,time0,TIME0,0.989233246518749,15
0.00011365047247720364,False,449,time0,0.9783635189472962,1,time0,TIME0,0.9858965096503756,14
0.0008197015238674317,False,449,time1,0.9136022164598125,3,time1,TIME1,0.9435545451655245,10
0.00042873299615882353,False,450,time0,0.9429382865607697,5,time0,TIME0,0.9627598297158448,15
0.0008988371266523131,False,450,time1,0.9064276258297213,3,time1,TIME1,0.9388633637949906,10
0.0003826666567714499,False,450,time1,0.8899750792437475,0,time1,TIME1,0.9283498681785659,13
0.0007064825429084541,False,450,time0,0.8799085283351835,2,time0,TIME0,0.9216932745278512,7
0.0006748740421022917,False,450,time0,0.8738482138609344,1,time0,TIME0,0.9177651330948715,14
0.00030062507827630195,False,451,time0,0.9348679501612778,1,time0,TIME0,0.9575589488274339,14
0.0006612930364954504,False,451,time1,0.9103452117043486,0,time1,TIME1,0.9414929350450532,13
0.00038952557218029993,False,451,time1,0.9075403386975802,3,time1,TIME1,0.939764886203164,10
0.001814019412272103,False,451,time0,0.8066625882000839,5,time0,TIME0,0.8736957755357593,15
0.003976359588475787,False,451,time1,0.5772239833327745,4,time1,TIME1,0.7238038633103369,0
7.77546612414168e-05,False,452,time1,0.9897297709334796,0,time1,TIME1,0.9932971369753273,13
8.552112173513854e-05,False,452,time0,0.9823287673635309,1,time0,TIME0,0.9884837663936878,14
0.0002034361955633569,False,452,time1,0.9729197958174599,3,time1,TIME1,0.9823266646129017,10
0.00010850855619427247,False,452,time1,0.9725961460332803,4,time1,TIME1,0.9821495169269642,0
0.00021656176397176263,False,452,time0,0.9637141184829433,5,time0,TIME0,0.9763383803965231,15
0.0004346199300271318,False,453,time0,0.927665137982283,1,time0,TIME0,0.9528302227129746,14
0.0005734608395427524,False,453,time1,0.9164045873535924,0,time1,TIME1,0.9454622704859952,13
0.0021070956655947024,False,453,time0,0.8528757603569337,5,time0,TIME0,0.9036317607490487,15
0.001032190619739563,False,453,time1,0.814737994698267,4,time1,TIME1,0.8792184298369647,0
0.0026840562779113088,False,453,time1,0.7591235865350898,3,time1,TIME1,0.8424909115505395,10
0.0002238356448282279,False,454,time1,0.9709780390737023,3,time1,TIME1,0.9810573829222167,10
0.0014131052086320329,False,454,time0,0.8122855346740655,5,time0,TIME0,0.8774910107151213,15
0.0012167151182520034,False,454,time1,0.8086999749760849,4,time1,TIME1,0.875229133443067,0
0.0014056173132586944,False,454,time1,0.8034272344531797,0,time1,TIME1,0.8717357363349263,13
0.001505956714404428,False,454,time0,0.7839854285536548,1,time0,TIME0,0.8590634437098341,14
0.006372537652035419,False,454,time0,0.3802620498833479,2,time0,TIME0,0.5949399442459637,7
1.7855447452894518e-05,False,455,time1,0.997960535473074,3,time1,TIME1,0.9986680986508896,10
8.06924271251185e-05,False,455,time0,0.9907713206258032,2,time0,TIME0,0.9939731160572782,7
7.42159703956755e-05,False,455,time0,0.9884643740763296,1,time0,TIME0,0.9924758675599756,14
0.00013972943630204194,False,455,time1,0.9852271183945619,0,time1,TIME1,0.9903487216537596,13
0.000257362362036011,False,455,time1,0.9448959278458732,4,time1,TIME1,0.964092276273105,0
0.0006629485353018055,False,455,time0,0.9220069979222906,5,time0,TIME0,0.9490725166621332,15
0.0008583923654545692,False,456,time1,0.9172885362761036,3,time1,TIME1,0.9459371112515582,10
0.0014095202562033654,False,456,time1,0.8476354919308021,0,time1,TIME1,0.9004697376653502,13
0.0025509095699777335,False,456,time0,0.8044683589523339,5,time0,TIME0,0.8720116149695248,15
0.031000291892890188,False,456,time1,0.0,1,time1,TIME1,0.3391498978374884,8
0.10263190618389621,False,456,time0,0.0,2,time0,TIME0,0.3140788328356363,12
0.0007172898067361014,False,457,time1,0.9351836660406344,3,time1,TIME1,0.9576183314940547,10
0.0012233197630057465,False,457,time1,0.8555660000043166,0,time1,TIME1,0.9056897380857538,13
0.0020582882814427434,False,457,time0,0.7900298668951541,5,time0,TIME0,0.8627990125833451,15
0.0012653854235312376,False,457,time1,0.7789821981296269,1,time1,TIME1,0.8558955438860215,8
0.006337819662603395,False,457,time0,0.45675787875784996,2,time0,TIME0,0.6446743843106912,12
0.07575867094464359,False,457,time0,0.0,4,time0,TIME0,0.32348446516937474,7
4.953643055205889e-05,False,458,time1,0.9926488430751217,3,time1,TIME1,0.9952044102481359,10
7.567486857230125e-05,False,458,time1,0.9924524597193028,1,time1,TIME1,0.9950676126135465,8
3.5822093926571684e-05,False,458,time1,0.9922808014834434,0,time1,TIME1,0.9949699832313639,13
0.000151940515631977,False,458,time0,0.973938675696757,2,time0,TIME0,0.9830069600224209,12
5.7725602692648034e-05,False,458,time0,0.9552904394378335,4,time0,TIME0,0.9709185816736494,7
0.0017990771048918205,False,458,time0,0.7687198800475338,5,time0,TIME0,0.8490382450441849,15
0.00025971492365185734,False,459,time1,0.9837803964870893,3,time1,TIME1,0.9893663574933298,10
0.00013691122759762825,False,459,time1,0.9710455124829609,0,time1,TIME1,0.9811316641842655,13
0.0007798335897543978,False,459,time0,0.9031739435795703,5,time0,TIME0,0.9367901215703065,15
0.00023474447486727276,False,459,time0,0.836457121103068,2,time0,TIME0,0.8936149681507908,12
0.0003512269172051546,False,459,time1,0.815503123829633,1,time1,TIME1,0.8799541010682397,8
0.001226400841502546,False,459,time0,0.7931337326118221,4,time0,TIME0,0.8651076859031585,7
0.0004052230816699044,False,460,time1,0.9367703607831394,3,time1,TIME1,0.958758906430456,10
0.0010730958279576083,False,460,time1,0.8512834859410686,0,time1,TIME1,0.9029586823219096,13
0.00193153567891361,False,460,time1,0.7481554271945234,1,time1,TIME1,0.8356249901888204,8
0.004021986661608723,False,460,time0,0.6188652169982618,5,time0,TIME0,0.7508546957173071,15
0.002692354673680894,False,460,time0,0.5645632595310811,4,time0,TIME0,0.7160237945594143,7
0.005716183310618452,False,460,time0,0.4163648701108056,2,time0,TIME0,0.6186365014133073,12
2.211184918407051e-05,False,461,time0,0.9908638055869137,2,time0,TIME0,0.9940537344842795,12
1.4771700750335588e-05,False,461,time1,0.990117557367375,3,time1,TIME1,0.993571242193531,10
6.351533333366482e-05,False,461,time1,0.9888108631536723,1,time1,TIME1,0.9927048306832201,8
4.984372922038428e-05,False,461,time0,0.9875884499972427,4,time0,TIME0,0.9919150471929807,7
5.312229933421949e-05,False,461,time0,0.9816065847925339,5,time0,TIME0,0.9880256873103801,15
0.001621670155427443,False,461,time1,0.737112475323993,0,time1,TIME1,0.828555524406196,13
0.0003595879928219836,False,462,time1,0.9425513962941794,1,time1,TIME1,0.9625325517937289,8
0.0011858047963675456,False,462,time0,0.9072755286790202,5,time0,TIME0,0.9393140619626346,15
0.0010859139708667555,False,462,time0,0.8463704128499002,2,time0,TIME0,0.8997606984626318,12
0.0014768983270758412,False,462,time1,0.7279590918264127,0,time1,TIME1,0.8226564952726917,13
0.0678289526081808,False,462,time0,0.0,4,time0,TIME0,0.3262598665871367,14
0.08524416691101706,False,462,time1,0.0,3,time1,TIME1,0.320164541581144,17
0.0019749341803511067,False,463,time0,0.8233879765083935,5,time0,TIME0,0.8845109577673329,15
0.0015129150652649958,False,463,time1,0.789103649890063,1,time1,TIME1,0.8623878521556982,8
0.0017742817588937687,False,463,time0,0.7882770865630864,2,time0,TIME0,0.8617591076503933,12
0.002152805533960905,False,463,time1,0.6435344870244526,0,time1,TIME1,0.7675439346290078,13
1.4121909415076955e-05,False,464,time1,0.9945763466160843,1,time1,TIME1,0.9964696826321595,8
7.509429997505849e-05,False,464,time0,0.9910633860627345,5,time0,TIME0,0.9941649179357861,15
8.31605063550268e-05,False,464,time0,0.9894581291678064,2,time0,TIME0,0.9931186777818499,12
0.0003447719329527216,False,464,time1,0.9396374470556258,0,time1,TIME1,0.9606436704096233,13
0.0705486818617196,False,464,time0,0.0,4,time0,TIME0,0.3253079613483981,7
0.21683623524328033,False,464,time1,0.0,3,time1,TIME1,0.27410731766485186,0
0.00015238656734134742,False,465,time1,0.9739711107675976,0,time1,TIME1,0.983027886700369,13
0.0003653904319225184,False,465,time0,0.9572917788766385,5,time0,TIME0,0.9721117696186421,15
0.0003983106436071961,False,465,time1,0.9296905325613802,3,time1,TIME1,0.9541594374396346,0
0.0011539531860284078,False,465,time1,0.8306372060979202,1,time1,TIME1,0.8895103003485383,8
0.0018759603932305467,False,465,time0,0.8147486196220949,2,time0,TIME0,0.8789300166167309,12
0.0692459394521607,False,465,time0,0.0,4,time0,TIME0,0.32576392119174374,14
0.0006192099747659087,False,466,time0,0.9301842617234817,5,time0,TIME0,0.954403046629095,15
0.00020200107818672746,False,466,time1,0.9141886705959682,0,time1,TIME1,0.944151935510014,13
0.0006451574022298076,False,466,time0,0.8283547910429464,4,time0,TIME0,0.8882048090871347,14
0.0019071374659339496,False,466,time1,0.7020563114490415,3,time1,TIME1,0.8056691043288,0
0.0024279874645641627,False,466,time1,0.6554736920772473,1,time1,TIME1,0.7752081042376133,8
0.005046332940319962,False,466,time0,0.5508434817020704,2,time0,TIME0,0.7062820465772338,12
2.8213740874318603e-05,False,467,time1,0.9949145840749847,0,time1,TIME1,0.996684604839434,13
2.6507999579118037e-05,False,467,time1,0.9947866902884702,3,time1,TIME1,0.996602070887653,0
1.1643896152316864e-05,False,467,time0,0.992957456596916,4,time0,TIME0,0.9954182714243422,14
3.392208727620142e-05,False,467,time1,0.9929538000278831,1,time1,TIME1,0.9954080972875774,8
3.939765769540056e-05,False,467,time0,0.9835109824322047,5,time0,TIME0,0.9892683494007397,15
0.00019569993985640377,False,467,time0,0.9752422373562715,2,time0,TIME0,0.9838389593026267,12
0.0003316837923527367,False,468,time0,0.9519125931621438,5,time0,TIME0,0.9686270962280701,15
0.0004578824988299028,False,468,time1,0.894461367283978,0,time1,TIME1,0.9312396298599952,13
0.000740555571678392,False,468,time0,0.8711918763458144,4,time0,TIME0,0.916015525174692,14
0.0010077602424352142,False,468,time1,0.8139448899341933,1,time1,TIME1,0.8787114623723733,8
0.0012094713470591069,False,468,time1,0.737286870838575,3,time1,TIME1,0.8288131510736031,0
0.041216736647264406,False,468,time0,0.0,2,time0,TIME0,0.33557414217345743,-1
0.0008078202556964851,False,469,time1,0.8760191759201903,0,time1,TIME1,0.91912972725863,13
0.0012366745529599297,False,469,time0,0.8675806688509643,5,time0,TIME0,0.9134945986595908,15
0.0014641003756512775,False,469,time1,0.8025476222722784,3,time1,TIME1,0.871143519345503,0
0.0012453203640220476,False,469,time1,0.7660506486366362,1,time1,TIME1,0.8474970594864057,8
0.0017173030128350309,False,469,time0,0.7510578170528285,4,time0,TIME0,0.8375865250298462,14
0.039059427296129164,False,469,time0,0.0,2,time0,TIME0,0.3363292004463548,12
4.51656685390874e-05,False,470,time1,0.9912757271329264,1,time1,TIME1,0.9943134146524135,8
5.541077962100915e-05,False,470,time1,0.990820458962488,3,time1,TIME1,0.9940139045527498,0
4.085023335000062e-05,False,470,time0,0.9827499982704948,2,time0,TIME0,0.9887732012941491,12
0.00017969946931639322,False,470,time0,0.9735423677973024,4,time0,TIME0,0.9827396442539857,14
0.00023572097158904042,False,470,time0,0.9726127475673702,5,time0,TIME0,0.9821157835787344,15
0.00018844509632302887,False,470,time1,0.9698218911603835,0,time1,TIME1,0.9803182734705362,13
0.00026466551547188504,False,471,time0,0.9635958994665412,4,time0,TIME0,0.9762447017228366,14
0.00029063660958794017,False,471,time1,0.9564133544335854,0,time1,TIME1,0.9715669575684747,13
0.0008659244994574475,False,471,time0,0.9384308886815228,5,time0,TIME0,0.9596770040681798,15
0.00035169979365692086,False,471,time1,0.9253013844815386,1,time1,TIME1,0.9513228049852203,8
0.0020859950568811944,False,471,time0,0.6883997002308173,2,time0,TIME0,0.7967297068801228,12
0.0005904257451827725,False,472,time1,0.9234032515483485,0,time1,TIME1,0.9500054644956126,13
0.0017657294983280628,False,472,time0,0.796641329805893,5,time0,TIME0,0.8671988590494156,15
0.001478694253091561,False,472,time0,0.7738828632444319,4,time0,TIME0,0.8525063181202988,14
0.0015867336109311333,False,472,time1,0.7679410922124941,3,time1,TIME1,0.8486063531742952,0
0.003155505932410135,False,472,time0,0.5801579651941068,2,time0,TIME0,0.7259982502998259,12
0.041538881535855006,False,472,time0,0.0,1,time0,TIME0,0.3354613914624507,7
4.272059326970884e-05,False,473,time1,0.9932227128001815,0,time1,TIME1,0.9955798111124736,13
8.930524946148154e-05,False,473,time0,0.9919039845689102,5,time0,TIME0,0.99470633313248,15
6.41742200322287e-05,False,473,time0,0.989579470138916,2,time0,TIME0,0.9932041946132841,12
0.00010192619563551266,False,473,time0,0.9875637565489124,1,time0,TIME0,0.9918807675883206,7
0.00026363547073007235,False,473,time0,0.9255333059834716,4,time0,TIME0,0.951504376474501,14
0.07493632271285977,False,473,time0,0.0,3,time0,TIME0,0.32377228705049904,-1
0.00037044738416322287,False,474,time1,0.9454308446445135,0,time1,TIME1,0.9644003924344766,13
0.0007368113195974827,False,474,time0,0.8894560888822056,4,time0,TIME0,0.9278885738115745,14
0.001178112652459199,False,474,time0,0.865085805637858,5,time0,TIME0,0.9118934342362469,15
0.0010248720690283848,False,474,time0,0.7961157167163393,2,time0,TIME0,0.8671165106414606,12
0.0016125686661881162,False,474,time0,0.766233502805009,1,time0,TIME0,0.84748737779009,7
0.07488163889644078,False,474,time1,0.0,3,time1,TIME1,0.3237914263862457,0
0.00029158573619429874,False,475,time1,0.9523033545765185,3,time1,TIME1,0.968895125467069,0
0.0005220419557414938,False,475,time1,0.9224237133706565,0,time1,TIME1,0.9493926990064172,13
0.0017094086496866091,False,475,time0,0.8174664730277545,5,time0,TIME0,0.8807549144406501,15
0.0023007969401884847,False,475,time0,0.6471586184418815,1,time0,TIME0,0.769847823058157,7
0.0027592175065698768,False,475,time0,0.6039100015157227,4,time0,TIME0,0.7415757748579204,14
0.005125008299014036,False,475,time0,0.5946255114462768,2,time0,TIME0,0.734712829535425,12
2.7483045672085926e-05,False,476,time0,0.9966184439122715,5,time0,TIME0,0.9977923694769912,15
6.683561338530686e-06,False,476,time1,0.9931925770982423,0,time1,TIME1,0.995572835867389,13
0.00012616819095461086,False,476,time1,0.9820956436207243,3,time1,TIME1,0.9883180094866366,0
0.00010083652133040264,False,476,time0,0.9820659281742492,1,time0,TIME0,0.9883075605307963,7
0.00020014536406904362,False,476,time0,0.9541389777524291,4,time0,TIME0,0.9701202846616547,14
0.0005532959387228581,False,476,time0,0.9490169518594141,2,time0,TIME0,0.9666673651300661,12
0.00024131769091574064,False,477,time0,0.9509156315740454,5,time0,TIME0,0.968010699331309,15
0.0006757304045640248,False,477,time1,0.9356926082198419,3,time1,TIME1,0.9579636897012999,0
0.00029520838277634695,False,477,time1,0.9140238187018972,0,time1,TIME1,0.9440121592222614,13
0.0007702811911809547,False,477,time0,0.8636572031749921,2,time0,TIME0,0.9111075836468315,12
0.0009724284927506993,False,477,time0,0.8332712279355191,1,time0,TIME0,0.8912859481856248,7
0.0013378377463837215,False,477,time0,0.7493026519096094,4,time0,TIME0,0.8365784805300118,14
0.00015007253696304175,False,478,time1,0.9470173950145117,3,time1,TIME1,0.9655087813714954,0
0.001135956282450202,False,478,time0,0.8647672125626652,5,time0,TIME0,0.9117011034668747,15
0.0009966685221903312,False,478,time1,0.8487890270561209,0,time1,TIME1,0.901364033603712,13
0.0015274382217768635,False,478,time0,0.8481655401213831,2,time0,TIME0,0.9007729977012772,12
0.0013480026876326956,False,478,time0,0.7350917261016221,4,time0,TIME0,0.8273378210253829,14
0.04113031465809303,False,478,time1,0.0,1,time1,TIME1,0.3356043898696674,8
0.00013609817789962176,False,479,time0,0.9859430844826438,5,time0,TIME0,0.9908153705514536,15
8.591873671107652e-05,False,479,time0,0.9822951561102734,4,time0,TIME0,0.9884617799138289,14
0.0001569654176958331,False,479,time1,0.9769330242031781,0,time1,TIME1,0.9849515278358723,13
6.280190299222945e-05,False,479,time1,0.9729618511467089,1,time1,TIME1,0.9824032225793135,8
0.00029394694767979706,False,479,time1,0.9650267083171943,3,time1,TIME1,0.9771644789744883,0
0.00040305079754267,False,479,time0,0.9561234702665847,2,time0,TIME0,0.9713391878941402,12
0.00020713196017846036,False,480,time1,0.9614106326033705,3,time1,TIME1,0.9748444150061284,0
0.0002866581261393875,False,480,time0,0.9563746594327014,5,time0,TIME0,0.9715431982871071,15
0.0005614402602746542,False,480,time0,0.870072699584855,4,time0,TIME0,0.9153507506390597,14
0.0038178655663223793,False,480,time1,0.5193490929993779,0,time1,TIME1,0.6862406575013829,13
0.04417069848602363,False,480,time0,0.0,1,time0,TIME0,0.3345402555298917,7
0.0004029396175465273,False,481,time1,0.919961065143773,3,time1,TIME1,0.9478336634773111,0
0.0011461365448759205,False,481,time0,0.8505531847801859,5,time0,TIME0,0.9024584223164143,15
0.000998295002079144,False,481,time1,0.799603375579931,0,time1,TIME1,0.8693927908762276,13
0.001686972359048189,False,481,time0,0.6761320636431467,4,time0,TIME0,0.7888954010423784,14
0.04122392522163512,False,481,time1,0.0,1,time1,TIME1,0.3355716261724277,8
1.8494072909861558e-05,False,482,time0,0.9935145746166694,4,time0,TIME0,0.9957780005753166,14
3.01105355313027e-05,False,482,time1,0.9896489279806905,3,time1,TIME1,0.9932612645000128,0
4.9499922267904585e-05,False,482,time1,0.9872639101866114,0,time1,TIME1,0.9917042166485037,13
0.000226369168819726,False,482,time0,0.9860570093043378,5,time0,TIME0,0.9908578268387327,15
0.0001238486687968927,False,482,time1,0.9727450579944336,1,time1,TIME1,0.9822409406623028,8
0.006551855081214485,False,482,time0,0.42465238497257185,2,time0,TIME0,0.6237309009537466,12
0.00017072229975790033,False,483,time1,0.9667945204922034,3,time1,TIME1,0.978356685515017,0
0.00034408661468765517,False,483,time1,0.9325463287964998,0,time1,TIME1,0.9560346834025841,13
0.0006859035137251044,False,483,time0,0.9092506077419568,5,time0,TIME0,0.9407728288024682,15
0.0007608382730691478,False,483,time0,0.8319163032230983,4,time0,TIME0,0.8904793036994396,14
0.0016252308577816609,False,483,time0,0.7596863547231401,2,time0,TIME0,0.8432272997698175,12
0.0018211533986091234,False,483,time1,0.7361370355647205,1,time1,TIME1,0.8278516694275551,8
0.00015077369641167902,False,484,time1,0.9736191406310991,3,time1,TIME1,0.9827996706164703,0
0.0004981878981981218,False,484,time1,0.8932830368276183,0,time1,TIME1,0.9304596081735825,13
0.0014935623897420415,False,484,time0,0.8091774894298762,5,time0,TIME0,0.8754426212930098,15
0.0010736593631605071,False,484,time1,0.7636562633662431,1,time1,TIME1,0.8460007904109519,8
0.0012309263721326665,False,484,time0,0.7423090927287338,4,time0,TIME0,0.8320700860434305,14
0.0022278547455391704,False,484,time0,0.6876391335129085,2,time0,TIME0,0.7961856876224518,12
5.4216966021942055e-06,False,485,time1,0.9984131922758746,0,time1,TIME1,0.9989666773855077,13
2.1679255822111328e-05,False,485,time1,0.9942398922981046,1,time1,TIME1,0.9962483422542303,8
2.3514741991318324e-05,False,485,time0,0.9930083976905153,2,time0,TIME0,0.995447228339138,12
6.533763384196721e-05,False,485,time1,0.9869920370496202,3,time1,TIME1,0.9915219559104085,0
5.101851342329435e-05,False,485,time0,0.9861041976250152,4,time0,TIME0,0.9909498719765617,14
0.00014908504399935578,False,485,time0,0.9645176020813786,5,time0,TIME0,0.9768842615874962,15
0.0001917880806971207,False,486,time1,0.9606839591636693,3,time1,TIME1,0.974377447628141,0
0.0008222627477347654,False,486,time0,0.8926044961351257,5,time0,TIME0,0.9299051305261246,15
0.0006144803985302733,False,486,time1,0.8901766737245699,1,time1,TIME1,0.9283997697814849,8
0.0007077811394684648,False,486,time1,0.8801486643201165,0,time1,TIME1,0.9218489084092618,13
0.0010963671734609646,False,486,time0,0.8557596984092201,2,time0,TIME0,0.9058600754552817,12
0.0717713564104014,False,486,time0,0.0,4,time0,TIME0,0.32488002525635945,7
0.0003890036628897147,False,487,time1,0.9338486983911776,1,time1,TIME1,0.956865502672254,8
0.0006095939070639423,False,487,time1,0.8614066006153713,3,time1,TIME1,0.9097009325325189,0
0.0013932185241474554,False,487,time0,0.7842260100864334,4,time0,TIME0,0.8592592800727301,7
0.00213046543190231,False,487,time0,0.7640278626847182,2,time0,TIME0,0.845872447843901,12
0.0019128166507334904,False,487,time1,0.7364901672533256,0,time1,TIME1,0.8280491228869049,13
0.004078754969782906,False,487,time0,0.6281253561768134,5,time0,TIME0,0.7568539172755047,15
7.49853965941688e-06,False,488,time1,0.9978147815298397,3,time1,TIME1,0.998576983505515,0
2.7689516919200385e-05,False,488,time0,0.9923716386639582,4,time0,TIME0,0.9950318738006512,7
5.207808123560906e-05,False,488,time1,0.989330300581423,1,time1,TIME1,0.9930464680494925,8
9.400517262490835e-05,False,488,time1,0.9832166643154304,0,time1,TIME1,0.9890579299946111,13
0.0002626794445209415,False,488,time0,0.9710042741519702,2,time0,TIME0,0.9810608403931984,12
0.0002260236052588199,False,488,time0,0.9581531316048637,5,time0,TIME0,0.9727204272813208,15
0.00010291432275386518,False,489,time1,0.9807086982393683,3,time1,TIME1,0.9874246338426256,0
0.0003134905291235749,False,489,time0,0.9299001752789029,4,time0,TIME0,0.9543253922460937,7
0.0004198683256381798,False,489,time1,0.9081098697574445,1,time1,TIME1,0.9401244614283655,8
0.0007576639484701763,False,489,time0,0.906717751016534,2,time0,TIME0,0.9391013557787826,12
0.0013666942188664732,False,489,time1,0.8322849781346007,0,time1,TIME1,0.8905068928108872,13
0.002219100975986616,False,489,time0,0.6999484946705817,5,time0,TIME0,0.8041898361942827,15
7.571307639096195e-05,False,490,time1,0.9702509598819457,3,time1,TIME1,0.9806366243465279,0
0.000292872258449458,False,490,time1,0.9042882696667034,1,time1,TIME1,0.9376848699928999,8
0.0008173008172292995,False,490,time0,0.8497673394035969,4,time0,TIME0,0.9020627153263077,7
0.002107762694839185,False,490,time1,0.7480647561998728,0,time1,TIME1,0.8355043745867237,13
0.007032089756407834,False,490,time0,0.5847067052072121,5,time0,TIME0,0.7275981269699452,-1
0.034797547534013866,False,490,time0,0.0,2,time0,TIME0,0.3378208583630951,14
3.728206382458393e-05,False,491,time1,0.992215589401956,0,time1,TIME1,0.9949270843889328,13
2.5885565676175135e-05,False,491,time0,0.9911826511019108,4,time0,TIME0,0.9942596632682554,7
9.269513591471272e-05,False,491,time1,0.9875800275951431,3,time1,TIME1,0.9918945746392729,0
8.703674504668877e-05,False,491,time0,0.9870770898615195,5,time0,TIME0,0.9915696455492213,-1
0.00012406267063067266,False,491,time1,0.9724827786479653,1,time1,TIME1,0.9820703841864566,8
0.1623514520713214,False,491,time1,0.0,2,time1,TIME1,0.2931769917750375,10
0.0001570341727447824,False,492,time1,0.9605297707629444,3,time1,TIME1,0.9742893890354531,0
0.00026312497622348535,False,492,time1,0.9266291668283546,1,time1,TIME1,0.9522168646967522,8
0.0006167539191084786,False,492,time0,0.8878843813415436,4,time0,TIME0,0.9269089840003154,7
0.0004926381824153076,False,492,time1,0.8745402296165189,0,time1,TIME1,0.9182787258868919,13
0.008217387939295353,False,492,time0,0.43088092859361615,5,time0,TIME0,0.6271965178070971,15
0.0009019023766486349,False,493,time1,0.9502741671616853,2,time1,TIME1,0.9673625428232684,10
0.0008180492212005961,False,493,time0,0.9220881747433187,5,time0,TIME0,0.9490709963557369,15
0.0013815347571058646,False,493,time1,0.8533213031776681,0,time1,TIME1,0.9041753099004972,13
0.0016168383027271836,False,493,time0,0.787573017581339,4,time0,TIME0,0.8613565680219157,7
0.0012985809344397655,False,493,time1,0.6910454163456828,1,time1,TIME1,0.7987250172976399,8
0.023439129231854067,False,493,time0,0.0,3,time0,TIME0,0.34179630476885103,-1
1.1292879653971624e-05,False,494,time1,0.9982110357469307,2,time1,TIME1,0.998833220727626,10
4.805187764839715e-05,False,494,time0,0.9959872072963342,5,time0,TIME0,0.9973748665854403,15
2.9111519977325215e-05,False,494,time1,0.9935557063432782,0,time1,TIME1,0.9958010200911387,13
2.511339675874893e-05,False,494,time0,0.991036965362261,4,time0,TIME0,0.9941652377966042,7
0.00020802620703997418,False,494,time0,0.9444247280975946,3,time0,TIME0,0.9638032640909725,-1
0.0005117002121714805,False,494,time1,0.8886732191484886,1,time1,TIME1,0.9274584973722575,8
5.6638128904231014e-05,False,495,time1,0.9881155736980995,0,time1,TIME1,0.9922552995586482,13
8.109398020153586e-05,False,495,time0,0.9670906333385434,3,time0,TIME0,0.9785805287769826,-1
0.00040246336739193495,False,495,time1,0.9570459587755675,2,time1,TIME1,0.9719390110255317,10
0.0004491200540415098,False,495,time0,0.9547295862199151,5,time0,TIME0,0.9704170390240303,15
4.160487740321623e-05,False,495,time0,0.9167841162876127,4,time0,TIME0,0.9458951138798571,7
0.00098853480370456,False,495,time1,0.8415498633151426,1,time1,TIME1,0.8966614239735462,8
0.0001312300008200612,False,496,time1,0.9745259230315555,0,time1,TIME1,0.9833959194702241,13
0.00059689483303499,False,496,time0,0.8697336514620261,4,time0,TIME0,0.9151179602587547,7
0.0015930132641013535,False,496,time0,0.8485835042085459,5,time0,TIME0,0.9010217230931193,15
0.002110101457249487,False,496,time1,0.8342240594344121,2,time1,TIME1,0.8915071031223305,10
0.0009652327143829686,False,496,time1,0.8120803789685265,1,time1,TIME1,0.8775144148795082,8
0.11024348302481227,False,496,time0,0.0,3,time0,TIME0,0.3114147809413157,14
3.2328862458103306e-05,False,497,time0,0.9936965880498645,5,time0,TIME0,0.9958914671305517,15
4.086250107202537e-05,False,497,time1,0.9936503771274388,1,time1,TIME1,0.99585844325746,8
3.002534319339599e-05,False,497,time0,0.9896047803523634,4,time0,TIME0,0.9932325983589185,7
9.821968209881088e-05,False,497,time1,0.9872440864289482,2,time1,TIME1,0.9916742792900817,10
0.00010208553967858113,False,497,time1,0.9737386685398757,0,time1,TIME1,0.9828944046120316,13
0.00013728285491533028,False,497,time0,0.9384316855828219,3,time0,TIME0,0.9599325466296138,14
0.00028685750436655634,False,498,time1,0.940709040704006,0,time1,TIME1,0.9613604763310757,13
0.0001290196293635527,False,498,time0,0.9215639775237443,4,time0,TIME0,0.9489714285201565,7
0.0006935423379090861,False,498,time0,0.919261539326284,5,time0,TIME0,0.9472772607438164,15
0.0006504834897110034,False,498,time1,0.8848337317181482,1,time1,TIME1,0.9249142563953975,8
0.0005390438452816681,False,498,time0,0.8784539324010474,3,time0,TIME0,0.9208063907148322,14
0.0003830587672848821,False,499,time1,0.925628976073609,0,time1,TIME1,0.9515247638792963,13
0.0006773378090804674,False,499,time0,0.9056302464970521,5,time0,TIME0,0.9384225919899057,15
0.0008521230616885072,False,499,time0,0.8233090403955785,3,time0,TIME0,0.8848526331855351,14
0.001468677754766937,False,499,time0,0.7416239015953109,4,time0,TIME0,0.8315414988227836,7
0.0035003839974878537,False,499,time1,0.7123469615753897,2,time1,TIME1,0.8118003906248825,10
0.0023472710410264615,False,499,time1,0.6657111938591286,1,time1,TIME1,0.7818907311440744,8
3.7896610428861394e-05,False,500,time1,0.9946981185588096,2,time1,TIME1,0.9965405132495762,10
3.9069996320731674e-05,False,500,time0,0.9945919569243383,5,time0,TIME0,0.9964710975021076,15
3.548262776278464e-05,False,500,time1,0.9928489325639263,0,time1,TIME1,0.995339387246835,13
4.383462228478838e-05,False,500,time0,0.9884950929849177,4,time0,TIME0,0.9925064683223969,7
5.864600843415778e-05,False,500,time0,0.9772517296142116,3,time0,TIME0,0.9851930981462855,14
0.00014665335256421513,False,500,time1,0.9625089656941208,1,time1,TIME1,0.9755794990277811,8
0.00012926557990943432,False,501,time1,0.9730815201051963,0,time1,TIME1,0.9824577451154093,13
0.0005192210328551072,False,501,time1,0.9391103265260311,2,time1,TIME1,0.9602399848804208,10
0.0005355958702609794,False,501,time0,0.9247150206246941,5,time0,TIME0,0.9508773048514598,15
0.0006882067634740785,False,501,time0,0.860271191560291,4,time0,TIME0,0.9089354021469732,7
0.002059777580994084,False,501,time0,0.7476128949793444,3,time0,TIME0,0.8352274595832259,14
0.0024741839578553025,False,501,time1,0.5243693029898258,1,time1,TIME1,0.6899740825581374,8
0.0002651795105122315,False,502,time1,0.9490977872624824,0,time1,TIME1,0.9668207488919343,13
0.000822043786811493,False,502,time0,0.8796289907097066,4,time0,TIME0,0.9214711286359252,7
0.0006810043391654421,False,502,time1,0.761658817048371,1,time1,TIME1,0.8448398795627332,8
0.0021010221887896767,False,502,time0,0.7587036753280315,5,time0,TIME0,0.842422031197144,15
0.018563736791229676,False,502,time0,0.0,3,time0,TIME0,0.3435026921230696,-1
0.056849525427711205,False,502,time0,0.0,2,time0,TIME0,0.3301026661003011,18
4.480100741039763e-05,False,503,time1,0.9937736999965466,0,time1,TIME1,0.9959372246451617,13
5.92219477023346e-05,False,503,time0,0.9902648574651702,4,time0,TIME0,0.9936514296706649,7
5.8396601745343354e-05,False,503,time1,0.986747145048232,3,time1,TIME1,0.9913652054707399,8
4.441199791328498e-05,False,503,time0,0.9679215048309369,2,time0,TIME0,0.9791334339408393,18
0.0003420607188236512,False,503,time0,0.9531966291001189,5,time0,TIME0,0.9694580876634891,15
0.022341766080439977,False,503,time0,0.0,1,time0,TIME0,0.34218038187184596,14
9.876277215525949e-05,False,504,time0,0.976745978895776,2,time0,TIME0,0.984850319312,18
0.0003208281552071235,False,504,time1,0.919887604060027,3,time1,TIME1,0.9478146527846951,8
0.0005038532330597446,False,504,time0,0.9014261630493744,4,time0,TIME0,0.9357506573505224,7
0.0006062262413902275,False,504,time1,0.8843393820433263,0,time1,TIME1,0.9246084191436755,13
0.0017874975421450403,False,504,time0,0.8038490347425503,5,time0,TIME0,0.8718762484429069,15
0.0013859506043448558,False,504,time0,0.749893025139326,1,time0,TIME0,0.8369453836290413,14
9.587933430184265e-05,False,505,time0,0.9771520850762377,2,time0,TIME0,0.9851152975325489,18
0.00032787678432602394,False,505,time1,0.931938004101573,0,time1,TIME1,0.9556449457915084,13
0.0009721437826715971,False,505,time0,0.8117735539553954,4,time0,TIME0,0.8773125597470719,7
0.001258131404398929,False,505,time0,0.8091653908895146,1,time0,TIME0,0.8755171580866449,14
0.002067760827260572,False,505,time0,0.7901417534560633,5,time0,TIME0,0.8628684234569,15
0.000391317870831327,False,505,time1,0.75540769847226,3,time1,TIME1,0.840878042752178,8
3.588315033786883e-06,False,506,time0,0.996339384649248,2,time0,TIME0,0.9976193441117494,18
3.5438890115431464e-05,False,506,time1,0.9943165505124214,3,time1,TIME1,0.9962933542215335,8
3.522833174149098e-05,False,506,time0,0.9934646848862123,4,time0,TIME0,0.9957397152599284,7
2.8842213515073893e-05,False,506,time1,0.9906083652120129,0,time1,TIME1,0.993885342613078,13
0.00011744746086018464,False,506,time0,0.9885615016327174,1,time0,TIME0,0.9925238694499652,14
0.00027263341519544204,False,506,time0,0.9864589357648899,5,time0,TIME0,0.99110288655186,15
7.954592622033735e-05,False,507,time0,0.9805409532767798,2,time0,TIME0,0.9873237785557298,18
0.00012820217863216023,False,507,time1,0.9729854338846464,0,time1,TIME1,0.9823956612624989,13
0.00031909810517816677,False,507,time0,0.9303519563245098,4,time0,TIME0,0.9546170872741191,7
0.0006063713359779383,False,507,time0,0.901396510573978,1,time0,TIME0,0.9356955019054933,14
0.0004782929443366921,False,507,time1,0.9004056191583824,3,time1,TIME1,0.9350962499224307,8
0.0009684663958587307,False,507,time0,0.793872478209786,5,time0,TIME0,0.8656781475978104,15
0.00022675011821102656,False,508,time0,0.9719088733163584,2,time0,TIME0,0.9816614051142591,18
0.00022367139876958684,False,508,time0,0.9560058841672224,4,time0,TIME0,0.9713255397191252,7
0.00029959072128275664,False,508,time0,0.9445884844845231,1,time0,TIME0,0.963877658162491,14
0.0002888715034890155,False,508,time1,0.9205632519590814,0,time1,TIME1,0.9482650087471818,13
0.0013283886389223688,False,508,time1,0.8012654812043571,3,time1,TIME1,0.8703576267592092,8
0.002592208157018544,False,508,time0,0.7372140749444812,5,time0,TIME0,0.8282818758589563,15
6.211992672225584e-05,False,509,time0,0.989573138919925,2,time0,TIME0,0.9932007983235985,18
7.216887474116819e-05,False,509,time0,0.9876774982251566,4,time0,TIME0,0.9919651147401924,7
0.0001045462183235306,False,509,time1,0.9807140663090409,0,time1,TIME1,0.9874275519244633,13
0.00039640447614424013,False,509,time0,0.9770521095709213,5,time0,TIME0,0.9849451296544485,15
0.00024988073211077816,False,509,time0,0.9724892766940311,1,time0,TIME0,0.9820305715948814,14
9.964150759362907e-05,False,509,time1,0.9346459753975825,3,time1,TIME1,0.957485009480771,8
8.428243376647846e-05,False,510,time0,0.9615148509250411,4,time0,TIME0,0.9749551542494584,7
0.00016156733859708854,False,510,time0,0.9601473785319401,2,time0,TIME0,0.9740392474772521,18
0.0009081207451118781,False,510,time0,0.9398253563051837,5,time0,TIME0,0.9605686393375803,15
0.0006618760021973327,False,510,time1,0.9294954205406086,0,time1,TIME1,0.9539403667506265,13
0.0005772969679517539,False,510,time1,0.9106870798188077,3,time1,TIME1,0.9417445479434419,8
0.0006816684259322717,False,510,time0,0.8932883840102482,1,time0,TIME0,0.930398865657585,14
0.00015143708560837554,False,511,time0,0.9128156961143681,2,time0,TIME0,0.9432771994943764,18
0.00082180666369857,False,511,time0,0.9022899677579426,5,time0,TIME0,0.9362008467103682,15
0.00013865629440908936,False,511,time1,0.892591686746573,0,time1,TIME1,0.9301360666822291,13
0.0005755504552676531,False,511,time0,0.8898217416745413,4,time0,TIME0,0.9281826894291081,7
0.0017340960371942243,False,511,time0,0.8032192148235237,1,time0,TIME0,0.8714855560222725,14
0.002216990103397292,False,511,time1,0.6482753272512269,3,time1,TIME1,0.7706030161771085,8
1.242487189267503e-05,False,512,time1,0.996356129783189,3,time1,TIME1,0.9976271356539105,8
2.4396110756940828e-05,False,512,time0,0.9892701859788403,2,time0,TIME0,0.9930170822474813,18
8.702896396892998e-05,False,512,time0,0.9886521998515638,1,time0,TIME0,0.9925934697661274,14
9.404816196975498e-05,False,512,time1,0.9745153700547475,0,time1,TIME1,0.9834020736788964,13
0.00073984171645333,False,512,time0,0.9680607839133151,5,time0,TIME0,0.9789805649428962,15
0.000303069034262694,False,512,time0,0.941515269443259,4,time0,TIME0,0.9618788509761265,7
0.0002364178822014117,False,513,time0,0.9511039867996265,2,time0,TIME0,0.9681348451609867,18
0.0001686395836357719,False,513,time1,0.9091781744891809,0,time1,TIME1,0.9409067895636951,13
0.0013689856987048356,False,513,time0,0.9074526913752049,5,time0,TIME0,0.9393651043993365,15
0.0008512701490281603,False,513,time0,0.8878225945552319,1,time0,TIME0,0.926786741908741,14
0.0014489447893735353,False,513,time1,0.7241521480701076,3,time1,TIME1,0.8201917655692892,8
0.057728752361313564,False,513,time1,0.0,4,time1,TIME1,0.3297949366735402,0
6.760682472918654e-06,False,514,time1,0.967251063944877,4,time1,TIME1,0.9787108253253045,0
0.0002522758581878445,False,514,time0,0.9348021822128856,2,time0,TIME0,0.9575331218880099,18
0.0010607313339307373,False,514,time0,0.8692554977874849,1,time0,TIME0,0.9146448175949895,14
0.0026789980573612713,False,514,time0,0.8284528772296654,5,time0,TIME0,0.8875567208792061,15
0.0018849118161095768,False,514,time1,0.7150789384160531,3,time1,TIME1,0.8141415908347962,8
0.005605984884434896,False,514,time0,0.35017384400706253,0,time0,TIME0,0.5756509038950384,7
2.8839724458007615e-05,False,515,time1,0.9933688435757952,4,time1,TIME1,0.9956796544207067,0
5.284483447218277e-05,False,515,time0,0.9871530333095099,2,time0,TIME0,0.9916309759591162,18
0.00039898584076378414,False,515,time0,0.9530512238701042,5,time0,TIME0,0.9693436504713004,15
0.0001838281079068958,False,515,time1,0.9442129521805936,3,time1,TIME1,0.9636740790796186,8
0.0003787054223298279,False,515,time0,0.9371522586276757,1,time0,TIME0,0.9590164212101737,14
0.18411289662117672,False,515,time0,0.0,0,time0,TIME0,0.2855604861825881,19
0.00016785363770821453,False,516,time0,0.9792612416510104,1,time0,TIME0,0.9864610582999589,14
0.00011002706490955558,False,516,time1,0.9734956406291586,4,time1,TIME1,0.9827336569362347,0
0.0013132361980517726,False,516,time0,0.8444342203185976,5,time0,TIME0,0.8984226105377703,15
0.0008813663177854919,False,516,time0,0.8412203308241784,2,time0,TIME0,0.896484736824491,18
0.0007367733717822353,False,516,time0,0.8088474612837877,0,time0,TIME0,0.8754929791543382,19
0.0016499709054927881,False,516,time1,0.6996245322877003,3,time1,TIME1,0.8041784561700827,8
4.809951851772305e-05,False,517,time1,0.9859005499361881,4,time1,TIME1,0.9908185226270411,0
0.001134275518921931,False,517,time0,0.7315476196532135,0,time0,TIME0,0.8251089563429661,19
0.00196414096939087,False,517,time0,0.6994147713613343,1,time0,TIME0,0.8039321520455804,-1
0.0019164391451184186,False,517,time1,0.6579395920444956,3,time1,TIME1,0.7769899811281307,8
0.004547701894840843,False,517,time0,0.6461263262243202,5,time0,TIME0,0.7683904163826139,15
0.052016238421792996,False,517,time1,0.0,2,time1,TIME1,0.3317943165523724,10
8.32744322408757e-06,False,518,time0,0.9979760114821704,0,time0,TIME0,0.9986814928582823,19
5.821524619379831e-05,False,518,time1,0.9908566075250267,1,time1,TIME1,0.9940364195550995,8
0.000145673431407248,False,518,time0,0.9891815347173449,5,time0,TIME0,0.9929170118652817,15
6.773108575071383e-05,False,518,time1,0.9868810468697621,4,time1,TIME1,0.9914489745853325,0
0.00020171342562997233,False,518,time1,0.9795979029634042,2,time1,TIME1,0.9866680372272423,10
0.010779716148931678,False,518,time0,0.1900364107683453,3,time0,TIME0,0.46975076634729834,14
0.00012548351952730433,False,519,time0,0.9487281519867133,0,time0,TIME0,0.9666293795595291,19
0.00040536553817420223,False,519,time1,0.9258492063524182,4,time1,TIME1,0.9516601061907108,0
0.0008576538035636978,False,519,time1,0.8888682829457538,1,time1,TIME1,0.9274642050834927,8
0.0014719868245494606,False,519,time0,0.8667388315196541,5,time0,TIME0,0.9128650450991829,15
0.0005814565659730784,False,519,time1,0.853672342593917,2,time1,TIME1,0.9046835128879555,10
0.07194219382191437,False,519,time0,0.0,3,time0,TIME0,0.32482023216232997,7
0.0003384415474091758,False,520,time0,0.9042653349398144,3,time0,TIME0,0.9376540131692862,7
0.0005894549304868173,False,520,time0,0.8971020216927247,0,time0,TIME0,0.9329100048746006,19
0.0005941975449423974,False,520,time1,0.884060118095498,4,time1,TIME1,0.9244311076213438,0
0.0016437921082807386,False,520,time0,0.8637838254898074,5,time0,TIME0,0.9108841593304766,15
0.0009957849671764958,False,520,time1,0.808407394395091,1,time1,TIME1,0.8751162816182974,8
0.21580105455892173,False,520,time0,0.0,2,time0,TIME0,0.27446963090437737,9
2.4848797309510206e-05,False,521,time0,0.9942720475582086,0,time0,TIME0,0.9962681338337773,19
2.0359911306797148e-05,False,521,time1,0.99423603325346,1,time1,TIME1,0.9962462956457916,8
5.3269505656969856e-05,False,521,time1,0.9891976038655551,4,time1,TIME1,0.9929597981856308,0
0.0002558551032245128,False,521,time0,0.9693635067239285,3,time0,TIME0,0.9799967300844249,7
0.0005821408949568649,False,521,time0,0.9616386107304745,5,time0,TIME0,0.9748613476615735,15
0.0016856825391887637,False,521,time0,0.7906151905413987,2,time0,TIME0,0.863309884963193,9
0.000991791517677812,False,522,time0,0.8838399078831789,2,time0,TIME0,0.9241488130928791,9
0.00047271263693276263,False,522,time0,0.8813468750238223,0,time0,TIME0,0.9227100193425579,19
0.0004775807125475765,False,522,time1,0.8767802084109225,4,time1,TIME1,0.919739982217708,0
0.002401071302431615,False,522,time0,0.8433075772936858,5,time0,TIME0,0.8973095502850448,15
0.0011804357892985164,False,522,time0,0.8253518124807805,3,time0,TIME0,0.8860655255862528,7
0.1901845210857877,False,522,time0,0.0,1,time0,TIME0,0.28343541761997426,18
0.0006024635734578012,False,523,time0,0.9130734075614203,2,time0,TIME0,0.9432868526642129,9
0.0028419210157059885,False,523,time0,0.8143132563069508,5,time0,TIME0,0.878308944244021,15
0.001548808117927983,False,523,time0,0.8095237453772675,3,time0,TIME0,0.875648351653949,7
0.0007074073940741765,False,523,time1,0.740379413575118,4,time1,TIME1,0.8309990262359008,0
0.1120558349654379,False,523,time1,0.0,0,time1,TIME1,0.31078045776209673,8
0.18874967644639726,False,523,time0,0.0,1,time0,TIME0,0.28393761324376093,14
6.61909269951141e-05,False,524,time0,0.9848077628812542,2,time0,TIME0,0.9901018790483669,9
0.0001635248091725698,False,524,time0,0.9768829570696635,3,time0,TIME0,0.9849166884120709,7
0.0005054676386437061,False,524,time0,0.9754587297085494,5,time0,TIME0,0.9838712606370319,15
0.0002647576200956573,False,524,time1,0.9701439340600144,4,time1,TIME1,0.980500891971976,0
0.0009506528390777231,False,524,time0,0.7899886507330226,1,time0,TIME0,0.8631598944827874,14
0.02636585306230437,False,524,time0,0.06863645178861916,0,time0,TIME0,0.38538564509079587,12
0.00020207097471407654,False,525,time1,0.9666496262266376,4,time1,TIME1,0.9782515322061646,0
0.0005956923235900575,False,525,time0,0.9292357027346079,2,time0,TIME0,0.9537947144642386,9
0.000539390702518094,False,525,time0,0.910924015112114,3,time0,TIME0,0.9419118230769927,7
0.0005198605144208741,False,525,time0,0.90777069996383,0,time0,TIME0,0.9398690037964421,12
0.0018329099158740625,False,525,time0,0.7415019602251167,1,time0,TIME0,0.83133475567577,14
0.019917872312544188,False,525,time0,0.4492360928598267,5,time0,TIME0,0.6350322050494969,15
3.9684276580049175e-05,False,526,time1,0.9797687102285221,4,time1,TIME1,0.9868357721517363,0
0.0010793766987047886,False,526,time0,0.9258004465813825,5,time0,TIME0,0.9513925084333519,15
0.0006731248406024046,False,526,time0,0.8948932610761177,3,time0,TIME0,0.9314450260052656,7
0.0025593189681801546,False,526,time0,0.7276083060613727,0,time0,TIME0,0.8220496373010292,12
0.0018439354811041293,False,526,time0,0.7061433666584059,1,time0,TIME0,0.8083478109095774,14
0.08816699449519597,False,526,time0,0.0,2,time0,TIME0,0.3191415519266814,11
5.049699096705571e-05,False,527,time1,0.9925839333648435,4,time1,TIME1,0.9951618827403099,0
0.0001517080472143066,False,527,time0,0.9854596868585891,1,time0,TIME0,0.9904956986415578,14
0.0002560147580033679,False,527,time0,0.9771401649444718,5,time0,TIME0,0.9850515020486055,15
0.00010725006357537545,False,527,time0,0.9762734372858707,3,time0,TIME0,0.9845401967135645,7
0.0004061494040744533,False,527,time0,0.9694668076222387,2,time0,TIME0,0.980011272663029,11
0.0007521023613120039,False,527,time0,0.9200677253093598,0,time0,TIME0,0.9477807856246245,12
6.812767973763862e-05,False,528,time1,0.9897887147113661,4,time1,TIME1,0.9933388198744798,0
0.0006056558573169299,False,528,time0,0.9213175289543842,3,time0,TIME0,0.9486444142702888,7
0.0008410740073695909,False,528,time0,0.9206954296795271,2,time0,TIME0,0.9481576533891132,11
0.0010005309807010886,False,528,time0,0.7939298149740575,0,time0,TIME0,0.865704193889892,12
0.002109808224131666,False,528,time0,0.6283659863771988,1,time0,TIME0,0.7576994582667331,14
0.09286907540792505,False,528,time0,0.0,5,time0,TIME0,0.31749582360722617,9
4.480952410756963e-05,False,529,time1,0.9904658561841185,4,time1,TIME1,0.9937871231862394,0
0.0003748859848716504,False,529,time0,0.9357843893709318,3,time0,TIME0,0.9581286429964005,7
0.0007316353492089569,False,529,time0,0.8883126196555138,2,time0,TIME0,0.9271471304038608,11
0.001960500820140025,False,529,time0,0.842729931834184,1,time0,TIME0,0.8970882804051705,14
0.0027434139664200222,False,529,time0,0.7113894757062481,0,time0,TIME0,0.8114429643208143,12
0.09303636723533106,False,529,time0,0.0,5,time0,TIME0,0.3174372714676341,15
5.357426770662898e-05,False,530,time1,0.9941566447425259,4,time1,TIME1,0.9961830680889445,0
9.375129514569462e-05,False,530,time0,0.9806327024389735,3,time0,TIME0,0.9873784436320319,7
4.814186102480978e-05,False,530,time0,0.9775071307944367,1,time0,TIME0,0.9853627853650253,14
0.00017466136415237918,False,530,time0,0.9687494728468151,2,time0,TIME0,0.9796260258729765,11
0.00036009161309198505,False,530,time0,0.9608618470223477,5,time0,TIME0,0.9744341684999438,15
0.02565768108063181,False,530,time0,0.14699611902579057,0,time0,TIME0,0.43656728898854275,12
0.00011837733453086625,False,531,time1,0.971274959027115,4,time1,TIME1,0.981287291300539,0
0.00036899829001774224,False,531,time0,0.9093139835547308,3,time0,TIME0,0.9409249399090688,7
0.0016165250810542724,False,531,time0,0.862700738016156,2,time0,TIME0,0.9101896959321325,11
0.0020720320872355856,False,531,time0,0.726269535736024,1,time0,TIME0,0.8213499869978831,14
0.018925066553258853,False,531,time0,0.46363578928083254,5,time0,TIME0,0.6447394897389005,15
0.016728017113591356,False,531,time0,0.3301737931395596,0,time0,TIME0,0.5587581595509568,12
9.68949456834442e-05,False,532,time0,0.9586541267966089,3,time0,TIME0,0.9730912691868066,7
0.0002485852555917269,False,532,time1,0.9580615147784034,4,time1,TIME1,0.9726529797665051,0
0.0009413139223312332,False,532,time0,0.9192549683546135,2,time0,TIME0,0.9471862695576829,11
0.0009081373853303289,False,532,time0,0.8626182459647453,1,time0,TIME0,0.9103840117922188,14
0.0024144784481950703,False,532,time0,0.8614971626832336,5,time0,TIME0,0.9091280882872336,15
0.0024958929491897294,False,532,time0,0.780958610161419,0,time0,TIME0,0.8567495340727059,12
1.0109741256022862e-05,False,533,time0,0.9912858446137132,1,time0,TIME0,0.994332260589474,14
0.00013122655101867507,False,533,time0,0.9825710839612062,2,time0,TIME0,0.9886252752819273,11
0.00016665720346498782,False,533,time0,0.9798489010907879,0,time0,TIME0,0.9868434556877994,12
0.0001166685286832395,False,533,time1,0.968295992255565,4,time1,TIME1,0.9793515609810781,0
0.0003559785873893733,False,533,time0,0.9650395024282888,5,time0,TIME0,0.9771510840728015,15
0.00012145249002307985,False,533,time0,0.9554603795653084,3,time0,TIME0,0.9710067383459424,7
0.00016557310337939694,False,534,time0,0.9671197819372155,2,time0,TIME0,0.9785699076730072,11
0.0011544031821798043,False,534,time0,0.9461132087917654,5,time0,TIME0,0.9645695446008846,15
0.00027920510927271016,False,534,time0,0.9257977322183754,3,time0,TIME0,0.9516708041536985,7
0.00013631130459996186,False,534,time1,0.8854341311090614,4,time1,TIME1,0.92548447626428,0
0.0006924149631090486,False,534,time0,0.8498962608444895,1,time0,TIME0,0.90219022431183,14
0.018676635397251104,False,534,time0,0.2864910945196279,0,time0,TIME0,0.5296823890487202,12
3.141938320149852e-05,False,535,time1,0.9914687812892149,4,time1,TIME1,0.9944437110538692,0
0.0003484540378763072,False,535,time0,0.9542109216235855,2,time0,TIME0,0.9701151401420738,11
0.0002931128059975805,False,535,time0,0.9308898959965615,3,time0,TIME0,0.9549758429156658,7
0.00047279274335024343,False,535,time0,0.8935786701203832,1,time0,TIME0,0.9306606581180764,14
0.004185878608283955,False,535,time0,0.5996932356170223,5,time0,TIME0,0.7383355456381651,15
0.003840006391618552,False,535,time0,0.4369310908594273,0,time0,TIME0,0.6326612068215612,12
4.601018023548899e-06,False,536,time1,0.9990032226974788,4,time1,TIME1,0.9993504843970529,0
1.3186617685462863e-05,False,536,time0,0.996963769270003,3,time0,TIME0,0.998021834709312,7
6.189459254458432e-05,False,536,time0,0.990562694533064,0,time0,TIME0,0.993844088339101,12
3.322330590756377e-05,False,536,time0,0.9846090859997318,2,time0,TIME0,0.989984277742758,11
0.00012795225827806587,False,536,time0,0.973590715299196,1,time0,TIME0,0.9827891816540801,14
0.0006786909429418029,False,536,time0,0.9345701393847226,5,time0,TIME0,0.95723304877004,15
0.00016840451518396857,False,537,time1,0.9731690625158373,4,time1,TIME1,0.9825009490549799,0
6.071174823586219e-05,False,537,time0,0.9695478340712952,3,time0,TIME0,0.9801848430344593,7
0.0003688592833148306,False,537,time0,0.923438889006351,1,time0,TIME0,0.9501061771049679,14
0.0016500364517191245,False,537,time0,0.8704653901794727,2,time0,TIME0,0.9152249908585556,11
0.00417458274096881,False,537,time0,0.6798490497528576,5,time0,TIME0,0.7904407783800185,15
0.0020451861387077203,False,537,time0,0.6116306253370586,0,time0,TIME0,0.7468440913205404,12
3.2982967630481265e-05,False,538,time1,0.9924599545769431,4,time1,TIME1,0.9950874264363424,0
0.0003306423074607392,False,538,time0,0.9509241710629049,3,time0,TIME0,0.967984986383277,7
0.0006815327168336263,False,538,time0,0.9382202018105475,2,time0,TIME0,0.9596045947259642,11
0.0008819026604362882,False,538,time0,0.8484977684775477,1,time0,TIME0,0.9012148835792533,14
0.0023911204517980743,False,538,time0,0.8195648336458451,5,time0,TIME0,0.88188024971167,15
0.005260536384551507,False,538,time0,0.20901586265534522,0,time0,TIME0,0.4840191229913814,12
6.275040091367749e-06,False,539,time0,0.9887018174132692,2,time0,TIME0,0.992653985054593,11
8.670052258402123e-05,False,539,time0,0.9873201307069058,3,time0,TIME0,0.9917277397765845,7
9.207083601166344e-05,False,539,time0,0.9833329389232812,1,time0,TIME0,0.9891341855075286,14
0.00011003410402635448,False,539,time0,0.9805354114724688,5,time0,TIME0,0.9873095055206955,15
0.00015439182781250125,False,539,time1,0.9653083231495321,4,time1,TIME1,0.9773963729074614,0
0.0003730075172845301,False,539,time0,0.9473342412967846,0,time0,TIME0,0.9656367042118603,12
3.6004942912356494e-05,False,540,time1,0.9942737267751118,4,time1,TIME1,0.9962653206738035,0
0.0003840410221310222,False,540,time0,0.9246342558486386,2,time0,TIME0,0.9508778519438692,11
0.0002583009363087179,False,540,time0,0.9173929366648126,3,time0,TIME0,0.9462150035044201,7
0.0008827474559169031,False,540,time0,0.8543092202481148,1,time0,TIME0,0.9049920315517037,14
0.001825400509974434,False,540,time0,0.8114519276953834,5,time0,TIME0,0.8768048628235082,15
0.0003911538023359926,False,540,time0,0.5456957550526501,0,time0,TIME0,0.704565336953405,12
0.00010025576882830658,False,541,time1,0.9838903218085177,4,time1,TIME1,0.9894936196564466,0
0.0006484731686856103,False,541,time0,0.9117844080532819,3,time0,TIME0,0.9424328996255933,7
0.0009859095048497164,False,541,time0,0.8553335307624508,5,time0,TIME0,0.9056217266688955,15
0.0010812644503162274,False,541,time0,0.8434178387002659,2,time0,TIME0,0.8978431525975622,11
0.0014861797133109797,False,541,time0,0.7614857330496541,1,time0,TIME0,0.8444455635826162,14
0.003590645006813506,False,541,time0,0.4853512307415536,0,time0,TIME0,0.6642215742296251,12
5.9281310920672005e-05,False,542,time0,0.9911912273182422,3,time0,TIME0,0.9942535492980351,7
0.00014131309806776821,False,542,time1,0.983768779094536,4,time1,TIME1,0.9894002468271246,0
8.807006202658091e-05,False,542,time0,0.9799480162606784,1,time0,TIME0,0.9869353860477317,14
0.00037553855538973525,False,542,time0,0.9778117269476139,2,time0,TIME0,0.9854461840215627,11
5.334960573290403e-05,False,542,time0,0.9664910129407233,0,time0,TIME0,0.9782004860494635,12
0.00027714887544945757,False,542,time0,0.965170940361845,5,time0,TIME0,0.9772641091287919,15
0.00012243480828468662,False,543,time1,0.9752027434834868,4,time1,TIME1,0.9838389310813669,0
0.00036598212359261275,False,543,time0,0.9550619060076279,5,time0,TIME0,0.9706621451617007,15
0.0012973675175345682,False,543,time0,0.9207548497795081,2,time0,TIME0,0.9480365737255432,11
0.0007140414128720749,False,543,time0,0.9077259100355526,3,time0,TIME0,0.939771927028604,7
0.00037241067627854325,False,543,time0,0.9018841794821303,1,time0,TIME0,0.9360943729266872,14
0.0010842234667228058,False,543,time0,0.8104825972844466,0,time0,TIME0,0.8764342100215372,12
8.079040402110321e-05,False,544,time1,0.9822581546977319,4,time1,TIME1,0.9884395239121184,0
6.0281309414382666e-05,False,544,time0,0.9179641319288733,3,time0,TIME0,0.9466555872954726,7
0.0013104187249667722,False,544,time0,0.8370001465997277,5,time0,TIME0,0.8935914487360845,15
0.0014480496673785815,False,544,time0,0.7973205805401687,2,time0,TIME0,0.8677515599675272,11
0.0012254473772782678,False,544,time0,0.7720523069780121,1,time0,TIME0,0.8514050929536605,14
0.00423687194893776,False,544,time0,0.4116610006094443,0,time0,TIME0,0.6160967452140107,12
9.175317525608633e-06,False,545,time1,0.9979629650768741,4,time1,TIME1,0.9986727159388342,0
4.4304280401621784e-05,False,545,time0,0.9932550247775439,2,time0,TIME0,0.9956002596072631,11
6.373075567389789e-05,False,545,time0,0.9857388409179524,0,time0,TIME0,0.9907079408321833,12
5.639339593530919e-05,False,545,time0,0.9847234740199261,1,time0,TIME0,0.9900505204243746,14
6.387237509403579e-05,False,545,time0,0.9835652822120701,5,time0,TIME0,0.9892950781065626,15
0.00019690758595413538,False,545,time0,0.9790570477424039,3,time0,TIME0,0.9863181633774787,7
5.421596247218221e-05,False,546,time1,0.9899620305329505,4,time1,TIME1,0.9934563442595525,0
0.0007726904208578056,False,546,time0,0.9484856365633758,5,time0,TIME0,0.966245222118894,15
0.00035328452080248695,False,546,time0,0.928875515024686,1,time0,TIME0,0.9536454351837651,14
0.0007716581692577533,False,546,time0,0.884305375028923,2,time0,TIME0,0.9245284134095597,11
0.001962688400077817,False,546,time0,0.763135167684319,3,time0,TIME0,0.84535091805478,-1
0.0017408570391225563,False,546,time0,0.7009779300284844,0,time0,TIME0,0.805026354554822,12
1.5108444805216387e-05,False,547,time1,0.9903695464710627,4,time1,TIME1,0.993734917250509,0
0.001224181503099052,False,547,time0,0.9186734589033084,5,time0,TIME0,0.9467092847610659,15
0.0009257937732187744,False,547,time0,0.8764146367915542,3,time0,TIME0,0.9193454860938837,-1
0.0008189675786225329,False,547,time0,0.8414207861253631,0,time0,TIME0,0.8966368723289682,12
0.0007526596057006104,False,547,time0,0.8264947289408716,1,time0,TIME0,0.8869581429495713,14
0.0016387268866631822,False,547,time0,0.8169106567955577,2,time0,TIME0,0.8804183725067803,11
6.713663550781989e-05,False,548,time1,0.9776021307444754,4,time1,TIME1,0.9854178871614813,0
0.0005334003760729486,False,548,time0,0.8659545625246994,1,time0,TIME0,0.912683775509429,14
0.005792617921847487,False,548,time0,0.7563799432104533,5,time0,TIME0,0.8396195468141481,15
0.002257633836963218,False,548,time0,0.6540718570677184,2,time0,TIME0,0.7743565352510798,11
0.0034785812527275213,False,548,time0,0.5684303160526495,3,time0,TIME0,0.7182622019957676,-1
0.03074082461931872,False,548,time0,0.015485313267940708,0,time0,TIME0,0.34930616500739986,20
2.7304264788487152e-05,False,549,time1,0.9908484927189168,4,time1,TIME1,0.99404196377462,0
0.0007363818700572831,False,549,time0,0.8935398936594879,0,time0,TIME0,0.9305431972241471,20
0.0006100252844343282,False,549,time0,0.8718359581749753,1,time0,TIME0,0.916479863964182,14
0.002673932531349475,False,549,time0,0.8082606399987057,5,time0,TIME0,0.8744335396131864,15
0.0011123629893057226,False,549,time0,0.8069193644811291,2,time0,TIME0,0.8741082598664769,11
0.0027474506399007793,False,549,time0,0.7395376025867572,3,time0,TIME0,0.8297378339574268,-1
3.805007585817078e-05,False,550,time1,0.979070389944096,4,time1,TIME1,0.9863824359371121,0
0.00025094930809013146,False,550,time0,0.9720879848081013,3,time0,TIME0,0.9817693578674342,-1
0.00027417167148704205,False,550,time0,0.878506521101431,2,time0,TIME0,0.9209332786309097,11
0.0011270328638412475,False,550,time0,0.7832252413515041,1,time0,TIME0,0.8587019453761333,14
0.006518027140540082,False,550,time0,0.7297086053227047,5,time0,TIME0,0.822029283960569,15
0.1005184003814671,False,550,time0,0.0,0,time0,TIME0,0.3148185598664865,7
1.7308598444659826e-05,False,551,time1,0.9889523560181815,4,time1,TIME1,0.9928129734023624,0
0.00010430697079247458,False,551,time0,0.9728587785288466,3,time0,TIME0,0.982321698603973,-1
0.00020090125106540568,False,551,time0,0.9596322143748114,0,time0,TIME0,0.9736906239057546,7
0.0005165179105395822,False,551,time0,0.8984683737632492,2,time0,TIME0,0.9338236616774231,11
0.0007847628993438155,False,551,time0,0.8578397310779885,1,time0,TIME0,0.9073211581859222,14
0.005300466415089491,False,551,time0,0.7895631268976124,5,time0,TIME0,0.8613608692381667,15
3.421210919332951e-06,False,552,time1,0.995849124181279,4,time1,TIME1,0.9973007332940096,0
0.0003567823911123413,False,552,time0,0.932838360377247,1,time0,TIME0,0.9562200604083212,14
0.000457189088751291,False,552,time0,0.9244876845464348,5,time0,TIME0,0.9507569787741197,15
0.0003322785786976039,False,552,time0,0.9080000817018163,0,time0,TIME0,0.9400837556036364,7
0.0008657005667615891,False,552,time0,0.8347811471723597,2,time0,TIME0,0.8923047504636672,11
0.0013175491600376599,False,552,time0,0.7850202361915316,3,time0,TIME0,0.8598020113184823,-1
0.00041826302651523016,False,553,time0,0.9047229862272443,0,time0,TIME0,0.9379235489884284,7
0.0016885203052230944,False,553,time0,0.8631591643951043,5,time0,TIME0,0.9104624747499898,15
0.0009121785232599385,False,553,time0,0.8498867646722047,3,time0,TIME0,0.9021071345537921,-1
0.0016140598935696436,False,553,time1,0.8362052641897314,4,time1,TIME1,0.892968500760576,0
0.0015716235823246372,False,553,time0,0.7533642857514369,1,time0,TIME0,0.8391367174846203,14
0.0019446088027310908,False,553,time0,0.7401809382539621,2,time0,TIME0,0.8304369967841195,11
8.009857298761114e-05,False,554,time1,0.9868723231554984,4,time1,TIME1,0.9914389755505283,0
0.0003550072146373115,False,554,time0,0.9710837758131753,2,time0,TIME0,0.9810802017534409,11
0.00019025696498706622,False,554,time0,0.9543052947618059,0,time0,TIME0,0.9702318516574284,7
0.000560388527443245,False,554,time0,0.9118116207944383,1,time0,TIME0,0.9424814175317798,14
0.002163162243581049,False,554,time0,0.8626957812266408,5,time0,TIME0,0.9099951510120632,15
0.0008015072713569901,False,554,time0,0.8564891106875703,3,time0,TIME0,0.9064373944019457,-1
1.2043743352681154e-05,False,555,time1,0.9897247541725736,4,time1,TIME1,0.9933168749019994,0
2.342697974162535e-05,False,555,time0,0.9855110599742388,0,time0,TIME0,0.9905739895403456,7
4.706580519116431e-05,False,555,time0,0.9607801746395783,1,time0,TIME0,0.9744906404839091,14
0.00189499802071515,False,555,time0,0.8987136867542611,5,time0,TIME0,0.9335006470830194,15
0.0009934697445874168,False,555,time0,0.8765190485326518,2,time0,TIME0,0.9193896671356181,11
0.0007210373056889034,False,555,time0,0.8743737083711973,3,time0,TIME0,0.9180905473842871,-1
9.248418436487896e-05,False,556,time1,0.9864636907089557,4,time1,TIME1,0.9911690294962934,0
7.557727216911647e-05,False,556,time0,0.9784833540049762,0,time0,TIME0,0.9859877280579753,7
0.00021429367175750311,False,556,time0,0.9679037922037226,1,time0,TIME0,0.9790624621473045,14
0.0006140558192979128,False,556,time0,0.8657888450518688,3,time0,TIME0,0.9125478297469605,-1
0.0012064735711193079,False,556,time0,0.8470402407654957,2,time0,TIME0,0.9001538907476804,11
0.0050725924226121865,False,556,time0,0.7870537962060722,5,time0,TIME0,0.8598095601860326,15
4.567778331084751e-05,False,557,time1,0.9881881299090364,4,time1,TIME1,0.9923062972167149,0
0.0003141871099755196,False,557,time0,0.9506451509337428,1,time0,TIME0,0.9678093826184413,14
0.00028143428975662907,False,557,time0,0.9426730107788981,0,time0,TIME0,0.962638955004869,7
0.0005833545655239289,False,557,time0,0.9018968006128694,3,time0,TIME0,0.9360287463004316,-1
0.0011093634884652306,False,557,time0,0.873543976056687,2,time0,TIME0,0.9174153072158837,11
0.00816415628633043,False,557,time0,0.698723177362328,5,time0,TIME0,0.8013126105852976,15
4.7191957578984635e-05,False,558,time1,0.9881936181936333,4,time1,TIME1,0.992309334640709,0
0.00018341291416360057,False,558,time0,0.9578166849323507,0,time0,TIME0,0.9725166506860707,7
0.00033163437902111774,False,558,time0,0.9558552104807525,3,time0,TIME0,0.9711898147798317,-1
0.00019869987192206912,False,558,time0,0.9513952284616887,2,time0,TIME0,0.9683373535449249,11
0.0005202925005797401,False,558,time0,0.9215821398199218,1,time0,TIME0,0.9488462885077462,14
0.0015420957176132967,False,558,time0,0.9205643902845787,5,time0,TIME0,0.9478271201838115,15
8.451193434030931e-05,False,559,time1,0.9793321106764407,4,time1,TIME1,0.9865362927626673,0
0.00101765822993575,False,559,time0,0.941795522543945,5,time0,TIME0,0.9618109092730867,15
0.00046176317026268407,False,559,time0,0.9260356148535711,1,time0,TIME0,0.9517615325452292,14
0.000744476118756607,False,559,time0,0.9078698640039444,2,time0,TIME0,0.939854844960999,11
0.00034231420312697165,False,559,time0,0.9010339704463537,0,time0,TIME0,0.9355522708190354,7
0.0006922989889036267,False,559,time0,0.8771101017594717,3,time0,TIME0,0.9198792614975403,-1
7.071528443910162e-05,False,560,time1,0.9802784671664786,4,time1,TIME1,0.9871562533086573,0
6.2507826448702e-05,False,560,time0,0.9790232173084674,0,time0,TIME0,0.9863432135112469,7
0.00046430054991455493,False,560,time0,0.9391397489605997,5,time0,TIME0,0.9602783316319198,15
0.0004868646354013815,False,560,time0,0.931612044786761,1,time0,TIME0,0.955377426489004,14
0.0007503439772525449,False,560,time0,0.9140757147307887,2,time0,TIME0,0.9438865941829743,11
0.0010721711797213793,False,560,time0,0.8620437320000306,3,time0,TIME0,0.9099531658871174,-1
7.359933742254504e-05,False,561,time1,0.983019525308033,4,time1,TIME1,0.9889369316821237,0
0.0003413527739200817,False,561,time0,0.954995104565601,5,time0,TIME0,0.9706273444967686,15
0.00021489436842386274,False,561,time0,0.9244299553474319,3,time0,TIME0,0.9508042579468824,-1
0.0005870010055890667,False,561,time0,0.879250995822795,0,time0,TIME0,0.9213076969328605,7
0.0008516676879055383,False,561,time0,0.8631943491203627,1,time0,TIME0,0.9107782432374689,14
0.08857858745756206,False,561,time0,0.0,2,time0,TIME0,0.31899749438985325,9
7.743833855218614e-05,False,562,time1,0.981044205640716,4,time1,TIME1,0.9876516302479721,0
0.0001369494671240223,False,562,time0,0.9744129392060177,0,time0,TIME0,0.983320478170418,7
0.0004645088570394291,False,562,time0,0.9411450280532411,2,time0,TIME0,0.9615816901346429,9
0.0002719871862240228,False,562,time0,0.940154882339962,3,time0,TIME0,0.9610054780057968,-1
0.00038174188170428755,False,562,time0,0.9075913260132817,1,time0,TIME0,0.9398007522500367,14
0.06733763595335825,False,562,time0,0.0,5,time0,TIME0,0.3264318274163246,11
4.909869895191385e-05,False,563,time1,0.9741533913051322,4,time1,TIME1,0.9831825198037027,0
0.0002389744133242129,False,563,time0,0.9326467854146822,1,time0,TIME0,0.9561367694748799,14
0.000394253753275669,False,563,time0,0.9162914812342405,2,time0,TIME0,0.9454514739886098,9
0.00038105341803207495,False,563,time0,0.9079631299845946,0,time0,TIME0,0.9400426657936753,7
0.0006803117408048034,False,563,time0,0.8932291142105718,5,time0,TIME0,0.9303608151275901,11
0.0007675472743148212,False,563,time0,0.8529967693446974,3,time0,TIME0,0.904179258528043,-1
0.0002184502512026147,False,564,time0,0.9312030792065558,0,time0,TIME0,0.9552055438963403,7
0.0005614946453788591,False,564,time1,0.9234836895162258,4,time1,TIME1,0.9500678750596641,0
0.0004504066777614157,False,564,time0,0.9164465072602698,5,time0,TIME0,0.9455325873819589,11
0.0005187162457405193,False,564,time0,0.8912135133401244,1,time0,TIME0,0.9291072329850718,14
0.0005900977603892236,False,564,time0,0.862555009509602,3,time0,TIME0,0.9104542219651051,-1
0.1268457650243539,False,564,time0,0.0,2,time0,TIME0,0.3056039822414761,15
0.0002912751526048005,False,565,time0,0.9495571476738907,5,time0,TIME0,0.9671101996846172,11
0.0002654684821106931,False,565,time0,0.9474494292328526,0,time0,TIME0,0.9657492150326155,7
0.0002117707761982167,False,565,time0,0.9383127245116307,1,time0,TIME0,0.9598291511608906,14
0.00014270312704760472,False,565,time1,0.9015865747459629,4,time1,TIME1,0.9359813274904093,0
0.0014779498062453837,False,565,time0,0.7702252534875172,3,time0,TIME0,0.8501291323347002,-1
0.004895895219050631,False,565,time0,0.7016612248813437,2,time0,TIME0,0.8043662328462058,15
0.0003413310350981117,False,566,time0,0.9438676621099279,1,time0,TIME0,0.9633945145091687,14
0.00011483684902741857,False,566,time1,0.938035134099219,4,time1,TIME1,0.9596826442673327,0
0.00035446186699024997,False,566,time0,0.9294914777878743,0,time0,TIME0,0.9540453989086717,7
0.003118224943477711,False,566,time0,0.8881242605336277,2,time0,TIME0,0.9261893906166407,15
0.0005945109695448019,False,566,time0,0.8421285133403359,3,time0,TIME0,0.8971754548318778,-1
0.001375095094030176,False,566,time0,0.7992155644067889,5,time0,TIME0,0.8690088335815023,11
0.0003653990564259837,False,567,time0,0.94590611702425,0,time0,TIME0,0.9647110863960134,7
0.0001691785009545145,False,567,time1,0.9382811198986656,4,time1,TIME1,0.9598235154587986,0
0.0008536288999935523,False,567,time0,0.8655469644103618,3,time0,TIME0,0.9123067567517376,-1
0.0007398996020912943,False,567,time0,0.8311279530502834,1,time0,TIME0,0.8899742046219523,14
0.0012685879553297778,False,567,time0,0.8277399706064146,5,time0,TIME0,0.887586975109804,11
0.004477075531569088,False,567,time0,0.606724232049,2,time0,TIME0,0.7428037743958007,15
0.00038761656370443775,False,568,time1,0.9104255425622548,4,time1,TIME1,0.9416409368681691,0
0.0007503414406338786,False,568,time0,0.877613105221942,3,time0,TIME0,0.9201858988900404,-1
0.001099712364693296,False,568,time0,0.8624368106654942,5,time0,TIME0,0.9101990276049285,11
0.0015051797988393225,False,568,time0,0.7183594996862959,1,time0,TIME0,0.8164068618664986,14
0.001722615098181189,False,568,time0,0.7064544389416599,0,time0,TIME0,0.8085924700277156,7
0.0076695026589200235,False,568,time0,0.5747975037809092,2,time0,TIME0,0.720934051526969,15
9.928879710963076e-05,False,569,time0,0.9684883840754315,0,time0,TIME0,0.979482698570042,7
0.001026420522527023,False,569,time0,0.9585276823742306,2,time0,TIME0,0.9726837463603655,15
0.00031157094294787435,False,569,time0,0.9379159559668397,3,time0,TIME0,0.9595363215484141,-1
0.0005683754771729857,False,569,time0,0.9074215610916501,5,time0,TIME0,0.939625083292562,11
0.000675914867473436,False,569,time0,0.8404598901665297,1,time0,TIME0,0.8960623584046286,14
0.0014687940333665988,False,569,time1,0.8278873054997774,4,time1,TIME1,0.887612670663177,0
0.00037076423320082675,False,570,time0,0.9389255522896405,0,time0,TIME0,0.960171841506646,7
0.0005554218280946865,False,570,time0,0.9290674370288532,3,time0,TIME0,0.9536994364289215,-1
0.00048558628105832764,False,570,time1,0.9161434047489895,4,time1,TIME1,0.9453232578884727,0
0.00020432587651127143,False,570,time0,0.9127179743213619,5,time0,TIME0,0.9431951692521063,11
0.0005497277279773881,False,570,time0,0.8943263870486041,1,time0,TIME0,0.9311197468768005,14
0.0033659288001814686,False,570,time0,0.8163918263794103,2,time0,TIME0,0.8794766120665531,15
0.001016857368690435,False,571,time0,0.8590632804174865,3,time0,TIME0,0.9080352321923246,-1
0.0009118742304847326,False,571,time0,0.8424790230297238,1,time0,TIME0,0.8972922089886508,14
0.004053413946377367,False,571,time0,0.8357035733316586,2,time0,TIME0,0.8917886277843461,15
0.0005283884741797571,False,571,time1,0.8135076379341663,4,time1,TIME1,0.8785950286912452,0
0.0013772427983225343,False,571,time0,0.8052510837900412,5,time0,TIME0,0.8729311694841139,11
0.11625983274231978,False,571,time0,0.0,0,time0,TIME0,0.3093090585401881,20
0.0001248485150934834,False,572,time0,0.974174843361666,5,time0,TIME0,0.9831699512048002,11
0.00012197798862907787,False,572,time0,0.9423730135474683,1,time0,TIME0,0.9624997665098343,14
0.0007002836049441945,False,572,time0,0.8977498157218406,3,time0,TIME0,0.933292280957466,-1
0.0021606662108134386,False,572,time0,0.8933677921322758,2,time0,TIME0,0.9299328317121945,15
0.00022224092340511665,False,572,time1,0.8877990552427414,4,time1,TIME1,0.92699160158459,0
0.06339863487288132,False,572,time0,0.0,0,time0,TIME0,0.3278104777944915,12
0.00023183674889012637,False,573,time0,0.9608964496105521,3,time0,TIME0,0.9745015493847473,7
0.00031348510075962906,False,573,time0,0.9321726709668308,5,time0,TIME0,0.9558025163431741,11
0.0024799014963290773,False,573,time0,0.8924632415355442,2,time0,TIME0,0.9292331414743886,15
0.0004890502367766139,False,573,time0,0.8161930298445759,1,time0,TIME0,0.8803543018161026,14
0.0012987308993353155,False,573,time1,0.7788326539157944,4,time1,TIME1,0.855786669230499,0
0.002209834606533982,False,573,time0,0.6572963119513103,0,time0,TIME0,0.7764691606560647,12
0.00017878392754117604,False,574,time1,0.9685680897282334,4,time1,TIME1,0.9795066839487123,0
0.00030056308331609827,False,574,time0,0.9502352553411995,3,time0,TIME0,0.9675477188926189,7
0.003304923527116639,False,574,time0,0.8295915173059253,2,time0,TIME0,0.8880777630143606,15
0.0007776399219318067,False,574,time0,0.7923779623938578,1,time0,TIME0,0.8647735015833313,14
0.0014752880815464924,False,574,time0,0.7513693635885335,5,time0,TIME0,0.8378737355040055,11
0.0022203686765312714,False,574,time0,0.6810120545645811,0,time0,TIME0,0.7918807064301918,12
0.00017779353014911722,False,575,time0,0.9558180333122323,3,time0,TIME0,0.9712194939173988,7
0.00034076070175718736,False,575,time1,0.8934168617551669,4,time1,TIME1,0.9306016938952435,0
0.0029781335824243657,False,575,time0,0.8755128822488673,2,time0,TIME0,0.9180410267079152,15
0.000686305973642695,False,575,time0,0.8737368073478218,1,time0,TIME0,0.9176887176853092,14
0.001833179812100154,False,575,time0,0.7364951495270803,5,time0,TIME0,0.8280802342583671,11
0.13014028800907984,False,575,time0,0.0,0,time0,TIME0,0.30445089919682206,-1
0.00010403261645907738,False,576,time0,0.9555545662683319,0,time0,TIME0,0.9710740566586551,22
0.00039356498520921646,False,576,time0,0.9048348278065521,1,time0,TIME0,0.9380048903294357,14
0.0007415156311112021,False,576,time1,0.8776130402084541,4,time1,TIME1,0.9201889456646062,0
0.0008381940827330268,False,576,time0,0.8616880910852855,3,time0,TIME0,0.909803891276479,7
0.0013839493136819146,False,576,time0,0.730676971625636,5,time0,TIME0,0.8244556492968748,11
0.008270883400601567,False,576,time0,0.6801872699549469,2,time0,TIME0,0.789226916280505,15
0.0004317179368081712,False,577,time1,0.9318729005164299,4,time1,TIME1,0.9555662840577965,0
0.000511055809565501,False,577,time0,0.9161345939542725,3,time0,TIME0,0.9453086165369292,7
0.0014014783633133135,False,577,time0,0.7957445185356335,5,time0,TIME0,0.8667434196210021,11
0.0019621163418361994,False,577,time0,0.7596799378671967,0,time0,TIME0,0.8431052188940351,22
0.01019685069421898,False,577,time0,0.6483504547595457,2,time0,TIME0,0.767858897850728,15
0.09245297578737172,False,577,time0,0.0,1,time0,TIME0,0.3176414584744199,-1
0.00020706623638881727,False,578,time0,0.9602918729455618,1,time0,TIME0,0.9741172442318792,-1
0.0006911456391284467,False,578,time0,0.9563904724740929,2,time0,TIME0,0.9714119061344655,15
0.00048782383238384525,False,578,time0,0.9190150333382032,0,time0,TIME0,0.9471890333284978,22
0.0007181319641333034,False,578,time0,0.8841889486800998,3,time0,TIME0,0.9244714704546182,7
0.0005035317927423547,False,578,time0,0.8736090640378535,5,time0,TIME0,0.9176696554971451,11
0.0009059371222992055,False,578,time1,0.8541824755484961,4,time1,TIME1,0.9049015311137178,0
0.0004305195874178515,False,579,time0,0.926462369709639,3,time0,TIME0,0.9520498584556691,7
0.0008236490098358825,False,579,time0,0.9091188309161301,2,time0,TIME0,0.940638962942042,15
0.0006085631267027164,False,579,time0,0.8812770738931984,1,time0,TIME0,0.9226171009362331,-1
0.000549521450147447,False,579,time0,0.8745256884050737,5,time0,TIME0,0.9182493649557464,11
0.0005132628707346501,False,579,time1,0.8639673473194319,4,time1,TIME1,0.9113991337528737,0
0.09922636615541074,False,579,time0,0.0,0,time0,TIME0,0.31527077184560626,19
0.00019083560575412263,False,580,time0,0.9652068921815468,3,time0,TIME0,0.9773176874559915,7
0.00036930861994537384,False,580,time0,0.9346016318713839,5,time0,TIME0,0.9573618026994186,11
0.00010093011621764138,False,580,time0,0.9173621888178454,1,time0,TIME0,0.9462500971909233,-1
0.0011525940657470199,False,580,time0,0.9009808644797317,2,time0,TIME0,0.9352341539888142,15
0.0003897677685305555,False,580,time0,0.8913236034146007,0,time0,TIME0,0.9292239235005049,19
0.0007042748729508251,False,580,time1,0.882082845936811,4,time1,TIME1,0.9231073536533944,0
0.0001434246809103188,False,581,time0,0.9086624315544137,0,time0,TIME0,0.9405803818720504,19
0.0005563158847098004,False,581,time0,0.9030802731575335,5,time0,TIME0,0.9368074669927484,11
0.0007137619282274251,False,581,time0,0.888242351596917,1,time0,TIME0,0.9271077118631164,-1
0.0008060310770864177,False,581,time0,0.8686086902139541,3,time0,TIME0,0.9143135377620899,7
0.0030782920719268207,False,581,time0,0.8368882089358296,2,time0,TIME0,0.8928999335831148,15
0.0008626607844166766,False,581,time1,0.8354400647975521,4,time1,TIME1,0.892734110843863,0
0.0004266790452923706,False,582,time0,0.9423222687807513,3,time0,TIME0,0.962360137041636,7
0.0008033710265558459,False,582,time0,0.8980698374051755,1,time0,TIME0,0.9334642144540696,-1
0.0035893986138656473,False,582,time0,0.8600290950446295,2,time0,TIME0,0.9077626222641562,15
0.0011670376738975132,False,582,time0,0.816589116591532,5,time0,TIME0,0.8803744625986316,11
0.0029605107793670613,False,582,time1,0.6333952732276269,4,time1,TIME1,0.7606707488251789,0
0.03282396242893423,False,582,time0,0.0,0,time0,TIME0,0.338511613149873,12
0.0006687204081474117,False,583,time0,0.8819116663320135,5,time0,TIME0,0.9230085309729572,11
0.005057098349939617,False,583,time0,0.8039240499175359,2,time0,TIME0,0.8707806480239194,15
0.0014072349657145487,False,583,time0,0.7771103902838618,3,time0,TIME0,0.8546292214465101,7
0.0011439980738755075,False,583,time1,0.7364846167378434,4,time1,TIME1,0.8283146015537417,0
0.003803132479249691,False,583,time0,0.5473912391782247,0,time0,TIME0,0.7044732090981087,12
0.09471422075466825,False,583,time0,0.0,1,time0,TIME0,0.3168500227358661,14
0.000408012195358216,False,584,time0,0.9282071284785733,3,time0,TIME0,0.9531918292426973,7
0.00043900873691114046,False,584,time0,0.9225365526389987,1,time0,TIME0,0.9494951061574303,14
0.0007204961434626412,False,584,time0,0.8728317084747441,5,time0,TIME0,0.9170884368583717,11
0.004028982858819791,False,584,time0,0.8738719387184377,2,time0,TIME0,0.9166066161663976,15
0.0007689383559914042,False,584,time1,0.7895435202881615,4,time1,TIME1,0.8629341597627079,0
0.0033572129784441617,False,584,time0,0.5751609378915175,0,time0,TIME0,0.7226795850870309,12
6.038924888017916e-05,False,585,time0,0.9850649799403534,5,time0,TIME0,0.9902711007241216,11
0.0005558685773741902,False,585,time0,0.8817371695450336,3,time0,TIME0,0.9229346062021908,7
0.0007587867573566145,False,585,time0,0.8672336025979606,1,time0,TIME0,0.9134362663235995,14
0.004660571684874222,False,585,time0,0.8545654173365916,2,time0,TIME0,0.9038363211790786,15
0.0006851104145329082,False,585,time1,0.846704147138352,4,time1,TIME1,0.9001179069948422,0
0.001761225275294739,False,585,time0,0.7495536934874254,0,time0,TIME0,0.8365934719204733,12
0.00010217493646192718,False,586,time0,0.9759614590235635,5,time0,TIME0,0.9843391871375546,11
0.00022267595350638215,False,586,time0,0.8900333028915285,1,time0,TIME0,0.9284437102957663,14
0.004897567763934424,False,586,time0,0.8536854780175966,2,time0,TIME0,0.9031814119940608,15
0.0007358560797401384,False,586,time1,0.8367637292512292,4,time1,TIME1,0.8936388743853899,0
0.0012760766624210897,False,586,time0,0.8178419063896698,0,time0,TIME0,0.881150612321438,12
0.010445376821229596,False,586,time0,0.06558705294662066,3,time0,TIME0,0.38897570252787306,-1
0.00012887634845818837,False,587,time0,0.9656215184548957,5,time0,TIME0,0.9776088802737218,11
0.00033200764245785953,False,587,time0,0.8815260979635599,1,time0,TIME0,0.9228757610014536,14
0.005230457769195345,False,587,time0,0.7549763849181551,2,time0,TIME0,0.8389039899775824,15
0.0030303499791342996,False,587,time1,0.5372388524142331,4,time1,TIME1,0.6981446315765545,0
0.02878803572871264,False,587,time0,0.0009900418315566253,0,time0,TIME0,0.3405677146854623,19
0.12961202195211693,False,587,time0,0.0,3,time0,TIME0,0.304635792316759,20
0.0003278349808504038,False,588,time0,0.9557960070788912,5,time0,TIME0,0.9711526623579816,11
0.0009547672345544145,False,588,time1,0.8274044026007185,4,time1,TIME1,0.8874786931583729,0
0.0016392521696565936,False,588,time0,0.7471727377075877,1,time0,TIME0,0.8350885412505522,14
0.007395180134720898,False,588,time0,0.6718654119942021,2,time0,TIME0,0.7841242047490791,15
0.006286186688186703,False,588,time0,0.37881430461258203,0,time0,TIME0,0.5940291326573129,19
0.1294490419705846,False,588,time0,0.0,3,time0,TIME0,0.3046928353102954,-1
0.00021050807279233367,False,589,time0,0.9627471659693949,5,time0,TIME0,0.9757119800546294,11
0.0005565133858391562,False,589,time0,0.8853057005159094,3,time0,TIME0,0.9252539256502974,-1
0.0007204105579488413,False,589,time1,0.7910698891436851,4,time1,TIME1,0.8639432842481132,0
0.0004658853785248677,False,589,time0,0.746528720400925,0,time0,TIME0,0.8350806083781175,19
0.01907452168992162,False,589,time0,0.38505557683461933,2,time0,TIME0,0.59361004235103,15
0.06117315744635618,False,589,time0,0.0,1,time0,TIME0,0.3285893948937753,20
0.00034359306479375885,False,590,time0,0.9519491777378214,5,time0,TIME0,0.9686467079569061,11
0.005187953780964323,False,590,time0,0.602176621691712,2,time0,TIME0,0.7395990202762752,15
0.004949323713624056,False,590,time0,0.39154291374102596,0,time0,TIME0,0.6027706306318984,19
0.08820678815711445,False,590,time0,0.0,1,time0,TIME0,0.3191276241450099,12
0.00031952314100188714,False,591,time0,0.9484019124533553,5,time0,TIME0,0.9663494099953303,11
0.0031106873303785136,False,591,time0,0.8510572576473914,2,time0,TIME0,0.9020984769051719,15
0.001116415491286957,False,591,time0,0.7748789804154531,0,time0,TIME0,0.8532805918480941,19
0.0017387548925014444,False,591,time0,0.7291343507709109,3,time0,TIME0,0.8233287637887166,-1
0.00595086883446792,False,591,time0,0.38723421105469974,1,time0,TIME0,0.599619433093491,12
0.06319593915435592,False,591,time0,0.0,4,time0,TIME0,0.3278814212959754,7
8.913891069244082e-05,False,592,time0,0.9789508429692417,5,time0,TIME0,0.9862868493112648,11
0.0006453960980463036,False,592,time0,0.8811783466531827,4,time0,TIME0,0.9225400366902526,7
0.0006856067800735241,False,592,time0,0.8616669826445486,0,time0,TIME0,0.9098435763459307,19
0.004983674400673204,False,592,time0,0.7567720760430013,2,time0,TIME0,0.8401575633877153,15
0.016602163488717552,False,592,time0,0.0019028783266734914,3,time0,TIME0,0.3454261136912866,-1
0.10629197499380418,False,592,time0,0.0,1,time0,TIME0,0.3127978087521685,22
0.0002001079743099028,False,593,time0,0.9408739998836457,0,time0,TIME0,0.9614980621333613,19
0.0002763803053597642,False,593,time0,0.9376706389509508,5,time0,TIME0,0.9593891822112421,11
0.001265340576113218,False,593,time0,0.9282580727731734,2,time0,TIME0,0.952924878100923,15
0.0009950754242031663,False,593,time0,0.8322912556912078,1,time0,TIME0,0.8906410398008139,-1
0.004351108266179032,False,593,time0,0.47821238679982664,4,time0,TIME0,0.6593151635267247,7
0.20689437844488248,False,593,time0,0.0,3,time0,TIME0,0.27758696754429113,12
0.00017360559809729054,False,594,time0,0.9636141816097968,0,time0,TIME0,0.976288456087034,19
0.0006538974740415641,False,594,time0,0.9253293882419942,5,time0,TIME0,0.9512352382413816,11
0.0025699019441853305,False,594,time0,0.8684306572248349,2,time0,TIME0,0.9135804615156777,15
0.0005546484637957138,False,594,time0,0.8630552128175917,3,time0,TIME0,0.9107917613691061,12
0.001980865403581328,False,594,time0,0.6950127614828009,1,time0,TIME0,0.8010649920725671,22
0.004005990541369724,False,594,time0,0.5647223707807116,4,time0,TIME0,0.7156674443179831,7
0.00026594485909621875,False,595,time0,0.8661950006013298,5,time0,TIME0,0.9129336696901806,11
0.002690394171846107,False,595,time0,0.6973789406365862,3,time0,TIME0,0.8023546734536349,12
0.004813183186875801,False,595,time0,0.507654155985592,1,time0,TIME0,0.6782905872752283,22
0.012764631213481334,False,595,time0,0.4172068015164972,2,time0,TIME0,0.6167168000610047,15
0.056432808901498245,False,595,time1,0.0,4,time1,TIME1,0.3302485168844756,0
0.11121262233487078,False,595,time0,0.0,0,time0,TIME0,0.3110755821827952,14
0.0002007508168954025,False,596,time0,0.9571617778216248,0,time0,TIME0,0.9720848927981427,14
0.0008170623750746701,False,596,time1,0.8822287603062989,4,time1,TIME1,0.9231627223678182,0
0.0014690074137288054,False,596,time0,0.7836797071329309,5,time0,TIME0,0.8588776570415999,11
0.0037819287823535855,False,596,time0,0.7391103811052598,2,time0,TIME0,0.8290980726445951,15
0.0022695007478725137,False,596,time0,0.6892425350863858,1,time0,TIME0,0.7972133225443954,22
0.0036819770780048048,False,596,time0,0.6685753151629104,3,time0,TIME0,0.78328526287859,12
0.0002625320923426178,False,597,time0,0.9458433356252224,0,time0,TIME0,0.9647062819240746,14
0.0002446023330605082,False,597,time0,0.9415930246312912,5,time0,TIME0,0.9619498551937681,11
0.0005177100705803562,False,597,time1,0.9166958523605765,4,time1,TIME1,0.9456711055096716,0
0.0017284779341721675,False,597,time0,0.8388476464323423,3,time0,TIME0,0.8946460029040623,12
0.0017740187622704497,False,597,time0,0.7593587444010003,1,time0,TIME0,0.8429622772938555,22
0.013829440415579968,False,597,time0,0.505148814045755,2,time0,TIME0,0.6735064249842877,15
0.0003531101029029942,False,598,time0,0.935012469118447,0,time0,TIME0,0.9576345163909745,14
0.0005932441821828662,False,598,time0,0.9324186702997925,5,time0,TIME0,0.9558645002311011,11
0.006701602842206591,False,598,time0,0.6623206841186732,2,time0,TIME0,0.7781628836823653,15
0.0031161499894087016,False,598,time0,0.6540291046216735,1,time0,TIME0,0.7740282655077948,22
0.035772589657173545,False,598,time1,0.0,3,time1,TIME1,0.33747959361998925,19
0.05330124966394517,False,598,time0,0.0,4,time0,TIME0,0.3313445626176192,-1
0.00039910551843245877,False,599,time1,0.9271592385656073,3,time1,TIME1,0.9525138181361934,19
0.0008429638897407093,False,599,time0,0.9099676284343976,5,time0,TIME0,0.9411839211209492,11
0.006100042304993982,False,599,time0,0.7307617124453002,2,time0,TIME0,0.8228600982826972,15
0.002953458776545335,False,599,time0,0.6446269032541072,1,time0,TIME0,0.7679737765433788,22
0.005665274794492846,False,599,time0,0.4587529971859332,4,time0,TIME0,0.6462066019927841,-1
0.07448788424825388,False,599,time0,0.0,0,time0,TIME0,0.3239292405131111,20
0.000279171727371062,False,600,time0,0.9652373129185126,5,time0,TIME0,0.9773065432924533,11
0.0006523759087007882,False,600,time1,0.890157399848338,3,time1,TIME1,0.9283739783333744,19
0.004290232665060422,False,600,time0,0.8443410619722159,2,time0,TIME0,0.8973201088491691,15
0.0022867132274943616,False,600,time0,0.7741065132827042,0,time0,TIME0,0.8523688840041347,20
0.011831343862863409,False,600,time0,0.09922611091816426,4,time0,TIME0,0.4103560017448045,7
0.16835850274772787,False,600,time0,0.0,1,time0,TIME0,0.2910745240382952,9
8.521183182116012e-05,False,601,time0,0.9738477990333232,5,time0,TIME0,0.9829712452305227,11
0.0002556735574265678,False,601,time0,0.9436249100787126,4,time0,TIME0,0.963266705806064,7
0.005027363903004095,False,601,time0,0.7638832703147409,2,time0,TIME0,0.8447645483385302,15
0.004916812379502195,False,601,time1,0.5393315747129546,3,time1,TIME1,0.6988446392305947,19
0.10736568955378686,False,601,time0,0.0,0,time0,TIME0,0.3124220086561746,12
0.1519922033973569,False,601,time0,0.0,1,time0,TIME0,0.29680272881092506,21
0.0007612382978328188,False,602,time0,0.9182301918753595,5,time0,TIME0,0.9465831913147422,11
0.001291806133305889,False,602,time0,0.8112527878288815,4,time0,TIME0,0.8768621799421159,7
0.004193820051074823,False,602,time0,0.7851655677079735,2,time0,TIME0,0.8588897819923067,15
0.0043276049722648325,False,602,time1,0.6257199595752003,3,time1,TIME1,0.7552033119835875,19
0.05038114295841245,False,602,time0,0.0,1,time0,TIME0,0.33236659996455564,22
0.0009523973224668909,False,603,time0,0.9006598662612257,5,time0,TIME0,0.9350955740069333,11
0.0032932248447572906,False,603,time0,0.8779201114476156,2,time0,TIME0,0.9194954437452851,15
0.0019945738996423362,False,603,time0,0.7156655859527054,4,time0,TIME0,0.8144845300043837,7
0.0029629290901387376,False,603,time0,0.6921968076944487,1,time0,TIME0,0.7988908998198431,22
0.09678673804632232,False,603,time0,0.0,3,time0,TIME0,0.3161246416837872,20
0.1095798094224309,False,603,time0,0.0,0,time0,TIME0,0.31164706670214914,21
0.00028646250210784464,False,604,time0,0.9222153886966897,4,time0,TIME0,0.9493397407771106,7
0.0011748445744343221,False,604,time0,0.885076477068115,5,time0,TIME0,0.9248885144932226,11
0.0006352201478723178,False,604,time0,0.8362972476383037,1,time0,TIME0,0.8933708839131421,22
0.003370783076590738,False,604,time1,0.8017173115646675,0,time1,TIME1,0.869936478440227,21
0.009564540250886367,False,604,time0,0.5483341024031835,2,time0,TIME0,0.703069577474259,15
0.07896400885221735,False,604,time0,0.0,3,time0,TIME0,0.3223625969017239,14
0.00019102799559686593,False,605,time0,0.9668625050889491,4,time0,TIME0,0.978393768509358,7
0.0003820303713452025,False,605,time0,0.9428996205581136,3,time0,TIME0,0.962751042732803,14
0.0013192434183772355,False,605,time0,0.8693302665791854,5,time0,TIME0,0.9146029380800386,11
0.004046291121162478,False,605,time0,0.7475299487244064,2,time0,TIME0,0.8344782647784572,15
0.004112041088710194,False,605,time0,0.6275069592201203,1,time0,TIME0,0.7564403091120296,22
0.10128936361867505,False,605,time0,0.0,0,time0,TIME0,0.31454872273346374,12
0.0001833039537087909,False,606,time0,0.9680679651016847,3,time0,TIME0,0.979180020932297,14
0.00037826854049693607,False,606,time0,0.9413280990836492,4,time0,TIME0,0.9617308704151981,7
0.0014234261011966095,False,606,time0,0.8627897005405974,5,time0,TIME0,0.9103151062159696,11
0.012627682215631765,False,606,time0,0.5129652277487377,2,time0,TIME0,0.6790077092612083,15
0.008353168874981477,False,606,time0,0.311755562295628,0,time0,TIME0,0.5497175063859147,12
0.13103361935418464,False,606,time0,0.0,1,time0,TIME0,0.30413823322603534,19
0.0003695428259468306,False,607,time0,0.9391309984271676,3,time0,TIME0,0.9603058089885775,14
0.0011069715585276837,False,607,time0,0.8170959782030386,4,time0,TIME0,0.8807249457864903,-1
0.0019204516699894726,False,607,time0,0.8077193668996423,5,time0,TIME0,0.8743454304002712,11
0.003534960342133553,False,607,time0,0.7612980845506113,2,time0,TIME0,0.8436065188381506,15
0.0025854877409888723,False,607,time0,0.34214575488506144,0,time0,TIME0,0.5714898199659438,12
0.09377401107317482,False,607,time0,0.0,1,time0,TIME0,0.31717909612438877,20
0.0001453689610687355,False,608,time0,0.9782408778178993,3,time0,TIME0,0.9858056914452604,14
0.0013164206691254092,False,608,time0,0.8561193585709075,5,time0,TIME0,0.906016835836896,11
0.003417977577129936,False,608,time0,0.8020477675144096,2,time0,TIME0,0.8701347567323708,15
0.00318419265437174,False,608,time0,0.7726224491137184,1,time0,TIME0,0.8510901244948869,20
0.0016651035607377874,False,608,time0,0.7513006620036595,4,time0,TIME0,0.8377626440561204,-1
0.10282230275169159,False,608,time1,0.0,0,time1,TIME1,0.31401219403690794,21
0.0007280349234064252,False,609,time0,0.923068268042114,3,time0,TIME0,0.9497395620041819,14
0.00023158311238968593,False,609,time0,0.8736414529681824,4,time0,TIME0,0.9177858903399823,-1
0.0019454844434946875,False,609,time0,0.7840250601445703,5,time0,TIME0,0.8589353695387476,11
0.0036137322952664377,False,609,time0,0.7659843353568003,2,time0,TIME0,0.846625011678577,15
0.05192623513292384,False,609,time0,0.0,0,time0,TIME0,0.33182581770347663,22
0.09715077082920227,False,609,time0,0.0,1,time0,TIME0,0.31599723020977916,19
0.0001406333603637676,False,610,time0,0.976347929516042,3,time0,TIME0,0.9845769325093,14
2.1101658239481435e-05,False,610,time0,0.9196866483525242,1,time0,TIME0,0.9477889358487569,19
0.0009961333971164946,False,610,time0,0.8846464751423477,5,time0,TIME0,0.9246715621535353,11
0.001207859376629065,False,610,time0,0.7639094184495703,4,time0,TIME0,0.8461183712104006,-1
0.003278407947803869,False,610,time0,0.7524080016493233,2,time0,TIME0,0.8379177582903288,15
0.0031293828187374103,False,610,time0,0.41867804087011085,0,time0,TIME0,0.621045442579014,22
0.0002395788388200119,False,611,time0,0.9566393388185225,3,time0,TIME0,0.9717317176384526,14
0.00041965134327746694,False,611,time0,0.9021636145621984,1,time0,TIME0,0.9362594714952819,19
0.0007360846290819694,False,611,time0,0.8917858086263806,5,time0,TIME0,0.9294031459869687,11
0.0004240922269426942,False,611,time0,0.8905757208938173,4,time0,TIME0,0.9287257863015513,-1
0.0009832979037356704,False,611,time0,0.8720041990218667,0,time0,TIME0,0.916458575097906,22
0.011690429622714724,False,611,time0,0.6291221499787155,2,time0,TIME0,0.7548377471182148,15
0.0007276082641467584,False,612,time0,0.9235683450093205,5,time0,TIME0,0.950064761363607,11
0.0004637516763675472,False,612,time0,0.9210304818903606,3,time0,TIME0,0.9485075001420058,14
0.004796721952238156,False,612,time0,0.8616723043072534,2,time0,TIME0,0.9084081451164314,15
0.00192546869585237,False,612,time0,0.7736989148117676,0,time0,TIME0,0.8522303805841006,22
0.004230067723027355,False,612,time0,0.537257183509093,4,time0,TIME0,0.6977366455778509,-1
0.07958013526260017,False,612,time0,0.0,1,time0,TIME0,0.3221469526580899,12
0.0014929457884766443,False,613,time0,0.8362479474967801,0,time0,TIME0,0.8930386348469401,22
0.0016137991291707509,False,613,time0,0.836036744387419,5,time0,TIME0,0.8928590541566126,11
0.0011153130768145956,False,613,time0,0.8159401288708709,3,time0,TIME0,0.879970724189181,14
0.009887990381977881,False,613,time0,0.7372117674597345,2,time0,TIME0,0.8257268522151351,15
0.004691663324260945,False,613,time0,0.4570114401209963,4,time0,TIME0,0.6454153539151563,7
0.07811468560874793,False,613,time0,0.0,1,time0,TIME0,0.3226598600369382,19
0.0003611590475929385,False,614,time0,0.9340822284201882,3,time0,TIME0,0.9570270428064649,14
0.000680500008642214,False,614,time0,0.8823176288692498,4,time0,TIME0,0.9232682837619877,7
0.0006199198728658513,False,614,time0,0.8388893821859487,1,time0,TIME0,0.8950611264653636,19
0.00199950772441298,False,614,time0,0.789753022260927,5,time0,TIME0,0.862639636766058,11
0.0017678326595966414,False,614,time0,0.7853835674026917,0,time0,TIME0,0.8598805773808907,22
0.007357759936156069,False,614,time0,0.7873856109430392,2,time0,TIME0,0.8592254311353208,15
0.00028102246971616,False,615,time0,0.955435331138596,4,time0,TIME0,0.9709346073756868,7
0.000604239054327071,False,615,time0,0.8605996533118312,1,time0,TIME0,0.9091782909836758,19
0.002219107672659895,False,615,time0,0.7540557455838588,5,time0,TIME0,0.8393595469440773,11
0.004925387774030137,False,615,time0,0.7450255878922669,2,time0,TIME0,0.8325427464090629,15
0.005410732619723809,False,615,time0,0.4206342036053492,0,time0,TIME0,0.6215184759265737,22
0.08998698307851354,False,615,time0,0.0,3,time0,TIME0,0.31850455592252025,-1
0.0005672909204960349,False,616,time0,0.8631141053417095,1,time0,TIME0,0.9108256166499376,19
0.0012110229459648915,False,616,time0,0.8477241764080625,5,time0,TIME0,0.9005968566341529,11
0.0005765257851448343,False,616,time0,0.8061505691641215,3,time0,TIME0,0.8737960859318783,-1
0.0008604173988682266,False,616,time0,0.6731303743893957,0,time0,TIME0,0.7872335972635034,22
0.04537441130285132,False,616,time1,0.0,4,time1,TIME1,0.334118956044002,0
0.0012117316772202475,False,617,time0,0.8448898435658992,5,time0,TIME0,0.8987542922308074,11
0.0014661569646011435,False,617,time1,0.7395256369577358,4,time1,TIME1,0.8301785090849179,0
0.0041190238925747046,False,617,time0,0.4904847016455759,0,time0,TIME0,0.6673733977072231,22
0.011018388019747563,False,617,time0,0.05639030129150752,3,time0,TIME0,0.3827972600325682,7
0.03731111016297385,False,617,time0,0.03364364695376963,2,time0,TIME0,0.3588094819629094,-1
0.08980021651349436,False,617,time0,0.0,1,time0,TIME0,0.31856992422027697,20
0.00045182870618572723,False,618,time0,0.928618824229311,2,time0,TIME0,0.953444095701887,-1
0.00021206842303251694,False,618,time0,0.8883120481461091,5,time0,TIME0,0.9273286073469096,11
0.0005443825143914486,False,618,time0,0.8788791988008832,3,time0,TIME0,0.9210809453405371,7
0.002194618141408249,False,618,time0,0.744749984651502,1,time0,TIME0,0.8333193736739835,20
0.0018925772747895545,False,618,time1,0.6883206713274215,4,time1,TIME1,0.7967460343166476,0
0.0026036454661905197,False,618,time0,0.5953552924351299,0,time0,TIME0,0.7360696641696677,22
0.00025972319302870934,False,619,time0,0.9378489323096597,3,time0,TIME0,0.9595109028837188,7
0.0006148410042398704,False,619,time0,0.9273554598197626,5,time0,TIME0,0.9525658545313618,11
0.0006612110022477832,False,619,time0,0.8610562506281131,2,time0,TIME0,0.9094551390574868,-1
0.001036814266779695,False,619,time1,0.7625195900801537,4,time1,TIME1,0.8452748485587269,0
0.0034813987258125218,False,619,time0,0.7429399316040441,1,time0,TIME0,0.8316924659885943,20
0.0019586292014233033,False,619,time0,0.7051709658070793,0,time0,TIME0,0.8076756075541034,22
0.0010058120178347714,False,620,time0,0.861750481829527,5,time0,TIME0,0.9097857789829503,11
0.0009658718408221222,False,620,time0,0.8165291558661025,3,time0,TIME0,0.8804058961686789,7
0.0005892492107129827,False,620,time1,0.7985314675756979,4,time1,TIME1,0.868839216700454,0
0.0007350218873255485,False,620,time0,0.7794346539976401,0,time0,TIME0,0.8563752674379022,22
0.01237475738892434,False,620,time0,0.16411859361377698,2,time0,TIME0,0.4523459207628315,15
0.0887784973600034,False,620,time0,0.0,1,time0,TIME0,0.31892752592399876,19
0.0008459184924308085,False,621,time0,0.9090336254164685,5,time0,TIME0,0.9405757850483537,11
0.0004234949039791607,False,621,time0,0.8881727956982163,1,time0,TIME0,0.9271640939874478,19
0.0007543502620416799,False,621,time1,0.8664955301409875,4,time1,TIME1,0.9129580719999273,0
0.002182669044054166,False,621,time0,0.7178368693229701,0,time0,TIME0,0.8158300308945116,22
0.004668572788936121,False,621,time0,0.6035047947677997,2,time0,TIME0,0.7406441161229422,15
0.009857407283901373,False,621,time0,0.15356959349063887,3,time0,TIME0,0.4463701432195498,7
0.001194327226297736,False,622,time0,0.8609389226650694,5,time0,TIME0,0.9091922852030909,11
0.0015824994870533937,False,622,time0,0.8306720499962805,3,time0,TIME0,0.8893829576771137,-1
0.0017191271460503196,False,622,time0,0.7660146907967224,0,time0,TIME0,0.847307854516752,22
0.0014445845448157087,False,622,time0,0.6922621756012298,1,time0,TIME0,0.7994648095501139,19
0.008704193877340796,False,622,time0,0.19019733923166135,2,time0,TIME0,0.4705818026435106,15
0.04286577093168086,False,622,time0,0.0,4,time0,TIME0,0.33499698017391166,7
0.0003551588029688079,False,623,time0,0.9375317033152495,4,time0,TIME0,0.9592713015738731,7
0.0008984084380977132,False,623,time0,0.8335058850698288,3,time0,TIME0,0.8914643823420545,-1
0.002294924160652334,False,623,time0,0.7696467852537607,5,time0,TIME0,0.8494671869587161,11
0.0016356308928486252,False,623,time0,0.7598230619040087,0,time0,TIME0,0.8433125194251087,22
0.0033470498635606275,False,623,time0,0.5646377004652251,1,time0,TIME0,0.7158430378501501,19
0.0007932531649493177,False,624,time0,0.8494764338158998,3,time0,TIME0,0.9018820433726026,-1
0.0016624665934370788,False,624,time0,0.8142637540641837,5,time0,TIME0,0.8786895768340164,11
0.0012765672444711464,False,624,time0,0.7674050964715744,4,time0,TIME0,0.8483665141709584,7
0.0025075983282223566,False,624,time0,0.7019814955595689,0,time0,TIME0,0.8054103126988419,22
0.08482567109900682,False,624,time0,0.0,1,time0,TIME0,0.3203110151153476,20
0.0003816366120296373,False,625,time0,0.91580298633206,3,time0,TIME0,0.9451383683016287,-1
0.0009526955273572977,False,625,time0,0.8825645659673725,4,time0,TIME0,0.923333524444217,7
0.001595711617573786,False,625,time0,0.7907293497316162,0,time0,TIME0,0.8634155782593997,22
0.0026492674660861227,False,625,time0,0.7040430178501879,5,time0,TIME0,0.806700717989492,11
0.0013252054868904389,False,625,time0,0.682059491849792,1,time0,TIME0,0.7928748477819532,20
0.0002906369139821801,False,626,time0,0.8941034709299499,3,time0,TIME0,0.9310655331845736,-1
0.001822110414099534,False,626,time0,0.764527091967857,0,time0,TIME0,0.8463048711341722,22
0.002053063658708198,False,626,time0,0.748571216742875,5,time0,TIME0,0.8358527186023209,11
0.001949875431870749,False,626,time0,0.7224832716284716,4,time0,TIME0,0.8189316701573517,7
0.004962658616487896,False,626,time0,0.5723259217710503,1,time0,TIME0,0.7202749186354119,20
0.0003515990898958699,False,627,time0,0.924801452803905,4,time0,TIME0,0.9509978846410747,7
0.0012422098607487197,False,627,time0,0.8527090268932231,5,time0,TIME0,0.903826094029333,11
0.0012086184343987599,False,627,time0,0.8140825667179605,1,time0,TIME0,0.8787306519146347,20
0.0036543254993885318,False,627,time0,0.5285742622184184,3,time0,TIME0,0.692294256517186,-1
0.036254142968214366,False,627,time0,0.0,0,time0,TIME0,0.33731104996112493,12
0.0004106191544601026,False,628,time0,0.9664897322242925,4,time0,TIME0,0.9780746092417291,7
0.0011832434203030919,False,628,time0,0.8614850626190895,5,time0,TIME0,0.9095511555053021,11
0.0013159727022689458,False,628,time0,0.8398237698258547,0,time0,TIME0,0.8954248599410115,12
0.001981528780094931,False,628,time0,0.7699452949549631,1,time0,TIME0,0.8497709066476928,20
0.00141472762993098,False,628,time0,0.7196145501382859,3,time0,TIME0,0.8172543029194099,-1
0.0012341267731715273,False,629,time0,0.8988170425212239,5,time0,TIME0,0.9337991332681855,11
0.0010786630971415933,False,629,time0,0.8024470331429987,3,time0,TIME0,0.8712130394589497,-1
0.001349911848305678,False,629,time0,0.8010741021525711,4,time0,TIME0,0.8702256972522642,7
0.0005469311058978244,False,629,time0,0.7607075981675612,1,time0,TIME0,0.8442685129218505,20
0.004620361205776495,False,629,time0,0.5268479859360129,0,time0,TIME0,0.6908340644363866,12
0.0004560931680227153,False,630,time0,0.8995027105936123,3,time0,TIME0,0.93451712927704,-1
0.001039146636910958,False,630,time0,0.848211941531451,4,time0,TIME0,0.9009740606725243,7
0.0018338624669156207,False,630,time0,0.7943704348807494,5,time0,TIME0,0.8656989308090667,11
0.006294764517868565,False,630,time0,0.45583149263948647,1,time0,TIME0,0.6440873026344123,20
0.04034739319170381,False,630,time0,0.0,0,time0,TIME0,0.33587841238290367,22
0.0002571782796193997,False,631,time0,0.9220795361335263,4,time0,TIME0,0.9492616860889254,7
0.0005460764176044111,False,631,time0,0.8974714481186363,3,time0,TIME0,0.933165314530952,-1
0.001517095514291757,False,631,time0,0.8116934952419929,5,time0,TIME0,0.8770697884772932,11
0.003908883502658047,False,631,time0,0.6318306483484571,0,time0,TIME0,0.7593218122005668,22
0.08304930748644128,False,631,time0,0.0,1,time0,TIME0,0.32093274237974556,19
0.0005583638491562008,False,632,time0,0.9353362518525287,4,time0,TIME0,0.957773136356939,7
0.0010392593642444868,False,632,time0,0.8456921790567244,1,time0,TIME0,0.8993361756093853,19
0.0011634046271789334,False,632,time0,0.8065352023707264,3,time0,TIME0,0.8738406899214595,-1
0.002566237646324782,False,632,time0,0.699581152689673,5,time0,TIME0,0.8038295660720738,11
0.0035966776947903784,False,632,time0,0.6613817180064815,0,time0,TIME0,0.7786392795110364,22
0.0012974123649525879,False,633,time0,0.839259170472899,0,time0,TIME0,0.8950643664796509,22
0.0011239270279462654,False,633,time0,0.8277318330316635,3,time0,TIME0,0.8876323170108,-1
0.0010769616348050052,False,633,time0,0.807630669908063,1,time0,TIME0,0.8745829988680592,19
0.002318425222342108,False,633,time0,0.6982987876658671,5,time0,TIME0,0.8030827631549938,11
0.003735632447751741,False,633,time0,0.6397737327090318,4,time0,TIME0,0.7645454549041575,7
0.0003619254615567656,False,634,time0,0.9509787951345176,4,time0,TIME0,0.9680095429258916,7
0.0003912715521744809,False,634,time0,0.8923709726572394,3,time0,TIME0,0.9299041871839446,-1
0.0013899978301592645,False,634,time0,0.7897980588179723,5,time0,TIME0,0.8628822389911261,11
0.0021132768979606714,False,634,time0,0.7836959076699794,1,time0,TIME0,0.8586626930712005,19
0.0033880889037795053,False,634,time0,0.6576652739573395,0,time0,TIME0,0.7762965969559479,22
0.0007387889689744542,False,635,time0,0.9274360887590553,4,time0,TIME0,0.9525748815542447,7
0.0011629126246224235,False,635,time0,0.8103818668567851,5,time0,TIME0,0.8763411940382925,11
0.004174522267979807,False,635,time0,0.5296035195738158,0,time0,TIME0,0.6927812049291873,22
0.027842962233123752,False,635,time1,0.0,3,time1,TIME1,0.34025496321840665,0
0.0825229635776389,False,635,time0,0.0,1,time0,TIME0,0.32111696274782636,20
0.0006489695342262262,False,636,time0,0.9504163919456862,4,time0,TIME0,0.9675435154277169,7
0.0017638704612399263,False,636,time0,0.8823662398282519,1,time0,TIME0,0.9229207012269297,20
0.000888469864698517,False,636,time0,0.8530940365685334,5,time0,TIME0,0.9042001593169023,11
0.0012812169679511677,False,636,time0,0.7547826445271356,0,time0,TIME0,0.8401602930038552,22
0.0016166121378068988,False,636,time1,0.7439688620555807,3,time1,TIME1,0.8330139460878949,0
0.0012608724745297015,False,637,time0,0.9103373331032525,1,time0,TIME0,0.9412779611510287,20
0.00020977869346103413,False,637,time0,0.8252671307733418,0,time0,TIME0,0.8863502124599608,22
0.001144856972955907,False,637,time0,0.8197271036098591,5,time0,TIME0,0.8824219174058738,11
0.001682540784773467,False,637,time0,0.8009671111141317,4,time0,TIME0,0.8700397329495149,7
0.0019090630638958894,False,637,time1,0.7019412350964654,3,time1,TIME1,0.805593630740339,0
0.002819748127549874,False,638,time0,0.6429756397276287,5,time0,TIME0,0.7669472539783162,11
0.0026449615051677543,False,638,time0,0.6407020016330108,4,time0,TIME0,0.7655305645346483,7
0.0036614747054375496,False,638,time1,0.5966589988048913,3,time1,TIME1,0.7365468330762761,0
0.003953697234381829,False,638,time0,0.48333510009407205,0,time0,TIME0,0.6627840210291132,22
0.12349343473244807,False,638,time0,0.0,1,time0,TIME0,0.30677729784364316,14
8.475987613184396e-05,False,639,time0,0.9745515485038028,1,time0,TIME0,0.9834288405708256,14
0.0015027541826058875,False,639,time0,0.7880686743891381,4,time0,TIME0,0.8617186743890277,-1
0.001921161720286535,False,639,time0,0.7041009676642574,5,time0,TIME0,0.8069932223796671,11
0.0037972925742914554,False,639,time1,0.6700852778445499,3,time1,TIME1,0.7842263781979554,0
0.024168759789866323,False,639,time0,0.0,0,time0,TIME0,0.34154093407354674,12
0.00024812879106273145,False,640,time0,0.9532294497319803,4,time0,TIME0,0.9695122972489153,7
0.0003378236271020722,False,640,time0,0.9340685876877736,1,time0,TIME0,0.957026343727567,14
0.002071007090364919,False,640,time1,0.7058151417779988,3,time1,TIME1,0.8080549896740714,0
0.004252886332831155,False,640,time0,0.6359219188223173,5,time0,TIME0,0.7618607370180154,11
0.0034556149102525978,False,640,time0,0.5592252104945036,0,time0,TIME0,0.7122869216028389,12
0.00048804299623661106,False,641,time0,0.9375017481701058,4,time0,TIME0,0.9592053212618858,7
0.0011298138096174535,False,641,time1,0.7380766543924178,3,time1,TIME1,0.8293543905217055,0
0.002430403746040906,False,641,time0,0.6891097940179666,0,time0,TIME0,0.797070724800564,12
0.004841254829543208,False,641,time0,0.5097623872040692,5,time0,TIME0,0.6796511124923048,11
0.0831811045103149,False,641,time0,0.0,1,time0,TIME0,0.32088661342138974,-1
0.00024157373720391404,False,642,time0,0.9414227330925977,4,time0,TIME0,0.9618402257021671,7
0.0004688570272924041,False,642,time0,0.9271732297833961,1,time0,TIME0,0.9524984993996551,-1
0.0017625069779744322,False,642,time1,0.7818278421914645,3,time1,TIME1,0.8575712199821608,0
0.0011931137079277921,False,642,time0,0.7480749450615145,5,time0,TIME0,0.8358311244922096,11
0.004106472703413996,False,642,time0,0.6259520390893817,0,time0,TIME0,0.7554315599619033,12
0.0005124652056288545,False,643,time0,0.8995761579141686,4,time0,TIME0,0.9345451398222395,7
0.0017440132015318773,False,643,time0,0.7465778604203623,5,time0,TIME0,0.8346652046526994,11
0.0011124220417882734,False,643,time0,0.728228756406687,1,time0,TIME0,0.8229593439497207,-1
0.003369847977485604,False,643,time1,0.6355533677191606,3,time1,TIME1,0.7619302422253345,0
0.004156604811298229,False,643,time0,0.5651768008735137,0,time0,TIME0,0.7159101088838296,12
0.0003349619407537186,False,644,time0,0.9209050501685296,4,time0,TIME0,0.9484710459302805,7
0.0004578605317122529,False,644,time0,0.9006298303760091,1,time0,TIME0,0.9352491385583066,-1
0.0024072937294847244,False,644,time1,0.7887891079112052,3,time1,TIME1,0.8618703673369638,0
0.0017962651109031393,False,644,time0,0.7331410008538083,5,time0,TIME0,0.8259129577661593,11
0.0035462708203722153,False,644,time0,0.6703030683592137,0,time0,TIME0,0.7844557996463586,12
0.0004927664338550742,False,645,time1,0.8898701816647645,1,time1,TIME1,0.9282431498302477,0
0.0006410533054249011,False,645,time0,0.8780916259248839,4,time0,TIME0,0.9205351881942758,7
0.0014951985087817863,False,645,time0,0.7735771128541002,5,time0,TIME0,0.8523018038770915,11
0.0040594527222390375,False,645,time0,0.5649489747096957,0,time0,TIME0,0.7157960251085185,12
0.0967225603764887,False,645,time0,0.0,3,time0,TIME0,0.3161471038682289,14
