distancia,excluido,frame,grupo_metrica,iou,logical_id,margem_aparencia,novo_track,papel,rotulo,score,score_aparencia,score_papel,tracker_id
7.480006489286438e-06,False,2,time0,0.9992280912552768,0,,,time0,TIME0,0.6497565273662592,0.0,0.0,1
0.00046055386267972604,False,2,time0,0.9761443334516285,3,,,time0,TIME0,0.642110600708498,0.0,0.0,5
0.00023179212976778666,False,2,time0,0.963353692801904,2,,,time0,TIME0,0.6386373476341224,0.0,0.0,2
0.000349615301901726,False,2,time1,0.9477632825622658,6,,,time1,TIME1,0.6337727786065633,0.0,0.0,4
0.0005615539007909032,False,2,time1,0.9442135431732129,8,,,time1,TIME1,0.6323706817461602,0.0,0.0,6
0.00077193486362187,False,2,time0,0.9398664335340124,4,,,time0,TIME0,0.630731851868078,0.0,0.0,7
0.00030310462302258177,False,2,goleiro_time1,0.9346408360100579,9,,,goleiro1,GOL-TIME1,0.6299100389027541,0.0,0.0,3
0.001296371438116697,False,2,time1,0.9042748380853196,5,,,time1,TIME1,0.6192200423195011,0.0,0.0,8
0.0014731988209482048,False,2,time0,0.8823123527201548,1,,,time0,TIME0,0.6123499804190835,0.0,0.0,9
0.0018799926022624509,False,2,time1,0.7313043614364667,7,,,time1,TIME1,0.5664004111091587,0.0,0.0,10
2.1091380177723038e-05,False,3,time0,0.9985791157875331,0,,,time0,TIME0,0.9909028084700338,0.9654655026341197,1.0,1
0.00015112429516063767,False,3,goleiro_time1,0.9765494579964982,9,,,goleiro1,GOL-TIME1,0.9831519830020224,0.961728565947018,1.0,3
0.00019348973328010857,False,3,time0,0.9810640083565382,2,,,time0,TIME0,0.9810796118526536,0.948216905215088,1.0,2
0.000362480676650439,False,3,time0,0.9675468977992597,4,,,time0,TIME0,0.9805350176814362,0.9635332346755906,1.0,7
0.00035481524333664816,False,3,time0,0.9664265258274076,3,,,time0,TIME0,0.97776413600824,0.9546555599315114,1.0,5
0.0006169751629885507,False,3,time1,0.9409151139213229,8,,,time1,TIME1,0.9629516081342216,0.9256431180843394,1.0,6
0.001508867839450587,False,3,time1,0.8902176469281224,5,,,time1,TIME1,0.941545070616282,0.9049446425857491,1.0,8
0.0015142278161571644,False,3,time0,0.8575789201063653,1,,,time0,TIME0,0.9390634523587256,0.9342894200963063,1.0,9
0.000524263526369414,False,3,time1,0.928807526230778,6,,,time1,TIME1,0.8596681992026416,0.9268060563992202,0.0,4
0.0013350701939540731,False,3,time1,0.7922846487105778,7,,,time1,TIME1,0.5859739203003601,0.0,0.0,10
2.7984706404167666e-05,False,4,time0,0.9982837035462945,0,,,time0,TIME0,0.9908119710386667,0.9654655026341197,1.0,1
0.00013613885257993542,False,4,goleiro_time1,0.9767905250216898,9,,,goleiro1,GOL-TIME1,0.9832318164241783,0.961728565947018,1.0,3
0.00029343546389193017,False,4,time0,0.9755216525255549,4,,,time0,TIME0,0.9830392394560957,0.9635332346755906,1.0,7
0.0002529069689120127,False,4,time0,0.9678459996386942,2,,,time0,TIME0,0.9768766486066603,0.948216905215088,1.0,2
0.000634385498866368,False,4,time0,0.9437474951233369,3,,,time0,TIME0,0.9707826480276841,0.9546555599315114,1.0,5
0.0017182622605498678,False,4,time1,0.9231947929571975,8,,,time1,TIME1,0.9560290858926074,0.9256431180843394,1.0,6
0.001666628981738936,False,4,time1,0.8903848927422264,5,,,time1,TIME1,0.9414181523922127,0.9049446425857491,1.0,8
0.002300818044855788,False,4,time0,0.7897934235428076,1,,,time0,TIME0,0.9178685594905415,0.9342894200963063,1.0,9
0.000753532101057061,False,4,time1,0.8999894655838497,6,,,time1,TIME1,0.8508547938928275,0.9268060563992202,0.0,4
0.003275138956596272,False,4,time1,0.5552500341000375,7,,,time1,TIME1,0.5122650643759589,0.0,0.0,10
1.854475930697365e-05,False,5,time0,0.9987053900364111,0,,,time0,TIME0,0.990934940255763,0.9654655026341197,1.0,1
0.00011471594109869076,False,5,goleiro_time1,0.9775700223893463,9,,,goleiro1,GOL-TIME1,0.9834565704354737,0.961728565947018,1.0,3
0.0005853843170483056,False,5,time0,0.9479023551320128,3,,,time0,TIME0,0.9723072798772409,0.9546555599315114,1.0,5
0.0004608094523765395,False,5,time0,0.9524013627862434,2,,,time0,TIME0,0.9722138241758357,0.948216905215088,1.0,2
0.0005966630875536395,False,5,time0,0.9409304385121665,4,,,time0,TIME0,0.9721948500416506,0.9635332346755906,1.0,7
0.0011329529259493372,False,5,time1,0.9161721251204878,8,,,time1,TIME1,0.9546917883690317,0.9256431180843394,1.0,6
0.001991348335346306,False,5,time1,0.8809530755928264,5,,,time1,TIME1,0.9383513012327337,0.9049446425857491,1.0,8
0.002391534022105423,False,5,time0,0.7690158849797117,1,,,time0,TIME0,0.9117191455749043,0.9342894200963063,1.0,9
0.001029094321530766,False,5,time1,0.8757463548522223,6,,,time1,TIME1,0.8432172275800509,0.9268060563992202,0.0,4
0.007651820194591688,False,5,time1,0.46845885842969537,7,,,time1,TIME1,0.4791967618195327,0.0,0.0,10
1.5011262187951548e-05,False,6,time0,0.998271659088395,0,,,time0,TIME0,0.9908586836146777,0.9656237104062533,1.0,1
0.0003394761073322144,False,6,time0,0.9701507330274223,2,,,time0,TIME0,0.9778585014363733,0.9490339499309333,1.0,2
0.00021897084145149347,False,6,goleiro_time1,0.9576532397822248,9,,,goleiro1,GOL-TIME1,0.9765452934826846,0.9582719434134167,1.0,3
0.0004193268336514909,False,6,time0,0.9550931233718623,3,,,time0,TIME0,0.9763493174688489,0.9618176712039435,1.0,5
0.0007487373844540755,False,6,time0,0.9395350490402494,4,,,time0,TIME0,0.9734893445383176,0.9701609091647129,1.0,7
0.0008203781922628461,False,6,time1,0.9470203038428734,8,,,time1,TIME1,0.9678393681380294,0.939185210264627,1.0,6
0.0007937306580470565,False,6,time0,0.9069463081169534,1,,,time0,TIME0,0.957585305338733,0.9494754569304868,1.0,9
0.0017994340578705382,False,6,time1,0.8931727915858506,5,,,time1,TIME1,0.9418279017141705,0.9027770100755881,1.0,8
0.00014567261968927479,False,6,time1,0.9227221148532514,6,,,time1,TIME1,0.858759161221077,0.9309366006563513,0.0,4
0.001065123438419012,False,6,time1,0.8608757442744365,7,,,time1,TIME1,0.6027318418469934,0.0,0.0,10
3.636731157192663e-05,False,7,goleiro_time1,0.9922765829325992,9,,,goleiro1,GOL-TIME1,0.9870671627175954,0.9582719434134167,1.0,3
0.0002851670255887934,False,7,time0,0.9832906159200736,0,,,time0,TIME0,0.9859490615933743,0.9656237104062533,1.0,1
0.00047176551425515037,False,7,time0,0.9597491560575625,2,,,time0,TIME0,0.9745238786671223,0.9490339499309333,1.0,2
0.0014199389607837136,False,7,time0,0.9286131149107195,4,,,time0,TIME0,0.9690122909003239,0.9701609091647129,1.0,7
0.0012498604041109394,False,7,time0,0.8930345669835202,3,,,time0,TIME0,0.9566030939873666,0.9618176712039435,1.0,5
0.0010546098643005456,False,7,time0,0.8808110312144972,1,,,time0,TIME0,0.950337022138536,0.9494754569304868,1.0,9
0.0016882339717080458,False,7,time1,0.9022526922617496,5,,,time1,TIME1,0.9445282299622256,0.9027770100755881,1.0,8
0.0014847808188489047,False,7,time1,0.8503142580830239,8,,,time1,TIME1,0.9377807669473567,0.939185210264627,1.0,6
0.00010820182826514698,False,7,time1,0.9545974688657323,6,,,time1,TIME1,0.8688419302534547,0.9309366006563513,0.0,4
0.0010844397895626654,False,7,time1,0.8360128508555107,7,,,time1,TIME1,0.5994391873210616,0.0,0.0,10
7.548438753510429e-05,False,8,time0,0.9963518957311749,0,,,time0,TIME0,0.9899977084747184,0.9656237104062533,1.0,1
0.00037179255304194635,False,8,time0,0.9735519527509455,4,,,time0,TIME0,0.983536876406874,0.9701609091647129,1.0,7
0.0003353972245168507,False,8,time0,0.9722118240922651,3,,,time0,TIME0,0.9807765549806621,0.9618176712039435,1.0,5
0.0001952771996725764,False,8,goleiro_time1,0.9680771606917459,9,,,goleiro1,GOL-TIME1,0.9796988941099753,0.9582719434134167,1.0,3
0.0009154961160811809,False,8,time0,0.9266811514517468,2,,,time0,TIME0,0.9639754324511255,0.9490339499309333,1.0,2
0.0006938320704931476,False,8,time1,0.9257346594759466,8,,,time1,TIME1,0.9612858637362561,0.939185210264627,1.0,6
0.0018160162384861915,False,8,time1,0.8872077409628515,5,,,time1,TIME1,0.940084082614303,0.9027770100755881,1.0,8
0.0002608107936480597,False,8,time1,0.9526586066077302,6,,,time1,TIME1,0.8680432699255093,0.9309366006563513,0.0,4
0.00897617459518722,False,8,time0,0.48039900579043804,1,,,time0,TIME0,0.8176116050381789,0.9494754569304868,1.0,9
0.0008992384197253171,False,8,time1,0.68656068891762,7,,,time1,TIME1,0.5541598464315862,0.0,0.0,10
5.980792563888319e-05,False,9,time0,0.9966034826010702,0,,,time0,TIME0,0.9905531769022048,0.9668557295656097,1.0,1
0.0003317797272706951,False,9,time0,0.9735631439283267,4,,,time0,TIME0,0.9844093756382916,0.9707072954738829,1.0,7
0.00015741018841277705,False,9,goleiro_time1,0.9745969690706985,9,,,goleiro1,GOL-TIME1,0.9814606985399587,0.9571200214355009,1.0,3
0.0003871636250753884,False,9,time0,0.9627565022214513,3,,,time0,TIME0,0.9791635628934002,0.9629986991358688,1.0,5
0.001179148303128264,False,9,time0,0.9022004277418816,2,,,time0,TIME0,0.9567132436463899,0.949374527877353,1.0,2
0.0009772738402622635,False,9,time1,0.8936162043781102,8,,,time1,TIME1,0.9548945449242969,0.9515758549549186,1.0,6
0.0021606741250636773,False,9,time1,0.8815577813704784,5,,,time1,TIME1,0.9365246201491063,0.8970567625133672,1.0,8
0.005490668982289258,False,9,time0,0.6503153938341574,1,,,time0,TIME0,0.8679095925411365,0.9491395863730424,1.0,9
0.0005110518524403816,False,9,time1,0.9451274072731685,6,,,time1,TIME1,0.8656741220838025,0.9319756169445483,0.0,4
0.0012559419980956975,False,9,time1,0.84708616391121,7,,,time1,TIME1,0.8222585998813534,0.8799392788186029,0.0,10
2.4920318858192385e-05,False,10,time0,0.9970687696661725,0,,,time0,TIME0,0.9907578687195614,0.9668557295656097,1.0,1
0.000149722623101123,False,10,time0,0.9650053826831478,4,,,time0,TIME0,0.9819155703021124,0.9707072954738829,1.0,7
0.00017711903056266242,False,10,goleiro_time1,0.9717528848774962,9,,,goleiro1,GOL-TIME1,0.9806293509024088,0.9571200214355009,1.0,3
0.0002695855664031708,False,10,time0,0.963757628288691,3,,,time0,TIME0,0.9792427109787784,0.9629986991358688,1.0,5
0.0008353202459812618,False,10,time0,0.9287449508560394,2,,,time0,TIME0,0.9649725159363309,0.949374527877353,1.0,2
0.0010859753570384792,False,10,time1,0.8923508536382551,8,,,time1,TIME1,0.954290646898872,0.9515758549549186,1.0,6
0.0026736772460469013,False,10,time1,0.8538413122202811,5,,,time1,TIME1,0.9276360259290708,0.8970567625133672,1.0,8
0.001805617116601947,False,10,time0,0.7078889650656948,1,,,time0,TIME0,0.8949406977466123,0.9491395863730424,1.0,9
0.00032168307179621683,False,10,time1,0.9475328460715622,6,,,time1,TIME1,0.8665065798150389,0.9319756169445483,0.0,4
0.0005215286963205605,False,10,time1,0.9382483757619116,7,,,time1,TIME1,0.8503219040679453,0.8799392788186029,0.0,10
3.0502826778814835e-05,False,11,time0,0.997079778610443,0,,,time0,TIME0,0.9907755803380102,0.9668557295656097,1.0,1
0.00010871655892490668,False,11,time0,0.9908996522781719,4,,,time0,TIME0,0.989688757586272,0.9707072954738829,1.0,7
0.00015634548077688982,False,11,time0,0.9776631725903936,3,,,time0,TIME0,0.9837349275080712,0.9629986991358688,1.0,5
6.95004343443578e-05,False,11,goleiro_time1,0.9801503622095724,9,,,goleiro1,GOL-TIME1,0.983185327167352,0.9571200214355009,1.0,3
0.0011612998424744083,False,11,time1,0.90300572463705,8,,,time1,TIME1,0.9575131266766632,0.9515758549549186,1.0,6
0.0010446308064674355,False,11,time0,0.9093525955016465,1,,,time0,TIME0,0.9572618302666714,0.9491395863730424,1.0,9
0.0012317811111584533,False,11,time0,0.9009238336987795,2,,,time0,TIME0,0.9562010933164176,0.949374527877353,1.0,2
0.0034872138733725746,False,11,time1,0.7993673394998043,5,,,time1,TIME1,0.9103477502267797,0.8970567625133672,1.0,8
0.0002907415241359771,False,11,time1,0.9621344608478581,6,,,time1,TIME1,0.8712831366772295,0.9319756169445483,0.0,4
0.000934597463426681,False,11,time1,0.9014000689642275,7,,,time1,TIME1,0.839262358530813,0.8799392788186029,0.0,10
5.1108484116613645e-05,False,12,time0,0.9963398276164573,0,,,time0,TIME0,0.9905425828978589,0.966805594227083,1.0,1
8.452310180398757e-05,False,12,goleiro_time1,0.9829808219529823,9,,,goleiro1,GOL-TIME1,0.9842681220551304,0.9580476809263248,1.0,3
0.00042281295941692037,False,12,time0,0.9723303189228031,3,,,time0,TIME0,0.9824637261465706,0.9653236884263896,1.0,5
0.0003433633993397147,False,12,time0,0.9668760807795388,4,,,time0,TIME0,0.9812619523190866,0.9672352812188416,1.0,7
0.000953317607719014,False,12,time0,0.9140375525082897,1,,,time0,TIME0,0.961255172330033,0.9520216605840408,1.0,9
0.0012611957412125311,False,12,time0,0.8886356737620993,2,,,time0,TIME0,0.9539486227316066,0.95438476984962,1.0,2
0.0017005214539922088,False,12,time1,0.8198100230547083,8,,,time1,TIME1,0.9310872117738173,0.9496446246790751,1.0,6
0.0031940690298812393,False,12,time1,0.7943953850404679,5,,,time1,TIME1,0.9119681860821279,0.9075997904344311,1.0,8
0.0011377605285751472,False,12,time1,0.8611586053329006,6,,,time1,TIME1,0.8387344127459173,0.9280043809312295,0.0,4
0.0017294304852137257,False,12,time1,0.822031707552198,7,,,time1,TIME1,0.8147548587569908,0.8814823755153112,0.0,10
0.00012739662464231256,False,13,time0,0.9935035410790565,0,,,time0,TIME0,0.9895418839921134,0.966805594227083,1.0,1
0.000529382321373202,False,13,time0,0.9628186639145164,4,,,time0,TIME0,0.9797068702805544,0.9672352812188416,1.0,7
0.0008707766451070372,False,13,time0,0.9481690525868458,3,,,time0,TIME0,0.9746517721576736,0.9653236884263896,1.0,5
0.0007781669298259112,False,13,goleiro_time1,0.9207094638801896,9,,,goleiro1,GOL-TIME1,0.9644511249274064,0.9580476809263248,1.0,3
0.00117500762828219,False,13,time1,0.8822345535516973,8,,,time1,TIME1,0.9505409033485822,0.9496446246790751,1.0,6
0.0018485257462426132,False,13,time0,0.8509804820880051,2,,,time0,TIME0,0.9418058041135583,0.95438476984962,1.0,2
0.0019493638466181356,False,13,time0,0.8481249070381106,1,,,time0,TIME0,0.939913622525408,0.9520216605840408,1.0,9
0.0018470338086078594,False,13,time1,0.8689450766012116,5,,,time1,TIME1,0.9349696892742417,0.9075997904344311,1.0,8
0.0009322980693380798,False,13,time1,0.8915449381180239,6,,,time1,TIME1,0.848282008989288,0.9280043809312295,0.0,4
0.0021644128980482674,False,13,time1,0.7789400006591398,7,,,time1,TIME1,0.8017350576070037,0.8814823755153112,0.0,10
0.00021706211200368458,False,14,time0,0.9833637260791963,0,,,time0,TIME0,0.9863248136598656,0.966805594227083,1.0,1
0.0005814193791434309,False,14,time0,0.9604770766350895,3,,,time0,TIME0,0.9787163671442131,0.9653236884263896,1.0,5
6.573646005331833e-05,False,14,goleiro_time1,0.9520537755369495,9,,,goleiro1,GOL-TIME1,0.9744948962933028,0.9580476809263248,1.0,3
0.0008747979974110499,False,14,time0,0.9193739817419568,2,,,time0,TIME0,0.9629304359657817,0.95438476984962,1.0,2
0.0007707355503164572,False,14,time1,0.9213077023525962,8,,,time1,TIME1,0.9628268594880255,0.9496446246790751,1.0,6
0.0016401911244221005,False,14,time0,0.85187378930174,1,,,time0,TIME0,0.9417071813594927,0.9520216605840408,1.0,9
0.001843128024650282,False,14,time1,0.8648257551611644,5,,,time1,TIME1,0.934321841062735,0.9075997904344311,1.0,8
0.000756212951860696,False,14,time1,0.9043316108198344,6,,,time1,TIME1,0.8524897918568022,0.9280043809312295,0.0,4
0.006040204891163104,False,14,time0,0.5575777543056628,4,,,time0,TIME0,0.8497121681703051,0.9672352812188416,1.0,7
0.0018384774894522873,False,14,time1,0.7944307013171504,7,,,time1,TIME1,0.8067417824854903,0.8814823755153112,0.0,10
4.73267852026436e-05,False,15,time0,0.9966882629924253,0,,,time0,TIME0,0.9904484312191131,0.9666340192237799,1.0,1
2.75293611581587e-05,False,15,goleiro_time1,0.9905100056216385,9,,,goleiro1,GOL-TIME1,0.9878717772998817,0.9630798927180755,1.0,3
0.0004960381646108305,False,15,time0,0.9605670321034658,3,,,time0,TIME0,0.979184309686125,0.9682695571905277,1.0,5
0.0007760503244784013,False,15,time0,0.9242125243289682,2,,,time0,TIME0,0.9656710268352624,0.9569432192982704,1.0,2
0.001765232523998967,False,15,time1,0.8836413601621375,5,,,time1,TIME1,0.9417107817467874,0.9148123631892768,1.0,8
0.0019916145788415177,False,15,time0,0.8367473142113513,1,,,time0,TIME0,0.9399863964110478,0.9640496295874096,1.0,9
0.0021775728756888812,False,15,time1,0.8296005684413832,8,,,time1,TIME1,0.9330553313532326,0.9486489233849396,1.0,6
0.0023842900479830328,False,15,time0,0.7949533800841985,4,,,time0,TIME0,0.9235121508985482,0.9688481052093182,1.0,7
7.945564796200478e-05,False,15,time1,0.9887236877570427,6,,,time1,TIME1,0.8774888399656008,0.9256251680807375,0.0,4
0.001927603108262917,False,15,time1,0.7593006999579911,7,,,time1,TIME1,0.8055499548423412,0.9185647816419698,0.0,10
1.3167096026745908e-05,False,16,time0,0.9975438441261968,0,,,time0,TIME0,0.9908724539082795,0.9666340192237799,1.0,1
2.0323360217202853e-05,False,16,goleiro_time1,0.9841211664675427,9,,,goleiro1,GOL-TIME1,0.9859708748478524,0.9630798927180755,1.0,3
0.0003694431114670595,False,16,time0,0.9673589275187391,3,,,time0,TIME0,0.9813744578951278,0.9682695571905277,1.0,5
0.00031128727288242525,False,16,time0,0.9654291448979706,2,,,time0,TIME0,0.9782336630867201,0.9569432192982704,1.0,2
0.0005533310962575727,False,16,time0,0.9510355185330482,4,,,time0,TIME0,0.9750658454797086,0.9688481052093182,1.0,7
0.0011404499531498743,False,16,time1,0.8896065940519063,8,,,time1,TIME1,0.9522670388967461,0.9486489233849396,1.0,6
0.0021013253654526692,False,16,time0,0.8324906502616158,1,,,time0,TIME0,0.938247547155921,0.9640496295874096,1.0,9
0.0021063785127653743,False,16,time1,0.8564027141557373,5,,,time1,TIME1,0.9334223122251715,0.9148123631892768,1.0,8
0.0001580081835802571,False,16,time1,0.9682556799724185,6,,,time1,TIME1,0.8716726644462685,0.9256251680807375,0.0,4
0.0010013565993445865,False,16,time1,0.861416020934718,7,,,time1,TIME1,0.8365205433624101,0.9185647816419698,0.0,10
4.0865684528451544e-05,False,17,time0,0.9973614809246276,0,,,time0,TIME0,0.9908101264579382,0.9666340192237799,1.0,1
8.702240680967768e-05,False,17,goleiro_time1,0.985812185513047,9,,,goleiro1,GOL-TIME1,0.986385830400611,0.9630798927180755,1.0,3
0.0004446282604396505,False,17,time0,0.950324781537382,3,,,time0,TIME0,0.9766284437476928,0.9682695571905277,1.0,5
0.000450355742458597,False,17,time0,0.9413127882410126,2,,,time0,TIME0,0.9710088492607155,0.9569432192982704,1.0,2
0.0012592596923816865,False,17,time1,0.8631891780730958,8,,,time1,TIME1,0.9446593521324569,0.9486489233849396,1.0,6
0.002008471931850088,False,17,time0,0.8244332859547971,1,,,time0,TIME0,0.9364161612915219,0.9640496295874096,1.0,9
0.002206754542684649,False,17,time1,0.8482144345636256,5,,,time1,TIME1,0.9307529851604541,0.9148123631892768,1.0,8
0.00404687393466724,False,17,time0,0.7937448017506917,4,,,time0,TIME0,0.9241667180383112,0.9688481052093182,1.0,7
0.000346072508075292,False,17,time1,0.9479996400017103,6,,,time1,TIME1,0.8653036110225376,0.9256251680807375,0.0,4
0.0014175476396346466,False,17,time1,0.8084973770749565,7,,,time1,TIME1,0.8206054083665342,0.9185647816419698,0.0,10
5.891600850307566e-06,False,18,time0,0.9984334919991787,0,,,time0,TIME0,0.9912506285511882,0.9670303967397547,1.0,1
6.329300504911284e-05,False,18,goleiro_time1,0.9927207322901747,9,,,goleiro1,GOL-TIME1,0.9877529945170316,0.9603583421398025,1.0,3
0.00014815678108152727,False,18,time0,0.9743547385174524,3,,,time0,TIME0,0.9845676669691618,0.9704100367254249,1.0,5
0.0006627004539962441,False,18,time0,0.9481855678952483,4,,,time0,TIME0,0.9741432501159251,0.9704454593066858,1.0,7
0.000750447978617862,False,18,time0,0.9373731463745039,2,,,time0,TIME0,0.9701813055194564,0.9600546717356995,1.0,2
0.0017244840788144973,False,18,time1,0.8547808272190114,8,,,time1,TIME1,0.9428319808454163,0.9542961466229134,1.0,6
0.001918519375354254,False,18,time1,0.8558299762688211,5,,,time1,TIME1,0.934281551517394,0.9179284290395742,1.0,8
0.002076806206495001,False,18,time0,0.7886988568902323,1,,,time0,TIME0,0.9267960970154603,0.9686055944310485,1.0,9
0.0002625925653316217,False,18,time1,0.9693306295632794,6,,,time1,TIME1,0.8735419116284695,0.9326821295489911,0.0,4
0.000745103931876509,False,18,time1,0.8888910094715436,7,,,time1,TIME1,0.8485506843708015,0.9323119559681696,0.0,10
5.984664712282381e-05,False,19,time0,0.9949753144180263,0,,,time0,TIME0,0.9901517988419151,0.9670303967397547,1.0,1
0.0001507539488353621,False,19,time0,0.9839515089336655,3,,,time0,TIME0,0.9875121239347463,0.9704100367254249,1.0,5
0.0004238352928379876,False,19,time0,0.960861135162365,2,,,time0,TIME0,0.9776588502101083,0.9600546717356995,1.0,2
0.0005770363050176079,False,19,time0,0.9444838830580992,4,,,time0,TIME0,0.9753648306688097,0.9704454593066858,1.0,7
0.0003877561791958293,False,19,goleiro_time1,0.9405746113500435,9,,,goleiro1,GOL-TIME1,0.9716194823054782,0.9603583421398025,1.0,3
0.001180782900196809,False,19,time1,0.8856159938100032,8,,,time1,TIME1,0.9527559549520347,0.9542961466229134,1.0,6
0.001633766782523156,False,19,time0,0.8472161991300647,1,,,time0,TIME0,0.9440150009272885,0.9686055944310485,1.0,9
0.0023451899990726524,False,19,time1,0.8291666311846726,5,,,time1,TIME1,0.9248298321547778,0.9179284290395742,1.0,8
6.72735812080652e-05,False,19,time1,0.9860144516738709,6,,,time1,TIME1,0.8787672795961445,0.9326821295489911,0.0,4
0.0011788422854523651,False,19,time1,0.8373478053241741,7,,,time1,TIME1,0.8328520617978246,0.9323119559681696,0.0,10
6.245732237105654e-05,False,20,time0,0.9949670947653488,0,,,time0,TIME0,0.990118615317023,0.9670303967397547,1.0,1
1.3897485249351966e-05,False,20,goleiro_time1,0.9944073023122824,9,,,goleiro1,GOL-TIME1,0.9881351343854963,0.9603583421398025,1.0,3
0.00018497117169338415,False,20,time0,0.9800071506440841,3,,,time0,TIME0,0.9863442290783665,0.9704100367254249,1.0,5
0.0004059221737743287,False,20,time0,0.9663745495108269,2,,,time0,TIME0,0.9793227890097698,0.9600546717356995,1.0,2
0.0005361007081079406,False,20,time0,0.9399684830354095,4,,,time0,TIME0,0.9739185929969515,0.9704454593066858,1.0,7
0.0013769216623993844,False,20,time0,0.8814227246571785,1,,,time0,TIME0,0.9549872916001657,0.9686055944310485,1.0,9
0.0015861503915673841,False,20,time1,0.8301352225363176,8,,,time1,TIME1,0.9346576603960227,0.9542961466229134,1.0,6
0.0023911052320860766,False,20,time1,0.8340728740056289,5,,,time1,TIME1,0.9269570692010575,0.9179284290395742,1.0,8
3.08601095179591e-05,False,20,time1,0.9951102011252675,6,,,time1,TIME1,0.881628166548944,0.9326821295489911,0.0,4
0.0013926437263576783,False,20,time1,0.833980096113731,7,,,time1,TIME1,0.8317865254973069,0.9323119559681696,0.0,10
0.0003237911287388213,True,20,excluido,0.9384678344714695,10,,,excluir,EXCLUÍDO,0.6310252280911746,0.0,0.0,11
8.717991814575977e-05,False,21,time0,0.993618495266395,0,,,time0,TIME0,0.9892103648030907,0.9650051660786652,1.0,1
5.896115793725528e-05,False,21,goleiro_time1,0.9855746838727253,9,,,goleiro1,GOL-TIME1,0.9856742035419604,0.9603740479654161,1.0,3
0.0005249776859887158,False,21,time0,0.9569439128697554,3,,,time0,TIME0,0.9791508125911323,0.9712502234158141,1.0,5
0.0006159878602712647,False,21,time0,0.9497776879286611,2,,,time0,TIME0,0.9749043286352675,0.9626969629222533,1.0,2
0.0006261948586577258,False,21,time0,0.935915771695483,4,,,time0,TIME0,0.9724865871288906,0.9700033577937527,1.0,7
0.0009897019526852846,False,21,time0,0.9060633445138689,1,,,time0,TIME0,0.9632609709791172,0.9709510262988676,1.0,9
0.0010711641421108696,False,21,time1,0.8880862067012164,8,,,time1,TIME1,0.9533506308035453,0.9572613785502515,1.0,6
0.002556774232334152,False,21,time1,0.8020244553885286,5,,,time1,TIME1,0.9186809872925817,0.9227123117999751,1.0,8
0.0001623275885775566,False,21,time1,0.9789094054214762,6,,,time1,TIME1,0.8787623000209206,0.9414239343405713,0.0,4
0.0006016132481484939,False,21,time1,0.9237877940866551,7,,,time1,TIME1,0.8605763667509072,0.9381563048961075,0.0,10
8.37184356306731e-06,True,21,excluido,0.9969728370295264,10,,,excluir,EXCLUÍDO,0.6488679327103047,0.0,0.0,11
4.369365287318371e-05,False,22,goleiro_time1,0.9920621134949664,9,,,goleiro1,GOL-TIME1,0.9876035764923833,0.9603740479654161,1.0,3
0.00019165253647868851,False,22,time0,0.987185604595106,0,,,time0,TIME0,0.9870469031127097,0.9650051660786652,1.0,1
0.0005710668803102726,False,22,time0,0.9576498061844707,3,,,time0,TIME0,0.9793452646637689,0.9712502234158141,1.0,5
0.0003641286163331686,False,22,time0,0.9637534906533853,2,,,time0,TIME0,0.9792638344370769,0.9626969629222533,1.0,2
0.00048718698890149126,False,22,time0,0.9471227416406685,4,,,time0,TIME0,0.9760612248927563,0.9700033577937527,1.0,7
0.0015686644644533122,False,22,time0,0.8574866699943093,1,,,time0,TIME0,0.9481629131991226,0.9709510262988676,1.0,9
0.0015244407502313043,False,22,time1,0.8389277259258151,8,,,time1,TIME1,0.9392986765043178,0.9572613785502515,1.0,6
0.0017816334885771019,False,22,time1,0.8417223210241004,5,,,time1,TIME1,0.9310360859563674,0.9227123117999751,1.0,8
0.00011447114471430229,False,22,time1,0.9834964090124608,6,,,time1,TIME1,0.8802667935314634,0.9414239343405713,0.0,4
0.0014640463964060593,False,22,time1,0.854330348563719,7,,,time1,TIME1,0.8388605989594082,0.9381563048961075,0.0,10
4.627046505491506e-06,True,22,excluido,0.9987015757997151,10,,,excluir,EXCLUÍDO,0.6495977053567987,0.0,0.0,11
2.759134343526903e-05,False,23,goleiro_time1,0.9951039094987275,9,,,goleiro1,GOL-TIME1,0.9885514936019669,0.9603740479654161,1.0,3
0.0003089882592866239,False,23,time0,0.9778627179873087,0,,,time0,TIME0,0.9841032945476327,0.9650051660786652,1.0,1
0.00041193205754939114,False,23,time0,0.9556681683846735,4,,,time0,TIME0,0.978747124510703,0.9700033577937527,1.0,7
0.0006090502082190137,False,23,time0,0.9515664880122658,3,,,time0,TIME0,0.9776859490973321,0.9712502234158141,1.0,5
0.001470964161367967,False,23,time0,0.8744469609536727,2,,,time0,TIME0,0.9509087295527169,0.9626969629222533,1.0,2
0.0017222413020545272,False,23,time0,0.8394567256194375,1,,,time0,TIME0,0.9428907043939715,0.9709510262988676,1.0,9
0.0011984540004735188,False,23,time1,0.874918060152229,5,,,time1,TIME1,0.9413987669039193,0.9227123117999751,1.0,8
0.001491767275444295,False,23,time1,0.8138119405413163,8,,,time1,TIME1,0.9316184635716209,0.9572613785502515,1.0,6
6.248350027569246e-05,False,23,time1,0.9916801018562107,6,,,time1,TIME1,0.8827283830297119,0.9414239343405713,0.0,4
0.0007305657585821371,False,23,time1,0.9255704167352542,7,,,time1,TIME1,0.8610064059530784,0.9381563048961075,0.0,10
1.2656637984052207e-05,True,23,excluido,0.9957111415484793,10,,,excluir,EXCLUÍDO,0.6486900864426673,0.0,0.0,11
0.00016425899539624197,False,24,time0,0.990028023354546,0,,,time0,TIME0,0.9876349302337929,0.9640927555875658,1.0,1
5.597156893420166e-05,False,24,goleiro_time1,0.9887970400327496,9,,,goleiro1,GOL-TIME1,0.9866444666733933,0.9603522350262371,1.0,3
0.0007559040931718908,False,24,time0,0.9223452775216678,4,,,time0,TIME0,0.9679530727006046,0.9690134254940868,1.0,7
0.0008963168438102529,False,24,time0,0.9223364362866361,2,,,time0,TIME0,0.9661926299717384,0.9629354291945369,1.0,2
0.0013301680261843846,False,24,time0,0.9058208365436528,3,,,time0,TIME0,0.9628991266679954,0.9714637037527184,1.0,5
0.0016245543923157398,False,24,time0,0.8493054137355724,1,,,time0,TIME0,0.9461324191212553,0.9721287934342211,1.0,9
0.0016875128617535981,False,24,time1,0.8570373911533579,5,,,time1,TIME1,0.9354523082038914,0.9219063766112743,1.0,8
0.0026062086686204134,False,24,time1,0.7621246231121479,8,,,time1,TIME1,0.9147385591813436,0.9589633467261487,1.0,6
0.00018958080391538504,False,24,time1,0.9722140545682437,6,,,time1,TIME1,0.8775356295487557,0.9445809576198745,0.0,4
0.0007788292916920479,False,24,time1,0.9203667430396155,7,,,time1,TIME1,0.8589964033939453,0.9384344886123118,0.0,10
7.854799824161303e-06,True,24,excluido,0.9969957511127983,10,,,excluir,EXCLUÍDO,0.6490878277037826,0.0,0.0,11
0.0005212145107325563,False,25,time0,0.9813321103798346,0,,,time0,TIME0,0.9846858463137427,0.9640927555875658,1.0,1
0.00023972548074510904,False,25,goleiro_time1,0.9626198475683965,9,,,goleiro1,GOL-TIME1,0.9784924653396749,0.9603522350262371,1.0,3
0.0005192110893099354,False,25,time0,0.9460119789478374,4,,,time0,TIME0,0.9754231746215608,0.9690134254940868,1.0,7
0.0012534427184561939,False,25,time0,0.9039944359421458,3,,,time0,TIME0,0.9626237159843049,0.9714637037527184,1.0,5
0.0015710051546938002,False,25,time0,0.8692645438594669,2,,,time0,TIME0,0.9495628023957504,0.9629354291945369,1.0,2
0.0012648958561286472,False,25,time1,0.8984216016743689,5,,,time1,TIME1,0.9481795574692137,0.9219063766112743,1.0,8
0.001677147426165242,False,25,time0,0.837568837076225,1,,,time0,TIME0,0.9427336999892495,0.9721287934342211,1.0,9
0.0029795670763650486,False,25,time1,0.729504087544065,8,,,time1,TIME1,0.9043581514973004,0.9589633467261487,1.0,6
0.0,False,25,time1,1.0,7,,,time1,TIME1,0.8840776021814698,0.9384344886123118,0.0,10
0.000353087780658731,False,25,time1,0.9533488273884198,6,,,time1,TIME1,0.8717138498657591,0.9445809576198745,0.0,4
8.751482156672085e-05,True,25,excluido,0.9761652280122963,10,,,excluir,EXCLUÍDO,0.6427134850038989,0.0,0.0,11
7.098174988844671e-05,False,26,goleiro_time1,0.9914463894833845,9,,,goleiro1,GOL-TIME1,0.9873105307197656,0.9603522350262371,1.0,3
0.0003157940071682289,False,26,time0,0.9825544046473164,0,,,time0,TIME0,0.9853336570583643,0.9640927555875658,1.0,1
0.0010530171721723674,False,26,time0,0.9172528174142456,3,,,time0,TIME0,0.9669412761696143,0.9714637037527184,1.0,5
0.0005534839528984021,False,26,time0,0.9165043916616398,4,,,time0,TIME0,0.9662571301041726,0.9690134254940868,1.0,7
0.0006692225571785867,False,26,time0,0.922005985599123,2,,,time0,TIME0,0.9657894840738043,0.9629354291945369,1.0,2
0.001665888593482625,False,26,time1,0.8720288344721893,5,,,time1,TIME1,0.9402309761110702,0.9219063766112743,1.0,8
0.003554629486201311,False,26,time1,0.8361230480562508,8,,,time1,TIME1,0.9349130611836155,0.9589633467261487,1.0,6
0.002142434416346736,False,26,time0,0.7887759816905158,1,,,time0,TIME0,0.9273063591266906,0.9721287934342211,1.0,9
0.0,False,26,time1,1.0,7,,,time1,TIME1,0.884608622153078,0.9384344886123118,0.0,10
0.0001879358447595883,False,26,time1,0.9682691583421229,6,,,time1,TIME1,0.876237512711977,0.9445809576198745,0.0,4
1.8431326476378013e-05,True,26,excluido,0.9957011783672974,10,,,excluir,EXCLUÍDO,0.6486432118775426,0.0,0.0,11
3.140962039040671e-05,False,27,goleiro_time1,0.9944993649016014,9,,,goleiro1,GOL-TIME1,0.9886139700314308,0.961372875211677,1.0,3
0.00036683364111269326,False,27,time0,0.9809011565260612,0,,,time0,TIME0,0.9848606855842448,0.9638431322966611,1.0,1
0.00027850936550492534,False,27,time0,0.9695851892317965,4,,,time0,TIME0,0.9822796516849803,0.967419402536949,1.0,7
0.0006405323346832224,False,27,time0,0.9481112803221502,3,,,time0,TIME0,0.9766328727230518,0.9723342086062967,1.0,5
0.0006043734443840099,False,27,time0,0.9431342971840901,2,,,time0,TIME0,0.9727107852171472,0.9635421532711834,1.0,2
0.0012481017156572404,False,27,time1,0.9068786300036398,5,,,time1,TIME1,0.9508298841499113,0.9209344114941544,1.0,8
0.0022440785526696527,False,27,time1,0.8762219319214782,8,,,time1,TIME1,0.950218940732134,0.9611941095920326,1.0,6
0.0018634477606735652,False,27,time0,0.8052549124597088,1,,,time0,TIME0,0.9327912713212443,0.9724012623930562,1.0,9
0.0,False,27,time1,1.0,7,,,time1,TIME1,0.8846258843245403,0.9385035372981612,0.0,10
0.0005567259037510164,False,27,time1,0.9134758430055651,6,,,time1,TIME1,0.8602625725126802,0.9483552097696544,0.0,4
1.6689118117076465e-05,True,27,excluido,0.9966967286750944,10,,,excluir,EXCLUÍDO,0.6489770871646556,0.0,0.0,11
4.192441525660638e-05,False,28,goleiro_time1,0.9904452855763958,9,,,goleiro1,GOL-TIME1,0.9874023172192644,0.961372875211677,1.0,3
0.0003281238763503054,False,28,time0,0.9802572400736601,0,,,time0,TIME0,0.9846796903196149,0.9638431322966611,1.0,1
0.0003448517349759625,False,28,time0,0.9611750175685196,4,,,time0,TIME0,0.9795538545398984,0.967419402536949,1.0,7
0.000900057341695536,False,28,time1,0.9549276630124903,8,,,time1,TIME1,0.9750419856839658,0.9611941095920326,1.0,6
0.0006247644593918156,False,28,time0,0.9445929665607812,2,,,time0,TIME0,0.973353681416156,0.9635421532711834,1.0,2
0.000811375326757264,False,28,time0,0.9066301778476281,1,,,time0,TIME0,0.9635926666255364,0.9724012623930562,1.0,9
0.0013543739634691418,False,28,time0,0.8953269163809224,3,,,time0,TIME0,0.9599614254588659,0.9723342086062967,1.0,5
0.0008916204465467722,False,28,time1,0.928451931992527,5,,,time1,TIME1,0.9577115337205387,0.9209344114941544,1.0,8
0.0,False,28,time1,1.0,7,,,time1,TIME1,0.8846258843245403,0.9385035372981612,0.0,10
8.616983025130401e-05,False,28,time1,0.8932271104066954,6,,,time1,TIME1,0.8545827860471629,0.9483552097696544,0.0,4
1.247859034178665e-05,True,28,excluido,0.9959312984108275,10,,,excluir,EXCLUÍDO,0.6487534321188739,0.0,0.0,11
1.9558052853268906e-05,False,29,goleiro_time1,0.9977664034995299,9,,,goleiro1,GOL-TIME1,0.9896396544023206,0.961372875211677,1.0,3
0.0001340522554312476,False,29,time0,0.9917135947911682,0,,,time0,TIME0,0.9881826346184343,0.9638431322966611,1.0,1
0.00023436038006882602,False,29,time0,0.9732762594911343,4,,,time0,TIME0,0.9833475839636504,0.967419402536949,1.0,7
0.0011101579574315065,False,29,time1,0.9493004660143937,8,,,time1,TIME1,0.9739213751563089,0.9611941095920326,1.0,6
0.0007265235045403143,False,29,time0,0.9418834689861326,2,,,time0,TIME0,0.9725981029053611,0.9635421532711834,1.0,2
0.000632499117029009,False,29,time0,0.883415419213616,1,,,time0,TIME0,0.9573210889420675,0.9724012623930562,1.0,9
0.0016997750793158453,False,29,time1,0.8735801314573349,5,,,time1,TIME1,0.9402049242470919,0.9209344114941544,1.0,8
0.003452530381954412,False,29,time0,0.7574772467632314,3,,,time0,TIME0,0.9157574784496809,0.9723342086062967,1.0,5
0.0,False,29,time1,1.0,7,,,time1,TIME1,0.8846258843245403,0.9385035372981612,0.0,10
0.0005599198617784648,False,29,time1,0.9341397171340632,6,,,time1,TIME1,0.8664616868898475,0.9483552097696544,0.0,4
2.097755417123413e-05,True,29,excluido,0.9951181490528046,10,,,excluir,EXCLUÍDO,0.6484980359745777,0.0,0.0,11
6.927780800711253e-05,False,30,goleiro_time1,0.9911679927755482,9,,,goleiro1,GOL-TIME1,0.9875162916481034,0.9610516955673728,1.0,3
0.0006242148755915813,False,30,time0,0.9673677952275914,0,,,time0,TIME0,0.9801697623911815,0.9635290515863197,1.0,1
0.00046334018608750475,False,30,time0,0.9599127873046006,2,,,time0,TIME0,0.9784769580870337,0.9644515682109904,1.0,2
0.00043455570284250185,False,30,time0,0.9520108026694166,4,,,time0,TIME0,0.9763707615354532,0.9653462048883412,1.0,7
0.0008393112095936526,False,30,time1,0.9304885820071847,8,,,time1,TIME1,0.9685961568059779,0.9625597041486467,1.0,6
0.00024233157739664916,False,30,time0,0.9037165340638612,3,,,time0,TIME0,0.961582056946931,0.9728236783033115,1.0,5
0.0016838369969119317,False,30,time0,0.8416928381895995,1,,,time0,TIME0,0.9424794654185191,0.9689089082913145,1.0,9
0.0024194471768385615,False,30,time1,0.8433811609386885,5,,,time1,TIME1,0.9308402523944129,0.9220801106332479,1.0,8
0.0,False,30,time1,1.0,7,,,time1,TIME1,0.8848471073474138,0.9393884293896553,0.0,10
0.0004094598436310568,False,30,time1,0.9487616950274693,6,,,time1,TIME1,0.8717002136686474,0.9512065842118334,0.0,4
5.830786448285053e-05,True,30,excluido,0.9796926509462744,10,,,excluir,EXCLUÍDO,0.6438036190475334,0.0,0.0,11
0.000298624675429894,False,31,time0,0.9735174917673226,0,,,time0,TIME0,0.9824237293905701,0.9635290515863197,1.0,1
0.00016644657533403402,False,31,goleiro_time1,0.9620661261448112,9,,,goleiro1,GOL-TIME1,0.9786420304523795,0.9610516955673728,1.0,3
0.00038814511893592866,False,31,time1,0.9609760550047942,8,,,time1,TIME1,0.9781389048098789,0.9625597041486467,1.0,6
0.0007463180083025596,False,31,time0,0.9313210538256066,2,,,time0,TIME0,0.9695652739429449,0.9644515682109904,1.0,2
0.0006408532169445057,False,31,time0,0.9027896915435014,4,,,time0,TIME0,0.9614015225716526,0.9653462048883412,1.0,7
0.0011398124501466672,False,31,time0,0.8938520722555956,3,,,time0,TIME0,0.9597066367989652,0.9728236783033115,1.0,5
0.0013023631343359223,False,31,time0,0.8784842261926668,1,,,time0,TIME0,0.95409600286065,0.9689089082913145,1.0,9
0.002249281867807401,False,31,time1,0.8441601876789175,5,,,time1,TIME1,0.9315724540533276,0.9220801106332479,1.0,8
0.0,False,31,time1,1.0,7,,,time1,TIME1,0.8848471073474138,0.9393884293896553,0.0,10
0.0004721521964046367,False,31,time1,0.9407446638649509,6,,,time1,TIME1,0.8693393073272344,0.9512065842118334,0.0,4
0.0008235885368468787,True,31,excluido,0.852020500553306,10,,,excluir,EXCLUÍDO,0.6042954558258768,0.0,0.0,11
1.6791973247833754e-05,False,32,goleiro_time1,0.9963953386331031,9,,,goleiro1,GOL-TIME1,0.9890466659932845,0.9610516955673728,1.0,3
0.0003135498860003656,False,32,time0,0.9739073252022955,0,,,time0,TIME0,0.9826351841472959,0.9635290515863197,1.0,1
9.083956765260219e-05,False,32,time0,0.9701820594814834,4,,,time0,TIME0,0.98188651140597,0.9653462048883412,1.0,7
0.0004774280588362403,False,32,time0,0.9545093933749751,3,,,time0,TIME0,0.9780269645481289,0.9728236783033115,1.0,5
0.0009603119785646429,False,32,time0,0.922746288031327,2,,,time0,TIME0,0.9668485286586631,0.9644515682109904,1.0,2
0.000925378072151746,False,32,time1,0.9166244170721859,8,,,time1,TIME1,0.9644184675720954,0.9625597041486467,1.0,6
0.001436163884026409,False,32,time0,0.8572514322060293,1,,,time0,TIME0,0.9477253234296683,0.9689089082913145,1.0,9
0.0023571533014912663,False,32,time1,0.824053705437325,5,,,time1,TIME1,0.9254075717225786,0.9220801106332479,1.0,8
0.0,False,32,time1,1.0,7,,,time1,TIME1,0.8848471073474138,0.9393884293896553,0.0,10
0.00012127046226758824,False,32,time1,0.9801413808986043,6,,,time1,TIME1,0.8814429676885305,0.9512065842118334,0.0,4
3.916533513330347e-05,True,32,excluido,0.9913007247317344,10,,,excluir,EXCLUÍDO,0.6467670686628471,0.0,0.0,11
1.95149398482623e-05,False,33,goleiro_time1,0.992499114519702,9,,,goleiro1,GOL-TIME1,0.9880541314971164,0.9613163700056271,1.0,3
0.00038629463025269733,False,33,time0,0.9618862967021733,3,,,time0,TIME0,0.9813276632856287,0.973019479349639,1.0,5
0.0007516282672832779,False,33,time0,0.9691744481916837,0,,,time0,TIME0,0.9806356407341811,0.9636977957769005,1.0,1
0.0003832893205554595,False,33,time0,0.9584008958697988,4,,,time0,TIME0,0.9777524759727095,0.9634403354036375,1.0,7
0.001422083113809939,False,33,time0,0.874593345414891,1,,,time0,TIME0,0.9533415991441819,0.9691154079489495,1.0,9
0.0016391170186140546,False,33,time0,0.8691216196525698,2,,,time0,TIME0,0.9498513033355559,0.9642758170567365,1.0,2
0.0025518341167492156,False,33,time1,0.7967497979086062,5,,,time1,TIME1,0.9174904181713004,0.9241379697730404,1.0,8
0.0,False,33,time1,1.0,7,,,time1,TIME1,0.8849240567480814,0.9396962269923254,0.0,10
0.0001332703046780896,False,33,time1,0.9760701486712711,6,,,time1,TIME1,0.8815655150175952,0.955640433414194,0.0,4
0.004316880148543838,False,33,time1,0.6058397027293041,8,,,time1,TIME1,0.8657748766034269,0.9612812214683418,1.0,6
1.1991889318289243e-05,True,33,excluido,0.9959651022972947,10,,,excluir,EXCLUÍDO,0.6487475141123782,0.0,0.0,11
8.031361959120427e-06,False,34,goleiro_time1,0.9977515048976522,9,,,goleiro1,GOL-TIME1,0.9896365812302611,0.9613163700056271,1.0,3
0.0004744489524098251,False,34,time0,0.9623413870440685,0,,,time0,TIME0,0.9789758897323644,0.9636977957769005,1.0,1
0.00040178134673113467,False,34,time0,0.9567381655598833,4,,,time0,TIME0,0.9769974317138252,0.9634403354036375,1.0,7
0.00032977511363730115,False,34,time0,0.9437794869430741,3,,,time0,TIME0,0.9760494974299737,0.973019479349639,1.0,5
0.000652949590378352,False,34,time0,0.9254881443016384,1,,,time0,TIME0,0.9687029868784215,0.9691154079489495,1.0,9
0.0007911209340308237,False,34,time0,0.9249325650351318,2,,,time0,TIME0,0.9672443730105692,0.9642758170567365,1.0,2
0.0008927317899168389,False,34,time1,0.8908851098556535,8,,,time1,TIME1,0.9544339111452264,0.9612812214683418,1.0,6
0.0016328950988846785,False,34,time1,0.857307116043419,5,,,time1,TIME1,0.9360129638221926,0.9241379697730404,1.0,8
0.0002625829769130632,False,34,time1,0.9738623177871497,6,,,time1,TIME1,0.8806636779876611,0.955640433414194,0.0,4
0.005397727680216078,False,34,time1,0.4805334348015484,7,,,time1,TIME1,0.7204967931518385,0.9396962269923254,0.0,10
8.534390087201952e-06,True,34,excluido,0.9985659884271882,10,,,excluir,EXCLUÍDO,0.6495485279797937,0.0,0.0,11
1.636334810870062e-05,False,35,goleiro_time1,0.9961002037139044,9,,,goleiro1,GOL-TIME1,0.9891276640793768,0.9613163700056271,1.0,3
5.674934694965366e-05,False,35,time0,0.9761709603645277,4,,,time0,TIME0,0.983422512474586,0.9634403354036375,1.0,7
0.00018766650658960367,False,35,time0,0.9737784099181811,0,,,time0,TIME0,0.9826601223353401,0.9636977957769005,1.0,1
0.0002736307629226464,False,35,time0,0.9610935526360742,3,,,time0,TIME0,0.9811315373435726,0.973019479349639,1.0,5
0.0008731508187139202,False,35,time0,0.9119333738782156,2,,,time0,TIME0,0.9637256846909553,0.9642758170567365,1.0,2
0.0009846742730239889,False,35,time1,0.8896703186667293,8,,,time1,TIME1,0.9557841427880912,0.9612812214683418,1.0,6
0.001153865621952048,False,35,time1,0.8871280599252476,5,,,time1,TIME1,0.9455687466076892,0.9241379697730404,1.0,8
0.0024919204014288558,False,35,time0,0.7979966582901937,1,,,time0,TIME0,0.9280965193832039,0.9691154079489495,1.0,9
0.00017905868139201319,False,35,time1,0.9639475252306278,6,,,time1,TIME1,0.8778042228618899,0.955640433414194,0.0,4
0.0010069615119495789,False,35,time1,0.8855664574802468,7,,,time1,TIME1,0.8463772373738968,0.9396962269923254,0.0,10
2.9182973354380734e-05,True,35,excluido,0.99447768059714,10,,,excluir,EXCLUÍDO,0.6482913803992668,0.0,0.0,11
1.5092064590178943e-05,False,36,goleiro_time1,0.997451536611501,9,,,goleiro1,GOL-TIME1,0.989504515488526,0.9611410727366471,1.0,3
0.0004238290273898819,False,36,time0,0.9722193302599548,0,,,time0,TIME0,0.9821093797194306,0.9641317972891368,1.0,1
0.0005202254831145772,False,36,time0,0.9469582211385875,3,,,time0,TIME0,0.9766061450463924,0.9736194903905622,1.0,5
0.0006354955739271015,False,36,time0,0.9366145328448076,2,,,time0,TIME0,0.9714382740149778,0.9656144273035188,1.0,2
0.0006326937264130852,False,36,time0,0.9352911071239453,4,,,time0,TIME0,0.9700727883674365,0.9618217860544463,1.0,7
0.001078480967921355,False,36,time1,0.8695566802636137,8,,,time1,TIME1,0.9498683436785874,0.9627135856521509,1.0,6
0.0024261846389456707,False,36,time0,0.8047630914097558,1,,,time0,TIME0,0.9307523108574512,0.9682915819594753,1.0,9
0.001995023997258479,False,36,time1,0.8336620127749154,5,,,time1,TIME1,0.9284408875926317,0.923795472721626,1.0,8
2.951485502835563e-05,False,36,time1,0.9962488320857694,6,,,time1,TIME1,0.8880853501129278,0.9573751290861152,0.0,4
0.00023814633416060872,False,36,time1,0.9186131691804817,7,,,time1,TIME1,0.8596757435635071,0.9396962269923254,0.0,10
1.8572107226969384e-05,True,36,excluido,0.9963534443452714,10,,,excluir,EXCLUÍDO,0.6488584566705201,0.0,0.0,11
1.2042930842014614e-05,False,37,goleiro_time1,0.9975251937527794,9,,,goleiro1,GOL-TIME1,0.989524432816574,0.9611410727366471,1.0,3
0.00042720361803255544,False,37,time0,0.977639789337557,0,,,time0,TIME0,0.9837952870590666,0.9641317972891368,1.0,1
0.0006097720791590611,False,37,time0,0.9396145488308851,4,,,time0,TIME0,0.9716410967148519,0.9618217860544463,1.0,7
0.0006058165267432515,False,37,time1,0.9183312523368091,8,,,time1,TIME1,0.9650797325364028,0.9627135856521509,1.0,6
0.0008881668909650176,False,37,time0,0.9106390511616514,2,,,time0,TIME0,0.9634658200506232,0.9656144273035188,1.0,2
0.0012269374885475822,False,37,time0,0.8740816410214103,3,,,time0,TIME0,0.9540195222589395,0.9736194903905622,1.0,5
0.001500223245965429,False,37,time1,0.87329178382902,5,,,time1,TIME1,0.9412287635535564,0.923795472721626,1.0,8
0.003025084567571601,False,37,time0,0.7398331476197484,1,,,time0,TIME0,0.9108564056750857,0.9682915819594753,1.0,9
8.336583295296811e-05,False,37,time1,0.9803664915236283,6,,,time1,TIME1,0.8833058169417145,0.9573751290861152,0.0,4
0.0002602274981857507,False,37,time1,0.958379997415569,7,,,time1,TIME1,0.8718660894183694,0.9396962269923254,0.0,10
4.311953045812661e-05,True,37,excluido,0.9905639568944585,10,,,excluir,EXCLUÍDO,0.6471099711028756,0.0,0.0,11
2.791100177804583e-05,False,38,goleiro_time1,0.9953884554566583,9,,,goleiro1,GOL-TIME1,0.9888633736020602,0.9611410727366471,1.0,3
0.00033863661338461205,False,38,time0,0.9734776894167886,0,,,time0,TIME0,0.9826909027853451,0.9641317972891368,1.0,1
0.000750623969220928,False,38,time0,0.9318182523215714,2,,,time0,TIME0,0.9701681161328918,0.9656144273035188,1.0,2
0.0008367829110366069,False,38,time0,0.9185110281630143,4,,,time0,TIME0,0.9650334004916638,0.9618217860544463,1.0,7
0.0010824933913276622,False,38,time0,0.8855994413195799,3,,,time0,TIME0,0.9577344200201331,0.9736194903905622,1.0,5
0.0008923870127077193,False,38,time1,0.8792876426614812,8,,,time1,TIME1,0.9534047554573345,0.9627135856521509,1.0,6
0.00103293689295118,False,38,time1,0.9105751474514564,5,,,time1,TIME1,0.9527648438229426,0.923795472721626,1.0,8
0.0015178456431637465,False,38,time0,0.850235197679009,1,,,time0,TIME0,0.944671696244408,0.9682915819594753,1.0,9
0.00011474343804503314,False,38,time1,0.987707258406769,6,,,time1,TIME1,0.8854491011701844,0.9573751290861152,0.0,4
0.00025960318559960807,False,38,time1,0.9468296925421075,7,,,time1,TIME1,0.8685119737834962,0.9396962269923254,0.0,10
1.6826591751081686e-05,True,38,excluido,0.9971062589690346,10,,,excluir,EXCLUÍDO,0.649098408180595,0.0,0.0,11
9.921700921598862e-06,False,39,goleiro_time1,0.9978332015928044,9,,,goleiro1,GOL-TIME1,0.9896065242426584,0.9611410727366471,1.0,3
0.0008114144414170979,False,39,time0,0.964531561051792,0,,,time0,TIME0,0.9794712155037638,0.9646882238335339,1.0,1
0.0004365068191882241,False,39,time0,0.9539810309594368,3,,,time0,TIME0,0.9788479745144468,0.9743354085404496,1.0,5
0.0009894682793737477,False,39,time0,0.9093003586900871,2,,,time0,TIME0,0.9634038075327568,0.9667078253791355,1.0,2
0.0006972888729467949,False,39,time1,0.9006463906845696,8,,,time1,TIME1,0.9595691677285931,0.9605762283452334,1.0,6
0.0011240207813721706,False,39,time0,0.8840332119295651,4,,,time0,TIME0,0.9542652208029921,0.9611317066067213,1.0,7
0.0014019498699909998,False,39,time0,0.8592846825852867,1,,,time0,TIME0,0.9490682477931128,0.9707328404658047,1.0,9
0.0015651279107087971,False,39,time1,0.8510008822270748,5,,,time1,TIME1,0.9350155679837652,0.9262471583804464,1.0,8
0.00014341871985645307,False,39,time1,0.9754534225776125,6,,,time1,TIME1,0.882396306966048,0.9598989863984215,0.0,4
0.0004426222516659901,False,39,time1,0.9115804301955779,7,,,time1,TIME1,0.8578036739182622,0.9396962269923254,0.0,10
4.873129827506449e-06,True,39,excluido,0.9988475091651925,10,,,excluir,EXCLUÍDO,0.6496351426301958,0.0,0.0,11
8.759452846676175e-05,False,40,goleiro_time1,0.9859684149233283,9,,,goleiro1,GOL-TIME1,0.9859300999085016,0.9611410727366471,1.0,3
0.0005594250182090486,False,40,time0,0.96738250697701,0,,,time0,TIME0,0.9806642453582336,0.9646882238335339,1.0,1
0.0004930769667121991,False,40,time0,0.9386674582745717,3,,,time0,TIME0,0.9741719863449075,0.9743354085404496,1.0,5
0.0007890939220546065,False,40,time0,0.9136277657639122,4,,,time0,TIME0,0.9633404742094048,0.9611317066067213,1.0,7
0.0007329611383210701,False,40,time1,0.9087614935237103,8,,,time1,TIME1,0.9619444310242294,0.9605762283452334,1.0,6
0.001155681333593365,False,40,time0,0.8880449143771572,1,,,time0,TIME0,0.957611427106933,0.9707328404658047,1.0,9
0.001290976861931512,False,40,time0,0.8802961937913943,2,,,time0,TIME0,0.954098717183007,0.9667078253791355,1.0,2
0.001214242320911376,False,40,time1,0.8880376120272626,5,,,time1,TIME1,0.9462268626535327,0.9262471583804464,1.0,8
0.00022930043461809538,False,40,time1,0.9493114590413588,7,,,time1,TIME1,0.869340275276473,0.9396962269923254,0.0,10
0.0006458626329514043,False,40,time1,0.9076500600409187,6,,,time1,TIME1,0.8612146121417875,0.9598989863984215,0.0,4
6.133254760515201e-05,True,40,excluido,0.9893608371554862,10,,,excluir,EXCLUÍDO,0.6467131070022616,0.0,0.0,11
7.939032368980163e-05,False,41,goleiro_time1,0.986275554402179,9,,,goleiro1,GOL-TIME1,0.986079515862165,0.9611410727366471,1.0,3
0.0001603275662239486,False,41,time0,0.96809447318493,3,,,time0,TIME0,0.9834231580642291,0.9743354085404496,1.0,5
0.0003927779231694459,False,41,time0,0.9736307956629958,0,,,time0,TIME0,0.9826714347602373,0.9646882238335339,1.0,1
0.0008297289803846941,False,41,time0,0.9158944873548719,2,,,time0,TIME0,0.965365337476923,0.9667078253791355,1.0,2
0.0007566570630567868,False,41,time0,0.9137697065407769,4,,,time0,TIME0,0.9635466490969621,0.9611317066067213,1.0,7
0.0010395587867118535,False,41,time1,0.8697757975346534,8,,,time1,TIME1,0.9498353102685838,0.9605762283452334,1.0,6
0.001284500874476522,False,41,time1,0.876031522481182,5,,,time1,TIME1,0.9430381849837685,0.9262471583804464,1.0,8
0.0019030169825724592,False,41,time0,0.825628191036329,1,,,time0,TIME0,0.937982689099283,0.9707328404658047,1.0,9
0.00023936753848511155,False,41,time1,0.9653518188691785,7,,,time1,TIME1,0.874040396405224,0.9396962269923254,0.0,10
0.0008675554437951131,False,41,time1,0.9012795340382949,6,,,time1,TIME1,0.8591969935855254,0.9598989863984215,0.0,4
1.1420130714751771e-05,True,41,excluido,0.9963577836055434,10,,,excluir,EXCLUÍDO,0.6488568485895588,0.0,0.0,11
2.6468398205577546e-05,False,42,goleiro_time1,0.9957646342949675,9,,,goleiro1,GOL-TIME1,0.9888925446538932,0.9610200431760405,1.0,3
0.0001777317634845935,False,42,time0,0.9784854728903437,2,,,time0,TIME0,0.9848123121646002,0.9676785987818034,1.0,2
0.0003858679963592172,False,42,time0,0.9668380713286904,0,,,time0,TIME0,0.9809659261893062,0.9652891236821657,1.0,1
0.00030251635578768687,False,42,time0,0.9492194625148156,3,,,time0,TIME0,0.9779923038063633,0.974570743396207,1.0,5
0.0008605223134162636,False,42,time0,0.9135353591145448,1,,,time0,TIME0,0.9658359036403072,0.9730790953037243,1.0,9
0.001040098883558276,False,42,time1,0.8958698427097205,5,,,time1,TIME1,0.9499670731247335,0.9296453915511071,1.0,8
0.0015988040601222103,False,42,time1,0.8611451309276731,8,,,time1,TIME1,0.9466377976647163,0.9605762283452334,1.0,6
0.0011235906723111179,False,42,time0,0.8484118043171078,4,,,time0,TIME0,0.9434072062556805,0.9607011615405614,1.0,7
0.00013820542312425302,False,42,time1,0.9627358613884155,7,,,time1,TIME1,0.8735009194499128,0.9396962269923254,0.0,10
0.001381466369866622,False,42,time1,0.8398376568013096,6,,,time1,TIME1,0.840460559793305,0.9611859104201956,0.0,4
2.863210539094667e-05,True,42,excluido,0.9915282024630457,10,,,excluir,EXCLUÍDO,0.6474082897618163,0.0,0.0,11
2.792013677601774e-05,False,43,goleiro_time1,0.9932215598769455,9,,,goleiro1,GOL-TIME1,0.9881667222796654,0.9610200431760405,1.0,3
0.0002516970271743881,False,43,time0,0.9868756568561554,0,,,time0,TIME0,0.9870646775270686,0.9652891236821657,1.0,1
0.00024663378411939133,False,43,time0,0.9757980826802687,3,,,time0,TIME0,0.9858882091492985,0.974570743396207,1.0,5
0.00048697218803283145,False,43,time0,0.953184437442966,2,,,time0,TIME0,0.9771308611906706,0.9676785987818034,1.0,2
0.0005355037402710204,False,43,time1,0.9529879079329254,5,,,time1,TIME1,0.9673872107438509,0.9296453915511071,1.0,8
0.0010582800471163997,False,43,time0,0.9035052343869854,1,,,time0,TIME0,0.9630836571576825,0.9730790953037243,1.0,9
0.0006042165798856877,False,43,time0,0.9085092586198013,4,,,time0,TIME0,0.9617538962448021,0.9607011615405614,1.0,7
0.0009933222148457866,False,43,time1,0.8361904760349114,8,,,time1,TIME1,0.9392523694580852,0.9605762283452334,1.0,6
0.00013566007848977012,False,43,time1,0.9797361410720845,7,,,time1,TIME1,0.8785584060705245,0.9396962269923254,0.0,10
0.0007370773601632012,False,43,time1,0.9041418501303718,6,,,time1,TIME1,0.8604267021835301,0.9611859104201956,0.0,4
1.0015971976250823e-05,True,43,excluido,0.9976472820046238,10,,,excluir,EXCLUÍDO,0.6492713243694903,0.0,0.0,11
0.0,False,44,time1,1.0,8,,,time1,TIME1,0.9894667919398226,0.9605762283452334,1.0,6
4.118115110888233e-05,False,44,goleiro_time1,0.9893705956114424,9,,,goleiro1,GOL-TIME1,0.987003034396854,0.9610200431760405,1.0,3
0.00011821081819851889,False,44,time0,0.9548824378385746,2,,,time0,TIME0,0.977972764558672,0.9676785987818034,1.0,2
0.00040591829274776934,False,44,time0,0.9506960061432155,0,,,time0,TIME0,0.9760448095638069,0.9652891236821657,1.0,1
0.00020767912150786833,False,44,time0,0.942910194660611,4,,,time0,TIME0,0.9724931545591039,0.9607011615405614,1.0,7
0.0006876101000313982,False,44,time0,0.9279945337756103,3,,,time0,TIME0,0.9707792048878373,0.974570743396207,1.0,5
0.000766676858985677,False,44,time1,0.9138977747160304,5,,,time1,TIME1,0.9555381561118005,0.9296453915511071,1.0,8
0.0027129337535966172,False,44,time0,0.764651731028559,1,,,time0,TIME0,0.9188804288663357,0.9730790953037243,1.0,9
0.0007187590162676056,False,44,time1,0.9135542335131513,6,,,time1,TIME1,0.863384159045463,0.9611859104201956,0.0,4
0.0005030228963055275,False,44,time1,0.9154333469270455,7,,,time1,TIME1,0.8587799957517255,0.9396962269923254,0.0,10
8.532650600951557e-05,True,44,excluido,0.9772340554039493,10,,,excluir,EXCLUÍDO,0.6430366597079991,0.0,0.0,11
0.0,False,45,time1,1.0,8,,,time1,TIME1,0.9901440570863084,0.9605762283452334,1.0,6
2.5041290202386847e-05,False,45,goleiro_time1,0.9894720866496335,9,,,goleiro1,GOL-TIME1,0.9869396298645378,0.9606623878107109,1.0,3
0.00018958761473650398,False,45,time0,0.9765361410569576,0,,,time0,TIME0,0.9839502688292792,0.9653669437348755,1.0,1
0.00024733384013890877,False,45,time0,0.9669433834385179,2,,,time0,TIME0,0.9815765671552878,0.9673452980190365,1.0,2
0.00022383802924977417,False,45,time0,0.9593559914183022,3,,,time0,TIME0,0.9804051223582179,0.9736155401340794,1.0,5
0.00018789856914828748,False,45,time0,0.937005238165915,4,,,time0,TIME0,0.9708539986540347,0.9604482818753999,1.0,7
0.0007441839002862526,False,45,time1,0.9316277556850167,5,,,time1,TIME1,0.9613843468541808,0.9308547866948793,1.0,8
0.0019975468167192055,False,45,time0,0.8164354869235442,1,,,time0,TIME0,0.9358572652254621,0.9732055035111717,1.0,9
7.47655288297231e-05,False,45,time1,0.9916878570667561,7,,,time1,TIME1,0.8820468372893249,0.9396962269923254,0.0,10
0.0001554556095825753,False,45,time1,0.9636257349256998,6,,,time1,TIME1,0.8789365492455327,0.9614983092458798,0.0,4
3.0677051261134326e-05,True,45,excluido,0.994202572835101,10,,,excluir,EXCLUÍDO,0.6481687709268998,0.0,0.0,11
0.0,False,46,time1,1.0,8,,,time1,TIME1,0.9901440570863084,0.9605762283452334,1.0,6
1.7242454527550145e-05,False,46,goleiro_time1,0.9966891320377406,9,,,goleiro1,GOL-TIME1,0.9891288275712005,0.9606623878107109,1.0,3
9.453351224381259e-05,False,46,time0,0.9835592122055601,2,,,time0,TIME0,0.9867003970101331,0.9673452980190365,1.0,2
0.00025439875434964663,False,46,time0,0.971709037457624,3,,,time0,TIME0,0.9846310803036308,0.9736155401340794,1.0,5
0.0003622545624625276,False,46,time0,0.971566426217377,0,,,time0,TIME0,0.9822593300734618,0.9653669437348755,1.0,1
0.0005287789105248695,False,46,time0,0.9292158395300183,4,,,time0,TIME0,0.9681206274782279,0.9604482818753999,1.0,7
0.0011368323290727855,False,46,time1,0.9105197121346854,5,,,time1,TIME1,0.9544618243002899,0.9308547866948793,1.0,8
0.0015857387490902219,False,46,time0,0.8424365586983001,1,,,time0,TIME0,0.943568006807615,0.9732055035111717,1.0,9
0.00022638451536265692,False,46,time1,0.9491960768585694,6,,,time1,TIME1,0.874726367337313,0.9614983092458798,0.0,4
0.00022894386213217767,False,46,time1,0.961776698177804,7,,,time1,TIME1,0.8731018579147887,0.9396962269923254,0.0,10
2.6831182236454284e-05,True,46,excluido,0.9949077750343046,10,,,excluir,EXCLUÍDO,0.648445191162485,0.0,0.0,11
0.0,False,47,time1,1.0,8,,,time1,TIME1,0.9901440570863084,0.9605762283452334,1.0,6
0.00012329528006865904,False,47,time0,0.9862606758408383,3,,,time0,TIME0,0.9890720703025235,0.9736155401340794,1.0,5
8.897140032265363e-06,False,47,goleiro_time1,0.996337626260112,9,,,goleiro1,GOL-TIME1,0.9890483892900936,0.9606623878107109,1.0,3
0.0001440192643256927,False,47,time0,0.9708279113878194,0,,,time0,TIME0,0.9822503425796705,0.9653669437348755,1.0,1
0.0002011631315765115,False,47,time0,0.9743238660091688,4,,,time0,TIME0,0.9819625811078236,0.9604482818753999,1.0,7
0.0001377491361585642,False,47,time0,0.9637086791662334,2,,,time0,TIME0,0.980785527996892,0.9673452980190365,1.0,2
0.0007800279962089808,False,47,time1,0.9319618865224759,5,,,time1,TIME1,0.961204427873212,0.9308547866948793,1.0,8
0.0021541507535720017,False,47,time0,0.7735950125821,1,,,time0,TIME0,0.9229731827085997,0.9732055035111717,1.0,9
0.0,False,47,time1,1.0,7,,,time1,TIME1,0.884767958660264,0.9396962269923254,0.0,10
0.00010676653332521089,False,47,time1,0.9126656404151783,6,,,time1,TIME1,0.8639728360836489,0.9614983092458798,0.0,4
1.774866531936451e-05,True,47,excluido,0.997540619158813,10,,,excluir,EXCLUÍDO,0.6492372693148207,0.0,0.0,11
0.0,False,48,time1,1.0,8,,,time1,TIME1,0.9901440570863084,0.9605762283452334,1.0,6
1.146729676077108e-05,False,48,goleiro_time1,0.9960586343952715,9,,,goleiro1,GOL-TIME1,0.9888416785597897,0.9601610209417244,1.0,3
0.00022252228514757944,False,48,time0,0.9805299850684916,0,,,time0,TIME0,0.9853386965189483,0.9661150564750972,1.0,1
0.0007174826912194847,False,48,time0,0.9518965951664712,3,,,time0,TIME0,0.9776758574788392,0.9730241867386142,1.0,5
0.0005860380036786036,False,48,time0,0.923050839146621,2,,,time0,TIME0,0.9676502133263184,0.9665545883464093,1.0,2
0.0007816758344269637,False,48,time0,0.9242607418269916,4,,,time0,TIME0,0.9661986337464964,0.9603823784297463,1.0,7
0.0007666709232979978,False,48,time1,0.9258348392910043,5,,,time1,TIME1,0.9596992722433552,0.931185175264678,1.0,8
0.0017345335531817828,False,48,time0,0.8035065882795287,1,,,time0,TIME0,0.9320722341945522,0.9723526102177455,1.0,9
0.0,False,48,time1,1.0,7,,,time1,TIME1,0.8849240567480814,0.9396962269923254,0.0,10
0.0002739771635677124,False,48,time1,0.9680550196143812,6,,,time1,TIME1,0.8802242258378373,0.9612498059262874,0.0,4
2.6345949281009982e-05,True,48,excluido,0.9955059028171759,10,,,excluir,EXCLUÍDO,0.6486179658293858,0.0,0.0,11
0.0,False,49,time1,1.0,8,,,time1,TIME1,0.9901440570863084,0.9605762283452334,1.0,6
6.7214988487647666e-06,False,49,goleiro_time1,0.9971628232122354,9,,,goleiro1,GOL-TIME1,0.9891710487986841,0.9601610209417244,1.0,3
0.0003180712565758736,False,49,time0,0.9733571026703689,3,,,time0,TIME0,0.9846375339588677,0.9730241867386142,1.0,5
0.00031807166243486023,False,49,time0,0.9715774319195856,0,,,time0,TIME0,0.9826377964155086,0.9661150564750972,1.0,1
0.00015048303796180436,False,49,time0,0.9740784834456677,4,,,time0,TIME0,0.9817311058328096,0.9603823784297463,1.0,7
0.0006262701962321141,False,49,time0,0.9243540082134756,2,,,time0,TIME0,0.9680024948167787,0.9665545883464093,1.0,2
0.0008074227675514805,False,49,time1,0.9323089759834995,5,,,time1,TIME1,0.9613543760372558,0.931185175264678,1.0,8
0.0011125173171853786,False,49,time0,0.8685255249840838,1,,,time0,TIME0,0.95204582408205,0.9723526102177455,1.0,9
0.0003641569249974842,False,49,time1,0.9615550349564905,6,,,time1,TIME1,0.8783575694152435,0.9612498059262874,0.0,4
0.000539324902629891,False,49,time1,0.9091919976069645,7,,,time1,TIME1,0.8568236391396231,0.9396962269923254,0.0,10
1.4221032545621491e-05,True,49,excluido,0.9966851211498015,10,,,excluir,EXCLUÍDO,0.6489732846056344,0.0,0.0,11
0.0,False,50,time1,0.0,novo,0.09506131249776772,True,time1,TIME1,0.0,,,12
0.0,False,50,time1,1.0,8,,,time1,TIME1,0.9901440570863084,0.9605762283452334,1.0,6
3.8862765673404e-06,False,50,goleiro_time1,0.9980499539388114,9,,,goleiro1,GOL-TIME1,0.9894497706467827,0.9601610209417244,1.0,3
4.669615960679531e-05,False,50,time0,0.9919731470701937,0,,,time0,TIME0,0.9888646963487846,0.9661150564750972,1.0,1
8.74324639001737e-05,False,50,time0,0.97707042121846,3,,,time0,TIME0,0.9861297276922251,0.9730241867386142,1.0,5
0.00039830430206053044,False,50,time0,0.9602298870636106,2,,,time0,TIME0,0.9789919275335337,0.9665545883464093,1.0,2
0.0003776067874192793,False,50,time0,0.9594174557570209,4,,,time0,TIME0,0.9774009016153996,0.9603823784297463,1.0,7
0.0006667096305306587,False,50,time0,0.9139922964150149,1,,,time0,TIME0,0.9663713055652655,0.9723526102177455,1.0,9
0.0012436850567002762,False,50,time1,0.9056774935777555,5,,,time1,TIME1,0.9530714389437539,0.931185175264678,1.0,8
0.00013513416134169215,False,50,time1,0.9810364936833829,6,,,time1,TIME1,0.8843348706396125,0.9612498059262874,0.0,4
8.407447542667089e-05,False,50,time1,0.9701664668014444,7,,,time1,TIME1,0.875484700043136,0.9396962269923254,0.0,10
1.8442890286722874e-05,True,50,excluido,0.996044365583898,10,,,excluir,EXCLUÍDO,0.6487821292911697,0.0,0.0,11
0.0,False,51,time1,0.0,novo,0.0755378034386085,True,time1,TIME1,0.0,,,12
0.0,False,51,time1,1.0,8,,,time1,TIME1,0.9901440570863084,0.9605762283452334,1.0,6
0.00021791423831224498,False,51,time0,0.97519944827729,3,,,time0,TIME0,0.9854496822742125,0.9727401632975057,1.0,5
7.111678678314565e-05,False,51,goleiro_time1,0.985758385913986,9,,,goleiro1,GOL-TIME1,0.9854476069897135,0.9593282569805242,1.0,3
9.146334754882489e-05,False,51,time0,0.9611409960682746,2,,,time0,TIME0,0.9796319397624251,0.9663351515987935,1.0,2
0.0005197688410222751,False,51,time0,0.9424611865963871,0,,,time0,TIME0,0.9736881159536035,0.9670808283475175,1.0,1
0.00024119966204919907,False,51,time0,0.9305807938096409,4,,,time0,TIME0,0.9687726676831746,0.9596831830323025,1.0,7
0.0010449473764769862,False,51,time0,0.886835796024553,1,,,time0,TIME0,0.9576123875266206,0.9711511707279883,1.0,9
0.001504828324956924,False,51,time1,0.8789179526368585,5,,,time1,TIME1,0.9451939075603885,0.9322806122986158,1.0,8
0.0002822203878813064,False,51,time1,0.9420718911097821,6,,,time1,TIME1,0.8724369795956365,0.9607191803474047,0.0,4
0.0003030044012190774,False,51,time1,0.9556479495610226,7,,,time1,TIME1,0.870858750547667,0.9386546554037463,0.0,10
1.889643294809212e-05,True,51,excluido,0.9952750575893181,10,,,excluir,EXCLUÍDO,0.648546004180272,0.0,0.0,11
0.0,False,52,time1,0.0,novo,0.0755378034386085,True,time1,TIME1,0.0,,,12
0.0,False,52,time1,1.0,8,,,time1,TIME1,0.9901440570863084,0.9605762283452334,1.0,6
9.582119500201172e-05,False,52,goleiro_time1,0.9833578279022699,9,,,goleiro1,GOL-TIME1,0.9846395191408589,0.9593282569805242,1.0,3
0.0003741539928231246,False,52,time0,0.9626228714256724,3,,,time0,TIME0,0.9815053948058746,0.9727401632975057,1.0,5
0.00033752268266350584,False,52,time0,0.968085468018316,0,,,time0,TIME0,0.9813145551193287,0.9670808283475175,1.0,1
0.0005129389445309672,False,52,time0,0.949260415227217,2,,,time0,TIME0,0.9756054047609137,0.9663351515987935,1.0,2
0.0007262394539820653,False,52,time0,0.921094112505907,4,,,time0,TIME0,0.9651651091898096,0.9596831830323025,1.0,7
0.0010972967934697797,False,52,time0,0.8875746570934935,1,,,time0,TIME0,0.9579941636037436,0.9711511707279883,1.0,9
0.0018893758591032271,False,52,time1,0.8403982875168605,5,,,time1,TIME1,0.9331113682743637,0.9322806122986158,1.0,8
0.0,False,52,time1,1.0,7,,,time1,TIME1,0.8844570699410144,0.9386546554037463,0.0,10
0.00036883754449286064,False,52,time1,0.9542994134994028,6,,,time1,TIME1,0.8760378247087044,0.9607191803474047,0.0,4
1.1487049093247998e-05,True,52,excluido,0.996386721217039,10,,,excluir,EXCLUÍDO,0.6488908515603887,0.0,0.0,11
0.0,False,53,time1,0.0,novo,0.0755378034386085,True,time1,TIME1,0.0,,,12
3.794544033818711e-05,False,53,time0,0.9967789313184393,0,,,time0,TIME0,0.9905508447296898,0.9670808283475175,1.0,1
0.0,False,53,time1,1.0,8,,,time1,TIME1,0.9901440570863084,0.9605762283452334,1.0,6
0.00020300593430518403,False,53,time0,0.9807995081145284,2,,,time0,TIME0,0.9853059589411035,0.9663351515987935,1.0,2
0.00012023129838167036,False,53,goleiro_time1,0.9762345832871991,9,,,goleiro1,GOL-TIME1,0.982447635234814,0.9593282569805242,1.0,3
0.00044970083825133914,False,53,time0,0.9327293895667584,3,,,time0,TIME0,0.9722618169578626,0.9727401632975057,1.0,5
0.0010082309373949275,False,53,time0,0.8986169550840395,1,,,time0,TIME0,0.9613823900414397,0.9711511707279883,1.0,9
0.0006193804355402821,False,53,time0,0.8645218164388359,4,,,time0,TIME0,0.9478091692117611,0.9596831830323025,1.0,7
0.0016986151343321328,False,53,time1,0.8468473548132898,5,,,time1,TIME1,0.9352880860810056,0.9322806122986158,1.0,8
0.0005102230376573643,False,53,time1,0.9256055642220292,7,,,time1,TIME1,0.8615336146485448,0.9386546554037463,0.0,10
0.0013285967431177497,False,53,time1,0.8503510343720938,6,,,time1,TIME1,0.8434208551439004,0.9607191803474047,0.0,4
5.915007895397248e-05,True,53,excluido,0.9884137260518743,10,,,excluir,EXCLUÍDO,0.6464377997399835,0.0,0.0,11
0.0,False,54,time1,0.0,novo,0.05917764573777806,True,time1,TIME1,0.0,,,12
0.0,False,54,time1,1.0,8,,,time1,TIME1,0.9901440570863084,0.9605762283452334,1.0,6
7.499142740504786e-05,False,54,time0,0.9866679338761122,4,,,time0,TIME0,0.9853546172773492,0.9591932195532273,1.0,7
0.000157572861767845,False,54,goleiro_time1,0.9711290743293624,9,,,goleiro1,GOL-TIME1,0.9809764382890727,0.9594630528913703,1.0,3
0.00028041733396713437,False,54,time0,0.9563875318560006,0,,,time0,TIME0,0.9783452981526225,0.9675777706130454,1.0,1
0.0004594718426214415,False,54,time0,0.939855623176239,2,,,time0,TIME0,0.9729381079607687,0.966305524675173,1.0,2
0.0006681452044986481,False,54,time0,0.9346821891595342,3,,,time0,TIME0,0.9727252536872201,0.9724014946417193,1.0,5
0.001692376269990066,False,54,time0,0.8443933567269976,1,,,time0,TIME0,0.9441304661658217,0.9713834477085108,1.0,9
0.0014104971587841199,False,54,time1,0.874282751555531,5,,,time1,TIME1,0.9439964045176515,0.9338592123446803,1.0,8
0.0003181854805144158,False,54,time1,0.9516694856187735,7,,,time1,TIME1,0.8695576934281737,0.9380379531372298,0.0,10
0.001581085372879321,False,54,time1,0.8179434615552922,6,,,time1,TIME1,0.8336704007762843,0.9596535647739031,0.0,4
2.821964485426435e-05,True,54,excluido,0.994851567760851,10,,,excluir,EXCLUÍDO,0.6484086473368504,0.0,0.0,11
0.0,False,55,time1,0.0,novo,0.05917764573777806,True,time1,TIME1,0.0,,,12
0.00020154706149474495,False,55,time0,0.9812512670501392,3,,,time0,TIME0,0.9869042356145584,0.9724014946417193,1.0,5
0.00015777941862583946,False,55,time0,0.9807715055055517,0,,,time0,TIME0,0.9858544319560584,0.9675777706130454,1.0,1
0.0002391258748247759,False,55,goleiro_time1,0.9740375709919937,9,,,goleiro1,GOL-TIME1,0.9816442209165658,0.9594630528913703,1.0,3
0.0004470174000966644,False,55,time0,0.9611804913972875,2,,,time0,TIME0,0.9792410647558519,0.966305524675173,1.0,2
0.000833812429113657,False,55,time0,0.9214187869295928,4,,,time0,TIME0,0.9648515601888764,0.9591932195532273,1.0,7
0.000987120486600994,False,55,time0,0.9023909591896414,1,,,time0,TIME0,0.9621845638521905,0.9713834477085108,1.0,9
0.0007601355789662174,False,55,time1,0.9235925439845729,5,,,time1,TIME1,0.9593848958722576,0.9338592123446803,1.0,8
7.56890863199257e-05,False,55,time1,0.9817203512640138,7,,,time1,TIME1,0.878692568885395,0.9380379531372298,0.0,10
0.0010306314109777795,False,55,time1,0.8644244931393043,6,,,time1,TIME1,0.847813951114991,0.9596535647739031,0.0,4
0.02057329074313805,False,55,time1,0.0,8,,,time1,TIME1,0.6574138218131341,0.9605762283452334,1.0,6
3.616557111862477e-05,True,55,excluido,0.995246226663007,10,,,excluir,EXCLUÍDO,0.6485299061047303,0.0,0.0,11
0.0,False,56,time1,0.0,novo,0.05917764573777806,True,time1,TIME1,0.0,,,12
5.34559407873941e-05,False,56,time0,0.9948171728381031,0,,,time0,TIME0,0.9901623916630958,0.9675777706130454,1.0,1
0.00018255789610976063,False,56,goleiro_time1,0.9738159825553667,9,,,goleiro1,GOL-TIME1,0.9817306210138093,0.9594630528913703,1.0,3
0.00028681955655130895,False,56,time0,0.9534376305884792,3,,,time0,TIME0,0.9786428227290752,0.9724014946417193,1.0,5
0.0,False,56,time1,1.0,8,,,time1,TIME1,0.9761168133978051,0.9605762283452334,1.0,6
0.0006662448712586246,False,56,time0,0.9438753410105144,2,,,time0,TIME0,0.9739774097339683,0.966305524675173,1.0,2
0.0008367065080823789,False,56,time1,0.9184262419888144,5,,,time1,TIME1,0.9581357617025329,0.9338592123446803,1.0,8
0.0017058685446759614,False,56,time0,0.8361493016184679,1,,,time0,TIME0,0.9416091466957867,0.9713834477085108,1.0,9
0.0002592713958780598,False,56,time1,0.9623018110443409,7,,,time1,TIME1,0.872752354555594,0.9380379531372298,0.0,10
0.005431487842439717,False,56,time0,0.6162278816163261,4,,,time0,TIME0,0.866583080191201,0.9591932195532273,1.0,7
0.0009690550943187989,False,56,time1,0.8831489167978359,6,,,time1,TIME1,0.8537346200670688,0.9596535647739031,0.0,4
3.264561637250722e-05,True,56,excluido,0.9936477736877372,10,,,excluir,EXCLUÍDO,0.6480585914550407,0.0,0.0,11
0.0,False,57,time1,0.0,novo,0.05841562201171446,True,time1,TIME1,0.0,,,12
0.00015397955118067223,False,57,goleiro_time1,0.9677340715087815,9,,,goleiro1,GOL-TIME1,0.9799925478496513,0.9594350660914015,1.0,3
0.00044158000578839267,False,57,time0,0.9572983007560296,0,,,time0,TIME0,0.9787245172928223,0.9690907846835404,1.0,1
0.0008060072328709547,False,57,time0,0.9381990901877144,2,,,time0,TIME0,0.9720950359465584,0.9658534178207241,1.0,2
0.0004290559077150398,False,57,time0,0.9307019084613155,3,,,time0,TIME0,0.9712209983230153,0.9715537366817206,1.0,5
0.0010760017783016883,False,57,time1,0.8914971822361341,5,,,time1,TIME1,0.9500707602976313,0.9350975595666591,1.0,8
0.0017911807124484657,False,57,time0,0.8463860102309649,1,,,time0,TIME0,0.9448004810993823,0.9703842632500075,1.0,9
0.002048517429269761,False,57,time0,0.6988979422940476,4,,,time0,TIME0,0.8924808918745352,0.9590755321344768,1.0,7
0.0001991613970053038,False,57,time1,0.9773726720604362,7,,,time1,TIME1,0.8768305444956599,0.9364226470940391,0.0,10
0.00039693062158799807,False,57,time1,0.9591984317176465,6,,,time1,TIME1,0.8765945278890018,0.9584092280117543,0.0,4
0.009583287689195549,False,57,time1,0.22123960474229892,8,,,time1,TIME1,0.7415834432946684,0.9618308055100686,1.0,6
8.109393581070919e-05,True,57,excluido,0.9796333414848751,10,,,excluir,EXCLUÍDO,0.6437624200013964,0.0,0.0,11
0.0,False,58,time1,0.0,novo,0.05841562201171446,True,time1,TIME1,0.0,,,12
1.8577210586648588e-05,False,58,time0,0.9921769202631208,0,,,time0,TIME0,0.9896180464912994,0.9690907846835404,1.0,1
8.359759111741196e-05,False,58,goleiro_time1,0.9858355556557727,9,,,goleiro1,GOL-TIME1,0.9854806889335451,0.9594350660914015,1.0,3
0.0007592848477979235,False,58,time0,0.9345432963004532,2,,,time0,TIME0,0.9710015400546516,0.9658534178207241,1.0,2
0.0007586501858076225,False,58,time0,0.9298689500728109,3,,,time0,TIME0,0.9703508435159995,0.9715537366817206,1.0,5
0.0001910804021385111,False,58,time1,0.9572610753899377,5,,,time1,TIME1,0.970168787101627,0.9350975595666591,1.0,8
0.00047312240231211204,False,58,time0,0.9165796474472865,4,,,time0,TIME0,0.9626722807295972,0.9590755321344768,1.0,7
0.0022848485083804128,False,58,time0,0.7977163422768798,1,,,time0,TIME0,0.9294965378280423,0.9703842632500075,1.0,9
0.0025738822032669497,False,58,time1,0.7314131756947851,8,,,time1,TIME1,0.9013624385589359,0.9618308055100686,1.0,6
0.00022071966245858067,False,58,time1,0.9664164354182649,7,,,time1,TIME1,0.8735570195128032,0.9364226470940391,0.0,10
0.0004751808683597909,False,58,time1,0.9195163339101474,6,,,time1,TIME1,0.8648685281383426,0.9584092280117543,0.0,4
3.510678965809661e-05,True,58,excluido,0.9934182447652762,10,,,excluir,EXCLUÍDO,0.6479223010744837,0.0,0.0,11
0.0,False,59,time1,0.0,novo,0.05841562201171446,True,time1,TIME1,0.0,,,12
0.00022330632861113713,False,59,time0,0.9742374207657628,0,,,time0,TIME0,0.9842004036224273,0.9690907846835404,1.0,1
0.00012468836567398837,False,59,time0,0.9760466406291491,4,,,time0,TIME0,0.98208709566372,0.9590755321344768,1.0,7
0.00018448851657665945,False,59,goleiro_time1,0.9609432009922982,9,,,goleiro1,GOL-TIME1,0.9778244683957434,0.9594350660914015,1.0,3
0.0005567054586045662,False,59,time0,0.9529758235937562,2,,,time0,TIME0,0.9767096966329715,0.9658534178207241,1.0,2
0.0009290738240837561,False,59,time0,0.9152207646110941,3,,,time0,TIME0,0.9661370745342175,0.9715537366817206,1.0,5
0.0008525900024525944,False,59,time1,0.9106189053929223,5,,,time1,TIME1,0.9557245663482064,0.9350975595666591,1.0,8
0.001161935214717936,False,59,time1,0.8768481928327343,8,,,time1,TIME1,0.9514555064008016,0.9618308055100686,1.0,6
0.0021352681642202807,False,59,time0,0.7940047784288577,1,,,time0,TIME0,0.928697880864101,0.9703842632500075,1.0,9
6.138860053612993e-05,False,59,time1,0.9590054183726505,7,,,time1,TIME1,0.8715844155590289,0.9364226470940391,0.0,10
0.0004960803739454372,False,59,time1,0.931644907846338,6,,,time1,TIME1,0.868583321301305,0.9584092280117543,0.0,4
0.00018996976902167103,True,59,excluido,0.9755825594399894,10,,,excluir,EXCLUÍDO,0.6423541060144057,0.0,0.0,11
0.0,False,60,time1,0.0,novo,0.05341215165834157,True,time1,TIME1,0.0,,,12
0.0004195770964491052,False,60,time0,0.9521951335640487,3,,,time0,TIME0,0.9775727440486381,0.9712067066497125,1.0,5
0.00022214612996555812,False,60,goleiro_time1,0.9560279639068943,9,,,goleiro1,GOL-TIME1,0.9761795613462515,0.9588413466132011,1.0,3
0.0005852497747942466,False,60,time0,0.9423861376268321,0,,,time0,TIME0,0.974435978967305,0.9700544168336992,1.0,1
0.0007512273293368871,False,60,time0,0.9326423068877544,2,,,time0,TIME0,0.9705010657638652,0.9661078143382122,1.0,2
0.0009681690026862971,False,60,time1,0.920009428283646,5,,,time1,TIME1,0.9591025342340319,0.9373844756822636,1.0,8
0.0007888955584749042,False,60,time1,0.89777545860163,8,,,time1,TIME1,0.9590146755368737,0.9628481627763934,1.0,6
0.0010954261894005248,False,60,time0,0.8576515602088339,4,,,time0,TIME0,0.945211149983864,0.9586233292179851,1.0,7
0.0016636029985995682,False,60,time0,0.8284751163177836,1,,,time0,TIME0,0.9390740042391438,0.9696601483179184,1.0,9
7.513248242753253e-05,False,60,time1,0.9825060909173271,6,,,time1,TIME1,0.8838339600594657,0.9578871765619685,0.0,4
0.00011574410874269037,False,60,time1,0.9790549967406655,7,,,time1,TIME1,0.8772908178066058,0.9351715987735091,0.0,10
0.0,True,60,excluido,1.0,10,,,excluir,EXCLUÍDO,0.6498704751574852,0.0,0.0,11
0.0,False,61,time1,0.0,novo,0.05341215165834157,True,time1,TIME1,0.0,,,12
8.568992736583221e-05,False,61,time0,0.9849747961474568,3,,,time0,TIME0,0.9879452104061046,0.9712067066497125,1.0,5
7.676753608743745e-05,False,61,goleiro_time1,0.9813752197944886,9,,,goleiro1,GOL-TIME1,0.9838613136417965,0.9588413466132011,1.0,3
0.00030171988289266446,False,61,time0,0.9732098736389011,0,,,time0,TIME0,0.9837975069455763,0.9700544168336992,1.0,1
0.0005451865210439099,False,61,time0,0.9573449366165272,2,,,time0,TIME0,0.9780823366174586,0.9661078143382122,1.0,2
0.0007141972119905572,False,61,time1,0.9371100838552524,5,,,time1,TIME1,0.9644176518590757,0.9373844756822636,1.0,8
0.0006526609231741304,False,61,time1,0.8948776601305105,8,,,time1,TIME1,0.9584579257535014,0.9628481627763934,1.0,6
0.0010282352195208734,False,61,time0,0.8845485142184424,1,,,time0,TIME0,0.9564102965132025,0.9696601483179184,1.0,9
0.0007646770395615623,False,61,time0,0.8933819642919074,4,,,time0,TIME0,0.9563853583769059,0.9586233292179851,1.0,7
0.0001840739189387508,False,61,time1,0.9610805030347079,6,,,time1,TIME1,0.877533175835449,0.9578871765619685,0.0,4
0.00023855440000545173,False,61,time1,0.9310760804070174,7,,,time1,TIME1,0.8628108023364577,0.9351715987735091,0.0,10
0.0,True,61,excluido,1.0,10,,,excluir,EXCLUÍDO,0.65,0.0,0.0,11
0.0,False,62,time1,0.0,novo,0.05341215165834157,True,time1,TIME1,0.0,,,12
0.00010283928323217022,False,62,time0,0.9886819846510257,3,,,time0,TIME0,0.9892135549681244,0.9712067066497125,1.0,5
0.00014548718018167706,False,62,time0,0.9844748416407488,0,,,time0,TIME0,0.9875005599658829,0.9700544168336992,1.0,1
5.34023610596158e-05,False,62,goleiro_time1,0.986850486974996,9,,,goleiro1,GOL-TIME1,0.9856418632841354,0.9588413466132011,1.0,3
0.00036017778202807824,False,62,time0,0.9590424328196032,2,,,time0,TIME0,0.9786815818780249,0.9661078143382122,1.0,2
0.0002321032460472048,False,62,time0,0.9443269457417495,4,,,time0,TIME0,0.9720739544333086,0.9586233292179851,1.0,7
0.00046135771713506733,False,62,time1,0.9606649889881899,5,,,time1,TIME1,0.9719513123596506,0.9373844756822636,1.0,8
0.0010362424114675709,False,62,time0,0.8973901222730405,1,,,time0,TIME0,0.96022662427313,0.9696601483179184,1.0,9
0.0009357646124074057,False,62,time1,0.8706789329265084,8,,,time1,TIME1,0.950846469264098,0.9628481627763934,1.0,6
4.3352357173183615e-05,False,62,time1,0.9785094479891745,7,,,time1,TIME1,0.8771349550908981,0.9351715987735091,0.0,10
0.0005265261394873543,False,62,time1,0.9268428665104819,6,,,time1,TIME1,0.8668078383866943,0.9578871765619685,0.0,4
0.0,True,62,excluido,1.0,10,,,excluir,EXCLUÍDO,0.65,0.0,0.0,11
0.0,False,63,time1,0.0,novo,0.050276788355866686,True,time1,TIME1,0.0,,,12
3.689064771051166e-05,False,63,goleiro_time1,0.9929593117539761,9,,,goleiro1,GOL-TIME1,0.9877976986476159,0.9598534633340152,1.0,3
0.00016693058754174519,False,63,time0,0.9856560261294426,0,,,time0,TIME0,0.987740861031338,0.9694656969425558,1.0,1
5.899797061564954e-05,False,63,time0,0.9884894604788713,4,,,time0,TIME0,0.9851774617210005,0.9554978833589334,1.0,7
0.0003125440406006292,False,63,time0,0.9702081567666103,3,,,time0,TIME0,0.9836999605724157,0.9725929504059159,1.0,5
0.0004896605472277187,False,63,time0,0.9588942027772489,2,,,time0,TIME0,0.9786219033685636,0.9661417865439637,1.0,2
0.00029733749365388145,False,63,time1,0.9654092223406769,5,,,time1,TIME1,0.9740302392142766,0.9403672444478035,1.0,8
0.001555944539418923,False,63,time0,0.8458977068376561,1,,,time0,TIME0,0.9439097945364533,0.9687028015987952,1.0,9
0.0012048107668511938,False,63,time1,0.8315475715452694,8,,,time1,TIME1,0.9388706929525454,0.9627558269551586,1.0,6
0.0003956320250279873,False,63,time1,0.9515449533004519,6,,,time1,TIME1,0.8740145579764519,0.9566655374677757,0.0,4
0.0002405317196219966,False,63,time1,0.9558539091251055,7,,,time1,TIME1,0.8705897959082891,0.936759470456925,0.0,10
0.0,True,63,excluido,1.0,10,,,excluir,EXCLUÍDO,0.65,0.0,0.0,11
0.0,False,64,time1,0.0,novo,0.050276788355866686,True,time1,TIME1,0.0,,,12
8.598584929943938e-05,False,64,time0,0.989679786966505,3,,,time0,TIME0,0.9897752193008402,0.9725929504059159,1.0,5
8.051388722029302e-05,False,64,time0,0.9915669911789623,0,,,time0,TIME0,0.9896480107092585,0.9694656969425558,1.0,1
4.5927310489048584e-05,False,64,goleiro_time1,0.9928294467675844,9,,,goleiro1,GOL-TIME1,0.9877606784031546,0.9598534633340152,1.0,3
0.00010217264716358087,False,64,time0,0.9940136163121476,4,,,time0,TIME0,0.9869271901631205,0.9554978833589334,1.0,7
0.0009352684497962831,False,64,time0,0.9284393420460438,2,,,time0,TIME0,0.9689038044587276,0.9661417865439637,1.0,2
0.0011264042897357455,False,64,time1,0.8994581610621049,5,,,time1,TIME1,0.9532590859854606,0.9403672444478035,1.0,8
0.0018826404262910512,False,64,time0,0.8186788915764622,1,,,time0,TIME0,0.9353845728012469,0.9687028015987952,1.0,9
0.0015616643101171242,False,64,time1,0.7898425237877842,8,,,time1,TIME1,0.9259785978277517,0.9627558269551586,1.0,6
0.0001113904974426762,False,64,time1,0.9835068309747675,7,,,time1,TIME1,0.8789912829152606,0.936759470456925,0.0,10
0.0005075799317394833,False,64,time1,0.9327342857530333,6,,,time1,TIME1,0.8684134510685921,0.9566655374677757,0.0,4
0.0,True,64,excluido,1.0,10,,,excluir,EXCLUÍDO,0.65,0.0,0.0,11
0.0,False,65,time1,0.0,novo,0.050276788355866686,True,time1,TIME1,0.0,,,12
0.00011288698830793609,False,65,time0,0.9925553207972571,3,,,time0,TIME0,0.9907104298166887,0.9725929504059159,1.0,5
2.9537973136725355e-05,False,65,time0,0.9910452209808965,0,,,time0,TIME0,0.989618286684169,0.9694656969425558,1.0,1
4.688465177641924e-06,False,65,time0,0.9925409989114016,4,,,time0,TIME0,0.9865658704104625,0.9554978833589334,1.0,7
7.389085832276623e-05,False,65,goleiro_time1,0.9769976274174562,9,,,goleiro1,GOL-TIME1,0.9829761569259886,0.9598534633340152,1.0,3
0.0005612711692743606,False,65,time0,0.9541631420258626,2,,,time0,TIME0,0.9770163817357211,0.9661417865439637,1.0,2
0.0006192611129982208,False,65,time1,0.9215013149915672,8,,,time1,TIME1,0.965435843854643,0.9627558269551586,1.0,6
0.0005736906571939165,False,65,time1,0.9282166858524663,5,,,time1,TIME1,0.9625659398932828,0.9403672444478035,1.0,8
0.0011708193664699367,False,65,time0,0.8803012887687985,1,,,time0,TIME0,0.9543165689157971,0.9687028015987952,1.0,9
0.0001171189053274359,False,65,time1,0.9820343638897977,7,,,time1,TIME1,0.8785891058142481,0.936759470456925,0.0,10
0.0006402388986359082,False,65,time1,0.9163099922797091,6,,,time1,TIME1,0.8633815653742923,0.9566655374677757,0.0,4
0.0,True,65,excluido,1.0,10,,,excluir,EXCLUÍDO,0.65,0.0,0.0,11
0.0,False,66,time1,0.0,novo,0.04461649267981027,True,time1,TIME1,0.0,,,12
5.9158957119304424e-05,False,66,time0,0.9939706113649864,0,,,time0,TIME0,0.9900430168303137,0.9678598518447166,1.0,1
0.00014908882356116853,False,66,time0,0.985239930464185,3,,,time0,TIME0,0.9886731756145183,0.9733432357872029,1.0,5
3.942439999768972e-05,False,66,goleiro_time1,0.9930624317864323,9,,,goleiro1,GOL-TIME1,0.987650050695283,0.959164344199261,1.0,3
0.00010546936995474658,False,66,time0,0.9846973071045056,4,,,time0,TIME0,0.9834047263105291,0.9526433619989672,1.0,7
0.0005299658958635643,False,66,time0,0.9523728986459218,2,,,time0,TIME0,0.9764877870531087,0.9655261038826468,1.0,2
0.0005647169628029964,False,66,time1,0.9389862007266929,5,,,time1,TIME1,0.9666789087625264,0.9426059297202303,1.0,8
0.0012416891436689075,False,66,time0,0.8710459979780513,1,,,time0,TIME0,0.9521065822154735,0.9680856419215088,1.0,9
0.0002077456062831113,False,66,time1,0.9776472422893445,7,,,time1,TIME1,0.877455659135453,0.9381200832382458,0.0,10
0.000656968507528445,False,66,time1,0.9132309385690004,6,,,time1,TIME1,0.8621963614478882,0.9553486536029183,0.0,4
0.0013552386460401003,False,66,time1,0.8565616228723845,8,,,time1,TIME1,0.8457177036557568,0.9625956144455525,0.0,6
0.0,True,66,excluido,1.0,10,,,excluir,EXCLUÍDO,0.65,0.0,0.0,11
0.0,False,67,time1,0.0,novo,0.04461649267981027,True,time1,TIME1,0.0,,,12
4.154072948791957e-06,False,67,time0,0.99875797396921,0,,,time0,TIME0,0.9915463049904166,0.9678598518447166,1.0,1
4.795814007635844e-05,False,67,goleiro_time1,0.987120544683787,9,,,goleiro1,GOL-TIME1,0.985865559206065,0.959164344199261,1.0,3
0.0003333033726387774,False,67,time0,0.9693639159057664,2,,,time0,TIME0,0.9815487719852966,0.9655261038826468,1.0,2
0.00023037664581963414,False,67,time0,0.9703007556754571,4,,,time0,TIME0,0.9789417311104106,0.9526433619989672,1.0,7
0.0005347386960812731,False,67,time0,0.9504069205626232,3,,,time0,TIME0,0.9777088149994041,0.9733432357872029,1.0,5
0.0003991158678366172,False,67,time1,0.9608088135160748,5,,,time1,TIME1,0.9734132916543577,0.9426059297202303,1.0,8
0.0018277784377769431,False,67,time0,0.7991477808385934,1,,,time0,TIME0,0.929704371753875,0.9680856419215088,1.0,9
0.00015441540568300423,False,67,time1,0.9737116698433569,7,,,time1,TIME1,0.8763241169144721,0.9381200832382458,0.0,10
0.0004182697739208825,False,67,time1,0.9401393740510012,6,,,time1,TIME1,0.8702186722562962,0.9553486536029183,0.0,4
0.0026344174916252926,False,67,time1,0.6960179453848929,8,,,time1,TIME1,0.7959379941243734,0.9625956144455525,0.0,6
0.0,True,67,excluido,1.0,10,,,excluir,EXCLUÍDO,0.65,0.0,0.0,11
0.0,False,68,time1,0.0,novo,0.04461649267981027,True,time1,TIME1,0.0,,,12
0.00018811265976372075,False,68,time0,0.9924445398305585,0,,,time0,TIME0,0.989396227587244,0.9678598518447166,1.0,1
6.794163778310765e-05,False,68,time0,0.9873176328781917,3,,,time0,TIME0,0.989132359956595,0.9733432357872029,1.0,5
3.2979996615868395e-05,False,68,goleiro_time1,0.9947952642877093,9,,,goleiro1,GOL-TIME1,0.9881507095231092,0.959164344199261,1.0,3
0.0002679433087462537,False,68,time0,0.9662945878192699,4,,,time0,TIME0,0.9777753339960312,0.9526433619989672,1.0,7
0.0008838669164667018,False,68,time0,0.929095677034848,2,,,time0,TIME0,0.9688097509496195,0.9655261038826468,1.0,2
0.0005105777584116555,False,68,time1,0.9450389167912451,5,,,time1,TIME1,0.9686136419425943,0.9426059297202303,1.0,8
0.0017874112971103871,False,68,time0,0.8017144414643018,1,,,time0,TIME0,0.9306634091532044,0.9680856419215088,1.0,9
0.00013188004740257312,False,68,time1,0.9855863536719963,7,,,time1,TIME1,0.8799451147517737,0.9381200832382458,0.0,10
0.0004920329959339086,False,68,time1,0.9128301909775117,6,,,time1,TIME1,0.8617635542026172,0.9553486536029183,0.0,4
0.0012208069885549385,False,68,time1,0.8516526030549588,8,,,time1,TIME1,0.8440623942117806,0.9625956144455525,0.0,6
0.0,True,68,excluido,1.0,10,,,excluir,EXCLUÍDO,0.65,0.0,0.0,11
0.0,False,69,time1,0.0,novo,0.04434414008330334,True,time1,TIME1,0.0,,,12
4.2302143142200784e-06,False,69,time0,0.9969759363582261,0,,,time0,TIME0,0.9903746894965403,0.9656665355098537,1.0,1
4.744001351835927e-05,False,69,goleiro_time1,0.9924983843197149,9,,,goleiro1,GOL-TIME1,0.9873349391916291,0.9587334299388028,1.0,3
5.674181319221484e-05,False,69,time0,0.993828835908263,4,,,time0,TIME0,0.9853298587676517,0.9497108263792498,1.0,7
0.0004978911645465414,False,69,time0,0.952481242119583,3,,,time0,TIME0,0.9785049742711355,0.974097504343777,1.0,5
0.0001887592438617532,False,69,time1,0.9671045134315971,7,,,time1,TIME1,0.9742095223175707,0.9378538350253482,1.0,10
0.00036320196416819316,False,69,time1,0.9504526623953252,5,,,time1,TIME1,0.9707793682682747,0.9443285515061974,1.0,8
0.0007879719756185148,False,69,time0,0.9275697218702655,2,,,time0,TIME0,0.9683179753431982,0.96480133052676,1.0,2
0.00146241768429282,False,69,time0,0.8315613635771587,1,,,time0,TIME0,0.9397666410754687,0.9680342885872333,1.0,9
0.00021946905872373575,False,69,time1,0.9067904136058833,6,,,time1,TIME1,0.8600212712957913,0.9535897723522425,0.0,4
0.0011060707545069175,False,69,time1,0.8723703509283747,8,,,time1,TIME1,0.8509554238187715,0.9619292301745832,0.0,6
0.0,True,69,excluido,1.0,10,,,excluir,EXCLUÍDO,0.65,0.0,0.0,11
0.0,False,70,time1,0.0,novo,0.04434414008330334,True,time1,TIME1,0.0,,,12
3.386117354970426e-05,False,70,time0,0.9967050209925088,0,,,time0,TIME0,0.9903718269432046,0.9656665355098537,1.0,1
6.6999827736214565e-06,False,70,goleiro_time1,0.9949351390364601,9,,,goleiro1,GOL-TIME1,0.9881254656553895,0.9587334299388028,1.0,3
0.00010077739274929187,False,70,time0,0.9924885116972465,4,,,time0,TIME0,0.9850439496101376,0.9497108263792498,1.0,7
5.792328772685719e-05,False,70,time1,0.9921252341215743,7,,,time1,TIME1,0.9818852008224147,0.9378538350253482,1.0,10
0.0003964314911330359,False,70,time0,0.960091989489036,3,,,time0,TIME0,0.9810953544972044,0.974097504343777,1.0,5
0.0006798196875159202,False,70,time0,0.9162182125763543,1,,,time0,TIME0,0.9656187728314628,0.9680342885872333,1.0,9
0.000449073633919917,False,70,time1,0.9286667622286416,5,,,time1,TIME1,0.9641199347549195,0.9443285515061974,1.0,8
0.0017536736600605037,False,70,time0,0.8434415225132957,2,,,time0,TIME0,0.9419132885355573,0.96480133052676,1.0,2
0.0006703462285153714,False,70,time1,0.9175167687803257,6,,,time1,TIME1,0.8626568446924614,0.9535897723522425,0.0,4
0.001170415333848773,False,70,time1,0.8236212830127451,8,,,time1,TIME1,0.8358704754608031,0.9619292301745832,0.0,6
0.0,True,70,excluido,1.0,10,,,excluir,EXCLUÍDO,0.65,0.0,0.0,11
0.0,False,71,time1,0.0,novo,0.04434414008330334,True,time1,TIME1,0.0,,,12
1.3481787353096815e-05,False,71,time0,0.9952780414910284,0,,,time0,TIME0,0.989956489249357,0.9656665355098537,1.0,1
3.608119684023793e-05,False,71,goleiro_time1,0.9886406590753484,9,,,goleiro1,GOL-TIME1,0.9862210592175538,0.9587334299388028,1.0,3
0.0004157439105177565,False,71,time0,0.959188480660157,3,,,time0,TIME0,0.9808351998858439,0.974097504343777,1.0,5
2.4323289191192187e-05,False,71,time1,0.9878543265978355,7,,,time1,TIME1,0.9807692453789555,0.9378538350253482,1.0,10
0.00022539203794329175,False,71,time0,0.967757119239746,4,,,time0,TIME0,0.9774164634841852,0.9497108263792498,1.0,7
0.0005923387615161274,False,71,time1,0.9498308692483916,5,,,time1,TIME1,0.9703197838310264,0.9443285515061974,1.0,8
0.0007821430795852908,False,71,time0,0.9249057576751843,2,,,time0,TIME0,0.9671702852692433,0.96480133052676,1.0,2
0.00047831749880538157,False,71,time0,0.9079243581449196,1,,,time0,TIME0,0.9637778784883432,0.9680342885872333,1.0,9
0.00019144455911424097,False,71,time1,0.9611893657277568,6,,,time1,TIME1,0.8762281183738608,0.9535897723522425,0.0,4
0.0017910555049510987,False,71,time1,0.7828322481184169,8,,,time1,TIME1,0.8227873503651348,0.9619292301745832,0.0,6
0.0,True,71,excluido,1.0,10,,,excluir,EXCLUÍDO,0.65,0.0,0.0,11
0.0,False,72,time1,0.0,novo,0.045884795796467426,True,time1,TIME1,0.0,,,12
8.170050792005457e-06,False,72,time0,0.9984391008563149,0,,,time0,TIME0,0.9904081608364258,0.9635836638857891,1.0,1
1.0487788597030551e-05,False,72,goleiro_time1,0.9917764518044719,9,,,goleiro1,GOL-TIME1,0.9870729918385465,0.9582943547609639,1.0,3
0.00011558092806388915,False,72,time0,0.9851595067759568,4,,,time0,TIME0,0.9821901885781165,0.947289220398922,1.0,7
5.7025242278890625e-05,False,72,time1,0.9883476456571527,7,,,time1,TIME1,0.9808241690643076,0.9376158168724462,1.0,10
0.0003359559655104702,False,72,time0,0.9563442579332678,3,,,time0,TIME0,0.9798675636326456,0.9742629525583297,1.0,5
0.00029680467690303125,False,72,time1,0.973348529571774,5,,,time1,TIME1,0.9777228271520075,0.9460415902938575,1.0,8
0.0009930135590864747,False,72,time0,0.896056914005223,1,,,time0,TIME0,0.9596712002061393,0.9684444239665531,1.0,9
0.0013562453792563699,False,72,time0,0.8611978944174292,2,,,time0,TIME0,0.9480135124285098,0.9652798405794312,1.0,2
0.00015997713235520327,False,72,time1,0.9572666347694907,6,,,time1,TIME1,0.8751996365969303,0.9535897723522425,0.0,4
0.0014395483421156944,False,72,time1,0.7957122887350655,8,,,time1,TIME1,0.8270460407495261,0.9608413722247375,0.0,6
0.0,True,72,excluido,1.0,10,,,excluir,EXCLUÍDO,0.65,0.0,0.0,11
0.0,False,73,time1,0.0,novo,0.045884795796467426,True,time1,TIME1,0.0,,,12
8.95589747435753e-05,False,73,time0,0.9903491865498391,0,,,time0,TIME0,0.9878572992256166,0.9635836638857891,1.0,1
7.899374872751683e-05,False,73,goleiro_time1,0.9878712595589373,9,,,goleiro1,GOL-TIME1,0.9858032479193125,0.9582943547609639,1.0,3
8.971201528925808e-05,False,73,time1,0.9908070317527973,7,,,time1,TIME1,0.9814662194348616,0.9376158168724462,1.0,10
0.0002428329400760376,False,73,time0,0.9696241032014175,4,,,time0,TIME0,0.9774019382351314,0.947289220398922,1.0,7
0.0004956534102915304,False,73,time1,0.9551211597947412,5,,,time1,TIME1,0.9723001567103174,0.9460415902938575,1.0,8
0.00075229849266728,False,73,time0,0.9255914280831873,2,,,time0,TIME0,0.9677079019990211,0.9652798405794312,1.0,2
0.0009159096863885297,False,73,time0,0.9099364145212251,3,,,time0,TIME0,0.9652581839082345,0.9742629525583297,1.0,5
0.0010539804784770704,False,73,time0,0.8894478297687628,1,,,time0,TIME0,0.9577304532126726,0.9684444239665531,1.0,9
0.0010751432850802756,False,73,time1,0.8458553819970819,6,,,time1,TIME1,0.8404592324825182,0.9535897723522425,0.0,4
0.0014333242916266388,False,73,time1,0.7914302295604103,8,,,time1,TIME1,0.8262036346405669,0.9608413722247375,0.0,6
0.0,True,73,excluido,1.0,10,,,excluir,EXCLUÍDO,0.65,0.0,0.0,11
0.0,False,74,time1,0.0,novo,0.045884795796467426,True,time1,TIME1,0.0,,,12
0.00016623684770270675,False,74,time0,0.9828846303110365,0,,,time0,TIME0,0.9855574959470487,0.9635836638857891,1.0,1
0.00010597387804128121,False,74,time0,0.9886039125008292,4,,,time0,TIME0,0.9831083179135022,0.947289220398922,1.0,7
0.0005070825515514009,False,74,time0,0.957145504993415,3,,,time0,TIME0,0.9799213796519107,0.9742629525583297,1.0,5
6.924136313842489e-05,False,74,goleiro_time1,0.9673828578583024,9,,,goleiro1,GOL-TIME1,0.9797183346161754,0.9582943547609639,1.0,3
0.00010661318204374148,False,74,time1,0.9849043225398479,7,,,time1,TIME1,0.9796592419026403,0.9376158168724462,1.0,10
0.000822690624571392,False,74,time1,0.9277219811611072,5,,,time1,TIME1,0.9638015802275022,0.9460415902938575,1.0,8
0.0009494499745061774,False,74,time0,0.8970017456740447,2,,,time0,TIME0,0.9594142994657228,0.9652798405794312,1.0,2
0.0012812528864714822,False,74,time0,0.852499900120429,1,,,time0,TIME0,0.9460728977448004,0.9684444239665531,1.0,9
0.0008022337082106367,False,74,time1,0.8907871921331537,6,,,time1,TIME1,0.8546897674221801,0.9535897723522425,0.0,4
0.002075634491600677,False,74,time1,0.7467695831166451,8,,,time1,TIME1,0.8116283744874296,0.9608413722247375,0.0,6
0.0,True,74,excluido,1.0,10,,,excluir,EXCLUÍDO,0.65,0.0,0.0,11
0.0,False,75,time1,0.0,novo,0.04254527273098219,True,time1,TIME1,0.0,,,12
2.7508038103842028e-06,False,75,time0,0.9996871260227845,0,,,time0,TIME0,0.9900937586859025,0.9612169663147536,1.0,1
5.267579737503581e-05,False,75,goleiro_time1,0.9924399654646099,9,,,goleiro1,GOL-TIME1,0.986948474269593,0.9572374451473791,1.0,3
0.00030220529024064206,False,75,time0,0.9657552875690608,3,,,time0,TIME0,0.9827139616273053,0.9740056608805534,1.0,5
4.939674213288068e-05,False,75,time1,0.993592993424603,7,,,time1,TIME1,0.982353608623724,0.9377042087882406,1.0,10
0.000523974504038579,False,75,time0,0.9400897461364447,2,,,time0,TIME0,0.9727665403581872,0.9662293505626642,1.0,2
0.0012797465408427037,False,75,time1,0.8849873528003264,5,,,time1,TIME1,0.9507653520214651,0.9471107346248586,1.0,8
0.0019386615480708985,False,75,time0,0.8172385707565435,1,,,time0,TIME0,0.9341932238805004,0.9682826917941975,1.0,9
3.421791725738194e-05,False,75,time0,0.9927722210526077,4,,,time0,TIME0,0.8837776447277584,0.9442449223216993,0.0,7
0.0006457469631402223,False,75,time1,0.9177631744588587,6,,,time1,TIME1,0.8630021649578588,0.953559573550712,0.0,4
0.0015439299973032507,False,75,time1,0.7919032158642124,8,,,time1,TIME1,0.8256722290923535,0.9601034813550793,0.0,6
0.0,True,75,excluido,1.0,10,,,excluir,EXCLUÍDO,0.65,0.0,0.0,11
0.0,False,76,time1,0.0,novo,0.04254527273098219,True,time1,TIME1,0.0,,,12
1.4021825540212569e-05,False,76,time0,0.9984741586085966,0,,,time0,TIME0,0.9898245970940206,0.9612169663147536,1.0,1
3.53914553463722e-05,False,76,goleiro_time1,0.9951361120927652,9,,,goleiro1,GOL-TIME1,0.9877921704775486,0.9572374451473791,1.0,3
0.0004112518125216573,False,76,time0,0.9706763178567347,3,,,time0,TIME0,0.9840656883197902,0.9740056608805534,1.0,5
2.2942951680047523e-05,False,76,time1,0.9942665791969517,7,,,time1,TIME1,0.9826567429836659,0.9377042087882406,1.0,10
0.000416909258499228,False,76,time0,0.9395555135847836,2,,,time0,TIME0,0.9728768907293922,0.9662293505626642,1.0,2
0.000998133774596716,False,76,time1,0.9070362800057585,5,,,time1,TIME1,0.9577289820323842,0.9471107346248586,1.0,8
0.0012980195299965465,False,76,time0,0.8746774368102339,1,,,time0,TIME0,0.9525066702245536,0.9682826917941975,1.0,9
0.0004602108611036729,False,76,time0,0.9299247717375664,4,,,time0,TIME0,0.8643290355006601,0.9442449223216993,0.0,7
0.0007365353354865925,False,76,time1,0.909636397253353,6,,,time1,TIME1,0.8605283041675515,0.953559573550712,0.0,4
0.001984509408492546,False,76,time1,0.7499404427070164,8,,,time1,TIME1,0.8129029954199185,0.9601034813550793,0.0,6
0.0,True,76,excluido,1.0,10,,,excluir,EXCLUÍDO,0.65,0.0,0.0,11
0.0,False,77,time1,0.0,novo,0.04254527273098219,True,time1,TIME1,0.0,,,12
9.909802436128719e-05,False,77,time0,0.985898844970931,3,,,time0,TIME0,0.9889558533196503,0.9740056608805534,1.0,5
1.7438674664479534e-05,False,77,goleiro_time1,0.9949983060514896,9,,,goleiro1,GOL-TIME1,0.987760498237506,0.9572374451473791,1.0,3
0.00014302541713224776,False,77,time0,0.9824164574008857,0,,,time0,TIME0,0.984803673229454,0.9612169663147536,1.0,1
4.072970591407276e-05,False,77,time1,0.9933196254997735,7,,,time1,TIME1,0.9823727648760966,0.9377042087882406,1.0,10
0.0005873179307252307,False,77,time0,0.9302239252184215,2,,,time0,TIME0,0.9699165317748445,0.9662293505626642,1.0,2
0.00026749737118472326,False,77,time1,0.9216300751623739,5,,,time1,TIME1,0.9624352439530075,0.9471107346248586,1.0,8
0.0016416436937351539,False,77,time0,0.8601963822184068,1,,,time0,TIME0,0.9483700806108238,0.9682826917941975,1.0,9
0.0001102135951631798,False,77,time0,0.9865097764726926,4,,,time0,TIME0,0.881526047699674,0.9442449223216993,0.0,7
0.0008318784095777454,False,77,time1,0.940270570108931,8,,,time1,TIME1,0.8701636330258078,0.9601034813550793,0.0,6
0.001536034720972109,False,77,time1,0.8434171535539594,6,,,time1,TIME1,0.8394687279712212,0.953559573550712,0.0,4
0.0,True,77,excluido,1.0,10,,,excluir,EXCLUÍDO,0.65,0.0,0.0,11
0.0,False,78,time1,0.0,novo,0.03640462782188447,True,time1,TIME1,0.0,,,12
2.916990976824944e-05,False,78,time0,0.9848214794436342,3,,,time0,TIME0,0.988603352171501,0.9730761655301662,1.0,5
2.0439256738678103e-05,False,78,time0,0.9966780383404263,0,,,time0,TIME0,0.9884587757539905,0.9582969063572951,1.0,1
3.0455414205168898e-05,False,78,goleiro_time1,0.9950011634041863,9,,,goleiro1,GOL-TIME1,0.9874688366589518,0.9560922908528269,1.0,3
7.696295718948697e-05,False,78,time1,0.9846170448596445,7,,,time1,TIME1,0.9797781098677188,0.9380802982272229,1.0,10
0.00040958096717237126,False,78,time0,0.9613322380874886,2,,,time0,TIME0,0.9794799382091401,0.9663831120829992,1.0,2
0.0010522633905694983,False,78,time0,0.9034421550018306,1,,,time0,TIME0,0.9617337239032044,0.9684122952138269,1.0,9
0.0012065479447786029,False,78,time1,0.8875899131037036,5,,,time1,TIME1,0.9514670767676522,0.9481628888992575,1.0,8
0.0015624528941280945,False,78,time1,0.8483808130557222,6,,,time1,TIME1,0.8408502153149404,0.9517884453111372,0.0,4
0.0009098453414107024,False,78,time1,0.8144041571573936,8,,,time1,TIME1,0.8331233697977192,0.9601034813550793,0.0,6
0.0018387122788760374,False,78,time0,0.8296921640139876,4,,,time0,TIME0,0.8316019424754587,0.9427700902959905,0.0,7
0.0,True,78,excluido,1.0,10,,,excluir,EXCLUÍDO,0.65,0.0,0.0,11
0.0,False,79,time1,0.0,novo,0.03640462782188447,True,time1,TIME1,0.0,,,12
2.6204746817565344e-05,False,79,time0,0.9969209778847185,3,,,time0,TIME0,0.9922932279856354,0.9730761655301662,1.0,5
1.917856677386144e-05,False,79,time0,0.9984354496239244,0,,,time0,TIME0,0.9890626747105942,0.9582969063572951,1.0,1
5.5565957267918275e-05,False,79,goleiro_time1,0.9917583509874014,9,,,goleiro1,GOL-TIME1,0.9864444336567754,0.9560922908528269,1.0,3
5.087558130299665e-05,False,79,time1,0.9895210783591235,7,,,time1,TIME1,0.9812607014300597,0.9380802982272229,1.0,10
0.0003693879400110681,False,79,time0,0.947369557303334,2,,,time0,TIME0,0.9751348731591064,0.9663831120829992,1.0,2
0.0004767564636781584,False,79,time1,0.9185710925568616,5,,,time1,TIME1,0.9616713165378271,0.9481628888992575,1.0,8
0.0024755003614783506,False,79,time0,0.7835844036098009,1,,,time0,TIME0,0.9239549447236641,0.9684122952138269,1.0,9
4.6847427690185046e-05,False,79,time0,0.9936812301566889,4,,,time0,TIME0,0.8825244053186216,0.9427700902959905,0.0,7
0.0012697697152340202,False,79,time1,0.879149034598829,6,,,time1,TIME1,0.8503094679591765,0.9517884453111372,0.0,4
0.0016920231726717213,False,79,time1,0.7782805935928927,8,,,time1,TIME1,0.8206719234277056,0.9601034813550793,0.0,6
0.0,True,79,excluido,1.0,10,,,excluir,EXCLUÍDO,0.65,0.0,0.0,11
0.0,False,80,time1,0.0,novo,0.03640462782188447,True,time1,TIME1,0.0,,,12
0.00019993733597222275,False,80,time0,0.9777801203909896,3,,,time0,TIME0,0.9863024621039509,0.9730761655301662,1.0,5
6.348321974134983e-05,False,80,goleiro_time1,0.9904119570206352,9,,,goleiro1,GOL-TIME1,0.9860825328906567,0.9560922908528269,1.0,3
0.0001723306301401561,False,80,time0,0.9804548608167485,2,,,time0,TIME0,0.9854131971519694,0.9663831120829992,1.0,2
3.088516179806186e-05,False,80,time1,0.9902607260619168,7,,,time1,TIME1,0.9815239004250472,0.9380802982272229,1.0,10
0.0003439303336116262,False,80,time0,0.963552717004336,0,,,time0,TIME0,0.978101963508397,0.9582969063572951,1.0,1
0.0009520051612210854,False,80,time1,0.8989443286168647,5,,,time1,TIME1,0.9554821705886135,0.9481628888992575,1.0,8
0.0022731019346606453,False,80,time0,0.7788315918478329,1,,,time0,TIME0,0.9234966870694841,0.9684122952138269,1.0,9
0.0006060451775498292,False,80,time1,0.9411090942213777,6,,,time1,TIME1,0.8692013546022765,0.9517884453111372,0.0,4
0.0016336419808847754,False,80,time0,0.8500471217150068,4,,,time0,TIME0,0.8380837364457818,0.9427700902959905,0.0,7
0.0019744921999146955,False,80,time1,0.7645753103182306,8,,,time1,TIME1,0.8172177216323369,0.9601034813550793,0.0,6
0.0,True,80,excluido,1.0,10,,,excluir,EXCLUÍDO,0.65,0.0,0.0,11
0.0,False,81,time1,0.0,novo,0.03300589961920075,True,time1,TIME1,0.0,,,12
2.1569883166768392e-05,False,81,goleiro_time1,0.9965527820876031,9,,,goleiro1,GOL-TIME1,0.9880765314770333,0.9566554951692472,1.0,3
1.969917644372689e-06,False,81,time0,0.997510824337134,0,,,time0,TIME0,0.9879242934053399,0.955630384475038,1.0,1
0.00010400705368446804,False,81,time0,0.9817334034849072,2,,,time0,TIME0,0.9857952717642414,0.9661453088559941,1.0,2
2.6037098519138165e-05,False,81,time1,0.9923668353671764,7,,,time1,TIME1,0.9822912777608497,0.938544295242735,1.0,10
0.0004051460952933831,False,81,time0,0.9567676784829254,3,,,time0,TIME0,0.9795362719924818,0.9721065732400427,1.0,5
0.002549850683881685,False,81,time0,0.7371848939027539,1,,,time0,TIME0,0.9106324712666313,0.9684094971154849,1.0,9
0.002954184452413382,False,81,time1,0.7452664411370487,5,,,time1,TIME1,0.9064828056350399,0.9478326422987842,1.0,8
2.3358078837102762e-05,False,81,time0,0.9976990166228266,4,,,time0,TIME0,0.8833688113793485,0.9407430199497562,0.0,7
0.0013533337468864773,False,81,time1,0.8665830754761283,6,,,time1,TIME1,0.8456978499227962,0.9498550666199609,0.0,4
0.0022295506273146927,False,81,time1,0.6849903012716387,8,,,time1,TIME1,0.7927808502991138,0.9601034813550793,0.0,6
0.0,True,81,excluido,1.0,10,,,excluir,EXCLUÍDO,0.65,0.0,0.0,11
0.0,False,82,time1,0.0,novo,0.03300589961920075,True,time1,TIME1,0.0,,,12
6.044396374481063e-05,False,82,time0,0.9967333202293925,3,,,time0,TIME0,0.991712097379907,0.9721065732400427,1.0,5
1.9948057973208065e-05,False,82,time0,0.9980862560230525,2,,,time0,TIME0,0.9908768693311387,0.9661453088559941,1.0,2
3.6105449292767483e-06,False,82,time0,0.9998306203466575,0,,,time0,TIME0,0.9888523475116143,0.955630384475038,1.0,1
3.421570722836895e-05,False,82,goleiro_time1,0.9971937813521939,9,,,goleiro1,GOL-TIME1,0.9882563024060688,0.9566554951692472,1.0,3
7.273896076177258e-05,False,82,time0,0.9895049487046026,1,,,time0,TIME0,0.9871094636262604,0.9684094971154849,1.0,9
9.394649429361084e-06,False,82,time1,0.9990084316464564,7,,,time1,TIME1,0.9843090879621579,0.938544295242735,1.0,10
0.00014150031320843236,False,82,time1,0.9870421597479574,5,,,time1,TIME1,0.9809989161172737,0.9478326422987842,1.0,8
4.858196119263446e-05,False,82,time1,0.9953129437686856,6,,,time1,TIME1,0.8851219965849394,0.9498550666199609,0.0,4
7.562386985401587e-05,False,82,time1,0.9863821223967649,8,,,time1,TIME1,0.8843996416809496,0.9601034813550793,0.0,6
7.407655149223059e-05,False,82,time0,0.9910650147946936,4,,,time0,TIME0,0.8823749556871869,0.9407430199497562,0.0,7
0.0,True,82,excluido,1.0,10,,,excluir,EXCLUÍDO,0.65,0.0,0.0,11
0.0,False,83,time1,0.0,novo,0.03300589961920075,True,time1,TIME1,0.0,,,12
0.00018049187093845627,False,83,time0,0.9800639301914289,3,,,time0,TIME0,0.9867665613776104,0.9721065732400427,1.0,5
6.155998717631653e-05,False,83,goleiro_time1,0.9900767036203936,9,,,goleiro1,GOL-TIME1,0.9860886941195489,0.9566554951692472,1.0,3
8.5584486469422e-05,False,83,time0,0.9906789295572676,0,,,time0,TIME0,0.9859756681058202,0.955630384475038,1.0,1
1.5903898296612296e-05,False,83,time1,0.9929793834668004,7,,,time1,TIME1,0.9825043692497966,0.938544295242735,1.0,10
0.0008353796028580526,False,83,time0,0.895139337531269,2,,,time0,TIME0,0.958760171690252,0.9661453088559941,1.0,2
0.0013877000595066095,False,83,time1,0.8378809936876563,5,,,time1,TIME1,0.9360403142911274,0.9478326422987842,1.0,8
0.0020564734829841462,False,83,time0,0.7707646235160666,1,,,time0,TIME0,0.9200255031854175,0.9684094971154849,1.0,9
0.0010808444877298397,False,83,time1,0.8697480349965566,6,,,time1,TIME1,0.8466864416004788,0.9498550666199609,0.0,4
0.00187367418955901,False,83,time0,0.8201000220994286,4,,,time0,TIME0,0.8282850090921552,0.9407430199497562,0.0,7
0.009007004455527583,False,83,time1,0.29061486049196456,8,,,time1,TIME1,0.6629042196416048,0.9601034813550793,0.0,6
0.0,True,83,excluido,1.0,10,,,excluir,EXCLUÍDO,0.65,0.0,0.0,11
0.0,False,84,time1,0.0,novo,0.035694253250586394,True,time1,TIME1,0.0,,,12
4.471488365782439e-06,False,84,goleiro_time1,0.9978863432397139,9,,,goleiro1,GOL-TIME1,0.9883083946226896,0.9559631845610403,1.0,3
0.00023320994740511213,False,84,time0,0.9772026316554607,3,,,time0,TIME0,0.9856823116130813,0.971551267771419,1.0,5
4.656662083305552e-05,False,84,time0,0.9855504459383388,0,,,time0,TIME0,0.9836807100651938,0.952355487038835,1.0,1
2.237934037858878e-05,False,84,time1,0.9880128533157957,7,,,time1,TIME1,0.9805819434041784,0.9368408394533823,1.0,10
0.000277447562297411,False,84,time0,0.941220319914899,2,,,time0,TIME0,0.9729454221934314,0.9662123315409845,1.0,2
0.0006596670639303707,False,84,time1,0.9344801141278105,5,,,time1,TIME1,0.9657967503903341,0.9496713671256147,1.0,8
0.001123829418859987,False,84,time0,0.858314212469841,1,,,time0,TIME0,0.9482242034192542,0.9696575806512047,1.0,9
0.00044429682584471553,False,84,time1,0.9475894918632455,6,,,time1,TIME1,0.8701755272323113,0.9470104763970808,0.0,4
0.0006228209529020921,False,84,time0,0.9389038748366039,4,,,time0,TIME0,0.8642390142318428,0.9392510739138358,0.0,7
0.0028791549249959666,False,84,time1,0.5732105859663361,8,,,time1,TIME1,0.7546070137220282,0.9601034813550793,0.0,6
0.0,True,84,excluido,1.0,10,,,excluir,EXCLUÍDO,0.65,0.0,0.0,11
0.0,False,85,time1,0.0,novo,0.035694253250586394,True,time1,TIME1,0.0,,,12
1.9423759504916523e-05,False,85,time0,0.9986276028419949,1,,,time0,TIME0,0.991214352231238,0.9696575806512047,1.0,9
3.8802414759173416e-05,False,85,time0,0.9943947313736737,3,,,time0,TIME0,0.9910120084725629,0.971551267771419,1.0,5
7.02309725933105e-06,False,85,time0,0.9976645842220467,2,,,time0,TIME0,0.9906551825459194,0.9662123315409845,1.0,2
9.120879112777126e-07,False,85,goleiro_time1,0.9998907217446639,9,,,goleiro1,GOL-TIME1,0.9889537192447888,0.9559631845610403,1.0,3
6.273225219981365e-06,False,85,time0,0.9993256429502324,0,,,time0,TIME0,0.9878451152659908,0.952355487038835,1.0,1
1.4568795037833907e-05,False,85,time1,0.9983401765200962,5,,,time1,TIME1,0.9864477262516123,0.9496713671256147,1.0,8
1.5003218530526137e-06,False,85,time1,0.9997520966844995,7,,,time1,TIME1,0.9841186694028657,0.9368408394533823,1.0,10
5.180949691698428e-06,False,85,time1,0.9985883695921927,6,,,time1,TIME1,0.8860185458732601,0.9470104763970808,0.0,4
4.653237648106086e-05,False,85,time1,0.9932202962686703,8,,,time1,TIME1,0.8859909566384823,0.9601034813550793,0.0,6
1.8274645882909122e-05,False,85,time0,0.997187802361965,4,,,time0,TIME0,0.8835202260967163,0.9392510739138358,0.0,7
0.0,True,85,excluido,1.0,10,,,excluir,EXCLUÍDO,0.65,0.0,0.0,11
0.0,False,86,time1,0.0,novo,0.035694253250586394,True,time1,TIME1,0.0,,,12
9.727281783922525e-06,False,86,goleiro_time1,0.9962526881289281,9,,,goleiro1,GOL-TIME1,0.9878516793870337,0.9559631845610403,1.0,3
4.0571091148870835e-05,False,86,time0,0.9976151056073644,0,,,time0,TIME0,0.9873115902960191,0.952355487038835,1.0,1
0.0001715344870055603,False,86,time1,0.9858082149453646,7,,,time1,TIME1,0.9796807989846822,0.9368408394533823,1.0,10
0.0005753990191332767,False,86,time0,0.953848515487748,3,,,time0,TIME0,0.9781362866511922,0.971551267771419,1.0,5
0.000197544568950516,False,86,time0,0.9504490027947339,2,,,time0,TIME0,0.9763739885587475,0.9662123315409845,1.0,2
0.0018275897133481725,False,86,time1,0.8463485257646851,5,,,time1,TIME1,0.9384122119527887,0.9496713671256147,1.0,8
0.0024861547686651684,False,86,time0,0.7420934777186325,1,,,time0,TIME0,0.9110842203992054,0.9696575806512047,1.0,9
0.0008862763998054192,False,86,time1,0.9016878218819055,6,,,time1,TIME1,0.8558461995642292,0.9470104763970808,0.0,4
0.0012269531141185664,False,86,time0,0.8878308753596361,4,,,time0,TIME0,0.8491982033063477,0.9392510739138358,0.0,7
0.003800052415400358,False,86,time1,0.5234810996549843,8,,,time1,TIME1,0.7410440901256776,0.9601034813550793,0.0,6
0.0,True,86,excluido,1.0,10,,,excluir,EXCLUÍDO,0.65,0.0,0.0,11
0.0,False,87,time1,0.0,novo,0.03228778633776741,True,time1,TIME1,0.0,,,12
5.184003859841952e-05,False,87,time0,0.9943879823338432,2,,,time0,TIME0,0.9896922011399649,0.9660892481327433,1.0,2
9.302553049599452e-05,False,87,time0,0.9888508297772676,1,,,time0,TIME0,0.9873348027561099,0.9700884877958628,1.0,9
0.0001238271075382294,False,87,time0,0.982306978935162,3,,,time0,TIME0,0.9868863599972891,0.970915768344923,1.0,5
4.6229069816361514e-05,False,87,goleiro_time1,0.9912524795430656,9,,,goleiro1,GOL-TIME1,0.9861027102034056,0.9552235504432477,1.0,3
4.7100601257718885e-05,False,87,time0,0.9877580433461756,0,,,time0,TIME0,0.9837542702813866,0.9500084123676156,1.0,1
0.00023426292317966788,False,87,time1,0.9751529764419894,5,,,time1,TIME1,0.9786556148742384,0.950289107261984,1.0,8
0.0002745540413847957,False,87,time1,0.9595198671504367,7,,,time1,TIME1,0.9714440585774072,0.9358498467222949,1.0,10
5.3123659595979275e-05,False,87,time1,0.9938001179257778,6,,,time1,TIME1,0.8839769719401391,0.9460783308866456,0.0,4
0.00021429308833520986,False,87,time1,0.9612228391361198,8,,,time1,TIME1,0.8757516204133136,0.9601034813550793,0.0,6
0.0021678576261970634,False,87,time0,0.79917853623744,4,,,time0,TIME0,0.8198499406777726,0.9372907220868463,0.0,7
0.0,True,87,excluido,1.0,10,,,excluir,EXCLUÍDO,0.65,0.0,0.0,11
0.0,False,88,time1,0.0,novo,0.03228778633776741,True,time1,TIME1,0.0,,,12
3.279474418389729e-05,False,88,goleiro_time1,0.9924034758108243,9,,,goleiro1,GOL-TIME1,0.9864443141354482,0.9552235504432477,1.0,3
7.377993198849019e-06,False,88,time0,0.9960869610941206,0,,,time0,TIME0,0.9862874953154874,0.9500084123676156,1.0,1
0.0004203013518106989,False,88,time0,0.973340402771395,3,,,time0,TIME0,0.9840595186648919,0.970915768344923,1.0,5
5.141155614408637e-05,False,88,time1,0.9768649661269277,7,,,time1,TIME1,0.9767531521235896,0.9358498467222949,1.0,10
0.0005690978554367663,False,88,time0,0.9296000011179056,2,,,time0,TIME0,0.9695322619089483,0.9660892481327433,1.0,2
0.0007789930557931423,False,88,time1,0.934421082266568,5,,,time1,TIME1,0.9665095998461897,0.950289107261984,1.0,8
0.0013263974947340929,False,88,time0,0.8623333542910812,1,,,time0,TIME0,0.9490562309689546,0.9700884877958628,1.0,9
0.0006095031468480631,False,88,time0,0.9374448189264643,4,,,time0,TIME0,0.863122868425544,0.9372907220868463,0.0,7
0.001272730050682305,False,88,time1,0.8751369501497485,6,,,time1,TIME1,0.8470027573306357,0.9460783308866456,0.0,4
0.007429047443717002,False,88,time1,0.3983794189267189,8,,,time1,TIME1,0.6976067302660509,0.9601034813550793,0.0,6
0.0,True,88,excluido,1.0,10,,,excluir,EXCLUÍDO,0.65,0.0,0.0,11
0.0,False,89,time1,0.0,novo,0.03228778633776741,True,time1,TIME1,0.0,,,12
6.468654090425545e-05,False,89,time0,0.9929972328499338,0,,,time0,TIME0,0.9852985807708159,0.9500084123676156,1.0,1
0.00011075517593152199,False,89,goleiro_time1,0.9833498499378615,9,,,goleiro1,GOL-TIME1,0.9836562398972658,0.9552235504432477,1.0,3
7.298245078754793e-05,False,89,time1,0.9903468978973374,7,,,time1,TIME1,0.9809784887119813,0.9358498467222949,1.0,10
0.0014844826139584978,False,89,time0,0.905382937542924,3,,,time0,TIME0,0.9622442191117045,0.970915768344923,1.0,5
0.0011466433612854416,False,89,time1,0.8997428059112806,5,,,time1,TIME1,0.956202009882288,0.950289107261984,1.0,8
0.0011239318982541044,False,89,time0,0.8822448295547339,2,,,time0,TIME0,0.954769153475049,0.9660892481327433,1.0,2
0.0032238395982665683,False,89,time0,0.6806601013841638,1,,,time0,TIME0,0.8916181514824499,0.9700884877958628,1.0,9
0.0017011786411562663,False,89,time0,0.8344900951468999,4,,,time0,TIME0,0.8322856303089093,0.9372907220868463,0.0,7
0.0028183491316230522,False,89,time1,0.7635397390501195,6,,,time1,TIME1,0.8119652513328169,0.9460783308866456,0.0,4
0.0042236527158851025,False,89,time1,0.5507477738360812,8,,,time1,TIME1,0.7450544709330826,0.9601034813550793,0.0,6
0.0,True,89,excluido,1.0,10,,,excluir,EXCLUÍDO,0.65,0.0,0.0,11
0.0,False,90,time1,0.0,novo,0.03041028360977749,True,time1,TIME1,0.0,,,12
1.6889566480245196e-05,False,90,time0,0.9975699561319753,3,,,time0,TIME0,0.9908857481675305,0.9705912237708987,1.0,5
1.615763626179938e-05,False,90,time0,0.9980055084839676,2,,,time0,TIME0,0.9898013616959838,0.9646795661880758,1.0,2
4.749153224347123e-05,False,90,time0,0.9922951387633917,1,,,time0,TIME0,0.988512941961384,0.9723827309234263,1.0,9
1.9481231356960893e-06,False,90,goleiro_time1,0.9996178577058582,9,,,goleiro1,GOL-TIME1,0.9884826388338227,0.954693041944993,1.0,3
5.739988341664551e-06,False,90,time0,0.9991362194092966,0,,,time0,TIME0,0.9865365237619366,0.9473911335525346,1.0,1
2.2085179809568005e-05,False,90,time1,0.9962371858899582,5,,,time1,TIME1,0.9855934544683865,0.9501559485598735,1.0,8
1.0880577655955942e-05,False,90,time1,0.9989745743853945,7,,,time1,TIME1,0.9837989296671931,0.9366368288359892,1.0,10
4.281774576462702e-05,False,90,time1,0.993063711793771,8,,,time1,TIME1,0.8846408225897693,0.9585402735098442,0.0,6
3.841533626302047e-05,False,90,time0,0.9953736250428432,4,,,time0,TIME0,0.8811047297391884,0.9346631758955608,0.0,7
0.00040677100247862294,False,90,time1,0.9258309980309477,6,,,time1,TIME1,0.8612761128408553,0.9421693670644931,0.0,4
0.0,True,90,excluido,1.0,10,,,excluir,EXCLUÍDO,0.65,0.0,0.0,11
0.0,False,91,time1,0.0,novo,0.03041028360977749,True,time1,TIME1,0.0,,,12
8.360515024103744e-05,False,91,time0,0.9824007000849364,0,,,time0,TIME0,0.9814326094489492,0.9473911335525346,1.0,1
0.00015128524361501255,False,91,goleiro_time1,0.9681991134310021,9,,,goleiro1,GOL-TIME1,0.9788926897362453,0.954693041944993,1.0,3
0.0006798238475705328,False,91,time0,0.946889771685801,3,,,time0,TIME0,0.9756338570352968,0.9705912237708987,1.0,5
0.0006028699397681378,False,91,time0,0.9222345391961878,2,,,time0,TIME0,0.966889108450405,0.9646795661880758,1.0,2
0.0010253782766494258,False,91,time1,0.9204399530718181,5,,,time1,TIME1,0.9620246347922685,0.9501559485598735,1.0,8
0.0005499338536102093,False,91,time1,0.887742751992678,7,,,time1,TIME1,0.9496039804683079,0.9366368288359892,1.0,10
0.0027844264228752778,False,91,time0,0.7029576067353086,1,,,time0,TIME0,0.8995573810014897,0.9723827309234263,1.0,9
0.00147327289021326,False,91,time0,0.8474141404370876,4,,,time0,TIME0,0.8355245283715432,0.9346631758955608,0.0,7
0.0009494397265667656,False,91,time1,0.74691428664972,6,,,time1,TIME1,0.8078310229930106,0.9421693670644931,0.0,4
0.002248651568801206,False,91,time1,0.7352625508852398,8,,,time1,TIME1,0.8066625788097368,0.9585402735098442,0.0,6
0.0008141007713170521,True,91,excluido,0.8598362754818265,10,,,excluir,EXCLUÍDO,0.6066557223265436,0.0,0.0,11
0.0,False,92,time1,0.0,novo,0.03041028360977749,True,time1,TIME1,0.0,,,12
2.4295365775836544e-05,False,92,goleiro_time1,0.9943402517707319,9,,,goleiro1,GOL-TIME1,0.9868494983606085,0.954693041944993,1.0,3
4.1225805109728695e-05,False,92,time0,0.9928749118554805,0,,,time0,TIME0,0.9846368731965934,0.9473911335525346,1.0,1
0.00032971400649363066,False,92,time0,0.9676324571185297,3,,,time0,TIME0,0.9823687698443145,0.9705912237708987,1.0,5
6.541204555054226e-05,False,92,time1,0.9947278584101308,7,,,time1,TIME1,0.9821279158725607,0.9366368288359892,1.0,10
0.0008420758702780213,False,92,time1,0.9215678284334394,5,,,time1,TIME1,0.9630965891620775,0.9501559485598735,1.0,8
0.0008057240954954255,False,92,time0,0.8947526198143105,2,,,time0,TIME0,0.9579147664932558,0.9646795661880758,1.0,2
0.0010720712369459281,False,92,time0,0.8690088959644711,1,,,time0,TIME0,0.9513298342854264,0.9723827309234263,1.0,9
0.00018704041837039467,False,92,time0,0.9790519795047076,4,,,time0,TIME0,0.8760793197642859,0.9346631758955608,0.0,7
0.000419708721591698,False,92,time1,0.9456485002248859,6,,,time1,TIME1,0.8684905771943772,0.9421693670644931,0.0,4
0.0014356977549802952,False,92,time1,0.8312537390137842,8,,,time1,TIME1,0.836315655714909,0.9585402735098442,0.0,6
3.151868191361636e-06,True,92,excluido,0.9989188710504693,10,,,excluir,EXCLUÍDO,0.6491196446451046,0.0,0.0,11
0.0,False,93,time1,0.0,novo,0.031017262882554797,True,time1,TIME1,0.0,,,12
2.569606440793803e-05,False,93,goleiro_time1,0.9960755543883465,9,,,goleiro1,GOL-TIME1,0.9875022526593705,0.9549478220117237,1.0,3
0.00026718582368013183,False,93,time0,0.9801275433375066,3,,,time0,TIME0,0.9861909713382856,0.9701627196989342,1.0,5
5.6178874094702655e-05,False,93,time0,0.993686007829511,0,,,time0,TIME0,0.9845965243197767,0.9462080022807938,1.0,1
6.642792327710378e-05,False,93,time1,0.9919156429177715,7,,,time1,TIME1,0.9817468178775586,0.9372859126419121,1.0,10
0.001010728999457471,False,93,time1,0.9231685715510143,5,,,time1,TIME1,0.9632148273261868,0.9492310646256378,1.0,8
0.00016035435291706442,False,93,time0,0.8650524523316048,2,,,time0,TIME0,0.9499945801297949,0.9642834542192698,1.0,2
0.001218562588359022,False,93,time0,0.8455010278353072,1,,,time0,TIME0,0.9449968492979367,0.972110558251766,1.0,9
6.812362748931925e-05,False,93,time0,0.9906285312497124,4,,,time0,TIME0,0.8798288332467927,0.9315046538699994,0.0,7
0.0010662912976529633,False,93,time1,0.854424226749219,8,,,time1,TIME1,0.8444394100074504,0.9574329700873072,0.0,6
0.001114843700896589,False,93,time1,0.8476410493956891,6,,,time1,TIME1,0.8377130853358108,0.9396686196542416,0.0,4
1.1517815106896533e-05,True,93,excluido,0.9969394538621268,10,,,excluir,EXCLUÍDO,0.6490656581942601,0.0,0.0,11
0.0,False,94,time1,0.0,novo,0.031017262882554797,True,time1,TIME1,0.0,,,12
2.06529636905381e-05,False,94,goleiro_time1,0.9967914154400949,9,,,goleiro1,GOL-TIME1,0.9877409133924246,0.9549478220117237,1.0,3
0.00026587439182966977,False,94,time0,0.9812023780893886,3,,,time0,TIME0,0.9866275944994475,0.9701627196989342,1.0,5
4.387198033619589e-05,False,94,time0,0.9953135375013871,0,,,time0,TIME0,0.9850406746111618,0.9462080022807938,1.0,1
2.41672268985232e-05,False,94,time1,0.993518471425662,7,,,time1,TIME1,0.9822998917793108,0.9372859126419121,1.0,10
0.0010575466599276075,False,94,time0,0.8806700838192724,1,,,time0,TIME0,0.9561574135306139,0.972110558251766,1.0,9
0.0014895877112214883,False,94,time1,0.9011761519782535,5,,,time1,TIME1,0.955924534495906,0.9492310646256378,1.0,8
0.0012802349921330809,False,94,time0,0.797059972326091,2,,,time0,TIME0,0.9282567234683445,0.9642834542192698,1.0,2
0.0001518395962583394,False,94,time0,0.9832974678695572,4,,,time0,TIME0,0.877580909857645,0.9315046538699994,0.0,7
0.00034322677705834933,False,94,time1,0.9218723125846473,6,,,time1,TIME1,0.8604181561975737,0.9396686196542416,0.0,4
0.0017592647734599514,False,94,time1,0.76359927968686,8,,,time1,TIME1,0.8163233239940481,0.9574329700873072,0.0,6
3.079370401204946e-05,True,94,excluido,0.993005633120857,10,,,excluir,EXCLUÍDO,0.6478453979304111,0.0,0.0,11
0.0,False,95,time1,0.0,novo,0.031017262882554797,True,time1,TIME1,0.0,,,12
1.6338698516811133e-05,False,95,goleiro_time1,0.997453538154725,9,,,goleiro1,GOL-TIME1,0.987936005288353,0.9549478220117237,1.0,3
4.6193912281647e-05,False,95,time0,0.9939371394862001,0,,,time0,TIME0,0.9846421129525205,0.9462080022807938,1.0,1
0.00034609493178430187,False,95,time0,0.9719447378984135,3,,,time0,TIME0,0.9837457544102931,0.9701627196989342,1.0,5
4.4983754931435784e-05,False,95,time1,0.9906803868659302,7,,,time1,TIME1,0.981446287329126,0.9372859126419121,1.0,10
0.0009691838530822988,False,95,time0,0.896268215654968,1,,,time0,TIME0,0.960498725952409,0.972110558251766,1.0,9
0.0007667297728510554,False,95,time0,0.8992122506666699,2,,,time0,TIME0,0.9587663151191761,0.9642834542192698,1.0,2
0.00175316268359637,False,95,time1,0.8743605120601284,5,,,time1,TIME1,0.9478342148961975,0.9492310646256378,1.0,8
0.0009792618390433933,False,95,time1,0.9121432321996529,6,,,time1,TIME1,0.8570485180667446,0.9396686196542416,0.0,4
0.0010276385053458199,False,95,time0,0.8930098762252497,4,,,time0,TIME0,0.8492346784109723,0.9315046538699994,0.0,7
0.001882569603897889,False,95,time1,0.7306584172360004,8,,,time1,TIME1,0.8067551798848873,0.9574329700873072,0.0,6
1.2301968754827537e-05,True,95,excluido,0.9974141472890556,10,,,excluir,EXCLUÍDO,0.6492001913967029,0.0,0.0,11
0.0,False,96,time1,0.0,novo,0.029184411050779735,True,time1,TIME1,0.0,,,12
3.359597958046563e-05,False,96,goleiro_time1,0.9944412541860214,9,,,goleiro1,GOL-TIME1,0.9871747090824526,0.955608658741129,1.0,3
9.462319439675861e-05,False,96,time0,0.9896867611817335,0,,,time0,TIME0,0.982889730929595,0.9444241322907994,1.0,1
3.359023413918653e-05,False,96,time1,0.9953318187391811,7,,,time1,TIME1,0.982540169951052,0.9360573515015255,1.0,10
3.9711193274871645e-05,False,96,time0,0.9602393798143549,3,,,time0,TIME0,0.9803532778198147,0.970110345881734,1.0,5
0.0007321012245932041,False,96,time0,0.9217649435068946,1,,,time0,TIME0,0.9688092611876046,0.9733397134751726,1.0,9
0.0009923382097327667,False,96,time0,0.8682924530159305,2,,,time0,TIME0,0.9502920058578647,0.9638566948439184,1.0,2
0.0022859031329571016,False,96,time1,0.8131635976289809,5,,,time1,TIME1,0.9289907256852278,0.9506147216304599,1.0,8
0.0008196370430209351,False,96,time0,0.9127207245281314,4,,,time0,TIME0,0.8538573827364933,0.9281830477876888,0.0,7
0.001371720680950809,False,96,time1,0.8689834919716894,6,,,time1,TIME1,0.8432775529938964,0.9368394556269118,0.0,4
0.0020331745390697008,False,96,time1,0.7054681139325578,8,,,time1,TIME1,0.7989801066557138,0.9574329700873072,0.0,6
6.202799966179018e-06,True,96,excluido,0.9985992678204285,10,,,excluir,EXCLUÍDO,0.6495657387308191,0.0,0.0,11
0.0,False,97,time1,0.0,novo,0.029184411050779735,True,time1,TIME1,0.0,,,12
2.7584114072070158e-05,False,97,goleiro_time1,0.9952115186086501,9,,,goleiro1,GOL-TIME1,0.9874226558373821,0.955608658741129,1.0,3
5.564809932187879e-05,False,97,time0,0.9819670013384066,3,,,time0,TIME0,0.9870168214821752,0.970110345881734,1.0,5
3.843643538147051e-06,False,97,time0,0.9952218716615968,0,,,time0,TIME0,0.9846038889945808,0.9444241322907994,1.0,1
4.323699809778828e-05,False,97,time1,0.990827827984658,7,,,time1,TIME1,0.981171365211395,0.9360573515015255,1.0,10
0.0005930048775778901,False,97,time0,0.9232456339793551,2,,,time0,TIME0,0.9670621281794106,0.9638566948439184,1.0,2
0.0013270352006667934,False,97,time0,0.8665175022460878,1,,,time0,TIME0,0.9516555782613871,0.9733397134751726,1.0,9
0.0018743048944241916,False,97,time1,0.8355739585140829,5,,,time1,TIME1,0.9360138530423653,0.9506147216304599,1.0,8
0.0008942310330133516,False,97,time0,0.9091482070816492,4,,,time0,TIME0,0.8528116603587171,0.9281830477876888,0.0,7
0.0017207698602985967,False,97,time1,0.8515540599773869,6,,,time1,TIME1,0.8377759871943158,0.9368394556269118,0.0,4
0.00163876209493027,False,97,time1,0.7653765332139824,8,,,time1,TIME1,0.8171469087604216,0.9574329700873072,0.0,6
2.2548807115522344e-05,True,97,excluido,0.9955698978724306,10,,,excluir,EXCLUÍDO,0.6486362744997737,0.0,0.0,11
0.0,False,98,time1,0.0,novo,0.029184411050779735,True,time1,TIME1,0.0,,,12
2.3156060941134277e-05,False,98,goleiro_time1,0.9963397967585178,9,,,goleiro1,GOL-TIME1,0.9877634397800042,0.955608658741129,1.0,3
0.00013187286877174758,False,98,time0,0.9748557745009062,3,,,time0,TIME0,0.9847903068391501,0.970110345881734,1.0,5
1.36447096138714e-05,False,98,time0,0.9951886577515988,0,,,time0,TIME0,0.984638302406299,0.9444241322907994,1.0,1
6.54951642026893e-05,False,98,time1,0.9885915711654779,7,,,time1,TIME1,0.9804581498122673,0.9360573515015255,1.0,10
0.0005386432624618907,False,98,time0,0.9352418682409926,2,,,time0,TIME0,0.970799591040521,0.9638566948439184,1.0,2
0.0012353033583736904,False,98,time0,0.8786455215844704,1,,,time0,TIME0,0.9556072632536413,0.9733397134751726,1.0,9
0.0015295330629362166,False,98,time1,0.8455929348446355,5,,,time1,TIME1,0.9396978720921895,0.9506147216304599,1.0,8
0.0005825518271808008,False,98,time0,0.9349603856533358,4,,,time0,TIME0,0.8610076126856838,0.9281830477876888,0.0,7
0.0012344387772674785,False,98,time1,0.8732317479493059,6,,,time1,TIME1,0.8447145291186786,0.9368394556269118,0.0,4
0.0017863205510838906,False,98,time1,0.7561760162500947,8,,,time1,TIME1,0.8144543856265251,0.9574329700873072,0.0,6
1.0830038699803827e-05,True,98,excluido,0.9978281641281874,10,,,excluir,EXCLUÍDO,0.6493240959733504,0.0,0.0,11
0.0,False,99,time1,0.0,novo,0.035508372555098644,True,time1,TIME1,0.0,,,12
0.00025019458793835585,False,99,time0,0.9845671296019822,3,,,time0,TIME0,0.9873822772539799,0.9699275806817994,1.0,5
8.826481726623053e-05,False,99,goleiro_time1,0.9874579830787863,9,,,goleiro1,GOL-TIME1,0.9851293604977752,0.9560703563424615,1.0,3
5.0606912166185226e-05,False,99,time1,0.9887228739150232,7,,,time1,TIME1,0.9805437291724592,0.9359519385201458,1.0,10
0.00015663891682420403,False,99,time0,0.9832306080621026,0,,,time0,TIME0,0.9804344321803543,0.9428386272504782,1.0,1
0.0005921682500093806,False,99,time1,0.9396138449746864,5,,,time1,TIME1,0.9685142662299195,0.9512438437395478,1.0,8
0.0009533157813535743,False,99,time0,0.8978394363198495,1,,,time0,TIME0,0.9615496232521848,0.9732517544308237,1.0,9
0.003549615504280813,False,99,time0,0.648069719773917,2,,,time0,TIME0,0.8794615266145447,0.9633781541898393,1.0,2
0.00011951773486775501,False,99,time0,0.9842254418791239,4,,,time0,TIME0,0.8760803505982773,0.9255779194749341,0.0,7
0.0008699396624119144,False,99,time1,0.874938591693996,6,,,time1,TIME1,0.8449826185106648,0.9341866557295171,0.0,4
0.0018064164558760623,False,99,time1,0.7651822294612621,8,,,time1,TIME1,0.8169536377595051,0.9562563745761518,0.0,6
3.197324120418545e-05,True,99,excluido,0.9926541597929562,10,,,excluir,EXCLUÍDO,0.647739698898345,0.0,0.0,11
0.0,False,100,time1,0.0,novo,0.035508372555098644,True,time1,TIME1,0.0,,,12
0.0002933820173366319,False,100,time0,0.9835219277799921,3,,,time0,TIME0,0.9872225410408496,0.9699275806817994,1.0,5
3.600649024974292e-05,False,100,goleiro_time1,0.9937797477190701,9,,,goleiro1,GOL-TIME1,0.9870341887750821,0.9560703563424615,1.0,3
2.2775669605940287e-05,False,100,time0,0.9980589191059388,0,,,time0,TIME0,0.9849898794613309,0.9428386272504782,1.0,1
3.7856208435054364e-05,False,100,time1,0.9939174725085352,7,,,time1,TIME1,0.9820803586481563,0.9359519385201458,1.0,10
0.0008272068204448208,False,100,time1,0.9186484813429089,5,,,time1,TIME1,0.9624826091843987,0.9512438437395478,1.0,8
0.000425465197162,False,100,time0,0.9061933944381794,2,,,time0,TIME0,0.9596588475024032,0.9633781541898393,1.0,2
0.0015257909416149871,False,100,time0,0.8619131203097227,1,,,time0,TIME0,0.9501036994713624,0.9732517544308237,1.0,9
0.00025694927368620876,False,100,time0,0.9696637283745054,4,,,time0,TIME0,0.8718084655701928,0.9255779194749341,0.0,7
0.0009426179472551898,False,100,time1,0.8853184209915113,6,,,time1,TIME1,0.8478690622897584,0.9341866557295171,0.0,4
0.0023108606196203013,False,100,time1,0.7424460479064405,8,,,time1,TIME1,0.809348699626257,0.9562563745761518,0.0,6
5.135233481785561e-06,True,100,excluido,0.998863348294102,10,,,excluir,EXCLUÍDO,0.6496360373328126,0.0,0.0,11
0.0,False,101,time1,0.0,novo,0.035508372555098644,True,time1,TIME1,0.0,,,12
5.73841484539813e-05,False,101,goleiro_time1,0.9895130614717145,9,,,goleiro1,GOL-TIME1,0.9857566436443771,0.9560703563424615,1.0,3
2.745513652521028e-05,False,101,time0,0.992550243196765,0,,,time0,TIME0,0.9834285254146958,0.9428386272504782,1.0,1
2.1181122575362372e-05,False,101,time1,0.9950224088640105,7,,,time1,TIME1,0.9824635087071629,0.9359519385201458,1.0,10
0.00032114967162307336,False,101,time0,0.9634947199842181,3,,,time0,TIME0,0.981087010373168,0.9699275806817994,1.0,5
0.00010127120898814817,False,101,time0,0.9624705885679458,2,,,time0,TIME0,0.979136238344884,0.9633781541898393,1.0,2
0.0012148808385620497,False,101,time1,0.8726470702200789,5,,,time1,TIME1,0.9481800249692124,0.9512438437395478,1.0,8
0.001944005696276998,False,101,time0,0.8309112031302209,1,,,time0,TIME0,0.9404839623448876,0.9732517544308237,1.0,9
0.00020568795195340561,False,101,time0,0.9594567983712176,4,,,time0,TIME0,0.8687822723844352,0.9255779194749341,0.0,7
0.0008905115383306252,False,101,time1,0.8923809881575152,6,,,time1,TIME1,0.8503405518709037,0.9341866557295171,0.0,4
0.0021123168385278612,False,101,time1,0.7878354543697782,8,,,time1,TIME1,0.823286448730457,0.9562563745761518,0.0,6
6.3894744899898966e-06,True,101,excluido,0.9979264843511665,10,,,excluir,EXCLUÍDO,0.6493644240631274,0.0,0.0,11
0.0,False,102,time1,0.0,novo,0.03652348753041468,True,time1,TIME1,0.0,,,12
0.00012501399141217758,False,102,goleiro_time1,0.9819744538995991,9,,,goleiro1,GOL-TIME1,0.983883548770549,0.9580475915193531,1.0,3
5.401371786592043e-05,False,102,time0,0.994924537924861,0,,,time0,TIME0,0.9835921279638349,0.9408773945077771,1.0,1
0.0003040730025646174,False,102,time0,0.970168448233341,3,,,time0,TIME0,0.9828974228905534,0.9687952396610239,1.0,5
4.1836001412993505e-05,False,102,time1,0.9936408201763658,7,,,time1,TIME1,0.982265344478881,0.9369020391790339,1.0,10
0.00022050580013882734,False,102,time0,0.9263343492358216,2,,,time0,TIME0,0.9680237911543248,0.9621353047439593,1.0,2
0.0015684375892798007,False,102,time1,0.8477127386941797,5,,,time1,TIME1,0.9403534017364489,0.9518634866373139,1.0,8
0.0019936201310238183,False,102,time0,0.8072747917177976,1,,,time0,TIME0,0.9333654213924366,0.9725516684185387,1.0,9
0.0,False,102,time1,1.0,6,,,time1,TIME1,0.8823540530267375,0.9318448799387609,0.0,4
0.00042411957169191655,False,102,time0,0.949977379934225,4,,,time0,TIME0,0.8654815207777662,0.9249213160668948,0.0,7
0.001422403336550369,False,102,time1,0.8625203049804325,8,,,time1,TIME1,0.8459313216715862,0.9563434864524609,0.0,6
2.4911125200913817e-05,True,102,excluido,0.9955521655048359,10,,,excluir,EXCLUÍDO,0.6486303459729108,0.0,0.0,11
0.0,False,103,time1,0.0,novo,0.03652348753041468,True,time1,TIME1,0.0,,,12
9.616791906595762e-05,False,103,goleiro_time1,0.983481827088338,9,,,goleiro1,GOL-TIME1,0.9843959076194324,0.9580475915193531,1.0,3
0.0002766875913449962,False,103,time0,0.9725644761852488,3,,,time0,TIME0,0.9836670122934378,0.9687952396610239,1.0,5
7.734711540340037e-05,False,103,time1,0.9888548290547833,7,,,time1,TIME1,0.9807568038216149,0.9369020391790339,1.0,10
0.0001244555801789847,False,103,time0,0.9827918161243584,0,,,time0,TIME0,0.979832716255649,0.9408773945077771,1.0,1
0.0009536278869142722,False,103,time1,0.8991046818984515,5,,,time1,TIME1,0.9563625826512953,0.9518634866373139,1.0,8
0.0011389917018110084,False,103,time0,0.8587730524756044,2,,,time0,TIME0,0.9464974297620861,0.9621353047439593,1.0,2
0.002745652481660633,False,103,time0,0.7233774320131245,1,,,time0,TIME0,0.9071078671275042,0.9725516684185387,1.0,9
0.0007941076503132377,False,103,time0,0.9136680930534847,4,,,time0,TIME0,0.8538649351938548,0.9249213160668948,0.0,7
0.0015133952979108941,False,103,time1,0.8504112301852669,8,,,time1,TIME1,0.842692781255925,0.9563434864524609,0.0,6
0.0007302491378402131,False,103,time1,0.8250279546139317,6,,,time1,TIME1,0.8293078463768513,0.9318448799387609,0.0,4
1.332840277850741e-05,True,103,excluido,0.996764959238106,10,,,excluir,EXCLUÍDO,0.648992204733315,0.0,0.0,11
0.0,False,104,time1,0.0,novo,0.03652348753041468,True,time1,TIME1,0.0,,,12
7.232793341463671e-05,False,104,goleiro_time1,0.9851627485115352,9,,,goleiro1,GOL-TIME1,0.984915639171014,0.9580475915193531,1.0,3
8.43212059827924e-05,False,104,time0,0.9962982280985904,0,,,time0,TIME0,0.983940406925033,0.9408773945077771,1.0,1
4.154252414562595e-05,False,104,time1,0.9960500305741188,7,,,time1,TIME1,0.982921820954861,0.9369020391790339,1.0,10
0.0003312472656464581,False,104,time0,0.9678271746798665,3,,,time0,TIME0,0.9818758675783464,0.9687952396610239,1.0,5
0.0007914258355945094,False,104,time1,0.9172464299669284,5,,,time1,TIME1,0.9622286037964178,0.9518634866373139,1.0,8
0.0010979503279029577,False,104,time0,0.8742559937937646,1,,,time0,TIME0,0.9532742615059006,0.9725516684185387,1.0,9
0.003183681474978113,False,104,time0,0.6562700042994929,2,,,time0,TIME0,0.8829431115335643,0.9621353047439593,1.0,2
0.000570354344126917,False,104,time0,0.9381059541938254,4,,,time0,TIME0,0.8614107467725587,0.9249213160668948,0.0,7
0.00023400662322962785,False,104,time1,0.9272651196452494,6,,,time1,TIME1,0.8604653692132025,0.9318448799387609,0.0,4
0.001184842504710309,False,104,time1,0.8722759353713967,8,,,time1,TIME1,0.8494374135677094,0.9563434864524609,0.0,6
1.9439088608594134e-05,True,104,excluido,0.9960589263557845,10,,,excluir,EXCLUÍDO,0.6487955727918054,0.0,0.0,11
0.0,False,105,time1,0.0,novo,0.03666032013989329,True,time1,TIME1,0.0,,,12
1.5499640550542026e-05,False,105,time1,0.9943625960696293,7,,,time1,TIME1,0.9826875274006731,0.937716490248165,1.0,10
0.00020532981944700816,False,105,goleiro_time1,0.967426864395215,9,,,goleiro1,GOL-TIME1,0.9796563828330062,0.9589660966950929,1.0,3
0.0005189230308941937,False,105,time0,0.9523545400532413,3,,,time0,TIME0,0.9769371712632853,0.9674148883707407,1.0,5
0.00016301828447419552,False,105,time0,0.967584422447872,0,,,time0,TIME0,0.9747878871781099,0.9392730925956125,1.0,1
0.0006182464655317124,False,105,time0,0.9279400366524799,1,,,time0,TIME0,0.9704519420309851,0.9718398650722908,1.0,9
0.0010854319118554173,False,105,time1,0.9016165631964641,5,,,time1,TIME1,0.9572115559521551,0.9523499708329692,1.0,8
0.000594689648963654,False,105,time0,0.8451685767621804,2,,,time0,TIME0,0.9410492161909213,0.9624060289882426,1.0,2
8.501802781351036e-05,False,105,time1,0.9758434636312462,6,,,time1,TIME1,0.8750826128892232,0.9303429784748163,0.0,4
0.00039060858151986435,False,105,time0,0.9579509501796036,4,,,time0,TIME0,0.8679737337209115,0.9242933619043572,0.0,7
0.0019158985409482628,False,105,time1,0.7932118495161916,8,,,time1,TIME1,0.8245001016939475,0.9552071227506622,0.0,6
5.959707555379608e-05,True,105,excluido,0.9876768649247324,10,,,excluir,EXCLUÍDO,0.6462090656982481,0.0,0.0,11
0.0,False,106,time1,0.0,novo,0.03666032013989329,True,time1,TIME1,0.0,,,12
0.0001991405713660537,False,106,goleiro_time1,0.9729418657180896,9,,,goleiro1,GOL-TIME1,0.9812546111811582,0.9589660966950929,1.0,3
6.503238349321483e-05,False,106,time1,0.981804185078466,7,,,time1,TIME1,0.9788565978751479,0.937716490248165,1.0,10
0.00011491298563668669,False,106,time0,0.9769603739765439,0,,,time0,TIME0,0.9776124259324708,0.9392730925956125,1.0,1
0.0006833090601532425,False,106,time0,0.9406631388504639,3,,,time0,TIME0,0.9733176438759575,0.9674148883707407,1.0,5
0.0011083630460632533,False,106,time1,0.9001424902037489,5,,,time1,TIME1,0.9570116524563091,0.9523499708329692,1.0,8
0.0012283161915250737,False,106,time0,0.8684858921729448,1,,,time0,TIME0,0.9519724846945317,0.9718398650722908,1.0,9
0.002114619276558862,False,106,time0,0.7769159272986782,2,,,time0,TIME0,0.9199366012064084,0.9624060289882426,1.0,2
0.0005463975535275609,False,106,time0,0.956117459834518,4,,,time0,TIME0,0.8672571258250312,0.9242933619043572,0.0,7
0.0011159972536012623,False,106,time1,0.907914412238258,6,,,time1,TIME1,0.8531661482325029,0.9303429784748163,0.0,4
0.001885245635126058,False,106,time1,0.7758216512819754,8,,,time1,TIME1,0.8197159666864408,0.9552071227506622,0.0,6
2.4576499222619352e-05,True,106,excluido,0.9949258366260714,10,,,excluir,EXCLUÍDO,0.6484213007639893,0.0,0.0,11
0.0,False,107,time1,0.0,novo,0.03666032013989329,True,time1,TIME1,0.0,,,12
8.199198760022244e-05,False,107,time1,0.9886740185263173,7,,,time1,TIME1,0.9809153462023289,0.937716490248165,1.0,10
0.00014027713032136984,False,107,time0,0.9848056557512571,0,,,time0,TIME0,0.9801012134555003,0.9392730925956125,1.0,1
0.0004000920601641449,False,107,time0,0.9554536542677693,1,,,time0,TIME0,0.9786324657086225,0.9718398650722908,1.0,9
0.0002478791116874104,False,107,goleiro_time1,0.961679722860608,9,,,goleiro1,GOL-TIME1,0.9779511494379332,0.9589660966950929,1.0,3
0.0009134716914560034,False,107,time0,0.9245803079800881,3,,,time0,TIME0,0.9682389422481559,0.9674148883707407,1.0,5
0.0009104645807595125,False,107,time0,0.9069199289066003,2,,,time0,TIME0,0.9610169534696644,0.9624060289882426,1.0,2
0.0012019040047891408,False,107,time1,0.8890135707815925,5,,,time1,TIME1,0.9534941755222947,0.9523499708329692,1.0,8
0.00011049023879492331,False,107,time1,0.9752546439623068,6,,,time1,TIME1,0.8743162038000831,0.9303429784748163,0.0,4
0.0005587251651190245,False,107,time0,0.9431665168996121,4,,,time0,TIME0,0.8631447885992948,0.9242933619043572,0.0,7
0.001852388103288624,False,107,time1,0.7485030646102548,8,,,time1,TIME1,0.8115812945676117,0.9552071227506622,0.0,6
9.360690446966382e-06,True,107,excluido,0.997633952669511,10,,,excluir,EXCLUÍDO,0.6492708382874934,0.0,0.0,11
0.0,False,108,time1,0.0,novo,0.031658339999480756,True,time1,TIME1,0.0,,,12
8.976482134834318e-05,False,108,time0,0.9900122128030762,0,,,time0,TIME0,0.9810783717385304,0.9372432902188783,1.0,1
0.00012836932911917414,False,108,goleiro_time1,0.9665715132415713,9,,,goleiro1,GOL-TIME1,0.9796969646884619,0.9599473704565171,1.0,3
8.86749758214732e-05,False,108,time1,0.9825318402001902,7,,,time1,TIME1,0.9785866580913295,0.9358364324846566,1.0,10
0.0013615029780335763,False,108,time0,0.9038579957647469,3,,,time0,TIME0,0.961010992127188,0.9657320132714882,1.0,5
0.000981607906915454,False,108,time0,0.9058240526806041,2,,,time0,TIME0,0.9609974062171847,0.9636420947667764,1.0,2
0.0009877148670868747,False,108,time1,0.8959832733297834,5,,,time1,TIME1,0.9559985784613073,0.9529912014236729,1.0,8
0.0011541367357550993,False,108,time0,0.8762992805745069,1,,,time0,TIME0,0.9543942487286796,0.9722802546865035,1.0,9
0.0004290339405973899,False,108,time0,0.9471392699881368,4,,,time0,TIME0,0.864473831436258,0.9238881922534254,0.0,7
0.00033085233948630644,False,108,time1,0.9400591626756098,6,,,time1,TIME1,0.8640203834294893,0.9298406100159924,0.0,4
0.00115575509846418,False,108,time1,0.8196828324716199,8,,,time1,TIME1,0.8329846778173614,0.9552071227506622,0.0,6
1.730993928543295e-06,True,108,excluido,0.9975826765403341,10,,,excluir,EXCLUÍDO,0.6492660936325213,0.0,0.0,11
0.0,False,109,time1,0.0,novo,0.031658339999480756,True,time1,TIME1,0.0,,,12
7.784849076588216e-05,False,109,time0,0.9908530996115684,0,,,time0,TIME0,0.9814189591274677,0.9372432902188783,1.0,1
9.089602644256672e-05,False,109,time1,0.9857097112296964,7,,,time1,TIME1,0.9794899766066404,0.9358364324846566,1.0,10
0.000979260520001687,False,109,time0,0.9562219459155847,3,,,time0,TIME0,0.9769969025640145,0.9657320132714882,1.0,5
0.000301301695939343,False,109,goleiro_time1,0.9546316151579167,9,,,goleiro1,GOL-TIME1,0.9759837555167412,0.9599473704565171,1.0,3
0.0008655486740358528,False,109,time0,0.9116730902420616,2,,,time0,TIME0,0.9633714043037913,0.9636420947667764,1.0,2
0.0009762340295385856,False,109,time1,0.9151918803359197,5,,,time1,TIME1,0.9615494477279324,0.9529912014236729,1.0,8
0.0015465587459594806,False,109,time0,0.8307564670769716,1,,,time0,TIME0,0.9403976237698682,0.9722802546865035,1.0,9
0.0,False,109,time1,1.0,8,,,time1,TIME1,0.8880137658478037,0.9552071227506622,0.0,6
0.0002528627302824729,False,109,time1,0.9683881979617895,6,,,time1,TIME1,0.8725754825294406,0.9298406100159924,0.0,4
0.0002877904219796375,False,109,time0,0.9714773110337175,4,,,time0,TIME0,0.8719746383094662,0.9238881922534254,0.0,7
1.3963814656701618e-05,True,109,excluido,0.9975673074789028,10,,,excluir,EXCLUÍDO,0.6492472476317306,0.0,0.0,11
0.0,False,110,time1,0.0,novo,0.031658339999480756,True,time1,TIME1,0.0,,,12
0.0001289682121031874,False,110,time0,0.9880770446365503,0,,,time0,TIME0,0.9804811473676839,0.9372432902188783,1.0,1
0.0002217292366877565,False,110,goleiro_time1,0.969223457964166,9,,,goleiro1,GOL-TIME1,0.9803387125947975,0.9599473704565171,1.0,3
0.00012116786872563091,False,110,time1,0.9782213668090445,7,,,time1,TIME1,0.9772421442738626,0.9358364324846566,1.0,10
0.0005586884856131102,False,110,time1,0.9494042767720964,5,,,time1,TIME1,0.9722708080866013,0.9529912014236729,1.0,8
0.000721224457414101,False,110,time0,0.9141636003231837,2,,,time0,TIME0,0.9640222031532244,0.9636420947667764,1.0,2
0.0010920269174582284,False,110,time0,0.9032393099583823,3,,,time0,TIME0,0.9608629383150628,0.9657320132714882,1.0,5
0.0012471430767308834,False,110,time0,0.856897464856968,1,,,time0,TIME0,0.9486720747425109,0.9722802546865035,1.0,9
0.00019919375157639207,False,110,time0,0.9775333737271386,4,,,time0,TIME0,0.8739888144537191,0.9238881922534254,0.0,7
0.0002669550674800612,False,110,time1,0.9574262075231041,6,,,time1,TIME1,0.8690979876661241,0.9298406100159924,0.0,4
0.0033797805644647477,False,110,time1,0.5581561081008181,8,,,time1,TIME1,0.7508716894926262,0.9552071227506622,0.0,6
1.7445073285065204e-05,True,110,excluido,0.9968964997045474,10,,,excluir,EXCLUÍDO,0.6490506988261108,0.0,0.0,11
0.0,False,111,time1,0.0,novo,0.030291288461098076,True,time1,TIME1,0.0,,,12
7.287480303289807e-05,False,111,time1,0.9896867406849039,7,,,time1,TIME1,0.9813718707456988,0.9382615103035167,1.0,10
0.00013278686320957833,False,111,time0,0.9858842037192641,0,,,time0,TIME0,0.979363452137927,0.9349897347330869,1.0,1
0.0003302764002181296,False,111,goleiro_time1,0.9531369433725846,9,,,goleiro1,GOL-TIME1,0.975424992298934,0.9603499402472995,1.0,3
0.0007469681943990983,False,111,time0,0.9185134508719974,3,,,time0,TIME0,0.9650574071534036,0.9642762120823847,1.0,5
0.0011787118017881721,False,111,time0,0.8784936063984733,2,,,time0,TIME0,0.952914475845391,0.9643964315546759,1.0,2
0.0015777529662050675,False,111,time1,0.8714500158382538,5,,,time1,TIME1,0.9472926241652561,0.9519884428456042,1.0,8
0.0017890465029674122,False,111,time0,0.8021177107538792,1,,,time0,TIME0,0.931708396473654,0.9723103753921842,1.0,9
0.00010896982761564051,False,111,time1,0.9749483482580299,6,,,time1,TIME1,0.8748695279362819,0.9308746052261896,0.0,4
0.000239856116606422,False,111,time0,0.9773015245861763,4,,,time0,TIME0,0.8737611861619641,0.9237527313659533,0.0,7
0.0028321093747048524,False,111,time1,0.6789629509632561,8,,,time1,TIME1,0.788667916706117,0.9536738084258403,0.0,6
2.1922263890340086e-05,True,111,excluido,0.995947913015271,10,,,excluir,EXCLUÍDO,0.6487381905554428,0.0,0.0,11
0.0,False,112,time1,0.0,novo,0.030291288461098076,True,time1,TIME1,0.0,,,12
0.00014711118686729037,False,112,time0,0.9937264360347847,0,,,time0,TIME0,0.9815746303084701,0.9349897347330869,1.0,1
0.00030237080460861627,False,112,goleiro_time1,0.9658506174027122,9,,,goleiro1,GOL-TIME1,0.9793963007868346,0.9603499402472995,1.0,3
9.085963230625239e-05,False,112,time1,0.9715428228394727,7,,,time1,TIME1,0.975931616445023,0.9382615103035167,1.0,10
0.000515211754855946,False,112,time0,0.9494021685637135,3,,,time0,TIME0,0.9752503502961373,0.9642762120823847,1.0,5
0.0011337610926564112,False,112,time0,0.8945832724829914,2,,,time0,TIME0,0.9574557263509326,0.9643964315546759,1.0,2
0.0014046282349083421,False,112,time1,0.8868817603447758,5,,,time1,TIME1,0.9526500134614606,0.9519884428456042,1.0,8
0.001659661397586423,False,112,time0,0.8087342002772079,1,,,time0,TIME0,0.9340866660134348,0.9723103753921842,1.0,9
0.0001315760463385139,False,112,time0,0.9741831319379158,4,,,time0,TIME0,0.8729622854055452,0.9237527313659533,0.0,7
0.0002758527394095531,False,112,time1,0.941482399927547,6,,,time1,TIME1,0.8647794629336019,0.9308746052261896,0.0,4
0.0006529367550879006,False,112,time1,0.80429204617589,8,,,time1,TIME1,0.8269842995426253,0.9536738084258403,0.0,6
1.9915337177799836e-05,True,112,excluido,0.9964346399115249,10,,,excluir,EXCLUÍDO,0.6488839321948585,0.0,0.0,11
0.0,False,113,time1,0.0,novo,0.030291288461098076,True,time1,TIME1,0.0,,,12
0.00012483280074084585,False,113,goleiro_time1,0.9805410203828916,9,,,goleiro1,GOL-TIME1,0.9839552528071465,0.9603499402472995,1.0,3
0.0001330349698813263,False,113,time0,0.9892747422072992,0,,,time0,TIME0,0.980343519815999,0.9349897347330869,1.0,1
0.00010172546665890398,False,113,time1,0.9847448007491968,7,,,time1,TIME1,0.9798538355902492,0.9382615103035167,1.0,10
0.0006511210941789572,False,113,time0,0.9431650680314406,3,,,time0,TIME0,0.9732794487557154,0.9642762120823847,1.0,5
0.0015866699925349832,False,113,time0,0.8901646491093788,2,,,time0,TIME0,0.9562044066331111,0.9643964315546759,1.0,2
0.0019893352747727532,False,113,time1,0.8438594943486505,5,,,time1,TIME1,0.9389075066451995,0.9519884428456042,1.0,8
0.001764835593910069,False,113,time0,0.7755873887591,1,,,time0,TIME0,0.9240025272248349,0.9723103753921842,1.0,9
0.0002114136076069124,False,113,time1,0.9636534805417257,6,,,time1,TIME1,0.8714630629672893,0.9308746052261896,0.0,4
0.0004978687915699048,False,113,time0,0.9495866779134935,4,,,time0,TIME0,0.865079618357586,0.9237527313659533,0.0,7
0.001341476678057607,False,113,time1,0.7807919589072118,8,,,time1,TIME1,0.8201737859697285,0.9536738084258403,0.0,6
5.3040490211458915e-06,True,113,excluido,0.9975317601443453,10,,,excluir,EXCLUÍDO,0.6492420426375656,0.0,0.0,11
0.0,False,114,time1,0.0,novo,0.03188629519437458,True,time1,TIME1,0.0,,,12
0.00028225635713399413,False,114,time0,0.9746037180653582,2,,,time0,TIME0,0.9825273865750809,0.9652056722231925,1.0,2
0.0004392221680057205,False,114,time0,0.9694086652063153,3,,,time0,TIME0,0.9809178012729947,0.9627105913080158,1.0,5
0.00014791079248636563,False,114,time1,0.9738004363884749,7,,,time1,TIME1,0.9768778815120159,0.9397181952375424,1.0,10
0.0002313524576543619,False,114,time0,0.9749804693508092,0,,,time0,TIME0,0.9754097004903127,0.9330454184922854,1.0,1
0.00032554527664510765,False,114,goleiro_time1,0.9363250994724046,9,,,goleiro1,GOL-TIME1,0.9705252690395977,0.9603956570121099,1.0,3
0.0012398371076482897,False,114,time0,0.8268142161524064,1,,,time0,TIME0,0.9393031825575158,0.9710087000435155,1.0,9
0.0,False,114,time1,1.0,8,,,time1,TIME1,0.8875038089168753,0.9536738084258403,0.0,6
0.0006573037470513793,False,114,time0,0.9263065679045009,4,,,time0,TIME0,0.8577291323921079,0.9227307062773958,0.0,7
0.0004308595957838784,False,114,time1,0.9115987087038696,6,,,time1,TIME1,0.8561058405423471,0.933271600412677,0.0,4
0.002754104495056648,False,114,time1,0.7889605439476851,5,,,time1,TIME1,0.8214043840529694,0.9509818507930468,0.0,8
4.842418034081907e-05,True,114,excluido,0.9918324947529343,10,,,excluir,EXCLUÍDO,0.6474691138872757,0.0,0.0,11
0.0,False,115,time1,0.0,novo,0.03188629519437458,True,time1,TIME1,0.0,,,12
0.0001417686747802305,False,115,time0,0.9787663939272623,3,,,time0,TIME0,0.983873276757989,0.9627105913080158,1.0,5
0.00042775411501550957,False,115,time0,0.968420773215117,2,,,time0,TIME0,0.9813131477513767,0.9652056722231925,1.0,2
0.00018929005668385707,False,115,goleiro_time1,0.9621561907654828,9,,,goleiro1,GOL-TIME1,0.9784807636118856,0.9603956570121099,1.0,3
0.00013226965934661901,False,115,time0,0.9838450506773673,0,,,time0,TIME0,0.9781491031173731,0.9330454184922854,1.0,1
0.00027100934509436206,False,115,time1,0.963850416963932,7,,,time1,TIME1,0.9737192216763414,0.9397181952375424,1.0,10
0.0006300406769500325,False,115,time0,0.9122368576673701,1,,,time0,TIME0,0.9654053786162378,0.9710087000435155,1.0,9
0.0,False,115,time1,1.0,8,,,time1,TIME1,0.8884184521064601,0.9536738084258403,0.0,6
0.0012426842084393122,False,115,time0,0.8647143511415752,4,,,time0,TIME0,0.8385230176046662,0.9227307062773958,0.0,7
0.0021367059196803232,False,115,time1,0.8175162135396362,5,,,time1,TIME1,0.8306367682912934,0.9509818507930468,0.0,8
0.002370704933053952,False,115,time1,0.7750210263951416,6,,,time1,TIME1,0.8121750929768895,0.933271600412677,0.0,4
6.746235002766241e-05,True,115,excluido,0.987198701192224,10,,,excluir,EXCLUÍDO,0.6460286065857594,0.0,0.0,11
0.0,False,116,time1,0.0,novo,0.03188629519437458,True,time1,TIME1,0.0,,,12
0.00022550889996524685,False,116,time0,0.9700266912739194,2,,,time0,TIME0,0.9819532238633556,0.9652056722231925,1.0,2
9.170648878953362e-05,False,116,time1,0.9873646426899021,7,,,time1,TIME1,0.9808184037760025,0.9397181952375424,1.0,10
0.0003129644090460036,False,116,time0,0.967816101598884,3,,,time0,TIME0,0.9805475238914817,0.9627105913080158,1.0,5
0.0003036746519692662,False,116,goleiro_time1,0.9691739441746198,9,,,goleiro1,GOL-TIME1,0.9804859770815587,0.9603956570121099,1.0,3
0.0004187255028304647,False,116,time0,0.9534258156257287,0,,,time0,TIME0,0.9685809638610382,0.9330454184922854,1.0,1
0.00045556098542653164,False,116,time0,0.9134966176390128,1,,,time0,TIME0,0.966188160684024,0.9710087000435155,1.0,9
0.0,False,116,time1,1.0,8,,,time1,TIME1,0.8884184521064601,0.9536738084258403,0.0,6
0.0003551309255296656,False,116,time0,0.9557752641939341,4,,,time0,TIME0,0.8664838678877446,0.9227307062773958,0.0,7
0.0014415676935035395,False,116,time1,0.8138394393198694,6,,,time1,TIME1,0.8238217414526634,0.933271600412677,0.0,4
0.0025013848300669524,False,116,time1,0.7613384471875415,5,,,time1,TIME1,0.8136101294497328,0.9509818507930468,0.0,8
2.6037564622818093e-05,True,116,excluido,0.9941135139359255,10,,,excluir,EXCLUÍDO,0.6481484661563017,0.0,0.0,11
0.0,False,117,time1,0.0,novo,0.02959110728811687,True,time1,TIME1,0.0,,,12
0.00015011543118468839,False,117,time0,0.9853052185201834,2,,,time0,TIME0,0.9869222167064627,0.9661051149962823,1.0,2
0.0002148492927101631,False,117,time1,0.970018733069215,7,,,time1,TIME1,0.975955846849278,0.9413000126801504,1.0,10
4.0575593647003466e-05,False,117,time0,0.9770229650496475,0,,,time0,TIME0,0.9757844113860844,0.9319156451382237,1.0,1
0.00029730819570828604,False,117,goleiro_time1,0.9518947040074901,9,,,goleiro1,GOL-TIME1,0.9753518313480584,0.9603386153642304,1.0,3
0.0005755804888326616,False,117,time0,0.9447402459215548,3,,,time0,TIME0,0.9726202147921784,0.9603629234165688,1.0,5
0.0007273747430323415,False,117,time0,0.8971849114974543,1,,,time0,TIME0,0.9606620206157613,0.970293966970573,1.0,9
0.0,False,117,time1,1.0,8,,,time1,TIME1,0.8884184521064601,0.9536738084258403,0.0,6
0.0003867727321389161,False,117,time0,0.9522184210280541,4,,,time0,TIME0,0.8660825388500045,0.9236653369612106,0.0,7
0.001694058555489537,False,117,time1,0.8117997001465144,5,,,time1,TIME1,0.8292178268637549,0.9515453449317779,0.0,8
0.002741070333701881,False,117,time1,0.7395759932057048,6,,,time1,TIME1,0.8000963248173351,0.9342228819410913,0.0,4
2.9738794065760693e-06,True,117,excluido,0.9960716930608592,10,,,excluir,EXCLUÍDO,0.6487998715475773,0.0,0.0,11
0.0,False,118,time1,0.0,novo,0.02959110728811687,True,time1,TIME1,0.0,,,12
0.0001403809541233803,False,118,time0,0.9607036725793676,2,,,time0,TIME0,0.979556293639608,0.9661051149962823,1.0,2
0.0002018178962697427,False,118,time1,0.9730097136220164,7,,,time1,TIME1,0.9770064186769961,0.9413000126801504,1.0,10
0.0003206656847815489,False,118,time0,0.965373181038916,0,,,time0,TIME0,0.9720602054209202,0.9319156451382237,1.0,1
0.0005078297886781109,False,118,goleiro_time1,0.9374238448750593,9,,,goleiro1,GOL-TIME1,0.9706663924714471,0.9603386153642304,1.0,3
0.0006127196807816412,False,118,time0,0.9198777339332618,1,,,time0,TIME0,0.967737091804039,0.970293966970573,1.0,9
0.0003488979461429046,False,118,time0,0.90629812098706,3,,,time0,TIME0,0.9611749902403074,0.9603629234165688,1.0,5
0.0,False,118,time1,1.0,8,,,time1,TIME1,0.8884184521064601,0.9536738084258403,0.0,6
0.0004250531488258509,False,118,time0,0.9497446931188316,4,,,time0,TIME0,0.8653740937210697,0.9236653369612106,0.0,7
0.0016451590413476187,False,118,time1,0.8160985788601707,5,,,time1,TIME1,0.8308949585294512,0.9515453449317779,0.0,8
0.001968112096645291,False,118,time1,0.8160939351735165,6,,,time1,TIME1,0.8233998192095764,0.9342228819410913,0.0,4
6.001287412210455e-06,True,118,excluido,0.9988097935662011,10,,,excluir,EXCLUÍDO,0.6496314040610015,0.0,0.0,11
0.0,False,119,time1,0.0,novo,0.02959110728811687,True,time1,TIME1,0.0,,,12
0.0002856958598483376,False,119,goleiro_time1,0.964025331902085,9,,,goleiro1,GOL-TIME1,0.9788543314613672,0.9603386153642304,1.0,3
0.0004314149630746718,False,119,time0,0.9582741366037214,2,,,time0,TIME0,0.9783860062408335,0.9661051149962823,1.0,2
0.00027185845282670955,False,119,time0,0.9760422843661599,0,,,time0,TIME0,0.9753433878886457,0.9319156451382237,1.0,1
0.0003226314881493489,False,119,time1,0.9581224186718029,7,,,time1,TIME1,0.972350533246625,0.9413000126801504,1.0,10
0.0004290265844032577,False,119,time0,0.9244357307330289,3,,,time0,TIME0,0.96674065915445,0.9603629234165688,1.0,5
0.0011429156479582363,False,119,time0,0.8665662780350035,1,,,time0,TIME0,0.9509988344233887,0.970293966970573,1.0,9
0.0,False,119,time1,1.0,8,,,time1,TIME1,0.8884184521064601,0.9536738084258403,0.0,6
0.0004325842935474494,False,119,time0,0.9492613050714979,4,,,time0,TIME0,0.8650606328733789,0.9236653369612106,0.0,7
0.0006001304930733118,False,119,time1,0.8860686036371931,6,,,time1,TIME1,0.8478922527334882,0.9342228819410913,0.0,4
0.0025633795873411212,False,119,time1,0.7427755870086777,5,,,time1,TIME1,0.8074762419936832,0.9515453449317779,0.0,8
2.3348425417690937e-05,True,119,excluido,0.9962639645371583,10,,,excluir,EXCLUÍDO,0.6488399989057786,0.0,0.0,11
0.0,False,120,time1,0.0,novo,0.032338317765435165,True,time1,TIME1,0.0,,,12
0.0003831155114444466,False,120,goleiro_time1,0.951569624145752,9,,,goleiro1,GOL-TIME1,0.9753196440398672,0.9611505177577029,1.0,3
0.00026907806510661,False,120,time0,0.9715685864908971,0,,,time0,TIME0,0.97370177220638,0.9308170413367309,1.0,1
0.0003215608828750626,False,120,time0,0.9413595027573809,2,,,time0,TIME0,0.9735978941062178,0.9662802737324614,1.0,2
0.0007011031864352665,False,120,time0,0.9213910691793938,1,,,time0,TIME0,0.9678044179154679,0.9699167833140799,1.0,9
0.0006389873309859701,False,120,time0,0.9285091681135004,3,,,time0,TIME0,0.9676396738904639,0.9600445985816686,1.0,5
0.00048796923136579587,False,120,time1,0.9377212374871259,7,,,time1,TIME1,0.966446143205209,0.9431034499319868,1.0,10
0.0,False,120,time1,1.0,8,,,time1,TIME1,0.8884184521064601,0.9536738084258403,0.0,6
0.0008954640326146526,False,120,time0,0.9157082770612914,4,,,time0,TIME0,0.8549485657239648,0.9255621842866112,0.0,7
0.0013357966815400932,False,120,time1,0.8472650723413406,5,,,time1,TIME1,0.8399824539944406,0.951648543790805,0.0,8
0.0028996053476129362,False,120,time1,0.7755188430977681,6,,,time1,TIME1,0.8127227225744205,0.9373121361535255,0.0,4
5.355886012631138e-06,True,120,excluido,0.9977072733015745,10,,,excluir,EXCLUÍDO,0.6492949874091454,0.0,0.0,11
0.0,False,121,time1,0.0,novo,0.032338317765435165,True,time1,TIME1,0.0,,,12
0.0007029976347199844,False,121,time0,0.9413580381476454,2,,,time0,TIME0,0.9730733477034168,0.9662802737324614,1.0,2
0.000859993580621466,False,121,time0,0.9317272305249598,3,,,time0,TIME0,0.9684968553375437,0.9600445985816686,1.0,5
0.00044598012599165294,False,121,goleiro_time1,0.9245165209363907,9,,,goleiro1,GOL-TIME1,0.9670337288497397,0.9611505177577029,1.0,3
0.0007996409795394679,False,121,time1,0.8865982829153035,7,,,time1,TIME1,0.9508015503231758,0.9431034499319868,1.0,10
0.0013562437558204234,False,121,time0,0.8541705541921123,1,,,time0,TIME0,0.9470250695937407,0.9699167833140799,1.0,9
0.0010555856507690866,False,121,time0,0.8863824483956556,0,,,time0,TIME0,0.9467604534892106,0.9308170413367309,1.0,1
0.0,False,121,time1,1.0,8,,,time1,TIME1,0.8884184521064601,0.9536738084258403,0.0,6
0.0012492335549061306,False,121,time0,0.8786685557371601,4,,,time0,TIME0,0.843600923273828,0.9255621842866112,0.0,7
0.0037188704716050224,False,121,time1,0.7231712110438829,5,,,time1,TIME1,0.799440375185165,0.951648543790805,0.0,8
0.0037702781942841497,False,121,time1,0.6075736222852631,6,,,time1,TIME1,0.7586551244531834,0.9373121361535255,0.0,4
0.0,True,121,excluido,1.0,10,,,excluir,EXCLUÍDO,0.6499963482595368,0.0,0.0,11
0.0,False,122,time1,0.0,novo,0.032338317765435165,True,time1,TIME1,0.0,,,12
0.00021411166936819817,False,122,goleiro_time1,0.9643262816937685,9,,,goleiro1,GOL-TIME1,0.9790439154113533,0.9611505177577029,1.0,3
0.0012226204679718288,False,122,time0,0.922975732310996,3,,,time0,TIME0,0.9654179299769416,0.9600445985816686,1.0,5
0.0011173650998508623,False,122,time0,0.8768402436218452,1,,,time0,TIME0,0.9543524854157587,0.9699167833140799,1.0,9
0.0008310166694844399,False,122,time1,0.8918855134575152,7,,,time1,TIME1,0.9522828337341892,0.9431034499319868,1.0,10
0.000986128668702482,False,122,time0,0.8968939936802469,0,,,time0,TIME0,0.9505065507987346,0.9308170413367309,1.0,1
0.0016409749395899782,False,122,time0,0.8657224239957476,2,,,time0,TIME0,0.9491482113829333,0.9662802737324614,1.0,2
0.0,False,122,time1,1.0,8,,,time1,TIME1,0.8884184521064601,0.9536738084258403,0.0,6
0.0,False,122,time1,1.0,5,,,time1,TIME1,0.8853765424443342,0.951648543790805,0.0,8
0.0008417233310157829,False,122,time0,0.9320889632589293,4,,,time0,TIME0,0.859911340739713,0.9255621842866112,0.0,7
0.004141969130382325,False,122,time1,0.6099928941668246,6,,,time1,TIME1,0.7583156706267211,0.9373121361535255,0.0,4
0.00025136538964995984,True,122,excluido,0.9381792982027244,10,,,excluir,EXCLUÍDO,0.6310538899772833,0.0,0.0,11
0.0,False,123,time1,0.0,novo,0.03613508950662503,True,time1,TIME1,0.0,,,12
0.00017831523651020917,False,123,goleiro_time1,0.9747822950654431,9,,,goleiro1,GOL-TIME1,0.9824056306715321,0.9606672753918248,1.0,3
0.0003233952640297631,False,123,time0,0.9697778434587117,0,,,time0,TIME0,0.9731467906710627,0.9318383143799718,1.0,1
0.0011225820112646617,False,123,time0,0.9193535180436064,3,,,time0,TIME0,0.9650099695115681,0.9615826967808289,1.0,5
0.0004908217605207642,False,123,time1,0.9183162508638549,7,,,time1,TIME1,0.9604151503279682,0.9434296870223744,1.0,10
0.0014023651651990418,False,123,time0,0.8424659756773248,1,,,time0,TIME0,0.9434135256732031,0.9686967116196501,1.0,9
0.0020410137053959447,False,123,time0,0.8404660241535592,2,,,time0,TIME0,0.941553482221614,0.9670306600901868,1.0,2
0.0,False,123,time1,1.0,8,,,time1,TIME1,0.8884184521064601,0.9536738084258403,0.0,6
0.0,False,123,time1,1.0,5,,,time1,TIME1,0.8878047769603475,0.9512191078413902,0.0,8
0.0,False,123,time1,1.0,6,,,time1,TIME1,0.8823309648221912,0.940620138735262,0.0,4
0.0007298797046976574,False,123,time0,0.9264917082666666,4,,,time0,TIME0,0.8589979398822014,0.927353757276747,0.0,7
3.6483516451108503e-06,True,123,excluido,0.9985000007779953,10,,,excluir,EXCLUÍDO,0.6493743361540483,0.0,0.0,11
0.0,False,124,time1,0.0,novo,0.03613508950662503,True,time1,TIME1,0.0,,,12
0.00017490175950338167,False,124,goleiro_time1,0.9745412637020039,9,,,goleiro1,GOL-TIME1,0.9822595088156724,0.9606672753918248,1.0,3
0.00022666978349786574,False,124,time0,0.9724670125417396,0,,,time0,TIME0,0.9743749760571164,0.9318383143799718,1.0,1
0.001088125192090517,False,124,time0,0.9230092762116364,3,,,time0,TIME0,0.9654999943781917,0.9615826967808289,1.0,5
0.0007658000006451204,False,124,time1,0.9031451725876517,7,,,time1,TIME1,0.955813293273505,0.9434296870223744,1.0,10
0.0020138201386460538,False,124,time0,0.8524705165596911,2,,,time0,TIME0,0.9455501896290304,0.9670306600901868,1.0,2
0.001505667844270713,False,124,time0,0.8221774403831043,1,,,time0,TIME0,0.9373114163446731,0.9686967116196501,1.0,9
0.0,False,124,time1,1.0,8,,,time1,TIME1,0.8884184521064601,0.9536738084258403,0.0,6
0.0004950926653691646,False,124,time0,0.954798045427964,4,,,time0,TIME0,0.8676085073090476,0.927353757276747,0.0,7
0.0018250141322191877,False,124,time1,0.7796483393441379,6,,,time1,TIME1,0.8161461049130717,0.940620138735262,0.0,4
0.002233411969713237,False,124,time1,0.705036763950989,5,,,time1,TIME1,0.7957626507392823,0.9512191078413902,0.0,8
1.003552137923444e-05,True,124,excluido,0.9980499832089839,10,,,excluir,EXCLUÍDO,0.6493985721248975,0.0,0.0,11
0.0,False,125,time1,0.0,novo,0.03613508950662503,True,time1,TIME1,0.0,,,12
0.0,False,125,time1,1.0,7,,,time1,TIME1,0.9853352853915173,0.9434296870223744,1.0,10
8.383876013710767e-05,False,125,goleiro_time1,0.9835382728591179,9,,,goleiro1,GOL-TIME1,0.9850747467858635,0.9606672753918248,1.0,3
0.001040438283135823,False,125,time0,0.9207858034322599,2,,,time0,TIME0,0.9662842876931782,0.9670306600901868,1.0,2
0.001274950505198012,False,125,time0,0.9125163446943512,3,,,time0,TIME0,0.9621760322637428,0.9615826967808289,1.0,5
0.0017043309479052146,False,125,time0,0.796026192585504,1,,,time0,TIME0,0.9291630562344851,0.9686967116196501,1.0,9
0.0024016009484091323,False,125,time0,0.7855847398667308,0,,,time0,TIME0,0.9147292709271946,0.9318383143799718,1.0,1
0.0,False,125,time1,1.0,8,,,time1,TIME1,0.8884184521064601,0.9536738084258403,0.0,6
0.0003281618241655528,False,125,time0,0.9636407001370173,4,,,time0,TIME0,0.8704507728383593,0.927353757276747,0.0,7
0.0008101548580521743,False,125,time1,0.924590125099593,6,,,time1,TIME1,0.8610260741708529,0.940620138735262,0.0,4
0.0038982276749647757,False,125,time1,0.6767621823137913,5,,,time1,TIME1,0.7859288521138887,0.9512191078413902,0.0,8
1.084973792182742e-05,True,125,excluido,0.9981029813183087,10,,,excluir,EXCLUÍDO,0.6494158096379135,0.0,0.0,11
0.0,False,126,time1,0.0,novo,0.03925114197220436,True,time1,TIME1,0.0,,,12
6.070522912588987e-05,False,126,goleiro_time1,0.9915976206407792,9,,,goleiro1,GOL-TIME1,0.9873031472062845,0.9597475756773193,1.0,3
0.00047580746390273314,False,126,time0,0.9636849009343036,2,,,time0,TIME0,0.9803494026153213,0.9683008629752143,1.0,2
0.0002042605332144283,False,126,time0,0.9507643807289404,3,,,time0,TIME0,0.9753526826578831,0.9642063583802485,1.0,5
0.0006807217598460195,False,126,time0,0.907944358991211,1,,,time0,TIME0,0.9630131145313409,0.9678082022412049,1.0,9
0.0010243826030905412,False,126,time1,0.8692960103387707,7,,,time1,TIME1,0.9451136525817875,0.9438181963039283,1.0,10
0.0013783840737928627,False,126,time0,0.8651866236644333,0,,,time0,TIME0,0.9386954226906747,0.9318788748341302,1.0,1
0.0,False,126,time1,1.0,5,,,time1,TIME1,0.8849542658100156,0.9504485932626932,0.0,8
0.0007004446294971293,False,126,time0,0.922899431249249,4,,,time0,TIME0,0.8580925258949303,0.9284588086089876,0.0,7
0.000913644993243283,False,126,time1,0.9034371209653598,6,,,time1,TIME1,0.856105158385513,0.944217564763614,0.0,4
9.950856975087647e-06,True,126,excluido,0.9978950251418945,10,,,excluir,EXCLUÍDO,0.6493455106539441,0.0,0.0,11
0.01776926457808172,False,126,time1,0.0,8,,,time1,TIME1,0.5597170677350507,0.9519454091643592,0.0,6
0.0,False,127,time1,0.0,novo,0.03925114197220436,True,time1,TIME1,0.0,,,12
0.00012453429145619908,False,127,goleiro_time1,0.9735740479034709,9,,,goleiro1,GOL-TIME1,0.9817779466723395,0.9597475756773193,1.0,3
0.0007043921154655802,False,127,time0,0.9070091394616484,1,,,time0,TIME0,0.9632291141966446,0.9678082022412049,1.0,9
0.0002794025850358793,False,127,time1,0.9248936499479034,7,,,time1,TIME1,0.9625878897386081,0.9438181963039283,1.0,10
0.001633157994043251,False,127,time0,0.8927528698981547,3,,,time0,TIME0,0.956410855533242,0.9642063583802485,1.0,5
0.0011458712145634286,False,127,time0,0.8991504410559868,0,,,time0,TIME0,0.9514720006037981,0.9318788748341302,1.0,1
0.002000051981314015,False,127,time0,0.8238890302853272,2,,,time0,TIME0,0.9358965307598176,0.9683008629752143,1.0,2
0.0,False,127,time1,1.0,5,,,time1,TIME1,0.8876121483156734,0.9504485932626932,0.0,8
0.0005405397907739148,False,127,time1,0.9341117450261119,6,,,time1,TIME1,0.8655342277982199,0.944217564763614,0.0,4
0.0014775552098456586,False,127,time0,0.8434078654082672,4,,,time0,TIME0,0.8332044797636737,0.9284588086089876,0.0,7
0.0013511760990489474,False,127,time1,0.8406863443372943,8,,,time1,TIME1,0.8273067554955482,0.9519454091643592,0.0,6
0.0,True,127,excluido,1.0,10,,,excluir,EXCLUÍDO,0.6499932153247897,0.0,0.0,11
0.0,False,128,time1,0.0,novo,0.03925114197220436,True,time1,TIME1,0.0,,,12
8.119016878136085e-05,False,128,goleiro_time1,0.9877179370564784,9,,,goleiro1,GOL-TIME1,0.9860450674375852,0.9597475756773193,1.0,3
0.0006858719581888961,False,128,time0,0.9169613742461387,1,,,time0,TIME0,0.9663016227425016,0.9678082022412049,1.0,9
0.0005437966569442867,False,128,time1,0.93303050224306,7,,,time1,TIME1,0.9650972236033254,0.9438181963039283,1.0,10
0.0011064743812690945,False,128,time0,0.916132551647518,3,,,time0,TIME0,0.9644848968800528,0.9642063583802485,1.0,5
0.0011876429317178722,False,128,time0,0.8904333541566111,0,,,time0,TIME0,0.9474294647192938,0.9318788748341302,1.0,1
0.0011237473338799467,False,128,time0,0.8461239923621491,2,,,time0,TIME0,0.9441135868594038,0.9683008629752143,1.0,2
0.0007595536279118016,False,128,time1,0.9119517533472885,6,,,time1,TIME1,0.8587998572932729,0.944217564763614,0.0,4
0.0007177511162067495,False,128,time1,0.8825939155441876,8,,,time1,TIME1,0.8513564105459291,0.9519454091643592,0.0,6
0.0010479414996859059,False,128,time1,0.8814143030781457,5,,,time1,TIME1,0.8503692595805259,0.9504485932626932,0.0,8
0.0011847613329129883,False,128,time0,0.8535683630134617,4,,,time0,TIME0,0.8363770904769292,0.9284588086089876,0.0,7
0.0,True,128,excluido,1.0,10,,,excluir,EXCLUÍDO,0.65,0.0,0.0,11
0.0,False,129,time1,0.0,novo,0.04103370951796648,True,time1,TIME1,0.0,,,12
7.078171848197125e-05,False,129,goleiro_time1,0.978738439909574,9,,,goleiro1,GOL-TIME1,0.9833538205358193,0.9594633807169328,1.0,3
0.0007632245209808822,False,129,time0,0.9205303022017794,2,,,time0,TIME0,0.9673409128135685,0.9693465288538421,1.0,2
0.0005402676115910239,False,129,time0,0.9209800802434243,1,,,time0,TIME0,0.9673188520362256,0.9670484011561007,1.0,9
0.0005937077238779405,False,129,time1,0.927759886227448,7,,,time1,TIME1,0.9638328826410395,0.9444294632065495,1.0,10
0.000992349167925405,False,129,time0,0.8991403315938653,3,,,time0,TIME0,0.9598232103298966,0.9648019559840775,1.0,5
0.001123008264665342,False,129,time0,0.89105854610496,0,,,time0,TIME0,0.9491864532733428,0.9319463583823769,1.0,1
0.0003139433662878776,False,129,time1,0.943896216867362,6,,,time1,TIME1,0.8689674999204181,0.9469187978934195,0.0,4
0.0007825923654834608,False,129,time1,0.9308844807902913,5,,,time1,TIME1,0.8654978828781502,0.9497942509161829,0.0,8
0.0016671634980242927,False,129,time1,0.8714023081330975,8,,,time1,TIME1,0.8461773436495699,0.9497364761610453,0.0,6
0.0014847619464060278,False,129,time0,0.8671630330157792,4,,,time0,TIME0,0.8393572388388086,0.9280779662300733,0.0,7
0.0,True,129,excluido,1.0,10,,,excluir,EXCLUÍDO,0.65,0.0,0.0,11
0.0,False,130,time1,0.0,novo,0.04103370951796648,True,time1,TIME1,0.0,,,12
9.569663434240448e-05,False,130,goleiro_time1,0.9866022465800611,9,,,goleiro1,GOL-TIME1,0.9856817245537065,0.9594633807169328,1.0,3
0.0004942867816188903,False,130,time0,0.9403261246177581,1,,,time0,TIME0,0.9733105745772374,0.9670484011561007,1.0,9
0.0005917822781131209,False,130,time0,0.9273755037134525,2,,,time0,TIME0,0.9693758065209069,0.9693465288538421,1.0,2
0.00048390450288259,False,130,time0,0.94881232763903,0,,,time0,TIME0,0.9661060169198773,0.9319463583823769,1.0,1
0.002358692115838973,False,130,time0,0.834715269424973,3,,,time0,TIME0,0.9384750611783613,0.9648019559840775,1.0,5
0.001377006892786571,False,130,time1,0.8214436174072371,7,,,time1,TIME1,0.9306517623623741,0.9444294632065495,1.0,10
0.00013988685885647073,False,130,time1,0.978817928267709,6,,,time1,TIME1,0.879993537437977,0.9469187978934195,0.0,4
0.0010839414961918631,False,130,time1,0.8995316104404764,5,,,time1,TIME1,0.8560324087440501,0.9497942509161829,0.0,8
0.0011919524439023732,False,130,time1,0.8876916837247488,8,,,time1,TIME1,0.8522238864591766,0.9497364761610453,0.0,6
0.0010741565404190961,False,130,time0,0.8851635227809335,4,,,time0,TIME0,0.8462609501677169,0.9280779662300733,0.0,7
0.0,True,130,excluido,1.0,10,,,excluir,EXCLUÍDO,0.65,0.0,0.0,11
0.0,False,131,time1,0.0,novo,0.04103370951796648,True,time1,TIME1,0.0,,,12
8.494379366824194e-05,False,131,goleiro_time1,0.9818263159682725,9,,,goleiro1,GOL-TIME1,0.9842532377613314,0.9594633807169328,1.0,3
8.452651355609371e-05,False,131,time0,0.9916749808059844,0,,,time0,TIME0,0.9801145545356926,0.9319463583823769,1.0,1
0.0003921146227544027,False,131,time0,0.9534780194158355,2,,,time0,TIME0,0.9777689075790023,0.9693465288538421,1.0,2
0.0007254912022078887,False,131,time0,0.9149743753586498,1,,,time0,TIME0,0.9654256804268785,0.9670484011561007,1.0,9
5.139408518302243e-05,False,131,time0,0.9063022002190134,3,,,time0,TIME0,0.9614231783384234,0.9648019559840775,1.0,5
0.000861790622749399,False,131,time1,0.908778687856676,7,,,time1,TIME1,0.9575856694868693,0.9444294632065495,1.0,10
0.0,False,131,time1,1.0,5,,,time1,TIME1,0.8867095117089149,0.9497942509161829,0.0,8
0.0006594060458696115,False,131,time1,0.9491637764085051,6,,,time1,TIME1,0.8705102925741613,0.9469187978934195,0.0,4
0.0006589739075136255,False,131,time1,0.9206820300304714,8,,,time1,TIME1,0.8625416779720765,0.9497364761610453,0.0,6
0.0005965727839291202,False,131,time0,0.9115609985353171,4,,,time0,TIME0,0.8543990541512511,0.9280779662300733,0.0,7
0.0,True,131,excluido,1.0,10,,,excluir,EXCLUÍDO,0.65,0.0,0.0,11
0.0,False,132,time1,0.0,novo,0.04240076594947828,True,time1,TIME1,0.0,,,12
2.234645153219391e-05,False,132,time0,0.967677811186473,2,,,time0,TIME0,0.9826760364936377,0.9706747716955084,1.0,2
0.0001673534291903192,False,132,goleiro_time1,0.9729181437479917,9,,,goleiro1,GOL-TIME1,0.9811193882232663,0.9580561124839283,1.0,3
0.00036890283705733046,False,132,time0,0.9630468723209685,3,,,time0,TIME0,0.9796000941824963,0.9651952721718967,1.0,5
0.0006005703934824166,False,132,time1,0.9303711218751071,7,,,time1,TIME1,0.9642695980576845,0.9454364392030437,1.0,10
0.0006128971426235336,False,132,time0,0.9363166123372748,0,,,time0,TIME0,0.9628290591252587,0.9318252830211812,1.0,1
0.0009022308180335436,False,132,time0,0.8996441538330238,1,,,time0,TIME0,0.9606584069827987,0.9669501056008171,1.0,9
0.0,False,132,time1,1.0,5,,,time1,TIME1,0.8871336202319806,0.9485344809279221,0.0,8
0.0004791358119871206,False,132,time1,0.943972980334807,8,,,time1,TIME1,0.8695841684700085,0.948615054229734,0.0,6
0.0007749870246658739,False,132,time1,0.9064803603694187,6,,,time1,TIME1,0.8578581250658677,0.9481485352863059,0.0,4
0.0008366599357636661,False,132,time0,0.9117338058218061,4,,,time0,TIME0,0.8544876400716317,0.9292083697765863,0.0,7
0.0,True,132,excluido,1.0,10,,,excluir,EXCLUÍDO,0.65,0.0,0.0,11
0.0,False,133,time1,0.0,novo,0.04240076594947828,True,time1,TIME1,0.0,,,12
0.00011252715626703222,False,133,time0,0.9778287313879764,2,,,time0,TIME0,0.9858257730027052,0.9706747716955084,1.0,2
4.918047002539442e-05,False,133,time0,0.9915183927616282,0,,,time0,TIME0,0.97995147686305,0.9318252830211812,1.0,1
0.0002728232050040524,False,133,goleiro_time1,0.9589188347389422,9,,,goleiro1,GOL-TIME1,0.9766607796339348,0.9580561124839283,1.0,3
0.0006231865303842751,False,133,time1,0.9198763985041174,7,,,time1,TIME1,0.9613724688454846,0.9454364392030437,1.0,10
0.0009453748458864398,False,133,time0,0.900701059940016,1,,,time0,TIME0,0.9609977624910258,0.9669501056008171,1.0,9
0.0014209237776147065,False,133,time0,0.8820943240128873,3,,,time0,TIME0,0.9538229936144348,0.9651952721718967,1.0,5
0.0,False,133,time1,1.0,5,,,time1,TIME1,0.8871336202319806,0.9485344809279221,0.0,8
0.00028577216133781903,False,133,time1,0.960202231000849,6,,,time1,TIME1,0.8744902317000323,0.9481485352863059,0.0,4
0.0009043251518691636,False,133,time1,0.8899230714655735,8,,,time1,TIME1,0.8529831115177116,0.948615054229734,0.0,6
0.0024197073324489743,False,133,time0,0.8540064614941031,4,,,time0,TIME0,0.8352118744529542,0.9292083697765863,0.0,7
0.0,True,133,excluido,1.0,10,,,excluir,EXCLUÍDO,0.65,0.0,0.0,11
0.0,False,134,time1,0.0,novo,0.04240076594947828,True,time1,TIME1,0.0,,,12
0.00016700395923666708,False,134,time0,0.9797290823406605,2,,,time0,TIME0,0.9862758804120847,0.9706747716955084,1.0,2
0.00019553517379093614,False,134,goleiro_time1,0.9774039473643413,9,,,goleiro1,GOL-TIME1,0.9822447002793728,0.9580561124839283,1.0,3
4.025447674849356e-05,False,134,time0,0.995942835180625,0,,,time0,TIME0,0.9816812072842366,0.9318252830211812,1.0,1
0.0013256971850527086,False,134,time0,0.8644222484114679,1,,,time0,TIME0,0.9495853441586192,0.9669501056008171,1.0,9
0.0014607808549998488,False,134,time1,0.8564164261759486,7,,,time1,TIME1,0.941384781646289,0.9454364392030437,1.0,10
0.00256007589519017,False,134,time0,0.787541839266365,3,,,time0,TIME0,0.923328225587273,0.9651952721718967,1.0,5
0.0,False,134,time1,1.0,5,,,time1,TIME1,0.8871336202319806,0.9485344809279221,0.0,8
0.00020005440092367113,False,134,time1,0.96154158353598,6,,,time1,TIME1,0.874993998738796,0.9481485352863059,0.0,4
0.00016396472226476786,False,134,time0,0.9441617788811381,4,,,time0,TIME0,0.863664782287948,0.9292083697765863,0.0,7
0.0006920843909644602,False,134,time1,0.9185381352608493,8,,,time1,TIME1,0.8619207431539959,0.948615054229734,0.0,6
0.0,True,134,excluido,1.0,10,,,excluir,EXCLUÍDO,0.65,0.0,0.0,11
0.0,False,135,time1,0.0,novo,0.045757163063467554,True,time1,TIME1,0.0,,,12
0.00028720603577130196,False,135,time0,0.9630299997616125,2,,,time0,TIME0,0.9814986399557903,0.9719411580862648,1.0,2
0.0001482894335546799,False,135,time0,0.9884090782621454,0,,,time0,TIME0,0.9790309142295762,0.9309431578297828,1.0,1
0.00017901789256385953,False,135,goleiro_time1,0.966394375224822,9,,,goleiro1,GOL-TIME1,0.978876121000258,0.9569015431550851,1.0,3
0.0024294913750390213,False,135,time0,0.8777152160674736,3,,,time0,TIME0,0.9495125115881641,0.9661497199757332,1.0,5
0.0014099241873597825,False,135,time0,0.8524154505358981,1,,,time0,TIME0,0.9455621386026914,0.9650815377039981,1.0,9
0.001259830533046344,False,135,time1,0.867896026207039,7,,,time1,TIME1,0.9452625464813356,0.9461395652079592,1.0,10
0.0,False,135,time1,1.0,5,,,time1,TIME1,0.8869585834691998,0.9478343338767989,0.0,8
0.00048703392933116844,False,135,time1,0.9414555863965655,8,,,time1,TIME1,0.8686460042467583,0.9479889800942732,0.0,6
0.0005982141284033175,False,135,time1,0.9160708619346798,6,,,time1,TIME1,0.8612097524626048,0.9493685858938998,0.0,4
0.001072320637293196,False,135,time0,0.9061225493568652,4,,,time0,TIME0,0.8526528325083024,0.9303252389594712,0.0,7
0.00017694400387468975,True,135,excluido,0.9780462165323536,10,,,excluir,EXCLUÍDO,0.64313236313536,0.0,0.0,11
0.0,False,136,time1,0.0,novo,0.045757163063467554,True,time1,TIME1,0.0,,,12
0.00012092228598945589,False,136,goleiro_time1,0.9845864120633332,9,,,goleiro1,GOL-TIME1,0.9843651417728019,0.9569015431550851,1.0,3
0.00012610174422864788,False,136,time0,0.9655944937842007,2,,,time0,TIME0,0.9824272053026389,0.9719411580862648,1.0,2
5.54113249940224e-05,False,136,time0,0.9936286209437521,0,,,time0,TIME0,0.9806784703572942,0.9309431578297828,1.0,1
0.0002355261592754708,False,136,time0,0.9112001634862864,3,,,time0,TIME0,0.9631029423993233,0.9661497199757332,1.0,5
0.0013104681382983911,False,136,time1,0.8777058250575208,7,,,time1,TIME1,0.9484836631196171,0.9461395652079592,1.0,10
0.0013893728073198952,False,136,time0,0.8500267802773714,1,,,time0,TIME0,0.9448211213309866,0.9650815377039981,1.0,9
0.0,False,136,time1,1.0,5,,,time1,TIME1,0.8869585834691998,0.9478343338767989,0.0,8
0.00016340459881397524,False,136,time1,0.9768790118359519,8,,,time1,TIME1,0.8796778672242449,0.9479889800942732,0.0,6
0.0003616092974062016,False,136,time0,0.9725726512862449,4,,,time0,TIME0,0.8734913873316198,0.9303252389594712,0.0,7
0.0007528857198885217,False,136,time1,0.9396528873710402,6,,,time1,TIME1,0.8683941327563244,0.9493685858938998,0.0,4
1.2074089238863086e-05,True,136,excluido,0.9973512954345207,10,,,excluir,EXCLUÍDO,0.6490661981580698,0.0,0.0,11
0.0,False,137,time1,0.0,novo,0.045757163063467554,True,time1,TIME1,0.0,,,12
0.00011726908583557247,False,137,goleiro_time1,0.9834217695019746,9,,,goleiro1,GOL-TIME1,0.984068548479801,0.9569015431550851,1.0,3
2.9078106367943762e-05,False,137,time0,0.9946825747656385,0,,,time0,TIME0,0.9810566645694464,0.9309431578297828,1.0,1
0.0004758671251737638,False,137,time0,0.9539123367219656,2,,,time0,TIME0,0.9784875263330126,0.9719411580862648,1.0,2
0.0018504113670943724,False,137,time0,0.9056988787407857,3,,,time0,TIME0,0.9604001547536581,0.9661497199757332,1.0,5
0.0010000571403342292,False,137,time1,0.8729859120527009,7,,,time1,TIME1,0.9473075254753595,0.9461395652079592,1.0,10
0.0017117926653739172,False,137,time0,0.8075441628385815,1,,,time0,TIME0,0.9317278605751601,0.9650815377039981,1.0,9
0.0,False,137,time1,1.0,5,,,time1,TIME1,0.8869585834691998,0.9478343338767989,0.0,8
0.0005606540606852302,False,137,time1,0.9646100456703766,6,,,time1,TIME1,0.8760580002654188,0.9493685858938998,0.0,4
0.000350677206573987,False,137,time1,0.9562572179338408,8,,,time1,TIME1,0.8734273380541221,0.9479889800942732,0.0,6
0.00041859344646269866,False,137,time0,0.9371313786674508,4,,,time0,TIME0,0.8630846925961347,0.9303252389594712,0.0,7
1.4477735183874779e-05,True,137,excluido,0.9972017809325106,10,,,excluir,EXCLUÍDO,0.6491414111184239,0.0,0.0,11
0.0,False,138,time1,0.0,novo,0.04950000898852858,True,time1,TIME1,0.0,,,12
0.00021662226232695318,False,138,time0,0.9840783679290479,2,,,time0,TIME0,0.9882064555882367,0.9737547520283674,1.0,2
0.0001031261494371388,False,138,goleiro_time1,0.9860243453919781,9,,,goleiro1,GOL-TIME1,0.9843777764449232,0.9551066982002535,1.0,3
4.1015985525974765e-05,False,138,time0,0.9987058668217215,0,,,time0,TIME0,0.9821128006326689,0.9302925505870765,1.0,1
0.0009477190873930607,False,138,time0,0.8720047745058197,1,,,time0,TIME0,0.9511611553445894,0.9639450489139156,1.0,9
0.001025186711207749,False,138,time1,0.8623077171148303,7,,,time1,TIME1,0.9439891142965499,0.9458803399143987,1.0,10
0.001535505582318325,False,138,time0,0.8335841612994652,3,,,time0,TIME0,0.9390726165472237,0.967327192676824,1.0,5
0.0,False,138,time1,1.0,5,,,time1,TIME1,0.8864232511014933,0.9456930044059735,0.0,8
0.00033316642059698544,False,138,time0,0.9659408615200804,4,,,time0,TIME0,0.872847847561863,0.9337984690531106,0.0,7
0.0006731535043933334,False,138,time1,0.9509158060935711,6,,,time1,TIME1,0.8723807961940181,0.9513636139205577,0.0,4
0.001392415430677714,False,138,time1,0.8834106914768609,8,,,time1,TIME1,0.8497070444021161,0.9473578168411415,0.0,6
2.6813486150483713e-05,True,138,excluido,0.9954993586291386,10,,,excluir,EXCLUÍDO,0.6485984766288995,0.0,0.0,11
0.0,False,139,time1,0.0,novo,0.04950000898852858,True,time1,TIME1,0.0,,,12
6.25643613372265e-05,False,139,goleiro_time1,0.9913997790332002,9,,,goleiro1,GOL-TIME1,0.9861120259825091,0.9551066982002535,1.0,3
0.00046616932761837004,False,139,time0,0.9766945180207585,2,,,time0,TIME0,0.9858476846576499,0.9737547520283674,1.0,2
1.3497406582534379e-05,False,139,time0,0.9964498971478294,0,,,time0,TIME0,0.9814607059017717,0.9302925505870765,1.0,1
0.0012314688026682618,False,139,time0,0.9164620163795125,3,,,time0,TIME0,0.9647818043224348,0.967327192676824,1.0,5
0.0010439953327591614,False,139,time0,0.8613741182420263,1,,,time0,TIME0,0.9483305637716256,0.9639450489139156,1.0,9
0.000783313120311295,False,139,time1,0.8396327037056972,7,,,time1,TIME1,0.9373509538020233,0.9458803399143987,1.0,10
0.0,False,139,time1,1.0,5,,,time1,TIME1,0.8864232511014933,0.9456930044059735,0.0,8
0.0007380964213461889,False,139,time1,0.9490323595027322,6,,,time1,TIME1,0.8716530730625998,0.9513636139205577,0.0,4
0.0004976118320990117,False,139,time0,0.9503532578573222,4,,,time0,TIME0,0.8678277004275183,0.9337984690531106,0.0,7
0.0017386824466723357,False,139,time1,0.8669701405183753,8,,,time1,TIME1,0.8432162303459478,0.9473578168411415,0.0,6
1.7379276567635466e-05,True,139,excluido,0.9958300162068889,10,,,excluir,EXCLUÍDO,0.6487031840238401,0.0,0.0,11
0.0,False,140,time1,0.0,novo,0.04950000898852858,True,time1,TIME1,0.0,,,12
7.246508838592197e-05,False,140,goleiro_time1,0.9904281136998907,9,,,goleiro1,GOL-TIME1,0.9857472354291753,0.9551066982002535,1.0,3
0.0003915856362977386,False,140,time0,0.9664077701493976,2,,,time0,TIME0,0.9828747584228869,0.9737547520283674,1.0,2
0.00010556671903761139,False,140,time0,0.9884481036176298,0,,,time0,TIME0,0.9789366140780303,0.9302925505870765,1.0,1
0.0005981851602181486,False,140,time0,0.9130675115927375,1,,,time0,TIME0,0.9640355674566342,0.9639450489139156,1.0,9
0.0013895461091071749,False,140,time0,0.8919071582127118,3,,,time0,TIME0,0.9572419239500435,0.967327192676824,1.0,5
0.0010494942147039035,False,140,time1,0.889668168150135,7,,,time1,TIME1,0.9516940483577183,0.9458803399143987,1.0,10
0.0,False,140,time1,1.0,5,,,time1,TIME1,0.8864232511014933,0.9456930044059735,0.0,8
0.00043015984415860093,False,140,time1,0.9630513890253123,6,,,time1,TIME1,0.8760407029351048,0.9513636139205577,0.0,4
0.0006592949419720287,False,140,time0,0.9299418789926218,4,,,time0,TIME0,0.8616925944492028,0.9337984690531106,0.0,7
0.0007497042420249114,False,140,time1,0.8859451449507616,8,,,time1,TIME1,0.850246897134731,0.9473578168411415,0.0,6
1.36959810186634e-05,True,140,excluido,0.9967153856610163,10,,,excluir,EXCLUÍDO,0.6489896854900928,0.0,0.0,11
0.0,False,141,time1,0.0,novo,0.05384844285235002,True,time1,TIME1,0.0,,,12
0.00013443164480206842,False,141,goleiro_time1,0.9775528343916703,9,,,goleiro1,GOL-TIME1,0.9812349466827359,0.9528941736764395,1.0,3
6.310559332050208e-05,False,141,time0,0.9962221404145309,0,,,time0,TIME0,0.9812336491242742,0.9298994671482406,1.0,1
0.00046398382770788433,False,141,time0,0.9406552467698867,2,,,time0,TIME0,0.975314178802342,0.974727537333969,1.0,2
0.00043252595131812514,False,141,time0,0.9293730482077496,1,,,time0,TIME0,0.9690324494335566,0.9632813046509332,1.0,9
0.00027980065660317724,False,141,time1,0.912779353652363,7,,,time1,TIME1,0.9598533140773795,0.9472092284738864,1.0,10
0.002805850704130602,False,141,time0,0.8054707949970826,3,,,time0,TIME0,0.928456171070707,0.9682738058053031,1.0,5
0.0,False,141,time1,1.0,5,,,time1,TIME1,0.8857507546814751,0.9430030187259003,0.0,8
0.0007581038996116544,False,141,time1,0.9572182518610258,6,,,time1,TIME1,0.874698586012853,0.9539941296580672,0.0,4
0.000885946639378804,False,141,time1,0.9361434927228872,8,,,time1,TIME1,0.865412673665129,0.9459563465832832,0.0,6
0.001812010207358923,False,141,time0,0.8192620237593421,4,,,time0,TIME0,0.82736494030783,0.936143110869633,0.0,7
1.3010844280370284e-05,True,141,excluido,0.9974454910127657,10,,,excluir,EXCLUÍDO,0.649205602666927,0.0,0.0,11
0.0,False,142,time1,0.0,novo,0.05384844285235002,True,time1,TIME1,0.0,,,12
0.00017637017000000593,False,142,goleiro_time1,0.9758006629726681,9,,,goleiro1,GOL-TIME1,0.9807512201242712,0.9528941736764395,1.0,3
9.88507167244191e-05,False,142,time0,0.9882674116689331,0,,,time0,TIME0,0.9787706048341304,0.9298994671482406,1.0,1
0.0004898152302339879,False,142,time0,0.9364018461397461,2,,,time0,TIME0,0.9736453575861462,0.974727537333969,1.0,2
0.00034048672157504346,False,142,time1,0.9342461964376781,7,,,time1,TIME1,0.9667057860220614,0.9472092284738864,1.0,10
0.0007010283054522383,False,142,time0,0.9127929355919285,1,,,time0,TIME0,0.963834633806817,0.9632813046509332,1.0,9
0.0009108046905902861,False,142,time0,0.9049995691812178,3,,,time0,TIME0,0.9604765494629558,0.9682738058053031,1.0,5
0.0,False,142,time1,1.0,5,,,time1,TIME1,0.8857507546814751,0.9430030187259003,0.0,8
0.0009262267232927336,False,142,time1,0.9408290297348121,6,,,time1,TIME1,0.8697751568365261,0.9539941296580672,0.0,4
0.0004871445766373912,False,142,time0,0.941801793816989,4,,,time0,TIME0,0.8651409154684129,0.936143110869633,0.0,7
0.0005678900698250081,False,142,time1,0.9279427353396499,8,,,time1,TIME1,0.8637984143328601,0.9459563465832832,0.0,6
3.9116207171284464e-05,True,142,excluido,0.9906197687781926,10,,,excluir,EXCLUÍDO,0.6471204002271184,0.0,0.0,11
0.0,False,143,time1,0.0,novo,0.05384844285235002,True,time1,TIME1,0.0,,,12
5.2229758348758726e-05,False,143,goleiro_time1,0.9825858420990722,9,,,goleiro1,GOL-TIME1,0.9828548049745869,0.9528941736764395,1.0,3
6.308093104551926e-05,False,143,time0,0.9898602625014635,0,,,time0,TIME0,0.9792651913554203,0.9298994671482406,1.0,1
0.0008412986503186758,False,143,time0,0.9225498501245467,2,,,time0,TIME0,0.9693870922772522,0.974727537333969,1.0,2
0.0005702676425009039,False,143,time0,0.9168361720142576,1,,,time0,TIME0,0.9652445035514169,0.9632813046509332,1.0,9
0.0007643809654308352,False,143,time1,0.915985476344677,7,,,time1,TIME1,0.9604667671691848,0.9472092284738864,1.0,10
0.0015620824463380722,False,143,time0,0.883801429449762,3,,,time0,TIME0,0.9546441596439689,0.9682738058053031,1.0,5
0.0,False,143,time1,1.0,5,,,time1,TIME1,0.8857507546814751,0.9430030187259003,0.0,8
0.00039224601960131554,False,143,time1,0.9511161060759548,8,,,time1,TIME1,0.8713471948051379,0.9459563465832832,0.0,6
0.0004918451846878579,False,143,time1,0.9394508411398823,6,,,time1,TIME1,0.8694925877576968,0.9539941296580672,0.0,4
0.0005499151333644522,False,143,time0,0.9491809788390838,4,,,time0,TIME0,0.8680990577898318,0.936143110869633,0.0,7
5.776731738661486e-05,True,143,excluido,0.9889844811561498,10,,,excluir,EXCLUÍDO,0.646577365457456,0.0,0.0,11
0.0,False,144,time1,0.0,novo,0.052835797645681803,True,time1,TIME1,0.0,,,12
5.952998199007321e-05,False,144,time0,0.9917419511148502,0,,,time0,TIME0,0.9798110207390985,0.9295162593506113,1.0,1
0.00032234419071920704,False,144,goleiro_time1,0.9548458605270148,9,,,goleiro1,GOL-TIME1,0.9735912281886663,0.9505676254615141,1.0,3
0.0004577552620376027,False,144,time0,0.9434404561572249,1,,,time0,TIME0,0.9731592590097436,0.9630002109648761,1.0,9
0.0007128415415105553,False,144,time0,0.925454572268217,2,,,time0,TIME0,0.9705881589085357,0.9751769761310034,1.0,2
0.001316975173965856,False,144,time1,0.8784208877911797,7,,,time1,TIME1,0.948523121780935,0.9476775499471184,1.0,10
0.0001157477995228498,False,144,time1,0.9783410027134493,8,,,time1,TIME1,0.8795030095260143,0.9457347959653785,0.0,6
0.00532384795130771,False,144,time0,0.654054924863172,3,,,time0,TIME0,0.8794311519790875,0.9690899596783966,1.0,5
0.0007786367116029045,False,144,time1,0.9193349458514934,6,,,time1,TIME1,0.8634722890762179,0.9544817555105607,0.0,4
0.0008073173964120836,False,144,time0,0.9052194814681052,4,,,time0,TIME0,0.8551595748875369,0.9387249655879437,0.0,7
1.362287725408814e-05,True,144,excluido,0.9971479756717541,10,,,excluir,EXCLUÍDO,0.6490989493236873,0.0,0.0,11
0.021353877708636327,False,144,time1,0.0671172902897091,5,,,time1,TIME1,0.5717787329407265,0.9424624961065773,0.0,8
0.0,False,145,time1,0.0,novo,0.052835797645681803,True,time1,TIME1,0.0,,,12
2.3011720997476797e-05,False,145,time0,0.9967735537439114,0,,,time0,TIME0,0.9813560290362908,0.9295162593506113,1.0,1
0.00025860954133565645,False,145,goleiro_time1,0.9512417127615439,9,,,goleiro1,GOL-TIME1,0.9726462226295908,0.9505676254615141,1.0,3
0.0007345215139274399,False,145,time0,0.9223503764505514,2,,,time0,TIME0,0.9697100749342569,0.9751769761310034,1.0,2
0.0007668316941890662,False,145,time0,0.9116803860959256,1,,,time0,TIME0,0.9633222207292919,0.9630002109648761,1.0,9
0.0010415633242466876,False,145,time0,0.9156604007035261,3,,,time0,TIME0,0.9617005973261791,0.9690899596783966,1.0,5
0.0006302991583921254,False,145,time1,0.9138556600013058,7,,,time1,TIME1,0.9593403082805899,0.9476775499471184,1.0,10
0.00030505908770494356,False,145,time1,0.9611238705087887,8,,,time1,TIME1,0.8742218025018738,0.9457347959653785,0.0,6
0.00039823254111846166,False,145,time1,0.9520312585931,6,,,time1,TIME1,0.8735733037438258,0.9544817555105607,0.0,4
0.00042475037802184484,False,145,time0,0.9292148832605232,4,,,time0,TIME0,0.8627618266841726,0.9387249655879437,0.0,7
0.000794424169590415,False,145,time1,0.9123964445306204,5,,,time1,TIME1,0.844488849379236,0.9424624961065773,0.0,8
3.924752474886398e-05,True,145,excluido,0.9928166577722826,10,,,excluir,EXCLUÍDO,0.6477745986323884,0.0,0.0,11
0.0,False,146,time1,0.0,novo,0.052835797645681803,True,time1,TIME1,0.0,,,12
0.00018160022109849668,False,146,time0,0.9792875922794111,0,,,time0,TIME0,0.9758619077142963,0.9295162593506113,1.0,1
0.0005481519297295273,False,146,time0,0.9392400667682781,2,,,time0,TIME0,0.9747989215874394,0.9751769761310034,1.0,2
0.000579871635898019,False,146,time0,0.9320486093942895,1,,,time0,TIME0,0.9697094004532255,0.9630002109648761,1.0,9
0.0005068247803625344,False,146,goleiro_time1,0.9249878690721669,9,,,goleiro1,GOL-TIME1,0.9645082246771067,0.9505676254615141,1.0,3
0.001636621290240684,False,146,time1,0.8489003184972025,7,,,time1,TIME1,0.9387341653068916,0.9476775499471184,1.0,10
0.0,False,146,time1,1.0,5,,,time1,TIME1,0.8850739711837416,0.9424624961065773,0.0,8
0.00033372351278847186,False,146,time1,0.9707480838298265,6,,,time1,TIME1,0.8793603910420963,0.9544817555105607,0.0,4
0.00024205681086271867,False,146,time1,0.9709848684646082,8,,,time1,TIME1,0.877430932932053,0.9457347959653785,0.0,6
0.005856796809258062,False,146,time0,0.6357167669101392,3,,,time0,TIME0,0.8741288546169074,0.9690899596783966,1.0,5
0.0009890737844387694,False,146,time0,0.9079821850179067,4,,,time0,TIME0,0.855611614890974,0.9387249655879437,0.0,7
2.3027838038327615e-05,True,146,excluido,0.9941568848996714,10,,,excluir,EXCLUÍDO,0.6482147098117423,0.0,0.0,11
0.0,False,147,time1,0.0,novo,0.05609044950985398,True,time1,TIME1,0.0,,,12
0.0001879075995107394,False,147,time0,0.9794927311909596,0,,,time0,TIME0,0.9759011863307299,0.9290149718029524,1.0,1
0.0005006509041906975,False,147,time0,0.9412959519601324,1,,,time0,TIME0,0.9723342909987479,0.9618323175588647,1.0,9
0.0007632098085926178,False,147,time0,0.9162428393640117,2,,,time0,TIME0,0.9677271105761155,0.9762088161110314,1.0,2
0.0005243008146638081,False,147,time1,0.9384546370728808,7,,,time1,TIME1,0.9667201168214993,0.9466094434859702,1.0,10
0.0005041645269024694,False,147,goleiro_time1,0.9307536837435314,9,,,goleiro1,GOL-TIME1,0.9656958698554644,0.9478415143816287,1.0,3
0.0003388849229858533,False,147,time1,0.9605809643153076,8,,,time1,TIME1,0.8735715326726388,0.9443988152952301,0.0,6
0.005684364777786722,False,147,time0,0.6293168862526053,3,,,time0,TIME0,0.8682260161647676,0.9698572661164068,1.0,5
0.0008643407362269746,False,147,time1,0.9291243216311031,6,,,time1,TIME1,0.8660342910276028,0.9540669535260698,0.0,4
0.0011177887151681296,False,147,time0,0.9039637664644025,4,,,time0,TIME0,0.8554423966400748,0.9415212204768546,0.0,7
0.0062181813622504325,False,147,time1,0.48933438617869196,5,,,time1,TIME1,0.7228139562341557,0.9436248065546953,0.0,8
6.5451269602056145e-06,True,147,excluido,0.9976864443211816,10,,,excluir,EXCLUÍDO,0.6492828973430821,0.0,0.0,11
0.0,False,148,time1,0.0,novo,0.05609044950985398,True,time1,TIME1,0.0,,,12
0.00021491945558247216,False,148,time0,0.9655351042543867,2,,,time0,TIME0,0.9831284727328382,0.9762088161110314,1.0,2
0.00010626331891419606,False,148,time0,0.9828304452474125,0,,,time0,TIME0,0.9768063843825386,0.9290149718029524,1.0,1
0.0003438737670153684,False,148,goleiro_time1,0.9347185226965485,9,,,goleiro1,GOL-TIME1,0.966894624678245,0.9478415143816287,1.0,3
0.001016641451709562,False,148,time0,0.910589102633037,3,,,time0,TIME0,0.9613125543088372,0.9698572661164068,1.0,5
0.0010992430902400361,False,148,time0,0.8876402359856504,1,,,time0,TIME0,0.9553012851427166,0.9618323175588647,1.0,9
0.003644034944783204,False,148,time1,0.6674922582786926,7,,,time1,TIME1,0.8814578970186565,0.9466094434859702,1.0,10
0.00024874031909079606,False,148,time1,0.9632119835426474,8,,,time1,TIME1,0.8746072327450979,0.9443988152952301,0.0,6
0.0006031093458378605,False,148,time1,0.9533037796003001,6,,,time1,TIME1,0.8737316522604004,0.9540669535260698,0.0,4
0.001398726842313636,False,148,time0,0.8618603409340297,4,,,time0,TIME0,0.8423008406537547,0.9415212204768546,0.0,7
0.004092821230540606,False,148,time1,0.6931067500487921,5,,,time1,TIME1,0.787624790668125,0.9436248065546953,0.0,8
0.0,True,148,excluido,1.0,10,,,excluir,EXCLUÍDO,0.6499955374134362,0.0,0.0,11
0.0,False,149,time1,0.0,novo,0.05609044950985398,True,time1,TIME1,0.0,,,12
4.4676148698097107e-05,False,149,time0,0.9958463490872631,2,,,time0,TIME0,0.9926421574100295,0.9762088161110314,1.0,2
3.771511219251637e-05,False,149,time0,0.9968474092586928,3,,,time0,TIME0,0.9907968365617749,0.9698572661164068,1.0,5
2.139109118546295e-05,False,149,time0,0.9975475475032369,1,,,time0,TIME0,0.988967951345433,0.9618323175588647,1.0,9
2.530767796778529e-05,False,149,goleiro_time1,0.9965858147765336,9,,,goleiro1,GOL-TIME1,0.9856830042244127,0.9478415143816287,1.0,3
2.7079222718308923e-06,False,149,time0,0.9996111833259786,0,,,time0,TIME0,0.9820638702216722,0.9290149718029524,1.0,1
3.3027650168287624e-05,False,149,time1,0.9926875858290951,7,,,time1,TIME1,0.9819317964228972,0.9466094434859702,1.0,10
9.686341551342246e-06,False,149,time1,0.9990258220959474,6,,,time1,TIME1,0.8877996084660559,0.9540669535260698,0.0,4
6.333797295651916e-06,False,149,time1,0.9960135504702254,8,,,time1,TIME1,0.8847265389295736,0.9443988152952301,0.0,6
8.636299376274054e-05,False,149,time1,0.9878318980545842,5,,,time1,TIME1,0.8793562969693811,0.9436248065546953,0.0,8
0.000471789003344,False,149,time0,0.9753428972243873,4,,,time0,TIME0,0.8767900888180857,0.9415212204768546,0.0,7
0.0,True,149,excluido,1.0,10,,,excluir,EXCLUÍDO,0.65,0.0,0.0,11
0.0,False,150,time1,0.0,novo,0.06132372167783584,True,time1,TIME1,0.0,,,12
0.0003188390656799672,False,150,time0,0.9683334085060396,2,,,time0,TIME0,0.9842743933275072,0.9772482932540953,1.0,2
5.857386065774237e-05,False,150,time0,0.9954812279974996,0,,,time0,TIME0,0.980611986229094,0.9282497412846389,1.0,1
0.00018506356802830306,False,150,time0,0.9292857380292495,3,,,time0,TIME0,0.9708301003295612,0.9694579260939893,1.0,5
0.0015276848825759716,False,150,time0,0.8402894676025019,1,,,time0,TIME0,0.9397624719390489,0.9603658202713228,1.0,9
0.0013498632466920322,False,150,time1,0.8398103062340081,7,,,time1,TIME1,0.9361797032648459,0.9455926423912107,1.0,10
0.00013052957699083713,False,150,goleiro_time1,0.96484753459024,9,,,goleiro1,GOL-TIME1,0.8754900916288468,0.9450360459310643,0.0,3
0.000547613101192438,False,150,time1,0.9557067214720156,6,,,time1,TIME1,0.8744606539890046,0.9545006069980561,0.0,4
0.00032566553773607555,False,150,time1,0.9614941110095426,8,,,time1,TIME1,0.8739055253672996,0.9439138187130303,0.0,6
0.00042427663911973203,False,150,time0,0.9600631894546937,4,,,time0,TIME0,0.873511238708573,0.9437897869372804,0.0,7
0.0012234114871367188,False,150,time1,0.8691218395777984,5,,,time1,TIME1,0.8453963533828077,0.946626706721188,0.0,8
0.0,True,150,excluido,1.0,10,,,excluir,EXCLUÍDO,0.65,0.0,0.0,11
0.0,False,151,time1,0.0,novo,0.06132372167783584,True,time1,TIME1,0.0,,,12
0.00040429762171570216,False,151,time0,0.9527365264990555,2,,,time0,TIME0,0.9794071105538419,0.9772482932540953,1.0,2
0.00019082545927945753,False,151,time0,0.9737851138201636,0,,,time0,TIME0,0.973912748694706,0.9282497412846389,1.0,1
0.0005487335763897033,False,151,time0,0.912859314795732,3,,,time0,TIME0,0.965467053923143,0.9694579260939893,1.0,5
0.0009285455986126918,False,151,time1,0.8674924635999752,7,,,time1,TIME1,0.9454884482017619,0.9455926423912107,1.0,10
0.0016662558958655009,False,151,time0,0.8105647078479439,1,,,time0,TIME0,0.9316413347381285,0.9603658202713228,1.0,9
0.0006449983562394324,False,151,time1,0.9465419346366756,6,,,time1,TIME1,0.8718804805957169,0.9545006069980561,0.0,4
0.000168777956184017,False,151,goleiro_time1,0.9260486600384502,9,,,goleiro1,GOL-TIME1,0.8638656553298256,0.9450360459310643,0.0,3
0.0005307546320716546,False,151,time1,0.9266076527010351,8,,,time1,TIME1,0.863245480205018,0.9439138187130303,0.0,6
0.0016066444440254138,False,151,time0,0.9000420624467502,4,,,time0,TIME0,0.8536933192761906,0.9437897869372804,0.0,7
0.0023656363630997564,False,151,time1,0.7743735974069156,5,,,time1,TIME1,0.8153774665851928,0.946626706721188,0.0,8
0.0,True,151,excluido,1.0,10,,,excluir,EXCLUÍDO,0.65,0.0,0.0,11
0.0,False,152,time1,0.0,novo,0.06132372167783584,True,time1,TIME1,0.0,,,12
0.0,False,152,time1,1.0,7,,,time1,TIME1,0.9857650613260213,0.9455926423912107,1.0,10
4.034917189407879e-05,False,152,time0,0.9947175165600818,0,,,time0,TIME0,0.9802885086608418,0.9282497412846389,1.0,1
0.0007217890579968396,False,152,time0,0.9387279816066315,2,,,time0,TIME0,0.9747648729664552,0.9772482932540953,1.0,2
0.002645390295187101,False,152,time0,0.821827010704302,3,,,time0,TIME0,0.9347378563826836,0.9694579260939893,1.0,5
0.0017769665160901498,False,152,time0,0.7858864962724059,1,,,time0,TIME0,0.9241075978984916,0.9603658202713228,1.0,9
0.0003838509279281719,False,152,goleiro_time1,0.9265793186256241,9,,,goleiro1,GOL-TIME1,0.863523941120646,0.9450360459310643,0.0,3
0.0009553795743004524,False,152,time0,0.924840710277084,4,,,time0,TIME0,0.8620472196290743,0.9437897869372804,0.0,7
0.0007082185032589032,False,152,time1,0.9122011685879527,8,,,time1,TIME1,0.8588229583119327,0.9439138187130303,0.0,6
0.0008119138509001132,False,152,time1,0.8855476356356625,5,,,time1,TIME1,0.8504992899023581,0.946626706721188,0.0,8
0.001909428134054339,False,152,time1,0.8689444276251572,6,,,time1,TIME1,0.8467032327838115,0.9545006069980561,0.0,4
0.0,True,152,excluido,1.0,10,,,excluir,EXCLUÍDO,0.65,0.0,0.0,11
0.0,False,153,time1,0.0,novo,0.06377460113646571,True,time1,TIME1,0.0,,,12
0.00015921378769996234,False,153,time0,0.9850141357191721,2,,,time0,TIME0,0.9894572630883511,0.9779268171405308,1.0,2
0.0,False,153,time1,1.0,7,,,time1,TIME1,0.9861544505005493,0.9446178020021971,1.0,10
1.8061655525822347e-05,False,153,time0,0.9978991411528101,0,,,time0,TIME0,0.9815823831761525,0.929048944008704,1.0,1
0.0026031511299448367,False,153,time0,0.8251988270504942,3,,,time0,TIME0,0.9343061296553951,0.9700982317618535,1.0,5
0.0014419776110800087,False,153,time0,0.8093855795976085,1,,,time0,TIME0,0.931350788247815,0.9603658202713228,1.0,9
0.0005970501755621124,False,153,goleiro_time1,0.9468756554022824,9,,,goleiro1,GOL-TIME1,0.8687587286450627,0.9425506215276092,0.0,3
0.0006412513138779902,False,153,time0,0.9400240582008405,4,,,time0,TIME0,0.8676326362200005,0.945943730122099,0.0,7
0.0007049125281511523,False,153,time1,0.9084462970019467,8,,,time1,TIME1,0.858232720542885,0.945842250090802,0.0,6
0.00200230368697169,False,153,time1,0.8619456782247887,6,,,time1,TIME1,0.8451891283620826,0.9540647394037173,0.0,4
0.0015411005513781455,False,153,time1,0.8566361466294303,5,,,time1,TIME1,0.8423718498054926,0.9497979872476527,0.0,8
0.0,True,153,excluido,1.0,10,,,excluir,EXCLUÍDO,0.65,0.0,0.0,11
0.0,False,154,time1,0.0,novo,0.06377460113646571,True,time1,TIME1,0.0,,,12
0.0,False,154,time1,1.0,7,,,time1,TIME1,0.9861544505005493,0.9446178020021971,1.0,10
7.640805124621354e-06,False,154,time0,0.9983559162113786,0,,,time0,TIME0,0.9817445676517697,0.929048944008704,1.0,1
0.0016635239575619272,False,154,time0,0.8990843633600931,3,,,time0,TIME0,0.9595759147791013,0.9700982317618535,1.0,5
0.0018926980178380689,False,154,time0,0.8684604499864627,2,,,time0,TIME0,0.9521157170088838,0.9779268171405308,1.0,2
0.0008432206970144827,False,154,time0,0.8741964429325086,1,,,time0,TIME0,0.9510443962332836,0.9603658202713228,1.0,9
0.0005017750828512155,False,154,time1,0.9359005626171225,8,,,time1,TIME1,0.8664071270278125,0.945842250090802,0.0,6
0.0004123083141961591,False,154,time0,0.9318790082540613,4,,,time0,TIME0,0.865421699022257,0.945943730122099,0.0,7
0.000878466150931971,False,154,goleiro_time1,0.9204286019862297,9,,,goleiro1,GOL-TIME1,0.8607696195980835,0.9425506215276092,0.0,3
0.0017837346205507474,False,154,time1,0.8686619199725065,6,,,time1,TIME1,0.8473414420199765,0.9540647394037173,0.0,4
0.0015709991682737478,False,154,time1,0.8340614260672129,5,,,time1,TIME1,0.8358879618574062,0.9497979872476527,0.0,8
0.0,True,154,excluido,1.0,10,,,excluir,EXCLUÍDO,0.65,0.0,0.0,11
0.0,False,155,time1,0.0,novo,0.06377460113646571,True,time1,TIME1,0.0,,,12
0.0,False,155,time1,1.0,7,,,time1,TIME1,0.9861544505005493,0.9446178020021971,1.0,10
6.185386079035068e-05,False,155,time0,0.9933788055445101,0,,,time0,TIME0,0.9801780065249238,0.929048944008704,1.0,1
0.0006411747079942689,False,155,time0,0.8990704673004503,1,,,time0,TIME0,0.9587886518335009,0.9603658202713228,1.0,9
0.002462696119239495,False,155,time0,0.8529770342605778,3,,,time0,TIME0,0.9455235557204281,0.9700982317618535,1.0,5
0.0022270308517963657,False,155,time0,0.8416949553370671,2,,,time0,TIME0,0.9446169826933741,0.9779268171405308,1.0,2
0.0001595678742995871,False,155,time0,0.9538968459815962,4,,,time0,TIME0,0.8723364011909942,0.945943730122099,0.0,7
0.0009145525954020748,False,155,goleiro_time1,0.9147806235565331,9,,,goleiro1,GOL-TIME1,0.859179044058581,0.9425506215276092,0.0,3
0.0008222618852844189,False,155,time1,0.8981522770196804,8,,,time1,TIME1,0.8547133934253072,0.945842250090802,0.0,6
0.0017704220399311708,False,155,time1,0.8619277181090714,6,,,time1,TIME1,0.8454177635164465,0.9540647394037173,0.0,4
0.012324454414406749,False,155,time1,0.3362529154704423,5,,,time1,TIME1,0.6691922986640071,0.9497979872476527,0.0,8
0.0,True,155,excluido,1.0,10,,,excluir,EXCLUÍDO,0.65,0.0,0.0,11
0.0,False,156,time1,0.0,novo,0.06536031302457668,True,time1,TIME1,0.0,,,12
3.838190997054568e-05,False,156,time0,0.9924357247365873,0,,,time0,TIME0,0.9799134154939854,0.9289344194895087,1.0,1
0.0006708966240335789,False,156,time0,0.9457004400316511,2,,,time0,TIME0,0.9765763964570057,0.9781565574738058,1.0,2
0.0004788873248225727,False,156,time0,0.9321620164919747,1,,,time0,TIME0,0.9688735152508489,0.9596243242107096,1.0,9
0.0010604605245219262,False,156,time0,0.885437386741479,3,,,time0,TIME0,0.9553717130569411,0.9700482610173469,1.0,5
0.0020131415424204527,False,156,time1,0.8334977382178124,6,,,time1,TIME1,0.9363636247694104,0.9534092521766935,1.0,4
0.0,False,156,goleiro_time1,1.0,9,,,goleiro1,GOL-TIME1,0.8843895667457726,0.9400525013341869,0.0,3
0.00017445618975155783,False,156,time1,0.9617010488149806,8,,,time1,TIME1,0.8737912974977611,0.9444606723384552,0.0,6
0.0008044589823018095,False,156,time0,0.9260230098775903,4,,,time0,TIME0,0.8635467437786692,0.9476438183088496,0.0,7
0.0007437071681741137,False,156,time1,0.9307172497607632,5,,,time1,TIME1,0.8571296245600422,0.9460297931731977,0.0,10
0.0,True,156,excluido,1.0,10,,,excluir,EXCLUÍDO,0.65,0.0,0.0,11
0.018954971866827736,False,156,time1,0.09517661330756057,7,,,time1,TIME1,0.585974778500504,0.9503097262763924,0.0,8
0.0,False,157,time1,0.0,novo,0.06536031302457668,True,time1,TIME1,0.0,,,12
1.6421649117971526e-05,False,157,time0,0.9975333431697995,0,,,time0,TIME0,0.9814414981683853,0.9289344194895087,1.0,1
0.0007038414662855061,False,157,time0,0.9211202437940139,1,,,time0,TIME0,0.965234093700425,0.9596243242107096,1.0,9
0.0010212369930148717,False,157,time0,0.8695439281104106,2,,,time0,TIME0,0.9535572522937509,0.9781565574738058,1.0,2
0.00184172902872346,False,157,time1,0.8373630869380818,6,,,time1,TIME1,0.937462644912097,0.9534092521766935,1.0,4
0.003720404618574383,False,157,time0,0.8123561435008303,3,,,time0,TIME0,0.9303463863966511,0.9700482610173469,1.0,5
0.0,False,157,time1,1.0,5,,,time1,TIME1,0.8860003752240897,0.9460297931731977,0.0,10
0.00030337248995374,False,157,time0,0.9595437369413409,4,,,time0,TIME0,0.8741143179669113,0.9476438183088496,0.0,7
0.0003101991649393417,False,157,time1,0.9544378444982808,8,,,time1,TIME1,0.8720661172428594,0.9444606723384552,0.0,6
0.0015147548240512687,False,157,goleiro_time1,0.8572599579835313,9,,,goleiro1,GOL-TIME1,0.8397812755085245,0.9400525013341869,0.0,3
0.0032595639150558753,False,157,time1,0.6633511677962526,7,,,time1,TIME1,0.7727242272348862,0.9503097262763924,0.0,8
0.0,True,157,excluido,1.0,10,,,excluir,EXCLUÍDO,0.65,0.0,0.0,11
0.0,False,158,time1,0.0,novo,0.06536031302457668,True,time1,TIME1,0.0,,,12
1.1606658590296006e-05,False,158,time0,0.998668059280318,0,,,time0,TIME0,0.981804911051461,0.9289344194895087,1.0,1
0.000434229747343886,False,158,time0,0.9414620541912391,1,,,time0,TIME0,0.9715541626854448,0.9596243242107096,1.0,9
0.000367767040683321,False,158,time1,0.919720247474367,6,,,time1,TIME1,0.9629098127931918,0.9534092521766935,1.0,4
0.00198514640417202,False,158,time0,0.845030409762264,3,,,time0,TIME0,0.9405335369098772,0.9700482610173469,1.0,5
0.0,False,158,time1,1.0,5,,,time1,TIME1,0.8865074482932994,0.9460297931731977,0.0,10
0.0,False,158,time1,1.0,8,,,time1,TIME1,0.8859036686539734,0.9444606723384552,0.0,6
0.0005602887875972872,False,158,goleiro_time1,0.9281983360729651,9,,,goleiro1,GOL-TIME1,0.8622271937558859,0.9400525013341869,0.0,3
0.002154853904266292,False,158,time1,0.7990015066796173,7,,,time1,TIME1,0.8235002296664393,0.9503097262763924,0.0,8
0.010692682936126482,False,158,time0,0.47918323215443864,2,,,time0,TIME0,0.8207466439008299,0.9781565574738058,1.0,2
0.0025442185787245904,False,158,time0,0.7915118003757488,4,,,time0,TIME0,0.8204424073768679,0.9476438183088496,0.0,7
0.0,True,158,excluido,1.0,10,,,excluir,EXCLUÍDO,0.65,0.0,0.0,11
0.0,False,159,time1,0.0,novo,0.05958305383949136,True,time1,TIME1,0.0,,,12
0.00022307968173330582,False,159,time0,0.982119708624805,2,,,time0,TIME0,0.9819550959943272,0.978718249625707,1.0,2
2.265521509779908e-05,False,159,time0,0.9938133594900193,0,,,time0,TIME0,0.9802416606013542,0.9285623382476392,1.0,1
0.0009897432488371715,False,159,time0,0.9513824418684439,3,,,time0,TIME0,0.9753640562288441,0.971448626940476,1.0,5
0.0004990106250963401,False,159,time0,0.9354867444010403,1,,,time0,TIME0,0.9697567175785207,0.9588568881325267,1.0,9
0.0015232512790063165,False,159,time1,0.9033735277949403,6,,,time1,TIME1,0.9571673439541168,0.9540394467948999,1.0,4
0.0,False,159,time1,1.0,8,,,time1,TIME1,0.8862660916590376,0.9450643666361502,0.0,6
0.0,False,159,time1,1.0,7,,,time1,TIME1,0.8859727536843899,0.9497678890219224,0.0,8
0.0004431998904686733,False,159,goleiro_time1,0.9456882674064065,9,,,goleiro1,GOL-TIME1,0.8671804976741607,0.9369870044990033,0.0,3
0.0007726522701130648,False,159,time0,0.9254234214988926,4,,,time0,TIME0,0.8628426463602054,0.9485233100538298,0.0,7
0.0052861984424154495,False,159,time1,0.718467914975649,5,,,time1,TIME1,0.7939533270312857,0.9472912547879171,0.0,10
0.0,True,159,excluido,1.0,10,,,excluir,EXCLUÍDO,0.65,0.0,0.0,11
0.0,False,160,time1,0.0,novo,0.05958305383949136,True,time1,TIME1,0.0,,,12
1.3917866980335453e-05,False,160,time0,0.9984446976548307,0,,,time0,TIME0,0.9816416388203022,0.9285623382476392,1.0,1
0.0005703453644968384,False,160,time0,0.9564816903915578,2,,,time0,TIME0,0.9808182113242878,0.978718249625707,1.0,2
0.0006889290910054858,False,160,time0,0.914515744642688,1,,,time0,TIME0,0.9632971298249018,0.9588568881325267,1.0,9
0.0023146180621182754,False,160,time0,0.8754224425286912,3,,,time0,TIME0,0.9524092671082821,0.971448626940476,1.0,5
0.0014071632301386665,False,160,time1,0.8822571820263673,6,,,time1,TIME1,0.951031229240318,0.9540394467948999,1.0,4
0.0,False,160,time1,1.0,8,,,time1,TIME1,0.8862660916590376,0.9450643666361502,0.0,6
0.0,False,160,time1,1.0,5,,,time1,TIME1,0.8832185874862415,0.9472912547879171,0.0,10
0.0012169755782566562,False,160,time0,0.8843235383555345,4,,,time0,TIME0,0.8509807802399469,0.9485233100538298,0.0,7
0.0010880721260280188,False,160,goleiro_time1,0.8745897834173385,9,,,goleiro1,GOL-TIME1,0.8451357320788023,0.9369870044990033,0.0,3
0.0030202814293946436,False,160,time1,0.7578738940776266,7,,,time1,TIME1,0.8099991472956407,0.9497678890219224,0.0,8
0.0,True,160,excluido,1.0,10,,,excluir,EXCLUÍDO,0.65,0.0,0.0,11
0.0,False,161,time1,0.0,novo,0.05958305383949136,True,time1,TIME1,0.0,,,12
2.0566634630391566e-05,False,161,time0,0.99871270447754,0,,,time0,TIME0,0.9817295317081368,0.9285623382476392,1.0,1
0.000736606969597728,False,161,time0,0.9510978725433026,2,,,time0,TIME0,0.9791861901398418,0.978718249625707,1.0,2
0.0007372049520821146,False,161,time0,0.9431998196046211,3,,,time0,TIME0,0.9740450759548805,0.971448626940476,1.0,5
0.0005110120275273212,False,161,time0,0.9385940677640038,1,,,time0,TIME0,0.9706500670738767,0.9588568881325267,1.0,9
0.0010263294071845308,False,161,time1,0.9149372957635652,6,,,time1,TIME1,0.9617503814291366,0.9540394467948999,1.0,4
0.0,False,161,time1,1.0,5,,,time1,TIME1,0.8868228136969794,0.9472912547879171,0.0,10
0.0,False,161,time1,1.0,8,,,time1,TIME1,0.8862660916590376,0.9450643666361502,0.0,6
0.0008819901230479012,False,161,time1,0.9032049188561462,7,,,time1,TIME1,0.8561339616185663,0.9497678890219224,0.0,8
0.0008242854474592499,False,161,goleiro_time1,0.8961299278187563,9,,,goleiro1,GOL-TIME1,0.852155489829038,0.9369870044990033,0.0,3
0.000689780177300393,False,161,time0,0.8705709644750741,4,,,time0,TIME0,0.8463893895126714,0.9485233100538298,0.0,7
0.00016174636045946059,True,161,excluido,0.8870378542681401,10,,,excluir,EXCLUÍDO,0.6158540325251656,0.0,0.0,11
0.0,False,162,time1,0.0,novo,0.0580120886412927,True,time1,TIME1,0.0,,,12
8.486738437246719e-05,False,162,time0,0.9950989038483327,0,,,time0,TIME0,0.980447789145319,0.9281618762670518,1.0,1
0.0005026170880512975,False,162,time1,0.9586940026989497,6,,,time1,TIME1,0.9754995063795874,0.9548628613204981,1.0,4
0.000829167271547235,False,162,time0,0.937609996128649,2,,,time0,TIME0,0.9749899691383654,0.9787567660275531,1.0,2
0.000597515797284493,False,162,time0,0.9295094970937628,3,,,time0,TIME0,0.971034800599872,0.9723399364781967,1.0,5
0.0010356510749240898,False,162,time0,0.8812293031997288,1,,,time0,TIME0,0.9523197609431174,0.9578705749263962,1.0,9
0.0,False,162,time1,1.0,5,,,time1,TIME1,0.8868583953350985,0.9474335813403938,0.0,10
0.0,False,162,time1,1.0,8,,,time1,TIME1,0.8864064030142167,0.9456256120568669,0.0,6
0.0005276933899328255,False,162,goleiro_time1,0.9325321443486329,9,,,goleiro1,GOL-TIME1,0.8619203696943262,0.931425741853983,0.0,3
0.0007895838445838101,False,162,time0,0.9158376494606497,4,,,time0,TIME0,0.8604791104103188,0.9492894986065621,0.0,7
0.001015976553224759,False,162,time1,0.9065744164498896,7,,,time1,TIME1,0.8586168350875641,0.9506636398961872,0.0,8
2.072230057639395e-05,True,162,excluido,0.9921398193456572,10,,,excluir,EXCLUÍDO,0.6475092733546726,0.0,0.0,11
0.0,False,163,time1,0.0,novo,0.0580120886412927,True,time1,TIME1,0.0,,,12
3.7867921271745864e-05,False,163,time0,0.995672802829302,0,,,time0,TIME0,0.980626153511731,0.9281618762670518,1.0,1
0.0005942575613400413,False,163,time0,0.9305546772286571,1,,,time0,TIME0,0.9677013914697143,0.9578705749263962,1.0,9
0.001383861749605555,False,163,time0,0.8927741308321658,3,,,time0,TIME0,0.9590759790006739,0.9723399364781967,1.0,5
0.0012072187282187116,False,163,time1,0.905148216443513,6,,,time1,TIME1,0.9585921173309074,0.9548628613204981,1.0,4
0.0,False,163,time1,1.0,5,,,time1,TIME1,0.8868583953350985,0.9474335813403938,0.0,10
0.0,False,163,time1,1.0,8,,,time1,TIME1,0.8864064030142167,0.9456256120568669,0.0,6
0.007477653927670592,False,163,time0,0.6286060207474553,2,,,time0,TIME0,0.8717194826075393,0.9787567660275531,1.0,2
0.0002475387228285835,False,163,goleiro_time1,0.9488000632164905,9,,,goleiro1,GOL-TIME1,0.8670025712977993,0.931425741853983,0.0,3
0.001161498408983604,False,163,time0,0.8902112463580196,4,,,time0,TIME0,0.8530621463293009,0.9492894986065621,0.0,7
0.0012864454463460855,False,163,time1,0.8826172118316967,7,,,time1,TIME1,0.8509614879223398,0.9506636398961872,0.0,8
0.0,True,163,excluido,1.0,10,,,excluir,EXCLUÍDO,0.6499858711586979,0.0,0.0,11
0.0,False,164,time1,0.0,novo,0.0580120886412927,True,time1,TIME1,0.0,,,12
7.676214577277163e-05,False,164,time0,0.9895685255073172,0,,,time0,TIME0,0.9787830532954799,0.9281618762670518,1.0,1
0.0009445616059420333,False,164,time1,0.9239252453928729,6,,,time1,TIME1,0.9648520280740073,0.9548628613204981,1.0,4
0.000871106811392639,False,164,time0,0.9061305495748457,1,,,time0,TIME0,0.9602937407534032,0.9578705749263962,1.0,9
0.0014977503471600548,False,164,time0,0.8882972541472686,2,,,time0,TIME0,0.954749378951209,0.9787567660275531,1.0,2
0.0018201578265149853,False,164,time0,0.8745240156409265,3,,,time0,TIME0,0.9534306438794576,0.9723399364781967,1.0,5
0.0,False,164,time1,1.0,5,,,time1,TIME1,0.8868583953350985,0.9474335813403938,0.0,10
0.0,False,164,time1,1.0,8,,,time1,TIME1,0.8864064030142167,0.9456256120568669,0.0,6
0.0002654858325823704,False,164,time0,0.9320382026406699,4,,,time0,TIME0,0.8660692609328382,0.9492894986065621,0.0,7
0.00047100153544524286,False,164,goleiro_time1,0.9413990220827116,9,,,goleiro1,GOL-TIME1,0.8646045695118986,0.931425741853983,0.0,3
0.001359370696382709,False,164,time1,0.869571220156409,7,,,time1,TIME1,0.847177614286797,0.9506636398961872,0.0,8
0.0,True,164,excluido,1.0,10,,,excluir,EXCLUÍDO,0.65,0.0,0.0,11
0.0,False,165,time1,0.0,novo,0.061412500519913205,True,time1,TIME1,0.0,,,12
4.641002902123995e-05,False,165,time0,0.9920263233695865,0,,,time0,TIME0,0.9794177349809189,0.9276378465554636,1.0,1
0.0014511695054086015,False,165,time0,0.8938763254216288,3,,,time0,TIME0,0.9596986960225924,0.9735526305583604,1.0,5
0.0021315078807094007,False,165,time0,0.8616878178788203,2,,,time0,TIME0,0.9505347225884924,0.9782861917240475,1.0,2
0.0011211240643200359,False,165,time0,0.8720914479568681,1,,,time0,TIME0,0.9496138896403318,0.9567354658776492,1.0,9
0.0016313510083701462,False,165,time1,0.8752833613263558,6,,,time1,TIME1,0.9493991075939251,0.9551228477186171,1.0,4
0.0,False,165,time1,1.0,8,,,time1,TIME1,0.8864573970196495,0.9458295880785982,0.0,6
0.0,False,165,time1,1.0,7,,,time1,TIME1,0.8864054862978261,0.9493293198178032,0.0,8
0.00127731331475327,False,165,time0,0.919057518188706,4,,,time0,TIME0,0.8612045682343252,0.9494359543656594,0.0,7
0.0004712733595015205,False,165,goleiro_time1,0.9279662631940242,9,,,goleiro1,GOL-TIME1,0.8600898558805622,0.9295572255545546,0.0,3
0.004892190944079902,False,165,time1,0.7271472654796685,5,,,time1,TIME1,0.7969180427393692,0.946227576571474,0.0,10
0.0,True,165,excluido,1.0,10,,,excluir,EXCLUÍDO,0.65,0.0,0.0,11
0.0,False,166,time1,0.0,novo,0.061412500519913205,True,time1,TIME1,0.0,,,12
2.6073638511025797e-05,False,166,time0,0.9970043296949359,0,,,time0,TIME0,0.9809505400484645,0.9276378465554636,1.0,1
0.0017275345149578081,False,166,time0,0.8885500404009284,3,,,time0,TIME0,0.9578380870868938,0.9735526305583604,1.0,5
0.001986134467874906,False,166,time1,0.8493586371723859,6,,,time1,TIME1,0.9414923755920127,0.9551228477186171,1.0,4
0.0014461099658168574,False,166,time0,0.8244656588282993,1,,,time0,TIME0,0.9349835833695171,0.9567354658776492,1.0,9
0.0,False,166,time1,1.0,8,,,time1,TIME1,0.8864573970196495,0.9458295880785982,0.0,6
0.0,False,166,time1,1.0,5,,,time1,TIME1,0.8832213094082686,0.946227576571474,0.0,10
0.00019389746936452495,False,166,goleiro_time1,0.965511910015413,9,,,goleiro1,GOL-TIME1,0.8716661771029501,0.9295572255545546,0.0,3
0.00815144397115204,False,166,time0,0.6270155300787544,2,,,time0,TIME0,0.8700790273294186,0.9782861917240475,1.0,2
0.0015012858862571033,False,166,time0,0.910803091576071,4,,,time0,TIME0,0.859041316148583,0.9494359543656594,0.0,7
0.004909156661437895,False,166,time1,0.6625726844510543,7,,,time1,TIME1,0.7782941133283887,0.9493293198178032,0.0,8
0.0,True,166,excluido,1.0,10,,,excluir,EXCLUÍDO,0.65,0.0,0.0,11
0.0,False,167,time1,0.0,novo,0.061412500519913205,True,time1,TIME1,0.0,,,12
1.5784265018764292e-05,False,167,time0,0.9951746926955021,0,,,time0,TIME0,0.980418986619035,0.9276378465554636,1.0,1
0.00109584168753806,False,167,time0,0.8524760129886355,1,,,time0,TIME0,0.9436882989269971,0.9567354658776492,1.0,9
0.0024558302027631257,False,167,time0,0.8507718344072625,2,,,time0,TIME0,0.9424128344728557,0.9782861917240475,1.0,2
0.0020348935548074594,False,167,time1,0.829312714952705,6,,,time1,TIME1,0.9356194247160939,0.9551228477186171,1.0,4
0.005165530071954487,False,167,time0,0.7375726137961146,3,,,time0,TIME0,0.9068527121268738,0.9735526305583604,1.0,5
0.0,False,167,time1,1.0,5,,,time1,TIME1,0.8865568941428685,0.946227576571474,0.0,10
0.0,False,167,time1,1.0,8,,,time1,TIME1,0.8864573970196495,0.9458295880785982,0.0,6
0.0012644177542424284,False,167,time0,0.9207876664279016,4,,,time0,TIME0,0.8622780251271356,0.9494359543656594,0.0,7
0.0004270731851007358,False,167,goleiro_time1,0.9169114233785914,9,,,goleiro1,GOL-TIME1,0.8566912884703475,0.9295572255545546,0.0,3
0.0030445846713714393,False,167,time1,0.7847842048324694,7,,,time1,TIME1,0.8187259544063896,0.9493293198178032,0.0,8
0.0,True,167,excluido,1.0,10,,,excluir,EXCLUÍDO,0.65,0.0,0.0,11
0.0,False,168,time1,0.0,novo,0.06391265287841541,True,time1,TIME1,0.0,,,12
1.8778480180110523e-05,False,168,time0,0.997746092368163,0,,,time0,TIME0,0.9811353101036046,0.9273423955057563,1.0,1
0.002561360641812263,False,168,time0,0.8300884477714211,2,,,time0,TIME0,0.9406077497548558,0.9774257600245,1.0,2
0.003338062319231789,False,168,time0,0.8214562769436766,3,,,time0,TIME0,0.935530427839048,0.974113437044924,1.0,5
0.0012507186944028588,False,168,time0,0.8213713974332878,1,,,time0,TIME0,0.9341818028435916,0.9567354658776492,1.0,9
0.002166865098045325,False,168,time1,0.8074103291359317,6,,,time1,TIME1,0.9288069127607892,0.954673069520088,1.0,4
0.0,False,168,time1,1.0,8,,,time1,TIME1,0.8861932408889805,0.9447729635559222,0.0,6
0.0,False,168,time1,1.0,5,,,time1,TIME1,0.8861133345145407,0.9444533380581623,0.0,10
0.0008367192419080836,False,168,time0,0.9336119680950592,4,,,time0,TIME0,0.866382560463447,0.9496484123268225,0.0,7
0.0005235795017798673,False,168,goleiro_time1,0.932709610879466,9,,,goleiro1,GOL-TIME1,0.8606535940733475,0.9277043256728319,0.0,3
0.002484848917375772,False,168,time1,0.8153424834371121,7,,,time1,TIME1,0.8292702842434236,0.9492621004470054,0.0,8
0.0,True,168,excluido,1.0,10,,,excluir,EXCLUÍDO,0.65,0.0,0.0,11
0.0,False,169,time1,0.0,novo,0.06391265287841541,True,time1,TIME1,0.0,,,12
4.4415737047737725e-06,False,169,time0,0.9993186258204718,0,,,time0,TIME0,0.9816114424670958,0.9273423955057563,1.0,1
0.001062138751431531,False,169,time1,0.8979811645868956,6,,,time1,TIME1,0.9563000306033296,0.954673069520088,1.0,4
0.0009743371460999483,False,169,time0,0.8406016082386526,1,,,time0,TIME0,0.9402595153646053,0.9567354658776492,1.0,9
0.0025516908485269446,False,169,time0,0.8274269898753723,2,,,time0,TIME0,0.9388993361712494,0.9774257600245,1.0,2
0.004798265028105222,False,169,time0,0.7559282885463735,3,,,time0,TIME0,0.9144775537565647,0.974113437044924,1.0,5
0.0,False,169,time1,1.0,8,,,time1,TIME1,0.8861932408889805,0.9447729635559222,0.0,6
0.0,False,169,time1,1.0,7,,,time1,TIME1,0.8856213099408133,0.9492621004470054,0.0,8
0.0006943762766618094,False,169,time0,0.9412531399141487,4,,,time0,TIME0,0.8690561789217159,0.9496484123268225,0.0,7
0.0007060218422262859,False,169,goleiro_time1,0.892235057714133,9,,,goleiro1,GOL-TIME1,0.8484962241857579,0.9277043256728319,0.0,3
0.011415379799211606,False,169,time1,0.5144813587125886,5,,,time1,TIME1,0.7222969106295715,0.9444533380581623,0.0,10
0.0,True,169,excluido,1.0,10,,,excluir,EXCLUÍDO,0.65,0.0,0.0,11
0.0,False,170,time1,0.0,novo,0.06391265287841541,True,time1,TIME1,0.0,,,12
8.748979306741809e-06,False,170,time0,0.9990443453194857,0,,,time0,TIME0,0.9815352305803157,0.9273423955057563,1.0,1
0.0006766641846274524,False,170,time1,0.9374006676275886,6,,,time1,TIME1,0.9688635825933344,0.954673069520088,1.0,4
0.0012445710468680312,False,170,time0,0.8328709896056032,1,,,time0,TIME0,0.9369779826116255,0.9567354658776492,1.0,9
0.005373756836749311,False,170,time0,0.7535107184085487,3,,,time0,TIME0,0.912710956707789,0.974113437044924,1.0,5
0.00653597219563275,False,170,time0,0.6744392562729787,2,,,time0,TIME0,0.8878023494593927,0.9774257600245,1.0,2
0.0,False,170,time1,1.0,5,,,time1,TIME1,0.878330121015078,0.9444533380581623,0.0,10
0.0004139225929491873,False,170,goleiro_time1,0.9468924106354424,9,,,goleiro1,GOL-TIME1,0.8653953102751624,0.9277043256728319,0.0,3
0.0004435360431743275,False,170,time0,0.9177839163559052,4,,,time0,TIME0,0.8621512225790562,0.9496484123268225,0.0,7
0.005835109328449925,False,170,time1,0.6137936038781867,7,,,time1,TIME1,0.762170477798128,0.9492621004470054,0.0,8
0.005419816961420952,False,170,time1,0.516190037762737,8,,,time1,TIME1,0.7324278161428138,0.9447729635559222,0.0,6
0.0,True,170,excluido,1.0,10,,,excluir,EXCLUÍDO,0.65,0.0,0.0,11
0.0,False,171,time1,0.0,novo,0.06457985789952081,True,time1,TIME1,0.0,,,12
1.6728534000376984e-05,False,171,time0,0.9975704740771533,0,,,time0,TIME0,0.9810022917003632,0.9270521551942903,1.0,1
0.00046415271577868465,False,171,time1,0.9488547260581058,6,,,time1,TIME1,0.97268415916227,0.9550373618384106,1.0,4
0.0011726327444220805,False,171,time0,0.9196739972725733,2,,,time0,TIME0,0.9647477480381988,0.9771403539936225,1.0,2
0.0005809322468947601,False,171,time0,0.9152639116824743,1,,,time0,TIME0,0.9625432348497739,0.9564224438186301,1.0,9
0.003418070518837868,False,171,time0,0.8239934972045155,3,,,time0,TIME0,0.9363442665535312,0.9743578262459891,1.0,5
0.0,False,171,time1,1.0,5,,,time1,TIME1,0.8859254368266118,0.9437017473064474,0.0,10
0.0001904858187231372,False,171,goleiro_time1,0.9768379683442149,9,,,goleiro1,GOL-TIME1,0.8742505462942775,0.9263903666284263,0.0,3
0.0004087121752791735,False,171,time0,0.9440478161146517,4,,,time0,TIME0,0.8701880745534827,0.9500472565563625,0.0,7
0.001256774922200954,False,171,time1,0.8501484636400647,8,,,time1,TIME1,0.8356975104618709,0.9428029826520723,0.0,6
0.003683744593891462,False,171,time1,0.7287234168565372,7,,,time1,TIME1,0.7998023975223084,0.9486168221638761,0.0,8
0.0,True,171,excluido,1.0,10,,,excluir,EXCLUÍDO,0.65,0.0,0.0,11
0.0,False,172,time1,0.0,novo,0.06457985789952081,True,time1,TIME1,0.0,,,12
1.0073779137575138e-05,False,172,time0,0.9983373123100429,0,,,time0,TIME0,0.9812462551636051,0.9270521551942903,1.0,1
0.0003718937133943572,False,172,time0,0.9459920178808456,1,,,time0,TIME0,0.9724222199663128,0.9564224438186301,1.0,9
0.0008858704393540693,False,172,time1,0.9238091438815259,6,,,time1,TIME1,0.9648003740664963,0.9550373618384106,1.0,4
0.0016416195451254508,False,172,time0,0.8945605713590119,2,,,time0,TIME0,0.9608369149979424,0.9771403539936225,1.0,2
0.0,False,172,time1,1.0,5,,,time1,TIME1,0.8859254368266118,0.9437017473064474,0.0,10
0.0,False,172,time1,1.0,7,,,time1,TIME1,0.8846425614996793,0.9486168221638761,0.0,8
0.00025425282267777606,False,172,goleiro_time1,0.9555545659335181,9,,,goleiro1,GOL-TIME1,0.8679651682760613,0.9263903666284263,0.0,3
0.0007602678889958502,False,172,time0,0.9366467911422918,4,,,time0,TIME0,0.8675249697592075,0.9500472565563625,0.0,7
0.0008570542483757379,False,172,time1,0.8758063525044231,8,,,time1,TIME1,0.8471027686067902,0.9428029826520723,0.0,6
0.01424476403375091,False,172,time0,0.48111663681525146,3,,,time0,TIME0,0.8168168704782458,0.9743578262459891,1.0,5
0.0,True,172,excluido,1.0,10,,,excluir,EXCLUÍDO,0.65,0.0,0.0,11
0.0,False,173,time1,0.0,novo,0.06457985789952081,True,time1,TIME1,0.0,,,12
1.8737979892330174e-05,False,173,time0,0.9975627941501918,0,,,time0,TIME0,0.9810085452460361,0.9270521551942903,1.0,1
0.0011124586705618144,False,173,time1,0.9150731617783352,6,,,time1,TIME1,0.9617617336804885,0.9550373618384106,1.0,4
0.001838048699432941,False,173,time0,0.8824201929560903,2,,,time0,TIME0,0.9571258104937556,0.9771403539936225,1.0,2
0.0029374488571007923,False,173,time0,0.8790975399503507,3,,,time0,TIME0,0.9437281682432844,0.9743578262459891,1.0,5
0.0013498425478837154,False,173,time0,0.8238041695116131,1,,,time0,TIME0,0.9343528806071608,0.9564224438186301,1.0,9
0.0,False,173,time1,1.0,7,,,time1,TIME1,0.887154205540969,0.9486168221638761,0.0,8
0.0,False,173,time1,1.0,5,,,time1,TIME1,0.8859254368266118,0.9437017473064474,0.0,10
0.00015575524766252855,False,173,goleiro_time1,0.9686108325657801,9,,,goleiro1,GOL-TIME1,0.8717822213388163,0.9263903666284263,0.0,3
0.0006496292580089499,False,173,time1,0.9291823167766174,8,,,time1,TIME1,0.8633546413925175,0.9428029826520723,0.0,6
0.000894153615411657,False,173,time0,0.9225100385750348,4,,,time0,TIME0,0.8633468040082622,0.9500472565563625,0.0,7
0.0,True,173,excluido,1.0,10,,,excluir,EXCLUÍDO,0.65,0.0,0.0,11
0.0,False,174,time1,0.0,novo,0.06357459767542162,True,time1,TIME1,0.0,,,12
2.2969568736790037e-05,False,174,time0,0.9959952480868922,0,,,time0,TIME0,0.9805275842581059,0.9270117309029502,1.0,1
0.0009846956820855322,False,174,time1,0.9184731314796053,6,,,time1,TIME1,0.9630533613032441,0.9553813465032807,1.0,4
0.0022662449470819816,False,174,time0,0.9018263004083152,3,,,time0,TIME0,0.9610808771446052,0.9738334955355142,1.0,5
0.0006895878508731163,False,174,time0,0.9006752783729656,1,,,time0,TIME0,0.9582601912354834,0.9566143246708698,1.0,9
0.0023003399429695694,False,174,time0,0.8556872960955308,2,,,time0,TIME0,0.9484854293781085,0.9767733093287685,1.0,2
0.0,False,174,time1,1.0,7,,,time1,TIME1,0.886937566603227,0.9477502664129077,0.0,8
0.0,False,174,time1,1.0,5,,,time1,TIME1,0.8853978183891249,0.9415912735564996,0.0,10
0.0005136461030827502,False,174,goleiro_time1,0.9429086986960968,9,,,goleiro1,GOL-TIME1,0.8630084292173106,0.9239661307833443,0.0,3
0.0009576935793125714,False,174,time1,0.9107647090063687,8,,,time1,TIME1,0.857081797135379,0.940100438559788,0.0,6
0.0015610048907286403,False,174,time0,0.8822348817261491,4,,,time0,TIME0,0.8501544578659725,0.9494833245246483,0.0,7
0.0,True,174,excluido,1.0,10,,,excluir,EXCLUÍDO,0.65,0.0,0.0,11
0.0,False,175,time1,0.0,novo,0.06357459767542162,True,time1,TIME1,0.0,,,12
0.0001693319663838239,False,175,time0,0.9829442817258357,0,,,time0,TIME0,0.9763551869650221,0.9270117309029502,1.0,1
0.0004727744796958463,False,175,time0,0.9492720468546295,1,,,time0,TIME0,0.9732484805216389,0.9566143246708698,1.0,9
0.0007578592681074792,False,175,time1,0.9386669143806097,6,,,time1,TIME1,0.9695978497494662,0.9553813465032807,1.0,4
0.001718690238851241,False,175,time0,0.881074961989578,2,,,time0,TIME0,0.9565251052373894,0.9767733093287685,1.0,2
0.0033154511033701432,False,175,time0,0.8014590978246108,3,,,time0,TIME0,0.9296322198355703,0.9738334955355142,1.0,5
0.0,False,175,time1,1.0,7,,,time1,TIME1,0.886937566603227,0.9477502664129077,0.0,8
0.0,False,175,time1,1.0,5,,,time1,TIME1,0.8853978183891249,0.9415912735564996,0.0,10
0.0006016508915695013,False,175,goleiro_time1,0.936369894933946,9,,,goleiro1,GOL-TIME1,0.8608756795080049,0.9239661307833443,0.0,3
0.0011645561505886737,False,175,time0,0.8995871443226113,4,,,time0,TIME0,0.855903632917779,0.9494833245246483,0.0,7
0.0009302921112967927,False,175,time1,0.8983448984258463,8,,,time1,TIME1,0.8534198698455175,0.940100438559788,0.0,6
0.0,True,175,excluido,1.0,10,,,excluir,EXCLUÍDO,0.65,0.0,0.0,11
0.0,False,176,time1,0.0,novo,0.06357459767542162,True,time1,TIME1,0.0,,,12
7.416155358373732e-05,False,176,time0,0.9918265719139348,0,,,time0,TIME0,0.9790942715999079,0.9270117309029502,1.0,1
0.000815682809646832,False,176,time0,0.9103478816191166,1,,,time0,TIME0,0.9611558803581807,0.9566143246708698,1.0,9
0.001816610618972072,False,176,time0,0.8642844581436393,2,,,time0,TIME0,0.9517586479105246,0.9767733093287685,1.0,2
0.0016557769212256423,False,176,time1,0.8748021806701203,6,,,time1,TIME1,0.9491675349468489,0.9553813465032807,1.0,4
0.0039256471022407115,False,176,time0,0.8537259319804524,3,,,time0,TIME0,0.9455901973814724,0.9738334955355142,1.0,5
0.0,False,176,time1,1.0,7,,,time1,TIME1,0.886937566603227,0.9477502664129077,0.0,8
0.0,False,176,time1,1.0,5,,,time1,TIME1,0.8853978183891249,0.9415912735564996,0.0,10
0.0005921216776906679,False,176,goleiro_time1,0.9300240635330985,9,,,goleiro1,GOL-TIME1,0.8592318222184295,0.9239661307833443,0.0,3
0.0014673662214517282,False,176,time1,0.823203773580219,8,,,time1,TIME1,0.8299537487966628,0.940100438559788,0.0,6
0.0029210744762862804,False,176,time0,0.7689259230348552,4,,,time0,TIME0,0.8141786431227837,0.9494833245246483,0.0,7
0.0,True,176,excluido,1.0,10,,,excluir,EXCLUÍDO,0.65,0.0,0.0,11
0.0,False,177,time1,0.0,novo,0.06319465110911648,True,time1,TIME1,0.0,,,12
2.58231918085582e-05,False,177,time0,0.9943673255936136,0,,,time0,TIME0,0.9795503178099583,0.9252056736390445,1.0,1
0.0007253713216097207,False,177,time0,0.9252042633168875,1,,,time0,TIME0,0.9661528276020693,0.9574657065557199,1.0,9
0.0010825316435371496,False,177,time1,0.924887730719413,6,,,time1,TIME1,0.9649206814800236,0.9555841808681738,1.0,4
0.0026532045011856686,False,177,time0,0.8131165653081354,2,,,time0,TIME0,0.9350664732614314,0.9768760473936979,1.0,2
0.005138319662056652,False,177,time0,0.785139699861051,3,,,time0,TIME0,0.9221355659370271,0.972094691388227,1.0,5
0.0,False,177,time1,1.0,7,,,time1,TIME1,0.8858640295269896,0.9434561181079584,0.0,8
0.0005743215142562182,False,177,goleiro_time1,0.9312728926401804,9,,,goleiro1,GOL-TIME1,0.8597184738525675,0.923736623087252,0.0,3
0.0013310801942567757,False,177,time1,0.8533469083700852,8,,,time1,TIME1,0.8391777244430032,0.937995850216869,0.0,6
0.0020875143899975438,False,177,time0,0.8064996515162328,4,,,time0,TIME0,0.8266140649056029,0.9487033134633285,0.0,7
0.0,True,177,excluido,1.0,10,,,excluir,EXCLUÍDO,0.65,0.0,0.0,11
0.021489679748989757,False,177,time1,0.13134607779219204,5,,,time1,TIME1,0.5907362679083754,0.9420822857764423,0.0,10
0.0,False,178,time1,0.0,novo,0.06319465110911648,True,time1,TIME1,0.0,,,12
2.3981901538765444e-05,False,178,time0,0.9969986023963211,0,,,time0,TIME0,0.9803772510083897,0.9252056736390445,1.0,1
0.0006154764272157712,False,178,time0,0.93260866429085,1,,,time0,TIME0,0.9684938730524698,0.9574657065557199,1.0,9
0.0016484236695711095,False,178,time1,0.8885864014011532,6,,,time1,TIME1,0.9535827481601437,0.9555841808681738,1.0,4
0.002489993585889956,False,178,time0,0.8222860218566718,2,,,time0,TIME0,0.9385141255537425,0.9768760473936979,1.0,2
0.007314969411480504,False,178,time0,0.7900947744938136,3,,,time0,TIME0,0.9186203513103449,0.972094691388227,1.0,5
0.0,False,178,time1,1.0,7,,,time1,TIME1,0.8858640295269896,0.9434561181079584,0.0,8
0.0005667108972718054,False,178,time0,0.9361027065225452,4,,,time0,TIME0,0.8664534127692662,0.9487033134633285,0.0,7
0.00045741713076938875,False,178,goleiro_time1,0.9397270968174484,9,,,goleiro1,GOL-TIME1,0.8623484540682297,0.923736623087252,0.0,3
0.0010887232253072772,False,178,time1,0.8740404158059749,8,,,time1,TIME1,0.845466467623315,0.937995850216869,0.0,6
0.004532130303101832,False,178,time1,0.6100488901018809,5,,,time1,TIME1,0.7525472878081144,0.9420822857764423,0.0,10
0.0,True,178,excluido,1.0,10,,,excluir,EXCLUÍDO,0.65,0.0,0.0,11
0.0,False,179,time1,0.0,novo,0.06319465110911648,True,time1,TIME1,0.0,,,12
0.00017325102954011918,False,179,time0,0.9800842601864403,0,,,time0,TIME0,0.9750667239069075,0.9252056736390445,1.0,1
0.00047252589106655177,False,179,time0,0.9497711745541991,1,,,time0,TIME0,0.9737441866643052,0.9574657065557199,1.0,9
0.0017464183218864888,False,179,time1,0.8800282243184768,6,,,time1,TIME1,0.9512495021970123,0.9555841808681738,1.0,4
0.0019382248438013132,False,179,time0,0.8519185261363134,2,,,time0,TIME0,0.947587910966251,0.9768760473936979,1.0,2
0.005538865954525366,False,179,time0,0.8238511050915324,3,,,time0,TIME0,0.9338917615490059,0.972094691388227,1.0,5
0.0,False,179,time1,1.0,7,,,time1,TIME1,0.8858640295269896,0.9434561181079584,0.0,8
0.00041620326679203153,False,179,time0,0.9575896908606318,4,,,time0,TIME0,0.8738597761980382,0.9487033134633285,0.0,7
0.00036498541002007493,False,179,time1,0.9518731248028045,8,,,time1,TIME1,0.8692343566156959,0.937995850216869,0.0,6
0.000652773751972406,False,179,goleiro_time1,0.9238993970020345,9,,,goleiro1,GOL-TIME1,0.8573600074010537,0.923736623087252,0.0,3
0.0019365062339225414,False,179,time1,0.7702462005061107,5,,,time1,TIME1,0.811026251258534,0.9420822857764423,0.0,10
0.0,True,179,excluido,1.0,10,,,excluir,EXCLUÍDO,0.65,0.0,0.0,11
0.0,False,180,time1,0.0,novo,0.05903536741652238,True,time1,TIME1,0.0,,,12
5.047100330881976e-05,False,180,time0,0.9943561427154372,0,,,time0,TIME0,0.979129401259219,0.9238123523399764,1.0,1
0.0004404510582847821,False,180,time0,0.9485807893990748,1,,,time0,TIME0,0.9734821052127391,0.9576028792120829,1.0,9
0.0009532004159366323,False,180,time0,0.9179443648579391,2,,,time0,TIME0,0.967664182653306,0.975442862945384,1.0,2
0.0020009276220776116,False,180,time1,0.854450678609874,6,,,time1,TIME1,0.9432679543309527,0.9557716171033639,1.0,4
0.0060585842153714365,False,180,time0,0.7887276350270201,3,,,time0,TIME0,0.9236703553127192,0.9717569773777573,1.0,5
0.0,False,180,time1,1.0,7,,,time1,TIME1,0.884731661624124,0.9389266464964958,0.0,8
0.0003501825913002509,False,180,goleiro_time1,0.950868489782392,9,,,goleiro1,GOL-TIME1,0.8656290875263123,0.9236774356720541,0.0,3
0.0002255060843185273,False,180,time1,0.9378433686592647,8,,,time1,TIME1,0.8649264899271824,0.9355885110933672,0.0,6
0.0007451026635671759,False,180,time0,0.9279169247343628,4,,,time0,TIME0,0.864034916204311,0.9463741434846968,0.0,7
0.0009931812803126885,False,180,time1,0.8955783640855239,5,,,time1,TIME1,0.8526738148188064,0.9425967272742023,0.0,10
0.0,True,180,excluido,1.0,10,,,excluir,EXCLUÍDO,0.65,0.0,0.0,11
0.0,False,181,time1,0.0,novo,0.05903536741652238,True,time1,TIME1,0.0,,,12
8.890998085780988e-05,False,181,time0,0.9780254713696733,0,,,time0,TIME0,0.9741918991850559,0.9238123523399764,1.0,1
0.00044763374770019496,False,181,time0,0.8909598059025401,1,,,time0,TIME0,0.956208679681287,0.9576028792120829,1.0,9
0.001927617922115928,False,181,time0,0.8687724218965087,2,,,time0,TIME0,0.9520039515967879,0.975442862945384,1.0,2
0.004244004108909341,False,181,time0,0.8290454483551775,3,,,time0,TIME0,0.9364724637992398,0.9717569773777573,1.0,5
0.0022148877538466865,False,181,time1,0.8315640112304858,6,,,time1,TIME1,0.9362482818323397,0.9557716171033639,1.0,4
0.0,False,181,time1,1.0,7,,,time1,TIME1,0.884731661624124,0.9389266464964958,0.0,8
0.0007522644005124054,False,181,time0,0.9204301839792607,4,,,time0,TIME0,0.8616549731664693,0.9463741434846968,0.0,7
0.0007979873070985525,False,181,time1,0.9256278939796952,8,,,time1,TIME1,0.8602929284424856,0.9355885110933672,0.0,6
0.0008813798125967964,False,181,goleiro_time1,0.9029072786124743,9,,,goleiro1,GOL-TIME1,0.8506200322087875,0.9236774356720541,0.0,3
0.002795385833090528,False,181,time1,0.7744799619098438,5,,,time1,TIME1,0.814197751622033,0.9425967272742023,0.0,10
0.0,True,181,excluido,1.0,10,,,excluir,EXCLUÍDO,0.65,0.0,0.0,11
0.0,False,182,time1,0.0,novo,0.05903536741652238,True,time1,TIME1,0.0,,,12
5.4464576467663426e-05,False,182,time0,0.9928143074647143,0,,,time0,TIME0,0.9786548151980637,0.9238123523399764,1.0,1
0.0006559361037312728,False,182,time0,0.9167770709425601,1,,,time0,TIME0,0.9635864897427959,0.9576028792120829,1.0,9
0.0017712741408735446,False,182,time0,0.8572297882767506,2,,,time0,TIME0,0.9485395552547403,0.975442862945384,1.0,2
0.0030992725463802944,False,182,time0,0.8628980109087745,3,,,time0,TIME0,0.9475724057549866,0.9717569773777573,1.0,5
0.0020989758477792226,False,182,time1,0.8208380005875482,6,,,time1,TIME1,0.9330788826908654,0.9557716171033639,1.0,4
0.0,False,182,time1,1.0,7,,,time1,TIME1,0.884731661624124,0.9389266464964958,0.0,8
0.0003955671383225041,False,182,goleiro_time1,0.9281664270182711,9,,,goleiro1,GOL-TIME1,0.8585752973974361,0.9236774356720541,0.0,3
0.000902628255446175,False,182,time1,0.9083707999471246,8,,,time1,TIME1,0.8554252770378381,0.9355885110933672,0.0,6
0.001154325967507603,False,182,time0,0.8943928648296307,4,,,time0,TIME0,0.8534085500059729,0.9463741434846968,0.0,7
0.001572143792080716,False,182,time1,0.8612490045709066,5,,,time1,TIME1,0.8415897624349852,0.9425967272742023,0.0,10
0.0,True,182,excluido,1.0,10,,,excluir,EXCLUÍDO,0.65,0.0,0.0,11
0.0,False,183,time1,0.0,novo,0.056023375900007166,True,time1,TIME1,0.0,,,12
3.845905805650698e-05,False,183,time0,0.9967889748731535,0,,,time0,TIME0,0.9802178008727996,0.9250558272431328,1.0,1
0.0003162141473179233,False,183,time0,0.906164020171531,1,,,time0,TIME0,0.9604822450170064,0.9582039107359308,1.0,9
0.0016450783768740315,False,183,time0,0.882514213588833,2,,,time0,TIME0,0.9562626737659305,0.9747192072121242,1.0,2
0.0017026431833094245,False,183,time1,0.8455614364010519,6,,,time1,TIME1,0.9407887219517305,0.9558136508353094,1.0,4
0.0003598627086235407,False,183,time0,0.9594027646108672,4,,,time0,TIME0,0.8731260431073906,0.9446983752061864,0.0,7
0.0003894409759477798,False,183,time1,0.9546379123579657,8,,,time1,TIME1,0.8692329773384526,0.934373373069743,0.0,6
0.0005464857263924005,False,183,goleiro_time1,0.9413812840333424,9,,,goleiro1,GOL-TIME1,0.8620914712618544,0.9217453212134956,0.0,3
0.0013922895129271202,False,183,time1,0.8765822918332777,5,,,time1,TIME1,0.8471772282341647,0.9424501454553293,0.0,10
0.017159248780601204,False,183,time0,0.4825844551108616,3,,,time0,TIME0,0.8120205527870409,0.9712861397238195,1.0,5
0.0,True,183,excluido,1.0,10,,,excluir,EXCLUÍDO,0.65,0.0,0.0,11
0.03415743648095874,False,183,time1,0.053306322870881606,7,,,time1,TIME1,0.545063153469795,0.93365053131295,0.0,8
0.0,False,184,time1,0.0,novo,0.056023375900007166,True,time1,TIME1,0.0,,,12
0.0001747741929506549,False,184,time0,0.9729750369006748,1,,,time0,TIME0,0.9809542064214125,0.9582039107359308,1.0,9
7.954125884199141e-05,False,184,time0,0.9962520207441188,0,,,time0,TIME0,0.9799895650240652,0.9250558272431328,1.0,1
0.0007274148723396419,False,184,time1,0.9167664641976009,6,,,time1,TIME1,0.9623843287625807,0.9558136508353094,1.0,4
0.0016698770712087227,False,184,time0,0.8814151158349298,2,,,time0,TIME0,0.9564578829862989,0.9747192072121242,1.0,2
0.003892226238129872,False,184,time0,0.8175180264563208,3,,,time0,TIME0,0.9245601524543515,0.9712861397238195,1.0,5
0.0004925240345753253,False,184,time0,0.9558457187046746,4,,,time0,TIME0,0.8723463333440141,0.9446983752061864,0.0,7
0.00048726998706425165,False,184,time1,0.9456184355872098,8,,,time1,TIME1,0.866745434741118,0.934373373069743,0.0,6
0.0008345011210815496,False,184,goleiro_time1,0.9155492863309702,9,,,goleiro1,GOL-TIME1,0.8540633198309302,0.9217453212134956,0.0,3
0.002116586272137435,False,184,time1,0.8300265799117866,5,,,time1,TIME1,0.8321350168513533,0.9424501454553293,0.0,10
0.0028112415261201612,False,184,time1,0.8410966998767903,7,,,time1,TIME1,0.8116970968083912,0.93365053131295,0.0,8
0.0,True,184,excluido,1.0,10,,,excluir,EXCLUÍDO,0.65,0.0,0.0,11
0.0,False,185,time1,0.0,novo,0.056023375900007166,True,time1,TIME1,0.0,,,12
8.619181639359391e-05,False,185,time0,0.9920807393114872,0,,,time0,TIME0,0.9788052563382524,0.9250558272431328,1.0,1
0.0004919973310754609,False,185,time0,0.9230211013803519,1,,,time0,TIME0,0.9657707599361663,0.9582039107359308,1.0,9
0.0009727662688922999,False,185,time1,0.9061278934740465,6,,,time1,TIME1,0.9595912245716623,0.9558136508353094,1.0,4
0.0022320793317307246,False,185,time0,0.8451968862926532,2,,,time0,TIME0,0.9448239774571817,0.9747192072121242,1.0,2
0.0006323249527913828,False,185,time1,0.9375400842320208,8,,,time1,TIME1,0.8640031806232382,0.934373373069743,0.0,6
0.0012080850342256165,False,185,time0,0.8965875491524903,4,,,time0,TIME0,0.853509279055377,0.9446983752061864,0.0,7
0.00972131789538543,False,185,time0,0.5703905815162877,3,,,time0,TIME0,0.8479284261440617,0.9712861397238195,1.0,5
0.0013048764161104635,False,185,goleiro_time1,0.8712458353991664,9,,,goleiro1,GOL-TIME1,0.8399896729398879,0.9217453212134956,0.0,3
0.00208085221473245,False,185,time1,0.8147274263873707,5,,,time1,TIME1,0.8281098979110955,0.9424501454553293,0.0,10
0.0029433248835088357,False,185,time1,0.8212159102682972,7,,,time1,TIME1,0.8266419238595868,0.93365053131295,0.0,8
0.0,True,185,excluido,1.0,10,,,excluir,EXCLUÍDO,0.65,0.0,0.0,11
0.0,False,186,time1,0.0,novo,0.05563621609117586,True,time1,TIME1,0.0,,,12
0.0002626200622779641,False,186,time0,0.9902805474029456,0,,,time0,TIME0,0.9782322138629578,0.9260312772439359,1.0,1
0.0022418108155820068,False,186,time0,0.8423382617357742,2,,,time0,TIME0,0.9442791963375864,0.9748954545004659,1.0,2
0.007884418791532042,False,186,time0,0.7155537526532949,3,,,time0,TIME0,0.8918011575824243,0.9699366991905137,1.0,5
0.0,False,186,time1,1.0,7,,,time1,TIME1,0.8801294307648948,0.928544972741876,0.0,8
0.0006197537750755839,False,186,time0,0.9326916385888028,1,,,time0,TIME0,0.8679083815363934,0.9560618154277756,0.0,9
0.000504378059461796,False,186,goleiro_time1,0.9496136519316639,9,,,goleiro1,GOL-TIME1,0.8638839878151205,0.922203710756879,0.0,3
0.0006227074138505898,False,186,time1,0.9351715706041152,8,,,time1,TIME1,0.862965000285377,0.9321041744236449,0.0,6
0.0010354793965727566,False,186,time1,0.9135311496515791,6,,,time1,TIME1,0.8618094174776824,0.9560901424213997,0.0,4
0.0012122467122742473,False,186,time0,0.8941893193949181,4,,,time0,TIME0,0.8530875050993714,0.9438329434893543,0.0,7
0.0024107810728271136,False,186,time1,0.7885548489714971,5,,,time1,TIME1,0.8197927985110829,0.9426926916747533,0.0,10
0.0,True,186,excluido,1.0,10,,,excluir,EXCLUÍDO,0.65,0.0,0.0,11
0.0,False,187,time1,0.0,novo,0.05563621609117586,True,time1,TIME1,0.0,,,12
3.8024925284094706e-05,False,187,time0,0.9965477526490993,0,,,time0,TIME0,0.9802784029656167,0.9260312772439359,1.0,1
0.0037862694442153083,False,187,time0,0.7320290775324807,2,,,time0,TIME0,0.9088258131661668,0.9748954545004659,1.0,2
0.00048448523636004606,False,187,time0,0.9634172139681468,1,,,time0,TIME0,0.8774603291469434,0.9560618154277756,0.0,9
0.0006314060880457128,False,187,time1,0.946430103424988,6,,,time1,TIME1,0.8720967956687247,0.9560901424213997,0.0,4
0.0004075526361544477,False,187,time1,0.9442913905164858,8,,,time1,TIME1,0.865733675148616,0.9321041744236449,0.0,6
0.001208935410267297,False,187,time0,0.8884274407924057,4,,,time0,TIME0,0.8513008835959637,0.9438329434893543,0.0,7
0.0009303723699113935,False,187,goleiro_time1,0.894036164018215,9,,,goleiro1,GOL-TIME1,0.8474478601149262,0.922203710756879,0.0,3
0.016553778603770646,False,187,time0,0.4902120201289451,3,,,time0,TIME0,0.8173692929330706,0.9699366991905137,1.0,5
0.0045042518493120486,False,187,time1,0.6680018941350978,5,,,time1,TIME1,0.7803407241461007,0.9426926916747533,0.0,10
0.006898949339288551,False,187,time1,0.627238966130811,7,,,time1,TIME1,0.7593323318031169,0.928544972741876,0.0,8
0.0,True,187,excluido,1.0,10,,,excluir,EXCLUÍDO,0.65,0.0,0.0,11
0.0,False,188,time1,0.0,novo,0.05563621609117586,True,time1,TIME1,0.0,,,12
0.0001476695346850166,False,188,time0,0.9927519773289603,0,,,time0,TIME0,0.9791205527970941,0.9260312772439359,1.0,1
0.002655840961162644,False,188,time0,0.7938674708036572,2,,,time0,TIME0,0.9286972402392035,0.9748954545004659,1.0,2
0.007842272770927205,False,188,time0,0.6814114767152842,3,,,time0,TIME0,0.8820596490327028,0.9699366991905137,1.0,5
0.00035114194047983454,False,188,time0,0.9694469229290544,1,,,time0,TIME0,0.8794356123840528,0.9560618154277756,0.0,9
0.000637338985444254,False,188,time1,0.9428614759353674,6,,,time1,TIME1,0.8711333492940156,0.9560901424213997,0.0,4
0.0006592909848469094,False,188,time1,0.9308982904041669,8,,,time1,TIME1,0.8614678179665933,0.9321041744236449,0.0,6
0.0008945102639961347,False,188,time0,0.9150104686099164,4,,,time0,TIME0,0.8593487114608014,0.9438329434893543,0.0,7
0.0006528244336133582,False,188,goleiro_time1,0.8906932341278354,9,,,goleiro1,GOL-TIME1,0.8469033398391463,0.922203710756879,0.0,3
0.00272789452756079,False,188,time1,0.7765516287025181,5,,,time1,TIME1,0.8142314814091116,0.9426926916747533,0.0,10
0.008829582387815955,False,188,time1,0.5525455781586253,7,,,time1,TIME1,0.7340724708668107,0.928544972741876,0.0,8
0.0,True,188,excluido,1.0,10,,,excluir,EXCLUÍDO,0.65,0.0,0.0,11
0.0,False,189,time1,0.0,novo,0.05582502554538604,True,time1,TIME1,0.0,,,12
4.345564511450084e-05,False,189,time0,0.9974051370201095,0,,,time0,TIME0,0.980615358436726,0.926022915867714,1.0,1
0.0003700225512689958,False,189,time0,0.9690245282343524,1,,,time0,TIME0,0.9791350561233861,0.9551118474740712,1.0,9
0.0019625191568804034,False,189,time0,0.8366483888420695,2,,,time0,TIME0,0.9420624046006429,0.9733181845773416,1.0,2
0.006655201795986203,False,189,time0,0.7243515049483114,3,,,time0,TIME0,0.9026303164543839,0.9699804133858382,1.0,5
0.0011453519179900696,False,189,time1,0.902496595459311,6,,,time1,TIME1,0.8583470142365168,0.9559554615101717,0.0,4
0.0008702697272327697,False,189,time1,0.9158425114507986,5,,,time1,TIME1,0.8578770000030823,0.9407732245385456,0.0,10
0.0009469810328259225,False,189,time1,0.887101456544122,8,,,time1,TIME1,0.8469676708555431,0.9283808509224911,0.0,6
0.001614856290366106,False,189,time0,0.849775709720161,4,,,time0,TIME0,0.8388442695121194,0.9436147539440216,0.0,7
0.0027050408109546486,False,189,goleiro_time1,0.7402240923491161,9,,,goleiro1,GOL-TIME1,0.7989325292611651,0.9232775480904197,0.0,3
0.005048676370108611,False,189,time1,0.727526220449635,7,,,time1,TIME1,0.7919245261130761,0.9268343210548773,0.0,8
0.0,True,189,excluido,1.0,10,,,excluir,EXCLUÍDO,0.65,0.0,0.0,11
0.0,False,190,time1,0.0,novo,0.05582502554538604,True,time1,TIME1,0.0,,,12
1.4937215118309767e-05,False,190,time0,0.9928743885214579,0,,,time0,TIME0,0.9793146556730247,0.926022915867714,1.0,1
0.0003407398000193773,False,190,time0,0.9403720526230669,1,,,time0,TIME0,0.9702591802169084,0.9551118474740712,1.0,9
0.0014698295825709173,False,190,time0,0.8780035657883183,2,,,time0,TIME0,0.954960918190808,0.9733181845773416,1.0,2
0.003971545289176698,False,190,time0,0.8351622694658493,3,,,time0,TIME0,0.9375499005793735,0.9699804133858382,1.0,5
0.000911615190986533,False,190,time1,0.9215428663803739,6,,,time1,TIME1,0.8644246478056477,0.9559554615101717,0.0,4
0.0007334605985364588,False,190,goleiro_time1,0.914427567811292,9,,,goleiro1,GOL-TIME1,0.8531309759307151,0.9232775480904197,0.0,3
0.001170655703833589,False,190,time0,0.8864886521387026,4,,,time0,TIME0,0.8504748866986191,0.9436147539440216,0.0,7
0.0013956804647601913,False,190,time1,0.8836704105956803,5,,,time1,TIME1,0.8485491699609925,0.9407732245385456,0.0,10
0.0010383063058791956,False,190,time1,0.8810822862573197,8,,,time1,TIME1,0.8452840130255428,0.9283808509224911,0.0,6
0.003995456877231421,False,190,time1,0.7772392605933873,7,,,time1,TIME1,0.8103979634962983,0.9268343210548773,0.0,8
0.0,True,190,excluido,1.0,10,,,excluir,EXCLUÍDO,0.65,0.0,0.0,11
0.0,False,191,time1,0.0,novo,0.05582502554538604,True,time1,TIME1,0.0,,,12
5.035594862766438e-05,False,191,time0,0.9952835387710991,0,,,time0,TIME0,0.9800008519110132,0.926022915867714,1.0,1
0.0012149985376681647,False,191,time0,0.9032345483036319,2,,,time0,TIME0,0.9630082888024544,0.9733181845773416,1.0,2
0.0005825986024290069,False,191,time0,0.914151282823913,1,,,time0,TIME0,0.9622767296019991,0.9551118474740712,1.0,9
0.005431644909867533,False,191,time0,0.7444609651369379,3,,,time0,TIME0,0.9084594532168506,0.9699804133858382,1.0,5
0.0010332831921314992,False,191,time1,0.9138998134805933,6,,,time1,TIME1,0.8620936375096722,0.9559554615101717,0.0,4
0.0009740969790446257,False,191,time0,0.9053191606435702,4,,,time0,TIME0,0.8561725727555141,0.9436147539440216,0.0,7
0.0010465173405019147,False,191,time1,0.8797858169083282,8,,,time1,TIME1,0.8450715420434229,0.9283808509224911,0.0,6
0.001211397959668513,False,191,goleiro_time1,0.8768692103658504,9,,,goleiro1,GOL-TIME1,0.8424498022099177,0.9232775480904197,0.0,3
0.002124002533399638,False,191,time1,0.8354136663701694,5,,,time1,TIME1,0.8331447359064313,0.9407732245385456,0.0,10
0.005128641954521096,False,191,time1,0.7337425550549245,7,,,time1,TIME1,0.7959339820130903,0.9268343210548773,0.0,8
0.00032027879970256926,True,191,excluido,0.9014071171523115,10,,,excluir,EXCLUÍDO,0.6199126006916211,0.0,0.0,11
0.0,False,192,time1,0.0,novo,0.053074779023934315,True,time1,TIME1,0.0,,,12
2.6140564023762022e-05,False,192,time0,0.9962535996195402,0,,,time0,TIME0,0.9803691888331376,0.9261675610925901,1.0,1
0.0005002589966067587,False,192,time0,0.9380298017554639,1,,,time0,TIME0,0.969352993379757,0.9551491115602249,1.0,9
0.002469083122111672,False,192,time0,0.830921576817853,2,,,time0,TIME0,0.9392811424041426,0.9724608472453724,1.0,2
0.007313742905622989,False,192,time0,0.6952931713586937,3,,,time0,TIME0,0.892776215201789,0.9684816201400042,1.0,5
0.00039640754545282634,False,192,goleiro_time1,0.9592140695269906,9,,,goleiro1,GOL-TIME1,0.8679101271542691,0.9260118218981563,0.0,3
0.001326896701287615,False,192,time1,0.8956001093319134,6,,,time1,TIME1,0.8559529083004138,0.9559778418573784,0.0,4
0.0008213644803326656,False,192,time0,0.8951170320610795,4,,,time0,TIME0,0.8534046591153641,0.9429233310965969,0.0,7
0.0012975089593913996,False,192,time1,0.8714317892387384,5,,,time1,TIME1,0.8444298197922915,0.9414717801407839,0.0,10
0.0014732055176214839,False,192,time1,0.8451064282430275,8,,,time1,TIME1,0.8327977320726341,0.9242733771931653,0.0,6
0.0049499065271288185,False,192,time1,0.7320590685847747,7,,,time1,TIME1,0.79702247747471,0.9285682902179015,0.0,8
1.4741800357806919e-05,True,192,excluido,0.9974764025899443,10,,,excluir,EXCLUÍDO,0.6490169881071977,0.0,0.0,11
0.0,False,193,time1,0.0,novo,0.053074779023934315,True,time1,TIME1,0.0,,,12
4.2833301578597925e-05,False,193,time0,0.9951467375613082,0,,,time0,TIME0,0.9800259585644071,0.9261675610925901,1.0,1
0.0005153668944535752,False,193,time0,0.9499380416539865,1,,,time0,TIME0,0.9732091517413629,0.9551491115602249,1.0,9
0.002017406511581174,False,193,time0,0.8473020880511246,2,,,time0,TIME0,0.9449248688915596,0.9724608472453724,1.0,2
0.005594601757437632,False,193,time0,0.7716931978184568,3,,,time0,TIME0,0.9171338945223816,0.9684816201400042,1.0,5
0.0012554418783594554,False,193,time1,0.9068657723124788,6,,,time1,TIME1,0.8596795136932969,0.9559778418573784,0.0,4
0.0010036232203200195,False,193,time0,0.9151506638509758,4,,,time0,TIME0,0.8590785539252845,0.9429233310965969,0.0,7
0.0007887275835868236,False,193,goleiro_time1,0.924566599539297,9,,,goleiro1,GOL-TIME1,0.8578078838733108,0.9260118218981563,0.0,3
0.001702910644381596,False,193,time1,0.8651178423494946,5,,,time1,TIME1,0.84257062978669,0.9414717801407839,0.0,10
0.0020472499316545986,False,193,time1,0.8689915077507802,7,,,time1,TIME1,0.8389477128944679,0.9285682902179015,0.0,8
0.0018370752466535729,False,193,time1,0.7962572837393431,8,,,time1,TIME1,0.8180272463976432,0.9242733771931653,0.0,6
0.0,True,193,excluido,1.0,10,,,excluir,EXCLUÍDO,0.6499899487724833,0.0,0.0,11
0.0,False,194,time1,0.0,novo,0.053074779023934315,True,time1,TIME1,0.0,,,12
1.2792465986697685e-05,False,194,time0,0.9990489712130276,0,,,time0,TIME0,0.9812164563206061,0.9261675610925901,1.0,1
0.00039146103758885137,False,194,time0,0.9378041537814057,1,,,time0,TIME0,0.9694068013728517,0.9551491115602249,1.0,9
0.002954012368203062,False,194,time0,0.774180531808602,2,,,time0,TIME0,0.9220369439024573,0.9724608472453724,1.0,2
0.006799694494819768,False,194,time0,0.7442725973854558,3,,,time0,TIME0,0.9081852288066709,0.9684816201400042,1.0,5
0.0008803229557956813,False,194,time0,0.9175634138854386,4,,,time0,TIME0,0.8600809021845035,0.9429233310965969,0.0,7
0.0014298516606725139,False,194,time1,0.8947869291096807,6,,,time1,TIME1,0.8559919051533886,0.9559778418573784,0.0,4
0.0015420148502102162,False,194,time1,0.8738086699026599,5,,,time1,TIME1,0.8458690719509381,0.9414717801407839,0.0,10
0.0019312736969377578,False,194,goleiro_time1,0.8198360536178492,9,,,goleiro1,GOL-TIME1,0.8249186544335123,0.9260118218981563,0.0,3
0.0042991591276117765,False,194,time1,0.7396937005400049,7,,,time1,TIME1,0.7983908213150911,0.9285682902179015,0.0,8
0.0026765905018527403,False,194,time1,0.7127859155446874,8,,,time1,TIME1,0.7911430960495365,0.9242733771931653,0.0,6
0.0,True,194,excluido,1.0,10,,,excluir,EXCLUÍDO,0.65,0.0,0.0,11
0.0,False,195,time1,0.0,novo,0.05009063093577759,True,time1,TIME1,0.0,,,12
5.008324943794692e-05,False,195,time0,0.9856468244922986,0,,,time0,TIME0,0.9773374890320147,0.9268807799005476,1.0,1
0.0007209571485390494,False,195,time0,0.9036540053468967,1,,,time0,TIME0,0.9590440120888135,0.9553964904992793,1.0,9
0.0013906986471643817,False,195,time0,0.8809331596703095,2,,,time0,TIME0,0.9545967979465245,0.9708029226773034,1.0,2
0.0,False,195,goleiro_time1,1.0,9,,,goleiro1,GOL-TIME1,0.8805716784636877,0.9275538239373085,0.0,3
0.011179486439018007,False,195,time0,0.6034697299189438,3,,,time0,TIME0,0.8592216285122377,0.9655595187384087,1.0,5
0.0008516352191866099,False,195,time0,0.9092361079036875,4,,,time0,TIME0,0.8574982678219761,0.9433667473867837,0.0,7
0.0013136230831307524,False,195,time1,0.8294039238759973,8,,,time1,TIME1,0.82613628632097,0.9209007845109247,0.0,6
0.003158406606587389,False,195,time1,0.7618744556059144,6,,,time1,TIME1,0.8133420313570724,0.9553392435829199,0.0,4
0.003244484833197108,False,195,time1,0.721698118977177,7,,,time1,TIME1,0.792517099015967,0.9283502683574962,0.0,8
0.007827811203516553,False,195,time1,0.5515587355898938,5,,,time1,TIME1,0.7387721403282642,0.9418622919480949,0.0,10
0.0,True,195,excluido,1.0,10,,,excluir,EXCLUÍDO,0.65,0.0,0.0,11
0.0,False,196,time1,0.0,novo,0.05009063093577759,True,time1,TIME1,0.0,,,12
7.117723440596288e-06,False,196,time0,0.9955703368291701,0,,,time0,TIME0,0.9803531427295572,0.9268807799005476,1.0,1
0.00039263901793128094,False,196,time0,0.9450360248285775,1,,,time0,TIME0,0.971779011365124,0.9553964904992793,1.0,9
0.00257879248821637,False,196,time0,0.8082498298544974,2,,,time0,TIME0,0.9318736393899798,0.9708029226773034,1.0,2
0.0,False,196,goleiro_time1,1.0,9,,,goleiro1,GOL-TIME1,0.8818884559843272,0.9275538239373085,0.0,3
0.0010233153968852676,False,196,time0,0.9119798737584011,4,,,time0,TIME0,0.8581576723567419,0.9433667473867837,0.0,7
0.001923036382945656,False,196,time1,0.8823535941275938,5,,,time1,TIME1,0.8440314065583899,0.9418622919480949,0.0,10
0.0016352206708779159,False,196,time1,0.8500191224931511,6,,,time1,TIME1,0.841057134706034,0.9553392435829199,0.0,4
0.0014776692562208941,False,196,time1,0.862095494965705,8,,,time1,TIME1,0.8362245661307539,0.9209007845109247,0.0,6
0.013792937458324862,False,196,time0,0.44489062862615014,3,,,time0,TIME0,0.810283287816172,0.9655595187384087,1.0,5
0.006896191121615595,False,196,time1,0.6560794991227564,7,,,time1,TIME1,0.7670862826427289,0.9283502683574962,0.0,8
0.0,True,196,excluido,1.0,10,,,excluir,EXCLUÍDO,0.65,0.0,0.0,11
0.0,False,197,time1,0.0,novo,0.05009063093577759,True,time1,TIME1,0.0,,,12
0.00012007439583406816,False,197,time0,0.9857801981525888,0,,,time0,TIME0,0.9772605562680902,0.9268807799005476,1.0,1
0.00027872188341678553,False,197,time0,0.9608353916361724,1,,,time0,TIME0,0.9767653244864799,0.9553964904992793,1.0,9
0.002146396208844465,False,197,time0,0.8246308021316059,2,,,time0,TIME0,0.9377996505668146,0.9708029226773034,1.0,2
0.003230436836093806,False,197,time0,0.7791093488810029,3,,,time0,TIME0,0.9146272130170897,0.9655595187384087,1.0,5
0.0,False,197,goleiro_time1,1.0,9,,,goleiro1,GOL-TIME1,0.8818884559843272,0.9275538239373085,0.0,3
0.0006786475667626097,False,197,time0,0.940373825084904,4,,,time0,TIME0,0.8669396338232775,0.9433667473867837,0.0,7
0.001673178429670501,False,197,time1,0.9037920334516094,5,,,time1,TIME1,0.8548507943246807,0.9418622919480949,0.0,10
0.0012050537749194227,False,197,time1,0.8273605855418463,8,,,time1,TIME1,0.8263561689165871,0.9209007845109247,0.0,6
0.0036194248734125363,False,197,time1,0.8061966719761139,7,,,time1,TIME1,0.8171813356739409,0.9283502683574962,0.0,8
0.0031161950397562144,False,197,time1,0.7347161622099981,6,,,time1,TIME1,0.8051474222797868,0.9553392435829199,0.0,4
0.0,True,197,excluido,1.0,10,,,excluir,EXCLUÍDO,0.65,0.0,0.0,11
0.0,False,198,time1,0.0,novo,0.05051397686233261,True,time1,TIME1,0.0,,,12
1.1428427835870477e-05,False,198,time0,0.996617311038764,0,,,time0,TIME0,0.980764596516452,0.9275145327155943,1.0,1
0.0004902900345159404,False,198,time0,0.9359438123311435,1,,,time0,TIME0,0.9689322584658793,0.9550355387259938,1.0,9
0.0022086915046982134,False,198,time0,0.8116589955522057,2,,,time0,TIME0,0.9338207475067851,0.9703064102784935,1.0,2
0.0033113277789957466,False,198,time0,0.8185364085588204,3,,,time0,TIME0,0.9326198594213105,0.9638135712106486,1.0,5
0.0,False,198,goleiro_time1,1.0,9,,,goleiro1,GOL-TIME1,0.8821363506494883,0.9285454025979529,0.0,3
0.0017394659574459734,False,198,time0,0.8814086023478064,4,,,time0,TIME0,0.8479977767464475,0.9436153172759597,0.0,7
0.0014350260583574665,False,198,time1,0.8885942066097245,8,,,time1,TIME1,0.8446603942285451,0.9202706882067309,0.0,6
0.0023525948962832307,False,198,time1,0.8653936083603523,5,,,time1,TIME1,0.842554618126605,0.9423597815868148,0.0,10
0.0025346112877232094,False,198,time1,0.7663694192462631,6,,,time1,TIME1,0.8161475133769969,0.9567138676072531,0.0,4
0.004613352021077855,False,198,time1,0.7575834789735572,7,,,time1,TIME1,0.8050436564822276,0.9306037605731559,0.0,8
0.0,True,198,excluido,1.0,10,,,excluir,EXCLUÍDO,0.65,0.0,0.0,11
0.0,False,199,time1,0.0,novo,0.05051397686233261,True,time1,TIME1,0.0,,,12
0.00012384400141854677,False,199,time0,0.9855230402150662,0,,,time0,TIME0,0.9773314634882051,0.9275145327155943,1.0,1
0.00045196253818655964,False,199,time0,0.9354829260447749,1,,,time0,TIME0,0.9689664397170042,0.9550355387259938,1.0,9
0.003330585382051089,False,199,time0,0.8282067282601218,3,,,time0,TIME0,0.9360129362693018,0.9638135712106486,1.0,5
0.0027260639006017155,False,199,time0,0.7629934789548045,2,,,time0,TIME0,0.9186392175544139,0.9703064102784935,1.0,2
0.0,False,199,goleiro_time1,1.0,9,,,goleiro1,GOL-TIME1,0.8821363506494883,0.9285454025979529,0.0,3
0.0008599266138886766,False,199,time1,0.9176100530352816,6,,,time1,TIME1,0.8620795870003692,0.9567138676072531,0.0,4
0.0006625929013647943,False,199,time0,0.909326376711984,4,,,time0,TIME0,0.857316423323228,0.9436153172759597,0.0,7
0.0006207060217229021,False,199,time1,0.9238092447839753,8,,,time1,TIME1,0.8559447167712098,0.9202706882067309,0.0,6
0.0024929602121525336,False,199,time1,0.8305843897439001,5,,,time1,TIME1,0.8323161482923751,0.9423597815868148,0.0,10
0.0050278911138276925,False,199,time1,0.7337735627993834,7,,,time1,TIME1,0.797923440541612,0.9306037605731559,0.0,8
0.0,True,199,excluido,1.0,10,,,excluir,EXCLUÍDO,0.65,0.0,0.0,11
0.0,False,200,time1,0.0,novo,0.05051397686233261,True,time1,TIME1,0.0,,,12
7.137766532987829e-05,False,200,time0,0.9922893545683377,0,,,time0,TIME0,0.9793694619996905,0.9275145327155943,1.0,1
0.000507271834036278,False,200,time0,0.9306543167506303,1,,,time0,TIME0,0.9673249793461334,0.9550355387259938,1.0,9
0.0015746049209754787,False,200,time0,0.8573523647337293,2,,,time0,TIME0,0.9475609218307101,0.9703064102784935,1.0,2
0.005547416591655126,False,200,time0,0.7440203387146945,3,,,time0,TIME0,0.9074102527601992,0.9638135712106486,1.0,5
0.0,False,200,goleiro_time1,1.0,9,,,goleiro1,GOL-TIME1,0.8821363506494883,0.9285454025979529,0.0,3
0.0003790865492844351,False,200,time1,0.9448313513072364,6,,,time1,TIME1,0.8717971788796526,0.9567138676072531,0.0,4
0.0009606626407290681,False,200,time1,0.9268955736861255,5,,,time1,TIME1,0.8616865166329997,0.9423597815868148,0.0,10
0.0013635373462039257,False,200,time0,0.9065078058517433,4,,,time0,TIME0,0.8560983824747557,0.9436153172759597,0.0,7
0.0006379460997558392,False,200,time1,0.9142612307419018,8,,,time1,TIME1,0.8532171323503066,0.9202706882067309,0.0,6
0.004705446295445995,False,200,time1,0.7482565164968399,7,,,time1,TIME1,0.8022173197231433,0.9306037605731559,0.0,8
0.0,True,200,excluido,1.0,10,,,excluir,EXCLUÍDO,0.65,0.0,0.0,11
0.0,False,201,time1,0.0,novo,0.04780798422038268,True,time1,TIME1,0.0,,,12
3.410135645889346e-05,False,201,time0,0.9962529096669904,0,,,time0,TIME0,0.9808638598155074,0.9283631794833014,1.0,1
0.00034018182001135765,False,201,time0,0.9553086623495248,1,,,time0,TIME0,0.9746801557502496,0.954238774953779,1.0,9
0.0017794550404665083,False,201,time0,0.844380441019758,2,,,time0,TIME0,0.9435865365654788,0.9686846983171153,1.0,2
0.006441469148179119,False,201,time0,0.7295709877197321,3,,,time0,TIME0,0.9026256735181769,0.961315591058099,1.0,5
0.0,False,201,goleiro_time1,1.0,9,,,goleiro1,GOL-TIME1,0.8820287504239265,0.9281150016957058,0.0,3
0.001539669492591382,False,201,time0,0.8838395397944186,4,,,time0,TIME0,0.849794287090885,0.9457954309099763,0.0,7
0.002947224376652121,False,201,time1,0.8656542019132712,5,,,time1,TIME1,0.8400521452790448,0.9414908383020868,0.0,10
0.0015073831058128454,False,201,time1,0.8442798335014753,6,,,time1,TIME1,0.8398628579093868,0.9548744508671874,0.0,4
0.001141563630209114,False,201,time1,0.868101943112018,8,,,time1,TIME1,0.8377558931265787,0.9163158214580006,0.0,6
0.003949480765370007,False,201,time1,0.7730451773196497,7,,,time1,TIME1,0.8115472932869713,0.9349642970683426,0.0,8
0.0,True,201,excluido,1.0,10,,,excluir,EXCLUÍDO,0.65,0.0,0.0,11
0.0,False,202,time1,0.0,novo,0.04780798422038268,True,time1,TIME1,0.0,,,12
0.0001310054973850029,False,202,time0,0.9846950853674411,0,,,time0,TIME0,0.9773023386407805,0.9283631794833014,1.0,1
0.0007368636246743813,False,202,time0,0.9029158994531694,1,,,time0,TIME0,0.9584720931897397,0.954238774953779,1.0,9
0.0016097798061616713,False,202,time0,0.8527437500001079,2,,,time0,TIME0,0.9460380270142357,0.9686846983171153,1.0,2
0.008068858972840017,False,202,time0,0.6876460657519393,3,,,time0,TIME0,0.88780259506648,0.961315591058099,1.0,5
0.0,False,202,goleiro_time1,1.0,9,,,goleiro1,GOL-TIME1,0.8820287504239265,0.9281150016957058,0.0,3
0.001074470167950994,False,202,time1,0.9264665865679824,6,,,time1,TIME1,0.86486663324067,0.9548744508671874,0.0,4
0.0007134127880341996,False,202,time1,0.9115987611571157,8,,,time1,TIME1,0.8514374431247033,0.9163158214580006,0.0,6
0.0014280646635544993,False,202,time1,0.8945345468036089,5,,,time1,TIME1,0.8510740986123472,0.9414908383020868,0.0,10
0.0014855582417377434,False,202,time0,0.8767937844067304,4,,,time0,TIME0,0.8476358009273355,0.9457954309099763,0.0,7
0.00474771813233668,False,202,time1,0.7294004610051831,7,,,time1,TIME1,0.7976794564505058,0.9349642970683426,0.0,8
0.0,True,202,excluido,1.0,10,,,excluir,EXCLUÍDO,0.65,0.0,0.0,11
0.0,False,203,time1,0.0,novo,0.04780798422038268,True,time1,TIME1,0.0,,,12
1.5963630910042976e-05,False,203,time0,0.9829544573456311,0,,,time0,TIME0,0.9768828673196127,0.9283631794833014,1.0,1
0.0007253451437050848,False,203,time0,0.9106786142865887,1,,,time0,TIME0,0.9609325893431895,0.954238774953779,1.0,9
0.0016695696330263708,False,203,time0,0.8582973718331649,2,,,time0,TIME0,0.9479384834254104,0.9686846983171153,1.0,2
0.0,False,203,goleiro_time1,1.0,9,,,goleiro1,GOL-TIME1,0.8820287504239265,0.9281150016957058,0.0,3
0.0008490617688173048,False,203,time1,0.9210517022419246,6,,,time1,TIME1,0.8637644790338347,0.9548744508671874,0.0,4
0.0007662040839986574,False,203,time1,0.9130325598094877,8,,,time1,TIME1,0.8520983885344406,0.9163158214580006,0.0,6
0.003057167111674116,False,203,time1,0.8313479132716045,7,,,time1,TIME1,0.8291351774168598,0.9349642970683426,0.0,8
0.013388125587906948,False,203,time0,0.49053161342369705,3,,,time0,TIME0,0.8173100571857578,0.961315591058099,1.0,5
0.0032239238140062887,False,203,time0,0.7820684906371066,4,,,time0,TIME0,0.8167271525047588,0.9457954309099763,0.0,7
0.00819835964656744,False,203,time1,0.6307108803062864,5,,,time1,TIME1,0.7623351199723041,0.9414908383020868,0.0,10
0.0,True,203,excluido,1.0,10,,,excluir,EXCLUÍDO,0.65,0.0,0.0,11
0.0,False,204,time1,0.0,novo,0.04736889330230798,True,time1,TIME1,0.0,,,12
0.00012215082114190424,False,204,time0,0.9860969410332368,0,,,time0,TIME0,0.9780115765530799,0.9294687857916041,1.0,1
0.0003427626773071684,False,204,time0,0.9642787992790329,1,,,time0,TIME0,0.9770888459812634,0.9544334537607773,1.0,9
0.0012630556914833876,False,204,time0,0.8972426568561129,2,,,time0,TIME0,0.9597215491689358,0.9680936082720824,1.0,2
0.0027545716387502284,False,204,time0,0.7581921324180115,3,,,time0,TIME0,0.905994614375058,0.9587902906788399,1.0,5
0.0,False,204,goleiro_time1,1.0,9,,,goleiro1,GOL-TIME1,0.8818549358205588,0.9274197432822353,0.0,3
0.0005444946329364978,False,204,time1,0.9289875131174659,6,,,time1,TIME1,0.8663335726204886,0.9539836125768923,0.0,4
0.0006319464385540018,False,204,time1,0.9321005035913112,8,,,time1,TIME1,0.8569439698664814,0.9128966630150324,0.0,6
0.0018963219327294502,False,204,time0,0.8493568031337402,4,,,time0,TIME0,0.8385419744185306,0.9469809357992487,0.0,7
0.002752159212933858,False,204,time1,0.8237120113157507,7,,,time1,TIME1,0.8267909187455357,0.9331456076295769,0.0,8
0.005585034037687444,False,204,time1,0.6441234371075758,5,,,time1,TIME1,0.7641722018171337,0.9406524856790066,0.0,10
0.0,True,204,excluido,1.0,10,,,excluir,EXCLUÍDO,0.65,0.0,0.0,11
0.0,False,205,time1,0.0,novo,0.04736889330230798,True,time1,TIME1,0.0,,,12
2.477879614664113e-05,False,205,time0,0.9945973349836683,0,,,time0,TIME0,0.9806271797008812,0.9294687857916041,1.0,1
0.0007629405718873798,False,205,time0,0.9506238420942841,1,,,time0,TIME0,0.9727522509890321,0.9544334537607773,1.0,9
0.001406807088877922,False,205,time0,0.8894268061206838,2,,,time0,TIME0,0.9574456290909906,0.9680936082720824,1.0,2
0.0,False,205,goleiro_time1,1.0,9,,,goleiro1,GOL-TIME1,0.8818549358205588,0.9274197432822353,0.0,3
0.00807043451742601,False,205,time0,0.6666948591182735,3,,,time0,TIME0,0.8777507712815266,0.9587902906788399,1.0,5
0.0015976088054066634,False,205,time1,0.8713033358163974,6,,,time1,TIME1,0.8476703417917186,0.9539836125768923,0.0,4
0.0010024349666719915,False,205,time1,0.8919465683831804,8,,,time1,TIME1,0.8444763884894608,0.9128966630150324,0.0,6
0.003600741154964251,False,205,time1,0.7831353418467653,7,,,time1,TIME1,0.8143660206254582,0.9331456076295769,0.0,8
0.003603361380581762,False,205,time0,0.7171590530352372,4,,,time0,TIME0,0.7972434961843475,0.9469809357992487,0.0,7
0.006697641252638355,False,205,time1,0.6422139259227513,5,,,time1,TIME1,0.7638040303434035,0.9406524856790066,0.0,10
0.0,False,206,time1,0.0,novo,0.04736889330230798,True,time1,TIME1,0.0,,,12
3.755006947707545e-06,False,206,time0,0.9941748524408955,0,,,time0,TIME0,0.9805971066914847,0.9294687857916041,1.0,1
0.00038764771338165954,False,206,time0,0.9496493101490548,1,,,time0,TIME0,0.9727328562022153,0.9544334537607773,1.0,9
0.0025482089842808744,False,206,time0,0.7992865706015966,2,,,time0,TIME0,0.928672686974238,0.9680936082720824,1.0,2
0.007194411434663898,False,206,time0,0.6787707845446798,3,,,time0,TIME0,0.8859646896425758,0.9587902906788399,1.0,5
0.0014893867095583729,False,206,time1,0.8779176524024818,6,,,time1,TIME1,0.8503052289652009,0.9539836125768923,0.0,4
0.0015281042363738796,False,206,time0,0.8826463451581991,4,,,time0,TIME0,0.847706120735328,0.9469809357992487,0.0,7
0.001705060479433634,False,206,time1,0.8192889330240406,8,,,time1,TIME1,0.8217848398244927,0.9128966630150324,0.0,6
0.0025741190219856326,False,206,time1,0.792708791862546,5,,,time1,TIME1,0.8172786870510282,0.9406524856790066,0.0,10
0.004333882393210626,False,206,time1,0.7605819521362908,7,,,time1,TIME1,0.8066171770892682,0.9331456076295769,0.0,8
0.00807516277461994,False,206,goleiro_time1,0.31365584791475387,9,,,goleiro1,GOL-TIME1,0.6631048403262715,0.9274197432822353,0.0,3
0.0,False,207,time1,0.0,novo,0.049132012313727325,True,time1,TIME1,0.0,,,12
0.0001952184642673589,False,207,time0,0.9781601789004556,0,,,time0,TIME0,0.9757246869128539,0.9303425213315831,1.0,1
0.0009431900054968072,False,207,time0,0.8824606962099734,1,,,time0,TIME0,0.9520701106021786,0.9542817339930287,1.0,9
0.004880867478353669,False,207,time0,0.6510214867541168,2,,,time0,TIME0,0.8812927947535478,0.9681917063080703,1.0,2
0.0021946887608719177,False,207,time1,0.836331489373814,6,,,time1,TIME1,0.8363547683090884,0.9525904798735181,0.0,4
0.002015699265754027,False,207,time0,0.8265127090513731,4,,,time0,TIME0,0.8323877428199601,0.9477845167242487,0.0,7
0.0010591629933417552,False,207,goleiro_time1,0.8275689239462353,9,,,goleiro1,GOL-TIME1,0.8237808931952767,0.9268642279653725,0.0,3
0.011831786249158805,False,207,time0,0.4797445061004338,3,,,time0,TIME0,0.8197223216789805,0.9590146981806376,1.0,5
0.002943760776060448,False,207,time1,0.6707548856848038,8,,,time1,TIME1,0.7757955887462038,0.9123647893111491,0.0,6
0.007787808118360981,False,207,time1,0.5952822244495469,7,,,time1,TIME1,0.7518457187322631,0.9313386022738064,0.0,8
0.005664589298664474,False,207,time1,0.5658465082597054,5,,,time1,TIME1,0.7477253621060749,0.9423984901467983,0.0,10
0.0,False,208,time1,0.0,novo,0.049132012313727325,True,time1,TIME1,0.0,,,12
1.0442747761837578e-05,False,208,time0,0.9987185771840361,2,,,time0,TIME0,0.9883252585619235,0.9681917063080703,1.0,2
2.6344292551943574e-05,False,208,time0,0.9966611165253616,1,,,time0,TIME0,0.9869169791370608,0.9542817339930287,1.0,9
5.619490235390016e-06,False,208,time0,0.9991111268559207,0,,,time0,TIME0,0.9821770197294026,0.9303425213315831,1.0,1
3.3471907219951654e-05,False,208,time0,0.997601382122393,3,,,time0,TIME0,0.9809426874853386,0.9590146981806376,1.0,5
2.130049267902375e-05,False,208,time1,0.9981031724444831,6,,,time1,TIME1,0.886048365486204,0.9525904798735181,0.0,4
6.82482769305798e-05,False,208,time0,0.9954178520593113,4,,,time0,TIME0,0.8841637255982324,0.9477845167242487,0.0,7
1.1119231459705379e-05,False,208,goleiro_time1,0.9942070353876992,9,,,goleiro1,GOL-TIME1,0.8792534720836289,0.9268642279653725,0.0,3
3.9055100027614e-05,False,208,time1,0.9978796788809979,7,,,time1,TIME1,0.8768715785660592,0.9313386022738064,0.0,8
0.00019229021704520236,False,208,time1,0.9817795877871511,5,,,time1,TIME1,0.8762222995457274,0.9423984901467983,0.0,10
4.056891916913784e-05,False,208,time1,0.9929144512948782,8,,,time1,TIME1,0.8739087528598876,0.9123647893111491,0.0,6
0.0,False,209,time1,0.0,novo,0.049132012313727325,True,time1,TIME1,0.0,,,12
0.00021713298512922018,False,209,time0,0.9714466964465173,1,,,time0,TIME0,0.9796494547103364,0.9542817339930287,1.0,9
9.536114115760348e-05,False,209,time0,0.9891524196593159,0,,,time0,TIME0,0.9791761411931575,0.9303425213315831,1.0,1
0.002747647684438775,False,209,time0,0.7773426935395572,2,,,time0,TIME0,0.9208781038643515,0.9681917063080703,1.0,2
0.00601693374858924,False,209,time0,0.6691026325589979,3,,,time0,TIME0,0.8809078187089084,0.9590146981806376,1.0,5
0.0007068058095912837,False,209,goleiro_time1,0.9111848048252107,9,,,goleiro1,GOL-TIME1,0.8539472298091363,0.9268642279653725,0.0,3
0.0014011566186016835,False,209,time1,0.8850655106340165,6,,,time1,TIME1,0.8514236740960233,0.9525904798735181,0.0,4
0.0013762666059950065,False,209,time0,0.8759671792626734,4,,,time0,TIME0,0.8475587651195763,0.9477845167242487,0.0,7
0.0013706685929927864,False,209,time1,0.8062233524251939,8,,,time1,TIME1,0.8177547966002504,0.9123647893111491,0.0,6
0.002706918517556169,False,209,time1,0.7618181488091722,5,,,time1,TIME1,0.809949780086501,0.9423984901467983,0.0,10
0.009685268688477347,False,209,time1,0.47640910118295354,7,,,time1,TIME1,0.7103587334467356,0.9313386022738064,0.0,8
0.0,False,210,time1,0.0,novo,0.04744245231574151,True,time1,TIME1,0.0,,,12
0.00018434017511705593,False,210,time0,0.9776464849377517,0,,,time0,TIME0,0.975844943664273,0.9312040722704673,1.0,1
0.0005061261955818433,False,210,time0,0.9326384495162524,1,,,time0,TIME0,0.9672964345051537,0.9534113608146664,1.0,9
0.004843141667971927,False,210,time0,0.6359536485449787,2,,,time0,TIME0,0.8770347164467942,0.9685841642896298,1.0,2
0.0011919680694733575,False,210,goleiro_time1,0.8538542310451948,9,,,goleiro1,GOL-TIME1,0.8357541801886339,0.9246379943725801,0.0,3
0.01079256564444754,False,210,time0,0.5083740138690166,3,,,time0,TIME0,0.8295297315733795,0.9603923857461691,1.0,5
0.0013915589667512342,False,210,time1,0.8111981132980783,8,,,time1,TIME1,0.8191247839777278,0.9101895524823884,0.0,6
0.003024184372339315,False,210,time0,0.7392109531900947,4,,,time0,TIME0,0.8046985331971761,0.9473346154296693,0.0,7
0.0036398911245299837,False,210,time1,0.670602976765956,7,,,time1,TIME1,0.7762973798974926,0.9315286409946216,0.0,8
0.005028518165961995,False,210,time1,0.6399443804751747,6,,,time1,TIME1,0.7728557613246916,0.9516751099153729,0.0,4
0.004752773917732799,False,210,time1,0.6410591204492762,5,,,time1,TIME1,0.771353363030531,0.9420066636672403,0.0,10
0.0,False,211,time1,0.0,novo,0.04744245231574151,True,time1,TIME1,0.0,,,12
5.329582307563242e-05,False,211,time0,0.9856679144363781,2,,,time0,TIME0,0.9845192128155679,0.9685841642896298,1.0,2
0.0003813980430440745,False,211,time0,0.9637939621726164,1,,,time0,TIME0,0.976703249840415,0.9534113608146664,1.0,9
0.00035959836759232863,False,211,time0,0.9731890296833284,0,,,time0,TIME0,0.974060182021096,0.9312040722704673,1.0,1
0.0011230016694568096,False,211,time0,0.9367515101105066,3,,,time0,TIME0,0.9633617337784123,0.9603923857461691,1.0,5
0.00015214054069690578,False,211,time0,0.9836750192404209,4,,,time0,TIME0,0.8798386892995331,0.9473346154296693,0.0,7
6.9618869069886e-05,False,211,time1,0.9855388520344954,5,,,time1,TIME1,0.877833244437368,0.9420066636672403,0.0,10
0.00015778978071309116,False,211,time1,0.9884741543262207,7,,,time1,TIME1,0.8768785676634216,0.9315286409946216,0.0,8
0.00046423338025227204,False,211,goleiro_time1,0.9503412516276043,9,,,goleiro1,GOL-TIME1,0.865245333767009,0.9246379943725801,0.0,3
0.0008075785666699629,False,211,time1,0.9364547063090892,6,,,time1,TIME1,0.8644909361722051,0.9516751099153729,0.0,4
0.00037898802701543717,False,211,time1,0.9593207289329665,8,,,time1,TIME1,0.8640403384345778,0.9101895524823884,0.0,6
0.0,False,212,time1,0.0,novo,0.04744245231574151,True,time1,TIME1,0.0,,,12
6.344039527671651e-05,False,212,time0,0.9922101158665723,0,,,time0,TIME0,0.9801395314236309,0.9312040722704673,1.0,1
0.0010076209313380625,False,212,time0,0.8698511877343419,1,,,time0,TIME0,0.9476172060179805,0.9534113608146664,1.0,9
0.002508179721220666,False,212,time0,0.7826364860512725,2,,,time0,TIME0,0.9229668266846449,0.9685841642896298,1.0,2
0.0013846021378618662,False,212,goleiro_time1,0.8939331197455521,9,,,goleiro1,GOL-TIME1,0.8474260566461153,0.9246379943725801,0.0,3
0.0017507366615039485,False,212,time0,0.8390432626270242,4,,,time0,TIME0,0.8358552105066579,0.9473346154296693,0.0,7
0.011023780262243576,False,212,time0,0.5316968707676635,3,,,time0,TIME0,0.8327373993938642,0.9603923857461691,1.0,5
0.001262918409681169,False,212,time1,0.8348737735411397,8,,,time1,TIME1,0.8258691119437904,0.9101895524823884,0.0,6
0.003245017320187531,False,212,time1,0.6953437078866307,6,,,time1,TIME1,0.7911142940723197,0.9516751099153729,0.0,4
0.004493574511092487,False,212,time1,0.6739013865785736,5,,,time1,TIME1,0.7804848873479774,0.9420066636672403,0.0,10
0.0052686450412448545,False,212,time1,0.6738009888134637,7,,,time1,TIME1,0.7767310603458144,0.9315286409946216,0.0,8
0.0,False,213,time1,0.0,novo,0.046161197393938314,True,time1,TIME1,0.0,,,12
2.2413827294743402e-05,False,213,time0,0.9981231232044959,0,,,time0,TIME0,0.9825580819382923,0.9327575764699103,1.0,1
0.00020114814016019384,False,213,time0,0.9566283294772601,1,,,time0,TIME0,0.9745155949957697,0.9530645941330904,1.0,9
0.0020957488629767393,False,213,time0,0.8200193297271383,2,,,time0,TIME0,0.9357320844357229,0.96859611381549,1.0,2
0.0068261098269628475,False,213,time0,0.6544476742948037,3,,,time0,TIME0,0.8779903486512576,0.9630940319923187,1.0,5
0.000568957022368415,False,213,goleiro_time1,0.9381942555414134,9,,,goleiro1,GOL-TIME1,0.8608004598928333,0.9233641238412506,0.0,3
0.0009887037425077337,False,213,time0,0.913000381341541,4,,,time0,TIME0,0.8588685431080358,0.9461991142037076,0.0,7
0.001040440008036516,False,213,time1,0.8886954863941584,6,,,time1,TIME1,0.8515878733560367,0.9500628516340799,0.0,4
0.001393290665582324,False,213,time1,0.8877201498588451,5,,,time1,TIME1,0.8486282792481665,0.9428160983654164,0.0,10
0.0008763306224092108,False,213,time1,0.8978212650414465,8,,,time1,TIME1,0.845224974495796,0.9077678561592564,0.0,6
0.003127184686465967,False,213,time1,0.7992875109527173,7,,,time1,TIME1,0.8184401798358039,0.9332050083808171,0.0,8
0.00046450383453446986,True,213,excluido,0.9341369387521273,10,,,excluir,EXCLUÍDO,0.6295020982525152,0.0,0.0,14
0.0,False,214,time1,0.0,novo,0.046161197393938314,True,time1,TIME1,0.0,,,12
4.741673052977623e-05,False,214,time0,0.9954618372285057,2,,,time0,TIME0,0.9893478481162632,0.96859611381549,1.0,2
7.948586543186673e-05,False,214,time0,0.9948780365463077,3,,,time0,TIME0,0.9845620950349184,0.9630940319923187,1.0,5
2.193693981471113e-06,False,214,time0,0.9997279179396261,0,,,time0,TIME0,0.9830909770391155,0.9327575764699103,1.0,1
0.0001353687097866689,False,214,time0,0.9807641028037356,1,,,time0,TIME0,0.9821468749442811,0.9530645941330904,1.0,9
1.0727263631073193e-05,False,214,time1,0.9987356373228804,6,,,time1,TIME1,0.8864237256364578,0.9500628516340799,0.0,4
3.0870904812117414e-06,False,214,time1,0.9995018531672256,5,,,time1,TIME1,0.8846020216593259,0.9428160983654164,0.0,10
7.684492198139871e-05,False,214,time0,0.9916826240694063,4,,,time0,TIME0,0.8833574099951835,0.9461991142037076,0.0,7
1.9533737777966033e-05,False,214,goleiro_time1,0.9975886402720529,9,,,goleiro1,GOL-TIME1,0.8797235973251941,0.9233641238412506,0.0,3
7.511178361921576e-05,False,214,time1,0.9942602851253649,7,,,time1,TIME1,0.8793709570818207,0.9332050083808171,0.0,8
2.133360308320525e-06,False,214,time1,0.9993298800809508,8,,,time1,TIME1,0.8761426420727487,0.9077678561592564,0.0,6
1.2599576747154442e-05,True,214,excluido,0.9974630007714449,10,,,excluir,EXCLUÍDO,0.6489022049416053,0.0,0.0,14
0.0,False,215,time1,0.0,novo,0.046161197393938314,True,time1,TIME1,0.0,,,12
0.0001796145560065398,False,215,time0,0.9903556225266569,0,,,time0,TIME0,0.9800113908788978,0.9327575764699103,1.0,1
0.000544314279349326,False,215,time0,0.923981216972444,1,,,time0,TIME0,0.9645030763064409,0.9530645941330904,1.0,9
0.002644774201245437,False,215,time0,0.7834388193769971,2,,,time0,TIME0,0.9230054063068965,0.96859611381549,1.0,2
0.0063689632519404035,False,215,time0,0.638160004615287,3,,,time0,TIME0,0.8721354257046224,0.9630940319923187,1.0,5
0.0014440780328004279,False,215,time1,0.8581677829819194,6,,,time1,TIME1,0.8426749938860676,0.9500628516340799,0.0,4
0.0017548837286290614,False,215,time0,0.8499046089577287,4,,,time0,TIME0,0.8387816525576834,0.9461991142037076,0.0,7
0.0011120493617738248,False,215,time1,0.8766076311751757,8,,,time1,TIME1,0.838156266732345,0.9077678561592564,0.0,6
0.0025465871717704077,False,215,goleiro_time1,0.7727450945138459,9,,,goleiro1,GOL-TIME1,0.8086227457680051,0.9233641238412506,0.0,3
0.005305508401280064,False,215,time1,0.6996548320762165,7,,,time1,TIME1,0.7847649566619248,0.9332050083808171,0.0,8
0.0050145209012320184,False,215,time1,0.6672061785365079,5,,,time1,TIME1,0.7778878618400643,0.9428160983654164,0.0,10
0.0,True,215,excluido,1.0,10,,,excluir,EXCLUÍDO,0.6499914093794905,0.0,0.0,14
0.0,False,216,time1,0.0,novo,0.04889944888416875,True,time1,TIME1,0.0,,,12
2.1610041011028793e-05,False,216,time0,0.9914682048308479,0,,,time0,TIME0,0.9810457763285604,0.9349570134418883,1.0,1
0.000714596120642015,False,216,time0,0.9339418016350179,1,,,time0,TIME0,0.9671412913545516,0.9522725645660421,1.0,9
0.0017647183006629407,False,216,time0,0.8449272669924469,2,,,time0,TIME0,0.9434243153146861,0.9688338204993385,1.0,2
0.0021320330622380656,False,216,time0,0.8567797467559106,3,,,time0,TIME0,0.9434119466870721,0.9648402076368704,1.0,5
0.0008644786268176731,False,216,time1,0.9240740241144024,6,,,time1,TIME1,0.8630732568055139,0.9484448125336102,0.0,4
0.0006476574935872843,False,216,time0,0.9248666069235258,4,,,time0,TIME0,0.8624164946818844,0.9455372487300256,0.0,7
0.0010063420696712754,False,216,goleiro_time1,0.9008938536066837,9,,,goleiro1,GOL-TIME1,0.848517108149947,0.9209767192809907,0.0,3
0.000900292435513526,False,216,time1,0.8998989628200215,8,,,time1,TIME1,0.8449017236806585,0.9036519064927995,0.0,6
0.0020912945605987675,False,216,time1,0.8627050449722891,5,,,time1,TIME1,0.8398392899649909,0.9402718988039955,0.0,10
0.002339345426736071,False,216,time1,0.8606140186338268,7,,,time1,TIME1,0.837141481816073,0.9324877711212289,0.0,8
0.0,True,216,excluido,1.0,10,,,excluir,EXCLUÍDO,0.65,0.0,0.0,14
0.0,False,217,time1,0.0,novo,0.04889944888416875,True,time1,TIME1,0.0,,,12
7.904655478660193e-05,False,217,time0,0.9913788330523708,0,,,time0,TIME0,0.9810194692520832,0.9349570134418883,1.0,1
0.0005499028561301075,False,217,time0,0.9190182811858616,1,,,time0,TIME0,0.9630591631382943,0.9522725645660421,1.0,9
0.002234237689821481,False,217,time0,0.8572858749531985,3,,,time0,TIME0,0.9461925647953564,0.9648402076368704,1.0,5
0.0016403108528231483,False,217,time0,0.8505442323796888,2,,,time0,TIME0,0.9457293502379386,0.9688338204993385,1.0,2
0.000758258024561817,False,217,time0,0.9318933955602801,4,,,time0,TIME0,0.8649345206126282,0.9455372487300256,0.0,7
0.0011098540705152874,False,217,time1,0.9042185837678459,6,,,time1,TIME1,0.8570683670995127,0.9484448125336102,0.0,4
0.00039114005386282143,False,217,goleiro_time1,0.8636377982140835,9,,,goleiro1,GOL-TIME1,0.8382051013260815,0.9209767192809907,0.0,3
0.001255093854278443,False,217,time1,0.8513932640081878,8,,,time1,TIME1,0.8295024237907578,0.9036519064927995,0.0,6
0.002650496812956544,False,217,time1,0.8044082703971327,5,,,time1,TIME1,0.8234972527112521,0.9402718988039955,0.0,10
0.004347622749202083,False,217,time1,0.7629661234667684,7,,,time1,TIME1,0.8066865979581261,0.9324877711212289,0.0,8
0.0,True,217,excluido,1.0,10,,,excluir,EXCLUÍDO,0.65,0.0,0.0,14
0.0,False,218,time1,0.0,novo,0.04889944888416875,True,time1,TIME1,0.0,,,12
4.757917875993756e-05,False,218,time0,0.9794615328629227,0,,,time0,TIME0,0.9774600097692744,0.9349570134418883,1.0,1
0.0005870434178531668,False,218,time0,0.9364283418980109,1,,,time0,TIME0,0.9681484864611106,0.9522725645660421,1.0,9
0.001952813648004264,False,218,time0,0.8694143044342059,3,,,time0,TIME0,0.9500617283299302,0.9648402076368704,1.0,5
0.0024118478731734007,False,218,time0,0.7879281764286054,2,,,time0,TIME0,0.9258627745449858,0.9688338204993385,1.0,2
0.0009496354520630551,False,218,time1,0.9186015107299976,6,,,time1,TIME1,0.8616705716337585,0.9484448125336102,0.0,4
0.0006112841575460252,False,218,time1,0.9325517619068253,8,,,time1,TIME1,0.8545641189666092,0.9036519064927995,0.0,6
0.00100866378600414,False,218,goleiro_time1,0.8932526096928836,9,,,goleiro1,GOL-TIME1,0.8466900592450587,0.9209767192809907,0.0,3
0.003204205966860138,False,218,time1,0.8140970236493433,7,,,time1,TIME1,0.8235920422372991,0.9324877711212289,0.0,8
0.00376944415406668,False,218,time1,0.7342834959691159,5,,,time1,TIME1,0.8011030702141702,0.9402718988039955,0.0,10
0.003978821123229536,False,218,time0,0.6928065150013812,4,,,time0,TIME0,0.7881987280419411,0.9455372487300256,0.0,7
0.0,False,219,time1,0.0,novo,0.05259396565380092,True,time1,TIME1,0.0,,,12
5.0553697077340195e-05,False,219,time0,0.9934373875535888,0,,,time0,TIME0,0.9822863073613454,0.937398996161906,1.0,1
0.00023802739211134727,False,219,time0,0.9774022729044052,1,,,time0,TIME0,0.9808729553592094,0.9525320337216099,1.0,9
0.002850559927165334,False,219,time0,0.8429057241256908,3,,,time0,TIME0,0.9403498021785653,0.9628148451672198,1.0,5
0.002491908428588751,False,219,time0,0.780542471403093,2,,,time0,TIME0,0.923708848788043,0.9694452543652576,1.0,2
0.0003330165825323688,False,219,time0,0.9380613733518604,4,,,time0,TIME0,0.8643406996021272,0.9431061254695787,0.0,7
0.0007598144937754408,False,219,goleiro_time1,0.9174257560588119,9,,,goleiro1,GOL-TIME1,0.8541991995492896,0.9212624043575705,0.0,3
0.0012697926462667633,False,219,time1,0.8942480819050211,6,,,time1,TIME1,0.8539198411398543,0.9481187830171931,0.0,4
0.0009366928119097675,False,219,time1,0.8971864020114971,8,,,time1,TIME1,0.8437753803672762,0.9027726856175691,0.0,6
0.0033421872670421327,False,219,time1,0.8016363264400809,7,,,time1,TIME1,0.8198582788240242,0.9321585242082683,0.0,8
0.002968934382634014,False,219,time1,0.767681046390543,5,,,time1,TIME1,0.8120822060290125,0.9401034871225527,0.0,10
0.0,False,220,time1,0.0,novo,0.05259396565380092,True,time1,TIME1,0.0,,,12
0.0001040156337971067,False,220,time0,0.9836936937736814,1,,,time0,TIME0,0.9830009479736831,0.9525320337216099,1.0,9
8.164908748891592e-05,False,220,time0,0.9939392609023623,0,,,time0,TIME0,0.9823741288517512,0.937398996161906,1.0,1
0.002717677230502544,False,220,time0,0.8541740347779724,3,,,time0,TIME0,0.9443138560573355,0.9628148451672198,1.0,5
0.002229809971207132,False,220,time0,0.7840551096379436,2,,,time0,TIME0,0.9253715379974872,0.9694452543652576,1.0,2
0.0003678603121516798,False,220,goleiro_time1,0.9510986734062706,9,,,goleiro1,GOL-TIME1,0.8646260668213135,0.9212624043575705,0.0,3
0.0013767218783132288,False,220,time1,0.8985228395892789,6,,,time1,TIME1,0.8550113456961492,0.9481187830171931,0.0,4
0.001672681252411912,False,220,time1,0.8589033965982851,5,,,time1,TIME1,0.8402889905942964,0.9401034871225527,0.0,10
0.001931513356669347,False,220,time0,0.8125365928207184,4,,,time0,TIME0,0.8266789062174862,0.9431061254695787,0.0,7
0.0015334764903148015,False,220,time1,0.8344236455138881,8,,,time1,TIME1,0.8241009544749461,0.9027726856175691,0.0,6
0.0035244786279455347,False,220,time1,0.7890318943678624,7,,,time1,TIME1,0.8164206597373863,0.9321585242082683,0.0,8
0.0,False,221,time1,0.0,novo,0.05259396565380092,True,time1,TIME1,0.0,,,12
0.00012819683904986772,False,221,time0,0.9869221163824564,0,,,time0,TIME0,0.9801689628254878,0.937398996161906,1.0,1
0.0006475964118098004,False,221,time0,0.9191682908733488,1,,,time0,TIME0,0.9629148297315339,0.9525320337216099,1.0,9
0.0017609807452553105,False,221,time0,0.825121341051311,2,,,time0,TIME0,0.9379411190695259,0.9694452543652576,1.0,2
0.004598677783558224,False,221,time0,0.775964278378681,3,,,time0,TIME0,0.9179986085329895,0.9628148451672198,1.0,5
0.0006674850241245644,False,221,goleiro_time1,0.9237281170210497,9,,,goleiro1,GOL-TIME1,0.8562093964824246,0.9212624043575705,0.0,3
0.0014536337797105103,False,221,time1,0.8976158216074801,6,,,time1,TIME1,0.8548460308636316,0.9481187830171931,0.0,4
0.001658388015015955,False,221,time1,0.8520011909671501,5,,,time1,TIME1,0.8385532348855957,0.9401034871225527,0.0,10
0.0013865300695129787,False,221,time1,0.8476774721566005,8,,,time1,TIME1,0.8286010082501868,0.9027726856175691,0.0,6
0.0019446132671799433,False,221,time0,0.8015921824575177,4,,,time0,TIME0,0.823988166607623,0.9431061254695787,0.0,7
0.005505533973532593,False,221,time1,0.6800403673384179,7,,,time1,TIME1,0.7797974055973949,0.9321585242082683,0.0,8
0.0,False,222,time1,0.0,novo,0.052487978807744584,True,time1,TIME1,0.0,,,12
2.265789281587866e-05,False,222,time0,0.9972275493503623,0,,,time0,TIME0,0.9838448664802603,0.9391343069087152,1.0,1
0.0005590053600169007,False,222,time0,0.9435273360395503,1,,,time0,TIME0,0.9706417797897031,0.9532104902725194,1.0,9
0.0006651688883527658,False,222,time0,0.9263277912642581,2,,,time0,TIME0,0.9688258008407798,0.969358974179914,1.0,2
0.005393409746457605,False,222,time0,0.7315358879744794,3,,,time0,TIME0,0.9037882937444978,0.9619159338339515,1.0,5
0.0,False,222,time0,1.0,4,,,time0,TIME0,0.8836383222947954,0.9398567799078548,0.0,7
0.0005430526159570961,False,222,goleiro_time1,0.9105294325567251,9,,,goleiro1,GOL-TIME1,0.8528174224667702,0.9223452419929188,0.0,3
0.0019097820430906572,False,222,time1,0.8710382467105277,6,,,time1,TIME1,0.8461443558337187,0.9475215235125852,0.0,4
0.0017258274720601543,False,222,time1,0.7864061477680236,8,,,time1,TIME1,0.8101205966795234,0.9042020467060916,0.0,6
0.0031832281304900773,False,222,time1,0.7524870033751477,5,,,time1,TIME1,0.8069372644443227,0.9405553410607873,0.0,10
0.008805031165998345,False,222,time1,0.5592741758974257,7,,,time1,TIME1,0.7394673346873972,0.9280431972637231,0.0,8
0.0,False,223,time1,0.0,novo,0.052487978807744584,True,time1,TIME1,0.0,,,12
2.440486843288613e-05,False,223,time0,0.9953648517697798,0,,,time0,TIME0,0.9833391000923929,0.9391343069087152,1.0,1
0.0008754292095999647,False,223,time0,0.9055582168196356,1,,,time0,TIME0,0.9589431165218709,0.9532104902725194,1.0,9
0.001359947219073179,False,223,time0,0.8708360469668028,2,,,time0,TIME0,0.9517166726801215,0.969358974179914,1.0,2
0.004676239059334071,False,223,time0,0.7587944345295389,3,,,time0,TIME0,0.9133668174764787,0.9619159338339515,1.0,5
0.0,False,223,time0,1.0,4,,,time0,TIME0,0.8849641949769638,0.9398567799078548,0.0,7
0.0006564350058905549,False,223,time1,0.951955137255764,7,,,time1,TIME1,0.861377330606538,0.9280431972637231,0.0,8
0.0003174226178167215,False,223,goleiro_time1,0.9360242923306581,9,,,goleiro1,GOL-TIME1,0.8609327289050632,0.9223452419929188,0.0,3
0.0016390581690609973,False,223,time1,0.8820708104715627,6,,,time1,TIME1,0.8498268925590023,0.9475215235125852,0.0,4
0.0012979022367494181,False,223,time1,0.8272901242444012,8,,,time1,TIME1,0.8227356041469094,0.9042020467060916,0.0,6
0.0027412428237711876,False,223,time1,0.7951366497661532,5,,,time1,TIME1,0.8208841417525694,0.9405553410607873,0.0,10
0.0,False,224,time1,0.0,novo,0.052487978807744584,True,time1,TIME1,0.0,,,12
9.204539372644075e-05,False,224,time0,0.9836157366054891,1,,,time0,TIME0,0.9826453013719747,0.9532104902725194,1.0,9
5.239018679630703e-05,False,224,time0,0.9927219341074279,0,,,time0,TIME0,0.9825008970071109,0.9391343069087152,1.0,1
0.001554344541828986,False,224,time0,0.8531738473193412,2,,,time0,TIME0,0.9463590226580311,0.969358974179914,1.0,2
0.005833809362115834,False,224,time0,0.7049554239375742,3,,,time0,TIME0,0.8957300996845099,0.9619159338339515,1.0,5
0.0,False,224,time0,1.0,4,,,time0,TIME0,0.8849641949769638,0.9398567799078548,0.0,7
0.0005832830328775401,False,224,goleiro_time1,0.8640271896198075,9,,,goleiro1,GOL-TIME1,0.8387409278461175,0.9223452419929188,0.0,3
0.0012300628056739213,False,224,time1,0.8375761639755086,8,,,time1,TIME1,0.825948304880581,0.9042020467060916,0.0,6
0.0028356856011653078,False,224,time1,0.7831661631371553,6,,,time1,TIME1,0.8183792439014278,0.9475215235125852,0.0,4
0.006100718466065663,False,224,time1,0.6369561677225586,5,,,time1,TIME1,0.7674140586170934,0.9405553410607873,0.0,10
0.007890595965308146,False,224,time1,0.6441182265089219,7,,,time1,TIME1,0.7627050362270977,0.9280431972637231,0.0,8
0.0,False,225,time1,0.0,novo,0.048065353525013066,True,time1,TIME1,0.0,,,12
8.416711908190977e-05,False,225,time0,0.9903592302473394,0,,,time0,TIME0,0.9822154334210061,0.9409825003634509,1.0,1
0.0004290305415283771,False,225,time0,0.9443355291401215,1,,,time0,TIME0,0.9706954033679264,0.9524570776048501,1.0,9
0.0012067018667992722,False,225,time0,0.8895422915543261,2,,,time0,TIME0,0.9575804442187428,0.9691813772322111,1.0,2
0.0005305838669030413,False,225,goleiro_time1,0.9219639702380169,9,,,goleiro1,GOL-TIME1,0.9558680733373713,0.9220376773637046,1.0,3
0.0052996307514360744,False,225,time0,0.6899225073815434,3,,,time0,TIME0,0.8912723794572647,0.9642822033047169,1.0,5
0.0,False,225,time0,1.0,4,,,time0,TIME0,0.8849726797987005,0.9398907191948023,0.0,7
0.0005584771852782098,False,225,time1,0.9202800864361154,8,,,time1,TIME1,0.851065871201081,0.9047692359914883,0.0,6
0.001277442885234743,False,225,time1,0.8858360475861851,5,,,time1,TIME1,0.8462299280537748,0.9404103160466935,0.0,10
0.002699414387823366,False,225,time1,0.782501447718413,6,,,time1,TIME1,0.8191716688611962,0.9479745882989814,0.0,4
0.0026435320698169375,False,225,time1,0.7916364966197802,7,,,time1,TIME1,0.8130121656352939,0.9274179794423678,0.0,8
0.0,False,226,time1,0.0,novo,0.048065353525013066,True,time1,TIME1,0.0,,,12
2.5461783893307913e-05,False,226,time0,0.9967057699476722,0,,,time0,TIME0,0.9841595356352247,0.9409825003634509,1.0,1
0.0002683204785757415,False,226,time0,0.9689549380368898,1,,,time0,TIME0,0.9784361244410305,0.9524570776048501,1.0,9
0.0010445972216362941,False,226,time0,0.9279433783078143,3,,,time0,TIME0,0.9654180901510719,0.9642822033047169,1.0,5
0.0011150707789995935,False,226,time0,0.896132559650157,2,,,time0,TIME0,0.9598502399837927,0.9691813772322111,1.0,2
0.0009998290475837582,False,226,goleiro_time1,0.9091690102834835,9,,,goleiro1,GOL-TIME1,0.9513510366985406,0.9220376773637046,1.0,3
0.0,False,226,time0,1.0,4,,,time0,TIME0,0.8849726797987005,0.9398907191948023,0.0,7
0.000558115057597413,False,226,time1,0.9370383535259182,8,,,time1,TIME1,0.8566853179301068,0.9047692359914883,0.0,6
0.0015824617421676397,False,226,time1,0.9038843379187919,5,,,time1,TIME1,0.854181731528322,0.9404103160466935,0.0,10
0.0017078956073845518,False,226,time1,0.8432664158157513,6,,,time1,TIME1,0.8377408918625602,0.9479745882989814,0.0,4
0.009388886916638356,False,226,time1,0.5274349451999052,7,,,time1,TIME1,0.7233459467737273,0.9274179794423678,0.0,8
0.0,False,227,time1,0.0,novo,0.048065353525013066,True,time1,TIME1,0.0,,,12
3.156709367720881e-05,False,227,time0,0.9973389906712506,0,,,time0,TIME0,0.9843863055321819,0.9409825003634509,1.0,1
0.00023676407991698436,False,227,goleiro_time1,0.9712532881711002,9,,,goleiro1,GOL-TIME1,0.9711426596335939,0.9220376773637046,1.0,3
0.0005131013388579819,False,227,time0,0.9422968089671244,1,,,time0,TIME0,0.9700733385513627,0.9524570776048501,1.0,9
0.0015391399480786112,False,227,time0,0.8372988184105764,2,,,time0,TIME0,0.9416813513302218,0.9691813772322111,1.0,2
0.0022115994843372264,False,227,time0,0.843829035267101,3,,,time0,TIME0,0.940941576606979,0.9642822033047169,1.0,5
0.0,False,227,time0,1.0,4,,,time0,TIME0,0.8849726797987005,0.9398907191948023,0.0,7
0.000679267617829393,False,227,time1,0.9341720530142975,6,,,time1,TIME1,0.8659134515652449,0.9479745882989814,0.0,4
0.0007415977160912427,False,227,time1,0.9320165129774854,8,,,time1,TIME1,0.8549143191159052,0.9047692359914883,0.0,6
0.0012671527364884019,False,227,time1,0.8527295169429946,5,,,time1,TIME1,0.8394078391670778,0.9404103160466935,0.0,10
0.010449308783091808,False,227,time1,0.5804580345568001,7,,,time1,TIME1,0.7334475690235749,0.9274179794423678,0.0,8
0.0,False,228,time1,0.0,novo,0.0473196421172315,True,time1,TIME1,0.0,,,12
9.717713182697352e-06,False,228,time0,0.998681239924334,0,,,time0,TIME0,0.9855120629410828,0.9437315535729641,1.0,1
0.0017812747092329445,False,228,time0,0.8464521680416777,2,,,time0,TIME0,0.9441315132813654,0.9686403546234527,1.0,2
0.0029830852649904197,False,228,time0,0.8403998514779215,3,,,time0,TIME0,0.9380496619590287,0.9629669654087908,1.0,5
0.0,False,228,time0,1.0,4,,,time0,TIME0,0.8849864306406237,0.9399457225624944,0.0,7
0.00010393622494975909,False,228,goleiro_time1,0.9822884782003937,9,,,goleiro1,GOL-TIME1,0.8746498001759881,0.9208324462311552,0.0,3
0.0007660371744904168,False,228,time0,0.9129500881740505,1,,,time0,TIME0,0.8608282138620653,0.951250307168179,0.0,9
0.0007125510479408941,False,228,time1,0.917237126298217,8,,,time1,TIME1,0.8506818695000967,0.9066037813323886,0.0,6
0.001345854273087111,False,228,time1,0.8770635283807242,6,,,time1,TIME1,0.8482589766952489,0.9473504097266303,0.0,4
0.0023332782407453376,False,228,time1,0.8371107119589071,5,,,time1,TIME1,0.8334640092890674,0.9411035439170209,0.0,10
0.004363488182847394,False,228,time1,0.7383244880217036,7,,,time1,TIME1,0.7942951278294548,0.9264671918922905,0.0,8
0.0,False,229,time1,0.0,novo,0.0473196421172315,True,time1,TIME1,0.0,,,12
3.824975847957963e-05,False,229,time0,0.9984732853183299,0,,,time0,TIME0,0.985416104433573,0.9437315535729641,1.0,1
0.001933686122754128,False,229,time0,0.8214887045101803,2,,,time0,TIME0,0.9363460303098379,0.9686403546234527,1.0,2
0.0004904984431055614,False,229,time1,0.9665552167592244,6,,,time1,TIME1,0.8755136572246391,0.9473504097266303,0.0,4
0.000307895813725621,False,229,goleiro_time1,0.9641485834496389,9,,,goleiro1,GOL-TIME1,0.869000806552251,0.9208324462311552,0.0,3
0.0007939160341391877,False,229,time0,0.9053676700227158,1,,,time0,TIME0,0.8586614529762497,0.951250307168179,0.0,9
0.00636240375899892,False,229,time0,0.5769340468726262,3,,,time0,TIME0,0.8543449154458055,0.9629669654087908,1.0,5
0.0006859362868382727,False,229,time1,0.9256963217341815,8,,,time1,TIME1,0.8535109301266814,0.9066037813323886,0.0,6
0.002210697056880514,False,229,time1,0.8599824118199673,7,,,time1,TIME1,0.8353894853210732,0.9264671918922905,0.0,8
0.002751102964921223,False,229,time1,0.7954080621466268,5,,,time1,TIME1,0.8211085116630431,0.9411035439170209,0.0,10
0.004246332927774471,False,229,time0,0.6187283367825097,4,,,time0,TIME0,0.7638494020175536,0.9399457225624944,0.0,7
0.0,False,230,time1,0.0,novo,0.0473196421172315,True,time1,TIME1,0.0,,,12
3.448692883771331e-05,False,230,time0,0.9953442772960286,0,,,time0,TIME0,0.9844690967085942,0.9437315535729641,1.0,1
0.002195149816680699,False,230,time0,0.8027454178479302,3,,,time0,TIME0,0.9264647117546763,0.9629669654087908,1.0,5
0.0024077150111128185,False,230,time0,0.7850730571118334,2,,,time0,TIME0,0.9249684530478235,0.9686403546234527,1.0,2
0.0007076714560773353,False,230,time0,0.9154128623771687,1,,,time0,TIME0,0.861682435205442,0.951250307168179,0.0,9
0.0009467319368728947,False,230,time1,0.8961430704631128,6,,,time1,TIME1,0.8542433603879473,0.9473504097266303,0.0,4
0.0010910191695944922,False,230,time0,0.8996756642617536,4,,,time0,TIME0,0.8513762674550523,0.9399457225624944,0.0,7
0.000680701263967196,False,230,goleiro_time1,0.9009733335752806,9,,,goleiro1,GOL-TIME1,0.8494763896411877,0.9208324462311552,0.0,3
0.000875583436014874,False,230,time1,0.907387202675135,8,,,time1,TIME1,0.8477606483738328,0.9066037813323886,0.0,6
0.003186107700000028,False,230,time1,0.7783026942698595,5,,,time1,TIME1,0.8136222260466629,0.9411035439170209,0.0,10
0.00415375608707126,False,230,time1,0.7575655241598631,7,,,time1,TIME1,0.8037738558852756,0.9264671918922905,0.0,8
0.0,False,231,time1,0.0,novo,0.05031020135494202,True,time1,TIME1,0.0,,,12
1.8636797344505958e-05,False,231,time0,0.9977902013149054,0,,,time0,TIME0,0.9857868028497712,0.9459304309252737,1.0,1
0.0006352640313752443,False,231,time0,0.9246622353589502,1,,,time0,TIME0,0.9644571333464308,0.950977278607614,1.0,9
0.0014958459553301652,False,231,time0,0.8560392046573635,3,,,time0,TIME0,0.9465055796621997,0.9661366512105362,1.0,5
0.0032212163287066576,False,231,time0,0.7122271513065341,2,,,time0,TIME0,0.9023859921994534,0.9689367905183218,1.0,2
0.001249823065084172,False,231,time1,0.8951776702331414,6,,,time1,TIME1,0.8541244854798802,0.947833092042387,0.0,4
0.0009195712447009185,False,231,time0,0.9002056249221635,4,,,time0,TIME0,0.8537561764584768,0.9385922369701238,0.0,7
0.0008494016249862117,False,231,goleiro_time1,0.8856900908422368,9,,,goleiro1,GOL-TIME1,0.844525099184732,0.919944809045468,0.0,3
0.0011400149737809822,False,231,time1,0.8804086503713298,8,,,time1,TIME1,0.8398919753222946,0.9084473149562038,0.0,6
0.0030465478112896393,False,231,time1,0.7797721256094917,5,,,time1,TIME1,0.8165502289875651,0.9419346009037963,0.0,10
0.0034490671872217256,False,231,time1,0.7689040317225508,7,,,time1,TIME1,0.8085264474281206,0.9259373196122944,0.0,8
0.0,False,232,time1,0.0,novo,0.05031020135494202,True,time1,TIME1,0.0,,,12
2.532836409300873e-05,False,232,time0,0.9974531928027806,0,,,time0,TIME0,0.985690095724277,0.9459304309252737,1.0,1
0.0007110800627763235,False,232,time0,0.9053480815545493,3,,,time0,TIME0,0.9618892533654583,0.9661366512105362,1.0,5
0.0009066119643291802,False,232,time0,0.888821520217458,1,,,time0,TIME0,0.9533444448573133,0.950977278607614,1.0,9
0.0015743782487314608,False,232,time0,0.8298709562818172,2,,,time0,TIME0,0.9386407849914226,0.9689367905183218,1.0,2
0.0003250471862037987,False,232,time0,0.9694948999537457,4,,,time0,TIME0,0.8747951394665725,0.9385922369701238,0.0,7
0.00027139501259638185,False,232,goleiro_time1,0.9686116281590902,9,,,goleiro1,GOL-TIME1,0.8696291381736097,0.919944809045468,0.0,3
0.0012226330496004137,False,232,time1,0.9005556261877438,6,,,time1,TIME1,0.855907281799561,0.947833092042387,0.0,4
0.0011723070425853311,False,232,time1,0.8831069386357053,8,,,time1,TIME1,0.8406282524733402,0.9084473149562038,0.0,6
0.0016654164780164585,False,232,time1,0.8567535743439264,5,,,time1,TIME1,0.8399368891346619,0.9419346009037963,0.0,10
0.0035902951563670537,False,232,time1,0.7905911612898728,7,,,time1,TIME1,0.8148292351382826,0.9259373196122944,0.0,8
0.0,False,233,time1,0.0,novo,0.05031020135494202,True,time1,TIME1,0.0,,,12
4.45533287930496e-06,False,233,time0,0.9987378550561931,0,,,time0,TIME0,0.9860821833713029,0.9459304309252737,1.0,1
0.00030223293938410446,False,233,time0,0.915599788339066,1,,,time0,TIME0,0.9615279665069772,0.950977278607614,1.0,9
0.0012657205615894253,False,233,time0,0.8441938244597942,2,,,time0,TIME0,0.9438053247424762,0.9689367905183218,1.0,2
0.002001903307081406,False,233,time0,0.81175401849376,3,,,time0,TIME0,0.9320991188434709,0.9661366512105362,1.0,5
9.477364124985513e-05,False,233,time0,0.9716173665780663,4,,,time0,TIME0,0.8757618175302662,0.9385922369701238,0.0,7
0.0003522206629338529,False,233,goleiro_time1,0.953913609144285,9,,,goleiro1,GOL-TIME1,0.865415648281038,0.919944809045468,0.0,3
0.0006200168731636495,False,233,time1,0.9314910717407853,8,,,time1,TIME1,0.8555389998311833,0.9084473149562038,0.0,6
0.0017364047660395176,False,233,time1,0.8736632891873188,6,,,time1,TIME1,0.8470355776875966,0.947833092042387,0.0,4
0.0027132992296140536,False,233,time1,0.7968939367114484,5,,,time1,TIME1,0.8213444302629522,0.9419346009037963,0.0,10
0.0036368508348613377,False,233,time1,0.7320506089549641,7,,,time1,TIME1,0.7966189863710971,0.9259373196122944,0.0,8
0.0,False,234,time1,0.0,novo,0.05233297786174396,True,time1,TIME1,0.0,,,12
1.4082744022869732e-05,False,234,time0,0.9939566872201411,0,,,time0,TIME0,0.9851899538376178,0.9481099191020139,1.0,1
0.0015286767004744836,False,234,time0,0.8257209653704003,2,,,time0,TIME0,0.938087640291561,0.9677631671949057,1.0,2
0.001963429092728368,False,234,time0,0.7968738628222148,3,,,time0,TIME0,0.9294078048632471,0.9691346325304987,1.0,5
0.00027326589569369003,False,234,time0,0.9725588124590693,4,,,time0,TIME0,0.8758804071318642,0.9383388938543644,0.0,7
0.0006336632727997073,False,234,time0,0.9267041279243479,1,,,time0,TIME0,0.8643500810777683,0.9492356763619849,0.0,9
0.0006738921677489516,False,234,goleiro_time1,0.9367265469979701,9,,,goleiro1,GOL-TIME1,0.8600594441050996,0.9196072381029167,0.0,3
0.0016863180128970378,False,234,time1,0.8653064879302987,6,,,time1,TIME1,0.8449549220121699,0.9478578971318683,0.0,4
0.0018410496207798862,False,234,time1,0.856942683732529,5,,,time1,TIME1,0.8400747432496127,0.9410807107802599,0.0,10
0.0013269877151653607,False,234,time1,0.8649016189871745,8,,,time1,TIME1,0.8350483614791401,0.9096967310324283,0.0,6
0.002874104618696168,False,234,time1,0.7750608364700535,7,,,time1,TIME1,0.8110366196952161,0.9282094294184752,0.0,8
0.0,False,235,time1,0.0,novo,0.05233297786174396,True,time1,TIME1,0.0,,,12
5.332375758869473e-05,False,235,time0,0.9937572968443544,0,,,time0,TIME0,0.9850792476187892,0.9481099191020139,1.0,1
0.0008754211938849793,False,235,time0,0.9091053583159671,2,,,time0,TIME0,0.96326588238459,0.9677631671949057,1.0,2
0.0010256649145587143,False,235,time0,0.8827279822673154,3,,,time0,TIME0,0.955530100424759,0.9691346325304987,1.0,5
0.00012864072195027846,False,235,time0,0.9866315300238353,4,,,time0,TIME0,0.8802692325671753,0.9383388938543644,0.0,7
0.0004167458748909335,False,235,time0,0.9497711616622893,1,,,time0,TIME0,0.8717034677705224,0.9492356763619849,0.0,9
0.00025720362043987576,False,235,goleiro_time1,0.9667378726375278,9,,,goleiro1,GOL-TIME1,0.8693842116713034,0.9196072381029167,0.0,3
0.0010914995037051374,False,235,time1,0.8880340910249813,8,,,time1,TIME1,0.8426745998397557,0.9096967310324283,0.0,6
0.002207746867906894,False,235,time1,0.844738982477271,6,,,time1,TIME1,0.8379953416644951,0.9478578971318683,0.0,4
0.0024828989678746366,False,235,time1,0.811676636638269,5,,,time1,TIME1,0.8260393834593909,0.9410807107802599,0.0,10
0.0024064605009852277,False,235,time1,0.8213952801353176,7,,,time1,TIME1,0.8258780063124663,0.9282094294184752,0.0,8
0.0,False,236,time1,0.0,novo,0.05233297786174396,True,time1,TIME1,0.0,,,12
1.5164764081154268e-05,False,236,time0,0.9985008114931327,0,,,time0,TIME0,0.9865177578219232,0.9481099191020139,1.0,1
0.0009807126834557537,False,236,time0,0.8898711911108509,2,,,time0,TIME0,0.9579135517216458,0.9677631671949057,1.0,2
0.0017422164637981843,False,236,time0,0.7431776070973471,3,,,time0,TIME0,0.9117676395190499,0.9691346325304987,1.0,5
0.00017132959163279228,False,236,time0,0.9822349551191798,4,,,time0,TIME0,0.8788993884217331,0.9383388938543644,0.0,7
0.00016268962747670012,False,236,goleiro_time1,0.9777518910956396,9,,,goleiro1,GOL-TIME1,0.8730129043092509,0.9196072381029167,0.0,3
0.0006893013144285743,False,236,time0,0.9234066425753437,1,,,time0,TIME0,0.8635002329132591,0.9492356763619849,0.0,9
0.0021843117583024434,False,236,time1,0.8330013807285918,5,,,time1,TIME1,0.8329693597270024,0.9410807107802599,0.0,10
0.0025775966247123436,False,236,time1,0.8145205007764785,7,,,time1,TIME1,0.82388278940009,0.9282094294184752,0.0,8
0.0015071955989610347,False,236,time1,0.8259751425724245,8,,,time1,TIME1,0.8235220372333948,0.9096967310324283,0.0,6
0.0019084772064487273,False,236,time1,0.7473682563259356,6,,,time1,TIME1,0.8083413494441011,0.9478578971318683,0.0,4
0.0,False,237,time1,0.0,novo,0.05561739358893192,True,time1,TIME1,0.0,,,12
5.830470718530436e-06,False,237,time0,0.9981244857704852,0,,,time0,TIME0,0.9867813374312535,0.9494543888959123,1.0,1
0.0006643092790191398,False,237,time0,0.9416107615592535,3,,,time0,TIME0,0.9728027941456309,0.9700595192483228,1.0,5
0.001346215487585188,False,237,time0,0.8691888542938104,2,,,time0,TIME0,0.9508632036039714,0.9663297858337379,1.0,2
0.00022862653113702716,False,237,time0,0.972943662703033,1,,,time0,TIME0,0.8783710696036229,0.9480485550309565,0.0,9
0.0002500110889440378,False,237,time0,0.9750710548892845,4,,,time0,TIME0,0.8768641208270636,0.9392063372591688,0.0,7
0.0004515415609527053,False,237,goleiro_time1,0.9318110715635585,9,,,goleiro1,GOL-TIME1,0.8584276033021812,0.9183265427630865,0.0,3
0.0021526994018359084,False,237,time1,0.8324466679156547,5,,,time1,TIME1,0.83202141433413,0.9390800436607354,0.0,10
0.003002408617201592,False,237,time1,0.789662031791394,7,,,time1,TIME1,0.8168659712347892,0.9320386156446114,0.0,8
0.0019172859698939665,False,237,time1,0.7770693232454267,8,,,time1,TIME1,0.808582386890975,0.9105050649176307,0.0,6
0.002738117100785862,False,237,time1,0.7417196268087669,6,,,time1,TIME1,0.8053382361856685,0.9477026318018937,0.0,4
0.0,False,238,time1,0.0,novo,0.05561739358893192,True,time1,TIME1,0.0,,,12
3.9449344471499164e-05,False,238,time0,0.995755544401714,0,,,time0,TIME0,0.9860293415343336,0.9494543888959123,1.0,1
0.0009308622417082237,False,238,time0,0.9166350032635183,3,,,time0,TIME0,0.9663220476644668,0.9700595192483228,1.0,5
0.0010228265397359039,False,238,time0,0.8997148815966887,2,,,time0,TIME0,0.960343675165975,0.9663297858337379,1.0,2
0.0002568108250394037,False,238,time0,0.9755572748945442,4,,,time0,TIME0,0.8769467587431585,0.9392063372591688,0.0,7
0.0007207146477945538,False,238,time0,0.9201433857858876,1,,,time0,TIME0,0.8620630009542236,0.9480485550309565,0.0,9
0.0006559254499328744,False,238,goleiro_time1,0.9255287929282391,9,,,goleiro1,GOL-TIME1,0.8563544122213611,0.9183265427630865,0.0,3
0.0010465578249358285,False,238,time1,0.8954190505832147,6,,,time1,TIME1,0.8528917643815972,0.9477026318018937,0.0,4
0.0022368057625592143,False,238,time1,0.8268276973985234,5,,,time1,TIME1,0.8304894055814367,0.9390800436607354,0.0,10
0.0024026125519332414,False,238,time1,0.828656914185483,7,,,time1,TIME1,0.8290002004169152,0.9320386156446114,0.0,8
0.001752726791044758,False,238,time1,0.7867887552844979,8,,,time1,TIME1,0.8118080522739517,0.9105050649176307,0.0,6
0.0,False,239,time1,0.0,novo,0.05561739358893192,True,time1,TIME1,0.0,,,12
8.17156800704522e-05,False,239,time0,0.9916162463409037,0,,,time0,TIME0,0.9847080811259095,0.9494543888959123,1.0,1
0.000306733737982229,False,239,time0,0.9463921508012028,3,,,time0,TIME0,0.9753304708952316,0.9700595192483228,1.0,5
0.002404915395823229,False,239,time0,0.7716649734163775,2,,,time0,TIME0,0.9198200681408514,0.9663297858337379,1.0,2
6.357740439242847e-05,False,239,time0,0.9658753821801057,4,,,time0,TIME0,0.8743564748165698,0.9392063372591688,0.0,7
0.0004196928169926605,False,239,goleiro_time1,0.9712691307603126,9,,,goleiro1,GOL-TIME1,0.8703488200460108,0.9183265427630865,0.0,3
0.0006304302001124251,False,239,time0,0.9263684657122905,1,,,time0,TIME0,0.8641129253053881,0.9480485550309565,0.0,9
0.0006649304461981363,False,239,time1,0.9088835144623679,8,,,time1,TIME1,0.8488835250650226,0.9105050649176307,0.0,6
0.0011770369232152068,False,239,time1,0.8325113718667889,6,,,time1,TIME1,0.8349046504467539,0.9477026318018937,0.0,4
0.0026404211606846227,False,239,time1,0.7828959773861491,5,,,time1,TIME1,0.816874281657787,0.9390800436607354,0.0,10
0.002905398984646699,False,239,time1,0.7888954489108917,7,,,time1,TIME1,0.815923944104944,0.9320386156446114,0.0,8
0.0,False,240,time1,0.0,novo,0.057779857656875766,True,time1,TIME1,0.0,,,12
9.353166994540888e-06,False,240,time0,0.9990685308393866,0,,,time0,TIME0,0.9874049379306206,0.9509688810844967,1.0,1
0.00017456171308807472,False,240,goleiro_time1,0.9756376392316783,9,,,goleiro1,GOL-TIME1,0.9716672466824245,0.9179037420625167,1.0,3
0.0008104610786575665,False,240,time0,0.921446526536998,2,,,time0,TIME0,0.9656514726611722,0.9656112341795285,1.0,2
0.00110680322851299,False,240,time0,0.9152580676083034,3,,,time0,TIME0,0.9648462246042192,0.9689017299446019,1.0,5
0.00026778870183854445,False,240,time0,0.9691722319184787,4,,,time0,TIME0,0.8753378181480145,0.9401064650931206,0.0,7
0.00032862617757860036,False,240,time0,0.9605842760619879,1,,,time0,TIME0,0.8747408038422342,0.9483655336152508,0.0,9
0.0002444550823469312,False,240,time1,0.9652417040937536,8,,,time1,TIME1,0.8668487881383982,0.9111544254888477,0.0,6
0.0015404307825855033,False,240,time1,0.8774106005604446,6,,,time1,TIME1,0.8476516281460201,0.9474587323864926,0.0,4
0.0021548110861432054,False,240,time1,0.79889729893288,7,,,time1,TIME1,0.8202681847934228,0.9339471845422518,0.0,8
0.003018905973289045,False,240,time1,0.7474940926992006,5,,,time1,TIME1,0.8062891054638909,0.9403038305997992,0.0,10
0.0,False,241,time1,0.0,novo,0.057779857656875766,True,time1,TIME1,0.0,,,12
0.00018325078618154587,False,241,time0,0.9805702387072772,0,,,time0,TIME0,0.9816224929681739,0.9509688810844967,1.0,1
0.0006007988413595009,False,241,time0,0.9493572218806507,3,,,time0,TIME0,0.9761098866231217,0.9689017299446019,1.0,5
5.8721745525985966e-05,False,241,goleiro_time1,0.9853603190859855,9,,,goleiro1,GOL-TIME1,0.9748766983741299,0.9179037420625167,1.0,3
0.002141610319674438,False,241,time0,0.7751622810091302,2,,,time0,TIME0,0.9207971536675569,0.9656112341795285,1.0,2
0.00036442007381792314,False,241,time0,0.953758047509001,1,,,time0,TIME0,0.8727797253669272,0.9483655336152508,0.0,9
0.0001502873505147949,False,241,time0,0.9345924937559109,4,,,time0,TIME0,0.8649890379512466,0.9401064650931206,0.0,7
0.0013236982280789406,False,241,time1,0.8805992542136569,6,,,time1,TIME1,0.8485659332743763,0.9474587323864926,0.0,4
0.0009760117202786737,False,241,time1,0.8979519230108656,8,,,time1,TIME1,0.8457263884437223,0.9111544254888477,0.0,6
0.0017974881669592685,False,241,time1,0.8226286297320821,5,,,time1,TIME1,0.829314314470486,0.9403038305997992,0.0,10
0.002901482445425977,False,241,time1,0.7480629985843439,7,,,time1,TIME1,0.8043750317181722,0.9339471845422518,0.0,8
0.0,False,242,time1,0.0,novo,0.057779857656875766,True,time1,TIME1,0.0,,,12
0.0,False,242,time0,1.0,2,,,time0,TIME0,0.9899426196905586,0.9656112341795285,1.0,2
6.879907830777388e-05,False,242,time0,0.9926885822458291,0,,,time0,TIME0,0.9853951097896191,0.9509688810844967,1.0,1
0.00036890512001413014,False,242,goleiro_time1,0.95305365230687,9,,,goleiro1,GOL-TIME1,0.964844759765972,0.9179037420625167,1.0,3
0.0018692846216894015,False,242,time0,0.8523393159682714,3,,,time0,TIME0,0.9453342180554385,0.9689017299446019,1.0,5
0.00042356587856944293,False,242,time0,0.9626827557708003,4,,,time0,TIME0,0.8730821861297874,0.9401064650931206,0.0,7
0.0008085553677859705,False,242,time0,0.9053190441671379,1,,,time0,TIME0,0.8576465047209076,0.9483655336152508,0.0,9
0.0006817090118309321,False,242,time1,0.9345178672377681,8,,,time1,TIME1,0.8573210588017082,0.9111544254888477,0.0,6
0.0012037743044641556,False,242,time1,0.8955122798753402,6,,,time1,TIME1,0.8543401352110548,0.9474587323864926,0.0,4
0.002127645726592883,False,242,time1,0.7917817072539465,5,,,time1,TIME1,0.8203167213859272,0.9403038305997992,0.0,10
0.0027799187500405676,False,242,time1,0.742666831281588,7,,,time1,TIME1,0.8034067148523891,0.9339471845422518,0.0,8
0.0,False,243,time1,0.0,novo,0.056402263541526,True,time1,TIME1,0.0,,,12
1.1919728066087166e-05,False,243,time0,0.9985248408394208,0,,,time0,TIME0,0.9873944682566398,0.9515610904078562,1.0,1
0.00034843760058734976,False,243,goleiro_time1,0.9579002320504255,9,,,goleiro1,GOL-TIME1,0.967280554981209,0.9210218996039716,1.0,3
0.0008961118850220182,False,243,time0,0.8815946468131198,3,,,time0,TIME0,0.9536190789187174,0.9672717574108496,1.0,5
0.00023853869833590752,False,243,time0,0.9790851693227517,4,,,time0,TIME0,0.8783258946563824,0.9397910700110135,0.0,7
0.0009189002583313165,False,243,time1,0.9129331358634707,7,,,time1,TIME1,0.856024342483699,0.9384782867200987,0.0,8
0.0007420095107655251,False,243,time1,0.912572028556093,8,,,time1,TIME1,0.8509488664551741,0.9121410530874765,0.0,6
0.0013422651606038308,False,243,time1,0.8829284354639206,6,,,time1,TIME1,0.8496898242522213,0.9464285736596161,0.0,4
0.0010660525511040938,False,243,time0,0.8703697960610935,1,,,time0,TIME0,0.8471823171218391,0.9491956470962932,0.0,9
0.005327202781690973,False,243,time0,0.45215440605415375,2,,,time0,TIME0,0.8185740350266199,0.9656112341795285,1.0,2
0.002462311973708675,False,243,time1,0.7726406184488824,5,,,time1,TIME1,0.814019791349252,0.9419920988936398,0.0,10
0.0,False,244,time1,0.0,novo,0.056402263541526,True,time1,TIME1,0.0,,,12
1.0016488019610743e-05,False,244,time0,0.9989572124356656,0,,,time0,TIME0,0.987562053907388,0.9515610904078562,1.0,1
0.00011798268739876781,False,244,time0,0.9689308074584929,3,,,time0,TIME0,0.9818259490418167,0.9672717574108496,1.0,5
0.0004115511081580906,False,244,goleiro_time1,0.9503298082572036,9,,,goleiro1,GOL-TIME1,0.9649363019618026,0.9210218996039716,1.0,3
0.000440099330740517,False,244,time0,0.8558880076807686,2,,,time0,TIME0,0.9439090166654891,0.9656112341795285,1.0,2
0.00026787441418327777,False,244,time0,0.9587964192832218,4,,,time0,TIME0,0.8720145638824188,0.9397910700110135,0.0,7
0.0004508920851093933,False,244,time0,0.9408033048736691,1,,,time0,TIME0,0.8686535840574479,0.9491956470962932,0.0,9
0.000587451914923183,False,244,time1,0.922667872592361,6,,,time1,TIME1,0.8620428611704167,0.9464285736596161,0.0,4
0.0011245097399862811,False,244,time1,0.8846982644841781,7,,,time1,TIME1,0.8486880226346133,0.9384782867200987,0.0,8
0.0009133917372356425,False,244,time1,0.8844039596052143,8,,,time1,TIME1,0.8422684149447728,0.9121410530874765,0.0,6
0.0018797225031068664,False,244,time1,0.8101915750546075,5,,,time1,TIME1,0.8263068684429086,0.9419920988936398,0.0,10
0.0,False,245,time1,0.0,novo,0.056402263541526,True,time1,TIME1,0.0,,,12
5.317341299303818e-06,False,245,time0,0.9979364207125642,0,,,time0,TIME0,0.9872618906548035,0.9515610904078562,1.0,1
0.0001517703846180302,False,245,time0,0.9537353583825572,3,,,time0,TIME0,0.9776664030358287,0.9672717574108496,1.0,5
0.0002532194042331373,False,245,goleiro_time1,0.9733007674679363,9,,,goleiro1,GOL-TIME1,0.9719058991802213,0.9210218996039716,1.0,3
0.0014949525582359047,False,245,time0,0.729474554750369,2,,,time0,TIME0,0.9080203533885299,0.9656112341795285,1.0,2
0.00017255763214460068,False,245,time0,0.9774044528281511,4,,,time0,TIME0,0.8778483507053643,0.9397910700110135,0.0,7
0.00048695930201000676,False,245,time0,0.9370759120633557,1,,,time0,TIME0,0.8679531824869775,0.9491956470962932,0.0,9
0.0007414598762329176,False,245,time1,0.9160035362174146,8,,,time1,TIME1,0.8520347950606166,0.9121410530874765,0.0,6
0.002103674883126116,False,245,time1,0.8314202317593444,5,,,time1,TIME1,0.8322899524439167,0.9419920988936398,0.0,10
0.0023874092772245732,False,245,time1,0.8035604630836743,6,,,time1,TIME1,0.8237562516985502,0.9464285736596161,0.0,4
0.002778389473379046,False,245,time1,0.7800249824403684,7,,,time1,TIME1,0.8148589792475902,0.9384782867200987,0.0,8
0.0,False,246,time1,0.0,novo,0.05373973187173997,True,time1,TIME1,0.0,,,12
9.433202069621736e-06,False,246,time0,0.998461647963642,0,,,time0,TIME0,0.9876572563768226,0.9525209730034583,1.0,1
0.0003883734399820797,False,246,time0,0.9782272219793304,3,,,time0,TIME0,0.9842190512695527,0.9655490176399255,1.0,5
0.00048291293864594466,False,246,goleiro_time1,0.9398696170393923,9,,,goleiro1,GOL-TIME1,0.9619749946501299,0.922533081422858,1.0,3
0.0011654564472857066,False,246,time0,0.8701371042582314,2,,,time0,TIME0,0.9510061143866426,0.9650145762499025,1.0,2
0.0003624876016193979,False,246,time0,0.9646238580206454,4,,,time0,TIME0,0.8736429656163893,0.9389557593229474,0.0,7
0.0008432186677195496,False,246,time0,0.9167754417351778,1,,,time0,TIME0,0.861539520880708,0.9506063133531192,0.0,9
0.00043225727266899374,False,246,time1,0.9392024729425102,8,,,time1,TIME1,0.8591521500376867,0.9120826962851659,0.0,6
0.0016722869604064267,False,246,time1,0.8498679753203908,6,,,time1,TIME1,0.839274047421309,0.9453132824225065,0.0,4
0.0030022961942623026,False,246,time1,0.7989535664190182,7,,,time1,TIME1,0.8221117529596297,0.9417275804638302,0.0,8
0.0020934880254918652,False,246,time1,0.7769021132607357,5,,,time1,TIME1,0.8161449120839182,0.9432146403888804,0.0,10
0.0,False,247,time1,0.0,novo,0.05373973187173997,True,time1,TIME1,0.0,,,12
7.736556137726417e-06,False,247,time0,0.9993396879990054,0,,,time0,TIME0,0.9879147521689314,0.9525209730034583,1.0,1
0.0009093935188938662,False,247,time0,0.9464185406582419,3,,,time0,TIME0,0.9741102205024038,0.9655490176399255,1.0,5
0.0003337602176605728,False,247,goleiro_time1,0.9643176108359417,9,,,goleiro1,GOL-TIME1,0.9695109781079876,0.922533081422858,1.0,3
0.0010026695531662484,False,247,time0,0.8906307109307354,2,,,time0,TIME0,0.957147480165856,0.9650145762499025,1.0,2
0.0004440923743802141,False,247,time0,0.9488376622791721,4,,,time0,TIME0,0.8687536650897818,0.9389557593229474,0.0,7
0.0006107926115808752,False,247,time0,0.9366718146026689,1,,,time0,TIME0,0.8679363742498278,0.9506063133531192,0.0,9
0.0010368437930209705,False,247,time1,0.8994265812434378,8,,,time1,TIME1,0.8464171780104701,0.9120826962851659,0.0,6
0.0018152660081494551,False,247,time1,0.8623349746931418,7,,,time1,TIME1,0.8415853537089268,0.9417275804638302,0.0,8
0.0025688714682183447,False,247,time1,0.8016043023207459,6,,,time1,TIME1,0.8238430684248468,0.9453132824225065,0.0,4
0.0016138621387784212,False,247,time1,0.7949177923268421,5,,,time1,TIME1,0.8224141044617416,0.9432146403888804,0.0,10
0.0,False,248,time1,0.0,novo,0.05373973187173997,True,time1,TIME1,0.0,,,12
2.693044012486547e-05,False,248,time0,0.9972790563269464,0,,,time0,TIME0,0.9872715145293939,0.9525209730034583,1.0,1
0.00042586296433505793,False,248,time0,0.9646664831534324,3,,,time0,TIME0,0.979899926489377,0.9655490176399255,1.0,5
0.0005791873576466057,False,248,goleiro_time1,0.9368926019935565,9,,,goleiro1,GOL-TIME1,0.960961450571228,0.922533081422858,1.0,3
0.0010141928029786373,False,248,time0,0.8852517735154662,2,,,time0,TIME0,0.9556885578616231,0.9650145762499025,1.0,2
0.0007507762678056508,False,248,time0,0.9432283851884519,4,,,time0,TIME0,0.8668153393488538,0.9389557593229474,0.0,7
0.0008126348593898141,False,248,time0,0.9235485215847818,1,,,time0,TIME0,0.8638320727759278,0.9506063133531192,0.0,9
0.0007966731864323042,False,248,time1,0.9161178889237894,8,,,time1,TIME1,0.851942373050142,0.9120826962851659,0.0,6
0.0022719848078000195,False,248,time1,0.8420096497568405,7,,,time1,TIME1,0.8356324276385731,0.9417275804638302,0.0,8
0.001249861723152646,False,248,time1,0.8355269138307652,5,,,time1,TIME1,0.835035911669003,0.9432146403888804,0.0,10
0.001796656358966225,False,248,time1,0.8360764331362843,6,,,time1,TIME1,0.8348206300133838,0.9453132824225065,0.0,4
0.0,False,249,time1,0.0,novo,0.05134334623114434,True,time1,TIME1,0.0,,,12
7.588695050282816e-06,False,249,time0,0.9986857986657744,0,,,time0,TIME0,0.9880107786131594,0.9537392321027334,1.0,1
0.00021303685330692585,False,249,time0,0.9742175304693849,3,,,time0,TIME0,0.9824167607069525,0.9630097927728244,1.0,5
0.00027971352375199084,False,249,goleiro_time1,0.9673613370027703,9,,,goleiro1,GOL-TIME1,0.9699905683503625,0.921342155376236,1.0,3
0.0006904175788388536,False,249,time0,0.9247566830403343,2,,,time0,TIME0,0.9675032928817829,0.9639842881283107,1.0,2
0.00044412778557679524,False,249,time0,0.9652741770020233,4,,,time0,TIME0,0.8736236386127891,0.9386183046216858,0.0,7
0.0008125497811997473,False,249,time0,0.9287936521618114,1,,,time0,TIME0,0.8657197853546388,0.9514179594385417,0.0,9
0.0010305709379887756,False,249,time1,0.8942053507668511,8,,,time1,TIME1,0.845343285166119,0.9127393911366758,0.0,6
0.0011500494313657634,False,249,time1,0.8459970547272184,5,,,time1,TIME1,0.8391378109922776,0.9460253303328308,0.0,10
0.00189371652096495,False,249,time1,0.8276993823139973,6,,,time1,TIME1,0.8327761251442702,0.946521393826538,0.0,4
0.002885509865008202,False,249,time1,0.7788476034309986,7,,,time1,TIME1,0.8163409427558574,0.9443047112416147,0.0,8
0.0,False,250,time1,0.0,novo,0.05134334623114434,True,time1,TIME1,0.0,,,12
1.98324499921061e-05,False,250,time0,0.9978930775988913,0,,,time0,TIME0,0.9877762858769837,0.9537392321027334,1.0,1
7.304630382092464e-05,False,250,time0,0.9704376761176368,3,,,time0,TIME0,0.9816350117125237,0.9630097927728244,1.0,5
0.0007455624003342508,False,250,goleiro_time1,0.9291809855789329,9,,,goleiro1,GOL-TIME1,0.9579206065012952,0.921342155376236,1.0,3
0.0017404185084875315,False,250,time0,0.7890050575969011,2,,,time0,TIME0,0.9251902669070801,0.9639842881283107,1.0,2
0.0005486749804985123,False,250,time0,0.9547326888153981,4,,,time0,TIME0,0.870493251376119,0.9386183046216858,0.0,7
0.00035292315410728997,False,250,time0,0.9298894912331965,1,,,time0,TIME0,0.8661770560123482,0.9514179594385417,0.0,9
0.0006707670028197325,False,250,time1,0.9310239307114273,6,,,time1,TIME1,0.8643986866878601,0.946521393826538,0.0,4
0.0011096134976009782,False,250,time1,0.923140710363201,7,,,time1,TIME1,0.8606634692335106,0.9443047112416147,0.0,8
0.0012186827226190566,False,250,time1,0.8713482104684385,8,,,time1,TIME1,0.8383155518566069,0.9127393911366758,0.0,6
0.0012821184822251605,False,250,time1,0.8429124418248097,5,,,time1,TIME1,0.8379513439186987,0.9460253303328308,0.0,10
0.0,False,251,time1,0.0,novo,0.05134334623114434,True,time1,TIME1,0.0,,,12
8.76148087329986e-05,False,251,time0,0.9904336111042661,0,,,time0,TIME0,0.9854168569521667,0.9537392321027334,1.0,1
0.00031153515125849324,False,251,time0,0.9784790531353152,3,,,time0,TIME0,0.9838102931495812,0.9630097927728244,1.0,5
0.0002988238507275696,False,251,time0,0.9153523331684058,2,,,time0,TIME0,0.9643233894830782,0.9639842881283107,1.0,2
0.0005691677139148354,False,251,goleiro_time1,0.9339104470597942,9,,,goleiro1,GOL-TIME1,0.9592201218961685,0.921342155376236,1.0,3
0.0007258595699706046,False,251,time0,0.9397344386229379,1,,,time0,TIME0,0.8688463458562733,0.9514179594385417,0.0,9
0.0008974159099459747,False,251,time0,0.9247124587909893,4,,,time0,TIME0,0.8609818225404815,0.9386183046216858,0.0,7
0.0014303616224891809,False,251,time1,0.8651855476148289,6,,,time1,TIME1,0.8442394114382259,0.946521393826538,0.0,4
0.0015984544126052514,False,251,time1,0.8675979044033465,7,,,time1,TIME1,0.8441732984218918,0.9443047112416147,0.0,8
0.001572485525347436,False,251,time1,0.8285818520595399,5,,,time1,TIME1,0.8333139628738278,0.9460253303328308,0.0,10
0.0012936149453444336,False,251,time1,0.8516584270871773,8,,,time1,TIME1,0.8323669113406219,0.9127393911366758,0.0,6
0.0,False,252,time1,0.0,novo,0.052129632809784665,True,time1,TIME1,0.0,,,12
4.08439956461616e-06,False,252,time0,0.9982530838352959,0,,,time0,TIME0,0.9881329939313024,0.9548712439354686,1.0,1
0.00021671738552693834,False,252,time0,0.9844025301191769,3,,,time0,TIME0,0.9855361884730126,0.9623512825384513,1.0,5
0.00034897472958993263,False,252,goleiro_time1,0.96535180533195,9,,,goleiro1,GOL-TIME1,0.9687541528238516,0.9190027623597243,1.0,3
0.00034792908464332243,False,252,time1,0.9545425506448008,5,,,time1,TIME1,0.8721875934801345,0.9479150491650942,0.0,10
0.0005766839179524896,False,252,time0,0.9384840415576585,1,,,time0,TIME0,0.8686346810217686,0.9513946232050149,0.0,9
0.0007297322764207737,False,252,time1,0.938939238890029,7,,,time1,TIME1,0.8665509877875395,0.9446068697723249,0.0,8
0.0007383786962713715,False,252,time1,0.9279024407540704,6,,,time1,TIME1,0.8637001392803761,0.9465333330301003,0.0,4
0.0008544322978575336,False,252,time0,0.9266013840036162,4,,,time0,TIME0,0.8616851805203003,0.9388077234612568,0.0,7
0.004240489775944343,False,252,time0,0.5502045707359399,2,,,time0,TIME0,0.8491399321558669,0.9625191379988649,1.0,2
0.0012151218173353455,False,252,time1,0.8437074688983827,8,,,time1,TIME1,0.8303435210859211,0.9144186645584591,0.0,6
0.0,False,253,time1,0.0,novo,0.052129632809784665,True,time1,TIME1,0.0,,,12
0.00024005770169183054,False,253,time0,0.9819015814200891,3,,,time0,TIME0,0.98485234355878,0.9623512825384513,1.0,5
0.0001313928136891558,False,253,time0,0.9836641913861229,0,,,time0,TIME0,0.9836079208527104,0.9548712439354686,1.0,1
0.0003598862991771371,False,253,goleiro_time1,0.9566404787822703,9,,,goleiro1,GOL-TIME1,0.9661730919677224,0.9190027623597243,1.0,3
0.0011297082862809368,False,253,time0,0.7990487681407483,2,,,time0,TIME0,0.9271769464081411,0.9625191379988649,1.0,2
0.0006719673307726119,False,253,time0,0.9411885746644135,1,,,time0,TIME0,0.8693987635588638,0.9513946232050149,0.0,9
0.0010563299961505173,False,253,time1,0.9166538359292049,7,,,time1,TIME1,0.85996107274329,0.9446068697723249,0.0,8
0.0011384053370401134,False,253,time0,0.9162569338978124,4,,,time0,TIME0,0.8583504787301406,0.9388077234612568,0.0,7
0.000949749092579304,False,253,time1,0.9089499873630487,6,,,time1,TIME1,0.8583072947675366,0.9465333330301003,0.0,4
0.0007811064650011326,False,253,time1,0.8897508583680287,5,,,time1,TIME1,0.8528476692750625,0.9479150491650942,0.0,10
0.001400194631338687,False,253,time1,0.8298785682381805,8,,,time1,TIME1,0.8260463613127871,0.9144186645584591,0.0,6
0.0,False,254,time1,0.0,novo,0.052129632809784665,True,time1,TIME1,0.0,,,12
0.000368788181893615,False,254,time0,0.9728543427000852,3,,,time0,TIME0,0.9818779806265759,0.9623512825384513,1.0,5
0.0001992917665216568,False,254,time0,0.9726331325085114,0,,,time0,TIME0,0.9802664513892934,0.9548712439354686,1.0,1
0.0006431368839973762,False,254,goleiro_time1,0.9130776800399094,9,,,goleiro1,GOL-TIME1,0.9525151461984408,0.9190027623597243,1.0,3
0.002471094762178771,False,254,time0,0.7113345145727915,2,,,time0,TIME0,0.8996150137848368,0.9625191379988649,1.0,2
0.000493304095547577,False,254,time0,0.9483062082878443,1,,,time0,TIME0,0.871267760646262,0.9513946232050149,0.0,9
0.0008231379826393756,False,254,time0,0.9343816701309748,4,,,time0,TIME0,0.8639991137649006,0.9388077234612568,0.0,7
0.001222886001213814,False,254,time1,0.9022076205353402,7,,,time1,TIME1,0.855579855519456,0.9446068697723249,0.0,8
0.0008447188747311556,False,254,time1,0.8684066182324737,6,,,time1,TIME1,0.84631552259776,0.9465333330301003,0.0,4
0.001004623053933517,False,254,time1,0.8677618472366769,5,,,time1,TIME1,0.8462337916033209,0.9479150491650942,0.0,10
0.0010851840334793492,False,254,time1,0.8733569778350592,8,,,time1,TIME1,0.83888792170947,0.9144186645584591,0.0,6
0.0,False,255,time1,0.0,novo,0.05187003140188573,True,time1,TIME1,0.0,,,12
2.8397965975729865e-05,False,255,time0,0.9971727452153079,0,,,time0,TIME0,0.9880779404097222,0.956399137305382,1.0,1
4.2736786409119647e-05,False,255,goleiro_time1,0.993890420934779,9,,,goleiro1,GOL-TIME1,0.9782500199562719,0.9221910447692359,1.0,3
0.0008469393799792359,False,255,time0,0.9399508363974303,3,,,time0,TIME0,0.9715270116755408,0.9625508717259428,1.0,5
0.0011335028648761848,False,255,time0,0.8547860529541712,2,,,time0,TIME0,0.9436634269875158,0.9613338964600247,1.0,2
0.00044219868708109616,False,255,time1,0.9421412096796308,5,,,time1,TIME1,0.8693990239086702,0.9501743188562675,0.0,10
0.0009001603284133867,False,255,time0,0.9281380980992504,4,,,time0,TIME0,0.8619008152169965,0.9378134439045529,0.0,7
0.0006608283786881629,False,255,time1,0.9025782560460357,6,,,time1,TIME1,0.8557529534796404,0.9429156992756205,0.0,4
0.0007239251445757063,False,255,time1,0.9253505403373085,8,,,time1,TIME1,0.8557032835131283,0.9161137136020043,0.0,6
0.0012200450897723372,False,255,time0,0.8822768569413589,1,,,time0,TIME0,0.8515981275941791,0.954302407001955,0.0,9
0.001810672901998065,False,255,time1,0.8636544631060302,7,,,time1,TIME1,0.8432314265204482,0.9460053994956997,0.0,8
0.0,False,256,time1,0.0,novo,0.05187003140188573,True,time1,TIME1,0.0,,,12
3.22476589530493e-05,False,256,time0,0.9970011116897519,0,,,time0,TIME0,0.9881303200265084,0.956399137305382,1.0,1
0.0007095891905214095,False,256,time0,0.9721831444658392,3,,,time0,TIME0,0.981112715130052,0.9625508717259428,1.0,5
0.0001337872675622756,False,256,goleiro_time1,0.9792169638073583,9,,,goleiro1,GOL-TIME1,0.9741283833549853,0.9221910447692359,1.0,3
0.0009692090163394683,False,256,time0,0.8503695767390687,2,,,time0,TIME0,0.9435429955365493,0.9613338964600247,1.0,2
0.00026943818885866047,False,256,time1,0.9567149426886346,5,,,time1,TIME1,0.8740592640860183,0.9501743188562675,0.0,10
0.0011435330609416068,False,256,time0,0.9157173888804172,4,,,time0,TIME0,0.857955257633899,0.9378134439045529,0.0,7
0.0011238633080853685,False,256,time1,0.8966651905663146,7,,,time1,TIME1,0.8537862137734487,0.9460053994956997,0.0,8
0.001316861533449607,False,256,time0,0.8702225180193113,1,,,time0,TIME0,0.8481790418099167,0.954302407001955,0.0,9
0.0010373375204781733,False,256,time1,0.9003058982268918,8,,,time1,TIME1,0.8479630390491488,0.9161137136020043,0.0,6
0.0012257004303564151,False,256,time1,0.8621943995248124,6,,,time1,TIME1,0.8428814645982323,0.9429156992756205,0.0,4
0.0,False,257,time1,0.0,novo,0.05187003140188573,True,time1,TIME1,0.0,,,12
8.337105204587396e-05,False,257,time0,0.9905171360759775,0,,,time0,TIME0,0.9861428605720929,0.956399137305382,1.0,1
0.0005207582237668674,False,257,time0,0.9660268238835088,3,,,time0,TIME0,0.9798356324162817,0.9625508717259428,1.0,5
0.0002696406110282289,False,257,goleiro_time1,0.9769409580881441,9,,,goleiro1,GOL-TIME1,0.9731886684154981,0.9221910447692359,1.0,3
0.0007116953957323875,False,257,time0,0.9182913827438127,2,,,time0,TIME0,0.9641540519075601,0.9613338964600247,1.0,2
0.00021442915256046866,False,257,time1,0.9397002068049316,5,,,time1,TIME1,0.8690567420714819,0.9501743188562675,0.0,10
0.0009640935696723196,False,257,time0,0.927024647696182,4,,,time0,TIME0,0.8615329224919522,0.9378134439045529,0.0,7
0.0011844851458726047,False,257,time1,0.9114883681896643,7,,,time1,TIME1,0.8583353659276066,0.9460053994956997,0.0,8
0.0010485148769692296,False,257,time0,0.89322800530833,1,,,time0,TIME0,0.8553665338870877,0.954302407001955,0.0,9
0.0009489201255991667,False,257,time1,0.9046837976600226,8,,,time1,TIME1,0.8494813577456848,0.9161137136020043,0.0,6
0.0023166297021853747,False,257,time1,0.7677721314575097,6,,,time1,TIME1,0.8130025518093953,0.9429156992756205,0.0,4
0.0,False,258,time1,0.0,novo,0.048734629686371655,True,time1,TIME1,0.0,,,12
1.3423957203665838e-05,False,258,time0,0.9984522992430253,0,,,time0,TIME0,0.9889893748565172,0.9580724001138599,1.0,1
0.00037919734878777786,False,258,time0,0.977525495881,3,,,time0,TIME0,0.9833828670724463,0.9623691599277371,1.0,5
0.00012873247144743749,False,258,goleiro_time1,0.9836103750767284,9,,,goleiro1,GOL-TIME1,0.9758404377850399,0.9245689125858586,1.0,3
0.0007134026415595345,False,258,time0,0.9090938302574187,2,,,time0,TIME0,0.9614156649287645,0.9604711933629997,1.0,2
0.0012733970799267877,False,258,time0,0.8664102795229092,1,,,time0,TIME0,0.9475865212637776,0.9560376559184078,1.0,9
0.0003631670349291586,False,258,time1,0.9565374156074218,8,,,time1,TIME1,0.8651256792181236,0.9158714055870442,0.0,6
0.0014239659951135386,False,258,time1,0.9206658124090363,7,,,time1,TIME1,0.861306804194513,0.9474784865093571,0.0,8
0.00034134006546056365,False,258,time1,0.8888704435761775,5,,,time1,TIME1,0.8538720253769685,0.9506033674177663,0.0,10
0.0015655869372226455,False,258,time0,0.8873438118321433,4,,,time0,TIME0,0.8482727151366192,0.9356556821384677,0.0,7
0.0017006674617626393,False,258,time1,0.8050209032815715,6,,,time1,TIME1,0.8245129282527346,0.9401802548959959,0.0,4
0.0,False,259,time1,0.0,novo,0.048734629686371655,True,time1,TIME1,0.0,,,12
9.364494740811122e-05,False,259,time0,0.9931869459162782,0,,,time0,TIME0,0.9873284521467423,0.9580724001138599,1.0,1
0.00011428989062750389,False,259,goleiro_time1,0.9855992197635948,9,,,goleiro1,GOL-TIME1,0.9766235984162621,0.9245689125858586,1.0,3
0.0006042272844164594,False,259,time0,0.928661228581102,2,,,time0,TIME0,0.9680048841730137,0.9604711933629997,1.0,2
0.0009580751882247252,False,259,time0,0.8905217058390182,1,,,time0,TIME0,0.9548145896177409,0.9560376559184078,1.0,9
0.002096239140632556,False,259,time0,0.8660144919309619,3,,,time0,TIME0,0.9468873491005855,0.9623691599277371,1.0,5
0.0014397680132921934,False,259,time1,0.9135178662174673,7,,,time1,TIME1,0.8594995661606122,0.9474784865093571,0.0,8
0.0004242413801202709,False,259,time1,0.8962613378273729,5,,,time1,TIME1,0.8559461700749706,0.9506033674177663,0.0,10
0.0013026115200357234,False,259,time0,0.9052940666148406,4,,,time0,TIME0,0.8537438252365661,0.9356556821384677,0.0,7
0.0007842317821274717,False,259,time1,0.9112446726074442,8,,,time1,TIME1,0.851330454500928,0.9158714055870442,0.0,6
0.001674561698561592,False,259,time1,0.8065216550896795,6,,,time1,TIME1,0.8247230276601154,0.9401802548959959,0.0,4
0.0,False,260,time1,0.0,novo,0.048734629686371655,True,time1,TIME1,0.0,,,12
5.936659917447203e-06,False,260,time0,0.9982054483681745,0,,,time0,TIME0,0.9889069253719732,0.9580724001138599,1.0,1
0.0001485678147702098,False,260,goleiro_time1,0.9816281499930151,9,,,goleiro1,GOL-TIME1,0.9754721193156657,0.9245689125858586,1.0,3
0.0008199236809302237,False,260,time0,0.9460691538584838,3,,,time0,TIME0,0.9727454958890147,0.9623691599277371,1.0,5
0.0005601101081784351,False,260,time0,0.9382881659421214,2,,,time0,TIME0,0.971036460264881,0.9604711933629997,1.0,2
0.0009015954457900161,False,260,time0,0.920345245178197,1,,,time0,TIME0,0.9638315358748448,0.9560376559184078,1.0,9
0.0002822770813084976,False,260,time1,0.9699085309471883,5,,,time1,TIME1,0.877927825179668,0.9506033674177663,0.0,10
0.0008193844972665212,False,260,time1,0.9287245635043125,7,,,time1,TIME1,0.8641264642803378,0.9474784865093571,0.0,8
0.0010707077536804342,False,260,time0,0.9242549093183633,4,,,time0,TIME0,0.8600373446227564,0.9356556821384677,0.0,7
0.0006652003424242276,False,260,time1,0.9242286002051352,8,,,time1,TIME1,0.8555185810905479,0.9158714055870442,0.0,6
0.00116740071476103,False,260,time1,0.8890959335695224,6,,,time1,TIME1,0.8495360086447694,0.9401802548959959,0.0,4
0.0,False,261,time1,0.0,novo,0.048985045194600785,True,time1,TIME1,0.0,,,12
6.344746610124875e-05,False,261,time0,0.9961618556573151,0,,,time0,TIME0,0.988340348741687,0.9583844703759957,1.0,1
9.406527780420564e-05,False,261,goleiro_time1,0.992151892745763,9,,,goleiro1,GOL-TIME1,0.9789428835139516,0.9257838594992781,1.0,3
0.0006076908850081325,False,261,time0,0.9136141373363846,2,,,time0,TIME0,0.9629822793348,0.9591892336910575,1.0,2
0.0017580614015646724,False,261,time0,0.8911961265890372,3,,,time0,TIME0,0.9560511239318509,0.9637214973157968,1.0,5
0.00019161376426237456,False,261,time1,0.9679156289040545,5,,,time1,TIME1,0.8776168731710827,0.9504592798943887,0.0,10
0.0015954898156376072,False,261,time0,0.8995832145791848,4,,,time0,TIME0,0.8512668545778347,0.9330820900399668,0.0,7
0.0008424639729339607,False,261,time1,0.9060772317437799,8,,,time1,TIME1,0.8503293353984382,0.9176238142377859,0.0,6
0.0023346100670098764,False,261,time1,0.8762323586132756,7,,,time1,TIME1,0.8463239978505783,0.9468578057417383,0.0,8
0.001297755823120001,False,261,time1,0.8762748045126242,6,,,time1,TIME1,0.8455807592570191,0.9386652416762445,0.0,4
0.0013181450624947402,False,261,time0,0.8529865608645155,1,,,time0,TIME0,0.8431109712120384,0.9562484350205656,0.0,9
0.0,False,262,time1,0.0,novo,0.048985045194600785,True,time1,TIME1,0.0,,,12
1.1594328245497929e-05,False,262,time0,0.9986506523690606,0,,,time0,TIME0,0.9891372851611296,0.9583844703759957,1.0,1
4.14745142284099e-05,False,262,goleiro_time1,0.9957732574673676,9,,,goleiro1,GOL-TIME1,0.9801005035285807,0.9257838594992781,1.0,3
0.0005888305671683013,False,262,time0,0.9485933535385135,3,,,time0,TIME0,0.9741355533748514,0.9637214973157968,1.0,5
0.0006264770321181617,False,262,time0,0.920231286303555,2,,,time0,TIME0,0.96514822974134,0.9591892336910575,1.0,2
7.906291597699936e-05,False,262,time1,0.9775580394493958,5,,,time1,TIME1,0.8807303785040397,0.9504592798943887,0.0,10
0.0006332663934431826,False,262,time0,0.9232032691046911,1,,,time0,TIME0,0.8649582485513505,0.9562484350205656,0.0,9
0.002466568825689664,False,262,time1,0.8756461028604092,7,,,time1,TIME1,0.8470736207481776,0.9468578057417383,0.0,8
0.0014231921234908328,False,262,time1,0.8780466194776196,6,,,time1,TIME1,0.8460732850400499,0.9386652416762445,0.0,4
0.0021164789224354785,False,262,time0,0.8705552672419425,4,,,time0,TIME0,0.8421575635269101,0.9330820900399668,0.0,7
0.0012531493838736263,False,262,time1,0.8577977693221138,8,,,time1,TIME1,0.835324614729208,0.9176238142377859,0.0,6
0.0,False,263,time1,0.0,novo,0.048985045194600785,True,time1,TIME1,0.0,,,12
5.6063343797547344e-05,False,263,time0,0.9929320147939305,0,,,time0,TIME0,0.9873940553657776,0.9583844703759957,1.0,1
9.155649218625035e-05,False,263,goleiro_time1,0.9853790554191991,9,,,goleiro1,GOL-TIME1,0.9769368045821447,0.9257838594992781,1.0,3
0.0007522960067809871,False,263,time0,0.917897193330665,2,,,time0,TIME0,0.9642735437618695,0.9591892336910575,1.0,2
0.001844221814619178,False,263,time0,0.8900106841715689,3,,,time0,TIME0,0.9552726785216094,0.9637214973157968,1.0,5
0.0001340265721672516,False,263,time1,0.9846967962419845,5,,,time1,TIME1,0.8828211327666478,0.9504592798943887,0.0,10
0.0006300587376749363,False,263,time1,0.9430972835761534,6,,,time1,TIME1,0.8662695386631798,0.9386652416762445,0.0,4
0.000739552998516735,False,263,time0,0.9176232602384371,1,,,time0,TIME0,0.863501841375979,0.9562484350205656,0.0,9
0.001923506570581636,False,263,time1,0.8888114403199999,7,,,time1,TIME1,0.8511380254554867,0.9468578057417383,0.0,8
0.0018340720930822014,False,263,time0,0.8774605100599254,4,,,time0,TIME0,0.8446366540480892,0.9330820900399668,0.0,7
0.0010994615438395753,False,263,time1,0.8820553692517449,8,,,time1,TIME1,0.8426501145836941,0.9176238142377859,0.0,6
0.0,False,264,time1,0.0,novo,0.05000649989850736,True,time1,TIME1,0.0,,,12
4.868538547720499e-05,False,264,time0,0.9922179033812966,0,,,time0,TIME0,0.9871900148043442,0.9584494520951368,1.0,1
5.192982221611218e-05,False,264,goleiro_time1,0.9934230313574381,9,,,goleiro1,GOL-TIME1,0.9791535693225989,0.9248881848814354,1.0,3
0.0007811261998943562,False,264,time0,0.9219938916322346,2,,,time0,TIME0,0.9649441568234505,0.9578476935823933,1.0,2
0.0007789318218185385,False,264,time0,0.8910921934742383,3,,,time0,TIME0,0.9555886633749578,0.9629226871762986,1.0,5
0.0001984474529985885,False,264,time1,0.9793548678725869,5,,,time1,TIME1,0.8813693185231964,0.9512305936010942,0.0,10
0.0008667703095855289,False,264,time0,0.9432403610588599,1,,,time0,TIME0,0.8708940260843081,0.9570284103339347,0.0,9
0.0010029369127736733,False,264,time1,0.9232065089888224,6,,,time1,TIME1,0.8598627675281516,0.9374482700825473,0.0,4
0.0022631155713657763,False,264,time1,0.8945999905155368,7,,,time1,TIME1,0.8526618115953569,0.9468105826634372,0.0,8
0.0020705204654399814,False,264,time0,0.8611530314240016,4,,,time0,TIME0,0.8391685922358083,0.9317348221477266,0.0,7
0.0017197014365163633,False,264,time1,0.8163727458808616,8,,,time1,TIME1,0.8229259344294468,0.9200133365954821,0.0,6
0.0,False,265,time1,0.0,novo,0.05000649989850736,True,time1,TIME1,0.0,,,12
9.516232098654116e-05,False,265,time0,0.9922418952458975,0,,,time0,TIME0,0.9871611690187115,0.9584494520951368,1.0,1
0.00012498025438391618,False,265,goleiro_time1,0.9800886184732293,9,,,goleiro1,GOL-TIME1,0.9750378880566858,0.9248881848814354,1.0,3
0.0005971087714533032,False,265,time0,0.9366616605533227,2,,,time0,TIME0,0.9697865505550108,0.9578476935823933,1.0,2
0.0021298339153191554,False,265,time0,0.8781385975042283,3,,,time0,TIME0,0.9502574729297802,0.9629226871762986,1.0,5
0.0002609938360510178,False,265,time1,0.9794680504412473,5,,,time1,TIME1,0.8812424489261927,0.9512305936010942,0.0,10
0.0006856028229484046,False,265,time0,0.9436163619920264,1,,,time0,TIME0,0.8714887177166324,0.9570284103339347,0.0,9
0.0013159995904268083,False,265,time1,0.8872336122827955,6,,,time1,TIME1,0.8488848038347345,0.9374482700825473,0.0,4
0.001055015723287149,False,265,time1,0.8724231900836118,8,,,time1,TIME1,0.8403154317643774,0.9200133365954821,0.0,6
0.0018840956336875175,False,265,time0,0.8596130500570245,4,,,time0,TIME0,0.838974764426661,0.9317348221477266,0.0,7
0.004704537983033976,False,265,time1,0.7838978156069488,7,,,time1,TIME1,0.812879336438946,0.9468105826634372,0.0,8
0.0,False,266,time1,0.0,novo,0.05000649989850736,True,time1,TIME1,0.0,,,12
4.915183477142555e-05,False,266,time0,0.9962427587731981,0,,,time0,TIME0,0.9883991269518522,0.9584494520951368,1.0,1
8.804524755447811e-05,False,266,goleiro_time1,0.9906356386683788,9,,,goleiro1,GOL-TIME1,0.9782154562704525,0.9248881848814354,1.0,3
0.0007108315248794023,False,266,time0,0.9200736968076533,2,,,time0,TIME0,0.9647279127845977,0.9578476935823933,1.0,2
0.002139333044900607,False,266,time0,0.8492012563243031,3,,,time0,TIME0,0.940635440511176,0.9629226871762986,1.0,5
0.00010290140502330719,False,266,time1,0.9842232178815811,5,,,time1,TIME1,0.8828707855013325,0.9512305936010942,0.0,10
0.0008556355682880659,False,266,time0,0.9103861212152575,1,,,time0,TIME0,0.8612660956086887,0.9570284103339347,0.0,9
0.0014577185474811797,False,266,time1,0.9078479926674731,7,,,time1,TIME1,0.8536138201926157,0.9468105826634372,0.0,8
0.0007814255208969761,False,266,time1,0.8934985001110333,8,,,time1,TIME1,0.8471538742310865,0.9200133365954821,0.0,6
0.0015089196879361257,False,266,time0,0.8846583070087684,4,,,time0,TIME0,0.8466648956279692,0.9317348221477266,0.0,7
0.0013682558627821763,False,266,time1,0.8598287749609955,6,,,time1,TIME1,0.8407975976581963,0.9374482700825473,0.0,4
0.0,False,267,time1,0.0,novo,0.048187059312077674,True,time1,TIME1,0.0,,,12
0.00023520301942357456,False,267,time0,0.9865004440367016,0,,,time0,TIME0,0.9852920021964447,0.9587571770751416,1.0,1
4.032120250250982e-05,False,267,time0,0.9729000840955726,3,,,time0,TIME0,0.980696398336219,0.9611874736197314,1.0,5
5.481397032275559e-05,False,267,goleiro_time1,0.9935526244196701,9,,,goleiro1,GOL-TIME1,0.9797760334809916,0.927427789909679,1.0,3
0.0006737473775554808,False,267,time0,0.9278878264094181,2,,,time0,TIME0,0.9667668934425373,0.9563307320306226,1.0,2
0.00020459702836360248,False,267,time1,0.9733586004531731,5,,,time1,TIME1,0.8793754188453197,0.950587010505391,0.0,10
0.0006589842569177839,False,267,time0,0.9328594159765197,1,,,time0,TIME0,0.8683556755375339,0.9574140898710122,0.0,9
0.00048475883604939005,False,267,time1,0.9314552561874718,8,,,time1,TIME1,0.8591756919520197,0.921649296248743,0.0,6
0.002037040345917098,False,267,time0,0.8404436751733402,4,,,time0,TIME0,0.8314920609612992,0.9304830142103202,0.0,7
0.0026988502438319876,False,267,time1,0.7766400090116088,6,,,time1,TIME1,0.8137436357451757,0.9367831641111733,0.0,4
0.0055534460327601055,False,267,time1,0.7829014830958736,7,,,time1,TIME1,0.813504544934713,0.9462437673411772,0.0,8
0.0,False,268,time1,0.0,novo,0.048187059312077674,True,time1,TIME1,0.0,,,12
8.573320842182545e-05,False,268,time0,0.9950151495267254,0,,,time0,TIME0,0.9880120493868529,0.9587571770751416,1.0,1
0.00013122973447510125,False,268,time0,0.9708807284004409,3,,,time0,TIME0,0.981364532236959,0.9611874736197314,1.0,5
7.505874292290403e-05,False,268,goleiro_time1,0.9901193397622571,9,,,goleiro1,GOL-TIME1,0.9787593572059382,0.927427789909679,1.0,3
0.0003205590960651922,False,268,time0,0.9621145664981725,2,,,time0,TIME0,0.9771625971887017,0.9563307320306226,1.0,2
0.0006217812943755343,False,268,time1,0.9516825099623111,5,,,time1,TIME1,0.8722548823799801,0.950587010505391,0.0,10
0.0006917395630229674,False,268,time0,0.9241829101139756,1,,,time0,TIME0,0.8658824401186995,0.9574140898710122,0.0,9
0.0008482260036991418,False,268,time1,0.9398954295071538,8,,,time1,TIME1,0.861048311553505,0.921649296248743,0.0,6
0.001980061396928867,False,268,time1,0.9086801790899255,7,,,time1,TIME1,0.854903477586547,0.9462437673411772,0.0,8
0.0016725705543733159,False,268,time1,0.8662847587850713,6,,,time1,TIME1,0.8418596610182701,0.9367831641111733,0.0,4
0.002074609900588997,False,268,time0,0.8446178572828249,4,,,time0,TIME0,0.8338948904180397,0.9304830142103202,0.0,7
0.0,False,269,time1,0.0,novo,0.048187059312077674,True,time1,TIME1,0.0,,,12
4.232008337771799e-05,False,269,time0,0.9929190493573872,0,,,time0,TIME0,0.9874397345283085,0.9587571770751416,1.0,1
0.0001964872809242276,False,269,time0,0.9723327511235978,3,,,time0,TIME0,0.9816968234317375,0.9611874736197314,1.0,5
2.9852659706916263e-05,False,269,goleiro_time1,0.9963900617483614,9,,,goleiro1,GOL-TIME1,0.980692446177644,0.927427789909679,1.0,3
0.0003645878711426969,False,269,time0,0.9596122975241351,2,,,time0,TIME0,0.9764942134369633,0.9563307320306226,1.0,2
0.0011880297153321051,False,269,time1,0.9152394832145037,5,,,time1,TIME1,0.860750856161838,0.950587010505391,0.0,10
0.0010116605472964724,False,269,time0,0.9179456195820197,4,,,time0,TIME0,0.8560755089248231,0.9304830142103202,0.0,7
0.0008316913085849213,False,269,time1,0.9097945362612821,8,,,time1,TIME1,0.8522958159837333,0.921649296248743,0.0,6
0.00131769699417353,False,269,time0,0.8607702839701423,1,,,time0,TIME0,0.8459490152441462,0.9574140898710122,0.0,9
0.0021657124585233714,False,269,time1,0.8123848056222354,6,,,time1,TIME1,0.8255823367476565,0.9367831641111733,0.0,4
0.005467248483608325,False,269,time1,0.6716864296479527,7,,,time1,TIME1,0.7780665671010283,0.9462437673411772,0.0,8
0.0,False,270,time1,0.0,novo,0.04727782679795789,True,time1,TIME1,0.0,,,12
3.388114308015448e-05,False,270,time0,0.9954637571037701,0,,,time0,TIME0,0.9883521180831184,0.9591650383685077,1.0,1
0.00031878419861821575,False,270,time0,0.9796655245891881,3,,,time0,TIME0,0.9837079972157609,0.9610295621168341,1.0,5
4.592724073203527e-05,False,270,goleiro_time1,0.9958521403586403,9,,,goleiro1,GOL-TIME1,0.9811444077598866,0.9298285715308114,1.0,3
0.0002824758253809999,False,270,time0,0.9530004033243071,2,,,time0,TIME0,0.9742017971852618,0.9552601108218224,1.0,2
0.0007974198147705343,False,270,time0,0.9134639285611023,1,,,time0,TIME0,0.8622477692449078,0.9571546896953127,0.0,9
0.0012246404281481538,False,270,time1,0.9155013436543804,5,,,time1,TIME1,0.8613780726029828,0.9514643218919382,0.0,10
0.0007008106128382989,False,270,time1,0.925810313425748,8,,,time1,TIME1,0.8578814876955312,0.9237581094069263,0.0,6
0.0012233583196094738,False,270,time0,0.9029746660315039,4,,,time0,TIME0,0.8519909888573866,0.9294396243748463,0.0,7
0.0014460107332946329,False,270,time1,0.8885337293538701,7,,,time1,TIME1,0.8474656445469247,0.9461077371991409,0.0,8
0.0016172645561278638,False,270,time1,0.848661589298339,6,,,time1,TIME1,0.8366986088541023,0.9360871729619618,0.0,4
0.0,False,271,time1,0.0,novo,0.04727782679795789,True,time1,TIME1,0.0,,,12
6.67545446381195e-05,False,271,time0,0.9871240891344636,0,,,time0,TIME0,0.985825572249826,0.9591650383685077,1.0,1
0.0006307538219218679,False,271,time0,0.9569644353054992,3,,,time0,TIME0,0.9764567726865053,0.9610295621168341,1.0,5
0.00017406646365967197,False,271,goleiro_time1,0.9806256087524731,9,,,goleiro1,GOL-TIME1,0.9763872129562506,0.9298285715308114,1.0,3
0.0005344773228939005,False,271,time0,0.9246588223035079,2,,,time0,TIME0,0.9654361017361258,0.9552601108218224,1.0,2
0.0008752130896895984,False,271,time1,0.9234317820328317,5,,,time1,TIME1,0.8637349423662865,0.9514643218919382,0.0,10
0.0006299015687823742,False,271,time1,0.9296362757214885,6,,,time1,TIME1,0.8616635346288736,0.9360871729619618,0.0,4
0.000526801413345018,False,271,time0,0.9017370735324496,1,,,time0,TIME0,0.8591182476263071,0.9571546896953127,0.0,9
0.0007400288681785274,False,271,time1,0.9295562930647667,8,,,time1,TIME1,0.8590427524345816,0.9237581094069263,0.0,6
0.0023148857261199402,False,271,time1,0.8315064033064576,7,,,time1,TIME1,0.8331931368674957,0.9461077371991409,0.0,8
0.002333802001767549,False,271,time0,0.8273524251274444,4,,,time0,TIME0,0.8276868727499046,0.9294396243748463,0.0,7
0.0,False,272,time1,0.0,novo,0.04727782679795789,True,time1,TIME1,0.0,,,12
6.081311151776637e-05,False,272,time0,0.9938559555707858,0,,,time0,TIME0,0.9878390265424756,0.9591650383685077,1.0,1
3.3875321540315386e-05,False,272,time0,0.9916246975717566,2,,,time0,TIME0,0.9859290544027566,0.9552601108218224,1.0,2
0.0006138825175106331,False,272,time0,0.9765618050892152,3,,,time0,TIME0,0.9824056799463411,0.9610295621168341,1.0,5
7.546923123857333e-05,False,272,goleiro_time1,0.9914794541529816,9,,,goleiro1,GOL-TIME1,0.9796844532612387,0.9298285715308114,1.0,3
0.0006751601219554738,False,272,time1,0.9455064091869698,5,,,time1,TIME1,0.8707336773187943,0.9514643218919382,0.0,10
0.0003919071780798751,False,272,time1,0.9542664738517411,8,,,time1,TIME1,0.866591809697125,0.9237581094069263,0.0,6
0.0006748043358213426,False,272,time0,0.9129272389729968,1,,,time0,TIME0,0.8624323939857081,0.9571546896953127,0.0,9
0.002066346814551246,False,272,time0,0.8468667393423088,4,,,time0,TIME0,0.8338378663985322,0.9294396243748463,0.0,7
0.0018562100773654678,False,272,time1,0.8351067273252204,6,,,time1,TIME1,0.8319478927649061,0.9360871729619618,0.0,4
0.005630532859380613,False,272,time1,0.6828830616464541,7,,,time1,TIME1,0.7839405797370763,0.9461077371991409,0.0,8
0.0009090148524593653,True,272,excluido,0.8497726060544849,10,,,excluir,EXCLUÍDO,0.6034856218237965,0.0,0.0,16
0.0,False,273,time1,0.0,novo,0.04321442278647192,True,time1,TIME1,0.0,,,12
3.5647596757745574e-05,False,273,time0,0.9965054502265539,0,,,time0,TIME0,0.988684478870658,0.9591401215223386,1.0,1
1.2544837309029649e-05,False,273,goleiro_time1,0.9981678514206446,9,,,goleiro1,GOL-TIME1,0.9825066047816208,0.9324647998755721,1.0,3
0.0005281563735717933,False,273,time0,0.9304962746308044,2,,,time0,TIME0,0.9667930114297428,0.9538725532590255,1.0,2
0.003836787118136814,False,273,time0,0.7703365128356329,3,,,time0,TIME0,0.9157215199553586,0.9614818664841072,1.0,5
0.0006592010870813767,False,273,time1,0.9286709321201226,5,,,time1,TIME1,0.8659845130967808,0.9523674070464958,0.0,10
0.000828354894053175,False,273,time0,0.9011051786185198,1,,,time0,TIME0,0.8586738456587125,0.9570145543465878,0.0,9
0.0007732398017285465,False,273,time1,0.9136296880090745,8,,,time1,TIME1,0.8543764258211562,0.9250021002124574,0.0,6
0.0013711768299087604,False,273,time1,0.8808330830120913,6,,,time1,TIME1,0.8466472250359163,0.9369767658084334,0.0,4
0.001690761762941358,False,273,time1,0.8603179758465089,7,,,time1,TIME1,0.8392556985310129,0.9445425218370007,0.0,8
0.004346278544238452,False,273,time0,0.6722933492157623,4,,,time0,TIME0,0.7785799454969695,0.9296409228614456,0.0,7
9.512516586462697e-06,True,273,excluido,0.9962676577881879,10,,,excluir,EXCLUÍDO,0.6482454683040512,0.0,0.0,16
0.0,False,274,time1,0.0,novo,0.04321442278647192,True,time1,TIME1,0.0,,,12
2.0424924843213673e-05,False,274,time0,0.9976555021385264,0,,,time0,TIME0,0.9890511504387743,0.9591401215223386,1.0,1
1.6128347828523947e-05,False,274,goleiro_time1,0.9975769230789711,9,,,goleiro1,GOL-TIME1,0.9823565754248411,0.9324647998755721,1.0,3
0.000780834640944855,False,274,time0,0.9369887426140496,3,,,time0,TIME0,0.968666968221649,0.9614818664841072,1.0,5
0.0005951531906587283,False,274,time0,0.9200403696288375,2,,,time0,TIME0,0.9637976428431224,0.9538725532590255,1.0,2
0.0007931212607786716,False,274,time0,0.9388168838589173,1,,,time0,TIME0,0.8696901310774422,0.9570145543465878,0.0,9
0.0007545173237470406,False,274,time1,0.9393527235780562,5,,,time1,TIME1,0.869145621243073,0.9523674070464958,0.0,10
0.0005254599986619206,False,274,time1,0.9410518846060728,8,,,time1,TIME1,0.8628091764596819,0.9250021002124574,0.0,6
0.0007597874534204583,False,274,time1,0.9245467199016254,7,,,time1,TIME1,0.8621558002131675,0.9445425218370007,0.0,8
0.0005110516495108883,False,274,time0,0.8840306777669079,4,,,time0,TIME0,0.84417687641205,0.9296409228614456,0.0,7
0.0020250005390795097,False,274,time1,0.8331609238376648,6,,,time1,TIME1,0.8319019350391086,0.9369767658084334,0.0,4
1.3525356949463353e-05,True,274,excluido,0.9971103367745839,10,,,excluir,EXCLUÍDO,0.6491103756981473,0.0,0.0,16
0.0,False,275,time1,0.0,novo,0.04321442278647192,True,time1,TIME1,0.0,,,12
9.331289768314967e-05,False,275,time0,0.9941147062509093,0,,,time0,TIME0,0.9878681175093069,0.9591401215223386,1.0,1
8.45444537916109e-06,False,275,goleiro_time1,0.9992304241080007,9,,,goleiro1,GOL-TIME1,0.9828631886817256,0.9324647998755721,1.0,3
0.00023580092580940127,False,275,time0,0.9695829394160322,2,,,time0,TIME0,0.9788834651154535,0.9538725532590255,1.0,2
0.0015302350975182938,False,275,time0,0.873270928817239,3,,,time0,TIME0,0.949492028440818,0.9614818664841072,1.0,5
0.0003502897634389008,False,275,time1,0.9621622447756613,7,,,time1,TIME1,0.8741081146176797,0.9445425218370007,0.0,8
0.0008370378412125672,False,275,time1,0.9443216554593192,5,,,time1,TIME1,0.8704773282046256,0.9523674070464958,0.0,10
0.0008129654822667759,False,275,time0,0.9298312575857377,1,,,time0,TIME0,0.8674502301287812,0.9570145543465878,0.0,9
0.0006941373779158199,False,275,time1,0.9225750324742074,8,,,time1,TIME1,0.8572651329628079,0.9250021002124574,0.0,6
0.0015374094668244812,False,275,time1,0.8699727254227131,6,,,time1,TIME1,0.8435047045421438,0.9369767658084334,0.0,4
0.0019170026803213174,False,275,time0,0.8246952934312144,4,,,time0,TIME0,0.8267196269458356,0.9296409228614456,0.0,7
7.181317263253035e-06,True,275,excluido,0.9975734046318877,10,,,excluir,EXCLUÍDO,0.6492585374271708,0.0,0.0,16
0.0,False,276,time1,0.0,novo,0.03869751217976114,True,time1,TIME1,0.0,,,12
2.515863735266187e-05,False,276,time0,0.9986143288105915,0,,,time0,TIME0,0.9893086487684045,0.9593119905981415,1.0,1
7.237260326934974e-05,False,276,time0,0.990124727435762,2,,,time0,TIME0,0.9851193395294214,0.9530599525817233,1.0,2
3.201129999649951e-05,False,276,goleiro_time1,0.9960629001935507,9,,,goleiro1,GOL-TIME1,0.982141782330083,0.9334977484207687,1.0,3
0.001097667748583535,False,276,time0,0.8853897720216968,3,,,time0,TIME0,0.953162279819939,0.9612113042800889,1.0,5
0.00026110189600620095,False,276,time1,0.9525093939939363,7,,,time1,TIME1,0.8710123238905834,0.9425130749640689,0.0,8
0.0007598991153741476,False,276,time0,0.9334569004785427,1,,,time0,TIME0,0.8684441146054698,0.9568035118939977,0.0,9
0.0007192429523767567,False,276,time1,0.9273014052434188,5,,,time1,TIME1,0.8656013278920762,0.9532668942522307,0.0,10
0.00046603184288665815,False,276,time0,0.9471638437840446,4,,,time0,TIME0,0.8649654965971003,0.9290453887778696,0.0,7
0.0006292529553894087,False,276,time1,0.9343218026873232,8,,,time1,TIME1,0.8612320871058902,0.9269092206625856,0.0,6
0.0016623434152346446,False,276,time1,0.870300830003975,6,,,time1,TIME1,0.8438461246030851,0.9381654338723964,0.0,4
1.541959953026118e-06,True,276,excluido,0.9953528653212497,10,,,excluir,EXCLUÍDO,0.6486005799660196,0.0,0.0,16
0.0,False,277,time1,0.0,novo,0.03869751217976114,True,time1,TIME1,0.0,,,12
7.648380894806838e-05,False,277,time0,0.9942991997736322,0,,,time0,TIME0,0.9879793582850244,0.9593119905981415,1.0,1
0.00013288705964689603,False,277,time0,0.9819113445006813,2,,,time0,TIME0,0.9826721566803982,0.9530599525817233,1.0,2
2.319902650518091e-05,False,277,goleiro_time1,0.9972738255588408,9,,,goleiro1,GOL-TIME1,0.9824978668558831,0.9334977484207687,1.0,3
0.0008867296428287085,False,277,time0,0.8490301747886848,3,,,time0,TIME0,0.9438357154900513,0.9612113042800889,1.0,5
0.00023184582998495162,False,277,time1,0.9722621437747926,7,,,time1,TIME1,0.8769307278258662,0.9425130749640689,0.0,8
0.0006850308154391605,False,277,time0,0.9311023342769985,1,,,time0,TIME0,0.867768726134875,0.9568035118939977,0.0,9
0.0006883905161302631,False,277,time1,0.9285859226974439,8,,,time1,TIME1,0.8596340287767757,0.9269092206625856,0.0,6
0.0011032930556026043,False,277,time1,0.9007503610921709,5,,,time1,TIME1,0.8572645925356849,0.9532668942522307,0.0,10
0.0015395671146620114,False,277,time1,0.8810461382127612,6,,,time1,TIME1,0.8473064591900503,0.9381654338723964,0.0,4
0.0018682377084334582,False,277,time0,0.8520986910512863,4,,,time0,TIME0,0.8351348401549745,0.9290453887778696,0.0,7
1.1174221388923466e-05,True,277,excluido,0.99283638453547,10,,,excluir,EXCLUÍDO,0.6478333630760871,0.0,0.0,16
0.0,False,278,time1,0.0,novo,0.03869751217976114,True,time1,TIME1,0.0,,,12
6.526933062821786e-06,False,278,time0,0.9988166157260213,0,,,time0,TIME0,0.9894155261882859,0.9593119905981415,1.0,1
4.5947023186858845e-05,False,278,time0,0.9941472816005812,2,,,time0,TIME0,0.9864052996852556,0.9530599525817233,1.0,2
4.3166033019826016e-05,False,278,goleiro_time1,0.9937335495400192,9,,,goleiro1,GOL-TIME1,0.9814334765235467,0.9334977484207687,1.0,3
0.0015828855604144002,False,278,time0,0.8715094851609904,3,,,time0,TIME0,0.9494216034514612,0.9612113042800889,1.0,5
0.0005475688118305249,False,278,time0,0.9447730119687742,1,,,time0,TIME0,0.8720383392827613,0.9568035118939977,0.0,9
0.0004605088630645864,False,278,time1,0.9464624300603371,7,,,time1,TIME1,0.8688749820770825,0.9425130749640689,0.0,8
0.0006401792373648775,False,278,time1,0.9224019128901263,5,,,time1,TIME1,0.8640753379315433,0.9532668942522307,0.0,10
0.0008067332638656148,False,278,time1,0.9104689718189388,8,,,time1,TIME1,0.854049421315282,0.9269092206625856,0.0,6
0.002114916365337056,False,278,time1,0.8296816313682553,6,,,time1,TIME1,0.8310733597856159,0.9381654338723964,0.0,4
0.0020736374624570953,False,278,time0,0.8324814500886111,4,,,time0,TIME0,0.8298299278261037,0.9290453887778696,0.0,7
1.9364792633245724e-05,True,278,excluido,0.9955462157865221,10,,,excluir,EXCLUÍDO,0.6486318920272262,0.0,0.0,16
0.0,False,279,time1,0.0,novo,0.035458306939577855,True,time1,TIME1,0.0,,,12
5.0331429037481536e-05,False,279,time0,0.9948635749456458,0,,,time0,TIME0,0.9882449534428749,0.9594528145722213,1.0,1
0.00015124275525235252,False,279,time0,0.9888389678631174,2,,,time0,TIME0,0.9844029290152164,0.9520757790978542,1.0,2
7.417405277221537e-05,False,279,goleiro_time1,0.989328878524002,9,,,goleiro1,GOL-TIME1,0.9803493460722149,0.9346889434128514,1.0,3
0.0019733683763807908,False,279,time0,0.8329374773802005,3,,,time0,TIME0,0.9386502957647053,0.9635029493758897,1.0,5
0.0006936771845573851,False,279,time0,0.935259937718534,1,,,time0,TIME0,0.8688793392611289,0.9562651248542051,0.0,9
0.0005847329641071805,False,279,time0,0.9277344575246818,4,,,time0,TIME0,0.8590912577550401,0.9296853961656804,0.0,7
0.001304383703300727,False,279,time1,0.9013658002054928,5,,,time1,TIME1,0.8570085462192787,0.9529895062362467,0.0,10
0.0008987237905303041,False,279,time1,0.9041967714174539,8,,,time1,TIME1,0.8523655129726009,0.9280166920061953,0.0,6
0.0016991151526036283,False,279,time1,0.8284490813540041,7,,,time1,TIME1,0.8311879148965668,0.940536447715105,0.0,8
0.0027104874385548657,False,279,time1,0.7942530985530045,6,,,time1,TIME1,0.819859241283793,0.9381958823331598,0.0,4
2.2133985938093723e-05,True,279,excluido,0.9946127180577775,10,,,excluir,EXCLUÍDO,0.6483357094798732,0.0,0.0,16
0.0,False,280,time1,0.0,novo,0.035458306939577855,True,time1,TIME1,0.0,,,12
2.7745208382018363e-05,False,280,time0,0.997325992360758,0,,,time0,TIME0,0.9889851061935214,0.9594528145722213,1.0,1
0.0001006272693150753,False,280,goleiro_time1,0.9882216132692611,9,,,goleiro1,GOL-TIME1,0.9799793492241659,0.9346889434128514,1.0,3
0.00020805920844882238,False,280,time0,0.9737260257685654,2,,,time0,TIME0,0.9797066976642043,0.9520757790978542,1.0,2
0.007068785090822589,False,280,time0,0.6642969585833302,3,,,time0,TIME0,0.8801536792286959,0.9635029493758897,1.0,5
0.0010552003891260535,False,280,time1,0.9176349890938729,5,,,time1,TIME1,0.8622543634050915,0.9529895062362467,0.0,10
0.000899850150682875,False,280,time0,0.9128070375468744,1,,,time0,TIME0,0.8618745566554333,0.9562651248542051,0.0,9
0.0008394097318626505,False,280,time0,0.9155380675282285,4,,,time0,TIME0,0.8560731685457527,0.9296853961656804,0.0,7
0.0004441409252614865,False,280,time1,0.8755893400206338,7,,,time1,TIME1,0.8464034873484658,0.940536447715105,0.0,8
0.001413647131843895,False,280,time1,0.8536863608902348,8,,,time1,TIME1,0.836464902291755,0.9280166920061953,0.0,6
0.002509664962182141,False,280,time1,0.8006909232312808,6,,,time1,TIME1,0.822311803025057,0.9381958823331598,0.0,4
1.4374750051410846e-05,True,280,excluido,0.9931199040637496,10,,,excluir,EXCLUÍDO,0.6478983892051875,0.0,0.0,16
0.0,False,281,time1,0.0,novo,0.035458306939577855,True,time1,TIME1,0.0,,,12
2.6939191459264103e-05,False,281,time0,0.9972834877169902,0,,,time0,TIME0,0.9889881580759254,0.9594528145722213,1.0,1
4.664182840573712e-05,False,281,goleiro_time1,0.9951008251170556,9,,,goleiro1,GOL-TIME1,0.9820700845078629,0.9346889434128514,1.0,3
0.00019214358780319856,False,281,time0,0.980674495638889,2,,,time0,TIME0,0.981795843597063,0.9520757790978542,1.0,2
0.0032616297372976863,False,281,time0,0.7215222952983547,3,,,time0,TIME0,0.8974677758745838,0.9635029493758897,1.0,5
0.00017596656860401554,False,281,time0,0.9758087406224524,4,,,time0,TIME0,0.8743822396503806,0.9296853961656804,0.0,7
0.0005443838841655284,False,281,time0,0.9484724341085938,1,,,time0,TIME0,0.8727150349924242,0.9562651248542051,0.0,9
0.0007259499750598704,False,281,time1,0.9187585116797069,8,,,time1,TIME1,0.856499846105698,0.9280166920061953,0.0,6
0.0018452723806060007,False,281,time1,0.8329768221595069,6,,,time1,TIME1,0.8322217631659601,0.9381958823331598,0.0,4
0.0015911901455335313,False,281,time1,0.7573010591006741,7,,,time1,TIME1,0.810018291715991,0.940536447715105,0.0,8
0.003269889576463544,False,281,time1,0.7521863708027452,5,,,time1,TIME1,0.8090799395057272,0.9529895062362467,0.0,10
2.41016410375201e-05,True,281,excluido,0.9950885655379409,10,,,excluir,EXCLUÍDO,0.6484957246331432,0.0,0.0,16
0.0,False,282,time1,0.0,novo,0.0399225622157281,True,time1,TIME1,0.0,,,12
1.2782650857845882e-05,False,282,time0,0.9986387393083441,0,,,time0,TIME0,0.9895372364121381,0.9599092693783309,1.0,1
1.1295807070451166e-05,False,282,goleiro_time1,0.9935876240009165,9,,,goleiro1,GOL-TIME1,0.9815745315541491,0.9341812945209599,1.0,3
0.0003231848007790226,False,282,time0,0.9551700263507575,2,,,time0,TIME0,0.9738198907755264,0.9508031348953296,1.0,2
0.0017403740669284984,False,282,time0,0.8483693223905996,3,,,time0,TIME0,0.940530097507227,0.9640468644076896,1.0,5
0.0002653109834577043,False,282,time0,0.9647780619496333,4,,,time0,TIME0,0.8715674923302007,0.9306723019102834,0.0,7
0.0009313460256202549,False,282,time0,0.9163557332033978,1,,,time0,TIME0,0.8630000541568542,0.9568526897464921,0.0,9
0.0009015046348417636,False,282,time1,0.8989692455027464,8,,,time1,TIME1,0.850685483334047,0.9287618529454433,0.0,6
0.0011044401145634919,False,282,time1,0.8850550527570153,6,,,time1,TIME1,0.8483929432392685,0.9384309252591507,0.0,4
0.0026082531832654276,False,282,time1,0.7834998067677938,5,,,time1,TIME1,0.8200818862671575,0.9528597725046504,0.0,10
0.0032581198687815405,False,282,time1,0.7753003378490385,7,,,time1,TIME1,0.8128438249001028,0.9396550235591703,0.0,8
3.5488966138676985e-05,True,282,excluido,0.99028524570471,10,,,excluir,EXCLUÍDO,0.6470161271830979,0.0,0.0,16
0.0,False,283,time1,0.0,novo,0.0399225622157281,True,time1,TIME1,0.0,,,12
8.005666804724435e-05,False,283,time0,0.9891481789868095,0,,,time0,TIME0,0.9865983565939592,0.9599092693783309,1.0,1
0.00012100589294069618,False,283,time0,0.9900006667428031,2,,,time0,TIME0,0.9844019933404111,0.9508031348953296,1.0,2
0.00018454130361110455,False,283,goleiro_time1,0.9777187334967148,9,,,goleiro1,GOL-TIME1,0.9765749365780252,0.9341812945209599,1.0,3
0.0021436091751834596,False,283,time0,0.9111533043985003,3,,,time0,TIME0,0.961948980744573,0.9640468644076896,1.0,5
0.0004121186004861087,False,283,time0,0.9494902413624301,4,,,time0,TIME0,0.8667750235305707,0.9306723019102834,0.0,7
0.0013075257621102635,False,283,time0,0.8784646434743137,1,,,time0,TIME0,0.8511493373782776,0.9568526897464921,0.0,9
0.0011261715296069284,False,283,time1,0.8713867091991805,8,,,time1,TIME1,0.8424112477536428,0.9287618529454433,0.0,6
0.0022589066107452063,False,283,time1,0.8473634296258487,7,,,time1,TIME1,0.836065463974454,0.9396550235591703,0.0,8
0.002131387543519873,False,283,time1,0.808249255259297,6,,,time1,TIME1,0.8243932900983912,0.9384309252591507,0.0,4
0.00305648263049321,False,283,time1,0.7498255663079192,5,,,time1,TIME1,0.8097239512394032,0.9528597725046504,0.0,10
4.6092957236809415e-06,True,283,excluido,0.9947343427577006,10,,,excluir,EXCLUÍDO,0.6483947407362186,0.0,0.0,16
0.0,False,284,time1,0.0,novo,0.0399225622157281,True,time1,TIME1,0.0,,,12
0.0003067209026917776,False,284,time0,0.9704085770003437,0,,,time0,TIME0,0.9806621630645518,0.9599092693783309,1.0,1
0.00021198845612906275,False,284,goleiro_time1,0.9751208412184922,9,,,goleiro1,GOL-TIME1,0.9758579920936434,0.9341812945209599,1.0,3
0.00040939472862989366,False,284,time0,0.9536139007219652,2,,,time0,TIME0,0.9732034669258008,0.9508031348953296,1.0,2
0.0033654776879178594,False,284,time0,0.8252196903639633,3,,,time0,TIME0,0.9346194978799284,0.9640468644076896,1.0,5
0.0007925045073161544,False,284,time1,0.9266065176408786,6,,,time1,TIME1,0.8609424970716417,0.9384309252591507,0.0,4
0.00027113067156516975,False,284,time1,0.9286199021959037,8,,,time1,TIME1,0.8599043360037663,0.9287618529454433,0.0,6
0.0013260762573461963,False,284,time0,0.880388089318993,1,,,time0,TIME0,0.8518663252155445,0.9568526897464921,0.0,9
0.0008872013524358883,False,284,time0,0.873638955309496,4,,,time0,TIME0,0.8434072378623203,0.9306723019102834,0.0,7
0.0021835355529905643,False,284,time1,0.8148701480107292,5,,,time1,TIME1,0.8299680151528461,0.9528597725046504,0.0,10
0.004204495765858437,False,284,time1,0.6030350061102614,7,,,time1,TIME1,0.7576264539186338,0.9396550235591703,0.0,8
0.0001796950555999139,True,284,excluido,0.9634817944091413,10,,,excluir,EXCLUÍDO,0.6387598526874201,0.0,0.0,16
0.0,False,285,time1,0.0,novo,0.04387418015349198,True,time1,TIME1,0.0,,,12
0.00016574712810299647,False,285,time0,0.9837595217934478,0,,,time0,TIME0,0.9847319677661602,0.9594119650059587,1.0,1
0.00013022079440059198,False,285,time0,0.9888245690114241,2,,,time0,TIME0,0.9837182534017067,0.9496140450954227,1.0,2
0.0001751100158958825,False,285,goleiro_time1,0.9858637425162026,9,,,goleiro1,GOL-TIME1,0.9787759955073148,0.9331741249859075,1.0,3
0.0024166520259978246,False,285,time0,0.85492491571827,3,,,time0,TIME0,0.9446609240844971,0.9641531615929476,1.0,5
0.00045425751855868163,False,285,time0,0.9617280479655004,4,,,time0,TIME0,0.870301817948873,0.9313923019918695,0.0,7
0.000515066913930102,False,285,time1,0.9418586188663748,8,,,time1,TIME1,0.8643990717906918,0.9304658920498892,0.0,6
0.0009868331384384789,False,285,time1,0.9241419664527617,6,,,time1,TIME1,0.8603760625667259,0.9374276164724771,0.0,4
0.000916339389590596,False,285,time1,0.8973443067863717,7,,,time1,TIME1,0.8495781953526436,0.9386224814383104,0.0,8
0.0015668037024644823,False,285,time0,0.8488233764855154,1,,,time0,TIME0,0.8421604933599464,0.9564364672291438,0.0,9
0.0016458145036109832,False,285,time1,0.8492358760281031,5,,,time1,TIME1,0.8406853191401393,0.9517315008479419,0.0,10
1.1485081628394973e-05,True,285,excluido,0.9971652434785109,10,,,excluir,EXCLUÍDO,0.6490144175287826,0.0,0.0,16
0.0,False,286,time1,0.0,novo,0.04387418015349198,True,time1,TIME1,0.0,,,12
0.00013418762208637316,False,286,time0,0.9792677608544827,2,,,time0,TIME0,0.9810468536223874,0.9496140450954227,1.0,2
0.0003160681395474928,False,286,time0,0.9696566172176339,0,,,time0,TIME0,0.980355887683808,0.9594119650059587,1.0,1
0.00017674935644133342,False,286,goleiro_time1,0.9809321856303769,9,,,goleiro1,GOL-TIME1,0.9774084390489225,0.9331741249859075,1.0,3
0.0028836039512071124,False,286,time0,0.7568404197695026,3,,,time0,TIME0,0.9146872167786891,0.9641531615929476,1.0,5
0.00016037114533263514,False,286,time0,0.975887092846605,4,,,time0,TIME0,0.8752585866235894,0.9313923019918695,0.0,7
0.0006531411050876555,False,286,time1,0.9166693142749424,8,,,time1,TIME1,0.8565991569173541,0.9304658920498892,0.0,6
0.001137819581057698,False,286,time1,0.892949983472966,5,,,time1,TIME1,0.854159401343784,0.9517315008479419,0.0,10
0.001085076582312646,False,286,time1,0.8963736830042449,7,,,time1,TIME1,0.8520199500079237,0.9386224814383104,0.0,8
0.0012425841641991145,False,286,time1,0.8896655219346257,6,,,time1,TIME1,0.8495577581334215,0.9374276164724771,0.0,4
0.0012885099495461901,False,286,time0,0.8715567622070637,1,,,time0,TIME0,0.8492105386851246,0.9564364672291438,0.0,9
2.7367432934823964e-05,True,286,excluido,0.9914030759266431,10,,,excluir,EXCLUÍDO,0.64736969533237,0.0,0.0,16
0.0,False,287,time1,0.0,novo,0.04387418015349198,True,time1,TIME1,0.0,,,12
0.00010819501744402804,False,287,goleiro_time1,0.9916138076736718,9,,,goleiro1,GOL-TIME1,0.9804859534315512,0.9331741249859075,1.0,3
2.2396348406746128e-05,False,287,time0,0.9752224859798184,2,,,time0,TIME0,0.9798432976893424,0.9496140450954227,1.0,2
0.0004130817038613185,False,287,time0,0.9595404421108182,0,,,time0,TIME0,0.9772533798913096,0.9594119650059587,1.0,1
0.0003083513904380833,False,287,time0,0.9615309121146355,4,,,time0,TIME0,0.8708735273551593,0.9313923019918695,0.0,7
0.0008729540785701642,False,287,time1,0.922802139173821,7,,,time1,TIME1,0.8605401473457763,0.9386224814383104,0.0,8
0.004390563847561677,False,287,time0,0.575614443571791,3,,,time0,TIME0,0.8583311231883838,0.9641531615929476,1.0,5
0.0009213728527424508,False,287,time1,0.9059819278379587,8,,,time1,TIME1,0.8532396628170575,0.9304658920498892,0.0,6
0.0014867659766171284,False,287,time0,0.8420052363439743,1,,,time0,TIME0,0.8400129376000076,0.9564364672291438,0.0,9
0.001651635130267355,False,287,time1,0.8536975359081326,6,,,time1,TIME1,0.8386445270277629,0.9374276164724771,0.0,4
0.0025169211120741287,False,287,time1,0.8128412209932859,5,,,time1,TIME1,0.8285469472162246,0.9517315008479419,0.0,10
7.96110713438472e-06,True,287,excluido,0.9954990693788673,10,,,excluir,EXCLUÍDO,0.648618858580733,0.0,0.0,16
0.0,False,288,time1,0.0,novo,0.04631278051374399,True,time1,TIME1,0.0,,,12
0.00010826585252028366,False,288,time0,0.9881080215310359,0,,,time0,TIME0,0.9857087226370329,0.9585401406706016,1.0,1
1.955756931033565e-05,False,288,goleiro_time1,0.9971108866603193,9,,,goleiro1,GOL-TIME1,0.9823129681301985,0.9331382727902966,1.0,3
0.00014203078358701626,False,288,time0,0.9751847874165446,2,,,time0,TIME0,0.9796207456143439,0.9491148939198717,1.0,2
0.0008500183277163556,False,288,time1,0.9197330836174323,7,,,time1,TIME1,0.9590524203168284,0.936414759283158,1.0,8
0.00034600528768063586,False,288,time1,0.9607710138415665,8,,,time1,TIME1,0.8703079674145062,0.9315247662805046,0.0,6
0.0002522585077161672,False,288,time0,0.9505067399213434,4,,,time0,TIME0,0.8677270718296154,0.9315724291823746,0.0,7
0.0010960135688188866,False,288,time0,0.8829442113034213,1,,,time0,TIME0,0.8525613729697759,0.9559797517421318,0.0,9
0.0038387324002596038,False,288,time0,0.5516305906109987,3,,,time0,TIME0,0.8513750710837554,0.9652014938258571,1.0,5
0.0018693639671212823,False,288,time1,0.8469940789030392,5,,,time1,TIME1,0.8393496237466175,0.9520328982740405,0.0,10
0.0017338515071547958,False,288,time1,0.8447814820105107,6,,,time1,TIME1,0.8352266564129744,0.9349198461428887,0.0,4
1.7533319077691436e-05,True,288,excluido,0.9947974615954023,10,,,excluir,EXCLUÍDO,0.6484138427576457,0.0,0.0,16
0.0,False,289,time1,0.0,novo,0.04631278051374399,True,time1,TIME1,0.0,,,12
3.9221105865454765e-05,False,289,time0,0.9962389276243545,0,,,time0,TIME0,0.9884063518001708,0.9585401406706016,1.0,1
1.0285827774982058e-05,False,289,goleiro_time1,0.9979477526898255,9,,,goleiro1,GOL-TIME1,0.9826408234256488,0.9331382727902966,1.0,3
0.0002367880509633806,False,289,time0,0.9684802627895877,2,,,time0,TIME0,0.9774385059725142,0.9491148939198717,1.0,2
0.0017538244366740268,False,289,time0,0.7910826230144125,3,,,time0,TIME0,0.9249401594488517,0.9652014938258571,1.0,5
0.004193361024560974,False,289,time1,0.7360413691526473,7,,,time1,TIME1,0.8988240645680258,0.936414759283158,1.0,8
0.0009206705137661336,False,289,time0,0.9320591762438044,1,,,time0,TIME0,0.8673047022912207,0.9559797517421318,0.0,9
0.0005480801941536451,False,289,time1,0.9352820733056916,8,,,time1,TIME1,0.8626141936200094,0.9315247662805046,0.0,6
0.0011483832787610102,False,289,time0,0.8906193261318718,4,,,time0,TIME0,0.84836259004305,0.9315724291823746,0.0,7
0.0023857150188849974,False,289,time1,0.8272858923232421,5,,,time1,TIME1,0.8335859299881381,0.9520328982740405,0.0,10
0.002519451034067121,False,289,time1,0.7915178925231349,6,,,time1,TIME1,0.8182746847281992,0.9349198461428887,0.0,4
3.849908589906074e-06,True,289,excluido,0.9976994813210319,10,,,excluir,EXCLUÍDO,0.6492960368937881,0.0,0.0,16
0.0,False,290,time1,0.0,novo,0.04631278051374399,True,time1,TIME1,0.0,,,12
0.00019341664061323997,False,290,time0,0.9818311575066181,0,,,time0,TIME0,0.9838622109738008,0.9585401406706016,1.0,1
0.00017869197511452371,False,290,time0,0.978435025021668,2,,,time0,TIME0,0.9804694955548447,0.9491148939198717,1.0,2
0.00015792713861386974,False,290,goleiro_time1,0.9865656764132977,9,,,goleiro1,GOL-TIME1,0.9789987555516655,0.9331382727902966,1.0,3
0.0010945585643519135,False,290,time1,0.9253822204129464,7,,,time1,TIME1,0.9582968342592874,0.936414759283158,1.0,8
0.002166989087965732,False,290,time0,0.7259709999291578,3,,,time0,TIME0,0.9066290239067389,0.9652014938258571,1.0,5
0.0007520694867340891,False,290,time0,0.9197417190091927,1,,,time0,TIME0,0.8641187508565666,0.9559797517421318,0.0,9
0.0005617978220418519,False,290,time0,0.9408782114723051,4,,,time0,TIME0,0.8638843800086276,0.9315724291823746,0.0,7
0.0006304278664232521,False,290,time1,0.9357812134467163,8,,,time1,TIME1,0.8628619290290278,0.9315247662805046,0.0,6
0.0015843411736698532,False,290,time1,0.8776316116415372,5,,,time1,TIME1,0.8492592211598334,0.9520328982740405,0.0,10
0.0022097664222242323,False,290,time1,0.8108419037242641,6,,,time1,TIME1,0.8247232199872581,0.9349198461428887,0.0,4
3.059856510882657e-05,True,290,excluido,0.9893404831341802,10,,,excluir,EXCLUÍDO,0.64675344641048,0.0,0.0,16
0.0,False,291,time1,0.0,novo,0.04565494981329088,True,time1,TIME1,0.0,,,12
0.00025390931377798967,False,291,time0,0.9776325617916549,0,,,time0,TIME0,0.9825135818460768,0.9580571257887932,1.0,1
0.00010801101112597675,False,291,goleiro_time1,0.9890161729592877,9,,,goleiro1,GOL-TIME1,0.9795069922375937,0.9317389642778149,1.0,3
0.0005806811216467993,False,291,time1,0.94174820482889,7,,,time1,TIME1,0.9647376707395875,0.9337434852717205,1.0,8
0.00010916141842350394,False,291,time0,0.9804886825173643,2,,,time0,TIME0,0.8806045417755178,0.9467336168246255,0.0,2
0.0004415155756742694,False,291,time1,0.9530337436642633,8,,,time1,TIME1,0.8684576864223127,0.932339736284562,0.0,6
0.0017744741360534188,False,291,time1,0.8683140473709027,5,,,time1,TIME1,0.8464614261588459,0.9511949600694825,0.0,10
0.0016465492098414818,False,291,time0,0.8594771311273509,1,,,time0,TIME0,0.8440661724368023,0.9549928459975288,0.0,9
0.0015246495646799119,False,291,time0,0.8673702279172241,4,,,time0,TIME0,0.8402940094536431,0.9300968153783571,0.0,7
0.001911207419851608,False,291,time1,0.8122421924023955,6,,,time1,TIME1,0.8249820640516629,0.9335876018042102,0.0,4
0.012823942634065574,False,291,time0,0.41617912052771283,3,,,time0,TIME0,0.7967317656940829,0.9659290981511726,1.0,5
3.029978313767318e-05,True,291,excluido,0.9908618785951915,10,,,excluir,EXCLUÍDO,0.6472269007067174,0.0,0.0,16
0.0,False,292,time1,0.0,novo,0.04565494981329088,True,time1,TIME1,0.0,,,12
0.0001444636418667434,False,292,time0,0.9899140414861157,0,,,time0,TIME0,0.9862043061555996,0.9580571257887932,1.0,1
4.865614143475622e-05,False,292,goleiro_time1,0.9949775564577772,9,,,goleiro1,GOL-TIME1,0.981302421898906,0.9317389642778149,1.0,3
0.0012356465121468635,False,292,time1,0.904430491455538,7,,,time1,TIME1,0.9531281966448629,0.9337434852717205,1.0,8
0.0001393682725363383,False,292,time0,0.9807562546102313,2,,,time0,TIME0,0.8806144603048467,0.9467336168246255,0.0,2
0.0003922671242686189,False,292,time0,0.9395325057594301,1,,,time0,TIME0,0.8693931082667716,0.9549928459975288,0.0,9
0.0004712033995587047,False,292,time1,0.9480798231709281,8,,,time1,TIME1,0.8669935929205297,0.932339736284562,0.0,6
0.0008550470727574911,False,292,time1,0.9204061786951291,5,,,time1,TIME1,0.8625148407004046,0.9511949600694825,0.0,10
0.0007725714534423574,False,292,time0,0.9130667286771513,4,,,time0,TIME0,0.8547430339506619,0.9300968153783571,0.0,7
0.005219183006547504,False,292,time0,0.5300682834850202,3,,,time0,TIME0,0.8400775974175115,0.9659290981511726,1.0,5
0.0018193166837652498,False,292,time1,0.8199868877384259,6,,,time1,TIME1,0.8275859367778294,0.9335876018042102,0.0,4
2.3033520064140063e-05,True,292,excluido,0.9924572422850938,10,,,excluir,EXCLUÍDO,0.6476807772094213,0.0,0.0,16
0.0,False,293,time1,0.0,novo,0.04565494981329088,True,time1,TIME1,0.0,,,12
0.0,False,293,time0,1.0,3,,,time0,TIME0,0.9879237406696926,0.9659290981511726,1.0,5
0.0004048165885286345,False,293,time0,0.9635196741605293,0,,,time0,TIME0,0.9779868286109794,0.9580571257887932,1.0,1
0.00010635124445871568,False,293,goleiro_time1,0.980076016329317,9,,,goleiro1,GOL-TIME1,0.9767740648974476,0.9317389642778149,1.0,3
0.0009140202098763978,False,293,time1,0.937514318106213,7,,,time1,TIME1,0.9632066668080707,0.9337434852717205,1.0,8
0.0002258307461416233,False,293,time0,0.9576536002384771,2,,,time0,TIME0,0.8736933011293698,0.9467336168246255,0.0,2
0.00141925742208046,False,293,time0,0.9166399939114407,1,,,time0,TIME0,0.861557952898474,0.9549928459975288,0.0,9
0.0010922765207349895,False,293,time1,0.8849291224388415,6,,,time1,TIME1,0.8473707961608187,0.9335876018042102,0.0,4
0.0016869374551753413,False,293,time1,0.8537776616356605,5,,,time1,TIME1,0.8417600643095151,0.9511949600694825,0.0,10
0.0016075443348634601,False,293,time1,0.8331369533865981,8,,,time1,TIME1,0.8307876870679701,0.932339736284562,0.0,6
0.007258670276294833,False,293,time0,0.5606675745087026,4,,,time0,TIME0,0.7394633908127262,0.9300968153783571,0.0,7
0.00012919555655115192,True,293,excluido,0.9722320885662812,10,,,excluir,EXCLUÍDO,0.6414552569292803,0.0,0.0,16
0.0,False,294,time1,0.0,novo,0.045419853212793404,True,time1,TIME1,0.0,,,12
2.9121136932843714e-05,False,294,goleiro_time1,0.996244478921463,9,,,goleiro1,GOL-TIME1,0.9814206637933135,0.9305513375322907,1.0,3
0.0002829103735247188,False,294,time0,0.9744953824465705,0,,,time0,TIME0,0.9812350473306842,0.9573542105664948,1.0,1
0.0003046260868986111,False,294,time1,0.9713464988519134,7,,,time1,TIME1,0.9742473250033569,0.9357146122804788,1.0,8
0.00012385568254750495,False,294,time0,0.9863284646983957,2,,,time0,TIME0,0.8819268931483953,0.9448583935230764,0.0,2
0.00032226111645788664,False,294,time1,0.9590293453881832,8,,,time1,TIME1,0.8698615430667862,0.933381031107847,0.0,6
0.0007840894270879206,False,294,time0,0.9318372596382135,1,,,time0,TIME0,0.866651055052575,0.9545261561128979,0.0,9
0.0007088571223743236,False,294,time1,0.8933794223213464,5,,,time1,TIME1,0.8545015247574633,0.9535967292914411,0.0,10
0.001226613511611526,False,294,time1,0.8517725622802147,6,,,time1,TIME1,0.8375997293229419,0.9341892549578614,0.0,4
0.0022377562843058393,False,294,time0,0.8441041926093367,4,,,time0,TIME0,0.8304910722408462,0.9319401367284166,0.0,7
0.005438658559015026,False,294,time0,0.47219930064478743,3,,,time0,TIME0,0.8244896533873418,0.9659290981511726,1.0,5
5.042373659074714e-05,True,294,excluido,0.9901134656878934,10,,,excluir,EXCLUÍDO,0.6468659021749107,0.0,0.0,16
0.0,False,295,time1,0.0,novo,0.045419853212793404,True,time1,TIME1,0.0,,,12
0.0,False,295,time0,1.0,3,,,time0,TIME0,0.9877740982475556,0.9659290981511726,1.0,5
0.00010420533482406377,False,295,time0,0.9909494562219674,0,,,time0,TIME0,0.9863506449533777,0.9573542105664948,1.0,1
3.062063052044979e-05,False,295,goleiro_time1,0.9948711527540074,9,,,goleiro1,GOL-TIME1,0.9810396264865519,0.9305513375322907,1.0,3
0.0008642323718775515,False,295,time1,0.958893958959682,7,,,time1,TIME1,0.9704263178438718,0.9357146122804788,1.0,8
9.579967813417507e-05,False,295,time0,0.9842063607898123,2,,,time0,TIME0,0.8813360598504415,0.9448583935230764,0.0,2
0.00025666529922651975,False,295,time1,0.9460740569616968,8,,,time1,TIME1,0.8666781570776874,0.933381031107847,0.0,6
0.0010151923321978947,False,295,time0,0.9131534325617326,1,,,time0,TIME0,0.86129895893548,0.9545261561128979,0.0,9
0.00210343664390098,False,295,time0,0.8622799237914108,4,,,time0,TIME0,0.8396309978321432,0.9319401367284166,0.0,7
0.001455031963919359,False,295,time1,0.8550692732507457,6,,,time1,TIME1,0.8385873752728693,0.9341892549578614,0.0,4
0.003038042427436886,False,295,time1,0.7824530975797402,5,,,time1,TIME1,0.818410191624491,0.9535967292914411,0.0,10
1.2569956175372396e-05,True,295,excluido,0.9962993479950433,10,,,excluir,EXCLUÍDO,0.6488390220343428,0.0,0.0,16
0.0,False,296,time1,0.0,novo,0.045419853212793404,True,time1,TIME1,0.0,,,12
0.0,False,296,time0,1.0,3,,,time0,TIME0,0.9914822745377931,0.9659290981511726,1.0,5
0.0001975386205797436,False,296,time0,0.9809680499738856,0,,,time0,TIME0,0.9833073031369599,0.9573542105664948,1.0,1
1.1851429608497821e-05,False,296,goleiro_time1,0.9981585253625909,9,,,goleiro1,GOL-TIME1,0.9820579508594053,0.9305513375322907,1.0,3
0.0005301253477129262,False,296,time1,0.9612181226903381,7,,,time1,TIME1,0.9711463677750335,0.9357146122804788,1.0,8
0.0001301362235342585,False,296,time0,0.982337103335551,2,,,time0,TIME0,0.8807667212970041,0.9448583935230764,0.0,2
0.000769215050355521,False,296,time1,0.917409260924424,8,,,time1,TIME1,0.8574243785030213,0.933381031107847,0.0,6
0.0015489998862991531,False,296,time0,0.8675198446443012,1,,,time0,TIME0,0.8469907814729467,0.9545261561128979,0.0,9
0.0016207312006619363,False,296,time1,0.8399551517233957,6,,,time1,TIME1,0.8339334786054207,0.9341892549578614,0.0,4
0.006053541011603903,False,296,time1,0.7028870660381022,5,,,time1,TIME1,0.7915451280362379,0.9535967292914411,0.0,10
0.0071064512399333,False,296,time0,0.5634757940413981,4,,,time0,TIME0,0.739392354764881,0.9319401367284166,0.0,7
1.824094373315438e-05,True,296,excluido,0.994993866018351,10,,,excluir,EXCLUÍDO,0.6484650540057911,0.0,0.0,16
0.0,False,297,time1,0.0,novo,0.045293354242237904,True,time1,TIME1,0.0,,,12
0.0,False,297,time0,1.0,3,,,time0,TIME0,0.9914822745377931,0.9659290981511726,1.0,5
0.00027914856804263897,False,297,time0,0.9746551690518616,0,,,time0,TIME0,0.981261142948415,0.9571348368343472,1.0,1
5.981063982085609e-05,False,297,goleiro_time1,0.9896035147193867,9,,,goleiro1,GOL-TIME1,0.9791250953859815,0.9293653581935051,1.0,3
0.0018620142667328823,False,297,time1,0.8730664765430175,7,,,time1,TIME1,0.9434167593372169,0.9363914072114707,1.0,8
0.00018379648895522073,False,297,time0,0.9793498996908196,2,,,time0,TIME0,0.8793361708470111,0.9434615864611733,0.0,2
0.0007001437357909363,False,297,time1,0.9398023277361028,8,,,time1,TIME1,0.8644911935482018,0.9334171789674317,0.0,6
0.0008521212353230675,False,297,time0,0.9211412963066935,1,,,time0,TIME0,0.8637352286991679,0.9546123345536142,0.0,9
0.0009561454302081728,False,297,time1,0.8847941875657536,5,,,time1,TIME1,0.8497396262762797,0.955837974642838,0.0,10
0.0014443687292995824,False,297,time1,0.8528083779680266,6,,,time1,TIME1,0.8380696518054601,0.9348191727671699,0.0,4
0.00230247394952113,False,297,time0,0.8368670655191018,4,,,time0,TIME0,0.8278379202790964,0.9346413879489179,0.0,7
0.0,True,297,excluido,1.0,10,,,excluir,EXCLUÍDO,0.6499875629929092,0.0,0.0,16
0.0,False,298,time1,0.0,novo,0.045293354242237904,True,time1,TIME1,0.0,,,12
0.0,False,298,time0,1.0,3,,,time0,TIME0,0.9914822745377931,0.9659290981511726,1.0,5
8.47244142028895e-05,False,298,time0,0.9953078765363677,0,,,time0,TIME0,0.987553051521383,0.9571348368343472,1.0,1
2.177304571191003e-05,False,298,goleiro_time1,0.9972531099349677,9,,,goleiro1,GOL-TIME1,0.9814419229761614,0.9293653581935051,1.0,3
0.0006436693202554264,False,298,time1,0.9547379933186496,7,,,time1,TIME1,0.9691031646255657,0.9363914072114707,1.0,8
3.245394312453712e-05,False,298,time0,0.9925302080198514,2,,,time0,TIME0,0.8834630215039125,0.9434615864611733,0.0,2
0.0008917965893469581,False,298,time1,0.914814403761255,8,,,time1,TIME1,0.8568258363382855,0.9334171789674317,0.0,6
0.0010461521688787184,False,298,time0,0.8800303614328631,1,,,time0,TIME0,0.8514889493858111,0.9546123345536142,0.0,9
0.0011743305540277888,False,298,time1,0.8737580301659452,6,,,time1,TIME1,0.8445325068356542,0.9348191727671699,0.0,4
0.001268016302947147,False,298,time0,0.8547568226015794,4,,,time0,TIME0,0.8379565852465962,0.9346413879489179,0.0,7
0.004468717677457965,False,298,time1,0.784441197174165,5,,,time1,TIME1,0.8175127064974275,0.955837974642838,0.0,10
0.0,True,298,excluido,1.0,10,,,excluir,EXCLUÍDO,0.65,0.0,0.0,16
0.0,False,299,time1,0.0,novo,0.045293354242237904,True,time1,TIME1,0.0,,,12
0.0,False,299,time0,1.0,3,,,time0,TIME0,0.9914822745377931,0.9659290981511726,1.0,5
7.158316949112622e-05,False,299,time0,0.9936265722272508,0,,,time0,TIME0,0.9872146570903176,0.9571348368343472,1.0,1
1.7292668479435644e-05,False,299,goleiro_time1,0.9980325002332177,9,,,goleiro1,GOL-TIME1,0.9817096673208409,0.9293653581935051,1.0,3
0.00038146407122795754,False,299,time1,0.9743362915985907,7,,,time1,TIME1,0.9756801236427823,0.9363914072114707,1.0,8
0.00010500980440943161,False,299,time0,0.9821643160985345,2,,,time0,TIME0,0.8803615649121219,0.9434615864611733,0.0,2
0.0006837493156889605,False,299,time1,0.9264336645412524,8,,,time1,TIME1,0.8604528671224181,0.9334171789674317,0.0,6
0.001410024028670487,False,299,time0,0.8612894846889727,1,,,time0,TIME0,0.8455082834411666,0.9546123345536142,0.0,9
0.0018780254037543845,False,299,time1,0.8183488421693275,5,,,time1,TIME1,0.8309023876631569,0.955837974642838,0.0,10
0.0008914480579422124,False,299,time0,0.8147080174210088,4,,,time0,TIME0,0.825853784479206,0.9346413879489179,0.0,7
0.0021517531416086425,False,299,time1,0.7775270666750886,6,,,time1,TIME1,0.8142677826573234,0.9348191727671699,0.0,4
0.0,True,299,excluido,1.0,10,,,excluir,EXCLUÍDO,0.65,0.0,0.0,16
0.0,False,300,time1,0.0,novo,0.047057031726911,True,time1,TIME1,0.0,,,12
0.0,False,300,time0,1.0,3,,,time0,TIME0,0.9914822745377931,0.9659290981511726,1.0,5
7.119516195838675e-05,False,300,time0,0.9929731504218813,0,,,time0,TIME0,0.986961191222346,0.9567298038429846,1.0,1
2.6962975430033726e-05,False,300,goleiro_time1,0.9964607232236982,9,,,goleiro1,GOL-TIME1,0.9805923200696532,0.9268018218991969,1.0,3
0.00025059144192869393,False,300,time1,0.9820143727362561,7,,,time1,TIME1,0.9783778233800898,0.9367930930667852,1.0,8
0.00032398284637761806,False,300,time0,0.9705505190423916,2,,,time0,TIME0,0.875700285260776,0.9402755690005189,0.0,2
0.0009165626120332278,False,300,time0,0.9051102378998492,1,,,time0,TIME0,0.8588642524157385,0.9540099234282127,0.0,9
0.0008900972577700498,False,300,time1,0.9139338614026,8,,,time1,TIME1,0.8566169888577875,0.933660425672213,0.0,6
0.0015624195122264464,False,300,time1,0.8233145841793358,6,,,time1,TIME1,0.8289433084267634,0.9350906795206547,0.0,4
0.0030121141260777314,False,300,time1,0.7809164644355482,5,,,time1,TIME1,0.8181814717781637,0.9564311864550201,0.0,10
0.004143632340509426,False,300,time0,0.5955850509289717,4,,,time0,TIME0,0.7562739866383147,0.9377654482882877,0.0,7
0.0,True,300,excluido,1.0,10,,,excluir,EXCLUÍDO,0.65,0.0,0.0,16
0.0,False,301,time1,0.0,novo,0.047057031726911,True,time1,TIME1,0.0,,,12
0.0,False,301,time0,1.0,3,,,time0,TIME0,0.9914822745377931,0.9659290981511726,1.0,5
0.00014947805501241447,False,301,goleiro_time1,0.9849701176636009,9,,,goleiro1,GOL-TIME1,0.9769599087141866,0.9268018218991969,1.0,3
0.0004313913217887021,False,301,time1,0.9767733772283567,7,,,time1,TIME1,0.9766658564631302,0.9367930930667852,1.0,8
0.00049625433525357,False,301,time0,0.9557165153684578,0,,,time0,TIME0,0.9750882465851075,0.9567298038429846,1.0,1
0.0006784776640443429,False,301,time0,0.9450926825245228,2,,,time0,TIME0,0.8673002538983624,0.9402755690005189,0.0,2
0.0006816473719973417,False,301,time1,0.9339523772097887,8,,,time1,TIME1,0.862751726895403,0.933660425672213,0.0,6
0.0010730595035783074,False,301,time0,0.8804441161773582,1,,,time0,TIME0,0.8515457940877131,0.9540099234282127,0.0,9
0.0013519465208702672,False,301,time1,0.8761648106559304,5,,,time1,TIME1,0.8495871622893532,0.9564311864550201,0.0,10
0.0014309025310535765,False,301,time1,0.820678144785788,6,,,time1,TIME1,0.8282456885130655,0.9350906795206547,0.0,4
0.00629076234240167,False,301,time0,0.5788683155554499,4,,,time0,TIME0,0.7508910495510631,0.9377654482882877,0.0,7
0.0,True,301,excluido,1.0,10,,,excluir,EXCLUÍDO,0.65,0.0,0.0,16
0.0,False,302,time1,0.0,novo,0.047057031726911,True,time1,TIME1,0.0,,,12
0.0,False,302,time0,1.0,3,,,time0,TIME0,0.9914822745377931,0.9659290981511726,1.0,5
0.00022757545782647114,False,302,time0,0.9790735225380948,0,,,time0,TIME0,0.9824499787427573,0.9567298038429846,1.0,1
1.4380380552156634e-06,False,302,goleiro_time1,0.9998119161015345,9,,,goleiro1,GOL-TIME1,0.9815400236588033,0.9268018218991969,1.0,3
8.03928144113519e-05,False,302,time1,0.9895428591844773,7,,,time1,TIME1,0.9806423194724918,0.9367930930667852,1.0,8
0.00013325847135201144,False,302,time0,0.9880810446918579,2,,,time0,TIME0,0.880818949275312,0.9402755690005189,0.0,2
0.0,False,302,time0,1.0,4,,,time0,TIME0,0.8801522059295253,0.9377654482882877,0.0,7
0.0005106675039800682,False,302,time1,0.9466421325814117,8,,,time1,TIME1,0.8666752695056597,0.933660425672213,0.0,6
0.001248204093586611,False,302,time0,0.8633215920270142,1,,,time0,TIME0,0.8459710831124978,0.9540099234282127,0.0,9
0.004645853208725051,False,302,time1,0.7314875887057782,5,,,time1,TIME1,0.8020819132052238,0.9564311864550201,0.0,10
0.002921405860148842,False,302,time1,0.651788680507029,6,,,time1,TIME1,0.7738508791964235,0.9350906795206547,0.0,4
0.0,True,302,excluido,1.0,10,,,excluir,EXCLUÍDO,0.65,0.0,0.0,16
0.0,False,303,time1,0.0,novo,0.0493993565041303,True,time1,TIME1,0.0,,,12
0.0,False,303,time0,1.0,3,,,time0,TIME0,0.9914822745377931,0.9659290981511726,1.0,5
0.00021615483960531944,False,303,time0,0.9802031526638026,0,,,time0,TIME0,0.9832444586198505,0.9576142691182747,1.0,1
1.5824757379611307e-05,False,303,goleiro_time1,0.9957923895276796,9,,,goleiro1,GOL-TIME1,0.9796203941473164,0.9236275122274233,1.0,3
0.00012676155679302496,False,303,time1,0.9884580537231616,7,,,time1,TIME1,0.979478046744405,0.9327667112900317,1.0,8
0.0,False,303,time0,1.0,4,,,time0,TIME0,0.8854874887451119,0.9419499549804473,0.0,7
0.0003287572446650866,False,303,time0,0.9661203128290854,2,,,time0,TIME0,0.8742078500135246,0.9392296108536129,0.0,2
0.0006301408733873501,False,303,time1,0.9350968316294661,8,,,time1,TIME1,0.8629021155891886,0.9326353562142929,0.0,6
0.0008108188940866307,False,303,time0,0.911129803645473,1,,,time0,TIME0,0.8612069107229051,0.9556241628210776,0.0,9
0.005737589531148872,False,303,time1,0.6884972817353575,5,,,time1,TIME1,0.783209408434566,0.9557110085641825,0.0,10
0.004512622285051756,False,303,time1,0.597530018158383,6,,,time1,TIME1,0.7546684230868899,0.9376170925955754,0.0,4
0.0,True,303,excluido,1.0,10,,,excluir,EXCLUÍDO,0.65,0.0,0.0,16
0.0,False,304,time1,0.0,novo,0.0493993565041303,True,time1,TIME1,0.0,,,12
0.0,False,304,time0,1.0,3,,,time0,TIME0,0.9914822745377931,0.9659290981511726,1.0,5
0.0001459541082626709,False,304,time0,0.9884199918102299,0,,,time0,TIME0,0.9855823932818639,0.9576142691182747,1.0,1
6.309359511421061e-05,False,304,time1,0.9967491142775589,7,,,time1,TIME1,0.982109238254908,0.9327667112900317,1.0,8
5.69961329943085e-06,False,304,goleiro_time1,0.9972395268037586,9,,,goleiro1,GOL-TIME1,0.9800614791767305,0.9236275122274233,1.0,3
0.00020820403669157312,False,304,time0,0.9605612298097955,2,,,time0,TIME0,0.8726668659795584,0.9392296108536129,0.0,2
0.0008250746909910735,False,304,time0,0.9176523192548459,1,,,time0,TIME0,0.8632608548142018,0.9556241628210776,0.0,9
0.0006927098196628159,False,304,time1,0.9278850521629277,8,,,time1,TIME1,0.8607809897933161,0.9326353562142929,0.0,6
0.002107639516636751,False,304,time1,0.843295497875122,5,,,time1,TIME1,0.837175962821133,0.9557110085641825,0.0,10
0.0013288225021790478,False,304,time1,0.8345544291441143,6,,,time1,TIME1,0.8313140019528911,0.9376170925955754,0.0,4
0.00968958053435102,False,304,time0,0.5247148755499389,4,,,time0,TIME0,0.7274867096508987,0.9419499549804473,0.0,7
0.0,True,304,excluido,1.0,10,,,excluir,EXCLUÍDO,0.65,0.0,0.0,16
0.0,False,305,time1,0.0,novo,0.0493993565041303,True,time1,TIME1,0.0,,,12
0.0,False,305,time0,1.0,3,,,time0,TIME0,0.9914822745377931,0.9659290981511726,1.0,5
4.704038510135494e-05,False,305,time1,0.9971636220668503,7,,,time1,TIME1,0.9822814138626399,0.9327667112900317,1.0,8
0.0002701823313105977,False,305,time0,0.9749759658725858,0,,,time0,TIME0,0.9813854092525318,0.9576142691182747,1.0,1
1.729500851015528e-05,False,305,goleiro_time1,0.9980770860199284,9,,,goleiro1,GOL-TIME1,0.980305661202344,0.9236275122274233,1.0,3
0.00014298523709257402,False,305,time0,0.9758005242719883,2,,,time0,TIME0,0.8773728530593399,0.9392296108536129,0.0,2
0.0006415606798905286,False,305,time1,0.9386878438292376,8,,,time1,TIME1,0.8639622320434441,0.9326353562142929,0.0,6
0.0008439172525002407,False,305,time0,0.9130267878814516,1,,,time0,TIME0,0.8617180300175197,0.9556241628210776,0.0,9
0.00116693113591353,False,305,time1,0.8427253099054142,6,,,time1,TIME1,0.835907664092226,0.9376170925955754,0.0,4
0.002179914884971076,False,305,time1,0.8298591771192148,5,,,time1,TIME1,0.8357402346682856,0.9557110085641825,0.0,10
0.006574617276619147,False,305,time0,0.5761980923773898,4,,,time0,TIME0,0.7413378146194811,0.9419499549804473,0.0,7
0.0,True,305,excluido,1.0,10,,,excluir,EXCLUÍDO,0.65,0.0,0.0,16
0.0,False,306,time1,0.0,novo,0.050762109947462664,True,time1,TIME1,0.0,,,12
0.0,False,306,time0,1.0,3,,,time0,TIME0,0.9914822745377931,0.9659290981511726,1.0,5
0.0002825954776834879,False,306,time0,0.9752697525851419,0,,,time0,TIME0,0.9813516352019386,0.9573709305123423,1.0,1
7.730872526527302e-06,False,306,goleiro_time1,0.999105702805254,9,,,goleiro1,GOL-TIME1,0.9798767292880789,0.9206711262520684,1.0,3
8.637477001489871e-05,False,306,time0,0.9886846075194727,2,,,time0,TIME0,0.8812554061224869,0.939170620356804,0.0,2
0.00016057444263564341,False,306,time1,0.9905406384040116,7,,,time1,TIME1,0.879733289939997,0.9311779793670321,0.0,8
0.0008028504109407805,False,306,time0,0.9308787805248255,1,,,time0,TIME0,0.8675268527476061,0.9573031535014556,0.0,9
0.0007906675895427877,False,306,time1,0.9252338260621558,8,,,time1,TIME1,0.8598936245692208,0.9326419985813508,0.0,6
0.000932029492153695,False,306,time1,0.8668077272751064,6,,,time1,TIME1,0.8434305869584122,0.9376170925955754,0.0,4
0.002666494150772502,False,306,time0,0.7620555451620072,4,,,time0,TIME0,0.8061728849715346,0.9428519302106715,0.0,7
0.0038608906774922004,False,306,time1,0.7088068790150988,5,,,time1,TIME1,0.7965947656025723,0.9546563944111202,0.0,10
0.0,True,306,excluido,1.0,10,,,excluir,EXCLUÍDO,0.65,0.0,0.0,16
0.0,False,307,time1,0.0,novo,0.050762109947462664,True,time1,TIME1,0.0,,,12
0.0,False,307,time0,1.0,3,,,time0,TIME0,0.9914822745377931,0.9659290981511726,1.0,5
0.00018276692617095469,False,307,time0,0.9785851645144417,0,,,time0,TIME0,0.982463101708863,0.9573709305123423,1.0,1
4.741682565297622e-05,False,307,goleiro_time1,0.9941585508966061,9,,,goleiro1,GOL-TIME1,0.9783358416954715,0.9206711262520684,1.0,3
1.588855492445469e-05,False,307,time1,0.9981296614596408,7,,,time1,TIME1,0.8821108601969934,0.9311779793670321,0.0,8
0.0001697770034457278,False,307,time0,0.9807087837729054,2,,,time0,TIME0,0.8787886476144875,0.939170620356804,0.0,2
0.0013934345425930749,False,307,time0,0.8759786265831224,1,,,time0,TIME0,0.8504360546766948,0.9573031535014556,0.0,9
0.0011814064010649784,False,307,time1,0.8852832883257092,8,,,time1,TIME1,0.84740204149051,0.9326419985813508,0.0,6
0.0031762311215610354,False,307,time1,0.7399205319215445,5,,,time1,TIME1,0.8072842248852882,0.9546563944111202,0.0,10
0.0017600927257926222,False,307,time1,0.7499293018412322,6,,,time1,TIME1,0.8072183560389021,0.9376170925955754,0.0,4
0.0012908189827857232,False,307,time0,0.734276649982769,4,,,time0,TIME0,0.8024648796546516,0.9428519302106715,0.0,7
0.0,True,307,excluido,1.0,10,,,excluir,EXCLUÍDO,0.65,0.0,0.0,16
0.0,False,308,time1,0.0,novo,0.050762109947462664,True,time1,TIME1,0.0,,,12
0.0,False,308,time0,1.0,3,,,time0,TIME0,0.9914822745377931,0.9659290981511726,1.0,5
0.00021490809153084726,False,308,time0,0.972706975906908,0,,,time0,TIME0,0.9807956911196337,0.9573709305123423,1.0,1
1.58606996807257e-05,False,308,goleiro_time1,0.9945952410793943,9,,,goleiro1,GOL-TIME1,0.9785015995605589,0.9206711262520684,1.0,3
5.797766014796871e-05,False,308,time1,0.9960821481934599,7,,,time1,TIME1,0.8815187728456122,0.9311779793670321,0.0,8
0.00015077354421455904,False,308,time0,0.9768034127932604,2,,,time0,TIME0,0.8774965967410302,0.939170620356804,0.0,2
0.0007482924615400116,False,308,time0,0.9285237996069573,1,,,time0,TIME0,0.8667518962298011,0.9573031535014556,0.0,9
0.0011785297740326804,False,308,time1,0.8804923236459147,8,,,time1,TIME1,0.8462084052183686,0.9326419985813508,0.0,6
0.0017359165176786338,False,308,time0,0.8530455494680578,4,,,time0,TIME0,0.8381984461450662,0.9428519302106715,0.0,7
0.0010627572805271145,False,308,time1,0.8444974460220532,6,,,time1,TIME1,0.8362772380027272,0.9376170925955754,0.0,4
0.0040662313790332865,False,308,time1,0.6754045106806387,5,,,time1,TIME1,0.7868180034950026,0.9546563944111202,0.0,10
0.0,True,308,excluido,1.0,10,,,excluir,EXCLUÍDO,0.65,0.0,0.0,16
0.0,False,309,time1,0.0,novo,0.0523768295613094,True,time1,TIME1,0.0,,,12
0.0,False,309,time0,1.0,3,,,time0,TIME0,0.9914822745377931,0.9659290981511726,1.0,5
0.00012146699948185093,False,309,time0,0.9925781808354155,0,,,time0,TIME0,0.9870621322811389,0.9581050555674504,1.0,1
5.239459734201301e-05,False,309,goleiro_time1,0.9940214621632214,9,,,goleiro1,GOL-TIME1,0.9777632182999586,0.9185179381550717,1.0,3
1.468778623408201e-05,False,309,time1,0.9989884738918016,7,,,time1,TIME1,0.8819789947380674,0.9293812190779153,0.0,8
0.00016751937478346666,False,309,time0,0.9794727021357381,2,,,time0,TIME0,0.8784670041869561,0.939171937108965,0.0,2
0.000877946245570132,False,309,time0,0.9174832444927864,1,,,time0,TIME0,0.8637273498978268,0.9585397812933751,0.0,9
0.0010505747127909884,False,309,time1,0.8813376376315218,8,,,time1,TIME1,0.846600178559243,0.9329709687290173,0.0,6
0.0008678454300410412,False,309,time1,0.8684817338183046,6,,,time1,TIME1,0.8436581505558645,0.9376170925955754,0.0,4
0.0019410526662904722,False,309,time0,0.8516585846484722,4,,,time0,TIME0,0.8395005417382619,0.9441554819311695,0.0,7
0.0035974768311350003,False,309,time1,0.7146584301595964,5,,,time1,TIME1,0.7990530367879904,0.9530448214505085,0.0,10
0.0,True,309,excluido,1.0,10,,,excluir,EXCLUÍDO,0.65,0.0,0.0,16
0.0,False,310,time1,0.0,novo,0.0523768295613094,True,time1,TIME1,0.0,,,12
0.0002450804856791003,False,310,time0,0.9771301783307033,0,,,time0,TIME0,0.9822374250176577,0.9581050555674504,1.0,1
5.944557600395305e-05,False,310,goleiro_time1,0.9915361472912997,9,,,goleiro1,GOL-TIME1,0.9769786880512402,0.9185179381550717,1.0,3
0.00016063140240779453,False,310,time1,0.9897559837294994,7,,,time1,TIME1,0.8790241959068247,0.9293812190779153,0.0,8
0.00012852905999658921,False,310,time0,0.9676541526402482,2,,,time0,TIME0,0.8749006108208617,0.939171937108965,0.0,2
0.0007303668369463281,False,310,time1,0.8983958256684316,6,,,time1,TIME1,0.8526724888317061,0.9376170925955754,0.0,4
0.0016443398149831598,False,310,time0,0.8563586306248002,1,,,time0,TIME0,0.8445068117284162,0.9585397812933751,0.0,9
0.0013538256479782406,False,310,time1,0.8485419079975304,8,,,time1,TIME1,0.8363590745413503,0.9329709687290173,0.0,6
0.0019633674021624042,False,310,time0,0.8249813755257404,4,,,time0,TIME0,0.8314003464770571,0.9441554819311695,0.0,7
0.005296784868222011,False,310,time1,0.6183862762560409,5,,,time1,TIME1,0.7678030247483685,0.9530448214505085,0.0,10
0.0,True,310,excluido,1.0,10,,,excluir,EXCLUÍDO,0.65,0.0,0.0,16
0.035738789720769215,False,310,time0,0.0,3,,,time0,TIME0,0.634625109072933,0.9659290981511726,1.0,5
0.0,False,311,time1,0.0,novo,0.0523768295613094,True,time1,TIME1,0.0,,,12
4.949985885243793e-05,False,311,time0,0.9958449098009691,0,,,time0,TIME0,0.9880880420085119,0.9581050555674504,1.0,1
8.716059545306945e-05,False,311,goleiro_time1,0.98542913168671,9,,,goleiro1,GOL-TIME1,0.9751295154486802,0.9185179381550717,1.0,3
0.001399700903881484,False,311,time0,0.856079473657295,3,,,time0,TIME0,0.9234468445258753,0.9659290981511726,1.0,5
1.7790127936851374e-05,False,311,time1,0.998557438513774,7,,,time1,TIME1,0.8817789019801405,0.9293812190779153,0.0,8
0.00011160798712712227,False,311,time0,0.9863196978507434,2,,,time0,TIME0,0.8805557493925453,0.939171937108965,0.0,2
0.0004648675349188398,False,311,time1,0.9253312970862557,6,,,time1,TIME1,0.8613257175162587,0.9376170925955754,0.0,4
0.001340196091490127,False,311,time0,0.8927056339571602,4,,,time0,TIME0,0.8512090515304497,0.9441554819311695,0.0,7
0.0009461594727722907,False,311,time1,0.882626564013375,8,,,time1,TIME1,0.8468614671700541,0.9329709687290173,0.0,6
0.005230318965421927,False,311,time1,0.6451505653005992,5,,,time1,TIME1,0.7761989312635891,0.9530448214505085,0.0,10
0.0043466982024306005,False,311,time0,0.6152012009314466,1,,,time0,TIME0,0.7684009160234371,0.9585397812933751,0.0,9
0.0,True,311,excluido,1.0,10,,,excluir,EXCLUÍDO,0.65,0.0,0.0,16
0.0,False,312,time1,0.0,novo,0.05265223699987631,True,time1,TIME1,0.0,,,12
2.5618082408590197e-05,False,312,time0,0.9938429298399878,0,,,time0,TIME0,0.9877130578272341,0.9585059407628398,1.0,1
0.0002180527884237967,False,312,goleiro_time1,0.9759366500955049,9,,,goleiro1,GOL-TIME1,0.9716589319438432,0.9168689457732404,1.0,3
0.0018890028746945387,False,312,time0,0.8284452349705258,3,,,time0,TIME0,0.9364209135235418,0.9633085614224586,1.0,5
2.8266036438897113e-05,False,312,time1,0.9975444441392813,7,,,time1,TIME1,0.8817220646652218,0.9300360755184554,0.0,8
0.00018507330864398156,False,312,time0,0.976169145515873,2,,,time0,TIME0,0.8775927423614913,0.9401187477502682,0.0,2
0.0005075186977648795,False,312,time0,0.9340354447823395,1,,,time0,TIME0,0.8670151287467126,0.9596301126045041,0.0,9
0.0004392969475240022,False,312,time1,0.9319061069098575,6,,,time1,TIME1,0.8645177704296765,0.9416481793826535,0.0,4
0.0007010005548440292,False,312,time1,0.9364705333849639,8,,,time1,TIME1,0.8630234822689389,0.933296202545214,0.0,6
0.0009487669138317239,False,312,time0,0.9068003580708427,4,,,time0,TIME0,0.8568806033656742,0.9445450759767791,0.0,7
0.0033434618671895604,False,312,time1,0.7747779220209027,5,,,time1,TIME1,0.8155947048295591,0.9499526644513774,0.0,10
0.0,True,312,excluido,1.0,10,,,excluir,EXCLUÍDO,0.65,0.0,0.0,16
0.0,False,313,time1,0.0,novo,0.05265223699987631,True,time1,TIME1,0.0,,,12
5.9913391901480066e-05,False,313,time0,0.9816897224583293,0,,,time0,TIME0,0.9840544210192396,0.9585059407628398,1.0,1
0.0001258855735859083,False,313,goleiro_time1,0.9862417488149736,9,,,goleiro1,GOL-TIME1,0.9747844328014413,0.9168689457732404,1.0,3
0.0011047538435601362,False,313,time0,0.9036061044130442,3,,,time0,TIME0,0.9592134728255018,0.9633085614224586,1.0,5
0.00014469484197508067,False,313,time0,0.9836013886844196,2,,,time0,TIME0,0.879904369526521,0.9401187477502682,0.0,2
0.00017949855643493122,False,313,time1,0.990109054235938,7,,,time1,TIME1,0.8792408596098508,0.9300360755184554,0.0,8
0.0006747833326187859,False,313,time1,0.9423722412858488,8,,,time1,TIME1,0.8653482423328165,0.933296202545214,0.0,6
0.0002724165596656625,False,313,time0,0.8884187321206245,1,,,time0,TIME0,0.855741807831665,0.9596301126045041,0.0,9
0.0007078296903497372,False,313,time1,0.9030628357551814,6,,,time1,TIME1,0.8553554070180089,0.9416481793826535,0.0,4
0.0012888977478078896,False,313,time0,0.8999217483350715,4,,,time0,TIME0,0.8542411150982756,0.9445450759767791,0.0,7
0.00350636838824532,False,313,time1,0.7732987560097181,5,,,time1,TIME1,0.8154833800554269,0.9499526644513774,0.0,10
0.0,True,313,excluido,1.0,10,,,excluir,EXCLUÍDO,0.65,0.0,0.0,16
0.0,False,314,time1,0.0,novo,0.05265223699987631,True,time1,TIME1,0.0,,,12
0.000199384251638229,False,314,time0,0.9841948045630292,0,,,time0,TIME0,0.9846085162910275,0.9585059407628398,1.0,1
0.0002955445862143745,False,314,goleiro_time1,0.9686032645641693,9,,,goleiro1,GOL-TIME1,0.9693398283709603,0.9168689457732404,1.0,3
0.000584006375056414,False,314,time0,0.8828696088166296,3,,,time0,TIME0,0.9542206280969127,0.9633085614224586,1.0,5
0.0,False,314,time0,1.0,1,,,time0,TIME0,0.8897217895877176,0.9596301126045041,0.0,9
0.00032866787958947384,False,314,time1,0.9799232820244208,7,,,time1,TIME1,0.8758429354882816,0.9300360755184554,0.0,8
0.0005908013676748739,False,314,time0,0.9528603228160166,2,,,time0,TIME0,0.869856735704106,0.9401187477502682,0.0,2
0.0004270551243758319,False,314,time1,0.9343999467227435,6,,,time1,TIME1,0.8647617186999839,0.9416481793826535,0.0,4
0.0006838595064038233,False,314,time0,0.9268302945952618,4,,,time0,TIME0,0.8630230443402351,0.9445450759767791,0.0,7
0.000741234370833486,False,314,time1,0.9130072995562853,8,,,time1,TIME1,0.8564121546685204,0.933296202545214,0.0,6
0.003837503459248169,False,314,time1,0.7172111286720586,5,,,time1,TIME1,0.7985262914815656,0.9499526644513774,0.0,10
0.0,True,314,excluido,1.0,10,,,excluir,EXCLUÍDO,0.65,0.0,0.0,16
0.0,False,315,time1,0.0,novo,0.05469434862243261,True,time1,TIME1,0.0,,,12
2.7410171788577294e-05,False,315,time0,0.9970200355401934,0,,,time0,TIME0,0.9885881746593956,0.9585269758786104,1.0,1
1.5341889821073305e-05,False,315,goleiro_time1,0.9941027872575764,9,,,goleiro1,GOL-TIME1,0.976757862523625,0.9150077906478069,1.0,3
0.0005802818071363549,False,315,time0,0.9031177929137215,3,,,time0,TIME0,0.9610663596427019,0.9637177421834012,1.0,5
3.43102692014742e-05,False,315,time1,0.9967246303597131,7,,,time1,TIME1,0.8813329214280012,0.9303568167395199,0.0,8
0.0002192979384285091,False,315,time0,0.9718266548292612,2,,,time0,TIME0,0.8760527588846725,0.9406233271783293,0.0,2
0.00033878409239386905,False,315,time1,0.9778562119140048,8,,,time1,TIME1,0.8760519187105404,0.9333241212442535,0.0,6
0.0003327972157501097,False,315,time1,0.9525314927816353,6,,,time1,TIME1,0.871200345264705,0.9443438773843567,0.0,4
0.0005449375265556287,False,315,time0,0.8863187776914652,4,,,time0,TIME0,0.8514821250961124,0.9468200286851853,0.0,7
0.0034422207519767137,False,315,time1,0.722235370990484,5,,,time1,TIME1,0.798599438235174,0.9468663508701928,0.0,10
0.006238154900558143,False,315,time0,0.45643122354279986,1,,,time0,TIME0,0.7170934809480066,0.9603538049078545,0.0,9
0.0,True,315,excluido,1.0,10,,,excluir,EXCLUÍDO,0.65,0.0,0.0,16
0.0,False,316,time1,0.0,novo,0.05469434862243261,True,time1,TIME1,0.0,,,12
0.00011399787508664278,False,316,time0,0.9907450183137083,0,,,time0,TIME0,0.9866826768275211,0.9585269758786104,1.0,1
2.000767802418543e-05,False,316,goleiro_time1,0.9947724091800463,9,,,goleiro1,GOL-TIME1,0.9771425394563249,0.9150077906478069,1.0,3
0.0023677654993434776,False,316,time0,0.8533178205137583,3,,,time0,TIME0,0.9430655403134942,0.9637177421834012,1.0,5
0.00024569777183153734,False,316,time1,0.9859251416294225,7,,,time1,TIME1,0.8779933623728505,0.9303568167395199,0.0,8
0.00027341281664684043,False,316,time0,0.9663044965739612,2,,,time0,TIME0,0.8747614639772241,0.9406233271783293,0.0,2
0.00034113013489974305,False,316,time1,0.9533827794570642,6,,,time1,TIME1,0.8716264324151509,0.9443438773843567,0.0,4
0.0005699030289338141,False,316,time1,0.9465350300635622,8,,,time1,TIME1,0.866575912328817,0.9333241212442535,0.0,6
0.0016606170940351272,False,316,time0,0.8918861649014552,4,,,time0,TIME0,0.8514438041777603,0.9468200286851853,0.0,7
0.0036609113731641443,False,316,time1,0.6853049777059957,5,,,time1,TIME1,0.7883889266931406,0.9468663508701928,0.0,10
0.0052125666933478965,False,316,time0,0.6459640574550641,1,,,time0,TIME0,0.7715981603859997,0.9603538049078545,0.0,9
0.0,True,316,excluido,1.0,10,,,excluir,EXCLUÍDO,0.65,0.0,0.0,16
0.0,False,317,time1,0.0,novo,0.05469434862243261,True,time1,TIME1,0.0,,,12
0.00010640552175662721,False,317,time0,0.9902549414086754,0,,,time0,TIME0,0.9865875109316306,0.9585269758786104,1.0,1
2.0384464190099986e-05,False,317,goleiro_time1,0.9967583259213643,9,,,goleiro1,GOL-TIME1,0.977734295449296,0.9150077906478069,1.0,3
0.0014459470134337363,False,317,time0,0.8661948335894035,3,,,time0,TIME0,0.9485880653006857,0.9637177421834012,1.0,5
1.919550663039213e-05,False,317,time1,0.9980980533045508,7,,,time1,TIME1,0.8818465053766102,0.9303568167395199,0.0,8
0.00026311130384887413,False,317,time1,0.9656174765406746,6,,,time1,TIME1,0.8754671711397147,0.9443438773843567,0.0,4
0.0002027506870518905,False,317,time1,0.9740486301146839,8,,,time1,TIME1,0.8750804967835211,0.9333241212442535,0.0,6
0.00019447829162363436,False,317,time0,0.9646329948601695,2,,,time0,TIME0,0.8742467382465717,0.9406233271783293,0.0,2
0.0003512537546306438,False,317,time0,0.8996578202129986,4,,,time0,TIME0,0.8550529952705817,0.9468200286851853,0.0,7
0.0015999414799321662,False,317,time0,0.7910617708823263,1,,,time0,TIME0,0.8234265288744509,0.9603538049078545,0.0,9
0.0034583366006167597,False,317,time1,0.6944415305021497,5,,,time1,TIME1,0.79141315003947,0.9468663508701928,0.0,10
0.0,True,317,excluido,1.0,10,,,excluir,EXCLUÍDO,0.65,0.0,0.0,16
0.0,False,318,time1,0.0,novo,0.056684509412916806,True,time1,TIME1,0.0,,,12
0.0002196462161713881,False,318,time0,0.9787287338128589,0,,,time0,TIME0,0.9829452474896552,0.9584141960560283,1.0,1
4.401621881510672e-05,False,318,goleiro_time1,0.9959007169537217,9,,,goleiro1,GOL-TIME1,0.9770289070955538,0.9132639970737578,1.0,3
6.034028579837347e-05,False,318,time1,0.9952574501294388,7,,,time1,TIME1,0.8807231106831455,0.928932755514533,0.0,8
0.0002407529381358821,False,318,time0,0.9764929053100424,2,,,time0,TIME0,0.8774646795106382,0.9392801082989838,0.0,2
0.00033762858649282265,False,318,time1,0.9570792258393932,6,,,time1,TIME1,0.8733354987591486,0.9463501218296366,0.0,4
0.0009573556002414774,False,318,time0,0.9109366675718231,1,,,time0,TIME0,0.861538017488062,0.9602256190849898,0.0,9
0.0011797991994780292,False,318,time0,0.9127107578177975,4,,,time0,TIME0,0.8590566891958684,0.9483534853329785,0.0,7
0.0011204917360189079,False,318,time1,0.8747819610348666,8,,,time1,TIME1,0.8441146916321471,0.9333789853542072,0.0,6
0.0019248631542443577,False,318,time0,0.8212429380813836,3,,,time0,TIME0,0.8352988136722855,0.9640548660441356,0.0,5
0.005309673732059574,False,318,time1,0.5835243886788687,5,,,time1,TIME1,0.7552957094177222,0.9453121061700067,0.0,10
0.0,True,318,excluido,1.0,10,,,excluir,EXCLUÍDO,0.65,0.0,0.0,16
0.0,False,319,time1,0.0,novo,0.056684509412916806,True,time1,TIME1,0.0,,,12
0.00027027453739911667,False,319,time0,0.9781215342185984,0,,,time0,TIME0,0.9827549156968909,0.9584141960560283,1.0,1
8.222275014183976e-05,False,319,goleiro_time1,0.9875361869877959,9,,,goleiro1,GOL-TIME1,0.9744422791330004,0.9132639970737578,1.0,3
8.610703625622047e-05,False,319,time1,0.9890558659005756,6,,,time1,TIME1,0.8830158909248815,0.9463501218296366,0.0,4
7.162382514679989e-05,False,319,time0,0.9887442061211241,2,,,time0,TIME0,0.881249907757765,0.9392801082989838,0.0,2
5.557255881799724e-05,False,319,time1,0.994016426443146,7,,,time1,TIME1,0.8803172478804788,0.928932755514533,0.0,8
0.0005018775622453328,False,319,time1,0.9405335822744864,8,,,time1,TIME1,0.8646223006707561,0.9333789853542072,0.0,6
0.00147795264725829,False,319,time0,0.902763119848947,1,,,time0,TIME0,0.8590792599684758,0.9602256190849898,0.0,9
0.0013630448363236825,False,319,time0,0.9054721068773484,4,,,time0,TIME0,0.8572464038578529,0.9483534853329785,0.0,7
0.0024577142001789387,False,319,time0,0.769116719531018,3,,,time0,TIME0,0.8188388085053593,0.9640548660441356,0.0,5
0.005944302441923665,False,319,time1,0.6002703844352477,5,,,time1,TIME1,0.7604987993151997,0.9453121061700067,0.0,10
0.0,True,319,excluido,1.0,10,,,excluir,EXCLUÍDO,0.65,0.0,0.0,16
0.0,False,320,time1,0.0,novo,0.056684509412916806,True,time1,TIME1,0.0,,,12
4.231731529259842e-05,False,320,time0,0.987968908951099,0,,,time0,TIME0,0.9857604501312993,0.9584141960560283,1.0,1
9.602565914960648e-05,False,320,goleiro_time1,0.98626969389391,9,,,goleiro1,GOL-TIME1,0.9740253835336483,0.9132639970737578,1.0,3
5.212967923005434e-05,False,320,time1,0.9837339745862812,6,,,time1,TIME1,0.881581866748476,0.9463501218296366,0.0,4
0.00015435197753325413,False,320,time1,0.9861546662173871,7,,,time1,TIME1,0.8778179481075112,0.928932755514533,0.0,8
0.0001517817994020284,False,320,time0,0.9708040131748978,2,,,time0,TIME0,0.8758662926264028,0.9392801082989838,0.0,2
0.0003242626607826944,False,320,time1,0.9614046301491712,8,,,time1,TIME1,0.8713473241479504,0.9333789853542072,0.0,6
0.0008397951457028037,False,320,time0,0.9108922642678969,1,,,time0,TIME0,0.8620490014393184,0.9602256190849898,0.0,9
0.0011868111237248286,False,320,time0,0.9137192987612593,4,,,time0,TIME0,0.8599938466206585,0.9483534853329785,0.0,7
0.0022253921961379545,False,320,time0,0.8069226347610264,3,,,time0,TIME0,0.8308948019467698,0.9640548660441356,0.0,5
0.0033916633038745207,False,320,time1,0.7681128045275338,5,,,time1,TIME1,0.8115724455006064,0.9453121061700067,0.0,10
0.0,True,320,excluido,1.0,10,,,excluir,EXCLUÍDO,0.65,0.0,0.0,16
0.0,False,321,time1,0.0,novo,0.05796929920019511,True,time1,TIME1,0.0,,,12
0.00011644964385852697,False,321,time0,0.9748959070656478,0,,,time0,TIME0,0.9821422023602948,0.9593948143090629,1.0,1
6.094145173918635e-05,False,321,goleiro_time1,0.9927935714045937,9,,,goleiro1,GOL-TIME1,0.9755648258154183,0.9114528502477715,1.0,3
0.00012116573796595126,False,321,time1,0.9855138534065756,6,,,time1,TIME1,0.8832368362371151,0.9510395183735585,0.0,4
4.04800455633917e-05,False,321,time1,0.9950014763985345,7,,,time1,TIME1,0.8801371426189812,0.9271427413794591,0.0,8
0.00014283485365494417,False,321,time0,0.9744864387939702,2,,,time0,TIME0,0.8766559794923949,0.937818542225298,0.0,2
0.0008984659686090643,False,321,time0,0.9158677235354082,1,,,time0,TIME0,0.8639081178049075,0.9604993034210039,0.0,9
0.0007938382106785064,False,321,time1,0.9045874877325419,8,,,time1,TIME1,0.8536184145449603,0.9331380657753134,0.0,6
0.001608639038015076,False,321,time0,0.8791330414771646,4,,,time0,TIME0,0.849135167455475,0.9487585182976748,0.0,7
0.00232463121210626,False,321,time0,0.8130160752672932,3,,,time0,TIME0,0.8326158212745848,0.96383289454861,0.0,5
0.0059915062772195535,False,321,time1,0.6637229073457641,5,,,time1,TIME1,0.7777095681042524,0.9433889333328223,0.0,10
0.0,True,321,excluido,1.0,10,,,excluir,EXCLUÍDO,0.65,0.0,0.0,16
0.0,False,322,time1,0.0,novo,0.05796929920019511,True,time1,TIME1,0.0,,,12
0.00021778679859045153,False,322,time0,0.9776734318136688,0,,,time0,TIME0,0.9827578570391255,0.9593948143090629,1.0,1
0.00014319194614768847,False,322,goleiro_time1,0.9867944312727001,9,,,goleiro1,GOL-TIME1,0.9736811274226838,0.9114528502477715,1.0,3
0.00022438454374142225,False,322,time1,0.9887122315081663,7,,,time1,TIME1,0.8780633197821189,0.9271427413794591,0.0,8
9.20920738514468e-05,False,322,time1,0.9627479730907403,6,,,time1,TIME1,0.8764799182434131,0.9510395183735585,0.0,4
0.0003995072427306361,False,322,time1,0.9489290832693023,8,,,time1,TIME1,0.8673299022694225,0.9331380657753134,0.0,6
0.0004276049111055595,False,322,time0,0.9438369816232735,2,,,time0,TIME0,0.8669999398236049,0.937818542225298,0.0,2
0.0014333289590049846,False,322,time0,0.8683544669209489,1,,,time0,TIME0,0.8488701402835179,0.9604993034210039,0.0,9
0.0017325555994105715,False,322,time0,0.8630177520244233,3,,,time0,TIME0,0.8478416577097623,0.96383289454861,0.0,5
0.0022719231172340557,False,322,time0,0.8452580897512286,4,,,time0,TIME0,0.8377849873488902,0.9487585182976748,0.0,7
0.004551846932671024,False,322,time1,0.7393708094393892,5,,,time1,TIME1,0.80253869130345,0.9433889333328223,0.0,10
0.0,True,322,excluido,1.0,10,,,excluir,EXCLUÍDO,0.65,0.0,0.0,16
0.0,False,323,time1,0.0,novo,0.05796929920019511,True,time1,TIME1,0.0,,,12
8.047870431939184e-05,False,323,time0,0.9952667725123672,0,,,time0,TIME0,0.9882330830564903,0.9593948143090629,1.0,1
4.244889604436456e-05,False,323,goleiro_time1,0.9956886970550359,9,,,goleiro1,GOL-TIME1,0.9764064988913567,0.9114528502477715,1.0,3
8.097054833723511e-05,False,323,time1,0.9898643846296086,6,,,time1,TIME1,0.8846223811237841,0.9510395183735585,0.0,4
0.00015246723181493483,False,323,time1,0.992590959697482,7,,,time1,TIME1,0.8791675417015136,0.9271427413794591,0.0,8
0.00023567308022862124,False,323,time1,0.9675102794206473,8,,,time1,TIME1,0.8732071894832065,0.9331380657753134,0.0,6
0.0003121963970124168,False,323,time0,0.9556047585481215,2,,,time0,TIME0,0.8705331634241499,0.937818542225298,0.0,2
0.0012559032385624767,False,323,time0,0.8873993558697667,1,,,time0,TIME0,0.8550700902200656,0.9604993034210039,0.0,9
0.0016906749091182248,False,323,time0,0.8815930934545845,4,,,time0,TIME0,0.8496414662311413,0.9487585182976748,0.0,7
0.002017643939088337,False,323,time0,0.8438136821812691,3,,,time0,TIME0,0.8420734269725529,0.96383289454861,0.0,5
0.004016199518318745,False,323,time1,0.727146271010353,5,,,time1,TIME1,0.7996961523119988,0.9433889333328223,0.0,10
0.0,False,324,time1,0.0,novo,0.05485269282448679,True,time1,TIME1,0.0,,,12
2.5601551581819442e-05,False,324,time0,0.9940875243611871,0,,,time0,TIME0,0.9880596183283866,0.9596987207078012,1.0,1
0.00017073387942211185,False,324,goleiro_time1,0.9809168779024938,9,,,goleiro1,GOL-TIME1,0.9711518878490573,0.9087089204871024,1.0,3
3.442966150054891e-05,False,324,time1,0.9971604020150938,7,,,time1,TIME1,0.8805172517736741,0.9259490526661256,0.0,8
0.00021043263375319877,False,324,time1,0.973597714915612,6,,,time1,TIME1,0.880133221975707,0.9534834944719652,0.0,4
0.0003047772186387475,False,324,time0,0.9644943342972306,2,,,time0,TIME0,0.8731548494198328,0.9370801734024545,0.0,2
0.00040061863683307607,False,324,time1,0.9621251815193552,8,,,time1,TIME1,0.8710891865316386,0.9326474646959086,0.0,6
0.0009102787988083948,False,324,time0,0.9194889325202268,1,,,time0,TIME0,0.8649236766128556,0.9610870028679153,0.0,9
0.0012500386776708049,False,324,time0,0.902910958342917,3,,,time0,TIME0,0.8600061233350604,0.9643938638879621,0.0,5
0.002124219870886964,False,324,time0,0.8347060273726427,4,,,time0,TIME0,0.8346044254010053,0.9467356542836778,0.0,7
0.002807205461427884,False,324,time1,0.7966420390068233,5,,,time1,TIME1,0.8199278101728326,0.9390443755334618,0.0,10
0.0,False,325,time1,0.0,novo,0.05485269282448679,True,time1,TIME1,0.0,,,12
0.00020658823596734517,False,325,time0,0.9804694056080266,0,,,time0,TIME0,0.9837526226270844,0.9596987207078012,1.0,1
0.0009626014291080724,False,325,goleiro_time1,0.9255337507278981,9,,,goleiro1,GOL-TIME1,0.9534169096851707,0.9087089204871024,1.0,3
0.0,False,325,time0,1.0,4,,,time0,TIME0,0.8852355818407692,0.9467356542836778,0.0,7
0.00026898339849798476,False,325,time0,0.9702021570856606,2,,,time0,TIME0,0.8750223980342973,0.9370801734024545,0.0,2
0.0004500647922975757,False,325,time1,0.9507266192386512,6,,,time1,TIME1,0.873006316830288,0.9534834944719652,0.0,4
0.0002706394553604464,False,325,time1,0.9487770283437998,8,,,time1,TIME1,0.8673516558861074,0.9326474646959086,0.0,6
0.0006786796296225513,False,325,time1,0.955577897360226,7,,,time1,TIME1,0.8670689460696834,0.9259490526661256,0.0,8
0.0008985319206943873,False,325,time0,0.9198808672101692,1,,,time0,TIME0,0.865287228095036,0.9610870028679153,0.0,9
0.001991187818117104,False,325,time0,0.85414913027607,3,,,time0,TIME0,0.8450052230006522,0.9643938638879621,0.0,5
0.0024442835145942607,False,325,time1,0.7959253620616233,5,,,time1,TIME1,0.8208712376194005,0.9390443755334618,0.0,10
0.0,False,326,time1,0.0,novo,0.05485269282448679,True,time1,TIME1,0.0,,,12
0.00010911931055364385,False,326,time0,0.9892840098591251,0,,,time0,TIME0,0.9864820788727046,0.9596987207078012,1.0,1
8.070436825748996e-05,False,326,goleiro_time1,0.9890064170605671,9,,,goleiro1,GOL-TIME1,0.9730947121724725,0.9087089204871024,1.0,3
0.0,False,326,time0,1.0,4,,,time0,TIME0,0.8866839135709195,0.9467356542836778,0.0,7
0.00028239308088010614,False,326,time1,0.9717317180289645,6,,,time1,TIME1,0.8795163374769319,0.9534834944719652,0.0,4
0.000566971966064938,False,326,time1,0.9506189070696098,8,,,time1,TIME1,0.8676137787650379,0.9326474646959086,0.0,6
0.00017250357680082245,False,326,time0,0.933119674362991,2,,,time0,TIME0,0.8638095579515691,0.9370801734024545,0.0,2
0.0010662476678119034,False,326,time0,0.8980617524464694,1,,,time0,TIME0,0.858587459422941,0.9610870028679153,0.0,9
0.0013995324724020437,False,326,time0,0.8756624024996895,3,,,time0,TIME0,0.852121270475886,0.9643938638879621,0.0,5
0.0036447987713959912,False,326,time1,0.7132557263571321,5,,,time1,TIME1,0.7945779584239215,0.9390443755334618,0.0,10
0.016449282902207853,False,326,time1,0.5060462987387843,7,,,time1,TIME1,0.7067141017078556,0.9259490526661256,0.0,8
0.0,False,327,time1,0.0,novo,0.05281668516564242,True,time1,TIME1,0.0,,,12
2.062758482078206e-05,False,327,time0,0.9964253833605397,0,,,time0,TIME0,0.9887976790324146,0.9599001179508125,1.0,1
9.657086094109476e-05,False,327,goleiro_time1,0.9888607876050316,9,,,goleiro1,GOL-TIME1,0.973110027928482,0.906452199116995,1.0,3
0.0,False,327,time0,1.0,4,,,time0,TIME0,0.8863717207399677,0.9454868829598708,0.0,7
9.86646240375148e-05,False,327,time1,0.9825791157448731,6,,,time1,TIME1,0.8831669601241243,0.9544335291580686,0.0,4
0.00017103250285459862,False,327,time1,0.9879890215288845,7,,,time1,TIME1,0.8665103287429183,0.9261034531045561,0.0,8
0.0007604715794747517,False,327,time1,0.9421738588444466,8,,,time1,TIME1,0.8650252863832039,0.9328150114858076,0.0,6
0.0009674566187000617,False,327,time0,0.91615510681853,3,,,time0,TIME0,0.864437920817273,0.963114770838853,0.0,5
0.0007173156802464974,False,327,time0,0.9168107519111068,1,,,time0,TIME0,0.8644153087021349,0.9613490720286793,0.0,9
0.0005852095947545729,False,327,time0,0.9148709355871631,2,,,time0,TIME0,0.8575887009664446,0.9359766733964938,0.0,2
0.006498880742847069,False,327,time1,0.5901409072256414,5,,,time1,TIME1,0.7520774487473665,0.9331706894843521,0.0,10
0.0,False,328,time1,0.0,novo,0.05281668516564242,True,time1,TIME1,0.0,,,12
3.332749117773418e-05,False,328,time0,0.9901157300104322,0,,,time0,TIME0,0.9869428107072037,0.9599001179508125,1.0,1
0.00022801358260250945,False,328,goleiro_time1,0.9823335849080876,9,,,goleiro1,GOL-TIME1,0.9709453307417175,0.906452199116995,1.0,3
4.028376201099566e-05,False,328,time1,0.9653114765983286,6,,,time1,TIME1,0.8781037681020216,0.9544335291580686,0.0,4
0.000205877893959136,False,328,time0,0.9689632746297439,2,,,time0,TIME0,0.8742364940335942,0.9359766733964938,0.0,2
0.0007356335675507332,False,328,time1,0.9305869859490329,8,,,time1,TIME1,0.8615910797545159,0.9328150114858076,0.0,6
0.0010351657690408588,False,328,time0,0.8977073176954826,3,,,time0,TIME0,0.8588200035445428,0.963114770838853,0.0,5
0.0011655349809996144,False,328,time0,0.8696107694721915,1,,,time0,TIME0,0.8496767861521151,0.9613490720286793,0.0,9
0.0057682359432272914,False,328,time1,0.6492977062771013,5,,,time1,TIME1,0.771904485629505,0.9331706894843521,0.0,10
0.005143601510908308,False,328,time0,0.6084314149555639,4,,,time0,TIME0,0.7607181428229192,0.9454868829598708,0.0,7
0.016213548638737002,False,328,time1,0.5014771101475811,7,,,time1,TIME1,0.7062125356561861,0.9261034531045561,0.0,8
0.0,False,329,time1,0.0,novo,0.05281668516564242,True,time1,TIME1,0.0,,,12
8.766794296712364e-06,False,329,time0,0.9987336359852532,0,,,time0,TIME0,0.989559615916406,0.9599001179508125,1.0,1
0.0001314640419413047,False,329,goleiro_time1,0.9879712802755707,9,,,goleiro1,GOL-TIME1,0.9726448346883747,0.906452199116995,1.0,3
0.0002640035848309216,False,329,time0,0.9589577673461624,1,,,time0,TIME0,0.8771534973491497,0.9613490720286793,0.0,9
0.00012015519982168224,False,329,time1,0.9529010168665527,6,,,time1,TIME1,0.8742989019533622,0.9544335291580686,0.0,4
0.00023021942619469866,False,329,time1,0.9700056953279721,8,,,time1,TIME1,0.873649379221549,0.9328150114858076,0.0,6
0.0002409942720357911,False,329,time0,0.9623303925870821,2,,,time0,TIME0,0.8723834605004676,0.9359766733964938,0.0,2
5.346296087955301e-05,False,329,time1,0.9943477257165063,7,,,time1,TIME1,0.8687618869557399,0.9261034531045561,0.0,8
0.0017248820235508618,False,329,time0,0.8901092966277196,4,,,time0,TIME0,0.8481412335372986,0.9454868829598708,0.0,7
0.0020182811376973043,False,329,time0,0.8107279219487044,3,,,time0,TIME0,0.8314441319606092,0.963114770838853,0.0,5
0.004662575004832096,False,329,time1,0.7219915308395753,5,,,time1,TIME1,0.7945985636477042,0.9331706894843521,0.0,10
0.0,False,330,time1,0.0,novo,0.052224440405799655,True,time1,TIME1,0.0,,,12
1.4040645665329634e-05,False,330,time0,0.9988149058244573,0,,,time0,TIME0,0.9894131363048239,0.9591840325196794,1.0,1
0.00018677400999496957,False,330,goleiro_time1,0.986003520731356,9,,,goleiro1,GOL-TIME1,0.9714049661157204,0.9039585790744766,1.0,3
5.184228350593917e-05,False,330,time1,0.9937877822089166,7,,,time1,TIME1,0.8784747070007963,0.9217678555815911,0.0,8
0.0002691754458972081,False,330,time1,0.9707936226093788,8,,,time1,TIME1,0.874176126466739,0.9328517820281834,0.0,6
0.0005665205494070884,False,330,time0,0.9411584008034624,1,,,time0,TIME0,0.8719325522894488,0.961419649944504,0.0,9
0.0006749435454537475,False,330,time1,0.9446180893308476,6,,,time1,TIME1,0.8713206445625634,0.955899866281725,0.0,4
0.0003588033659361327,False,330,time0,0.9507627897873545,4,,,time0,TIME0,0.8694706554701743,0.9431980676952676,0.0,7
0.0008114987078891914,False,330,time0,0.8645131231362309,2,,,time0,TIME0,0.8421476373042328,0.9359766733964938,0.0,2
0.002282562913497356,False,330,time0,0.806772966610673,3,,,time0,TIME0,0.8305642283330203,0.9633003341371295,0.0,5
0.0028921827955364406,False,330,time1,0.8075926106560158,5,,,time1,TIME1,0.8204392057142781,0.9280567933587944,0.0,10
0.0,False,331,time1,0.0,novo,0.052224440405799655,True,time1,TIME1,0.0,,,12
0.00034110705166988,False,331,time0,0.9508053209148389,0,,,time0,TIME0,0.9744959998379342,0.9591840325196794,1.0,1
0.0007452622676136577,False,331,goleiro_time1,0.9256024146979382,9,,,goleiro1,GOL-TIME1,0.9523582101481475,0.9039585790744766,1.0,3
8.745760179115644e-05,False,331,time1,0.993641155783652,7,,,time1,TIME1,0.8783875166682562,0.9217678555815911,0.0,8
0.0003530539675319096,False,331,time0,0.9613645158941035,4,,,time0,TIME0,0.8736417035842508,0.9431980676952676,0.0,7
0.0006472926263583278,False,331,time1,0.9428529112698169,6,,,time1,TIME1,0.8712069041705683,0.955899866281725,0.0,4
0.00035238145919110785,False,331,time1,0.9595874116545996,8,,,time1,TIME1,0.8706998398548883,0.9328517820281834,0.0,6
0.0002159919633207582,False,331,time0,0.9556890974970396,2,,,time0,TIME0,0.8700791471007164,0.9359766733964938,0.0,2
0.0007037301087260568,False,331,time0,0.9332532153477199,1,,,time0,TIME0,0.8695871215622095,0.961419649944504,0.0,9
0.0027076872144767956,False,331,time0,0.7875369890335441,3,,,time0,TIME0,0.8239713779788823,0.9633003341371295,0.0,5
0.006175321435688158,False,331,time1,0.6561340787825528,5,,,time1,TIME1,0.7709643268022495,0.9280567933587944,0.0,10
0.0,False,332,time1,0.0,novo,0.052224440405799655,True,time1,TIME1,0.0,,,12
2.088417965274203e-05,False,332,time0,0.9968821406626623,0,,,time0,TIME0,0.9885973216432797,0.9591840325196794,1.0,1
6.289523787605489e-05,False,332,goleiro_time1,0.9876671315574868,9,,,goleiro1,GOL-TIME1,0.97173079174227,0.9039585790744766,1.0,3
0.00012500923525217832,False,332,time1,0.973915287503626,6,,,time1,TIME1,0.880526797523226,0.955899866281725,0.0,4
0.00019149994618281898,False,332,time0,0.9773745961452522,4,,,time0,TIME0,0.8786645146846217,0.9431980676952676,0.0,7
9.515135011080955e-05,False,332,time1,0.9921018192433185,7,,,time1,TIME1,0.8778794016137823,0.9217678555815911,0.0,8
0.0005167899375253532,False,332,time1,0.9623003747888444,8,,,time1,TIME1,0.8712162376948351,0.9328517820281834,0.0,6
0.0001998740600195926,False,332,time0,0.9494731109495922,2,,,time0,TIME0,0.8686013399991969,0.9359766733964938,0.0,2
0.001101299983584142,False,332,time0,0.9082268920363917,3,,,time0,TIME0,0.8611894280847673,0.9633003341371295,0.0,5
0.0009824499628479093,False,332,time0,0.8957198002695645,1,,,time0,TIME0,0.8579124060273446,0.961419649944504,0.0,9
0.00198320294841467,False,332,time1,0.7705517192076646,5,,,time1,TIME1,0.8083597741931614,0.9280567933587944,0.0,10
0.0,False,333,time1,0.0,novo,0.055978730106325925,True,time1,TIME1,0.0,,,12
1.5725402782613475e-05,False,333,time0,0.9961043365354618,0,,,time0,TIME0,0.9885151225235856,0.9588781838913674,1.0,1
5.546213980745447e-05,False,333,goleiro_time1,0.9922080156650676,9,,,goleiro1,GOL-TIME1,0.9732406713789724,0.9025437435512609,1.0,3
4.784848522218888e-05,False,333,time0,0.9908264851065189,2,,,time0,TIME0,0.8810686183537838,0.9359766733964938,0.0,2
0.00017284760570743544,False,333,time0,0.9802615166659608,4,,,time0,TIME0,0.8793449990073157,0.942131600941045,0.0,7
6.786932512647892e-05,False,333,time1,0.994503331968373,7,,,time1,TIME1,0.8782059993548619,0.920099756558556,0.0,8
0.00032182930786232736,False,333,time1,0.9617785581182203,6,,,time1,TIME1,0.877605467555006,0.958449186001086,0.0,4
0.00030554895950177377,False,333,time1,0.9625354525045806,8,,,time1,TIME1,0.8714790892632907,0.9330856879434102,0.0,6
0.0006338253120001088,False,333,time0,0.9390192915328117,1,,,time0,TIME0,0.871020112957187,0.9607086341095665,0.0,9
0.000972133636196932,False,333,time0,0.9286535116665581,3,,,time0,TIME0,0.8678363892991691,0.9622644122933366,0.0,5
0.005380638987585144,False,333,time1,0.663679817683515,5,,,time1,TIME1,0.7731712577767885,0.9255378780739867,0.0,10
0.0,False,334,time1,0.0,novo,0.055978730106325925,True,time1,TIME1,0.0,,,12
2.198066636435764e-05,False,334,time0,0.9993246252400421,0,,,time0,TIME0,0.9894867763931902,0.9588781838913674,1.0,1
6.57891583061101e-05,False,334,goleiro_time1,0.9868464320278637,9,,,goleiro1,GOL-TIME1,0.9715594556072292,0.9025437435512609,1.0,3
0.0,False,334,time0,1.0,2,,,time0,TIME0,0.8839615443819265,0.9359766733964938,0.0,2
5.525805615265964e-05,False,334,time1,0.9920113431960486,8,,,time1,TIME1,0.8806151903557284,0.9330856879434102,0.0,6
0.00011937997110798984,False,334,time0,0.9819166358282436,4,,,time0,TIME0,0.8799094877491878,0.942131600941045,0.0,7
1.915969116021105e-05,False,334,time1,0.998194219199066,7,,,time1,TIME1,0.8794204480815926,0.920099756558556,0.0,8
0.0003038576182736643,False,334,time1,0.9649550585551357,6,,,time1,TIME1,0.8785085083129164,0.958449186001086,0.0,4
0.0008350177288391224,False,334,time0,0.9430105333051878,1,,,time0,TIME0,0.8721130567321627,0.9607086341095665,0.0,9
0.0015210127637657058,False,334,time0,0.8846437472786074,3,,,time0,TIME0,0.8541828852517298,0.9622644122933366,0.0,5
0.00908160133726528,False,334,time1,0.5670033246465856,5,,,time1,TIME1,0.7406995679630831,0.9255378780739867,0.0,10
0.0,False,335,time1,0.0,novo,0.055978730106325925,True,time1,TIME1,0.0,,,12
4.8305076582117654e-05,False,335,time0,0.9948883385456909,0,,,time0,TIME0,0.9881036881462543,0.9588781838913674,1.0,1
8.941310648717138e-05,False,335,goleiro_time1,0.9879984945199909,9,,,goleiro1,GOL-TIME1,0.971866089679445,0.9025437435512609,1.0,3
1.661084916274201e-05,False,335,time1,0.9987370328630817,7,,,time1,TIME1,0.8796067286859743,0.920099756558556,0.0,8
0.00022079236194955598,False,335,time1,0.9680272854980282,6,,,time1,TIME1,0.8795306475316083,0.958449186001086,0.0,4
0.0001639813624832186,False,335,time0,0.9657618802293169,4,,,time0,TIME0,0.8750551453045059,0.942131600941045,0.0,7
0.0010537326001010025,False,335,time0,0.9263376862254906,1,,,time0,TIME0,0.8669686949449692,0.9607086341095665,0.0,9
0.0005754121080855946,False,335,time1,0.9360140489502525,8,,,time1,TIME1,0.8631570914239095,0.9330856879434102,0.0,6
0.00040139519727156825,False,335,time0,0.931394593667416,2,,,time0,TIME0,0.8627739631809617,0.9359766733964938,0.0,2
0.0016294483414409497,False,335,time0,0.8899068888614187,3,,,time0,TIME0,0.8558186137345807,0.9622644122933366,0.0,5
0.0057962069328660205,False,335,time1,0.7267677540517566,5,,,time1,TIME1,0.7918742306563834,0.9255378780739867,0.0,10
0.0,False,336,time1,0.0,novo,0.059068015104015714,True,time1,TIME1,0.0,,,12
1.3616321680222495e-05,False,336,time0,0.9985395071386441,0,,,time0,TIME0,0.9892040121134769,0.9587819320157668,1.0,1
4.29022690693605e-05,False,336,goleiro_time1,0.99540181110699,9,,,goleiro1,GOL-TIME1,0.9740354036220649,0.9021699330030093,1.0,3
5.143488352349606e-05,False,336,time1,0.9969373711357171,7,,,time1,TIME1,0.8787983854612068,0.9191711398056203,0.0,8
0.00018780579232056862,False,336,time0,0.9781373572845846,4,,,time0,TIME0,0.8787317580537555,0.9419104524156199,0.0,7
0.0003935055776000524,False,336,time1,0.9533032292474738,6,,,time1,TIME1,0.875569439335433,0.9602955910648271,0.0,4
0.000623120730496072,False,336,time0,0.9390817961188347,1,,,time0,TIME0,0.8706198311575368,0.9594914968364778,0.0,9
0.0003663538396919681,False,336,time1,0.9592753150517224,8,,,time1,TIME1,0.8702374763245158,0.9323279391639022,0.0,6
0.0002788804728158008,False,336,time0,0.9477958937405981,2,,,time0,TIME0,0.867935718507894,0.9359766733964938,0.0,2
0.0011309292115773862,False,336,time0,0.8929061464451482,3,,,time0,TIME0,0.8560722986588976,0.9599810297363472,0.0,5
0.00445894418720157,False,336,time1,0.7845854615714237,5,,,time1,TIME1,0.8111690110423595,0.9230908282829182,0.0,10
0.0,False,337,time1,0.0,novo,0.059068015104015714,True,time1,TIME1,0.0,,,12
4.36285442135672e-05,False,337,time0,0.9915581131524981,0,,,time0,TIME0,0.9870848311550783,0.9587819320157668,1.0,1
3.769564364425274e-05,False,337,goleiro_time1,0.9945914143255057,9,,,goleiro1,GOL-TIME1,0.9738369454229239,0.9021699330030093,1.0,3
0.00018289943913008067,False,337,time1,0.9772642910443267,6,,,time1,TIME1,0.8828048591704342,0.9602955910648271,0.0,4
2.3316674878922554e-05,False,337,time1,0.9982433504217023,7,,,time1,TIME1,0.8791936272489747,0.9191711398056203,0.0,8
0.00012168393111019041,False,337,time0,0.964194557466735,4,,,time0,TIME0,0.8745801706235301,0.9419104524156199,0.0,7
0.000515938394639086,False,337,time1,0.9472478917954263,8,,,time1,TIME1,0.8666355702381457,0.9323279391639022,0.0,6
0.0007662745512652064,False,337,time0,0.9245349406712633,1,,,time0,TIME0,0.866330050274845,0.9594914968364778,0.0,9
0.0008463552981651403,False,337,time0,0.8466690717659913,2,,,time0,TIME0,0.8368253670382076,0.9359766733964938,0.0,2
0.002385118812033677,False,337,time0,0.7996373664402859,3,,,time0,TIME0,0.8268010842505568,0.9599810297363472,0.0,5
0.0038257274607518725,False,337,time1,0.8078036663525879,5,,,time1,TIME1,0.8192005293515947,0.9230908282829182,0.0,10
0.0,False,338,time1,0.0,novo,0.059068015104015714,True,time1,TIME1,0.0,,,12
0.00011655415254757734,False,338,time0,0.9883217736778023,0,,,time0,TIME0,0.986030285483894,0.9587819320157668,1.0,1
4.7893348494075215e-05,False,338,goleiro_time1,0.994310717296251,9,,,goleiro1,GOL-TIME1,0.9737810862968823,0.9021699330030093,1.0,3
0.0001733972275569497,False,338,time1,0.979781736141332,6,,,time1,TIME1,0.8838349242462099,0.9602955910648271,0.0,4
5.988143684783172e-05,False,338,time1,0.9912958372613536,7,,,time1,TIME1,0.8770896828085618,0.9191711398056203,0.0,8
0.000437464950790848,False,338,time0,0.9575173393662721,1,,,time0,TIME0,0.8765059680484966,0.9594914968364778,0.0,9
9.514706956681021e-05,False,338,time0,0.9697416365918788,4,,,time0,TIME0,0.8762190171866655,0.9419104524156199,0.0,7
0.000282441073705272,False,338,time1,0.9691616653491153,8,,,time1,TIME1,0.8734095746877977,0.9323279391639022,0.0,6
0.0003365490776870177,False,338,time0,0.9445788540349871,2,,,time0,TIME0,0.8666303495752563,0.9359766733964938,0.0,2
0.0023068945656032134,False,338,time0,0.8148356898031408,3,,,time0,TIME0,0.8322850672543771,0.9599810297363472,0.0,5
0.003977739914889225,False,338,time1,0.783235935952238,5,,,time1,TIME1,0.8116960678523033,0.9230908282829182,0.0,10
0.0,False,339,time1,0.0,novo,0.06092415438058063,True,time1,TIME1,0.0,,,12
0.00014621305897921714,False,339,time0,0.985307892763661,0,,,time0,TIME0,0.9848794426097581,0.9580330950618565,1.0,1
1.587680879464319e-05,False,339,time1,0.9971194062715764,7,,,time1,TIME1,0.8783006627068255,0.9168692425072327,0.0,8
0.0001153686257646156,False,339,time0,0.9636177989896626,4,,,time0,TIME0,0.8742103969776804,0.9409778626976546,0.0,7
6.924304998983795e-05,False,339,goleiro_time1,0.9936534677663976,9,,,goleiro1,GOL-TIME1,0.8732802190658686,0.9011348386904943,0.0,3
0.00035749269507127045,False,339,time1,0.9419635518839055,6,,,time1,TIME1,0.8723877849646307,0.9616321252655636,0.0,4
0.00041855656402729107,False,339,time1,0.9547813381471197,8,,,time1,TIME1,0.8687844419241584,0.9315102015069041,0.0,6
0.0008843257400510568,False,339,time0,0.9186869143393502,1,,,time0,TIME0,0.8642346828051563,0.9589519905573485,0.0,9
0.0006316476756074884,False,339,time0,0.9098042788185265,2,,,time0,TIME0,0.8559171515485934,0.9351597603558646,0.0,2
0.0022676973134655417,False,339,time0,0.838113366059013,3,,,time0,TIME0,0.8390053639654017,0.9586385706242475,0.0,5
0.0035895946437561766,False,339,time1,0.786567921239406,5,,,time1,TIME1,0.8120860372211491,0.9214505787675991,0.0,10
0.0,False,340,time1,0.0,novo,0.06092415438058063,True,time1,TIME1,0.0,,,12
0.00014431957460959253,False,340,time0,0.9855608026564936,0,,,time0,TIME0,0.9850305717524797,0.9580330950618565,1.0,1
0.00023765519405444534,False,340,time1,0.970781712399153,6,,,time1,TIME1,0.8813353292431788,0.9616321252655636,0.0,4
8.472183319339656e-05,False,340,time0,0.9808298466644206,4,,,time0,TIME0,0.8793418534944188,0.9409778626976546,0.0,7
0.0003373916155770196,False,340,time0,0.9658163951584725,1,,,time0,TIME0,0.878795565582937,0.9589519905573485,0.0,9
9.609757863034194e-06,False,340,time1,0.9967043962146932,7,,,time1,TIME1,0.8782028424708691,0.9168692425072327,0.0,8
3.953171165036631e-05,False,340,goleiro_time1,0.9968305376842898,9,,,goleiro1,GOL-TIME1,0.8742766752626856,0.9011348386904943,0.0,3
0.00041450297130003007,False,340,time1,0.9544865445203773,8,,,time1,TIME1,0.8687101144058564,0.9315102015069041,0.0,6
0.0005604299250598785,False,340,time0,0.9333003247364771,2,,,time0,TIME0,0.8629139918753804,0.9351597603558646,0.0,2
0.0022091848262964296,False,340,time0,0.8461961690358596,3,,,time0,TIME0,0.8414464271084482,0.9586385706242475,0.0,5
0.0030825201079197613,False,340,time1,0.7985828350904846,5,,,time1,TIME1,0.8161354697570777,0.9214505787675991,0.0,10
0.0,False,341,time1,0.0,novo,0.06092415438058063,True,time1,TIME1,0.0,,,12
0.00013023099160763038,False,341,time0,0.9830198350700491,0,,,time0,TIME0,0.9842495698264674,0.9580330950618565,1.0,1
0.00017198695636015638,False,341,time0,0.9840899056545095,1,,,time0,TIME0,0.884685402297054,0.9589519905573485,0.0,9
5.445078360366557e-05,False,341,time0,0.9881385029103263,2,,,time0,TIME0,0.879764157892605,0.9351597603558646,0.0,2
1.6425244774930965e-05,False,341,time1,0.996263110817134,7,,,time1,TIME1,0.8780764172405054,0.9168692425072327,0.0,8
0.00018600868677716897,False,341,time0,0.9734796776499544,4,,,time0,TIME0,0.8769350577391559,0.9409778626976546,0.0,7
0.0001801010541005439,False,341,time1,0.980365738501016,8,,,time1,TIME1,0.8766578755743748,0.9315102015069041,0.0,6
7.864491292853125e-05,False,341,goleiro_time1,0.9915227628868714,9,,,goleiro1,GOL-TIME1,0.872639382223245,0.9011348386904943,0.0,3
0.0006064871579862401,False,341,time1,0.9331067124179911,6,,,time1,TIME1,0.8695060924471981,0.9616321252655636,0.0,4
0.001295099171658442,False,341,time0,0.9060324447140592,3,,,time0,TIME0,0.8596597379933966,0.9586385706242475,0.0,5
0.007331616123675028,False,341,time1,0.6330375042966099,5,,,time1,TIME1,0.7606582937253812,0.9214505787675991,0.0,10
0.0,False,342,time1,0.0,novo,0.06056242599449646,True,time1,TIME1,0.0,,,12
0.00014170813837575993,False,342,time0,0.985822479073042,0,,,time0,TIME0,0.9847465193167987,0.9568421585699205,1.0,1
7.069989350534402e-05,False,342,time0,0.9742134668666401,1,,,time0,TIME0,0.8812732359022113,0.9566977108578685,0.0,9
6.882178104483701e-05,False,342,time0,0.9858081063654557,4,,,time0,TIME0,0.880049699657435,0.9381739048086023,0.0,7
0.00028338018066789884,False,342,time1,0.9629407793926219,6,,,time1,TIME1,0.8790347761050394,0.9627597362649374,0.0,4
2.1013433056881865e-05,False,342,time1,0.9981268366946753,7,,,time1,TIME1,0.8780958337226488,0.9148090074100861,0.0,8
0.00017191481492528763,False,342,time1,0.9802932641624177,8,,,time1,TIME1,0.8770417946508955,0.9326328307309846,0.0,6
0.0001660194975322873,False,342,time0,0.9696170799553364,2,,,time0,TIME0,0.874148410907224,0.9341697602436835,0.0,2
7.671519930280562e-05,False,342,goleiro_time1,0.9941760983032095,9,,,goleiro1,GOL-TIME1,0.8730885246973675,0.8997155864459292,0.0,3
0.0010424975101691017,False,342,time0,0.9231165177420879,3,,,time0,TIME0,0.8650397781726387,0.9580436921544491,0.0,5
0.009169451138351522,False,342,time1,0.6641145335361969,5,,,time1,TIME1,0.7690021471172634,0.917696741892774,0.0,10
0.0,False,343,time1,0.0,novo,0.06056242599449646,True,time1,TIME1,0.0,,,12
4.974310472866665e-05,False,343,time0,0.9940762674149399,0,,,time0,TIME0,0.9873231851518544,0.9568421585699205,1.0,1
0.0,False,343,time0,1.0,4,,,time0,TIME0,0.884496552260529,0.9381739048086023,0.0,7
0.00023237083395030971,False,343,time1,0.9700581999011295,6,,,time1,TIME1,0.881373983320574,0.9627597362649374,0.0,4
0.00013312807646947178,False,343,time0,0.9704635431577094,1,,,time0,TIME0,0.8800922804927933,0.9566977108578685,0.0,9
2.9793705518338793e-05,False,343,time1,0.9981877385184615,7,,,time1,TIME1,0.8781089185471063,0.9148090074100861,0.0,8
2.573274867001231e-05,False,343,time1,0.9785184284829423,8,,,time1,TIME1,0.876585642443036,0.9326328307309846,0.0,6
0.00045044421971767655,False,343,goleiro_time1,0.9645619686866328,9,,,goleiro1,GOL-TIME1,0.863632809649095,0.8997155864459292,0.0,3
0.00039798106074388756,False,343,time0,0.9301927322076475,2,,,time0,TIME0,0.8619627753987453,0.9341697602436835,0.0,2
0.001127500819252801,False,343,time0,0.8964363148789845,3,,,time0,TIME0,0.8572464721545288,0.9580436921544491,0.0,5
0.001414606379558732,False,343,time1,0.8952825431158282,5,,,time1,TIME1,0.8409072410507736,0.917696741892774,0.0,10
0.0,False,344,time1,0.0,novo,0.06056242599449646,True,time1,TIME1,0.0,,,12
0.00023839390814243676,False,344,time0,0.9745512926064187,0,,,time0,TIME0,0.9811828917427304,0.9568421585699205,1.0,1
0.0,False,344,time0,1.0,4,,,time0,TIME0,0.8845434762021506,0.9381739048086023,0.0,7
0.0001327832865772589,False,344,time1,0.9893251286529972,7,,,time1,TIME1,0.8752765804063951,0.9148090074100861,0.0,8
0.0004100717521519214,False,344,time1,0.9643260344761172,8,,,time1,TIME1,0.871800903947719,0.9326328307309846,0.0,6
0.00030329930850521805,False,344,time0,0.9433915588078893,1,,,time0,TIME0,0.8717804138194782,0.9566977108578685,0.0,9
0.00047324020288297365,False,344,time0,0.9600485037684314,2,,,time0,TIME0,0.8710752462826835,0.9341697602436835,0.0,2
0.0004766060929236219,False,344,time0,0.9283799308572233,3,,,time0,TIME0,0.8671070970265458,0.9580436921544491,0.0,5
0.0003687780607851366,False,344,goleiro_time1,0.9636206883808073,9,,,goleiro1,GOL-TIME1,0.8631424577398099,0.8997155864459292,0.0,3
0.0010173876234564323,False,344,time1,0.9118657331795939,6,,,time1,TIME1,0.8625879177606977,0.9627597362649374,0.0,4
0.004827832666997249,False,344,time1,0.7853598955012596,5,,,time1,TIME1,0.8080753604701425,0.917696741892774,0.0,10
0.0,False,345,time1,0.0,novo,0.06066304656326704,True,time1,TIME1,0.0,,,12
1.237034331097687e-05,False,345,time0,0.9980561200264708,0,,,time0,TIME0,0.9884532212736236,0.9568138126363817,1.0,1
0.0001378887262837691,False,345,time1,0.9754292725687758,6,,,time1,TIME1,0.9828821994752178,0.9643095527204184,1.0,4
0.00019432094516776556,False,345,time1,0.988304779506085,8,,,time1,TIME1,0.8796567948425359,0.9340184561757572,0.0,6
4.3507804335826034e-05,False,345,time1,0.9960358325079705,7,,,time1,TIME1,0.876540790901776,0.9114135754616726,0.0,8
0.00028168460328661666,False,345,time0,0.9712571884514438,4,,,time0,TIME0,0.8742344290527182,0.9332216284536912,0.0,7
4.232029264875796e-05,False,345,goleiro_time1,0.9939825328077119,9,,,goleiro1,GOL-TIME1,0.8728732531661267,0.8998562891943178,0.0,3
0.00012746664800059496,False,345,time0,0.9635124896701222,2,,,time0,TIME0,0.8726421849202542,0.9361429462756129,0.0,2
0.0006771174276507417,False,345,time0,0.9451194757609436,1,,,time0,TIME0,0.8715373824493131,0.9554968658059215,0.0,9
0.0013539596829085664,False,345,time0,0.8901260960371522,3,,,time0,TIME0,0.8544907224865699,0.9571444190284577,0.0,5
0.005797363225118854,False,345,time1,0.7459875583549389,5,,,time1,TIME1,0.7965643506173052,0.915215886988034,0.0,10
0.0,False,346,time1,0.0,novo,0.06066304656326704,True,time1,TIME1,0.0,,,12
8.02887559721148e-05,False,346,time0,0.9920108151858007,0,,,time0,TIME0,0.9866859642968245,0.9568138126363817,1.0,1
0.0005186182815276279,False,346,time1,0.9443446906772974,6,,,time1,TIME1,0.9735949456742945,0.9643095527204184,1.0,4
1.7089244345494046e-05,False,346,time1,0.9990003348700399,7,,,time1,TIME1,0.8775191680841697,0.9114135754616726,0.0,8
0.00020815203600891457,False,346,time0,0.9751130991201576,4,,,time0,TIME0,0.8754327295776554,0.9332216284536912,0.0,7
0.00024277759105673959,False,346,time1,0.9728631876886211,8,,,time1,TIME1,0.8750251252362846,0.9340184561757572,0.0,6
0.0005546975220007195,False,346,time0,0.9558305522532651,1,,,time0,TIME0,0.8750244484946665,0.9554968658059215,0.0,9
1.648022122836239e-05,False,346,goleiro_time1,0.9962569192275775,9,,,goleiro1,GOL-TIME1,0.873803434629405,0.8998562891943178,0.0,3
0.001085155927744527,False,346,time0,0.9212620245917539,3,,,time0,TIME0,0.8643927104763144,0.9571444190284577,0.0,5
0.00039700451328974654,False,346,time0,0.9239325090497742,2,,,time0,TIME0,0.8606677845645888,0.9361429462756129,0.0,2
0.0018573647461823542,False,346,time1,0.9134209951521084,5,,,time1,TIME1,0.8484151471429783,0.915215886988034,0.0,10
0.0,False,347,time1,0.0,novo,0.06066304656326704,True,time1,TIME1,0.0,,,12
7.410780897574571e-05,False,347,time0,0.9944053977022744,0,,,time0,TIME0,0.9873561605115241,0.9568138126363817,1.0,1
0.0006743539338109595,False,347,time1,0.909612529571172,6,,,time1,TIME1,0.9631102938083889,0.9643095527204184,1.0,4
0.0001060335012630319,False,347,time0,0.9821259613869043,4,,,time0,TIME0,0.877767557334824,0.9332216284536912,0.0,7
0.00018132218232648674,False,347,time1,0.9812008990959947,8,,,time1,TIME1,0.8775839377532492,0.9340184561757572,0.0,6
1.4732184987675084e-05,False,347,time1,0.9972123464265881,7,,,time1,TIME1,0.876986149513606,0.9114135754616726,0.0,8
0.0004255512646333465,False,347,time0,0.9506952130242916,1,,,time0,TIME0,0.8736078562648211,0.9554968658059215,0.0,9
7.635964780590109e-05,False,347,goleiro_time1,0.9872546034153497,9,,,goleiro1,GOL-TIME1,0.8710294907109377,0.8998562891943178,0.0,3
0.001387926325891641,False,347,time0,0.9003159145632563,3,,,time0,TIME0,0.8579118150869628,0.9571444190284577,0.0,5
0.0007762211911117614,False,347,time0,0.8871953270301193,2,,,time0,TIME0,0.8492285066514392,0.9361429462756129,0.0,2
0.0036800882102811525,False,347,time1,0.820085986213401,5,,,time1,TIME1,0.8202367833556957,0.915215886988034,0.0,10
0.0,False,348,time1,0.0,novo,0.06031567330469512,True,time1,TIME1,0.0,,,12
0.00027041214896176186,False,348,time0,0.973365855971544,0,,,time0,TIME0,0.9808459546606308,0.9570016830942149,1.0,1
0.0005022932633123613,False,348,time1,0.9333818293429961,6,,,time1,TIME1,0.9705199901806131,0.9647057052011621,1.0,4
0.0002710878534420831,False,348,time0,0.9839124430903189,1,,,time0,TIME0,0.8833825519055833,0.9549813902537289,0.0,9
0.0001352024597992815,False,348,time1,0.9842715740037241,8,,,time1,TIME1,0.8788079447888143,0.9350799503736053,0.0,6
7.742880086600096e-05,False,348,time0,0.9860678135125027,4,,,time0,TIME0,0.8777354609502681,0.9282455887911932,0.0,7
2.55276915878043e-05,False,348,time1,0.9980361546448633,7,,,time1,TIME1,0.8764133535564962,0.9082012296624333,0.0,8
0.00017868200620316528,False,348,goleiro_time1,0.9863211741203609,9,,,goleiro1,GOL-TIME1,0.8702682207445409,0.8984351057761184,0.0,3
0.0013944541618321692,False,348,time0,0.8817010207989374,3,,,time0,TIME0,0.8519820243297549,0.9558439616755378,0.0,5
0.0008017980693208913,False,348,time0,0.8707395550857233,2,,,time0,TIME0,0.844707424071126,0.9376170132938023,0.0,2
0.004107075809868088,False,348,time1,0.7837917959839203,5,,,time1,TIME1,0.8096390424673581,0.9142197049076828,0.0,10
0.0,False,349,time1,0.0,novo,0.06031567330469512,True,time1,TIME1,0.0,,,12
7.749428684764408e-06,False,349,time0,0.9987521546915306,0,,,time0,TIME0,0.9886798459472842,0.9570016830942149,1.0,1
0.0016675093913456254,False,349,time1,0.8067477029794864,6,,,time1,TIME1,0.9308893655380955,0.9647057052011621,1.0,4
0.0002700694010475753,False,349,time0,0.9821546883787607,1,,,time0,TIME0,0.8831120787449851,0.9549813902537289,0.0,9
9.556816094850453e-05,False,349,time1,0.9873428930588598,8,,,time1,TIME1,0.8797586007908108,0.9350799503736053,0.0,6
1.601483097243499e-05,False,349,time1,0.9987490278248655,7,,,time1,TIME1,0.8766347187470802,0.9082012296624333,0.0,8
0.0001962436387013323,False,349,time0,0.9745446219473117,4,,,time0,TIME0,0.8741512406275364,0.9282455887911932,0.0,7
0.00023796899914964973,False,349,goleiro_time1,0.9800050235326424,9,,,goleiro1,GOL-TIME1,0.8683533713466323,0.8984351057761184,0.0,3
0.0008472241407907115,False,349,time0,0.9185356025125873,3,,,time0,TIME0,0.8633527760182363,0.9558439616755378,0.0,5
0.0005571752911139329,False,349,time0,0.923445100374258,2,,,time0,TIME0,0.8607098145854728,0.9376170132938023,0.0,2
0.005627988935252583,False,349,time1,0.7012321581263651,5,,,time1,TIME1,0.7827712079919644,0.9142197049076828,0.0,10
0.0,False,350,time1,0.0,novo,0.06031567330469512,True,time1,TIME1,0.0,,,12
7.081673016111246e-05,False,350,time0,0.9931359378992254,0,,,time0,TIME0,0.9870835970932231,0.9570016830942149,1.0,1
0.0006970978655612247,False,350,time1,0.9199677381618768,6,,,time1,TIME1,0.9657233499264907,0.9647057052011621,1.0,4
0.0,False,350,time0,1.0,4,,,time0,TIME0,0.8819275947168655,0.9282455887911932,0.0,7
0.0003730744840173197,False,350,time0,0.968447647465237,1,,,time0,TIME0,0.8787931484651592,0.9549813902537289,0.0,9
0.00012792964432265606,False,350,time1,0.9833785208283042,8,,,time1,TIME1,0.8786254022929916,0.9350799503736053,0.0,6
0.00010051865764533224,False,350,time1,0.9913756308431995,7,,,time1,TIME1,0.8743020900093095,0.9082012296624333,0.0,8
0.0002968330870320935,False,350,goleiro_time1,0.9713893709932878,9,,,goleiro1,GOL-TIME1,0.8656881005169577,0.8984351057761184,0.0,3
0.0009817263162747955,False,350,time0,0.900658631745119,3,,,time0,TIME0,0.8579721050636415,0.9558439616755378,0.0,5
0.0009630716167440523,False,350,time0,0.876603890956426,2,,,time0,TIME0,0.8462054287178163,0.9376170132938023,0.0,2
0.0057577481411544736,False,350,time1,0.7161374798856708,5,,,time1,TIME1,0.7880125124904629,0.9142197049076828,0.0,10
0.0,False,351,time1,0.0,novo,0.062166370518142,True,time1,TIME1,0.0,,,12
9.186034105318961e-05,False,351,time0,0.9881113544417741,0,,,time0,TIME0,0.985535873579683,0.9571779303709529,1.0,1
0.0016132227079450276,False,351,time1,0.8301356478723817,6,,,time1,TIME1,0.9378547487317342,0.9647871804266634,1.0,4
0.0003834969174271071,False,351,time0,0.9709172665838666,1,,,time0,TIME0,0.8796234934002424,0.955389089641551,0.0,9
0.00013825252813288568,False,351,time1,0.9770477233391082,8,,,time1,TIME1,0.876878427395813,0.9360886951710792,0.0,6
5.6188259583767857e-05,False,351,time1,0.9951474759606592,7,,,time1,TIME1,0.875258074740135,0.9074277116128416,0.0,8
0.0005029685112013226,False,351,time0,0.9341873878327863,2,,,time0,TIME0,0.8644135366559449,0.940082993984307,0.0,2
0.0003477058875668772,False,351,time0,0.9404386541422906,4,,,time0,TIME0,0.8624204066769106,0.9233679155668648,0.0,7
0.0005392366790326781,False,351,goleiro_time1,0.9566485064965036,9,,,goleiro1,GOL-TIME1,0.8604710492517796,0.8965299922229826,0.0,3
0.001452971011985387,False,351,time0,0.8452362424801215,3,,,time0,TIME0,0.8398840217570989,0.9519935447647752,0.0,5
0.004802475815091231,False,351,time1,0.7599234220533552,5,,,time1,TIME1,0.8007931829146939,0.911582402302738,0.0,10
0.0,False,352,time1,0.0,novo,0.062166370518142,True,time1,TIME1,0.0,,,12
0.0001336293884164869,False,352,time0,0.9897700557016442,0,,,time0,TIME0,0.9859560220804235,0.9571779303709529,1.0,1
0.0013542935019250477,False,352,time1,0.864141446085781,6,,,time1,TIME1,0.9490289725460007,0.9647871804266634,1.0,4
0.00020236437271211078,False,352,time1,0.9765584009142144,8,,,time1,TIME1,0.8766653690867193,0.9360886951710792,0.0,6
0.00012864497078654446,False,352,time0,0.9829910480832251,4,,,time0,TIME0,0.875470380070681,0.9233679155668648,0.0,7
5.51153523280419e-05,False,352,time1,0.9952832885310767,7,,,time1,TIME1,0.8753322575963641,0.9074277116128416,0.0,8
0.0006529755653534946,False,352,time0,0.9510129762002486,1,,,time0,TIME0,0.8733673664118896,0.955389089641551,0.0,9
0.00031688721371483166,False,352,goleiro_time1,0.9579050148501731,9,,,goleiro1,GOL-TIME1,0.8609494833672805,0.8965299922229826,0.0,3
0.0007095009161918232,False,352,time0,0.9095143900145081,2,,,time0,TIME0,0.8570889998069979,0.940082993984307,0.0,2
0.0028153518630069864,False,352,time0,0.7654668499434553,3,,,time0,TIME0,0.8141465966711983,0.9519935447647752,0.0,5
0.004745488748923268,False,352,time1,0.7569733377959512,5,,,time1,TIME1,0.8004857271616412,0.911582402302738,0.0,10
0.0,False,353,time1,0.0,novo,0.062166370518142,True,time1,TIME1,0.0,,,12
2.457784680128581e-05,False,353,time0,0.9981118207697812,0,,,time0,TIME0,0.9885978168111611,0.9571779303709529,1.0,1
0.0010259823977509849,False,353,time1,0.892487835470666,6,,,time1,TIME1,0.957414717308566,0.9647871804266634,1.0,4
3.0186418478704196e-05,False,353,time1,0.9912441565869959,8,,,time1,TIME1,0.8812461919568179,0.9360886951710792,0.0,6
5.748975423060482e-05,False,353,time1,0.9967826395113627,7,,,time1,TIME1,0.875763868638516,0.9074277116128416,0.0,8
0.0005898506937311288,False,353,time0,0.9548213376348239,1,,,time0,TIME0,0.8746215081725158,0.955389089641551,0.0,9
8.432085085617913e-05,False,353,time0,0.9734202798346736,4,,,time0,TIME0,0.8726938250079606,0.9233679155668648,0.0,7
0.00022174298516092767,False,353,goleiro_time1,0.9765420821968005,9,,,goleiro1,GOL-TIME1,0.8668277781180901,0.8965299922229826,0.0,3
0.0006727132488576155,False,353,time0,0.909030334113385,2,,,time0,TIME0,0.8569650945911593,0.940082993984307,0.0,2
0.002053132857665414,False,353,time0,0.8403145385844645,3,,,time0,TIME0,0.8376519298772134,0.9519935447647752,0.0,5
0.00494030309178781,False,353,time1,0.7362932638164389,5,,,time1,TIME1,0.7926221398982949,0.911582402302738,0.0,10
0.0,False,354,time1,0.0,novo,0.06583893245880723,True,time1,TIME1,0.0,,,12
1.3676644057493084e-05,False,354,time0,0.9982707829324101,0,,,time0,TIME0,0.9887735872822311,0.9572900847362584,1.0,1
0.0007267153236438578,False,354,time1,0.9297283025966776,6,,,time1,TIME1,0.9691950708493158,0.9651565583072647,1.0,4
0.0004961844260431276,False,354,time0,0.959835626379728,1,,,time0,TIME0,0.8759723908586019,0.9543444772334961,0.0,9
1.586983784947094e-05,False,354,time1,0.9981179944004621,7,,,time1,TIME1,0.8756461040790489,0.9050240396294862,0.0,8
0.0003303882143689388,False,354,time1,0.9599835343287705,8,,,time1,TIME1,0.8718078378550502,0.9373382904738152,0.0,6
0.00021026588912517147,False,354,goleiro_time1,0.9849346410930658,9,,,goleiro1,GOL-TIME1,0.8691659739598199,0.8965980607306926,0.0,3
0.00030720222608370256,False,354,time0,0.9592931655111422,4,,,time0,TIME0,0.8671253307251932,0.9192037856143953,0.0,7
0.0007362961830787364,False,354,time0,0.9103246117860797,2,,,time0,TIME0,0.8573130338958497,0.9406360338366822,0.0,2
0.002447857711759783,False,354,time0,0.8256708155647421,3,,,time0,TIME0,0.8326120935742961,0.949811031218695,0.0,5
0.0045761554508146444,False,354,time1,0.7580168137016259,5,,,time1,TIME1,0.8001055410890827,0.9099108498312576,0.0,10
0.0,False,355,time1,0.0,novo,0.06583893245880723,True,time1,TIME1,0.0,,,12
8.482370379903401e-05,False,355,time0,0.9918715177696102,0,,,time0,TIME0,0.9867522631758533,0.9572900847362584,1.0,1
0.00041932665608818425,False,355,time1,0.9547823303642369,6,,,time1,TIME1,0.9770587520937151,0.9651565583072647,1.0,4
0.00013876676415200545,False,355,time1,0.9850721582042871,8,,,time1,TIME1,0.8795917981534526,0.9373382904738152,0.0,6
0.00036243273455764647,False,355,time0,0.9678624545430101,1,,,time0,TIME0,0.8783899805248603,0.9543444772334961,0.0,9
3.781360592455434e-05,False,355,time1,0.9973249327943714,7,,,time1,TIME1,0.8754019938007758,0.9050240396294862,0.0,8
0.000631462857571464,False,355,time0,0.9458958965774252,3,,,time0,TIME0,0.8693842197027498,0.949811031218695,0.0,5
0.0005252168383965719,False,355,time0,0.9349288143638651,2,,,time0,TIME0,0.8649703402181328,0.9406360338366822,0.0,2
0.0004029167118799709,False,355,time0,0.9489340670601055,4,,,time0,TIME0,0.8640033665823912,0.9192037856143953,0.0,7
0.0005970146629007846,False,355,goleiro_time1,0.9318184706893242,9,,,goleiro1,GOL-TIME1,0.8526915371728216,0.8965980607306926,0.0,3
0.0009700625377882951,False,355,time1,0.8484227533524568,5,,,time1,TIME1,0.8286486239755906,0.9099108498312576,0.0,10
0.0,False,356,time1,0.0,novo,0.06583893245880723,True,time1,TIME1,0.0,,,12
5.7247405683229295e-05,False,356,time0,0.9929052211985212,0,,,time0,TIME0,0.9870527503972552,0.9572900847362584,1.0,1
0.000547931751229295,False,356,time1,0.9399587046535474,6,,,time1,TIME1,0.9725958351766956,0.9651565583072647,1.0,4
0.00023856903629515612,False,356,time0,0.9757839288621253,4,,,time0,TIME0,0.8720382250229836,0.9192037856143953,0.0,7
0.0006012240801127146,False,356,time0,0.9470507182652684,1,,,time0,TIME0,0.8719808880958728,0.9543444772334961,0.0,9
0.0003409909252673381,False,356,time1,0.9591764271762471,8,,,time1,TIME1,0.8715878419732879,0.9373382904738152,0.0,6
0.0002094443163884463,False,356,time1,0.9854378586644446,7,,,time1,TIME1,0.871579923037574,0.9050240396294862,0.0,8
0.0006345417545762103,False,356,time0,0.9248882622251822,2,,,time0,TIME0,0.8618065768768375,0.9406360338366822,0.0,2
0.0003820067046930462,False,356,goleiro_time1,0.9529299167950506,9,,,goleiro1,GOL-TIME1,0.8593267325456289,0.8965980607306926,0.0,3
0.0024043313647415065,False,356,time0,0.8238588693664531,3,,,time0,TIME0,0.8312045041904331,0.949811031218695,0.0,5
0.0025160337013999208,False,356,time1,0.8467866582929501,5,,,time1,TIME1,0.8281107921444542,0.9099108498312576,0.0,10
0.0,False,357,time1,0.0,novo,0.0690135116592957,True,time1,TIME1,0.0,,,12
7.305456685623001e-05,False,357,time0,0.9924385428309637,0,,,time0,TIME0,0.9870258710595788,0.9577757659908679,1.0,1
0.0006586704771887661,False,357,time1,0.9417870925858473,6,,,time1,TIME1,0.9728731838721867,0.9654077920029587,1.0,4
0.00025870910361830754,False,357,time0,0.978367521641847,1,,,time0,TIME0,0.8811513301728148,0.952608800372591,0.0,9
0.0001249116642151802,False,357,time1,0.9792953966887687,8,,,time1,TIME1,0.8781280932907511,0.9384016573293026,0.0,6
3.038148445414043e-05,False,357,time1,0.998491758051439,7,,,time1,TIME1,0.8752365245030891,0.9035181942601009,0.0,8
0.0012071464853190962,False,357,time0,0.9032931228692782,3,,,time0,TIME0,0.8557164319408866,0.9465872927407443,0.0,5
0.0005828371967807563,False,357,goleiro_time1,0.9346085946958478,9,,,goleiro1,GOL-TIME1,0.8536904240772867,0.8959199324497892,0.0,3
0.0011119015276379546,False,357,time0,0.8680509848284407,2,,,time0,TIME0,0.8442582634719276,0.9407239599622269,0.0,2
0.002128386013384448,False,357,time0,0.8807434958567069,4,,,time0,TIME0,0.8399248826901982,0.9157122197469152,0.0,7
0.0037819214768918265,False,357,time1,0.7588342463337212,5,,,time1,TIME1,0.8009958766850378,0.9105972969518803,0.0,10
0.0,False,358,time1,0.0,novo,0.0690135116592957,True,time1,TIME1,0.0,,,12
3.020925755902063e-05,False,358,time0,0.9957370758040193,0,,,time0,TIME0,0.9880949478011479,0.9577757659908679,1.0,1
0.0004949609133956385,False,358,time1,0.9451875373475902,6,,,time1,TIME1,0.9741250893589057,0.9654077920029587,1.0,4
0.0001398898774326836,False,358,time0,0.9885283124180819,1,,,time0,TIME0,0.8844997765793886,0.952608800372591,0.0,9
9.8357807326736e-05,False,358,time1,0.9908233967609676,8,,,time1,TIME1,0.8816567580933747,0.9384016573293026,0.0,6
2.5447894320723416e-05,False,358,time1,0.9975191516309178,7,,,time1,TIME1,0.8751061984415166,0.9035181942601009,0.0,8
0.0006223993161473846,False,358,time0,0.9175510420437166,2,,,time0,TIME0,0.8594927474185544,0.9407239599622269,0.0,2
0.0015878532744104253,False,358,time0,0.8671350536992322,3,,,time0,TIME0,0.8449739776002315,0.9465872927407443,0.0,5
0.0009840128243405722,False,358,goleiro_time1,0.8972617322932541,9,,,goleiro1,GOL-TIME1,0.841761824835739,0.8959199324497892,0.0,3
0.001566717457429829,False,358,time0,0.8304778563667495,4,,,time0,TIME0,0.8242204281686762,0.9157122197469152,0.0,7
0.004210980174887399,False,358,time1,0.7020786164558228,5,,,time1,TIME1,0.7841413940355866,0.9105972969518803,0.0,10
0.0,False,359,time1,0.0,novo,0.07069734329778432,True,time1,TIME1,0.0,,,10
0.00015521483373877285,False,359,time0,0.9819810900702147,0,,,time0,TIME0,0.9838101310575238,0.9577757659908679,1.0,1
0.00039393517933737204,False,359,time1,0.9497294235762181,6,,,time1,TIME1,0.9758206241971175,0.9654077920029587,1.0,4
0.00013564653294609221,False,359,time0,0.9736916382676117,1,,,time0,TIME0,0.8799603479487849,0.952608800372591,0.0,9
0.00020282081187491957,False,359,time1,0.9725597537502121,8,,,time1,TIME1,0.8760982583576828,0.9384016573293026,0.0,6
0.00011175674712880574,False,359,time1,0.9924286952001495,7,,,time1,TIME1,0.873446225836174,0.9035181942601009,0.0,8
0.000610582579555308,False,359,time0,0.9262552378805449,2,,,time0,TIME0,0.862218117309325,0.9407239599622269,0.0,2
0.0006150612334724759,False,359,time0,0.9234262807151222,4,,,time0,TIME0,0.8542979070238483,0.9157122197469152,0.0,7
0.0006127561066256889,False,359,time0,0.8659408034929026,3,,,time0,TIME0,0.8449191574222727,0.9465872927407443,0.0,5
0.0009390777407797954,False,359,goleiro_time1,0.9013542704912881,9,,,goleiro1,GOL-TIME1,0.8434618079332193,0.8959199324497892,0.0,3
0.01569222114700905,False,359,time1,0.49411502769576465,5,,,time1,TIME1,0.8059522836375307,0.9281938267750218,1.0,12
0.0,False,360,time1,0.0,novo,0.07410570692855123,True,time1,TIME1,0.0,,,10
6.613758824610908e-05,False,360,time0,0.9930822358402877,0,,,time0,TIME0,0.9871208036345108,0.9574973058093061,1.0,1
0.0004154084934315155,False,360,time1,0.9440626617947434,6,,,time1,TIME1,0.9740898404323519,0.9652523536946753,1.0,4
0.0,False,360,time1,1.0,5,,,time1,TIME1,0.9721531651019354,0.9314096271723119,1.0,12
5.812050982815976e-05,False,360,time0,0.9868822196178221,1,,,time0,TIME0,0.8839471119498601,0.9522501829215668,0.0,9
0.0,False,360,time0,1.0,4,,,time0,TIME0,0.8766892809361777,0.9084345634723632,0.0,7
0.000540384397514419,False,360,time1,0.9405659219303592,8,,,time1,TIME1,0.8662946679297199,0.939385730928038,0.0,6
0.000625524227414737,False,360,time0,0.9115872765712861,3,,,time0,TIME0,0.8587862764530738,0.9439946406547142,0.0,5
0.00046798610463952663,False,360,goleiro_time1,0.9397375005195899,9,,,goleiro1,GOL-TIME1,0.8551604520501954,0.8959437147056518,0.0,3
0.0007337559624139594,False,360,time0,0.8955564877143992,2,,,time0,TIME0,0.8532100262181144,0.941192361624667,0.0,2
0.016886482319756715,False,360,time1,0.541255542719286,7,,,time1,TIME1,0.7118306434015907,0.9055801302966007,0.0,8
0.0,False,361,time1,0.0,novo,0.07410570692855123,True,time1,TIME1,0.0,,,10
0.0,False,361,time1,1.0,5,,,time1,TIME1,0.982852406793078,0.9314096271723119,1.0,12
0.0004475645994753524,False,361,time0,0.9714081911312417,0,,,time0,TIME0,0.9800587735116167,0.9574973058093061,1.0,1
0.0007055752451439023,False,361,time1,0.9235524777017782,6,,,time1,TIME1,0.9675320421945937,0.9652523536946753,1.0,4
0.00022806269153988846,False,361,time0,0.9786463280154467,1,,,time0,TIME0,0.881302047825792,0.9522501829215668,0.0,9
0.0005178683555851315,False,361,time1,0.9670659656501622,8,,,time1,TIME1,0.8743068695844591,0.939385730928038,0.0,6
0.0006129576156125374,False,361,time0,0.9122905739960887,2,,,time0,TIME0,0.8580183856059647,0.941192361624667,0.0,2
0.00031394098186633126,False,361,goleiro_time1,0.932953561538278,9,,,goleiro1,GOL-TIME1,0.8534763446948177,0.8959437147056518,0.0,3
0.0014916526202805795,False,361,time0,0.85438427350212,3,,,time0,TIME0,0.8399581330808906,0.9439946406547142,0.0,5
0.002069287668768174,False,361,time0,0.7859580530950347,4,,,time0,TIME0,0.8096040082326518,0.9084345634723632,0.0,7
0.01691305147245572,False,361,time1,0.5430003408585607,7,,,time1,TIME1,0.7008744990303901,0.9055801302966007,0.0,8
0.0,False,362,time1,0.0,novo,0.07410570692855123,True,time1,TIME1,0.0,,,10
8.62914801409917e-05,False,362,time0,0.9901769148107551,0,,,time0,TIME0,0.9860427682186482,0.9574973058093061,1.0,1
0.00047145193745562594,False,362,time1,0.9414396781879646,6,,,time1,TIME1,0.9731565617596546,0.9652523536946753,1.0,4
0.00039678195036796794,False,362,time0,0.974424062054358,1,,,time0,TIME0,0.8797178894802888,0.9522501829215668,0.0,9
0.00026991205459170656,False,362,time1,0.9687390179546229,8,,,time1,TIME1,0.8749984520353422,0.939385730928038,0.0,6
9.017465648470592e-05,False,362,time1,0.9940814828244384,7,,,time1,TIME1,0.8629490789194714,0.9055801302966007,0.0,8
0.00057698034720983,False,362,time0,0.9013480186363567,2,,,time0,TIME0,0.8550665915940102,0.941192361624667,0.0,2
0.000529185885623686,False,362,goleiro_time1,0.9366679646470223,9,,,goleiro1,GOL-TIME1,0.8543490298324378,0.8959437147056518,0.0,3
0.001135732248289597,False,362,time0,0.8597108120069604,4,,,time0,TIME0,0.8327219713432782,0.9084345634723632,0.0,7
0.0019334034419699587,False,362,time0,0.8006151096086155,3,,,time0,TIME0,0.8241214825595393,0.9439946406547142,0.0,5
0.008308534127070787,False,362,time1,0.473773127197115,5,,,time1,TIME1,0.8117662224773271,0.9314096271723119,1.0,12
0.0,False,363,time1,0.0,novo,0.07401529685799924,True,time1,TIME1,0.0,,,10
5.6410315181813215e-05,False,363,time0,0.9947012941839928,0,,,time0,TIME0,0.9875286696088635,0.9567698030386784,1.0,1
0.0006272170145154863,False,363,time1,0.9354141156870245,6,,,time1,TIME1,0.9710408390939029,0.9644624976821682,1.0,4
0.00027885317879895174,False,363,time0,0.9743483956148599,1,,,time0,TIME0,0.8798058062000929,0.9516762764922337,0.0,9
0.00019708133164968161,False,363,time1,0.9898624633057279,7,,,time1,TIME1,0.8733014007413078,0.9068527317144066,0.0,8
0.006205713374181977,False,363,time1,0.6765559484811277,5,,,time1,TIME1,0.8722362302787281,0.9377265575857369,1.0,12
0.0005969476454356217,False,363,time1,0.9495023618046432,8,,,time1,TIME1,0.8692785638621046,0.9409599027293973,0.0,6
0.000752439883791738,False,363,time0,0.9108184135117127,2,,,time0,TIME0,0.8574449177751862,0.9419224639554022,0.0,2
0.0005220499207241059,False,363,goleiro_time1,0.8963253344893353,9,,,goleiro1,GOL-TIME1,0.8429375558080279,0.8991787035588997,0.0,3
0.0010163149381548396,False,363,time0,0.8868557825506002,4,,,time0,TIME0,0.8410624392673975,0.9059421162257784,0.0,7
0.0025736429493943467,False,363,time0,0.7472030545189395,3,,,time0,TIME0,0.8068973887744642,0.9428586089658355,0.0,5
0.0,False,364,time1,0.0,novo,0.07401529685799924,True,time1,TIME1,0.0,,,10
8.070536388031648e-05,False,364,time0,0.9922467223782759,0,,,time0,TIME0,0.9867703041730383,0.9567698030386784,1.0,1
0.0005244822843631931,False,364,time1,0.9255394159014665,6,,,time1,TIME1,0.9681972851037058,0.9644624976821682,1.0,4
0.0014889709070265978,False,364,time1,0.8950254732489414,5,,,time1,TIME1,0.9465342590056192,0.9377265575857369,1.0,12
0.00013363080892294,False,364,time1,0.9742700188095673,8,,,time1,TIME1,0.8770719201368732,0.9409599027293973,0.0,6
0.00038191419421028735,False,364,time0,0.9623598068243049,1,,,time0,TIME0,0.8760467685343707,0.9516762764922337,0.0,9
0.0003784047822855015,False,364,time1,0.9803864232755257,7,,,time1,TIME1,0.8703614671091311,0.9068527317144066,0.0,8
0.00032249960934488945,False,364,goleiro_time1,0.9387528472651431,9,,,goleiro1,GOL-TIME1,0.8559910672233503,0.8991787035588997,0.0,3
0.001099433133710513,False,364,time0,0.8862510128645238,2,,,time0,TIME0,0.8500777152290706,0.9419224639554022,0.0,2
0.0020847697686006386,False,364,time0,0.7987713028797797,3,,,time0,TIME0,0.8230053399627397,0.9428586089658355,0.0,5
0.001804199857020728,False,364,time0,0.8151962809209621,4,,,time0,TIME0,0.8185185324038783,0.9059421162257784,0.0,7
0.0,False,365,time1,0.0,novo,0.07401529685799924,True,time1,TIME1,0.0,,,10
4.326364210610412e-05,False,365,time0,0.9971563691479293,0,,,time0,TIME0,0.9882165664953365,0.9567698030386784,1.0,1
0.0005324699950785337,False,365,time1,0.9100362573307718,6,,,time1,TIME1,0.9633904262608798,0.9644624976821682,1.0,4
0.0007140962038352663,False,365,time1,0.88483948934956,5,,,time1,TIME1,0.9480249359594681,0.9377265575857369,1.0,12
0.0,False,365,time0,1.0,4,,,time0,TIME0,0.8752553927902941,0.9059421162257784,0.0,7
0.00031414845190704557,False,365,time0,0.9125814708768824,2,,,time0,TIME0,0.8584237472317062,0.9419224639554022,0.0,2
0.0007984282221551237,False,365,time1,0.9013111473815252,8,,,time1,TIME1,0.8543522301794841,0.9409599027293973,0.0,6
0.000529091726338794,False,365,goleiro_time1,0.9244218596455165,9,,,goleiro1,GOL-TIME1,0.8514899776590766,0.8991787035588997,0.0,3
0.0012067660939839022,False,365,time0,0.8769892796897312,1,,,time0,TIME0,0.8491532593488091,0.9516762764922337,0.0,9
0.002599531679502308,False,365,time0,0.6934588235221656,3,,,time0,TIME0,0.7901286640804652,0.9428586089658355,0.0,5
0.018041237178748414,False,365,time1,0.5445892784292435,7,,,time1,TIME1,0.7111311724965477,0.9068527317144066,0.0,8
0.0,False,366,time1,0.0,novo,0.07657834225061821,True,time1,TIME1,0.0,,,10
1.5191729922963395e-05,False,366,time0,0.9957858997875543,0,,,time0,TIME0,0.9878497194686625,0.9566593933699861,1.0,1
0.0004528886576616152,False,366,time1,0.9330614055616728,6,,,time1,TIME1,0.9704785301460337,0.964242852284547,1.0,4
0.0012161342325774274,False,366,time1,0.914881691906056,5,,,time1,TIME1,0.9577796934797135,0.9414886282280606,1.0,12
0.0,False,366,time0,1.0,2,,,time0,TIME0,0.8852664238625503,0.9419224639554022,0.0,2
0.0,False,366,time0,1.0,4,,,time0,TIME0,0.8776768508746253,0.910707403498501,0.0,7
0.0002726783387120217,False,366,time1,0.9692118980875932,8,,,time1,TIME1,0.8754781678984412,0.9414882090316112,0.0,6
0.0008625218791785117,False,366,time0,0.9394629700590837,1,,,time0,TIME0,0.8679228233581844,0.9508372090964972,0.0,9
0.0002682901406164929,False,366,time1,0.9886732525979581,7,,,time1,TIME1,0.8619284421446252,0.9107750148663365,0.0,8
0.0017738862493113237,False,366,goleiro_time1,0.8293526864354346,9,,,goleiro1,GOL-TIME1,0.8212437683770498,0.9014492175308724,0.0,3
0.002733752087384943,False,366,time0,0.6969858423210603,3,,,time0,TIME0,0.7912791814568354,0.9399283124689963,0.0,5
0.0,False,367,time1,0.0,novo,0.07657834225061821,True,time1,TIME1,0.0,,,10
0.00015630164800633665,False,367,time0,0.9843956789023379,0,,,time0,TIME0,0.984231114722292,0.9566593933699861,1.0,1
0.0005708398022072679,False,367,time1,0.9688519897974639,5,,,time1,TIME1,0.9748811406039654,0.9414886282280606,1.0,12
0.0009578021465914878,False,367,time1,0.8643446561944449,6,,,time1,TIME1,0.949149117495829,0.964242852284547,1.0,4
0.0006575828765694159,False,367,time0,0.935136593376372,1,,,time0,TIME0,0.8670198515948735,0.9508372090964972,0.0,9
0.0007777875531381836,False,367,time1,0.9435940182936895,7,,,time1,TIME1,0.8595344530697278,0.9107750148663365,0.0,8
0.00044828936216067937,False,367,time0,0.89987147264328,3,,,time0,TIME0,0.8529680657230554,0.9399283124689963,0.0,5
0.0009068349838423187,False,367,time1,0.8923219917043904,8,,,time1,TIME1,0.8518057046235781,0.9414882090316112,0.0,6
0.0010517838681768264,False,367,goleiro_time1,0.8879606533507233,9,,,goleiro1,GOL-TIME1,0.8403004311316489,0.9014492175308724,0.0,3
0.00187969936914463,False,367,time0,0.8043742804386615,2,,,time0,TIME0,0.8238024693059007,0.9419224639554022,0.0,2
0.005488509000762556,False,367,time0,0.5926517552461041,4,,,time0,TIME0,0.7467406585836069,0.910707403498501,0.0,7
0.0,False,368,time1,0.0,novo,0.07657834225061821,True,time1,TIME1,0.0,,,10
9.679772343151271e-05,False,368,time0,0.9910866498989803,0,,,time0,TIME0,0.9862491923580085,0.9566593933699861,1.0,1
0.0007630941895138092,False,368,time1,0.9623317834966709,5,,,time1,TIME1,0.9732388522972101,0.9414886282280606,1.0,12
0.001241521016583707,False,368,time1,0.8348688400230662,6,,,time1,TIME1,0.9398994851281234,0.964242852284547,1.0,4
0.0,False,368,goleiro_time1,1.0,9,,,goleiro1,GOL-TIME1,0.874645179018052,0.9014492175308724,0.0,3
0.0007172295874089641,False,368,time1,0.909127153968924,8,,,time1,TIME1,0.8572814041256982,0.9414882090316112,0.0,6
0.0019176350086224454,False,368,time0,0.9041582317498456,1,,,time0,TIME0,0.8560707108052381,0.9508372090964972,0.0,9
0.0015006078988199824,False,368,time0,0.8726098130123141,4,,,time0,TIME0,0.8353136740425706,0.910707403498501,0.0,7
0.0012033286712968651,False,368,time0,0.8226446227034847,2,,,time0,TIME0,0.8304921647491654,0.9419224639554022,0.0,2
0.005108793826640245,False,368,time0,0.574567374408087,3,,,time0,TIME0,0.7495276197361007,0.9399283124689963,0.0,5
0.018091823442838655,False,368,time1,0.5235994218561008,7,,,time1,TIME1,0.7059893086285286,0.9107750148663365,0.0,8
0.0,False,369,time1,0.0,novo,0.07285334293068813,True,time1,TIME1,0.0,,,10
1.2909588804759413e-05,False,369,time0,0.9985480334744997,0,,,time0,TIME0,0.9882972583869273,0.9552770011138534,1.0,1
0.0012410344931235162,False,369,time1,0.9320576118925635,5,,,time1,TIME1,0.96408590802667,0.9442415780125353,1.0,12
0.0011897635449228746,False,369,time1,0.8488364045671467,6,,,time1,TIME1,0.9442485064420078,0.9648914517512053,1.0,4
0.0001941327407458216,False,369,time0,0.9812507514435841,1,,,time0,TIME0,0.8799434194061351,0.9486495241375553,0.0,9
0.0007407407448410297,False,369,time1,0.9067081740136063,8,,,time1,TIME1,0.8568979486134872,0.9429035176521001,0.0,6
0.0016361728160604874,False,369,time0,0.8738004072129173,4,,,time0,TIME0,0.8389205908244532,0.9147333461904938,0.0,7
0.0011324676200661062,False,369,time0,0.8270791908654425,2,,,time0,TIME0,0.8324851990137516,0.9419224639554022,0.0,2
0.0023567559655433817,False,369,time0,0.8049446484989428,3,,,time0,TIME0,0.8210496097480509,0.9345553381952023,0.0,5
0.0018013898923269797,False,369,goleiro_time1,0.787655017714311,9,,,goleiro1,GOL-TIME1,0.8087929621410367,0.9014492175308724,0.0,3
0.01867139007570824,False,369,time1,0.4693163202529532,7,,,time1,TIME1,0.67737165049782,0.914385072170891,0.0,8
0.0,False,370,time1,0.0,novo,0.07285334293068813,True,time1,TIME1,0.0,,,10
2.4960337188426142e-05,False,370,time0,0.9985067839085606,0,,,time0,TIME0,0.9883393825749806,0.9552770011138534,1.0,1
0.0007822083214173873,False,370,time1,0.9451967121832012,5,,,time1,TIME1,0.968509263847671,0.9442415780125353,1.0,12
0.001114940193870654,False,370,time1,0.869471759064355,6,,,time1,TIME1,0.9507049790681262,0.9648914517512053,1.0,4
0.000290502980516601,False,370,time0,0.9613405752579147,1,,,time0,TIME0,0.8751112004876938,0.9486495241375553,0.0,9
0.0005085684013013557,False,370,time1,0.9326309648986018,8,,,time1,TIME1,0.8648849041149975,0.9429035176521001,0.0,6
0.0009124042823212366,False,370,time0,0.922049285176798,4,,,time0,TIME0,0.8538276772589284,0.9147333461904938,0.0,7
0.0017711807933066257,False,370,time0,0.8636089055399137,3,,,time0,TIME0,0.8404690997545423,0.9345553381952023,0.0,5
0.0009714297752494151,False,370,goleiro_time1,0.887300951926962,9,,,goleiro1,GOL-TIME1,0.8400638434615154,0.9014492175308724,0.0,3
0.0011106710646553199,False,370,time0,0.8324604351197235,2,,,time0,TIME0,0.8341549171570621,0.9419224639554022,0.0,2
0.018047331557291248,False,370,time1,0.4822825382441625,7,,,time1,TIME1,0.6818389211444673,0.914385072170891,0.0,8
0.0,False,371,time1,0.0,novo,0.07285334293068813,True,time1,TIME1,0.0,,,10
0.00010255653903253432,False,371,time0,0.9866769480180714,0,,,time0,TIME0,0.9846450279072211,0.9552770011138534,1.0,1
0.0010921666344143666,False,371,time1,0.9590445352494638,5,,,time1,TIME1,0.9725681329540402,0.9442415780125353,1.0,12
0.0007515734255877131,False,371,time1,0.9105274793851893,6,,,time1,TIME1,0.9634469440237096,0.9648914517512053,1.0,4
0.0003104615020418074,False,371,time1,0.9851546224768328,7,,,time1,TIME1,0.8613479796809387,0.914385072170891,0.0,8
0.000778129337137277,False,371,time0,0.9351916754138918,4,,,time0,TIME0,0.8583673755361101,0.9147333461904938,0.0,7
0.0006871434129291777,False,371,time1,0.9020218180855535,8,,,time1,TIME1,0.8555774576029622,0.9429035176521001,0.0,6
0.001309885223328882,False,371,time0,0.9003429929554309,1,,,time0,TIME0,0.855211410794454,0.9486495241375553,0.0,9
0.0007837648920957579,False,371,goleiro_time1,0.9200472322652655,9,,,goleiro1,GOL-TIME1,0.8505111410734881,0.9014492175308724,0.0,3
0.0011213868580138616,False,371,time0,0.8400842776446855,2,,,time0,TIME0,0.8359526545145102,0.9419224639554022,0.0,2
0.0031006281153955497,False,371,time0,0.7640486586362151,3,,,time0,TIME0,0.8089523346773144,0.9345553381952023,0.0,5
0.0,False,372,time1,0.0,novo,0.07184070014312172,True,time1,TIME1,0.0,,,10
3.9731695495241784e-05,False,372,time0,0.9950105166313438,0,,,time0,TIME0,0.9867410913133666,0.953452473336313,1.0,1
0.00047914174767479966,False,372,time1,0.924778382183666,6,,,time1,TIME1,0.9678352066192449,0.9641991233680836,1.0,4
0.0014994391264033114,False,372,time1,0.9310326647123661,5,,,time1,TIME1,0.9644885920986029,0.9474071466158407,1.0,12
0.00016181676431054295,False,372,time1,0.9923485848511852,7,,,time1,TIME1,0.8761836261672012,0.91491096082529,0.0,8
0.000546568267963801,False,372,time1,0.9209276484929321,8,,,time1,TIME1,0.8614435801937621,0.9430757348682526,0.0,6
0.0006553229522672617,False,372,time0,0.9247474003487655,4,,,time0,TIME0,0.8562492793392498,0.9180222639004096,0.0,7
0.001919626558669708,False,372,time0,0.8940147134422841,1,,,time0,TIME0,0.8512457616956447,0.9477769783181276,0.0,9
0.0007368149723283622,False,372,goleiro_time1,0.8883264771359094,9,,,goleiro1,GOL-TIME1,0.8416793771648727,0.9057179536442596,0.0,3
0.0013212780909418248,False,372,time0,0.7923216492730584,2,,,time0,TIME0,0.8217850112192738,0.9421037845516458,0.0,2
0.002810382728504508,False,372,time0,0.7947145030211074,3,,,time0,TIME0,0.8186977118919998,0.9357360698578914,0.0,5
0.0,False,373,time1,0.0,novo,0.07184070014312172,True,time1,TIME1,0.0,,,10
3.7876970658837786e-05,False,373,time0,0.9960106878574686,0,,,time0,TIME0,0.9871230269748933,0.953452473336313,1.0,1
0.0004067433533351606,False,373,time1,0.9364084047250057,6,,,time1,TIME1,0.9714406998802686,0.9641991233680836,1.0,4
0.0009023546050244577,False,373,time1,0.9500616190882304,5,,,time1,TIME1,0.9706312576376345,0.9474071466158407,1.0,12
0.00039695766194298055,False,373,time0,0.961021627880561,1,,,time0,TIME0,0.8736926028674745,0.9477769783181276,0.0,9
0.0005724532946085096,False,373,time1,0.9735698440658731,7,,,time1,TIME1,0.869777642680836,0.91491096082529,0.0,8
0.0005659973971733566,False,373,time1,0.9193021964426037,8,,,time1,TIME1,0.8609250097126875,0.9430757348682526,0.0,6
0.0007957391019746366,False,373,time0,0.9282163300442902,4,,,time0,TIME0,0.8571268479112711,0.9180222639004096,0.0,7
0.0009016393800253159,False,373,goleiro_time1,0.8735993219853992,9,,,goleiro1,GOL-TIME1,0.8374946784604475,0.9057179536442596,0.0,3
0.0017093295071842214,False,373,time0,0.7858194507042905,2,,,time0,TIME0,0.819235784058571,0.9421037845516458,0.0,2
0.002374614369742409,False,373,time0,0.7888313035565018,3,,,time0,TIME0,0.8178451767962279,0.9357360698578914,0.0,5
0.0,False,374,time1,0.0,novo,0.07184070014312172,True,time1,TIME1,0.0,,,10
0.00016059459607094693,False,374,time0,0.9830673928027214,0,,,time0,TIME0,0.9830029759010114,0.953452473336313,1.0,1
0.0004939716321157928,False,374,time1,0.9505725753346177,6,,,time1,TIME1,0.9754717955163063,0.9641991233680836,1.0,4
0.002064548859240593,False,374,time1,0.9038659730304691,5,,,time1,TIME1,0.9553347237640312,0.9474071466158407,1.0,12
0.0,False,374,time0,1.0,2,,,time0,TIME0,0.8843604942011949,0.9421037845516458,0.0,2
0.00017210597450797782,False,374,time1,0.9878454566112341,7,,,time1,TIME1,0.8745213074345053,0.91491096082529,0.0,8
0.0005482991043445443,False,374,time0,0.9417145264404131,4,,,time0,TIME0,0.8613501203110231,0.9180222639004096,0.0,7
0.0012153271819825666,False,374,time1,0.8438619693674371,8,,,time1,TIME1,0.8373796572296996,0.9430757348682526,0.0,6
0.001116682850894382,False,374,goleiro_time1,0.8495432046988222,9,,,goleiro1,GOL-TIME1,0.8300415452832481,0.9057179536442596,0.0,3
0.0037921998557275565,False,374,time0,0.820277543381009,1,,,time0,TIME0,0.8268670714423391,0.9477769783181276,0.0,9
0.002453043574961107,False,374,time0,0.7562595610222349,3,,,time0,TIME0,0.8083049506510953,0.9357360698578914,0.0,5
0.0,False,375,time1,0.0,novo,0.07305337267198764,True,time1,TIME1,0.0,,,10
1.4495469319125347e-05,False,375,time0,0.9991306037000928,0,,,time0,TIME0,0.9876661584471066,0.9522043599463672,1.0,1
0.0005387042935070011,False,375,time1,0.957608274487826,5,,,time1,TIME1,0.972981655281399,0.9491997590645157,1.0,12
0.0009559308322690063,False,375,time1,0.8664294418743133,6,,,time1,TIME1,0.9494963124013921,0.9634803959681999,1.0,4
7.665357849385524e-05,False,375,time1,0.9964978887629953,7,,,time1,TIME1,0.8777432099240743,0.9159789980951147,0.0,8
0.00018095325650766428,False,375,time0,0.94300595380274,1,,,time0,TIME0,0.8664153842417943,0.9455300065931407,0.0,9
0.00045536941998485485,False,375,time0,0.9457098118304011,4,,,time0,TIME0,0.8628993779471493,0.918741013067443,0.0,7
0.0013836282792235113,False,375,goleiro_time1,0.828324060935014,9,,,goleiro1,GOL-TIME1,0.8238658182819265,0.908209165318193,0.0,3
0.0020946532466424037,False,375,time0,0.7814403092124013,3,,,time0,TIME0,0.8162241767481679,0.9357669105483077,0.0,5
0.002585376535626543,False,375,time1,0.7511948618348129,8,,,time1,TIME1,0.808423322873476,0.9455641009702594,0.0,6
0.002429104997283775,False,375,time0,0.738319006148016,2,,,time0,TIME0,0.803660417205564,0.9441168023364428,0.0,2
0.0,False,376,time1,0.0,novo,0.07305337267198764,True,time1,TIME1,0.0,,,10
0.00013434429633829537,False,376,time0,0.9830282423982201,0,,,time0,TIME0,0.9827430427651628,0.9522043599463672,1.0,1
0.0005532112156594047,False,376,time1,0.9584157437649354,5,,,time1,TIME1,0.9742804937918468,0.9491997590645157,1.0,12
0.0006792939479311489,False,376,time1,0.9102099259591381,6,,,time1,TIME1,0.9630478620275374,0.9634803959681999,1.0,4
8.97641174366633e-05,False,376,time1,0.9940896350025645,7,,,time1,TIME1,0.8770266826596285,0.9159789980951147,0.0,8
0.00037439763504601995,False,376,time0,0.9577806922430698,1,,,time0,TIME0,0.8732253166485342,0.9455300065931407,0.0,9
0.0006657019841316693,False,376,time0,0.9348513137661786,4,,,time0,TIME0,0.8593858502182068,0.918741013067443,0.0,7
0.0009052098229952123,False,376,time1,0.9073418243889632,8,,,time1,TIME1,0.856564444627986,0.9455641009702594,0.0,6
0.0004977011718084377,False,376,goleiro_time1,0.9338370580429322,9,,,goleiro1,GOL-TIME1,0.856146907736671,0.908209165318193,0.0,3
0.0016800465783712963,False,376,time0,0.8157928650584289,2,,,time0,TIME0,0.8286776900943769,0.9441168023364428,0.0,2
0.0021558993970157824,False,376,time0,0.7305865053579651,3,,,time0,TIME0,0.800124721196741,0.9357669105483077,0.0,5
0.0,False,377,time1,0.0,novo,0.07305337267198764,True,time1,TIME1,0.0,,,10
3.874264568184941e-05,False,377,time0,0.9958065378498031,0,,,time0,TIME0,0.9866885411996916,0.9522043599463672,1.0,1
0.0007971286109476465,False,377,time1,0.949135006989163,5,,,time1,TIME1,0.97112201157657,0.9491997590645157,1.0,12
0.0007196784390693822,False,377,time1,0.9045945769285302,6,,,time1,TIME1,0.9615617519929601,0.9634803959681999,1.0,4
7.34916262524285e-05,False,377,time1,0.9959314405337253,7,,,time1,TIME1,0.8775971589278126,0.9159789980951147,0.0,8
0.0002547542868219112,False,377,time0,0.9422864491602068,1,,,time0,TIME0,0.8685228331273045,0.9455300065931407,0.0,9
0.0007801775552455442,False,377,time0,0.9446015732314766,4,,,time0,TIME0,0.8620256664197903,0.918741013067443,0.0,7
0.0009590385959941749,False,377,time0,0.8883892831939281,2,,,time0,TIME0,0.8510700950414816,0.9441168023364428,0.0,2
0.0006690650331594112,False,377,goleiro_time1,0.9110801375989276,9,,,goleiro1,GOL-TIME1,0.8496481944194976,0.908209165318193,0.0,3
0.0018510315196259024,False,377,time1,0.8338083479713875,8,,,time1,TIME1,0.834203320309799,0.9455641009702594,0.0,6
0.0034616459747935234,False,377,time0,0.641165125648977,3,,,time0,TIME0,0.7722326473323295,0.9357669105483077,0.0,5
0.0,False,378,time1,0.0,novo,0.07521937677177004,True,time1,TIME1,0.0,,,10
3.3063441064975375e-06,False,378,time0,0.9988483291762615,0,,,time0,TIME0,0.9871851829206783,0.9502464482395043,1.0,1
0.0007516775791501502,False,378,time1,0.9573159681109374,5,,,time1,TIME1,0.9740005911634447,0.9502379402782424,1.0,12
0.0010679327943242806,False,378,time1,0.8470391740509619,6,,,time1,TIME1,0.9437700561469359,0.9634803959681999,1.0,4
1.935308296732755e-05,False,378,time1,0.9985862127955267,7,,,time1,TIME1,0.8786274781787057,0.9164365603175396,0.0,8
0.00046602108762351316,False,378,time0,0.9484088277342203,2,,,time0,TIME0,0.8696699155895669,0.9439485214102783,0.0,2
0.000186145334424721,False,378,goleiro_time1,0.9536176026690775,9,,,goleiro1,GOL-TIME1,0.8626221682462624,0.9083099567775079,0.0,3
0.0009969534351989267,False,378,time0,0.9004232969907193,1,,,time0,TIME0,0.8555053832618515,0.9474883202401385,0.0,9
0.0009155836801575405,False,378,time0,0.9232822684802003,4,,,time0,TIME0,0.8553984575194903,0.9175824961712981,0.0,7
0.0012777788350109042,False,378,time1,0.8874518675421784,8,,,time1,TIME1,0.8514803650561185,0.9474445445287899,0.0,6
0.0021918783903191828,False,378,time0,0.7787754310225279,3,,,time0,TIME0,0.8149534287062515,0.9374502836585736,0.0,5
0.0,False,379,time1,0.0,novo,0.07521937677177004,True,time1,TIME1,0.0,,,10
0.00012893392970191273,False,379,time0,0.9832882324474748,0,,,time0,TIME0,0.9823423349505273,0.9502464482395043,1.0,1
0.0016563409637522745,False,379,time1,0.8677606768578993,5,,,time1,TIME1,0.945549606614259,0.9502379402782424,1.0,12
0.001707823770343923,False,379,time1,0.7650004861681045,6,,,time1,TIME1,0.9183607790150113,0.9634803959681999,1.0,4
0.0001429944450183326,False,379,time1,0.993012002038233,7,,,time1,TIME1,0.8767976198854006,0.9164365603175396,0.0,8
0.0009141807271055995,False,379,time1,0.9195539597882019,8,,,time1,TIME1,0.8612182100203877,0.9474445445287899,0.0,6
0.0005743307982805367,False,379,goleiro_time1,0.9242401044401747,9,,,goleiro1,GOL-TIME1,0.8534250310364085,0.9083099567775079,0.0,3
0.0008709034760403507,False,379,time0,0.9127364201364064,4,,,time0,TIME0,0.8521670405005924,0.9175824961712981,0.0,7
0.0006986941089555357,False,379,time0,0.8892851143129987,2,,,time0,TIME0,0.8517345964299241,0.9439485214102783,0.0,2
0.001021104682985239,False,379,time0,0.8357996235567008,1,,,time0,TIME0,0.8355496900865418,0.9474883202401385,0.0,9
0.003851581084057493,False,379,time0,0.6675057126388741,3,,,time0,TIME0,0.7797734267791792,0.9374502836585736,0.0,5
0.0,False,380,time1,0.0,novo,0.07521937677177004,True,time1,TIME1,0.0,,,10
0.00010368364748761183,False,380,time0,0.9902232096127391,0,,,time0,TIME0,0.9844322608711672,0.9502464482395043,1.0,1
0.001325285644040293,False,380,time1,0.8980535827795079,5,,,time1,TIME1,0.9552056125178726,0.9502379402782424,1.0,12
0.0011962172101336011,False,380,time1,0.8019335804459361,6,,,time1,TIME1,0.9295102462431887,0.9634803959681999,1.0,4
2.1670292045899394e-05,False,380,time1,0.9976539647460126,7,,,time1,TIME1,0.8782809078646969,0.9164365603175396,0.0,8
0.0014516861638985475,False,380,time1,0.8983997193094134,8,,,time1,TIME1,0.8546017391127636,0.9474445445287899,0.0,6
0.0007407311056900978,False,380,goleiro_time1,0.8915568502326576,9,,,goleiro1,GOL-TIME1,0.8431772176063179,0.9083099567775079,0.0,3
0.001119723952281001,False,380,time0,0.8595535176100549,2,,,time0,TIME0,0.8425143895500582,0.9439485214102783,0.0,2
0.001180244122392093,False,380,time0,0.8792979402438309,4,,,time0,TIME0,0.8416980941338923,0.9175824961712981,0.0,7
0.0011981101364471193,False,380,time0,0.8260574812668937,1,,,time0,TIME0,0.8328389395737554,0.9474883202401385,0.0,9
0.003227858819810901,False,380,time0,0.745436005565055,3,,,time0,TIME0,0.8035202017757807,0.9374502836585736,0.0,5
0.0,False,381,time1,0.0,novo,0.07447467554158727,True,time1,TIME1,0.0,,,10
8.922300594277437e-05,False,381,time0,0.9924514201386182,0,,,time0,TIME0,0.9846041528378723,0.9483163858408448,1.0,1
0.0011008095029988317,False,381,time1,0.9181312669447615,5,,,time1,TIME1,0.9620400686587968,0.9518317278198191,1.0,12
0.001672624533618534,False,381,time1,0.7438613536354745,6,,,time1,TIME1,0.912043386228505,0.9634803959681999,1.0,4
5.862938089880037e-05,False,381,time1,0.9966521890665802,7,,,time1,TIME1,0.8781799492095747,0.9171409625866151,0.0,8
0.00019820539616235958,False,381,time1,0.9654211991118744,8,,,time1,TIME1,0.8752721965398206,0.9477101008468264,0.0,6
0.0005321180646047752,False,381,time0,0.9257675353556205,2,,,time0,TIME0,0.8628011043889414,0.9440027057616998,0.0,2
0.0010450011527927113,False,381,time0,0.8957438743016948,4,,,time0,TIME0,0.847151097431847,0.917996718908488,0.0,7
0.0011383669833658792,False,381,time0,0.8582339148265656,1,,,time0,TIME0,0.8425146769417423,0.9476812140726816,0.0,9
0.0010077683596149461,False,381,goleiro_time1,0.8617685428868576,9,,,goleiro1,GOL-TIME1,0.8345898731171869,0.9098152965828774,0.0,3
0.002571180805852118,False,381,time0,0.8000874083907638,3,,,time0,TIME0,0.8214601962789483,0.9375291241942081,0.0,5
0.0004080134636675491,True,381,excluido,0.9241903065197348,10,,,excluir,EXCLUÍDO,0.6266079796273585,0.0,0.0,18
0.0,False,382,time1,0.0,novo,0.07447467554158727,True,time1,TIME1,0.0,,,10
1.5091237018339071e-05,False,382,time0,0.9976439548407103,0,,,time0,TIME0,0.9862939992831744,0.9483163858408448,1.0,1
0.0007476377095298738,False,382,time1,0.9551415694904943,5,,,time1,TIME1,0.9733118107230246,0.9518317278198191,1.0,12
0.0017098447451677143,False,382,time1,0.7563935410244107,6,,,time1,TIME1,0.9162011167069205,0.9634803959681999,1.0,4
0.00011578104191047128,False,382,time1,0.9942571005554072,7,,,time1,TIME1,0.8774180168230926,0.9171409625866151,0.0,8
0.0009403139872529892,False,382,time1,0.9500037167565483,8,,,time1,TIME1,0.8703048939254338,0.9477101008468264,0.0,6
0.0007041071517246113,False,382,time0,0.9161261987510838,2,,,time0,TIME0,0.8600802103324945,0.9440027057616998,0.0,2
0.0015221220778408393,False,382,time0,0.8734734682541706,1,,,time0,TIME0,0.8457708925151781,0.9476812140726816,0.0,9
0.0015520468726410777,False,382,time0,0.8418700538258743,3,,,time0,TIME0,0.8344352317243984,0.9375291241942081,0.0,5
0.001881298250622354,False,382,time0,0.8298201081260949,4,,,time0,TIME0,0.8261576354563199,0.917996718908488,0.0,7
0.001973076563769423,False,382,goleiro_time1,0.7629577585112375,9,,,goleiro1,GOL-TIME1,0.8038892802172106,0.9098152965828774,0.0,3
1.408995753220194e-05,True,382,excluido,0.9936674981709186,10,,,excluir,EXCLUÍDO,0.6478125280901803,0.0,0.0,18
0.0,False,383,time1,0.0,novo,0.07447467554158727,True,time1,TIME1,0.0,,,10
1.136325813886731e-05,False,383,time0,0.997479644822006,0,,,time0,TIME0,0.9863095393655394,0.9483163858408448,1.0,1
0.0013898010900155085,False,383,time1,0.9401833417355202,5,,,time1,TIME1,0.9682597398075591,0.9518317278198191,1.0,12
0.0021550951874338277,False,383,time1,0.7369637882797779,6,,,time1,TIME1,0.9096736132320352,0.9634803959681999,1.0,4
4.5036801969294176e-05,False,383,time1,0.9964393390100874,7,,,time1,TIME1,0.8781108555605509,0.9171409625866151,0.0,8
0.0005486815757070446,False,383,time1,0.9662009033393434,8,,,time1,TIME1,0.8760196781723226,0.9477101008468264,0.0,6
0.0011984780476184751,False,383,time0,0.9136016506128777,2,,,time0,TIME0,0.8585500122152121,0.9440027057616998,0.0,2
0.0018418235938673388,False,383,time0,0.8508609120538966,3,,,time0,TIME0,0.837099599787201,0.9375291241942081,0.0,5
0.0013970104646592904,False,383,goleiro_time1,0.8436413726160187,9,,,goleiro1,GOL-TIME1,0.8285722504686152,0.9098152965828774,0.0,3
0.0022328910497039314,False,383,time0,0.8183653657732235,4,,,time0,TIME0,0.8227335184352876,0.917996718908488,0.0,7
0.006737007545043947,False,383,time0,0.648374029958135,1,,,time0,TIME0,0.7716980802732727,0.9476812140726816,0.0,9
3.214464686901204e-05,True,383,excluido,0.9935689299647609,10,,,excluir,EXCLUÍDO,0.6480280318232698,0.0,0.0,18
0.0,False,384,time1,0.0,novo,0.07168651520540448,True,time1,TIME1,0.0,,,10
0.00011818911742582894,False,384,time0,0.9870224427076398,0,,,time0,TIME0,0.9825414434225623,0.9464618391786135,1.0,1
0.0018671960713443406,False,384,time1,0.9193842720604515,5,,,time1,TIME1,0.9619104817012024,0.9524729551220635,1.0,12
0.0014396796374978606,False,384,time1,0.8439621436397942,6,,,time1,TIME1,0.9421145559189755,0.9629292550075566,1.0,4
0.0005456426558124787,False,384,time1,0.9580122221260904,8,,,time1,TIME1,0.8739213918592375,0.9487977885277887,0.0,6
0.00023826634158971,False,384,time1,0.9804316075787963,7,,,time1,TIME1,0.8730647988909148,0.9173112770294549,0.0,8
0.0008539945789404819,False,384,time0,0.8985588239464325,2,,,time0,TIME0,0.8543794640205435,0.9439240956576933,0.0,2
0.0007678489797389874,False,384,goleiro_time1,0.8991179865567722,9,,,goleiro1,GOL-TIME1,0.8459006529092981,0.9114785100486202,0.0,3
0.0018687003876781858,False,384,time0,0.8538163239378064,4,,,time0,TIME0,0.8343941272106652,0.9207885245437618,0.0,7
0.0014252136056383574,False,384,time0,0.8369134934394756,3,,,time0,TIME0,0.8335255108149622,0.9381221194559828,0.0,5
0.004595038040166365,False,384,time0,0.7480934297436007,1,,,time0,TIME0,0.8001587907420932,0.9501244149493027,0.0,9
6.226413507882001e-06,True,384,excluido,0.9984138323205269,10,,,excluir,EXCLUÍDO,0.6494991146982112,0.0,0.0,18
0.0,False,385,time1,0.0,novo,0.07168651520540448,True,time1,TIME1,0.0,,,10
3.891755822198212e-05,False,385,time0,0.9957600088027458,0,,,time0,TIME0,0.9852015230871924,0.9464618391786135,1.0,1
0.0008613732982464241,False,385,time1,0.9360999512846188,5,,,time1,TIME1,0.9673813200871303,0.9524729551220635,1.0,12
0.0017200190211733805,False,385,time1,0.8270053358123948,6,,,time1,TIME1,0.9370538555946194,0.9629292550075566,1.0,4
0.00016585031775034038,False,385,time1,0.9888922005603809,7,,,time1,TIME1,0.8756568706733905,0.9173112770294549,0.0,8
0.00039425136885412273,False,385,time1,0.945590492631349,8,,,time1,TIME1,0.8699827557059878,0.9487977885277887,0.0,6
0.001195552413113545,False,385,time0,0.9206559168275461,1,,,time0,TIME0,0.8599390699370394,0.9501244149493027,0.0,9
0.001044139311234659,False,385,goleiro_time1,0.9025093869319326,9,,,goleiro1,GOL-TIME1,0.8468529185647327,0.9114785100486202,0.0,3
0.0016620414561486117,False,385,time0,0.7978782962997866,2,,,time0,TIME0,0.8232644800327569,0.9439240956576933,0.0,2
0.002659137347851836,False,385,time0,0.8158995775925275,4,,,time0,TIME0,0.8220101857104726,0.9207885245437618,0.0,7
0.005200982260293277,False,385,time0,0.5968642210517436,3,,,time0,TIME0,0.7562302784311954,0.9381221194559828,0.0,5
0.0,True,385,excluido,1.0,10,,,excluir,EXCLUÍDO,0.6499957547180628,0.0,0.0,18
0.0,False,386,time1,0.0,novo,0.07168651520540448,True,time1,TIME1,0.0,,,10
6.361921262420861e-06,False,386,time0,0.9940298277837029,0,,,time0,TIME0,0.9847894267949238,0.9464618391786135,1.0,1
0.0010450685253844873,False,386,time1,0.8932221555067941,6,,,time1,TIME1,0.9572586577290708,0.9629292550075566,1.0,4
0.0014897662891755936,False,386,time1,0.8999179357720901,5,,,time1,TIME1,0.9563104102230119,0.9524729551220635,1.0,12
4.701757455799851e-06,False,386,time1,0.9946859139940553,7,,,time1,TIME1,0.8776191384123413,0.9173112770294549,0.0,8
0.0009860648473768387,False,386,time0,0.9194953584026728,1,,,time0,TIME0,0.8615949730220954,0.9501244149493027,0.0,9
0.0010413531907563737,False,386,time0,0.9224862327682996,4,,,time0,TIME0,0.8548753486234321,0.9207885245437618,0.0,7
0.0006550294654875742,False,386,time1,0.8940251007230774,8,,,time1,TIME1,0.8541411294813082,0.9487977885277887,0.0,6
0.001232431195790245,False,386,goleiro_time1,0.872890772117543,9,,,goleiro1,GOL-TIME1,0.8379902354977804,0.9114785100486202,0.0,3
0.0013930133624297273,False,386,time0,0.8292142716411067,2,,,time0,TIME0,0.8332925974732569,0.9439240956576933,0.0,2
0.003125208153201208,False,386,time0,0.7358648824098595,3,,,time0,TIME0,0.8008004538253123,0.9381221194559828,0.0,5
0.0,True,386,excluido,1.0,10,,,excluir,EXCLUÍDO,0.65,0.0,0.0,18
0.0,False,387,time1,0.0,novo,0.06713287270820256,True,time1,TIME1,0.0,,,10
3.103736843035811e-05,False,387,time0,0.9964286395540948,0,,,time0,TIME0,0.9850691050661194,0.9447585215020629,1.0,1
0.0010004694930646181,False,387,time1,0.9337722480878217,6,,,time1,TIME1,0.9689810083813075,0.9615911613444825,1.0,4
0.0013342604038110528,False,387,time1,0.8980607557252627,5,,,time1,TIME1,0.9560539413889484,0.9526382910780691,1.0,12
0.00016801561349314925,False,387,time1,0.985249158139729,7,,,time1,TIME1,0.8744232428167196,0.9164542041050368,0.0,8
0.0010879807062912862,False,387,time0,0.9147279704480801,4,,,time0,TIME0,0.8541466348007025,0.9237099419406615,0.0,7
0.0018786879685500145,False,387,time0,0.8819407774656767,1,,,time0,TIME0,0.8495209931818637,0.9532452165325404,0.0,9
0.0007647481156165912,False,387,goleiro_time1,0.9042691832686196,9,,,goleiro1,GOL-TIME1,0.8482648950095326,0.9125617649165025,0.0,3
0.001975467681988997,False,387,time1,0.8446423621430842,8,,,time1,TIME1,0.8372970696056924,0.9499736294224035,0.0,6
0.001409516907866726,False,387,time0,0.8239209733295935,2,,,time0,TIME0,0.830784219538195,0.9423439272269919,0.0,2
0.0018811074968986504,False,387,time0,0.8260982731560244,3,,,time0,TIME0,0.829466246774174,0.9387069919209472,0.0,5
0.0,True,387,excluido,1.0,10,,,excluir,EXCLUÍDO,0.65,0.0,0.0,18
0.0,False,388,time1,0.0,novo,0.06713287270820256,True,time1,TIME1,0.0,,,10
2.611086338995332e-05,False,388,time0,0.9957890408105211,0,,,time0,TIME0,0.9848858399175008,0.9447585215020629,1.0,1
0.0013571325870010847,False,388,time1,0.8966119025673798,5,,,time1,TIME1,0.9555980268937676,0.9526382910780691,1.0,12
0.0019743085487232575,False,388,time1,0.8708908438577329,6,,,time1,TIME1,0.94915045861177,0.9615911613444825,1.0,4
0.0003233294387753733,False,388,time1,0.9749532295985633,7,,,time1,TIME1,0.8711790776160254,0.9164542041050368,0.0,8
0.00021760231031485363,False,388,goleiro_time1,0.9582011862581215,9,,,goleiro1,GOL-TIME1,0.865001510396628,0.9125617649165025,0.0,3
0.0011428371142443287,False,388,time0,0.9160544727406793,4,,,time0,TIME0,0.8543030474484211,0.9237099419406615,0.0,7
0.00186734847139381,False,388,time0,0.8833983683820406,1,,,time0,TIME0,0.8492573351068647,0.9532452165325404,0.0,9
0.001458487954655033,False,388,time0,0.8038009705528684,2,,,time0,TIME0,0.8251538967674544,0.9423439272269919,0.0,2
0.0014214056336965513,False,388,time0,0.7851075063038694,3,,,time0,TIME0,0.8185726525936232,0.9387069919209472,0.0,5
0.0029450473490479803,False,388,time1,0.7369311272164766,8,,,time1,TIME1,0.8051586156111318,0.9499736294224035,0.0,6
0.0,True,388,excluido,1.0,10,,,excluir,EXCLUÍDO,0.65,0.0,0.0,18
0.0,False,389,time1,0.0,novo,0.06713287270820256,True,time1,TIME1,0.0,,,10
7.4985087443768854e-06,False,389,time0,0.9984245679731333,0,,,time0,TIME0,0.9856909233006682,0.9447585215020629,1.0,1
0.0012520716253347011,False,389,time1,0.8846124540164273,6,,,time1,TIME1,0.9540467016964155,0.9615911613444825,1.0,4
0.00188647315563104,False,389,time1,0.8697762347666343,5,,,time1,TIME1,0.9470108802934053,0.9526382910780691,1.0,12
5.1991525465169224e-05,False,389,time1,0.9958412005133456,7,,,time1,TIME1,0.8776309543339158,0.9164542041050368,0.0,8
0.0003483427310492312,False,389,goleiro_time1,0.9594862704146954,9,,,goleiro1,GOL-TIME1,0.8654562464768034,0.9125617649165025,0.0,3
0.0008467445169332929,False,389,time0,0.9342702725872162,4,,,time0,TIME0,0.8602104001717064,0.9237099419406615,0.0,7
0.0022965435380088817,False,389,time0,0.8566704327364811,1,,,time0,TIME0,0.8429312243781106,0.9532452165325404,0.0,9
0.0013646583287249242,False,389,time0,0.8245193956994924,2,,,time0,TIME0,0.8314563946979675,0.9423439272269919,0.0,2
0.001644389431244272,False,389,time1,0.8210621547628502,8,,,time1,TIME1,0.8314272440432646,0.9499736294224035,0.0,6
0.0029998334419315937,False,389,time0,0.7435676521628335,3,,,time0,TIME0,0.8031882867073432,0.9387069919209472,0.0,5
0.0,True,389,excluido,1.0,10,,,excluir,EXCLUÍDO,0.65,0.0,0.0,18
0.0,False,390,time1,0.0,novo,0.0680057600952031,True,time1,TIME1,0.0,,,10
4.209473889503314e-06,False,390,time0,0.9986876336796646,0,,,time0,TIME0,0.985345201956398,0.9429995672939415,1.0,1
0.0011271379813187776,False,390,time1,0.9132855976453895,5,,,time1,TIME1,0.9604908830536015,0.952192003733479,1.0,12
0.0002448625394032943,False,390,time1,0.9659867221704346,8,,,time1,TIME1,0.8762477050751117,0.9505501661256176,0.0,6
0.0003835163986584641,False,390,time1,0.9714958161196132,7,,,time1,TIME1,0.8701165028699323,0.9169984630558298,0.0,8
0.0006903845520638188,False,390,goleiro_time1,0.9250225933458043,9,,,goleiro1,GOL-TIME1,0.8551225317549787,0.914009079847274,0.0,3
0.0011252409964153936,False,390,time0,0.9077304311453771,4,,,time0,TIME0,0.8526081827371291,0.9266696386915455,0.0,7
0.004812361322427929,False,390,time1,0.5385734615086704,6,,,time1,TIME1,0.8439221378340833,0.9615911613444825,1.0,4
0.0011995617925774527,False,390,time0,0.8656123069583836,3,,,time0,TIME0,0.8420431293578237,0.9393975915206234,0.0,5
0.0016204621161538181,False,390,time0,0.8265902648397611,2,,,time0,TIME0,0.8311094524155992,0.9416353170515976,0.0,2
0.006833602795573519,False,390,time0,0.622468809812003,1,,,time0,TIME0,0.765702360676149,0.9534363791057237,0.0,9
0.0,False,391,time1,0.0,novo,0.0680057600952031,True,time1,TIME1,0.0,,,10
0.0008948342409321908,False,391,time1,0.9355332968375782,5,,,time1,TIME1,0.967527290606075,0.952192003733479,1.0,12
0.0007098249438602526,False,391,time0,0.9233589211387945,0,,,time0,TIME0,0.9616311532100594,0.9429995672939415,1.0,1
0.0006694475045219117,False,391,time1,0.8965737521113345,6,,,time1,TIME1,0.9558197319582646,0.9615911613444825,1.0,4
0.00036507244140651467,False,391,goleiro_time1,0.9493243873513896,9,,,goleiro1,GOL-TIME1,0.8625836336658601,0.914009079847274,0.0,3
0.0006665707252924937,False,391,time1,0.9408520504223553,7,,,time1,TIME1,0.8606117088218137,0.9169984630558298,0.0,8
0.0005645041404968963,False,391,time0,0.9149879505688219,2,,,time0,TIME0,0.8586374589826263,0.9416353170515976,0.0,2
0.001592973895779653,False,391,time1,0.9034042345821869,8,,,time1,TIME1,0.856216676981269,0.9505501661256176,0.0,6
0.0014380181522714532,False,391,time0,0.9116204442146818,4,,,time0,TIME0,0.8533247362327112,0.9266696386915455,0.0,7
0.002538770936476907,False,391,time0,0.7330431126742191,3,,,time0,TIME0,0.8014562932514446,0.9393975915206234,0.0,5
0.004499237867391551,False,391,time0,0.7278706100684702,1,,,time0,TIME0,0.8004374892277191,0.9534363791057237,0.0,9
0.0,False,392,time1,0.0,novo,0.0680057600952031,True,time1,TIME1,0.0,,,10
0.0005453160407930097,False,392,time1,0.9626200698670586,5,,,time1,TIME1,0.9760196093971024,0.952192003733479,1.0,12
0.0003292996498344953,False,392,time0,0.9692713139162399,0,,,time0,TIME0,0.9755510083311667,0.9429995672939415,1.0,1
0.0012109778956173785,False,392,time1,0.8201989176656644,6,,,time1,TIME1,0.9348118798890923,0.9615911613444825,1.0,4
5.243560812429995e-05,False,392,time0,0.9678027827011745,2,,,time0,TIME0,0.8752817754583622,0.9416353170515976,0.0,2
0.0003774774705996728,False,392,time1,0.9759959560030546,7,,,time1,TIME1,0.8713922634163483,0.9169984630558298,0.0,8
0.0003154539480698286,False,392,goleiro_time1,0.9627614816745986,9,,,goleiro1,GOL-TIME1,0.866874330957109,0.914009079847274,0.0,3
0.0011135016266926384,False,392,time0,0.9258719719102346,4,,,time0,TIME0,0.8581839751320061,0.9266696386915455,0.0,7
0.0016877010788586356,False,392,time1,0.8320482261006766,8,,,time1,TIME1,0.8350978805059724,0.9505501661256176,0.0,6
0.0011569549190933262,False,392,time0,0.8288389543777036,3,,,time0,TIME0,0.8312356345824137,0.9393975915206234,0.0,5
0.0025489508945083857,False,392,time0,0.8158013495027294,1,,,time0,TIME0,0.8294450558845351,0.9534363791057237,0.0,9
0.0003227806666931123,True,392,excluido,0.9371468401242209,10,,,excluir,EXCLUÍDO,0.6306305373402545,0.0,0.0,19
0.0,False,393,time1,0.0,novo,0.07264386432951331,True,time1,TIME1,0.0,,,10
1.843796449035031e-05,False,393,time0,0.9981113710922852,0,,,time0,TIME0,0.9852745968582092,0.9443789347728762,1.0,1
0.0002032999918240715,False,393,time1,0.9736817921521559,5,,,time1,TIME1,0.9797785136177625,0.9527592688385916,1.0,12
0.0007453732700464938,False,393,time1,0.8815680299553981,6,,,time1,TIME1,0.9537961900761422,0.9615911613444825,1.0,4
7.431672488909978e-05,False,393,time0,0.9812662040308937,2,,,time0,TIME0,0.879725071510905,0.9419931077134861,0.0,2
0.0005252034450500139,False,393,time1,0.9585872098050672,7,,,time1,TIME1,0.8668426857659228,0.919608774926872,0.0,8
0.00016128666174166566,False,393,goleiro_time1,0.9617146048961911,9,,,goleiro1,GOL-TIME1,0.8667555445258303,0.9145710673938742,0.0,3
0.0005140042736384277,False,393,time0,0.9079417824616298,1,,,time0,TIME0,0.8582482310782917,0.9536577909815809,0.0,9
0.00138203447098312,False,393,time0,0.8882273748158914,4,,,time0,TIME0,0.8472304861392732,0.9292492502731224,0.0,7
0.0009868870162189505,False,393,time1,0.8704826777752369,8,,,time1,TIME1,0.8463138506391229,0.9506409451420733,0.0,6
0.0015485748504754327,False,393,time0,0.8472595966153239,3,,,time0,TIME0,0.8367526534230796,0.937955258112283,0.0,5
1.4638460098729706e-05,True,393,excluido,0.99689489252232,10,,,excluir,EXCLUÍDO,0.6488430558590463,0.0,0.0,19
0.0,False,394,time1,0.0,novo,0.07264386432951331,True,time1,TIME1,0.0,,,10
1.5650043012811897e-05,False,394,time0,0.9992199597037684,0,,,time0,TIME0,0.9858235905846365,0.9443789347728762,1.0,1
0.0003568189691535089,False,394,time1,0.9637946520850399,5,,,time1,TIME1,0.976680797959924,0.9527592688385916,1.0,12
0.0024871485143938667,False,394,time1,0.6880974932145738,6,,,time1,TIME1,0.8933153831285195,0.9615911613444825,1.0,4
6.314711142652226e-05,False,394,time0,0.9635994721688406,2,,,time0,TIME0,0.8744786857849904,0.9419931077134861,0.0,2
0.0002616297917168386,False,394,goleiro_time1,0.9667632368488769,9,,,goleiro1,GOL-TIME1,0.8681466941301555,0.9145710673938742,0.0,3
0.0006492557155441549,False,394,time1,0.9130713579895576,8,,,time1,TIME1,0.8600414811910384,0.9506409451420733,0.0,6
0.0008568579140909685,False,394,time1,0.9333743374744222,7,,,time1,TIME1,0.8589024947285415,0.919608774926872,0.0,8
0.0010750003212522446,False,394,time0,0.9032040859054389,4,,,time0,TIME0,0.85202273995994,0.9292492502731224,0.0,7
0.0018420204354758414,False,394,time0,0.8194781624699784,3,,,time0,TIME0,0.8284137015183421,0.937955258112283,0.0,5
0.0035014696702770176,False,394,time0,0.7755108458182666,1,,,time0,TIME0,0.8151528543940412,0.9536577909815809,0.0,9
3.319585652282138e-05,True,394,excluido,0.9934470695934822,10,,,excluir,EXCLUÍDO,0.6479905218522175,0.0,0.0,19
0.0,False,395,time1,0.0,novo,0.07264386432951331,True,time1,TIME1,0.0,,,10
0.00011640141005458783,False,395,time0,0.9952191237722755,0,,,time0,TIME0,0.9844647096862374,0.9443789347728762,1.0,1
0.0009233275710866792,False,395,time1,0.943738730221493,5,,,time1,TIME1,0.9700771826627669,0.9527592688385916,1.0,12
0.002426794239143549,False,395,time1,0.7288262185366233,6,,,time1,TIME1,0.9062962275386494,0.9615911613444825,1.0,4
0.0002795377360784183,False,395,goleiro_time1,0.9684348728770957,9,,,goleiro1,GOL-TIME1,0.8687610460096045,0.9145710673938742,0.0,3
0.0005535404180299134,False,395,time0,0.9242452809989224,2,,,time0,TIME0,0.8618840118687019,0.9419931077134861,0.0,2
0.0008487486993415136,False,395,time1,0.9358302954297646,7,,,time1,TIME1,0.8593021031800532,0.919608774926872,0.0,8
0.000811561007243635,False,395,time0,0.911427008452368,4,,,time0,TIME0,0.8545661215523115,0.9292492502731224,0.0,7
0.002056276235516657,False,395,time0,0.8873405877607634,1,,,time0,TIME0,0.8516559893965775,0.9536577909815809,0.0,9
0.0009974239272291466,False,395,time1,0.876088945207902,8,,,time1,TIME1,0.84931203388045,0.9506409451420733,0.0,6
0.0014279199748257752,False,395,time0,0.8614225754310605,3,,,time0,TIME0,0.8410908971197126,0.937955258112283,0.0,5
6.635717698250149e-05,True,395,excluido,0.9865574237461139,10,,,excluir,EXCLUÍDO,0.6458392899149111,0.0,0.0,19
0.0,False,396,time1,0.0,novo,0.07385233139195913,True,time1,TIME1,0.0,,,10
3.556914548394448e-05,False,396,time0,0.9959083645971305,0,,,time0,TIME0,0.9850081696866304,0.9454018866078839,1.0,1
0.000976265889469034,False,396,time1,0.9466860661329243,5,,,time1,TIME1,0.9714386585510858,0.95372552894017,1.0,12
0.0016656603992674071,False,396,time1,0.8256557465263648,6,,,time1,TIME1,0.9358235504671853,0.9606771466183675,1.0,4
0.0003896517182265736,False,396,time0,0.9481866240267655,2,,,time0,TIME0,0.8694100219777439,0.9417766703960714,0.0,2
9.161777055168079e-05,False,396,goleiro_time1,0.9574201283593098,9,,,goleiro1,GOL-TIME1,0.8660053114563834,0.916454157029673,0.0,3
0.0007901996341312341,False,396,time1,0.9430888251983949,7,,,time1,TIME1,0.8622792135493759,0.9205080199629744,0.0,8
0.0007433214499397205,False,396,time0,0.9296590338392948,3,,,time0,TIME0,0.8621335991812074,0.9376952283773099,0.0,5
0.0016999725297128278,False,396,time0,0.911964688515477,1,,,time0,TIME0,0.860476773780814,0.9547141195023539,0.0,9
0.0012518350095455115,False,396,time0,0.8777905490126969,4,,,time0,TIME0,0.844351808538583,0.9299628687647884,0.0,7
0.0059898045104887256,False,396,time1,0.6583465425630296,8,,,time1,TIME1,0.7764115913147585,0.9512168245277142,0.0,6
3.780040916594307e-05,True,396,excluido,0.9939753455686369,10,,,excluir,EXCLUÍDO,0.6480919794916269,0.0,0.0,19
0.0,False,397,time1,0.0,novo,0.07385233139195913,True,time1,TIME1,0.0,,,10
2.1786053809508e-05,False,397,time0,0.9975860710803303,0,,,time0,TIME0,0.985567744108889,0.9454018866078839,1.0,1
0.0009128168379811188,False,397,time1,0.9462223519368705,5,,,time1,TIME1,0.9702206564853045,0.95372552894017,1.0,12
0.0014542012720385284,False,397,time1,0.8426955350335504,6,,,time1,TIME1,0.9414939592063275,0.9606771466183675,1.0,4
0.0003033429129800913,False,397,time0,0.9514042222503795,2,,,time0,TIME0,0.8704847903291913,0.9417766703960714,0.0,2
0.0012735602352394021,False,397,time0,0.9307548684935665,1,,,time0,TIME0,0.8664111752068279,0.9547141195023539,0.0,9
0.0005560779498789041,False,397,goleiro_time1,0.9423397179386569,9,,,goleiro1,GOL-TIME1,0.8608701872327655,0.916454157029673,0.0,3
0.0009024164985199147,False,397,time1,0.9305684822082814,7,,,time1,TIME1,0.8582991310693935,0.9205080199629744,0.0,8
0.0016670871965348113,False,397,time0,0.8520201695254567,3,,,time0,TIME0,0.8373848601085814,0.9376952283773099,0.0,5
0.001928622220178278,False,397,time0,0.8209436172529041,4,,,time0,TIME0,0.8265295281719189,0.9299628687647884,0.0,7
0.00530405583196701,False,397,time1,0.6978902384956727,8,,,time1,TIME1,0.7846904307081103,0.9512168245277142,0.0,6
1.2602681726940625e-05,True,397,excluido,0.9983250238231495,10,,,excluir,EXCLUÍDO,0.6494688364217509,0.0,0.0,19
0.0,False,398,time1,0.0,novo,0.07385233139195913,True,time1,TIME1,0.0,,,10
4.127094106812165e-05,False,398,time0,0.9955360303906589,0,,,time0,TIME0,0.984931187869271,0.9454018866078839,1.0,1
0.0010508970662910981,False,398,time1,0.9590143807641388,5,,,time1,TIME1,0.973847701801608,0.95372552894017,1.0,12
0.0010706573257013487,False,398,time1,0.871518503951909,6,,,time1,TIME1,0.950163828182161,0.9606771466183675,1.0,4
0.00024263609846753497,False,398,time1,0.9609976144855412,8,,,time1,TIME1,0.8722083200092352,0.9512168245277142,0.0,6
0.0009487293718754631,False,398,time0,0.9351857488560683,1,,,time0,TIME0,0.8681467142154025,0.9547141195023539,0.0,9
0.0004327122913253494,False,398,time0,0.9371451595690605,2,,,time0,TIME0,0.8660166878101624,0.9417766703960714,0.0,2
1.272965296697415e-05,False,398,goleiro_time1,0.9484836568995887,9,,,goleiro1,GOL-TIME1,0.8632695562199426,0.916454157029673,0.0,3
0.000895185511885096,False,398,time1,0.9263459267204762,7,,,time1,TIME1,0.8568475237419407,0.9205080199629744,0.0,8
0.001760517051363116,False,398,time0,0.8395536085349351,3,,,time0,TIME0,0.8339769155014549,0.9376952283773099,0.0,5
0.0032536288361652813,False,398,time0,0.7506157605526624,4,,,time0,TIME0,0.8038135717213223,0.9299628687647884,0.0,7
0.0,True,398,excluido,1.0,10,,,excluir,EXCLUÍDO,0.6499914072624589,0.0,0.0,19
0.0,False,399,time1,0.0,novo,0.07666509352852813,True,time1,TIME1,0.0,,,10
0.00011116301348068503,False,399,time0,0.9867092618630033,0,,,time0,TIME0,0.9824855477945819,0.9465152957950415,1.0,1
0.0008484930589123268,False,399,time1,0.9653379441180918,5,,,time1,TIME1,0.9768839463992438,0.9527744941984143,1.0,12
0.00178500090058895,False,399,time1,0.8148584130450426,6,,,time1,TIME1,0.9326349219038149,0.9613292375711822,1.0,4
0.0,False,399,time1,1.0,8,,,time1,TIME1,0.887878226301293,0.9521746400191746,0.0,6
2.660831492043572e-05,False,399,time0,0.9474377724170944,2,,,time0,TIME0,0.8692529313000423,0.9413004998958818,0.0,2
0.00023037700094624743,False,399,goleiro_time1,0.9572258386544485,9,,,goleiro1,GOL-TIME1,0.866384455364487,0.9183450548743248,0.0,3
0.0003969380538806903,False,399,time1,0.9509939230246277,7,,,time1,TIME1,0.8646332560482008,0.920401183051915,0.0,8
0.0013849433638048528,False,399,time0,0.8897728429317727,4,,,time0,TIME0,0.8471987028555777,0.9312000187279463,0.0,7
0.001957543934493126,False,399,time0,0.8379013048946562,1,,,time0,TIME0,0.8380371836891072,0.9565543466059914,0.0,9
0.00207890693260966,False,399,time0,0.8222574592525177,3,,,time0,TIME0,0.8288548077604543,0.9373510293397865,0.0,5
2.3669930735934114e-05,True,399,excluido,0.9943280106146635,10,,,excluir,EXCLUÍDO,0.6482607464764101,0.0,0.0,19
0.0,False,400,time1,0.0,novo,0.07666509352852813,True,time1,TIME1,0.0,,,10
6.764911491851328e-06,False,400,time0,0.9975426549616447,0,,,time0,TIME0,0.9858056927047706,0.9465152957950415,1.0,1
0.002412242368108379,False,400,time1,0.9092632354954112,5,,,time1,TIME1,0.9577122200456607,0.9527744941984143,1.0,12
0.0012450268265099867,False,400,time1,0.8643038700724744,6,,,time1,TIME1,0.9481163712140043,0.9613292375711822,1.0,4
0.00028815922096752663,False,400,time0,0.9610776467243806,2,,,time0,TIME0,0.873172084015623,0.9413004998958818,0.0,2
0.0003614255193838303,False,400,time1,0.963618105732957,7,,,time1,TIME1,0.8685958430152102,0.920401183051915,0.0,8
0.00018940804750111867,False,400,goleiro_time1,0.9377671255438386,9,,,goleiro1,GOL-TIME1,0.8605441488048247,0.9183450548743248,0.0,3
0.0019453062713995686,False,400,time0,0.8570704118993258,4,,,time0,TIME0,0.8377705611892496,0.9312000187279463,0.0,7
0.002539749056634621,False,400,time0,0.8259249100724574,3,,,time0,TIME0,0.8291106352479845,0.9373510293397865,0.0,5
0.0023257083618567053,False,400,time1,0.7964254689063628,8,,,time1,TIME1,0.8232713101010214,0.9521746400191746,0.0,6
0.002706655318003357,False,400,time0,0.7906354336587856,1,,,time0,TIME0,0.8207112336399591,0.9565543466059914,0.0,9
1.9764294219316732e-05,True,400,excluido,0.996226258085602,10,,,excluir,EXCLUÍDO,0.6488460062401381,0.0,0.0,19
0.0,False,401,time1,0.0,novo,0.07666509352852813,True,time1,TIME1,0.0,,,10
6.069566607351803e-05,False,401,time0,0.9893847673733169,0,,,time0,TIME0,0.9833461241971294,0.9465152957950415,1.0,1
0.0009053500472750837,False,401,time1,0.9502621005661195,5,,,time1,TIME1,0.9702063018176724,0.9527744941984143,1.0,12
0.0013956050764534296,False,401,time1,0.8277381884086817,6,,,time1,TIME1,0.9372310518084729,0.9613292375711822,1.0,4
0.0005991117870169375,False,401,time0,0.9476098032365959,1,,,time0,TIME0,0.8706569323828695,0.9565543466059914,0.0,9
0.00040931244072035984,False,401,time1,0.9571892026014858,7,,,time1,TIME1,0.8668395712923305,0.920401183051915,0.0,8
0.0005319791593666102,False,401,time0,0.9328910809083526,2,,,time0,TIME0,0.8641513103953851,0.9413004998958818,0.0,2
0.0003835077995211854,False,401,goleiro_time1,0.9454958177974476,9,,,goleiro1,GOL-TIME1,0.862744407735222,0.9183450548743248,0.0,3
0.0006744773149428869,False,401,time0,0.9243708118830954,3,,,time0,TIME0,0.8596337075484523,0.9373510293397865,0.0,5
0.0013927213468888661,False,401,time0,0.8915430717281312,4,,,time0,TIME0,0.8484246993704062,0.9312000187279463,0.0,7
0.0020305549222406696,False,401,time1,0.8154894570583975,8,,,time1,TIME1,0.8297718334299589,0.9521746400191746,0.0,6
0.0,True,401,excluido,1.0,10,,,excluir,EXCLUÍDO,0.6499865243448505,0.0,0.0,19
0.0,False,402,time1,0.0,novo,0.0751031310505218,True,time1,TIME1,0.0,,,10
5.625610144999728e-05,False,402,time0,0.9904876755999662,0,,,time0,TIME0,0.9839953145729369,0.9478752080293316,1.0,1
0.0006532779810308875,False,402,time1,0.9674341225978865,5,,,time1,TIME1,0.9768971039590614,0.9532696273095096,1.0,12
0.0008111839642450804,False,402,time1,0.8847525194512051,6,,,time1,TIME1,0.9544690247487821,0.9607793076075418,1.0,4
0.0,False,402,goleiro_time1,1.0,9,,,goleiro1,GOL-TIME1,0.8795928381300115,0.9194172828823768,0.0,3
0.0004363902361943223,False,402,time1,0.9583786474974089,7,,,time1,TIME1,0.8670520343250442,0.9201047674014543,0.0,8
0.00042473467635230057,False,402,time0,0.9206124389362838,2,,,time0,TIME0,0.8606993534096096,0.9408322589319993,0.0,2
0.0006757883409343624,False,402,time0,0.9220199100179434,3,,,time0,TIME0,0.8603328176392606,0.9379368894196383,0.0,5
0.0012000937722441431,False,402,time0,0.8756829853772881,1,,,time0,TIME0,0.8501712241058692,0.9588642263175429,0.0,9
0.0014737695601481158,False,402,time0,0.8882147797181204,4,,,time0,TIME0,0.8477900696353176,0.9313531286150825,0.0,7
0.0014213564232944257,False,402,time1,0.8633502648013068,8,,,time1,TIME1,0.8451845381368361,0.9516495783152281,0.0,6
0.0,True,402,excluido,1.0,10,,,excluir,EXCLUÍDO,0.65,0.0,0.0,19
0.0,False,403,time1,0.0,novo,0.0751031310505218,True,time1,TIME1,0.0,,,10
2.414512026684665e-05,False,403,time0,0.9973178239178866,0,,,time0,TIME0,0.9861202915648127,0.9478752080293316,1.0,1
0.002128207029571356,False,403,time1,0.910586955809096,5,,,time1,TIME1,0.9585525099625661,0.9532696273095096,1.0,12
0.0012652457065750993,False,403,time1,0.81707682790647,6,,,time1,TIME1,0.9334513488882581,0.9607793076075418,1.0,4
0.0,False,403,time1,1.0,8,,,time1,TIME1,0.8869432879265609,0.9516495783152281,0.0,6
0.0,False,403,goleiro_time1,1.0,9,,,goleiro1,GOL-TIME1,0.8798543207205942,0.9194172828823768,0.0,3
0.00033294040787382065,False,403,time0,0.9471920345913992,1,,,time0,TIME0,0.8728777720894723,0.9588642263175429,0.0,9
0.0004595515939123091,False,403,time1,0.9657377492477489,7,,,time1,TIME1,0.8691624119018203,0.9201047674014543,0.0,8
0.0004919880470511422,False,403,time0,0.9448204767551427,2,,,time0,TIME0,0.8680597566345972,0.9408322589319993,0.0,2
0.0005440858314722416,False,403,time0,0.9196334735160357,3,,,time0,TIME0,0.8594690742870279,0.9379368894196383,0.0,5
0.0009216884081045349,False,403,time0,0.9261014249290621,4,,,time0,TIME0,0.8594463638180565,0.9313531286150825,0.0,7
0.0,True,403,excluido,1.0,10,,,excluir,EXCLUÍDO,0.65,0.0,0.0,19
0.0,False,404,time1,0.0,novo,0.0751031310505218,True,time1,TIME1,0.0,,,10
3.7431860669147226e-05,False,404,time0,0.9866386823654945,0,,,time0,TIME0,0.9828896392012577,0.9478752080293316,1.0,1
0.00037235375455567214,False,404,time1,0.8841570764803377,5,,,time1,TIME1,0.9520284599990486,0.9532696273095096,1.0,12
0.0,False,404,time1,1.0,8,,,time1,TIME1,0.887912394578807,0.9516495783152281,0.0,6
0.0028934547576004556,False,404,time1,0.6565201751218356,6,,,time1,TIME1,0.8832088017715835,0.9607793076075418,1.0,4
0.0,False,404,goleiro_time1,1.0,9,,,goleiro1,GOL-TIME1,0.8798543207205942,0.9194172828823768,0.0,3
0.00035618385057184797,False,404,time1,0.9532597508149874,7,,,time1,TIME1,0.8655023933796896,0.9201047674014543,0.0,8
0.0011032164497188828,False,404,time0,0.8982433546086801,1,,,time0,TIME0,0.8574673877409809,0.9588642263175429,0.0,9
0.001806053009153559,False,404,time0,0.8592359017499546,4,,,time0,TIME0,0.8383635025182983,0.9313531286150825,0.0,7
0.0007515386231796119,False,404,time0,0.8433639923899734,2,,,time0,TIME0,0.8367346107074302,0.9408322589319993,0.0,2
0.006857215671414101,False,404,time0,0.5206292868053921,3,,,time0,TIME0,0.7300952391009462,0.9379368894196383,0.0,5
0.0,True,404,excluido,1.0,10,,,excluir,EXCLUÍDO,0.65,0.0,0.0,19
0.0,False,405,time1,0.0,novo,0.07227816376072571,True,time1,TIME1,0.0,,,10
0.00011165846583858107,False,405,time0,0.9927324532665829,0,,,time0,TIME0,0.9848938946238902,0.9489547472884545,1.0,1
0.0006163423273636894,False,405,time1,0.975715221623977,5,,,time1,TIME1,0.9803649208935957,0.9535180587566011,1.0,12
0.0019047477682208292,False,405,time1,0.7822415718685638,6,,,time1,TIME1,0.9223470265173833,0.9604636886497445,1.0,4
0.0,False,405,time1,1.0,8,,,time1,TIME1,0.8877723954209411,0.9510895816837643,0.0,6
0.00012111021138334657,False,405,time0,0.9815948419250782,1,,,time0,TIME0,0.8833250111113784,0.9586225391666885,0.0,9
0.0,False,405,goleiro_time1,1.0,9,,,goleiro1,GOL-TIME1,0.8797318307533507,0.9189273230134026,0.0,3
0.0003335146222413044,False,405,time0,0.9574573228692651,2,,,time0,TIME0,0.8714048902383649,0.9400152510304205,0.0,2
0.00021957138592073312,False,405,time0,0.961528834484839,3,,,time0,TIME0,0.8676999886374326,0.936934906862793,0.0,5
0.0007593446105337009,False,405,time1,0.9272297776370477,7,,,time1,TIME1,0.8572648770740345,0.9202722394951481,0.0,8
0.0016989096864916601,False,405,time0,0.8758938181475652,4,,,time0,TIME0,0.8438028663832666,0.9326223789417887,0.0,7
4.625034570542486e-05,True,405,excluido,0.9762896627100113,10,,,excluir,EXCLUÍDO,0.642813318717563,0.0,0.0,19
0.0,False,406,time1,0.0,novo,0.07227816376072571,True,time1,TIME1,0.0,,,10
2.60005363318372e-05,False,406,time0,0.9954627481019672,0,,,time0,TIME0,0.985777887230772,0.9489547472884545,1.0,1
0.0005979665544214894,False,406,time1,0.9656456861961777,5,,,time1,TIME1,0.9767220899466694,0.9535180587566011,1.0,12
0.0020222364364512473,False,406,time1,0.7925573464490334,6,,,time1,TIME1,0.925782763727839,0.9604636886497445,1.0,4
0.0,False,406,time1,1.0,8,,,time1,TIME1,0.8877723954209411,0.9510895816837643,0.0,6
0.0,False,406,goleiro_time1,1.0,9,,,goleiro1,GOL-TIME1,0.8797318307533507,0.9189273230134026,0.0,3
0.0004750479495416783,False,406,time0,0.9420838999377972,2,,,time0,TIME0,0.8670533577808803,0.9400152510304205,0.0,2
0.000282823418236839,False,406,time1,0.9503827659565552,7,,,time1,TIME1,0.8642275700613424,0.9202722394951481,0.0,8
0.000682951802780285,False,406,time0,0.9167515104838296,4,,,time0,TIME0,0.8566840642425699,0.9326223789417887,0.0,7
0.0013055028594562857,False,406,time0,0.884647824283475,3,,,time0,TIME0,0.8476790020313023,0.936934906862793,0.0,5
0.001406894652954282,False,406,time0,0.8585720825028812,1,,,time0,TIME0,0.8450534191536299,0.9586225391666885,0.0,9
0.0,True,406,excluido,1.0,10,,,excluir,EXCLUÍDO,0.6499684656733826,0.0,0.0,19
0.0,False,407,time1,0.0,novo,0.07227816376072571,True,time1,TIME1,0.0,,,10
1.1062810719020847e-05,False,407,time0,0.9994540304011726,0,,,time0,TIME0,0.9870481818982523,0.9489547472884545,1.0,1
0.0010850537527446495,False,407,time1,0.9602791529249823,5,,,time1,TIME1,0.9750811384923832,0.9535180587566011,1.0,12
0.0017734095679315582,False,407,time1,0.8304545112026567,6,,,time1,TIME1,0.9374366315808096,0.9604636886497445,1.0,4
0.0,False,407,time1,1.0,8,,,time1,TIME1,0.8877723954209411,0.9510895816837643,0.0,6
0.0,False,407,goleiro_time1,1.0,9,,,goleiro1,GOL-TIME1,0.8797318307533507,0.9189273230134026,0.0,3
0.00021591383546583703,False,407,time0,0.9730413723537754,2,,,time0,TIME0,0.8765215303926639,0.9400152510304205,0.0,2
0.0003937558403976667,False,407,time1,0.9478636386719363,7,,,time1,TIME1,0.8636623178364999,0.9202722394951481,0.0,8
0.0008870671145760692,False,407,time0,0.8986576657177447,3,,,time0,TIME0,0.8527065952385855,0.936934906862793,0.0,5
0.0015687466508980993,False,407,time0,0.9031904809408542,4,,,time0,TIME0,0.8517272667117164,0.9326223789417887,0.0,7
0.0023822792196339067,False,407,time0,0.7015573753429153,1,,,time0,TIME0,0.7953764126990144,0.9586225391666885,0.0,9
0.0,True,407,excluido,1.0,10,,,excluir,EXCLUÍDO,0.65,0.0,0.0,19
0.0,False,408,time1,0.0,novo,0.07031730154556715,True,time1,TIME1,0.0,,,10
1.3311584996750035e-05,False,408,time0,0.998433735909069,0,,,time0,TIME0,0.9868412040549414,0.9493334452099326,1.0,1
0.0007005248373793568,False,408,time1,0.9710135458929005,5,,,time1,TIME1,0.977635725552941,0.9527431851245225,1.0,12
0.0014700026814287036,False,408,time1,0.8565136279202069,6,,,time1,TIME1,0.9445082707949172,0.958567779929596,1.0,4
0.0,False,408,time1,1.0,8,,,time1,TIME1,0.8874655319011385,0.949862127604554,0.0,6
0.0,False,408,goleiro_time1,1.0,9,,,goleiro1,GOL-TIME1,0.879080667294194,0.9163226691767761,0.0,3
0.0001616286867195323,False,408,time1,0.9845741248852414,7,,,time1,TIME1,0.8748352907917574,0.9199545585661535,0.0,8
0.00024171127266799927,False,408,time0,0.9536573664648064,2,,,time0,TIME0,0.8708392677833487,0.9405222664499793,0.0,2
0.00028851394172181794,False,408,time0,0.952748596240466,3,,,time0,TIME0,0.86939298093092,0.9369948190861144,0.0,5
0.0008460960557374474,False,408,time0,0.9288697677557889,1,,,time0,TIME0,0.8655387592178745,0.9593912919970324,0.0,9
0.0011748201214303792,False,408,time0,0.9221853353002413,4,,,time0,TIME0,0.8585770655162793,0.9330392582673981,0.0,7
0.0,True,408,excluido,1.0,10,,,excluir,EXCLUÍDO,0.65,0.0,0.0,19
0.0,False,409,time1,0.0,novo,0.07031730154556715,True,time1,TIME1,0.0,,,10
1.4624283571158584e-05,False,409,time0,0.9981678346856413,0,,,time0,TIME0,0.98676659148923,0.9493334452099326,1.0,1
0.000381219693385649,False,409,time1,0.9848036534519017,5,,,time1,TIME1,0.9830603442449816,0.9527431851245225,1.0,12
0.0004962757950474867,False,409,time1,0.8781759673029794,6,,,time1,TIME1,0.9519715540265352,0.958567779929596,1.0,4
0.0,False,409,time1,1.0,8,,,time1,TIME1,0.8874655319011385,0.949862127604554,0.0,6
5.483901943208501e-05,False,409,time0,0.9822503888805628,2,,,time0,TIME0,0.8796191718199602,0.9405222664499793,0.0,2
0.0,False,409,goleiro_time1,1.0,9,,,goleiro1,GOL-TIME1,0.879080667294194,0.9163226691767761,0.0,3
0.0003584114329860071,False,409,time1,0.9720724922031626,7,,,time1,TIME1,0.8710443096063439,0.9199545585661535,0.0,8
0.0019633136258466796,False,409,time0,0.8854165263140897,4,,,time0,TIME0,0.846561594597717,0.9330392582673981,0.0,7
0.0010091802415645927,False,409,time0,0.8458608361030676,1,,,time0,TIME0,0.8425662447765482,0.9593912919970324,0.0,9
0.002218721497834142,False,409,time0,0.7646052951716888,3,,,time0,TIME0,0.80991194574539,0.9369948190861144,0.0,5
0.0,True,409,excluido,1.0,10,,,excluir,EXCLUÍDO,0.65,0.0,0.0,19
0.0,False,410,time1,0.0,novo,0.07031730154556715,True,time1,TIME1,0.0,,,10
4.21195739771626e-06,False,410,time0,0.9996129149976076,0,,,time0,TIME0,0.9872026148441914,0.9493334452099326,1.0,1
0.0007953092973078236,False,410,time1,0.9349736134982485,5,,,time1,TIME1,0.9671632309422616,0.9527431851245225,1.0,12
0.0009728547461513795,False,410,time1,0.8948771802216005,6,,,time1,TIME1,0.9568785434390477,0.958567779929596,1.0,4
0.0,False,410,time1,1.0,8,,,time1,TIME1,0.8874655319011385,0.949862127604554,0.0,6
3.84529670009346e-05,False,410,time0,0.9951253641298738,2,,,time0,TIME0,0.8836209285237442,0.9405222664499793,0.0,2
0.0,False,410,goleiro_time1,1.0,9,,,goleiro1,GOL-TIME1,0.879080667294194,0.9163226691767761,0.0,3
0.0002755800782691157,False,410,time1,0.9578872673646499,7,,,time1,TIME1,0.8666720413407163,0.9199545585661535,0.0,8
0.0015950430663581037,False,410,time0,0.9138182248612254,4,,,time0,TIME0,0.8556638463372565,0.9330392582673981,0.0,7
0.0019122245024720361,False,410,time0,0.8748574159115896,1,,,time0,TIME0,0.849950930218059,0.9593912919970324,0.0,9
0.00285898251578482,False,410,time0,0.7867477568522507,3,,,time0,TIME0,0.8142236007835241,0.9369948190861144,0.0,5
0.0,True,410,excluido,1.0,10,,,excluir,EXCLUÍDO,0.65,0.0,0.0,19
0.0,False,411,time1,0.0,novo,0.07381216493449039,True,time1,TIME1,0.0,,,10
7.96128739284869e-05,False,411,time0,0.989599145023318,0,,,time0,TIME0,0.9840960234735725,0.9493822308774943,1.0,1
0.0002363879501011497,False,411,time1,0.9526255278731061,5,,,time1,TIME1,0.9729416479168985,0.9518714436395184,1.0,12
0.0,False,411,time1,1.0,8,,,time1,TIME1,0.8871587721683212,0.9486350886732848,0.0,6
0.0,False,411,goleiro_time1,1.0,9,,,goleiro1,GOL-TIME1,0.878867789294819,0.915471157179276,0.0,3
0.0001420848769800745,False,411,time1,0.9764849384549557,7,,,time1,TIME1,0.8725190551401667,0.9192702217808981,0.0,8
0.00016864871546297047,False,411,time0,0.9504531014223093,2,,,time0,TIME0,0.8697339776084839,0.9394944097131721,0.0,2
0.0001887932979673479,False,411,time0,0.9388097876196403,3,,,time0,TIME0,0.8640081100662557,0.9378661798285974,0.0,5
0.0009574924761847094,False,411,time1,0.8846698038044216,6,,,time1,TIME1,0.8533896359223906,0.9569639250504474,0.0,4
0.0019717536664025895,False,411,time0,0.8754026028887434,1,,,time0,TIME0,0.8513523228759892,0.9622765264132169,0.0,9
0.0012203929109238564,False,411,time0,0.8655170453459257,4,,,time0,TIME0,0.8412711500756995,0.9324092955233493,0.0,7
0.0,False,412,time1,0.0,novo,0.07381216493449039,True,time1,TIME1,0.0,,,10
0.00017758400544728322,False,412,time0,0.9807684688959588,0,,,time0,TIME0,0.9813216485613008,0.9493822308774943,1.0,1
0.0006797594174564096,False,412,time1,0.9311838926026049,5,,,time1,TIME1,0.9661955411725142,0.9518714436395184,1.0,12
0.0,False,412,time1,1.0,8,,,time1,TIME1,0.8871587721683212,0.9486350886732848,0.0,6
0.00011862805391984047,False,412,time0,0.9817531939125644,2,,,time0,TIME0,0.8790989939409609,0.9394944097131721,0.0,2
0.0,False,412,goleiro_time1,1.0,9,,,goleiro1,GOL-TIME1,0.878867789294819,0.915471157179276,0.0,3
0.00011213850823807951,False,412,time1,0.9848515917963038,7,,,time1,TIME1,0.8751031268183534,0.9192702217808981,0.0,8
0.000736606665203488,False,412,time0,0.9465451887114211,1,,,time0,TIME0,0.8729973414498009,0.9622765264132169,0.0,9
0.00047064859032401796,False,412,time0,0.9621399667079606,3,,,time0,TIME0,0.8722661364667313,0.9378661798285974,0.0,5
0.0007208185984274976,False,412,time1,0.9204020378782405,6,,,time1,TIME1,0.8643995859464245,0.9569639250504474,0.0,4
0.0018904887244444936,False,412,time0,0.8151090519826226,4,,,time0,TIME0,0.8242025275439638,0.9324092955233493,0.0,7
0.0,False,413,time1,0.0,novo,0.07381216493449039,True,time1,TIME1,0.0,,,10
8.721852548186041e-06,False,413,time0,0.9990628296592616,0,,,time0,TIME0,0.9869412479841545,0.9493822308774943,1.0,1
0.00043757224976043125,False,413,time1,0.9680005716764964,5,,,time1,TIME1,0.977211055457437,0.9518714436395184,1.0,12
2.6316893899574516e-05,False,413,time0,0.9924799603835156,2,,,time0,TIME0,0.8825031847854563,0.9394944097131721,0.0,2
0.0,False,413,goleiro_time1,1.0,9,,,goleiro1,GOL-TIME1,0.878867789294819,0.915471157179276,0.0,3
0.0004778202708144191,False,413,time0,0.9700764475848198,3,,,time0,TIME0,0.8745796222965313,0.9378661798285974,0.0,5
0.00020490305872259473,False,413,time1,0.9808705769088103,7,,,time1,TIME1,0.8737841795723514,0.9192702217808981,0.0,8
0.0009056467301942907,False,413,time0,0.9330315585111844,1,,,time0,TIME0,0.8695385297490252,0.9622765264132169,0.0,9
0.001203592581102904,False,413,time1,0.8509401446709061,6,,,time1,TIME1,0.8428972641716546,0.9569639250504474,0.0,4
0.0014559512345240155,False,413,time0,0.8665666253213529,4,,,time0,TIME0,0.8411383618136457,0.9324092955233493,0.0,7
0.004020387577201506,False,413,time1,0.6378738564949341,8,,,time1,TIME1,0.7721248579712536,0.9486350886732848,0.0,6
0.0,False,414,time1,0.0,novo,0.07765005412225667,True,time1,TIME1,0.0,,,10
0.00019087502480819648,False,414,time0,0.9796421153189752,0,,,time0,TIME0,0.9808497936819593,0.9490661116024636,1.0,1
0.001732767254872085,False,414,time1,0.9013232624402406,5,,,time1,TIME1,0.9553839863382526,0.9500265953805564,1.0,12
0.0,False,414,goleiro_time1,1.0,9,,,goleiro1,GOL-TIME1,0.878186627380537,0.9127465095221481,0.0,3
0.00014554166675062857,False,414,time0,0.9554824832089357,2,,,time0,TIME0,0.8712227849481228,0.9392575259994241,0.0,2
0.00040904984995602747,False,414,time0,0.9556602817680374,3,,,time0,TIME0,0.8711846451364309,0.9405459679888757,0.0,5
0.00035953830046231135,False,414,time1,0.9726901493173488,7,,,time1,TIME1,0.8706091373914421,0.9172504867261959,0.0,8
0.0005480914060081501,False,414,time1,0.9378673192835686,8,,,time1,TIME1,0.8654409394853667,0.9479457665110349,0.0,6
0.0021447849486676495,False,414,time0,0.8442198250148976,1,,,time0,TIME0,0.8416869367454249,0.9648881726491683,0.0,9
0.0013907153888475792,False,414,time1,0.8279188837844823,6,,,time1,TIME1,0.8359218460186322,0.9560047918797534,0.0,4
0.0024507585888665306,False,414,time0,0.8001517298675612,4,,,time0,TIME0,0.819550815848741,0.9297244707860555,0.0,7
0.0,False,415,time1,0.0,novo,0.07765005412225667,True,time1,TIME1,0.0,,,10
4.9956887779086635e-05,False,415,time0,0.9974086775786983,0,,,time0,TIME0,0.986321116008676,0.9490661116024636,1.0,1
0.0004575997165809869,False,415,time1,0.9468588597108969,5,,,time1,TIME1,0.9696865425064635,0.9500265953805564,1.0,12
0.00011978076954035397,False,415,time1,0.9846759892275536,8,,,time1,TIME1,0.8819752028728126,0.9479457665110349,0.0,6
0.0,False,415,goleiro_time1,1.0,9,,,goleiro1,GOL-TIME1,0.878186627380537,0.9127465095221481,0.0,3
2.645554706125955e-05,False,415,time1,0.9965990684919374,7,,,time1,TIME1,0.8780345480694522,0.9172504867261959,0.0,8
0.00027282059228682615,False,415,time0,0.9590045648082595,1,,,time0,TIME0,0.8773651507396745,0.9648881726491683,0.0,9
0.00034330832934846995,False,415,time0,0.9450036053859994,2,,,time0,TIME0,0.8676922356027379,0.9392575259994241,0.0,2
0.0014270321582925804,False,415,time0,0.8846689773091561,4,,,time0,TIME0,0.8458094372125156,0.9297244707860555,0.0,7
0.0019230071610986206,False,415,time1,0.7807669200721837,6,,,time1,TIME1,0.8211199971229044,0.9560047918797534,0.0,4
0.0030235343891722695,False,415,time0,0.7601993592685906,3,,,time0,TIME0,0.8086633179456442,0.9405459679888757,0.0,5
0.0,False,416,time1,0.0,novo,0.07765005412225667,True,time1,TIME1,0.0,,,10
4.634964481388937e-05,False,416,time0,0.9927381395634611,0,,,time0,TIME0,0.9850053769758518,0.9490661116024636,1.0,1
0.00041066866925646827,False,416,time1,0.976614836451279,5,,,time1,TIME1,0.9795402113887296,0.9500265953805564,1.0,12
8.157872802866024e-05,False,416,time1,0.9900517265727454,7,,,time1,TIME1,0.876196411635039,0.9172504867261959,0.0,8
0.00024778256798097214,False,416,time1,0.9644028615396881,8,,,time1,TIME1,0.8759404715846287,0.9479457665110349,0.0,6
0.0005651444337806364,False,416,time0,0.9509157626107084,1,,,time0,TIME0,0.8757747104823352,0.9648881726491683,0.0,9
0.00021530304305718566,False,416,time0,0.9455291269016052,2,,,time0,TIME0,0.8679407529194094,0.9392575259994241,0.0,2
0.0006432343916189076,False,416,time0,0.9363800227491365,3,,,time0,TIME0,0.8638364297133614,0.9405459679888757,0.0,5
0.001550690288978356,False,416,time0,0.876540714287963,4,,,time0,TIME0,0.8438975085711944,0.9297244707860555,0.0,7
0.0018329395435800846,False,416,time1,0.8092700016017494,6,,,time1,TIME1,0.8299815180071394,0.9560047918797534,0.0,4
0.014102081871856582,False,416,goleiro_time1,0.09541642942760904,9,,,goleiro1,GOL-TIME1,0.5843764259581388,0.9127465095221481,0.0,3
0.0,False,417,time1,0.0,novo,0.08088354535609965,True,time1,TIME1,0.0,,,10
8.502307409926957e-06,False,417,time0,0.9993222611916645,0,,,time0,TIME0,0.9869451677768537,0.9487512069490838,1.0,1
0.0006254700959723988,False,417,time1,0.9538008607252592,5,,,time1,TIME1,0.9724881984887002,0.9486488231510032,1.0,12
0.00017642754831423697,False,417,time1,0.9840307373438442,8,,,time1,TIME1,0.8818230991991962,0.9473226676487944,0.0,6
7.074069501659098e-05,False,417,time1,0.9933554773119805,7,,,time1,TIME1,0.8768136989386219,0.9157370014411104,0.0,8
0.00031677484150791584,False,417,time0,0.9382876035033779,1,,,time0,TIME0,0.8724786375015655,0.9660332532471005,0.0,9
0.0003035317896059818,False,417,time0,0.9494423036776575,2,,,time0,TIME0,0.8693578051252087,0.9394542487722644,0.0,2
0.0007872646141372385,False,417,time0,0.9367399611947187,4,,,time0,TIME0,0.8614392816543364,0.9273556617846508,0.0,7
0.00022050067616912147,False,417,goleiro_time1,0.9418655861727342,9,,,goleiro1,GOL-TIME1,0.8514011924293943,0.9140590634698558,0.0,3
0.0024235041432686486,False,417,time1,0.7879455851501855,6,,,time1,TIME1,0.8222972363542567,0.9542562955828771,0.0,4
0.0034930915232165645,False,417,time0,0.7241094043297098,3,,,time0,TIME0,0.7975661473583484,0.942060459590951,0.0,5
0.0,False,418,time1,0.0,novo,0.08088354535609965,True,time1,TIME1,0.0,,,10
9.563760722604036e-05,False,418,time0,0.9885479187209503,0,,,time0,TIME0,0.9835996401119307,0.9487512069490838,1.0,1
0.0005016280604333185,False,418,time1,0.9653709637562656,5,,,time1,TIME1,0.9760324482328242,0.9486488231510032,1.0,12
7.875292215134107e-05,False,418,time0,0.9729192540031577,2,,,time0,TIME0,0.876496206982702,0.9394542487722644,0.0,2
2.3374952107393465e-05,False,418,time1,0.9918249197037534,7,,,time1,TIME1,0.8764069171712481,0.9157370014411104,0.0,8
0.00037127208962400084,False,418,time1,0.9587869301193932,8,,,time1,TIME1,0.873908713357045,0.9473226676487944,0.0,6
0.0006545325418908517,False,418,time0,0.9436567355182066,1,,,time0,TIME0,0.8735833302028259,0.9660332532471005,0.0,9
8.982552897457371e-05,False,418,goleiro_time1,0.9752847049609081,9,,,goleiro1,GOL-TIME1,0.8709294190821137,0.9140590634698558,0.0,3
0.0006157248129155724,False,418,time0,0.9492856657681988,4,,,time0,TIME0,0.8659471061890198,0.9273556617846508,0.0,7
0.0006653079457880507,False,418,time1,0.9259740005036489,6,,,time1,TIME1,0.8645416014967435,0.9542562955828771,0.0,4
0.0011686504560455284,False,418,time0,0.874659435394848,3,,,time0,TIME0,0.8452620891213976,0.942060459590951,0.0,5
0.0,False,419,time1,0.0,novo,0.08088354535609965,True,time1,TIME1,0.0,,,10
0.0001101886348355037,False,419,time0,0.9884394829982122,0,,,time0,TIME0,0.9834823381431074,0.9487512069490838,1.0,1
0.0007211526711058455,False,419,time1,0.9468719144885087,5,,,time1,TIME1,0.9704134182374357,0.9486488231510032,1.0,12
5.8742736045449356e-05,False,419,time0,0.9823517454559592,2,,,time0,TIME0,0.8794352137158563,0.9394542487722644,0.0,2
0.00011020002425331525,False,419,time1,0.9914937568299369,7,,,time1,TIME1,0.8762225703626618,0.9157370014411104,0.0,8
0.0007409421016307584,False,419,time0,0.9344744771886132,1,,,time0,TIME0,0.870932598505786,0.9660332532471005,0.0,9
0.00039034008043403956,False,419,time1,0.9415874056270214,8,,,time1,TIME1,0.8689164947608503,0.9473226676487944,0.0,6
0.0004240077575411073,False,419,goleiro_time1,0.9400126857536995,9,,,goleiro1,GOL-TIME1,0.8597994204737107,0.9140590634698558,0.0,3
0.0010366008864174884,False,419,time0,0.920943476584707,4,,,time0,TIME0,0.8568713982358604,0.9273556617846508,0.0,7
0.0008974118513561087,False,419,time1,0.8891571503665834,6,,,time1,TIME1,0.8543296273930947,0.9542562955828771,0.0,4
0.0004476924957885058,False,419,time0,0.8995453309891532,3,,,time0,TIME0,0.8539483117462701,0.942060459590951,0.0,5
0.0,False,420,time1,0.0,novo,0.08532844116702687,True,time1,TIME1,0.0,,,10
5.422319659154108e-06,False,420,time0,0.9994508960143809,0,,,time0,TIME0,0.9869587133189851,0.9488060859694876,1.0,1
0.0006024207046023412,False,420,time1,0.9574585090546651,5,,,time1,TIME1,0.9729160988783762,0.9463653636701573,1.0,12
0.0009170196092521432,False,420,time0,0.9244823100777327,1,,,time0,TIME0,0.9683780115541621,0.9680863002975892,1.0,9
0.0002042874721046641,False,420,time1,0.9748905577895108,8,,,time1,TIME1,0.8782521202447775,0.9454904122107126,0.0,6
0.00029221679618609365,False,420,time0,0.9652605532886316,2,,,time0,TIME0,0.8738665251049393,0.9388930490012839,0.0,2
0.0002769173328976004,False,420,time1,0.9747993347787279,7,,,time1,TIME1,0.8705702950688801,0.914045682781742,0.0,8
0.0003778612610038796,False,420,time1,0.9349640339294503,6,,,time1,TIME1,0.8677110816457696,0.9519588322811217,0.0,4
0.0013245260789468648,False,420,time0,0.9078864369012226,4,,,time0,TIME0,0.8525853915487676,0.9274482342442922,0.0,7
0.0005902601547162383,False,420,goleiro_time1,0.9091216399176894,9,,,goleiro1,GOL-TIME1,0.8510194185021309,0.9170072881606266,0.0,3
0.0005017506805796459,False,420,time0,0.849583096425332,3,,,time0,TIME0,0.8401261616867809,0.943524658889681,0.0,5
0.0,False,421,time1,0.0,novo,0.08532844116702687,True,time1,TIME1,0.0,,,10
0.0004250065004085782,False,421,time0,0.9790225252459039,0,,,time0,TIME0,0.9802294939892825,0.9488060859694876,1.0,1
0.0009645349413202508,False,421,time0,0.9159563117717656,1,,,time0,TIME0,0.9654918441471639,0.9680863002975892,1.0,9
0.0010966686252232643,False,421,time1,0.9202732818829406,5,,,time1,TIME1,0.9611738828923807,0.9463653636701573,1.0,12
0.00021878602341546897,False,421,time1,0.9431093632193281,8,,,time1,TIME1,0.8689210386070596,0.9454904122107126,0.0,6
0.00042208365618418085,False,421,time0,0.9427140654199767,2,,,time0,TIME0,0.8668269659944252,0.9388930490012839,0.0,2
0.0005514760162945554,False,421,time1,0.9518138859498839,7,,,time1,TIME1,0.8630968616549115,0.914045682781742,0.0,8
0.0011662879508845102,False,421,time0,0.9208843927141293,4,,,time0,TIME0,0.8568531683948948,0.9274482342442922,0.0,7
0.000998901456869876,False,421,time1,0.8926525940473882,6,,,time1,TIME1,0.8544012326319195,0.9519588322811217,0.0,4
0.0008054954446888478,False,421,goleiro_time1,0.8966186944957072,9,,,goleiro1,GOL-TIME1,0.847243505897735,0.9170072881606266,0.0,3
0.0012735083867538635,False,421,time0,0.8618453901794116,3,,,time0,TIME0,0.8423550085007309,0.943524658889681,0.0,5
0.0,False,422,time1,0.0,novo,0.08532844116702687,True,time1,TIME1,0.0,,,10
1.1845414651485427e-05,False,422,time0,0.9987903080439243,1,,,time0,TIME0,0.99098256050208,0.9680863002975892,1.0,9
1.771240118475683e-05,False,422,time0,0.9974000444468052,0,,,time0,TIME0,0.9861239018700115,0.9488060859694876,1.0,1
3.2770909480754345e-05,False,422,time1,0.9973364385130571,5,,,time1,TIME1,0.985036701442657,0.9463653636701573,1.0,12
1.4320441045765984e-05,False,422,time1,0.9983899973661443,6,,,time1,TIME1,0.8868213435994943,0.9519588322811217,0.0,4
4.403555102011704e-05,False,422,time1,0.9956111732730747,8,,,time1,TIME1,0.8848907848684843,0.9454904122107126,0.0,6
2.2541864707310092e-05,False,422,time0,0.9978354222067477,3,,,time0,TIME0,0.8843548130157047,0.943524658889681,0.0,5
4.337820848816625e-05,False,422,time0,0.9944497958592909,2,,,time0,TIME0,0.8827025726747184,0.9388930490012839,0.0,2
3.14949554131134e-05,False,422,time0,0.9968384170451121,4,,,time0,TIME0,0.880083151457052,0.9274482342442922,0.0,7
2.538376067390675e-05,False,422,goleiro_time1,0.9967692000600603,9,,,goleiro1,GOL-TIME1,0.8777029025731584,0.9170072881606266,0.0,3
3.086517958451831e-05,False,422,time1,0.9972711024634774,7,,,time1,TIME1,0.8772676723988828,0.914045682781742,0.0,8
0.0,False,423,time1,0.0,novo,0.0893488857736402,True,time1,TIME1,0.0,,,10
2.106441116514058e-05,False,423,time0,0.9976232181197688,0,,,time0,TIME0,0.9864131915000837,0.9486796119244321,1.0,1
0.0005132858017673931,False,423,time0,0.9347377791436328,1,,,time0,TIME0,0.9719370903359547,0.9693580195345972,1.0,9
0.0005577815429751717,False,423,time1,0.9545718751062641,5,,,time1,TIME1,0.9717521150096246,0.9449935147208678,1.0,12
5.9127820125175947e-05,False,423,time1,0.9957643183787366,8,,,time1,TIME1,0.8843034298567253,0.9427882488577003,0.0,6
0.00015493510811534982,False,423,time0,0.9803211372770397,2,,,time0,TIME0,0.8785975803153251,0.9389980270673126,0.0,2
0.00020431486758625984,False,423,time1,0.9824247309001662,7,,,time1,TIME1,0.8722718648363635,0.9115067477082016,0.0,8
0.0011029343777231935,False,423,time1,0.912698688523788,6,,,time1,TIME1,0.8600489924795955,0.951937206666994,0.0,4
0.0013729843229055986,False,423,time0,0.898186189320748,4,,,time0,TIME0,0.849068620266998,0.9272224393759996,0.0,7
0.000713091702843423,False,423,goleiro_time1,0.8999866526853718,9,,,goleiro1,GOL-TIME1,0.848301278277847,0.9177764812387048,0.0,3
0.0013642094486857408,False,423,time0,0.8601871679250094,3,,,time0,TIME0,0.8420779076098397,0.9447346224503422,0.0,5
0.0,False,424,time1,0.0,novo,0.0893488857736402,True,time1,TIME1,0.0,,,10
1.4654520065660534e-05,False,424,time0,0.9982195144965568,0,,,time0,TIME0,0.9866015980102941,0.9486796119244321,1.0,1
0.00034148982742662027,False,424,time1,0.9771114103441751,5,,,time1,TIME1,0.9787561583949339,0.9449935147208678,1.0,12
0.0007192578676945144,False,424,time0,0.9334255928191256,1,,,time0,TIME0,0.9715292161029436,0.9693580195345972,1.0,9
0.0003912021756539584,False,424,time1,0.9660505917401394,6,,,time1,TIME1,0.8769578484282137,0.951937206666994,0.0,4
6.041672046033488e-05,False,424,time0,0.9735326647427303,2,,,time0,TIME0,0.87664245762367,0.9389980270673126,0.0,2
0.0001758968876892531,False,424,time1,0.9620980267454413,8,,,time1,TIME1,0.8740364886646963,0.9427882488577003,0.0,6
0.0002480767903800729,False,424,time1,0.9771989745943372,7,,,time1,TIME1,0.870722607817462,0.9115067477082016,0.0,8
0.001027275160088063,False,424,time0,0.9345245391013348,4,,,time0,TIME0,0.860879288798646,0.9272224393759996,0.0,7
0.0010589406840818432,False,424,goleiro_time1,0.8540633363520593,9,,,goleiro1,GOL-TIME1,0.8341875733194276,0.9177764812387048,0.0,3
0.0016992310253443035,False,424,time0,0.7998383571692588,3,,,time0,TIME0,0.8241322074444223,0.9447346224503422,0.0,5
0.0,False,425,time1,0.0,novo,0.0893488857736402,True,time1,TIME1,0.0,,,10
1.291024991099931e-05,False,425,time0,0.9973272170884607,0,,,time0,TIME0,0.9863380520957504,0.9486796119244321,1.0,1
6.633455668554502e-05,False,425,time1,0.9714407189497272,5,,,time1,TIME1,0.9773494365614169,0.9449935147208678,1.0,12
0.0009565098915781426,False,425,time0,0.9068746265571759,1,,,time0,TIME0,0.9632667015237599,0.9693580195345972,1.0,9
0.0002995012040100239,False,425,time1,0.9705034670926276,6,,,time1,TIME1,0.8787820039903296,0.951937206666994,0.0,4
0.00025165532516351465,False,425,time1,0.9639423878293036,8,,,time1,TIME1,0.8745695107395041,0.9427882488577003,0.0,6
0.00011403369214221053,False,425,time1,0.9791524049456345,7,,,time1,TIME1,0.8714130288611449,0.9115067477082016,0.0,8
0.000292430506308727,False,425,time0,0.9521407745993765,2,,,time0,TIME0,0.8698903583996097,0.9389980270673126,0.0,2
0.0011056947261558296,False,425,time0,0.9119332606523748,4,,,time0,TIME0,0.8540893609006075,0.9272224393759996,0.0,7
0.0014344054999669501,False,425,time0,0.8382478312676578,3,,,time0,TIME0,0.8361366780884966,0.9447346224503422,0.0,5
0.0011087903141114,False,425,goleiro_time1,0.8525999493382282,9,,,goleiro1,GOL-TIME1,0.8334330365587496,0.9177764812387048,0.0,3
0.0,False,426,time1,0.0,novo,0.08993988604532377,True,time1,TIME1,0.0,,,10
1.6381619690031102e-05,False,426,time0,0.9980508740708064,0,,,time0,TIME0,0.9864890799593212,0.9484137596631441,1.0,1
0.0002601089366292892,False,426,time1,0.9822664043048644,5,,,time1,TIME1,0.980142824947231,0.9436646953527035,1.0,12
0.0012004469710272347,False,426,time0,0.8978968281020173,1,,,time0,TIME0,0.9599274432036807,0.96993126758785,1.0,9
1.736522211483766e-05,False,426,time0,0.9972042140029698,2,,,time0,TIME0,0.8839631854779653,0.9400464580566341,0.0,2
0.00028844651839766847,False,426,time1,0.9678198547462123,8,,,time1,TIME1,0.8750952135077881,0.9401741660595264,0.0,6
0.000500171889121759,False,426,time1,0.9404504029849746,6,,,time1,TIME1,0.8692996340341146,0.9517063531416043,0.0,4
0.0002974591752513025,False,426,time1,0.9721266805837615,7,,,time1,TIME1,0.8682567032882788,0.9080674545900895,0.0,8
0.0007573152141359374,False,426,time0,0.911875326265825,4,,,time0,TIME0,0.8542794042306572,0.9267249422823038,0.0,7
0.0008757059039640816,False,426,goleiro_time1,0.8256181150321864,9,,,goleiro1,GOL-TIME1,0.8263104555537103,0.9187599579849036,0.0,3
0.0034086639251053623,False,426,time0,0.6862610261903523,3,,,time0,TIME0,0.7873993657941469,0.94440474311523,0.0,5
0.0,False,427,time1,0.0,novo,0.08993988604532377,True,time1,TIME1,0.0,,,10
9.172828468542354e-06,False,427,time0,0.9983140118172803,0,,,time0,TIME0,0.9865822555396274,0.9484137596631441,1.0,1
0.0005651915641554557,False,427,time1,0.9545523791082721,5,,,time1,TIME1,0.9714239886674682,0.9436646953527035,1.0,12
0.0008117057467047324,False,427,time0,0.9237214934785394,1,,,time0,TIME0,0.9684793654288654,0.96993126758785,1.0,9
0.00020435242222561397,False,427,time1,0.973348075716711,8,,,time1,TIME1,0.8767799922538987,0.9401741660595264,0.0,6
0.00011461637881603963,False,427,time0,0.9686600422138959,2,,,time0,TIME0,0.8754158481275461,0.9400464580566341,0.0,2
0.0004473242294905366,False,427,time1,0.9443379943428768,6,,,time1,TIME1,0.8706802336415551,0.9517063531416043,0.0,4
0.0003147156398408238,False,427,time1,0.9703200477645393,7,,,time1,TIME1,0.8678142586091127,0.9080674545900895,0.0,8
0.0009154896223373953,False,427,time0,0.9187242522503295,4,,,time0,TIME0,0.8562449125409901,0.9267249422823038,0.0,7
0.0007940893866588406,False,427,goleiro_time1,0.9010067491656971,9,,,goleiro1,GOL-TIME1,0.8491714609157188,0.9187599579849036,0.0,3
0.00019797247115332925,False,427,time0,0.8375546886140766,3,,,time0,TIME0,0.8347289418198254,0.94440474311523,0.0,5
0.0,False,428,time1,0.0,novo,0.08993988604532377,True,time1,TIME1,0.0,,,10
1.5142457690757749e-05,False,428,time0,0.9981937219446491,0,,,time0,TIME0,0.9865359176458287,0.9484137596631441,1.0,1
0.0004204234392671065,False,428,time0,0.9639177659779187,1,,,time0,TIME0,0.980802801943074,0.96993126758785,1.0,9
0.0002299819986875357,False,428,time1,0.9765845143749966,5,,,time1,TIME1,0.9784517732051206,0.9436646953527035,1.0,12
0.0002684086514405811,False,428,time0,0.9702973803872506,2,,,time0,TIME0,0.8755985872892994,0.9400464580566341,0.0,2
5.785706929657419e-05,False,428,time1,0.9686727676074234,8,,,time1,TIME1,0.8754798423823738,0.9401741660595264,0.0,6
0.00019088287564296858,False,428,time1,0.9807011951072079,7,,,time1,TIME1,0.8709667947158141,0.9080674545900895,0.0,8
0.0007232295022726682,False,428,time1,0.9314824739133014,6,,,time1,TIME1,0.8665010494499708,0.9517063531416043,0.0,4
0.0002828078687644148,False,428,time0,0.927824855336013,3,,,time0,TIME0,0.8640459274050141,0.94440474311523,0.0,5
0.000531993161501648,False,428,goleiro_time1,0.9340629488902812,9,,,goleiro1,GOL-TIME1,0.85924361048613,0.9187599579849036,0.0,3
0.0009355277936887226,False,428,time0,0.9007936858293126,4,,,time0,TIME0,0.8505437476137384,0.9267249422823038,0.0,7
0.0,False,429,time1,0.0,novo,0.09402561666285536,True,time1,TIME1,0.0,,,10
1.565725018059744e-05,False,429,time0,0.9985936347667934,0,,,time0,TIME0,0.986608369372267,0.9482274687425996,1.0,1
0.0004178087688444744,False,429,time1,0.9691414034455087,5,,,time1,TIME1,0.9760599077724346,0.9433206375747898,1.0,12
0.000737950667237625,False,429,time0,0.9355346751545682,1,,,time0,TIME0,0.9723823167776623,0.9716562129186437,1.0,9
0.00010213123052230734,False,429,time1,0.9803653204190149,8,,,time1,TIME1,0.8782933001959936,0.9372269572909249,0.0,6
0.00016784356733210942,False,429,time1,0.9809685257347439,7,,,time1,TIME1,0.8699297322779855,0.9033331766610135,0.0,8
0.0005824499565751633,False,429,time1,0.9420023168752991,6,,,time1,TIME1,0.869586076002568,0.9509044948933536,0.0,4
0.00042872766925962434,False,429,time0,0.9368724442275256,2,,,time0,TIME0,0.8650950715941614,0.939092569872466,0.0,2
0.0006458376726237281,False,429,time0,0.937088877311346,4,,,time0,TIME0,0.8626500913152739,0.9296809850459413,0.0,7
0.0005680474416470636,False,429,goleiro_time1,0.9256306897484743,9,,,goleiro1,GOL-TIME1,0.8559201884033776,0.9179793505581648,0.0,3
0.0014808884282378853,False,429,time0,0.8757852343255503,3,,,time0,TIME0,0.8461415175494504,0.9432869192870285,0.0,5
0.0,False,430,time1,0.0,novo,0.09402561666285536,True,time1,TIME1,0.0,,,10
1.9208463995616776e-05,False,430,time0,0.9979291574586038,0,,,time0,TIME0,0.9864068580489637,0.9482274687425996,1.0,1
0.00040311614083951314,False,430,time0,0.9638956743807441,1,,,time0,TIME0,0.9814870274620419,0.9716562129186437,1.0,9
0.00022627513636576732,False,430,time1,0.9816785141316829,5,,,time1,TIME1,0.9799493184760453,0.9433206375747898,1.0,12
0.0,False,430,goleiro_time1,1.0,9,,,goleiro1,GOL-TIME1,0.879107532565691,0.9179793505581648,0.0,3
0.0002477951749757435,False,430,time1,0.9663055452199956,8,,,time1,TIME1,0.8738690902617849,0.9372269572909249,0.0,6
0.00020263671677521496,False,430,time1,0.9809898019123078,7,,,time1,TIME1,0.8698622689430751,0.9033331766610135,0.0,8
0.000649237959213491,False,430,time0,0.9496362065149846,3,,,time0,TIME0,0.8694793282282491,0.9432869192870285,0.0,5
0.00043526544874532443,False,430,time0,0.9361387964754834,2,,,time0,TIME0,0.865205358992705,0.939092569872466,0.0,2
0.0011647751115119462,False,430,time1,0.902120442921635,6,,,time1,TIME1,0.8568682904195974,0.9509044948933536,0.0,4
0.0011926813666423128,False,430,time0,0.888901880198705,4,,,time0,TIME0,0.8476221844424876,0.9296809850459413,0.0,7
0.0,False,431,time1,0.0,novo,0.09402561666285536,True,time1,TIME1,0.0,,,10
0.0,False,431,time0,0.0,novo,0.07039444309947496,True,time0,TIME0,0.0,,,20
6.343882336583676e-06,False,431,time0,0.9988497778532829,0,,,time0,TIME0,0.9866971693085932,0.9482274687425996,1.0,1
0.0004651330174284517,False,431,time0,0.9510796264799274,1,,,time0,TIME0,0.9775417052672429,0.9716562129186437,1.0,9
0.0004844092392648046,False,431,time1,0.9639784437083372,5,,,time1,TIME1,0.974376344666876,0.9433206375747898,1.0,12
0.00010179340364833336,False,431,time0,0.974722177957324,2,,,time0,TIME0,0.8768628759112208,0.939092569872466,0.0,2
0.0003423134421413718,False,431,time1,0.9666789179015665,8,,,time1,TIME1,0.8738935006525992,0.9372269572909249,0.0,6
9.691611376621424e-05,False,431,time1,0.9887330926915222,7,,,time1,TIME1,0.8722912085161056,0.9033331766610135,0.0,8
0.0007581838030996419,False,431,time0,0.929409207447036,4,,,time0,TIME0,0.8602440730065277,0.9296809850459413,0.0,7
0.0015559026344785563,False,431,time1,0.8562364272342261,6,,,time1,TIME1,0.8427980085349667,0.9509044948933536,0.0,4
0.001713908814130067,False,431,time0,0.8573493822272226,3,,,time0,TIME0,0.8402325303771914,0.9432869192870285,0.0,5
0.0027201194869544295,False,431,goleiro_time1,0.7237041721867402,9,,,goleiro1,GOL-TIME1,0.7922786264754085,0.9179793505581648,0.0,3
0.0,False,432,time1,0.0,novo,0.09898199533226038,True,time1,TIME1,0.0,,,10
0.0,False,432,time0,0.0,novo,0.08436875437688729,True,time0,TIME0,0.0,,,20
5.645136639146015e-06,False,432,time0,0.9992068604270442,0,,,time0,TIME0,0.9867649502304118,0.9480343670254887,1.0,1
0.0006754308806319116,False,432,time0,0.9460781816901089,1,,,time0,TIME0,0.9764579295079546,0.9737862899705456,1.0,9
0.0007000837193932923,False,432,time1,0.9384061106331538,5,,,time1,TIME1,0.9663525506125552,0.9425504728744305,1.0,12
0.00036501551968364356,False,432,time0,0.9651425799440532,3,,,time0,TIME0,0.8743530249375198,0.9446268462859717,0.0,5
0.0003273197682330975,False,432,time0,0.9587330927215583,2,,,time0,TIME0,0.8720195803727753,0.9394120468655072,0.0,2
9.390646010951042e-05,False,432,time1,0.9863846930520516,7,,,time1,TIME1,0.8708438891388683,0.9001463626824189,0.0,8
0.0006543591893711987,False,432,time1,0.9438481885069424,8,,,time1,TIME1,0.8663907381471883,0.9364120954172026,0.0,6
0.0010666935039086872,False,432,time0,0.903234891173383,4,,,time0,TIME0,0.8525221376895702,0.9309296940389374,0.0,7
0.0017396877593821522,False,432,time1,0.8459986326898535,6,,,time1,TIME1,0.839828744550184,0.9510619363639295,0.0,4
0.0016793089296631447,False,432,goleiro_time1,0.5793405519564192,9,,,goleiro1,GOL-TIME1,0.7487764310862743,0.9179793505581648,0.0,3
0.0,False,433,time1,0.0,novo,0.09898199533226038,True,time1,TIME1,0.0,,,10
0.0,False,433,time0,0.0,novo,0.08436875437688729,True,time0,TIME0,0.0,,,20
7.912239968472342e-06,False,433,time0,0.9990221183643457,0,,,time0,TIME0,0.9866993585979859,0.9480343670254887,1.0,1
0.0009623134721570773,False,433,time0,0.9351441449900444,1,,,time0,TIME0,0.9727648028515089,0.9737862899705456,1.0,9
0.000603149170750921,False,433,time1,0.951191738563935,5,,,time1,TIME1,0.9703748200945292,0.9425504728744305,1.0,12
0.0,False,433,goleiro_time1,1.0,9,,,goleiro1,GOL-TIME1,0.8783498542784072,0.9179793505581648,0.0,3
0.00015903896394148297,False,433,time1,0.9836584707550153,7,,,time1,TIME1,0.869940865354276,0.9001463626824189,0.0,8
0.00044132340144411274,False,433,time0,0.9447381523026985,2,,,time0,TIME0,0.8677552465398306,0.9394120468655072,0.0,2
0.0006069711448277647,False,433,time1,0.934927427181587,6,,,time1,TIME1,0.8668784177650564,0.9510619363639295,0.0,4
0.0006680205043250142,False,433,time1,0.9173286351554004,8,,,time1,TIME1,0.8583080197624544,0.9364120954172026,0.0,6
0.0009223835430838398,False,433,time0,0.9145842135123781,4,,,time0,TIME0,0.8560414873696072,0.9309296940389374,0.0,7
0.0036727766606374935,False,433,time0,0.6327074729909866,3,,,time0,TIME0,0.7699707408145711,0.9446268462859717,0.0,5
0.0,False,434,time1,0.0,novo,0.09898199533226038,True,time1,TIME1,0.0,,,10
0.0,False,434,time0,0.0,novo,0.08436875437688729,True,time0,TIME0,0.0,,,20
0.00011182708756442144,False,434,time0,0.9809878380443382,0,,,time0,TIME0,0.9811216451245567,0.9480343670254887,1.0,1
0.000742252062242394,False,434,time0,0.9274745142326826,1,,,time0,TIME0,0.9708318278453637,0.9737862899705456,1.0,9
0.001238159996850898,False,434,time1,0.8984135754153225,5,,,time1,TIME1,0.9535841137569135,0.9425504728744305,1.0,12
0.0,False,434,goleiro_time1,1.0,9,,,goleiro1,GOL-TIME1,0.8794948376395413,0.9179793505581648,0.0,3
0.00035102941607579875,False,434,time0,0.953183082546817,2,,,time0,TIME0,0.8703583415183276,0.9394120468655072,0.0,2
0.00023547938402726477,False,434,time0,0.9572198449216515,4,,,time0,TIME0,0.8692104418876968,0.9309296940389374,0.0,7
0.0004486118171255357,False,434,time1,0.9673916600232914,7,,,time1,TIME1,0.8646035793005347,0.9001463626824189,0.0,8
0.0007295283322800055,False,434,time1,0.926079487451165,8,,,time1,TIME1,0.8611203899918576,0.9364120954172026,0.0,6
0.001064194427198677,False,434,time0,0.9218850997140353,3,,,time0,TIME0,0.8585309102726233,0.9446268462859717,0.0,5
0.0012728830595202544,False,434,time1,0.8757721719470096,6,,,time1,TIME1,0.8488809474477659,0.9510619363639295,0.0,4
0.0,False,435,time1,0.0,novo,0.10471556161539408,True,time1,TIME1,0.0,,,10
0.0,False,435,time0,0.0,novo,0.08743814764233537,True,time0,TIME0,0.0,,,20
4.8973172791826756e-06,False,435,time0,0.9979607321409639,0,,,time0,TIME0,0.9862464113170261,0.9477575857030425,1.0,1
0.0005542578752534814,False,435,time0,0.9651707876888622,1,,,time0,TIME0,0.9827960612639042,0.975536747374457,1.0,9
0.000728115029823906,False,435,time1,0.9392127682925931,5,,,time1,TIME1,0.9664504646778941,0.9431180493012491,1.0,12
0.0,False,435,goleiro_time1,1.0,9,,,goleiro1,GOL-TIME1,0.8794948376395413,0.9179793505581648,0.0,3
0.0003815306321017605,False,435,time1,0.9619604182620741,8,,,time1,TIME1,0.8716988487312889,0.9360772786026987,0.0,6
0.00034525214023243335,False,435,time0,0.9562609884116048,2,,,time0,TIME0,0.8712303824919192,0.9387397461309499,0.0,2
0.00011952336616119413,False,435,time1,0.9878763467033318,7,,,time1,TIME1,0.8697595338298073,0.8954120775167662,0.0,8
0.0009906044816067438,False,435,time0,0.9163851269683378,4,,,time0,TIME0,0.8564962368595701,0.9321583180949455,0.0,7
0.0012710729284400035,False,435,time1,0.873318165592922,6,,,time1,TIME1,0.8482256737882984,0.9510918995931023,0.0,4
0.00308919364723648,False,435,time0,0.805727477782742,3,,,time0,TIME0,0.8230607502096872,0.9464299702493968,0.0,5
0.0,False,436,time1,0.0,novo,0.10471556161539408,True,time1,TIME1,0.0,,,10
0.0,False,436,time0,0.0,novo,0.08743814764233537,True,time0,TIME0,0.0,,,20
9.88930513045725e-06,False,436,time0,0.9981445994589806,0,,,time0,TIME0,0.9863644728735027,0.9477575857030425,1.0,1
0.0003619854272220363,False,436,time0,0.9723552274063519,1,,,time0,TIME0,0.9851058325864351,0.975536747374457,1.0,9
0.00040525210058744656,False,436,time1,0.9650371467936341,5,,,time1,TIME1,0.9747018231166424,0.9431180493012491,1.0,12
0.0,False,436,goleiro_time1,1.0,9,,,goleiro1,GOL-TIME1,0.8794948376395413,0.9179793505581648,0.0,3
9.229800289632134e-05,False,436,time0,0.98146498100554,2,,,time0,TIME0,0.8788657721749024,0.9387397461309499,0.0,2
0.0004420513095365858,False,436,time1,0.9645322420846206,6,,,time1,TIME1,0.8760348018704811,0.9510918995931023,0.0,4
0.00040883340028523453,False,436,time1,0.959034626329622,8,,,time1,TIME1,0.8713388448500158,0.9360772786026987,0.0,6
0.00010072777014663295,False,436,time1,0.9842478942698363,7,,,time1,TIME1,0.8689700906596901,0.8954120775167662,0.0,8
0.0009757338083375971,False,436,time0,0.9218763661026209,4,,,time0,TIME0,0.8586378251949649,0.9321583180949455,0.0,7
0.0009221237933324136,False,436,time0,0.8718827058943969,3,,,time0,TIME0,0.8451746525929431,0.9464299702493968,0.0,5
0.0,False,437,time1,0.0,novo,0.10471556161539408,True,time1,TIME1,0.0,,,10
0.0,False,437,time0,0.0,novo,0.08743814764233537,True,time0,TIME0,0.0,,,20
1.9099666439287083e-06,False,437,time0,0.9991035920319065,0,,,time0,TIME0,0.9866629390479579,0.9477575857030425,1.0,1
0.0006189466737483499,False,437,time0,0.9701862694248286,1,,,time0,TIME0,0.984140199021927,0.975536747374457,1.0,9
0.0005808609171778646,False,437,time1,0.9451188486065626,5,,,time1,TIME1,0.968631568008467,0.9431180493012491,1.0,12
0.00015121248070857057,False,437,time0,0.9796235516754189,2,,,time0,TIME0,0.8783342099642125,0.9387397461309499,0.0,2
0.0004443461377115878,False,437,time1,0.9747183784776186,8,,,time1,TIME1,0.8758176414383279,0.9360772786026987,0.0,6
0.00014767113275477637,False,437,time1,0.9834028366138872,7,,,time1,TIME1,0.8687038956418729,0.8954120775167662,0.0,8
0.0008349490372056397,False,437,time0,0.9524264478750062,4,,,time0,TIME0,0.8676365413999463,0.9321583180949455,0.0,7
0.001442310922772757,False,437,time1,0.872538627162766,6,,,time1,TIME1,0.8475331774915659,0.9510918995931023,0.0,4
0.003911890106030804,False,437,time0,0.7214752894455431,3,,,time0,TIME0,0.7974460034139763,0.9464299702493968,0.0,5
0.008702874835634335,False,437,goleiro_time1,0.13953612377053845,9,,,goleiro1,GOL-TIME1,0.6075101920776481,0.9179793505581648,0.0,3
0.0,False,438,time1,0.0,novo,0.1085266134918722,True,time1,TIME1,0.0,,,10
0.0,False,438,time0,0.0,novo,0.0807946446021961,True,time0,TIME0,0.0,,,20
0.0002623688609314433,False,438,time0,0.9834235467939654,1,,,time0,TIME0,0.9886011346773521,0.976227614314483,1.0,9
1.665393521617529e-05,False,438,time0,0.9974360065515646,0,,,time0,TIME0,0.9861360954382895,0.9477316820437922,1.0,1
0.000640942759583425,False,438,time1,0.9420792313070211,5,,,time1,TIME1,0.9677012250726749,0.9434694335263107,1.0,12
1.3094066775343967e-05,False,438,time1,0.9963864423820195,7,,,time1,TIME1,0.8715672149110067,0.8910461814306772,0.0,8
0.0006415954822986299,False,438,time1,0.9444166414470309,8,,,time1,TIME1,0.8670667977951405,0.9381027119332874,0.0,6
0.0006385343923569208,False,438,time0,0.9174834276187888,2,,,time0,TIME0,0.858680733012632,0.9375383743781385,0.0,2
0.0012398874341626287,False,438,time0,0.918157091112173,4,,,time0,TIME0,0.8576795120969347,0.9349427925185505,0.0,7
0.0016210460457707937,False,438,time1,0.8321604514284314,6,,,time1,TIME1,0.8352272529058711,0.9491975449421631,0.0,4
0.0017761856433999251,False,438,time0,0.8365893066326384,3,,,time0,TIME0,0.8322694435795104,0.9468053468985911,0.0,5
0.0015350032303576566,False,438,goleiro_time1,0.7354191415878719,9,,,goleiro1,GOL-TIME1,0.793837008284926,0.9179793505581648,0.0,3
0.0,False,439,time1,0.0,novo,0.1085266134918722,True,time1,TIME1,0.0,,,10
0.0,False,439,time0,0.0,novo,0.0807946446021961,True,time0,TIME0,0.0,,,20
3.960503578368821e-06,False,439,time0,0.9985615657289663,0,,,time0,TIME0,0.9864849352214623,0.9477316820437922,1.0,1
0.0004852181669574784,False,439,time0,0.9717404576272004,1,,,time0,TIME0,0.9849793998373393,0.976227614314483,1.0,9
0.0007510991793618671,False,439,time1,0.9279587623936083,5,,,time1,TIME1,0.9634137089579033,0.9434694335263107,1.0,12
9.141925477485842e-05,False,439,time0,0.9819821560956601,2,,,time0,TIME0,0.8784001532804715,0.9375383743781385,0.0,2
0.00014782606942291218,False,439,time1,0.9796721537072932,8,,,time1,TIME1,0.8777731929689108,0.9381027119332874,0.0,6
7.363683498797919e-05,False,439,time1,0.9899133803816529,7,,,time1,TIME1,0.8696226368089099,0.8910461814306772,0.0,8
0.0009376958923951577,False,439,time0,0.9303981440475599,4,,,time0,TIME0,0.8617855917353627,0.9349427925185505,0.0,7
0.0014470290334920209,False,439,time0,0.8226443119553001,3,,,time0,TIME0,0.8316817940194199,0.9468053468985911,0.0,5
0.0021317323207289923,False,439,time1,0.7887701592712103,6,,,time1,TIME1,0.821614333400334,0.9491975449421631,0.0,4
0.06052957548724762,False,439,goleiro_time1,0.0,9,,,goleiro1,GOL-TIME1,0.4842204751058575,0.9179793505581648,0.0,3
0.0,False,440,time1,0.0,novo,0.1085266134918722,True,time1,TIME1,0.0,,,10
0.0,False,440,time0,0.0,novo,0.0807946446021961,True,time0,TIME0,0.0,,,20
0.0002429399346513809,False,440,time0,0.9872304406669611,1,,,time0,TIME0,0.9898386120429905,0.976227614314483,1.0,9
2.1707983028506846e-05,False,440,time0,0.9975018389287054,0,,,time0,TIME0,0.9861479079602876,0.9477316820437922,1.0,1
0.00012611341267451274,False,440,time1,0.9577851446863246,5,,,time1,TIME1,0.9725137627174824,0.9434694335263107,1.0,12
0.00014336740406083442,False,440,time1,0.9862443750278925,8,,,time1,TIME1,0.8802019725262153,0.9381027119332874,0.0,6
0.00024363775844647205,False,440,time0,0.9712472798411849,2,,,time0,TIME0,0.87537837724129,0.9375383743781385,0.0,2
0.00016234290975430086,False,440,time1,0.9849080728567198,7,,,time1,TIME1,0.8680049309170159,0.8910461814306772,0.0,8
0.0007851763681864177,False,440,time0,0.9332030285663873,3,,,time0,TIME0,0.8645118558299262,0.9468053468985911,0.0,5
0.001259592801144941,False,440,time0,0.9193354006080311,4,,,time0,TIME0,0.8581497041397892,0.9349427925185505,0.0,7
0.0009069181849345724,False,440,time1,0.8916060868751928,6,,,time1,TIME1,0.8531009324568868,0.9491975449421631,0.0,4
0.0,False,440,goleiro_time1,1.0,9,,,goleiro1,GOL-TIME1,0.8382246725345996,0.9179793505581648,0.0,3
0.0,False,441,time1,0.0,novo,0.11487540790478878,True,time1,TIME1,0.0,,,10
0.0,False,441,time0,0.0,novo,0.07814994982782386,True,time0,TIME0,0.0,,,20
7.52646846508719e-05,False,441,time0,0.9942377023193828,1,,,time0,TIME0,0.9923694199758729,0.9771328155875014,1.0,9
1.5637363090253874e-05,False,441,time0,0.9980571408536177,0,,,time0,TIME0,0.9862266701906814,0.9473954493795035,1.0,1
0.00030662928002555195,False,441,time1,0.9704184946589631,5,,,time1,TIME1,0.9760889357203434,0.9421391956439735,1.0,12
0.0,False,441,goleiro_time1,1.0,9,,,goleiro1,GOL-TIME1,0.8794948376395413,0.9179793505581648,0.0,3
0.00041098288021065925,False,441,time0,0.9536436369179088,2,,,time0,TIME0,0.869711103420489,0.936425418347334,0.0,2
0.000571399177355554,False,441,time1,0.940611654728579,8,,,time1,TIME1,0.8655921689968803,0.9369135249387379,0.0,6
0.0001810163295308011,False,441,time1,0.9773887245109241,7,,,time1,TIME1,0.8645746441567561,0.8866960191341116,0.0,8
0.000860342619349945,False,441,time0,0.9092897996760351,3,,,time0,TIME0,0.8591781078941886,0.9493268910317357,0.0,5
0.0007395327562997782,False,441,time0,0.9171235733686044,4,,,time0,TIME0,0.8578915104445421,0.9366241533528179,0.0,7
0.0013744606349693682,False,441,time1,0.8485464246693271,6,,,time1,TIME1,0.8395584235071536,0.9485128586378268,0.0,4
0.0,False,442,time1,0.0,novo,0.11487540790478878,True,time1,TIME1,0.0,,,10
0.0,False,442,time0,0.0,novo,0.07814994982782386,True,time0,TIME0,0.0,,,20
1.116745020247119e-05,False,442,time0,0.9987072640173856,0,,,time0,TIME0,0.9864392319604243,0.9473954493795035,1.0,1
0.00015746188470119565,False,442,time0,0.9644296041685877,1,,,time0,TIME0,0.9833177471765454,0.9771328155875014,1.0,9
0.00013001071164265142,False,442,time1,0.9842800961503899,5,,,time1,TIME1,0.9804933514535857,0.9421391956439735,1.0,12
0.0,False,442,goleiro_time1,1.0,9,,,goleiro1,GOL-TIME1,0.8794948376395413,0.9179793505581648,0.0,3
4.08659603857315e-05,False,442,time0,0.9717421041885481,2,,,time0,TIME0,0.875286206342544,0.936425418347334,0.0,2
5.5492864601049673e-05,False,442,time1,0.9930703262573745,7,,,time1,TIME1,0.8694575685168497,0.8866960191341116,0.0,8
0.0008570641919209098,False,442,time0,0.9208116568150484,3,,,time0,TIME0,0.8625010993050746,0.9493268910317357,0.0,5
0.0008242209666127533,False,442,time1,0.9052532575003469,8,,,time1,TIME1,0.8542690246084937,0.9369135249387379,0.0,6
0.0013678809505433013,False,442,time0,0.8618801725403193,4,,,time0,TIME0,0.8410480385196579,0.9366241533528179,0.0,7
0.0012301804033152896,False,442,time1,0.8411200713851021,6,,,time1,TIME1,0.8377178763028716,0.9485128586378268,0.0,4
0.0,False,443,time1,0.0,novo,0.11487540790478878,True,time1,TIME1,0.0,,,10
0.0,False,443,time0,0.0,novo,0.07814994982782386,True,time0,TIME0,0.0,,,20
0.0001767658444626642,False,443,time0,0.9853021090821004,1,,,time0,TIME0,0.9894918548321728,0.9771328155875014,1.0,9
5.741894372784254e-06,False,443,time0,0.9981530090965658,0,,,time0,TIME0,0.9862799378293616,0.9473954493795035,1.0,1
0.00010104844947842292,False,443,time1,0.9768132276650753,5,,,time1,TIME1,0.9783985590609519,0.9421391956439735,1.0,12
0.0,False,443,goleiro_time1,1.0,9,,,goleiro1,GOL-TIME1,0.8794948376395413,0.9179793505581648,0.0,3
0.00016337566867808643,False,443,time1,0.9670201183818677,8,,,time1,TIME1,0.8736550181680997,0.9369135249387379,0.0,6
3.919451576028558e-05,False,443,time1,0.9964082136305539,7,,,time1,TIME1,0.8705274408655606,0.8866960191341116,0.0,8
0.000470032800776594,False,443,time0,0.956919659253489,2,,,time0,TIME0,0.8704108173930049,0.936425418347334,0.0,2
0.000591511976028043,False,443,time0,0.9295533160892028,3,,,time0,TIME0,0.865421383873791,0.9493268910317357,0.0,5
0.000769965229959884,False,443,time1,0.9038941632874743,6,,,time1,TIME1,0.8572600724108141,0.9485128586378268,0.0,4
0.0011275360275198889,False,443,time0,0.8892456222521602,4,,,time0,TIME0,0.8497286901975916,0.9366241533528179,0.0,7
0.0,False,444,time1,0.0,novo,0.12239395013910193,True,time1,TIME1,0.0,,,10
0.0,False,444,time0,0.0,novo,0.08071231179086191,True,time0,TIME0,0.0,,,20
0.00012982681947244011,False,444,time0,0.9852188213330909,0,,,time0,TIME0,0.9820831445298421,0.9469117698967947,1.0,1
0.00014901858459029948,False,444,time1,0.984461984049038,5,,,time1,TIME1,0.9805764332833676,0.9416523308623519,1.0,12
0.00039251198406847407,False,444,time0,0.9468892949471212,1,,,time0,TIME0,0.977289163183008,0.9757538468869871,1.0,9
0.0,False,444,goleiro_time1,1.0,9,,,goleiro1,GOL-TIME1,0.8794948376395413,0.9179793505581648,0.0,3
9.373510517705715e-05,False,444,time0,0.9826039222928536,2,,,time0,TIME0,0.8779421451493227,0.9344677741765017,0.0,2
0.00039960452205648763,False,444,time0,0.9618398200204686,3,,,time0,TIME0,0.8756707742843074,0.9510397255788453,0.0,5
0.00016780176385648927,False,444,time1,0.9636751439926947,8,,,time1,TIME1,0.8730391271883012,0.9368787908943319,0.0,6
0.0001359225551062625,False,444,time1,0.9833406764669808,7,,,time1,TIME1,0.8656416922619379,0.8833489580502492,0.0,8
0.0011309104405992558,False,444,time0,0.8958986658059732,4,,,time0,TIME0,0.8522884939349731,0.9390156386274648,0.0,7
0.002461857411643679,False,444,time1,0.7616847740834933,6,,,time1,TIME1,0.8119434802610013,0.947938193662811,0.0,4
0.0,False,445,time1,0.0,novo,0.12239395013910193,True,time1,TIME1,0.0,,,10
0.0,False,445,time0,0.0,novo,0.08071231179086191,True,time0,TIME0,0.0,,,20
4.32279043198697e-05,False,445,time0,0.997044004767992,0,,,time0,TIME0,0.9857323370391643,0.9469117698967947,1.0,1
0.0003669428425462762,False,445,time0,0.9651272450912436,1,,,time0,TIME0,0.9831004130744231,0.9757538468869871,1.0,9
0.0001488428730152869,False,445,time1,0.9871246319023872,5,,,time1,TIME1,0.9812432585197585,0.9416523308623519,1.0,12
0.00012476552961381633,False,445,time0,0.9884254860300857,2,,,time0,TIME0,0.8798906762517403,0.9344677741765017,0.0,2
0.0,False,445,goleiro_time1,1.0,9,,,goleiro1,GOL-TIME1,0.8794948376395413,0.9179793505581648,0.0,3
0.000580454094276168,False,445,time1,0.9552648735166895,8,,,time1,TIME1,0.8697888715604399,0.9368787908943319,0.0,6
5.480402043603714e-05,False,445,time1,0.994246820003337,7,,,time1,TIME1,0.8690059574909187,0.8833489580502492,0.0,8
0.00116376827683093,False,445,time0,0.9320669568715289,3,,,time0,TIME0,0.865688253036239,0.9510397255788453,0.0,5
0.0015079712969491804,False,445,time1,0.8610499061536265,6,,,time1,TIME1,0.8429426144558766,0.947938193662811,0.0,4
0.0019450116177752946,False,445,time0,0.8405510525612928,4,,,time0,TIME0,0.8345785612542878,0.9390156386274648,0.0,7
0.0,False,446,time1,0.0,novo,0.12239395013910193,True,time1,TIME1,0.0,,,10
0.0,False,446,time0,0.0,novo,0.08071231179086191,True,time0,TIME0,0.0,,,20
3.095458905095769e-05,False,446,time0,0.9966781964970884,0,,,time0,TIME0,0.9856798742070263,0.9469117698967947,1.0,1
0.0004516735665880981,False,446,time0,0.9688824532936614,1,,,time0,TIME0,0.9836852587262176,0.9757538468869871,1.0,9
0.0003504222002994668,False,446,time1,0.9662243851830772,5,,,time1,TIME1,0.9746273702963099,0.9416523308623519,1.0,12
9.810465912538883e-05,False,446,time0,0.9902652207676517,2,,,time0,TIME0,0.8804586996356273,0.9344677741765017,0.0,2
0.0,False,446,goleiro_time1,1.0,9,,,goleiro1,GOL-TIME1,0.8794948376395413,0.9179793505581648,0.0,3
0.000646577857950546,False,446,time1,0.9624643193352649,8,,,time1,TIME1,0.8722702661502618,0.9368787908943319,0.0,6
7.762376537669055e-05,False,446,time1,0.9929506678095038,7,,,time1,TIME1,0.868568354946353,0.8833489580502492,0.0,8
0.0012931203047045108,False,446,time0,0.8943359324381775,4,,,time0,TIME0,0.8514243460217363,0.9390156386274648,0.0,7
0.0010735053396750912,False,446,time0,0.8826157618655862,3,,,time0,TIME0,0.8511070678064665,0.9510397255788453,0.0,5
0.002825020438715345,False,446,time1,0.7642072550042474,6,,,time1,TIME1,0.8126571381551868,0.947938193662811,0.0,4
0.0,False,447,time1,0.0,novo,0.12836283165355455,True,time1,TIME1,0.0,,,10
0.0,False,447,time0,0.0,novo,0.08006898505986859,True,time0,TIME0,0.0,,,20
2.776154737700248e-05,False,447,time0,0.9970369084467267,0,,,time0,TIME0,0.9855591001167615,0.9459254272670623,1.0,1
0.0003829520010052188,False,447,time0,0.964608703959403,1,,,time0,TIME0,0.9824447172294053,0.9742828025984624,1.0,9
0.00010788818805015591,False,447,time1,0.9809044055508711,5,,,time1,TIME1,0.9794830254701985,0.9419497538036468,1.0,12
0.0,False,447,goleiro_time1,1.0,9,,,goleiro1,GOL-TIME1,0.8794948376395413,0.9179793505581648,0.0,3
0.00012381236978377836,False,447,time0,0.9855301439518147,2,,,time0,TIME0,0.8790828757849537,0.9342156776442129,0.0,2
0.00031371217886263364,False,447,time1,0.9768911931603188,8,,,time1,TIME1,0.8761984937560165,0.9346086536408524,0.0,6
0.00041578084368553743,False,447,time0,0.9431753860759847,3,,,time0,TIME0,0.8706662779497946,0.9545745796736154,0.0,5
8.336769102614115e-05,False,447,time1,0.9911304689719795,7,,,time1,TIME1,0.8670733357031671,0.879650820190856,0.0,8
0.0008269150585658263,False,447,time0,0.9328184781262363,4,,,time0,TIME0,0.864050085412608,0.9412484223479178,0.0,7
0.00174978654561631,False,447,time1,0.8239240976483568,6,,,time1,TIME1,0.8308758054562206,0.9454187954143257,0.0,4
0.0,False,448,time1,0.0,novo,0.12836283165355455,True,time1,TIME1,0.0,,,10
0.0,False,448,time0,0.0,novo,0.08006898505986859,True,time0,TIME0,0.0,,,20
5.787402104350488e-06,False,448,time0,0.9980680799658503,0,,,time0,TIME0,0.9858788056690412,0.9459254272670623,1.0,1
0.0004542592434593747,False,448,time0,0.960260064823523,1,,,time0,TIME0,0.9811610751195413,0.9742828025984624,1.0,9
0.00016354588847368654,False,448,time1,0.9854002825119489,5,,,time1,TIME1,0.9809158974575933,0.9419497538036468,1.0,12
0.0,False,448,time1,1.0,6,,,time1,TIME1,0.8851616625724794,0.9454187954143257,0.0,4
0.0,False,448,goleiro_time1,1.0,9,,,goleiro1,GOL-TIME1,0.8794948376395413,0.9179793505581648,0.0,3
7.941972944169038e-05,False,448,time0,0.986575084677815,2,,,time0,TIME0,0.8793402169026583,0.9342156776442129,0.0,2
0.00040144798430601336,False,448,time1,0.9621334066255838,8,,,time1,TIME1,0.8717917427616202,0.9346086536408524,0.0,6
0.0008138182427300029,False,448,time0,0.9344362181653074,3,,,time0,TIME0,0.8676544044692941,0.9545745796736154,0.0,5
0.00010862867777121372,False,448,time1,0.988755039046233,7,,,time1,TIME1,0.8663985071991777,0.879650820190856,0.0,8
0.0008062256357381206,False,448,time0,0.9356555526661354,4,,,time0,TIME0,0.8652477751237722,0.9412484223479178,0.0,7
0.0,False,449,time1,0.0,novo,0.12836283165355455,True,time1,TIME1,0.0,,,10
0.0,False,449,time0,0.0,novo,0.08006898505986859,True,time0,TIME0,0.0,,,20
1.3358498173596049e-05,False,449,time0,0.9986033753482907,0,,,time0,TIME0,0.9860409912516893,0.9459254272670623,1.0,1
0.0004242664672788803,False,449,time0,0.964465566113487,1,,,time0,TIME0,0.9824866962591909,0.9742828025984624,1.0,9
0.00025424130642903123,False,449,time1,0.9732360697937851,5,,,time1,TIME1,0.9771643891662992,0.9419497538036468,1.0,12
0.0,False,449,time1,1.0,6,,,time1,TIME1,0.8863546988535814,0.9454187954143257,0.0,4
5.294309198160745e-06,False,449,time0,0.9966738151020363,2,,,time0,TIME0,0.8824963557237311,0.9342156776442129,0.0,2
0.0,False,449,goleiro_time1,1.0,9,,,goleiro1,GOL-TIME1,0.8794948376395413,0.9179793505581648,0.0,3
7.221298019822797e-05,False,449,time0,0.9629873541036846,3,,,time0,TIME0,0.8769658440237705,0.9545745796736154,0.0,5
0.00041538584142682567,False,449,time1,0.963311221137095,8,,,time1,TIME1,0.8717268836506705,0.9346086536408524,0.0,6
4.597260181533486e-05,False,449,time1,0.994464798877337,7,,,time1,TIME1,0.8681587732075402,0.879650820190856,0.0,8
0.0006908515435602792,False,449,time0,0.9440659234352933,4,,,time0,TIME0,0.8674805630820495,0.9412484223479178,0.0,7
0.0,False,450,time1,0.0,novo,0.13018750387837685,True,time1,TIME1,0.0,,,10
0.0,False,450,time0,0.0,novo,0.07999718210962992,True,time0,TIME0,0.0,,,20
2.368538508515837e-05,False,450,time0,0.9974744875232128,0,,,time0,TIME0,0.9853048228746297,0.9443852186029003,1.0,1
0.00047692200341231927,False,450,time0,0.9623734886836456,1,,,time0,TIME0,0.9817032891017832,0.973885966389841,1.0,9
0.0001413631201878671,False,450,time1,0.9865567342118705,5,,,time1,TIME1,0.9808457466603969,0.9405997272948241,1.0,12
9.545732815204182e-06,False,450,time0,0.9959017790742152,2,,,time0,TIME0,0.8823065806693211,0.934203699530631,0.0,2
0.0,False,450,goleiro_time1,1.0,9,,,goleiro1,GOL-TIME1,0.8794948376395413,0.9179793505581648,0.0,3
7.096978973143524e-05,False,450,time1,0.9926910664340131,7,,,time1,TIME1,0.8668077417828246,0.8763448501972999,0.0,8
0.0005665220206459148,False,450,time1,0.9323806287167229,8,,,time1,TIME1,0.8619602959452084,0.9325435692562465,0.0,6
0.0008142332335438048,False,450,time0,0.9130725129393178,4,,,time0,TIME0,0.8589521308153906,0.9436592272511843,0.0,7
0.0017963795631373615,False,450,time0,0.8540083400421574,3,,,time0,TIME0,0.8424844039607442,0.9563712192871561,0.0,5
0.00696077627387176,False,450,time1,0.4902733479377739,6,,,time1,TIME1,0.72201574743772,0.9440308212410993,0.0,4
0.0,False,451,time1,0.0,novo,0.13018750387837685,True,time1,TIME1,0.0,,,10
0.0,False,451,time0,0.0,novo,0.07999718210962992,True,time0,TIME0,0.0,,,20
4.3453980458501096e-05,False,451,time0,0.9866664520930111,0,,,time0,TIME0,0.9820428052901671,0.9443852186029003,1.0,1
9.095624576970399e-05,False,451,time1,0.9886468174016393,5,,,time1,TIME1,0.981538105790991,0.9405997272948241,1.0,12
0.0008872846549928886,False,451,time0,0.9487450478734584,1,,,time0,TIME0,0.9769750656082784,0.973885966389841,1.0,9
0.0,False,451,goleiro_time1,1.0,9,,,goleiro1,GOL-TIME1,0.8794948376395413,0.9179793505581648,0.0,3
0.0004017483706884732,False,451,time1,0.964546895513148,8,,,time1,TIME1,0.8714921692438271,0.9325435692562465,0.0,6
0.0001236505081466836,False,451,time1,0.9882801135544469,7,,,time1,TIME1,0.86538091870513,0.8763448501972999,0.0,8
0.001029912025924025,False,451,time0,0.9140516798357827,2,,,time0,TIME0,0.8561253756552588,0.934203699530631,0.0,2
0.0012857537611681666,False,451,time0,0.882435721375851,4,,,time0,TIME0,0.8491465498523134,0.9436592272511843,0.0,7
0.001447255604271292,False,451,time0,0.8549954427880729,3,,,time0,TIME0,0.8437562223825823,0.9563712192871561,0.0,5
0.0017451029329109073,False,451,time1,0.8211196275293373,6,,,time1,TIME1,0.8265103792884753,0.9440308212410993,0.0,4
0.0,False,452,time1,0.0,novo,0.13018750387837685,True,time1,TIME1,0.0,,,10
0.0,False,452,time0,0.0,novo,0.07999718210962992,True,time0,TIME0,0.0,,,20
5.35767218851886e-05,False,452,time0,0.9749267335986286,1,,,time0,TIME0,0.9853276869719039,0.973885966389841,1.0,9
6.468925508622836e-05,False,452,time0,0.9943273475775023,0,,,time0,TIME0,0.9842658291213794,0.9443852186029003,1.0,1
0.0002487464577079684,False,452,time1,0.9752899988141339,5,,,time1,TIME1,0.9772824103578118,0.9405997272948241,1.0,12
6.208664628535436e-05,False,452,time0,0.9930240668442073,2,,,time0,TIME0,0.8807416683114778,0.934203699530631,0.0,2
0.0,False,452,goleiro_time1,1.0,9,,,goleiro1,GOL-TIME1,0.8794948376395413,0.9179793505581648,0.0,3
0.0007420001760088332,False,452,time0,0.9493891140960486,4,,,time0,TIME0,0.869686203014329,0.9436592272511843,0.0,7
0.0007927843978197908,False,452,time1,0.9543360808329677,8,,,time1,TIME1,0.8683951269096035,0.9325435692562465,0.0,6
2.4785570503866737e-05,False,452,time1,0.9959159409163355,7,,,time1,TIME1,0.8677583473416488,0.8763448501972999,0.0,8
0.0022256208976769057,False,452,time1,0.7863182421918934,6,,,time1,TIME1,0.8195504586896163,0.9440308212410993,0.0,4
0.0041585302063306745,False,452,time0,0.6955071457431434,3,,,time0,TIME0,0.7902039798218816,0.9563712192871561,0.0,5
0.0,False,453,time1,0.0,novo,0.12904639400294382,True,time1,TIME1,0.0,,,10
0.0,False,453,time0,0.0,novo,0.08561220448658768,True,time0,TIME0,0.0,,,20
0.0001348053521470768,False,453,time0,0.9921841838538464,1,,,time0,TIME0,0.9908324709537492,0.9734850811680583,1.0,9
1.2946395141607005e-05,False,453,time0,0.9988264485215269,0,,,time0,TIME0,0.9853435683083815,0.9429707670931937,1.0,1
0.00040493137052328325,False,453,time1,0.9657868745734335,5,,,time1,TIME1,0.9743245140495433,0.9402973612110502,1.0,12
0.0,False,453,goleiro_time1,1.0,9,,,goleiro1,GOL-TIME1,0.8794948376395413,0.9179793505581648,0.0,3
0.00014875782019140683,False,453,time1,0.9861075300250246,8,,,time1,TIME1,0.8780622181150723,0.9313539329027385,0.0,6
0.0002796134034132331,False,453,time0,0.9771866846375166,2,,,time0,TIME0,0.8761260318849567,0.9338286885152035,0.0,2
3.890440981766417e-06,False,453,time1,0.9985790439312098,7,,,time1,TIME1,0.8674374264414644,0.8715260982180718,0.0,8
0.0013845639871171253,False,453,time0,0.9222385389689987,4,,,time0,TIME0,0.8610916456669708,0.9445387555664067,0.0,7
0.0007726585609273571,False,453,time0,0.9012171257056334,3,,,time0,TIME0,0.8567183131318349,0.9580836555851637,0.0,5
0.0017248327116839894,False,453,time1,0.8351056081814707,6,,,time1,TIME1,0.8342377802594969,0.9426844272767614,0.0,4
0.0,False,454,time1,0.0,novo,0.12904639400294382,True,time1,TIME1,0.0,,,10
0.0,False,454,time0,0.0,novo,0.08561220448658768,True,time0,TIME0,0.0,,,20
6.687620086935385e-05,False,454,time0,0.9931293492936399,1,,,time0,TIME0,0.9912027041267623,0.9734850811680583,1.0,9
2.6457373426699266e-05,False,454,time0,0.9977299830509426,0,,,time0,TIME0,0.9850107844900774,0.9429707670931937,1.0,1
0.0002496548462185467,False,454,time1,0.9803182333032735,5,,,time1,TIME1,0.9788305893633321,0.9402973612110502,1.0,12
3.742020490637571e-05,False,454,time0,0.9962532584571286,2,,,time0,TIME0,0.8820831235463767,0.9338286885152035,0.0,2
0.0,False,454,goleiro_time1,1.0,9,,,goleiro1,GOL-TIME1,0.8794948376395413,0.9179793505581648,0.0,3
0.0005309793764854862,False,454,time0,0.9547122208527431,3,,,time0,TIME0,0.8752839956104332,0.9580836555851637,0.0,5
0.0005949765912671826,False,454,time1,0.9545124371774881,8,,,time1,TIME1,0.868320112359795,0.9313539329027385,0.0,6
0.0008172181741931524,False,454,time0,0.9432293086050392,4,,,time0,TIME0,0.8679674858361777,0.9445387555664067,0.0,7
3.113185113413004e-05,False,454,time1,0.9950985645673274,7,,,time1,TIME1,0.8663636663864612,0.8715260982180718,0.0,8
0.002243046859125707,False,454,time1,0.7873303369833166,6,,,time1,TIME1,0.8191456965302841,0.9426844272767614,0.0,4
0.0,False,455,time1,0.0,novo,0.12904639400294382,True,time1,TIME1,0.0,,,10
0.0,False,455,time0,0.0,novo,0.08561220448658768,True,time0,TIME0,0.0,,,20
1.029841415972676e-05,False,455,time0,0.9904194500008209,1,,,time0,TIME0,0.9904481007115179,0.9734850811680583,1.0,9
8.186687839682861e-06,False,455,time0,0.9990259942494483,0,,,time0,TIME0,0.9854301610485512,0.9429707670931937,1.0,1
0.00040753967403306304,False,455,time1,0.9671665209792385,5,,,time1,TIME1,0.9747435789923844,0.9402973612110502,1.0,12
0.0,False,455,time1,1.0,6,,,time1,TIME1,0.8841417566879682,0.9426844272767614,0.0,4
0.0,False,455,goleiro_time1,1.0,9,,,goleiro1,GOL-TIME1,0.8794948376395413,0.9179793505581648,0.0,3
0.0002610624769521271,False,455,time0,0.9781628145104837,2,,,time0,TIME0,0.8765160674558697,0.9338286885152035,0.0,2
0.0004293482783825142,False,455,time0,0.9684333147886567,4,,,time0,TIME0,0.8760065274352375,0.9445387555664067,0.0,7
0.0004809271720892411,False,455,time1,0.966049211968458,8,,,time1,TIME1,0.8715176884462239,0.9313539329027385,0.0,6
3.11177697297589e-05,False,455,time1,0.996748764938901,7,,,time1,TIME1,0.8668357075425283,0.8715260982180718,0.0,8
0.006645998943464972,False,455,time0,0.5580569579140304,3,,,time0,TIME0,0.7460907752756623,0.9580836555851637,0.0,5
0.0,False,456,time1,0.0,novo,0.1326740330098607,True,time1,TIME1,0.0,,,10
0.0,False,456,time0,0.0,novo,0.08561220448658768,True,time0,TIME0,0.0,,,20
9.456173212647486e-05,False,456,time0,0.9910678561887842,1,,,time0,TIME0,0.9900230415536272,0.9713851594863201,1.0,9
1.0463999077407597e-05,False,456,time0,0.9988697322932983,0,,,time0,TIME0,0.9848590084689027,0.9408658729263691,1.0,1
0.00017642034431722476,False,456,time1,0.9793596284540668,5,,,time1,TIME1,0.9783107243805849,0.9395569794537453,1.0,12
0.0,False,456,goleiro_time1,1.0,9,,,goleiro1,GOL-TIME1,0.8794948376395413,0.9179793505581648,0.0,3
0.00017185443071793705,False,456,time0,0.982857466644785,2,,,time0,TIME0,0.8780168404981697,0.9336303527209662,0.0,2
0.0002643233509799917,False,456,time0,0.9728461221443631,4,,,time0,TIME0,0.8778559235394152,0.9455329692855027,0.0,7
0.00023976467150350293,False,456,time1,0.9536845631614147,8,,,time1,TIME1,0.8673259781710422,0.9270485027968275,0.0,6
0.0005394011533869991,False,456,time0,0.9378462796273762,3,,,time0,TIME0,0.8664990553597622,0.9592225172888076,0.0,5
5.832723156636751e-05,False,456,time1,0.9933261384594898,7,,,time1,TIME1,0.8654127365359421,0.8699827511513398,0.0,8
0.006547796491348451,False,456,time1,0.5181246214352999,6,,,time1,TIME1,0.7303678672748539,0.9413897192310916,0.0,4
0.0,False,457,time1,0.0,novo,0.1326740330098607,True,time1,TIME1,0.0,,,10
0.0,False,457,time0,0.0,novo,0.08561220448658768,True,time0,TIME0,0.0,,,20
2.3160817101133535e-05,False,457,time0,0.9972104083995897,0,,,time0,TIME0,0.9843491446522754,0.9408658729263691,1.0,1
0.0005263823639413501,False,457,time0,0.9469689223559763,1,,,time0,TIME0,0.9760653929023148,0.9713851594863201,1.0,9
0.00040045152439534216,False,457,time1,0.9674427489112138,5,,,time1,TIME1,0.9745553481217852,0.9395569794537453,1.0,12
8.621247715263069e-05,False,457,time0,0.9883661765665199,2,,,time0,TIME0,0.8796926978547841,0.9336303527209662,0.0,2
0.0,False,457,goleiro_time1,1.0,9,,,goleiro1,GOL-TIME1,0.8794948376395413,0.9179793505581648,0.0,3
0.00039825871902309754,False,457,time0,0.9684337530514854,4,,,time0,TIME0,0.8764389932429877,0.9455329692855027,0.0,7
0.00047582861930240984,False,457,time1,0.9595222916315218,8,,,time1,TIME1,0.8690223800017776,0.9270485027968275,0.0,6
5.501016509349831e-05,False,457,time1,0.9927747588717338,7,,,time1,TIME1,0.8652604894003713,0.8699827511513398,0.0,8
0.00014862077936796155,False,457,time0,0.9170821544232052,3,,,time0,TIME0,0.8644252168857767,0.9592225172888076,0.0,5
0.014577922311801977,False,457,time1,0.24587018942064398,6,,,time1,TIME1,0.6378135526376721,0.9413897192310916,0.0,4
0.0,False,458,time1,0.0,novo,0.1326740330098607,True,time1,TIME1,0.0,,,10
0.0,False,458,time0,0.0,novo,0.08561220448658768,True,time0,TIME0,0.0,,,20
5.2557498200067596e-06,False,458,time0,0.9994901263201401,0,,,time0,TIME0,0.9850437275418747,0.9408658729263691,1.0,1
0.0001886785920712591,False,458,time1,0.9847732000332092,5,,,time1,TIME1,0.9799376310733662,0.9395569794537453,1.0,12
0.00047047949932372434,False,458,time0,0.9555770001173528,1,,,time0,TIME0,0.979052742096212,0.9713851594863201,1.0,9
9.681092019012399e-05,False,458,time0,0.9896766447900598,4,,,time0,TIME0,0.8829624222151699,0.9455329692855027,0.0,7
0.0,False,458,goleiro_time1,1.0,9,,,goleiro1,GOL-TIME1,0.8794948376395413,0.9179793505581648,0.0,3
0.00016473429431883448,False,458,time0,0.9836259555952347,2,,,time0,TIME0,0.8781971476346307,0.9336303527209662,0.0,2
2.7811423641528033e-06,False,458,time1,0.9996093783062685,7,,,time1,TIME1,0.8673403573874483,0.8699827511513398,0.0,8
0.0005323850690855869,False,458,time1,0.9484622436946487,8,,,time1,TIME1,0.8657536711229811,0.9270485027968275,0.0,6
0.006955170549548794,False,458,time0,0.5433908872877814,3,,,time0,TIME0,0.7417707804594169,0.9592225172888076,0.0,5
0.013197605638979655,False,458,time1,0.3301316414910652,6,,,time1,TIME1,0.6536820251587784,0.9413897192310916,0.0,4
0.0,False,459,time1,0.0,novo,0.13521184554046195,True,time1,TIME1,0.0,,,10
0.0,False,459,time0,0.0,novo,0.08622555776221796,True,time0,TIME0,0.0,,,20
1.4872442560666537e-05,False,459,time0,0.9983997777695897,0,,,time0,TIME0,0.9842224094091793,0.9389179974332402,1.0,1
0.00011170549474865374,False,459,time0,0.9682889128372345,1,,,time0,TIME0,0.9825828257879473,0.9697960371409244,1.0,9
0.0004808863832610875,False,459,time1,0.9507706585014009,5,,,time1,TIME1,0.9693725597273432,0.9392673099778369,1.0,12
0.0,False,459,goleiro_time1,1.0,9,,,goleiro1,GOL-TIME1,0.8794948376395413,0.9179793505581648,0.0,3
5.003107119198173e-05,False,459,time0,0.9760260243457407,4,,,time0,TIME0,0.8791218065827472,0.9458255151301347,0.0,7
0.0,False,459,time1,1.0,6,,,time1,TIME1,0.8756987330769042,0.9387884022321067,0.0,4
0.000288210181636532,False,459,time0,0.970244641991468,2,,,time0,TIME0,0.8744702920408278,0.934998392378545,0.0,2
0.0003122126313718809,False,459,time1,0.9606501140303437,8,,,time1,TIME1,0.8688231008199625,0.9243640524226358,0.0,6
1.6348477181769606e-05,False,459,time1,0.9981650836555164,7,,,time1,TIME1,0.8665380648133014,0.8684657659788682,0.0,8
0.008172909852953492,False,459,time0,0.5277882148547962,3,,,time0,TIME0,0.7303272831319463,0.9589287471776753,0.0,5
0.0,False,460,time1,0.0,novo,0.13521184554046195,True,time1,TIME1,0.0,,,10
0.0,False,460,time0,0.0,novo,0.08622555776221796,True,time0,TIME0,0.0,,,20
1.0512777461666654e-05,False,460,time0,0.9988612385944001,0,,,time0,TIME0,0.984368295590235,0.9389179974332402,1.0,1
0.0002509965906620707,False,460,time0,0.9693155062880316,1,,,time0,TIME0,0.9827912773990993,0.9697960371409244,1.0,9
0.0004961597701096914,False,460,time1,0.9625946147294066,5,,,time1,TIME1,0.9731021773262606,0.9392673099778369,1.0,12
0.000149654261228067,False,460,time0,0.9793240671895116,4,,,time0,TIME0,0.8799855241006215,0.9458255151301347,0.0,7
0.0,False,460,goleiro_time1,1.0,9,,,goleiro1,GOL-TIME1,0.8794948376395413,0.9179793505581648,0.0,3
0.0001594283602729422,False,460,time0,0.9828550905575519,2,,,time0,TIME0,0.8783732022677538,0.934998392378545,0.0,2
0.0006587875675064012,False,460,time1,0.9539938647977028,8,,,time1,TIME1,0.866162889182764,0.9243640524226358,0.0,6
8.495373721341373e-05,False,460,time1,0.987515813458312,7,,,time1,TIME1,0.8632249210069682,0.8684657659788682,0.0,8
0.0013449925329938053,False,460,time0,0.8546973693045815,3,,,time0,TIME0,0.8402587898053195,0.9589287471776753,0.0,5
0.009414460903102207,False,460,time1,0.4090802239806269,6,,,time1,TIME1,0.6924436163154613,0.9387884022321067,0.0,4
0.0,False,461,time1,0.0,novo,0.13521184554046195,True,time1,TIME1,0.0,,,10
0.0,False,461,time0,0.0,novo,0.08622555776221796,True,time0,TIME0,0.0,,,20
0.00017194364359642982,False,461,time0,0.9833153139633498,1,,,time0,TIME0,0.9871007481457791,0.9697960371409244,1.0,9
1.9549119199403635e-05,False,461,time0,0.9966207962976072,0,,,time0,TIME0,0.9836916459637951,0.9389179974332402,1.0,1
0.0008709058097295237,False,461,time1,0.9370097418893927,5,,,time1,TIME1,0.9648624559643989,0.9392673099778369,1.0,12
0.00017911850754325718,False,461,time0,0.9806520402297937,4,,,time0,TIME0,0.8804461290399632,0.9458255151301347,0.0,7
0.0,False,461,goleiro_time1,1.0,9,,,goleiro1,GOL-TIME1,0.8794948376395413,0.9179793505581648,0.0,3
0.00014254867233701548,False,461,time0,0.9733649949019825,2,,,time0,TIME0,0.875537763701729,0.934998392378545,0.0,2
0.0005775380989221697,False,461,time1,0.9547150216499086,8,,,time1,TIME1,0.8665151300951508,0.9243640524226358,0.0,6
8.294904113991313e-05,False,461,time1,0.9914457613743154,7,,,time1,TIME1,0.8643617745410976,0.8684657659788682,0.0,8
0.004685084755947091,False,461,time1,0.641202045784986,6,,,time1,TIME1,0.7637299966095965,0.9387884022321067,0.0,4
0.009129780857564964,False,461,time0,0.5455641962185759,3,,,time0,TIME0,0.7379619822364762,0.9589287471776753,0.0,5
0.0,False,462,time1,0.0,novo,0.13816074668691025,True,time1,TIME1,0.0,,,10
0.0,False,462,time0,0.0,novo,0.08622555776221796,True,time0,TIME0,0.0,,,20
5.883102305812892e-05,False,462,time0,0.9907739474906582,1,,,time0,TIME0,0.988810725049041,0.9671467976307792,1.0,9
3.0388778818192625e-06,False,462,time0,0.9996500604418369,0,,,time0,TIME0,0.9840800703186073,0.9368127451810644,1.0,1
0.0004924243454617409,False,462,time1,0.9614024320518988,5,,,time1,TIME1,0.9723652873767711,0.9387574348773782,1.0,12
0.0,False,462,goleiro_time1,1.0,9,,,goleiro1,GOL-TIME1,0.8794948376395413,0.9179793505581648,0.0,3
0.000266219194404976,False,462,time0,0.979503778134261,2,,,time0,TIME0,0.8772665961556467,0.935390027390004,0.0,2
0.0004731465509218149,False,462,time0,0.9495852563168188,4,,,time0,TIME0,0.8706802403815633,0.9457425962295197,0.0,7
2.6079702615024852e-05,False,462,time1,0.9963082349911692,7,,,time1,TIME1,0.8650173309158353,0.8648544286348285,0.0,8
0.0009606893259574373,False,462,time1,0.9273178697778032,8,,,time1,TIME1,0.8576941101527948,0.9225446665707284,0.0,6
0.0023153589576983195,False,462,time1,0.7820387546705182,6,,,time1,TIME1,0.8128207177616095,0.9361688879150366,0.0,4
0.009059401662416049,False,462,time0,0.5124516635763108,3,,,time0,TIME0,0.7231590548418892,0.9600789631847627,0.0,5
0.0,False,463,time1,0.0,novo,0.13816074668691025,True,time1,TIME1,0.0,,,10
0.0,False,463,time0,0.0,novo,0.08622555776221796,True,time0,TIME0,0.0,,,20
0.00027850330298631295,False,463,time0,0.9744114813427704,1,,,time0,TIME0,0.9836596521306731,0.9671467976307792,1.0,9
9.37223602536458e-06,False,463,time0,0.99810478306753,0,,,time0,TIME0,0.9836215570872996,0.9368127451810644,1.0,1
0.0006602747870304359,False,463,time1,0.9503608906361979,5,,,time1,TIME1,0.9689300743774135,0.9387574348773782,1.0,12
0.0,False,463,time1,1.0,6,,,time1,TIME1,0.8824635681439649,0.9361688879150366,0.0,4
4.6062096892654226e-05,False,463,time0,0.9934991889775284,2,,,time0,TIME0,0.8816505690276832,0.935390027390004,0.0,2
0.0,False,463,goleiro_time1,1.0,9,,,goleiro1,GOL-TIME1,0.8794948376395413,0.9179793505581648,0.0,3
0.0004324689788628807,False,463,time0,0.9543496084617084,4,,,time0,TIME0,0.8720824910671953,0.9457425962295197,0.0,7
5.290229601921381e-06,False,463,time1,0.998585350731779,7,,,time1,TIME1,0.8657701867315233,0.8648544286348285,0.0,8
0.0006653172805447426,False,463,time1,0.9524379041516564,8,,,time1,TIME1,0.8650697516855914,0.9225446665707284,0.0,6
0.001407362709830582,False,463,time0,0.8117530651349645,3,,,time0,TIME0,0.8257227099217647,0.9600789631847627,0.0,5
0.0,False,464,time1,0.0,novo,0.13816074668691025,True,time1,TIME1,0.0,,,10
0.0,False,464,time0,0.0,novo,0.08622555776221796,True,time0,TIME0,0.0,,,20
7.990649388065443e-05,False,464,time0,0.9912192457051835,0,,,time0,TIME0,0.9814355389093873,0.9368127451810644,1.0,1
0.0006527987123000822,False,464,time0,0.9349507987311336,1,,,time0,TIME0,0.9711091030820888,0.9671467976307792,1.0,9
0.0009693239758974237,False,464,time1,0.9259865480797262,5,,,time1,TIME1,0.9613812850792985,0.9387574348773782,1.0,12
0.0,False,464,time1,1.0,6,,,time1,TIME1,0.8840422219787591,0.9361688879150366,0.0,4
0.0,False,464,goleiro_time1,1.0,9,,,goleiro1,GOL-TIME1,0.8794948376395413,0.9179793505581648,0.0,3
0.000202858645542327,False,464,time0,0.9753284575848167,2,,,time0,TIME0,0.8760968903415154,0.935390027390004,0.0,2
0.0006512580208545625,False,464,time0,0.9402049544438914,3,,,time0,TIME0,0.8705002362386061,0.9600789631847627,0.0,5
0.00048697381146877783,False,464,time0,0.9470572096208146,4,,,time0,TIME0,0.8699421029897271,0.9457425962295197,0.0,7
0.00011501125424381803,False,464,time1,0.9863980579150704,7,,,time1,TIME1,0.8619495934338148,0.8648544286348285,0.0,8
0.002042494481908567,False,464,time1,0.8489520173100779,8,,,time1,TIME1,0.8321887044630545,0.9225446665707284,0.0,6
0.0,False,465,time1,0.0,novo,0.14407398871790966,True,time1,TIME1,0.0,,,10
0.0,False,465,time0,0.0,novo,0.0869751011891583,True,time0,TIME0,0.0,,,20
0.00021418297371890706,False,465,time0,0.9720837689166172,1,,,time0,TIME0,0.9826721429811377,0.9665528107309922,1.0,9
2.5413399477635462e-05,False,465,time0,0.9960513550226475,0,,,time0,TIME0,0.9823631626410847,0.9344327485690215,1.0,1
0.0013638274339146004,False,465,time1,0.8945380878601485,5,,,time1,TIME1,0.9513156553958323,0.9380429695081849,1.0,12
0.0,False,465,time0,1.0,3,,,time0,TIME0,0.8901235689279385,0.9622704339504484,0.0,5
0.0,False,465,time1,1.0,6,,,time1,TIME1,0.8830545665565546,0.9322182662262182,0.0,4
1.7638141673301752e-05,False,465,time0,0.998417377676785,2,,,time0,TIME0,0.8830016974490922,0.9345255137587577,0.0,2
0.00010994437114103514,False,465,time0,0.9847384996457833,4,,,time0,TIME0,0.8812488889858147,0.9447743883656017,0.0,7
0.0,False,465,goleiro_time1,1.0,9,,,goleiro1,GOL-TIME1,0.8794948376395413,0.9179793505581648,0.0,3
1.2399072102759055e-05,False,465,time1,0.9977970001767141,7,,,time1,TIME1,0.8650278966017155,0.8631313822307993,0.0,8
0.0007684743577049699,False,465,time1,0.933359919543275,8,,,time1,TIME1,0.8590060400596774,0.9222713954384938,0.0,6
0.0,False,466,time1,0.0,novo,0.14407398871790966,True,time1,TIME1,0.0,,,10
0.0,False,466,time0,0.0,novo,0.0869751011891583,True,time0,TIME0,0.0,,,20
0.0005031301952751107,False,466,time0,0.9749305499828874,1,,,time0,TIME0,0.9834450244995129,0.9665528107309922,1.0,9
7.426162794628171e-06,False,466,time0,0.9994262614335931,0,,,time0,TIME0,0.9834078797971033,0.9344327485690215,1.0,1
0.00068776970407788,False,466,time1,0.9464313762987617,5,,,time1,TIME1,0.9673373188739186,0.9380429695081849,1.0,12
0.0,False,466,time0,1.0,3,,,time0,TIME0,0.8905676084876122,0.9622704339504484,0.0,5
0.0,False,466,time1,1.0,6,,,time1,TIME1,0.8830545665565546,0.9322182662262182,0.0,4
0.00010253927734251034,False,466,time0,0.9872897443477607,2,,,time0,TIME0,0.8796489328485015,0.9345255137587577,0.0,2
0.0,False,466,goleiro_time1,1.0,9,,,goleiro1,GOL-TIME1,0.8794948376395413,0.9179793505581648,0.0,3
0.0003448063295018362,False,466,time0,0.9606822970015316,4,,,time0,TIME0,0.8739045307107858,0.9447743883656017,0.0,7
4.238300975258817e-06,False,466,time1,0.9994413795848024,7,,,time1,TIME1,0.8656000627690619,0.8631313822307993,0.0,8
0.0006776842097255333,False,466,time1,0.9405906044572562,8,,,time1,TIME1,0.8618302314433108,0.9222713954384938,0.0,6
0.0,False,467,time1,0.0,novo,0.14407398871790966,True,time1,TIME1,0.0,,,10
0.0,False,467,time0,0.0,novo,0.0869751011891583,True,time0,TIME0,0.0,,,20
8.081177186259322e-06,False,467,time0,0.999530277377655,0,,,time0,TIME0,0.9834500778597289,0.9344327485690215,1.0,1
0.0010014152459681507,False,467,time0,0.9396077723337931,1,,,time0,TIME0,0.972247840123893,0.9665528107309922,1.0,9
0.000835195089216268,False,467,time1,0.9350964527358467,5,,,time1,TIME1,0.9641336478951202,0.9380429695081849,1.0,12
0.0,False,467,time1,1.0,6,,,time1,TIME1,0.8830545665565546,0.9322182662262182,0.0,4
0.0,False,467,goleiro_time1,1.0,9,,,goleiro1,GOL-TIME1,0.8794948376395413,0.9179793505581648,0.0,3
0.00024977936882887396,False,467,time0,0.9713747229897688,2,,,time0,TIME0,0.8746903958810494,0.9345255137587577,0.0,2
0.0005287510584519138,False,467,time0,0.9552200065575742,4,,,time0,TIME0,0.8718038620932503,0.9447743883656017,0.0,7
1.0286090156475351e-05,False,467,time1,0.9986215422195251,7,,,time1,TIME1,0.8653529154246935,0.8631313822307993,0.0,8
0.0012241361483572991,False,467,time0,0.8907275443366427,3,,,time0,TIME0,0.8558383824616729,0.9622704339504484,0.0,5
0.0012838777794673393,False,467,time1,0.8803839423564476,8,,,time1,TIME1,0.8426926093691346,0.9222713954384938,0.0,6
0.0,False,468,time1,0.0,novo,0.14940724915402437,True,time1,TIME1,0.0,,,10
0.0,False,468,time0,0.0,novo,0.08784862831573792,True,time0,TIME0,0.0,,,20
6.255432266885474e-05,False,468,time0,0.996831055849099,0,,,time0,TIME0,0.982050438272675,0.9323805244886334,1.0,1
0.0006141778813881337,False,468,time0,0.956401490719659,1,,,time0,TIME0,0.9771100422440498,0.9641744600591504,1.0,9
0.0004520282873423894,False,468,time1,0.9601275801898077,5,,,time1,TIME1,0.9721775277869293,0.9393049846534924,1.0,12
0.0,False,468,time1,1.0,6,,,time1,TIME1,0.8826364359120965,0.9305457436483859,0.0,4
8.162949210971898e-05,False,468,time0,0.9909242905865504,2,,,time0,TIME0,0.8805210655693045,0.933971161099014,0.0,2
0.0,False,468,goleiro_time1,1.0,9,,,goleiro1,GOL-TIME1,0.8794948376395413,0.9179793505581648,0.0,3
0.0005942472626682563,False,468,time0,0.9483674440725667,4,,,time0,TIME0,0.8699160294418293,0.9447464073821824,0.0,7
2.4876379470385906e-06,False,468,time1,0.9992615214352373,7,,,time1,TIME1,0.865407373116478,0.8625565847807939,0.0,8
0.0004891415550485996,False,468,time1,0.9522305862960913,8,,,time1,TIME1,0.8653388220011551,0.923194021827638,0.0,6
0.008714006735918892,False,468,time0,0.49408466969305453,3,,,time0,TIME0,0.7244278950540365,0.9635606889581456,0.0,5
0.0,False,469,time1,0.0,novo,0.14940724915402437,True,time1,TIME1,0.0,,,10
0.0,False,469,time0,0.0,novo,0.08784862831573792,True,time0,TIME0,0.0,,,20
5.765951030060501e-06,False,469,time0,0.9992498029296433,0,,,time0,TIME0,0.9828193037277256,0.9323805244886334,1.0,1
0.0006811254373405698,False,469,time0,0.9530603095933764,1,,,time0,TIME0,0.9762628396910938,0.9641744600591504,1.0,9
0.0007987172444859586,False,469,time1,0.9372807311662021,5,,,time1,TIME1,0.9650417961682806,0.9393049846534924,1.0,12
0.0,False,469,time1,1.0,6,,,time1,TIME1,0.8826364359120965,0.9305457436483859,0.0,4
6.0824278981444634e-05,False,469,time0,0.9897450897192542,2,,,time0,TIME0,0.8802726022812417,0.933971161099014,0.0,2
0.0,False,469,goleiro_time1,1.0,9,,,goleiro1,GOL-TIME1,0.8794948376395413,0.9179793505581648,0.0,3
0.0009182197342755293,False,469,time0,0.946521327056317,4,,,time0,TIME0,0.8690486498043725,0.9447464073821824,0.0,7
4.488081894595851e-05,False,469,time1,0.9948583009480315,7,,,time1,TIME1,0.8640263668812305,0.8625565847807939,0.0,8
0.0016327280879116913,False,469,time0,0.9174268282321293,3,,,time0,TIME0,0.85777650631858,0.9635606889581456,0.0,5
0.001026500172353144,False,469,time1,0.8896274856250455,8,,,time1,TIME1,0.8463287034030578,0.923194021827638,0.0,6
0.0,False,470,time1,0.0,novo,0.14940724915402437,True,time1,TIME1,0.0,,,10
0.0,False,470,time0,0.0,novo,0.08784862831573792,True,time0,TIME0,0.0,,,20
1.1378255104038303e-05,False,470,time0,0.9993558851938066,0,,,time0,TIME0,0.9828838378032726,0.9323805244886334,1.0,1
0.00028461234318503996,False,470,time1,0.9730149975066265,5,,,time1,TIME1,0.9761170681218305,0.9393049846534924,1.0,12
0.00040476821521066874,False,470,time0,0.9448973780197759,1,,,time0,TIME0,0.973890480047947,0.9641744600591504,1.0,9
0.0,False,470,time1,1.0,6,,,time1,TIME1,0.8826364359120965,0.9305457436483859,0.0,4
2.1841494781232685e-05,False,470,time0,0.9959554659354437,2,,,time0,TIME0,0.8822127993409772,0.933971161099014,0.0,2
0.0,False,470,goleiro_time1,1.0,9,,,goleiro1,GOL-TIME1,0.8794948376395413,0.9179793505581648,0.0,3
0.0005212303392330337,False,470,time0,0.9618051366446758,4,,,time0,TIME0,0.873947629910431,0.9447464073821824,0.0,7
1.916981385407614e-05,False,470,time1,0.9967176677228161,7,,,time1,TIME1,0.8645969576459174,0.8625565847807939,0.0,8
0.0007061406067122407,False,470,time1,0.923838769906119,8,,,time1,TIME1,0.8568735940716395,0.923194021827638,0.0,6
0.0019240565095084835,False,470,time0,0.8927330616459045,3,,,time0,TIME0,0.8565133033770809,0.9635606889581456,0.0,5
0.0,False,471,time1,0.0,novo,0.1480129971791001,True,time1,TIME1,0.0,,,10
0.0,False,471,time0,0.0,novo,0.0911146779588421,True,time0,TIME0,0.0,,,20
7.589408474282705e-06,False,471,time0,0.9996199564397115,0,,,time0,TIME0,0.9824704717178318,0.9304169836662826,1.0,1
0.00022369681568862288,False,471,time0,0.9696780947296606,1,,,time0,TIME0,0.9804543905498183,0.960123008547445,1.0,9
0.0003914241551534438,False,471,time1,0.9615704839874626,5,,,time1,TIME1,0.9730838965152394,0.9402255364813643,1.0,12
0.0,False,471,time1,1.0,6,,,time1,TIME1,0.8815559442040386,0.9262237768161541,0.0,4
0.0,False,471,goleiro_time1,1.0,9,,,goleiro1,GOL-TIME1,0.8794948376395413,0.9179793505581648,0.0,3
0.00031495768399395933,False,471,time0,0.9787900487766446,2,,,time0,TIME0,0.8765128274413272,0.9334788603848534,0.0,2
0.0012048849375809957,False,471,time0,0.9362494267431993,3,,,time0,TIME0,0.8699025055236567,0.9637882895691592,0.0,5
0.0006726249237956559,False,471,time0,0.9462318530453251,4,,,time0,TIME0,0.86916740090163,0.9441233860972473,0.0,7
0.0004115954228861903,False,471,time1,0.9601346591239214,8,,,time1,TIME1,0.8684167750532599,0.9252885176961605,0.0,6
3.910851646056567e-06,False,471,time1,0.9992544602608462,7,,,time1,TIME1,0.8650909952167766,0.861320308807835,0.0,8
0.0,False,472,time1,0.0,novo,0.1480129971791001,True,time1,TIME1,0.0,,,10
0.0,False,472,time0,0.0,novo,0.0911146779588421,True,time0,TIME0,0.0,,,20
7.718482729729236e-06,False,472,time0,0.9993136703871633,0,,,time0,TIME0,0.98238811057448,0.9304169836662826,1.0,1
0.00045912579710298887,False,472,time0,0.9483127546986941,1,,,time0,TIME0,0.9739241418719932,0.960123008547445,1.0,9
0.0005225271601599781,False,472,time1,0.9610158489773541,5,,,time1,TIME1,0.9726915836157269,0.9402255364813643,1.0,12
0.0,False,472,time1,1.0,6,,,time1,TIME1,0.8815559442040386,0.9262237768161541,0.0,4
6.069170894839865e-05,False,472,time0,0.9921887719171595,2,,,time0,TIME0,0.8807937949488278,0.9334788603848534,0.0,2
0.0,False,472,goleiro_time1,1.0,9,,,goleiro1,GOL-TIME1,0.8794948376395413,0.9179793505581648,0.0,3
0.00038430749392191397,False,472,time0,0.9735413886287083,4,,,time0,TIME0,0.8775286593882375,0.9441233860972473,0.0,7
0.00028450281199103036,False,472,time1,0.9662287258967475,8,,,time1,TIME1,0.8706375052889312,0.9252885176961605,0.0,6
7.617048105425059e-06,False,472,time1,0.9995375128045757,7,,,time1,TIME1,0.8651786774270224,0.861320308807835,0.0,8
0.0035508667675365115,False,472,time0,0.8165833202524062,3,,,time0,TIME0,0.8309463649072337,0.9637882895691592,0.0,5
0.0,False,473,time1,0.0,novo,0.1480129971791001,True,time1,TIME1,0.0,,,10
0.0,False,473,time0,0.0,novo,0.0911146779588421,True,time0,TIME0,0.0,,,20
0.00021223322714726455,False,473,time1,0.9843798131576569,5,,,time1,TIME1,0.9799615728736123,0.9402255364813643,1.0,12
0.00010646147956440514,False,473,time0,0.990163468611877,0,,,time0,TIME0,0.9794858728216379,0.9304169836662826,1.0,1
0.0002120175638282582,False,473,time0,0.9573070193371738,1,,,time0,TIME0,0.9767815140026411,0.960123008547445,1.0,9
0.0,False,473,time1,1.0,6,,,time1,TIME1,0.8815559442040386,0.9262237768161541,0.0,4
0.0,False,473,goleiro_time1,1.0,9,,,goleiro1,GOL-TIME1,0.8794948376395413,0.9179793505581648,0.0,3
9.568691909291266e-05,False,473,time0,0.98742292263469,2,,,time0,TIME0,0.8794269139329449,0.9334788603848534,0.0,2
0.00060422317509422,False,473,time1,0.9550233642134145,8,,,time1,TIME1,0.8668088968128584,0.9252885176961605,0.0,6
0.0006137039395565277,False,473,time0,0.9309983303758753,4,,,time0,TIME0,0.864408184474737,0.9441233860972473,0.0,7
2.879381800169478e-05,False,473,time1,0.9930560240052598,7,,,time1,TIME1,0.8632003493111441,0.861320308807835,0.0,8
0.005739046970769764,False,473,time0,0.7112555936654321,3,,,time0,TIME0,0.7974689535832562,0.9637882895691592,0.0,5
0.0,False,474,time1,0.0,novo,0.14750420470489667,True,time1,TIME1,0.0,,,10
0.0,False,474,time0,0.0,novo,0.09545082133613059,True,time0,TIME0,0.0,,,20
7.26126038590723e-06,False,474,time0,0.9993328350176593,0,,,time0,TIME0,0.9822206419002307,0.9299815995642773,1.0,1
0.00029725223790050807,False,474,time1,0.978468135181127,5,,,time1,TIME1,0.978627488315775,0.941669321369428,1.0,12
0.0002509487500340249,False,474,time0,0.964369847292269,1,,,time0,TIME0,0.9781559868437487,0.9565004613841641,1.0,9
0.0,False,474,time1,1.0,6,,,time1,TIME1,0.8803035466526999,0.9212141866107997,0.0,4
9.624043465207964e-05,False,474,time0,0.9884653436555072,2,,,time0,TIME0,0.8796791852078847,0.9333552173569438,0.0,2
0.0,False,474,goleiro_time1,1.0,9,,,goleiro1,GOL-TIME1,0.8794948376395413,0.9179793505581648,0.0,3
0.0002452643398000316,False,474,time0,0.9732909916193234,4,,,time0,TIME0,0.8775060445237443,0.9439932251461411,0.0,7
0.0001144137917662579,False,474,time1,0.9724807091811335,8,,,time1,TIME1,0.8730942862889393,0.9271824571991585,0.0,6
1.2743736749425287e-05,False,474,time1,0.9923704903133856,7,,,time1,TIME1,0.8632622266101293,0.8623002655228211,0.0,8
0.006566467222309165,False,474,time0,0.6012810911501989,3,,,time0,TIME0,0.7589124357230224,0.963866109621869,0.0,5
0.0,False,475,time1,0.0,novo,0.14750420470489667,True,time1,TIME1,0.0,,,10
0.0,False,475,time0,0.0,novo,0.09545082133613059,True,time0,TIME0,0.0,,,20
0.00012657807048180024,False,475,time0,0.9843536103558495,1,,,time0,TIME0,0.9841323034176305,0.9565004613841641,1.0,9
6.037617340364787e-06,False,475,time0,0.999233644444133,0,,,time0,TIME0,0.9822555633128321,0.9299815995642773,1.0,1
0.0003666056244607822,False,475,time1,0.9711498824754156,5,,,time1,TIME1,0.976364407560898,0.941669321369428,1.0,12
2.9387329200248853e-07,False,475,time0,0.9985956308677194,2,,,time0,TIME0,0.8828514807841233,0.9333552173569438,0.0,2
0.0,False,475,goleiro_time1,1.0,9,,,goleiro1,GOL-TIME1,0.8794948376395413,0.9179793505581648,0.0,3
0.00021737979812544835,False,475,time1,0.9711915383844749,8,,,time1,TIME1,0.8728852294565279,0.9271824571991585,0.0,6
0.0005901270329686325,False,475,time0,0.9425275370827393,4,,,time0,TIME0,0.8679827762455832,0.9439932251461411,0.0,7
3.0620738723089772e-06,False,475,time1,0.9989042967532111,7,,,time1,TIME1,0.865234329331982,0.8623002655228211,0.0,8
0.0007935460429405254,False,475,time0,0.9283880165701617,3,,,time0,TIME0,0.8645184181173968,0.963866109621869,0.0,5
0.03560031712828394,False,475,time1,0.0,6,,,time1,TIME1,0.5236666784940663,0.9212141866107997,0.0,4
0.0,False,476,time1,0.0,novo,0.14750420470489667,True,time1,TIME1,0.0,,,10
0.0,False,476,time0,0.0,novo,0.09545082133613059,True,time0,TIME0,0.0,,,20
0.00016975400899751805,False,476,time0,0.9807812223393395,1,,,time0,TIME0,0.9830220508114352,0.9565004613841641,1.0,9
3.6427298639917272e-06,False,476,time0,0.9995841488779942,0,,,time0,TIME0,0.982360845083471,0.9299815995642773,1.0,1
0.0005030275636838734,False,476,time1,0.965929202440593,5,,,time1,TIME1,0.9746131083628948,0.941669321369428,1.0,12
2.1975212634225157e-05,False,476,time0,0.997121859527521,2,,,time0,TIME0,0.8824404756691347,0.9333552173569438,0.0,2
0.0,False,476,goleiro_time1,1.0,9,,,goleiro1,GOL-TIME1,0.8794948376395413,0.9179793505581648,0.0,3
0.00015389085830900607,False,476,time1,0.9803134068379291,8,,,time1,TIME1,0.8756395368570282,0.9271824571991585,0.0,6
0.0005307772587101578,False,476,time0,0.949213338222006,4,,,time0,TIME0,0.8702382996714737,0.9439932251461411,0.0,7
5.376318079641284e-06,False,476,time1,0.9989108383716933,7,,,time1,TIME1,0.8652399982031154,0.8623002655228211,0.0,8
0.0007697523061890372,False,476,time0,0.9138920040161344,3,,,time0,TIME0,0.8644179853645768,0.963866109621869,0.0,5
0.0026455905865969895,False,476,time1,0.6011637159304797,6,,,time1,TIME1,0.7357736741690192,0.9212141866107997,0.0,4
0.0,False,477,time1,0.0,novo,0.143749799888917,True,time1,TIME1,0.0,,,10
0.0,False,477,time0,0.0,novo,0.09828928570711182,True,time0,TIME0,0.0,,,20
0.00031925651701387536,False,477,time1,0.9712338728305752,5,,,time1,TIME1,0.9764846336085926,0.9425378800535502,1.0,12
0.00021236067955215135,False,477,time0,0.9599239430332197,1,,,time0,TIME0,0.9759584797001605,0.9530638040817939,1.0,9
0.000190004102155319,False,477,time0,0.9800509221874258,0,,,time0,TIME0,0.9758489591507588,0.9285450229567233,1.0,1
0.00037154934204422426,False,477,time0,0.9485164940705239,3,,,time0,TIME0,0.9751568292588896,0.9648476166826121,1.0,5
0.0,False,477,goleiro_time1,1.0,9,,,goleiro1,GOL-TIME1,0.8794948376395413,0.9179793505581648,0.0,3
0.00015094821577591846,False,477,time0,0.9821201490395459,2,,,time0,TIME0,0.8778420794412221,0.9338445181044197,0.0,2
0.00029700999081787923,False,477,time0,0.9709971625147717,4,,,time0,TIME0,0.8767383591056399,0.9434771899742801,0.0,7
0.0005951621195564336,False,477,time1,0.9437183045576617,8,,,time1,TIME1,0.8647717572074309,0.93000477128546,0.0,6
1.379346961555486e-05,False,477,time1,0.994871517384965,7,,,time1,TIME1,0.8638701288516177,0.8617168096872552,0.0,8
0.0015635097509292095,False,477,time1,0.7696856340426089,6,,,time1,TIME1,0.8086460637911852,0.9212141866107997,0.0,4
0.0,False,478,time1,0.0,novo,0.143749799888917,True,time1,TIME1,0.0,,,10
0.0,False,478,time0,0.0,novo,0.09828928570711182,True,time0,TIME0,0.0,,,20
5.018020851569179e-05,False,478,time0,0.9946442346095254,0,,,time0,TIME0,0.9803290742998443,0.9285450229567233,1.0,1
0.00029036443040504926,False,478,time0,0.963951096821073,1,,,time0,TIME0,0.9768867404897107,0.9530638040817939,1.0,9
0.0006357787113026307,False,478,time1,0.9581400222903871,5,,,time1,TIME1,0.972260958480512,0.9425378800535502,1.0,12
0.001601202991127276,False,478,time0,0.8688250165248381,3,,,time0,TIME0,0.9495653688268603,0.9648476166826121,1.0,5
9.954695196207048e-06,False,478,time0,0.9950596321263637,2,,,time0,TIME0,0.8818720007084238,0.9338445181044197,0.0,2
0.0,False,478,goleiro_time1,1.0,9,,,goleiro1,GOL-TIME1,0.8794948376395413,0.9179793505581648,0.0,3
0.0003474224204309215,False,478,time1,0.9648773173786754,8,,,time1,TIME1,0.8714211515118513,0.93000477128546,0.0,6
0.000629770425597328,False,478,time0,0.9429938728452985,4,,,time0,TIME0,0.8679512489415843,0.9434771899742801,0.0,7
3.061963687935661e-06,False,478,time1,0.9993219533245777,7,,,time1,TIME1,0.865214737049411,0.8617168096872552,0.0,8
0.0007516941179038543,False,478,time1,0.6236252446811692,6,,,time1,TIME1,0.7661471506638461,0.9212141866107997,0.0,4
0.0,False,479,time1,0.0,novo,0.143749799888917,True,time1,TIME1,0.0,,,10
0.0,False,479,time0,0.0,novo,0.09828928570711182,True,time0,TIME0,0.0,,,20
3.692253934869335e-05,False,479,time0,0.995350239992101,0,,,time0,TIME0,0.9806920527402677,0.9285450229567233,1.0,1
0.0002695174835581681,False,479,time0,0.9605559045656341,1,,,time0,TIME0,0.9761512230346719,0.9530638040817939,1.0,9
0.0007774292811177596,False,479,time1,0.9445530324243256,5,,,time1,TIME1,0.9681767873107052,0.9425378800535502,1.0,12
0.0015960400589586947,False,479,time0,0.8773385316697839,3,,,time0,TIME0,0.9525321594645241,0.9648476166826121,1.0,5
0.0,False,479,time1,1.0,6,,,time1,TIME1,0.8797910279359473,0.9212141866107997,0.0,4
0.0,False,479,goleiro_time1,1.0,9,,,goleiro1,GOL-TIME1,0.8794948376395413,0.9179793505581648,0.0,3
0.00022570571620756283,False,479,time0,0.9761304507022895,4,,,time0,TIME0,0.8782275771858798,0.9434771899742801,0.0,7
0.0003960582023301075,False,479,time1,0.9614702956426454,8,,,time1,TIME1,0.8703609148102078,0.93000477128546,0.0,6
0.0002310120180631617,False,479,time0,0.9498240488901786,2,,,time0,TIME0,0.8680440184458116,0.9338445181044197,0.0,2
1.614918773625403e-05,False,479,time1,0.9969535535961749,7,,,time1,TIME1,0.8644879844562596,0.8617168096872552,0.0,8
0.0,False,480,time1,0.0,novo,0.13973820779479795,True,time1,TIME1,0.0,,,10
0.0,False,480,time0,0.0,novo,0.10107796645946276,True,time0,TIME0,0.0,,,20
7.131901236476744e-05,False,480,time0,0.9931665312473299,1,,,time0,TIME0,0.9845955165117726,0.9477566344972415,1.0,9
0.0001603422912953063,False,480,time0,0.9900677163244933,0,,,time0,TIME0,0.9788452080011013,0.928371310427895,1.0,1
0.0006223348860332613,False,480,time1,0.9559243379865449,5,,,time1,TIME1,0.9717816338075524,0.9430811357301523,1.0,12
0.006018925298636503,False,480,time0,0.6781420087876329,3,,,time0,TIME0,0.883827240529664,0.963450015939021,1.0,5
3.1204420623398716e-05,False,480,time0,0.9957957801624222,2,,,time0,TIME0,0.8821201534248838,0.934353903711405,0.0,2
0.0,False,480,goleiro_time1,1.0,9,,,goleiro1,GOL-TIME1,0.8794948376395413,0.9179793505581648,0.0,3
0.000322780311566499,False,480,time0,0.9654289653380776,4,,,time0,TIME0,0.8747672492732776,0.9420886089829912,0.0,7
7.0019299692543526e-06,False,480,time1,0.9991321781152513,7,,,time1,TIME1,0.8650882519290028,0.8614633868793387,0.0,8
0.0009646025168415202,False,480,time1,0.9122736811210339,8,,,time1,TIME1,0.855699448594322,0.9334781065347428,0.0,6
0.0025431247887556943,False,480,time1,0.7405011255981319,6,,,time1,TIME1,0.7982809254718355,0.9207058725525743,0.0,4
0.0,False,481,time1,0.0,novo,0.13973820779479795,True,time1,TIME1,0.0,,,10
0.0,False,481,time0,0.0,novo,0.10107796645946276,True,time0,TIME0,0.0,,,20
0.00012558913164547453,False,481,time0,0.9825741031099233,0,,,time0,TIME0,0.9765666142158019,0.928371310427895,1.0,1
0.0008482966231628108,False,481,time0,0.9606365109602031,3,,,time0,TIME0,0.973624681380125,0.963450015939021,1.0,5
0.0005342962083211288,False,481,time0,0.9539088615803887,1,,,time0,TIME0,0.9722898208962757,0.9477566344972415,1.0,9
0.0008855353012958815,False,481,time1,0.9316737530133287,5,,,time1,TIME1,0.9642718647879791,0.9430811357301523,1.0,12
0.0,False,481,goleiro_time1,1.0,9,,,goleiro1,GOL-TIME1,0.8794948376395413,0.9179793505581648,0.0,3
0.00010418681116625333,False,481,time0,0.9803548123138612,2,,,time0,TIME0,0.877527122464422,0.934353903711405,0.0,2
7.89642859017081e-05,False,481,time0,0.9736637482426496,4,,,time0,TIME0,0.8773720153779778,0.9420886089829912,0.0,7
8.878994172097527e-05,False,481,time1,0.992521266727825,7,,,time1,TIME1,0.8629765528674787,0.8614633868793387,0.0,8
0.001063764013743384,False,481,time1,0.9069087349802809,8,,,time1,TIME1,0.8544058625836428,0.9334781065347428,0.0,6
0.006330131069961181,False,481,time1,0.4083470773046688,6,,,time1,TIME1,0.6940260233985869,0.9207058725525743,0.0,4
0.0,False,482,time1,0.0,novo,0.13973820779479795,True,time1,TIME1,0.0,,,10
0.0,False,482,time0,0.0,novo,0.10107796645946276,True,time0,TIME0,0.0,,,20
0.00027157754767560675,False,482,time0,0.9767235369872589,3,,,time0,TIME0,0.9832350192943599,0.963450015939021,1.0,5
0.0002737419936511624,False,482,time0,0.9716327311143373,0,,,time0,TIME0,0.9730621772163731,0.928371310427895,1.0,1
0.00048250332546371523,False,482,time0,0.9471146877180137,1,,,time0,TIME0,0.9704939353554641,0.9477566344972415,1.0,9
0.0014288021093331576,False,482,time1,0.9032041955911402,5,,,time1,TIME1,0.9550622065371704,0.9430811357301523,1.0,12
0.0,False,482,goleiro_time1,1.0,9,,,goleiro1,GOL-TIME1,0.8794948376395413,0.9179793505581648,0.0,3
0.00027120994089849075,False,482,time0,0.9753983698581133,4,,,time0,TIME0,0.877728292660318,0.9420886089829912,0.0,7
0.0003522064071369485,False,482,time0,0.9488455945485641,2,,,time0,TIME0,0.8676350189384304,0.934353903711405,0.0,2
4.649407988074684e-05,False,482,time1,0.9958068968749744,7,,,time1,TIME1,0.8640366527129251,0.8614633868793387,0.0,8
0.0007625320748173636,False,482,time1,0.9271094903314416,8,,,time1,TIME1,0.8605886553658739,0.9334781065347428,0.0,6
0.0007334105256839866,False,482,time1,0.7399981143765093,6,,,time1,TIME1,0.7975009108362539,0.9207058725525743,0.0,4
0.0,False,483,time1,0.0,novo,0.13930693150429796,True,time1,TIME1,0.0,,,10
0.0,False,483,time0,0.0,novo,0.10024469260517199,True,time0,TIME0,0.0,,,20
0.0006626815308209937,False,483,time0,0.9483741298056153,3,,,time0,TIME0,0.9738136184755111,0.9607142658119039,1.0,5
0.00027855669880923797,False,483,time0,0.9714176747357024,0,,,time0,TIME0,0.9737279973596339,0.9303025579034995,1.0,1
0.000550177318269798,False,483,time0,0.9515152261728455,1,,,time0,TIME0,0.970634706207366,0.9432294063987605,1.0,9
0.0010332791335416333,False,483,time1,0.9164473695694711,5,,,time1,TIME1,0.9597543068492708,0.9442858604595868,1.0,12
7.705065443832663e-05,False,483,time0,0.9909547434930778,2,,,time0,TIME0,0.8803161298467822,0.9332067864696052,0.0,2
0.00016034542401935914,False,483,time0,0.9829308431812601,4,,,time0,TIME0,0.8795269779329319,0.9395163994742592,0.0,7
0.0,False,483,time1,1.0,6,,,time1,TIME1,0.8794988705708481,0.9199956928079849,0.0,4
0.0,False,483,goleiro_time1,1.0,9,,,goleiro1,GOL-TIME1,0.8794948376395413,0.9179793505581648,0.0,3
1.111489225639939e-05,False,483,time1,0.9984791598062794,7,,,time1,TIME1,0.8649819689358369,0.8619024500082542,0.0,8
0.0010424857402584903,False,483,time1,0.8924826285984695,8,,,time1,TIME1,0.8510465129251816,0.9378553572344657,0.0,6
0.0,False,484,time1,0.0,novo,0.13930693150429796,True,time1,TIME1,0.0,,,10
0.0,False,484,time0,0.0,novo,0.10024469260517199,True,time0,TIME0,0.0,,,20
0.00016059010625590764,False,484,time0,0.9756902055118765,0,,,time0,TIME0,0.9750354852633976,0.9303025579034995,1.0,1
0.0007667649811181432,False,484,time0,0.9497748656483818,3,,,time0,TIME0,0.9742949774801803,0.9607142658119039,1.0,5
0.0007033547906281953,False,484,time0,0.9344335167667626,1,,,time0,TIME0,0.965386811613694,0.9432294063987605,1.0,9
0.0009050143004284161,False,484,time1,0.932031055689156,5,,,time1,TIME1,0.964737154082817,0.9442858604595868,1.0,12
6.19787956012112e-05,False,484,time0,0.9901673140614504,2,,,time0,TIME0,0.8802708450544161,0.9332067864696052,0.0,2
0.0,False,484,time1,1.0,6,,,time1,TIME1,0.8799989232019962,0.9199956928079849,0.0,4
0.0,False,484,goleiro_time1,1.0,9,,,goleiro1,GOL-TIME1,0.8794948376395413,0.9179793505581648,0.0,3
0.0004814841120836076,False,484,time0,0.960300131709057,4,,,time0,TIME0,0.8722986868891985,0.9395163994742592,0.0,7
1.7313056551965796e-05,False,484,time1,0.9960958898668111,7,,,time1,TIME1,0.8642830257361431,0.8619024500082542,0.0,8
0.0013362938587986822,False,484,time1,0.8570935842396992,8,,,time1,TIME1,0.840102389967694,0.9378553572344657,0.0,6
0.0,False,485,time1,0.0,novo,0.13930693150429796,True,time1,TIME1,0.0,,,10
0.0,False,485,time0,0.0,novo,0.10024469260517199,True,time0,TIME0,0.0,,,20
0.00020618047451674212,False,485,time0,0.9711104412764013,0,,,time0,TIME0,0.9736649712082104,0.9303025579034995,1.0,1
0.0003455306609619899,False,485,time0,0.9509875160547302,1,,,time0,TIME0,0.970455123117091,0.9432294063987605,1.0,9
0.0007005294540253295,False,485,time1,0.9453612680248433,5,,,time1,TIME1,0.9689024789781532,0.9442858604595868,1.0,12
0.0,False,485,goleiro_time1,1.0,9,,,goleiro1,GOL-TIME1,0.8794948376395413,0.9179793505581648,0.0,3
0.0004317925641293329,False,485,time0,0.9705931637260038,4,,,time0,TIME0,0.8755930198756912,0.9395163994742592,0.0,7
1.7354083188119398e-05,False,485,time1,0.9974340864451783,7,,,time1,TIME1,0.8646762785365827,0.8619024500082542,0.0,8
0.0005074434616552379,False,485,time0,0.9357754643868359,2,,,time0,TIME0,0.8632510801591707,0.9332067864696052,0.0,2
0.0008078924985961005,False,485,time1,0.9063563589104395,8,,,time1,TIME1,0.8551862027349668,0.9378553572344657,0.0,6
0.012921347979132405,False,485,time0,0.5122194270571847,3,,,time0,TIME0,0.8237827509177579,0.9607142658119039,1.0,5
0.005429518208777732,False,485,time1,0.476133870672717,6,,,time1,TIME1,0.7142012145262104,0.9199956928079849,0.0,4
0.0,False,486,time1,0.0,novo,0.1403506019385311,True,time1,TIME1,0.0,,,10
0.0,False,486,time0,0.0,novo,0.09813310715774681,True,time0,TIME0,0.0,,,20
0.0002684002805989824,False,486,time0,0.9665188281448636,0,,,time0,TIME0,0.9727245332346028,0.9327592224101114,1.0,1
0.0007184270743489374,False,486,time0,0.9235612810999967,1,,,time0,TIME0,0.9616321111145009,0.9419733931689115,1.0,9
0.0012405819603534536,False,486,time1,0.9034077786408903,5,,,time1,TIME1,0.9558786130496325,0.9454100464884465,1.0,12
0.0015290982864968178,False,486,time0,0.8922314806080363,3,,,time0,TIME0,0.9489269257648926,0.9616987684838132,1.0,5
0.0,False,486,goleiro_time1,1.0,9,,,goleiro1,GOL-TIME1,0.8794948376395413,0.9179793505581648,0.0,3
0.0002557049100332829,False,486,time1,0.9694285895728967,8,,,time1,TIME1,0.8756306484977532,0.9416485985680343,0.0,6
3.417915772416132e-05,False,486,time1,0.996330581889456,7,,,time1,TIME1,0.8642513642044454,0.861666438403734,0.0,8
0.000697168383560147,False,486,time0,0.9081900948674129,2,,,time0,TIME0,0.8540120290133189,0.9320325068925046,0.0,2
0.0024211262154661397,False,486,time0,0.8624332988775174,4,,,time0,TIME0,0.8397940108462042,0.9385033561992623,0.0,7
0.003638570459387576,False,486,time1,0.5910700054492638,6,,,time1,TIME1,0.7527705053775764,0.92040959530527,0.0,4
0.0,False,487,time1,0.0,novo,0.1403506019385311,True,time1,TIME1,0.0,,,10
0.0,False,487,time0,0.0,novo,0.09813310715774681,True,time0,TIME0,0.0,,,20
0.0005331646734664787,False,487,time0,0.9535863706458024,0,,,time0,TIME0,0.9685966961735369,0.9327592224101114,1.0,1
0.0004239917261111365,False,487,time0,0.941819578371679,1,,,time0,TIME0,0.9673535497726019,0.9419733931689115,1.0,9
0.0010272009893582614,False,487,time0,0.9108858035474217,3,,,time0,TIME0,0.9620002445043515,0.9616987684838132,1.0,5
0.001009338526569368,False,487,time1,0.9145401593249922,5,,,time1,TIME1,0.9594494007743989,0.9454100464884465,1.0,12
0.0,False,487,goleiro_time1,1.0,9,,,goleiro1,GOL-TIME1,0.8794948376395413,0.9179793505581648,0.0,3
0.00035867922381860535,False,487,time1,0.9594599326743443,8,,,time1,TIME1,0.8728329078992296,0.9416485985680343,0.0,6
0.0002876546875148053,False,487,time0,0.9675757622734971,2,,,time0,TIME0,0.8727349843672072,0.9320325068925046,0.0,2
0.0006267423116982804,False,487,time0,0.9621657694393012,4,,,time0,TIME0,0.8714822765532194,0.9385033561992623,0.0,7
6.26730047147029e-05,False,487,time1,0.9935688070057873,7,,,time1,TIME1,0.8634004918814357,0.861666438403734,0.0,8
0.002179414054981607,False,487,time1,0.7976740998270732,6,,,time1,TIME1,0.815856663059267,0.92040959530527,0.0,4
0.0,False,488,time1,0.0,novo,0.1403506019385311,True,time1,TIME1,0.0,,,10
0.0,False,488,time0,0.0,novo,0.09813310715774681,True,time0,TIME0,0.0,,,20
0.00022979593770836474,False,488,time0,0.9589515770440744,0,,,time0,TIME0,0.9704008293989896,0.9327592224101114,1.0,1
0.0014613926874221534,False,488,time0,0.8782879537665178,3,,,time0,TIME0,0.9522864984047776,0.9616987684838132,1.0,5
0.0010915418145044907,False,488,time0,0.8884028286680961,1,,,time0,TIME0,0.9505599990934797,0.9419733931689115,1.0,9
0.0014551412414515019,False,488,time1,0.8751862509852084,5,,,time1,TIME1,0.947279306141502,0.9454100464884465,1.0,12
0.0,False,488,goleiro_time1,1.0,9,,,goleiro1,GOL-TIME1,0.8794948376395413,0.9179793505581648,0.0,3
0.0001709664873538089,False,488,time0,0.9785378996461968,2,,,time0,TIME0,0.8761647941670725,0.9320325068925046,0.0,2
0.0003677282557839137,False,488,time0,0.9638157878716738,4,,,time0,TIME0,0.87325876264707,0.9385033561992623,0.0,7
0.00029847430467535744,False,488,time1,0.9527895231766516,8,,,time1,TIME1,0.8708053617101348,0.9416485985680343,0.0,6
2.160368519588312e-05,False,488,time1,0.9971201985296219,7,,,time1,TIME1,0.8645026770597384,0.861666438403734,0.0,8
0.0021722906209782388,False,488,time1,0.7108597172915793,6,,,time1,TIME1,0.791182805362981,0.92040959530527,0.0,4
0.0,False,489,time1,0.0,novo,0.13978551351187174,True,time1,TIME1,0.0,,,10
0.0,False,489,time0,0.0,novo,0.09649875530459695,True,time0,TIME0,0.0,,,20
0.0003091035739711926,False,489,time0,0.9767019141453257,0,,,time0,TIME0,0.9765395746510411,0.9357821232647192,1.0,1
0.0010467159070111105,False,489,time0,0.9139036000094303,3,,,time0,TIME0,0.9637111301079719,0.9631033809326612,1.0,5
0.00030894163623553786,False,489,time1,0.902028545393347,5,,,time1,TIME1,0.955749105596514,0.9457819844480178,1.0,12
0.0013849196210541366,False,489,time0,0.8703289664136055,1,,,time0,TIME0,0.9448032169916253,0.9410179209989114,1.0,9
0.0,False,489,goleiro_time1,1.0,9,,,goleiro1,GOL-TIME1,0.8794948376395413,0.9179793505581648,0.0,3
5.251674821388729e-05,False,489,time1,0.9746218045523974,8,,,time1,TIME1,0.8782981590412428,0.9447607551085531,0.0,6
0.00016065334415925778,False,489,time0,0.9844431856984038,2,,,time0,TIME0,0.8780059951678431,0.9316843202046147,0.0,2
2.4314574320686882e-05,False,489,time1,0.9977852334850692,7,,,time1,TIME1,0.8647132633408673,0.8616784085027027,0.0,8
0.0007127995858378153,False,489,time0,0.9227625851908633,4,,,time0,TIME0,0.8602945386885681,0.9374546947783127,0.0,7
0.003174668767392106,False,489,time1,0.609743671186993,6,,,time1,TIME1,0.7586369512715453,0.9198849174990326,0.0,4
0.0,False,490,time1,0.0,novo,0.13978551351187174,True,time1,TIME1,0.0,,,10
0.0,False,490,time0,0.0,novo,0.09649875530459695,True,time0,TIME0,0.0,,,20
0.00046038203213127286,False,490,time1,0.960549097231963,5,,,time1,TIME1,0.9738169548215166,0.9457819844480178,1.0,12
0.0001560006401523036,False,490,time0,0.9577710235172799,0,,,time0,TIME0,0.9710302792806927,0.9357821232647192,1.0,1
0.0007331928838024205,False,490,time0,0.9147212046628558,1,,,time0,TIME0,0.9585145172152848,0.9410179209989114,1.0,9
0.001737406628947948,False,490,time0,0.8709779846514387,3,,,time0,TIME0,0.9499298058283915,0.9631033809326612,1.0,5
0.0,False,490,goleiro_time1,1.0,9,,,goleiro1,GOL-TIME1,0.8794948376395413,0.9179793505581648,0.0,3
8.332933101036047e-05,False,490,time0,0.988352413655088,2,,,time0,TIME0,0.8792043060883937,0.9316843202046147,0.0,2
0.00020634734597570277,False,490,time1,0.9737776902264088,8,,,time1,TIME1,0.8779993746762909,0.9447607551085531,0.0,6
0.00020591459883123692,False,490,time0,0.9782700856811679,4,,,time0,TIME0,0.8773092580318045,0.9374546947783127,0.0,7
2.779628319886373e-05,False,490,time1,0.9970155112043527,7,,,time1,TIME1,0.8644686079696406,0.8616784085027027,0.0,8
0.003567803668906456,False,490,time1,0.5191273895778463,6,,,time1,TIME1,0.731936965913699,0.9198849174990326,0.0,4
0.0,False,491,time1,0.0,novo,0.13978551351187174,True,time1,TIME1,0.0,,,10
0.0,False,491,time0,0.0,novo,0.09649875530459695,True,time0,TIME0,0.0,,,20
0.0002872669653516658,False,491,time0,0.9621229320303681,0,,,time0,TIME0,0.972133026913422,0.9357821232647192,1.0,1
0.0006537472554841475,False,491,time1,0.9543119861323391,5,,,time1,TIME1,0.9719219518638597,0.9457819844480178,1.0,12
0.0015490000892286464,False,491,time0,0.8952187165701697,3,,,time0,TIME0,0.9570159002022672,0.9631033809326612,1.0,5
0.0015751888505924543,False,491,time0,0.855098421809555,1,,,time0,TIME0,0.9396369203513626,0.9410179209989114,1.0,9
0.0,False,491,goleiro_time1,1.0,9,,,goleiro1,GOL-TIME1,0.8794948376395413,0.9179793505581648,0.0,3
0.00014919716254440497,False,491,time0,0.9785567793658065,2,,,time0,TIME0,0.8762323329808628,0.9316843202046147,0.0,2
0.00034405270009608713,False,491,time0,0.9691404026532506,4,,,time0,TIME0,0.8746967111070751,0.9374546947783127,0.0,7
0.00038803566384047907,False,491,time1,0.9432255926029698,8,,,time1,TIME1,0.8686560245614836,0.9447607551085531,0.0,6
9.250154910503626e-06,False,491,time1,0.9991714090140007,7,,,time1,TIME1,0.865138635136708,0.8616784085027027,0.0,8
0.0026501956655884847,False,491,time1,0.5833981103710395,6,,,time1,TIME1,0.7515406168005038,0.9198849174990326,0.0,4
0.0,False,492,time1,0.0,novo,0.1370266802373633,True,time1,TIME1,0.0,,,10
0.0,False,492,time0,0.0,novo,0.09549391792762674,True,time0,TIME0,0.0,,,20
0.00034737432614100896,False,492,time0,0.9797108687277633,0,,,time0,TIME0,0.9780677468364785,0.9386923430531571,1.0,1
0.00037655343115192364,False,492,time1,0.9669333769820081,5,,,time1,TIME1,0.9761863593838296,0.9468314784431396,1.0,12
0.0011413054024288875,False,492,time0,0.9118827990065528,3,,,time0,TIME0,0.9628907283652028,0.9636651379311094,1.0,5
0.0009255491417145993,False,492,time0,0.9148895679503599,1,,,time0,TIME0,0.9588504339788115,0.9428002147695517,1.0,9
0.0,False,492,goleiro_time1,1.0,9,,,goleiro1,GOL-TIME1,0.8794948376395413,0.9179793505581648,0.0,3
0.00016231722649030488,False,492,time0,0.9795440186392093,2,,,time0,TIME0,0.8762918579150278,0.9304869973858693,0.0,2
0.00026461080060725354,False,492,time1,0.9667239505778328,8,,,time1,TIME1,0.8761401736151986,0.9460531069165663,0.0,6
0.00029005635806803065,False,492,time0,0.9702604302531793,4,,,time0,TIME0,0.8748388025626979,0.9363710077498828,0.0,7
7.57294185567194e-06,False,492,time1,0.9981724131761209,7,,,time1,TIME1,0.8649245933017121,0.861925515761091,0.0,8
0.0022743560389292495,False,492,time1,0.6755430063683671,6,,,time1,TIME1,0.7803026677472817,0.9198849174990326,0.0,4
0.0,False,493,time1,0.0,novo,0.1370266802373633,True,time1,TIME1,0.0,,,10
0.0,False,493,time0,0.0,novo,0.09549391792762674,True,time0,TIME0,0.0,,,20
0.0006241926040796914,False,493,time1,0.9616861816703121,5,,,time1,TIME1,0.9743710611262212,0.9468314784431396,1.0,12
0.001063460938545138,False,493,time0,0.9579928887957894,0,,,time0,TIME0,0.9705847993762494,0.9386923430531571,1.0,1
0.00029401987546645234,False,493,time0,0.9481534029851102,1,,,time0,TIME0,0.9694481896372598,0.9428002147695517,1.0,9
0.0016278378929821076,False,493,time0,0.8859635909345029,3,,,time0,TIME0,0.9547284593511735,0.9636651379311094,1.0,5
0.0,False,493,goleiro_time1,1.0,9,,,goleiro1,GOL-TIME1,0.8794948376395413,0.9179793505581648,0.0,3
5.722173510232663e-05,False,493,time0,0.966898035804506,2,,,time0,TIME0,0.8725666054555636,0.9304869973858693,0.0,2
0.00047959493996571563,False,493,time1,0.9513629124668002,8,,,time1,TIME1,0.8712391632701938,0.9460531069165663,0.0,6
0.0003463138166090144,False,493,time0,0.9587741984384001,4,,,time0,TIME0,0.8712010788675865,0.9363710077498828,0.0,7
6.274702324738468e-05,False,493,time1,0.9923779341679665,7,,,time1,TIME1,0.8630981561302301,0.861925515761091,0.0,8
0.0007005370131489549,False,493,time1,0.7161248104461742,6,,,time1,TIME1,0.7925489454170275,0.9198849174990326,0.0,4
0.0,False,494,time1,0.0,novo,0.1370266802373633,True,time1,TIME1,0.0,,,10
0.0,False,494,time0,0.0,novo,0.09549391792762674,True,time0,TIME0,0.0,,,20
8.044845514179655e-05,False,494,time0,0.9799988102392854,0,,,time0,TIME0,0.9779131205268886,0.9386923430531571,1.0,1
0.0005367945747779124,False,494,time1,0.9562333191337614,5,,,time1,TIME1,0.9727975442368874,0.9468314784431396,1.0,12
0.0005878765448879168,False,494,time0,0.924564040950506,1,,,time0,TIME0,0.9622189427551777,0.9428002147695517,1.0,9
0.0023149961197642963,False,494,time0,0.8527741002628997,3,,,time0,TIME0,0.9440378042972847,0.9636651379311094,1.0,5
0.0,False,494,goleiro_time1,1.0,9,,,goleiro1,GOL-TIME1,0.8794948376395413,0.9179793505581648,0.0,3
0.0002845881692091504,False,494,time1,0.9714297796715745,8,,,time1,TIME1,0.877426658066051,0.9460531069165663,0.0,6
0.0007479277465081752,False,494,time0,0.9166905990509236,2,,,time0,TIME0,0.8564377114555155,0.9304869973858693,0.0,2
0.00029270765726420374,False,494,time1,0.9685952880936283,7,,,time1,TIME1,0.8555952640580636,0.861925515761091,0.0,8
0.0008656313678043732,False,494,time0,0.9029279001801476,4,,,time0,TIME0,0.8538183422176093,0.9363710077498828,0.0,7
0.0044552825274244345,False,494,time1,0.5957082909948417,6,,,time1,TIME1,0.7519567344908206,0.9198849174990326,0.0,4
0.0,False,495,time1,0.0,novo,0.12965827995624524,True,time1,TIME1,0.0,,,10
0.0,False,495,time0,0.0,novo,0.09701075443918572,True,time0,TIME0,0.0,,,20
0.00014676685356643742,False,495,time0,0.9873881860629307,0,,,time0,TIME0,0.9811418326404595,0.9406659570295388,1.0,1
0.00037504186008869276,False,495,time1,0.9548365828405907,5,,,time1,TIME1,0.9722905689377374,0.9460493397220915,1.0,12
0.0006244342931062138,False,495,time0,0.9370252511878987,1,,,time0,TIME0,0.9661630950931798,0.9448183313359431,1.0,9
0.002404651384552443,False,495,time0,0.8275562652983098,3,,,time0,TIME0,0.9363550675276667,0.9627126347289108,1.0,5
0.0,False,495,goleiro_time1,1.0,9,,,goleiro1,GOL-TIME1,0.8794948376395413,0.9179793505581648,0.0,3
5.9610963540993914e-05,False,495,time0,0.9866438302893727,4,,,time0,TIME0,0.8793302619823969,0.9358770897926258,0.0,7
0.00020091208242711066,False,495,time0,0.9731842437181017,2,,,time0,TIME0,0.873793646489988,0.9297461971967105,0.0,2
0.0004157708494079923,False,495,time1,0.9585042441715682,8,,,time1,TIME1,0.8736615092455987,0.9467055119511589,0.0,6
2.8457490903507245e-05,False,495,time1,0.9964772437298876,7,,,time1,TIME1,0.8642322212801257,0.8619961004646358,0.0,8
0.002377645933442843,False,495,time1,0.7459163652625597,6,,,time1,TIME1,0.7995848132608447,0.9177626120327632,0.0,4
0.0,False,496,time1,0.0,novo,0.12965827995624524,True,time1,TIME1,0.0,,,10
0.0,False,496,time0,0.0,novo,0.09701075443918572,True,time0,TIME0,0.0,,,20
6.21278409724946e-05,False,496,time0,0.9854905564794516,0,,,time0,TIME0,0.9806635420227792,0.9406659570295388,1.0,1
0.0005289852898195573,False,496,time1,0.9692686282973034,5,,,time1,TIME1,0.9766744527384227,0.9460493397220915,1.0,12
0.0005694353779165004,False,496,time0,0.9463969956008782,1,,,time0,TIME0,0.9691979280617372,0.9448183313359431,1.0,9
0.0022638759481771777,False,496,time0,0.8464049828674038,3,,,time0,TIME0,0.9420294921067859,0.9627126347289108,1.0,5
0.0,False,496,goleiro_time1,1.0,9,,,goleiro1,GOL-TIME1,0.8794948376395413,0.9179793505581648,0.0,3
0.0006616770298291505,False,496,time1,0.9342399914794931,8,,,time1,TIME1,0.8661773639387186,0.9467055119511589,0.0,6
1.3976491408486307e-05,False,496,time1,0.9984642874557071,7,,,time1,TIME1,0.8650143341306731,0.8619961004646358,0.0,8
0.0005763954536777612,False,496,time0,0.9356465328670336,4,,,time0,TIME0,0.8637642334606442,0.9358770897926258,0.0,7
0.0007229526049790581,False,496,time0,0.913837471103456,2,,,time0,TIME0,0.8555618259703459,0.9297461971967105,0.0,2
0.0014806631765003203,False,496,time1,0.7427835877871993,6,,,time1,TIME1,0.800189517877001,0.9177626120327632,0.0,4
0.0,False,497,time1,0.0,novo,0.12965827995624524,True,time1,TIME1,0.0,,,10
0.0,False,497,time0,0.0,novo,0.09701075443918572,True,time0,TIME0,0.0,,,20
0.00014276825473186121,False,497,time0,0.9950553621899211,0,,,time0,TIME0,0.9834944389447646,0.9406659570295388,1.0,1
0.0004160173580099805,False,497,time1,0.9678045936086055,5,,,time1,TIME1,0.9762765831253063,0.9460493397220915,1.0,12
0.00029903781451206954,False,497,time0,0.9416784009561415,1,,,time0,TIME0,0.9680800701798585,0.9448183313359431,1.0,9
0.002342249144855725,False,497,time0,0.8334561033716028,3,,,time0,TIME0,0.9384106435432015,0.9627126347289108,1.0,5
0.0,False,497,goleiro_time1,1.0,9,,,goleiro1,GOL-TIME1,0.8794948376395413,0.9179793505581648,0.0,3
0.0006348880537565296,False,497,time1,0.9401525446174587,8,,,time1,TIME1,0.8678459006529957,0.9467055119511589,0.0,6
0.0005418856191734915,False,497,time0,0.9426695504862056,4,,,time0,TIME0,0.8660949332945426,0.9358770897926258,0.0,7
1.459238876220356e-05,False,497,time1,0.998311763861167,7,,,time1,TIME1,0.8649721592545623,0.8619961004646358,0.0,8
0.0005163936669573083,False,497,time0,0.9363617886505007,2,,,time0,TIME0,0.8626583951052564,0.9297461971967105,0.0,2
0.0019660308517619888,False,497,time1,0.7669552642092965,6,,,time1,TIME1,0.8072530073890717,0.9177626120327632,0.0,4
0.0,False,498,time1,0.0,novo,0.12426928386386071,True,time1,TIME1,0.0,,,10
0.0,False,498,time0,0.0,novo,0.09713961606734234,True,time0,TIME0,0.0,,,20
0.00023817352671271115,False,498,time0,0.9862706897442329,0,,,time0,TIME0,0.9811390620820958,0.9422543513594106,1.0,1
0.00040814222243104907,False,498,time1,0.9679175864397103,5,,,time1,TIME1,0.9762394160865818,0.945163621589737,1.0,12
0.0008960420772763224,False,498,time0,0.9115393539903709,1,,,time0,TIME0,0.9587888430788168,0.9463434960781516,1.0,9
0.0015084635024351836,False,498,time0,0.8912612068686249,3,,,time0,TIME0,0.9560355833360056,0.9625712813844369,1.0,5
0.0,False,498,goleiro_time1,1.0,9,,,goleiro1,GOL-TIME1,0.8794948376395413,0.9179793505581648,0.0,3
0.0001688356896248613,False,498,time0,0.9866530357800982,4,,,time0,TIME0,0.8791713630720941,0.9345978034523916,0.0,7
0.0002257078976996158,False,498,time0,0.9758505519147794,2,,,time0,TIME0,0.8745171980057225,0.929703567345501,0.0,2
0.0006552043907108002,False,498,time1,0.9417990100667636,8,,,time1,TIME1,0.8683753304337001,0.9460613406846348,0.0,6
1.2939187973821463e-05,False,498,time1,0.9952311362340945,7,,,time1,TIME1,0.8640250019358271,0.8619446567156002,0.0,8
0.0010472986190511262,False,498,time1,0.8679991697297319,6,,,time1,TIME1,0.8377810308103705,0.9163474764885101,0.0,4
0.0,False,499,time1,0.0,novo,0.12426928386386071,True,time1,TIME1,0.0,,,10
0.0,False,499,time0,0.0,novo,0.09713961606734234,True,time0,TIME0,0.0,,,20
9.567240329259493e-05,False,499,time0,0.9936716090893167,0,,,time0,TIME0,0.9834796857145346,0.9422543513594106,1.0,1
0.00026508015115907365,False,499,time1,0.9737683853645461,5,,,time1,TIME1,0.9780685991508277,0.945163621589737,1.0,12
0.0008442158125172608,False,499,time0,0.9294527736435227,3,,,time0,TIME0,0.9682579726643431,0.9625712813844369,1.0,5
0.0007528571068299662,False,499,time0,0.9370389113580397,1,,,time0,TIME0,0.9667666875189308,0.9463434960781516,1.0,9
0.0006837231377843245,False,499,time0,0.9421066287047652,4,,,time0,TIME0,0.8652819310094229,0.9345978034523916,0.0,7
1.0433536665305682e-05,False,499,time1,0.9980370675548201,7,,,time1,TIME1,0.8648776414681574,0.8619446567156002,0.0,8
0.0005011278899647031,False,499,time0,0.9431058755991057,2,,,time0,TIME0,0.864528500725535,0.929703567345501,0.0,2
0.0009218389817885647,False,499,time1,0.9196540701531531,8,,,time1,TIME1,0.8613916539720778,0.9460613406846348,0.0,6
0.0023734765440734666,False,499,time1,0.7536928263843842,6,,,time1,TIME1,0.8018575575699748,0.9163474764885101,0.0,4
0.06539842872787986,False,499,goleiro_time1,0.0,9,,,goleiro1,GOL-TIME1,0.24595704520564568,0.0,0.0,21
0.0,False,500,time1,0.0,novo,0.12426928386386071,True,time1,TIME1,0.0,,,10
0.0,False,500,time0,0.0,novo,0.09713961606734234,True,time0,TIME0,0.0,,,20
1.495262666209403e-05,False,500,time0,0.9948704260946657,0,,,time0,TIME0,0.9839550118763603,0.9422543513594106,1.0,1
0.0005507069642473153,False,500,time1,0.9589898917085802,5,,,time1,TIME1,0.973264866054827,0.945163621589737,1.0,12
0.0009210421791331157,False,500,time0,0.9037843839346728,1,,,time0,TIME0,0.9567118432549137,0.9463434960781516,1.0,9
0.0018144021372964699,False,500,time0,0.85366345381597,3,,,time0,TIME0,0.9441263686313729,0.9625712813844369,1.0,5
0.00019205995548577162,False,500,time0,0.9830003111227681,4,,,time0,TIME0,0.877999293280515,0.9345978034523916,0.0,7
0.00024146856899401046,False,500,time0,0.9494807182285849,2,,,time0,TIME0,0.8668065045869022,0.929703567345501,0.0,2
1.829215647863972e-05,False,500,time1,0.9977328324407772,7,,,time1,TIME1,0.8647810604834922,0.8619446567156002,0.0,8
0.0010023073240207048,False,500,time1,0.9108975235209968,8,,,time1,TIME1,0.8588140102691477,0.9460613406846348,0.0,6
0.004331518670472648,False,500,time1,0.621113070576574,6,,,time1,TIME1,0.7601402430977822,0.9163474764885101,0.0,4
0.0005082567523320177,False,500,goleiro_time1,0.9555639161638448,9,,,goleiro1,GOL-TIME1,0.5919047930415234,0.0,0.0,21
0.0,False,501,time1,0.0,novo,0.12041075912017885,True,time1,TIME1,0.0,,,10
0.0,False,501,time0,0.0,novo,0.09741935609197949,True,time0,TIME0,0.0,,,20
0.00023329030748445962,False,501,time0,0.9814089208506506,0,,,time0,TIME0,0.9800117757374829,0.9438106208408525,1.0,1
0.0006042134852109149,False,501,time0,0.9372919662793449,1,,,time0,TIME0,0.9672133274909521,0.947602936601259,1.0,9
0.0008146989567309321,False,501,time1,0.9387668094009171,5,,,time1,TIME1,0.9669602106457479,0.94508501644658,1.0,12
0.0010736174582201402,False,501,time0,0.9139879298192118,3,,,time0,TIME0,0.9630148016384396,0.9614463141757625,1.0,5
0.0006087349572511695,False,501,time1,0.9470670854844279,8,,,time1,TIME1,0.8696990074014427,0.9456660197898015,0.0,6
0.0003054971871147952,False,501,time0,0.9470497899925,4,,,time0,TIME0,0.8671362374846524,0.9335161903086152,0.0,7
3.5847311086887754e-05,False,501,time1,0.9948720576203938,7,,,time1,TIME1,0.8637910875629715,0.8615957248710986,0.0,8
0.0006583496456598562,False,501,time0,0.9174997006652325,2,,,time0,TIME0,0.8568813841078848,0.9302502499239073,0.0,2
0.001753566310358547,False,501,time1,0.8185996919124068,6,,,time1,TIME1,0.8212901410538694,0.9163403843778495,0.0,4
0.0003033196775531082,False,501,goleiro_time1,0.9680366732715373,9,,,goleiro1,GOL-TIME1,0.6399839403852488,0.0,0.0,21
0.0,False,502,time1,0.0,novo,0.12041075912017885,True,time1,TIME1,0.0,,,10
0.0,False,502,time0,0.0,novo,0.09741935609197949,True,time0,TIME0,0.0,,,20
2.092770168750857e-05,False,502,time0,0.9986368811387633,0,,,time0,TIME0,0.9853594246746812,0.9438106208408525,1.0,1
0.0005384442900937084,False,502,time0,0.9375807724000353,1,,,time0,TIME0,0.9675781830480291,0.947602936601259,1.0,9
0.0022227673031420974,False,502,time0,0.8351482855504698,3,,,time0,TIME0,0.9381016130635459,0.9614463141757625,1.0,5
0.0032322560990012553,False,502,time1,0.7813323106293412,5,,,time1,TIME1,0.9156499900014595,0.94508501644658,1.0,12
4.1312230878461884e-05,False,502,time1,0.9932901417924007,7,,,time1,TIME1,0.8632959461136452,0.8615957248710986,0.0,8
0.0008641108171110638,False,502,time1,0.9200724389154282,8,,,time1,TIME1,0.8614724488125151,0.9456660197898015,0.0,6
0.0009052358994351015,False,502,time0,0.9192775600531949,4,,,time0,TIME0,0.8578261574295761,0.9335161903086152,0.0,7
0.0010092903308147089,False,502,time0,0.8712107478652118,2,,,time0,TIME0,0.8427100479030858,0.9302502499239073,0.0,2
0.001319080567458861,False,502,time1,0.8458876033520473,6,,,time1,TIME1,0.8310800499092825,0.9163403843778495,0.0,4
0.0003323845586254807,False,502,goleiro_time1,0.9649031931247221,9,,,goleiro1,GOL-TIME1,0.6391488019815299,0.0,0.0,21
0.0,False,503,time1,0.0,novo,0.12041075912017885,True,time1,TIME1,0.0,,,10
0.0,False,503,time0,0.0,novo,0.09741935609197949,True,time0,TIME0,0.0,,,20
0.00014494330377344192,False,503,time0,0.9944266576298771,0,,,time0,TIME0,0.9840368986737072,0.9438106208408525,1.0,1
0.0004364529414077525,False,503,time0,0.9516508956917111,1,,,time0,TIME0,0.9719024504013704,0.947602936601259,1.0,9
0.0008080083713367758,False,503,time1,0.9382943874956261,5,,,time1,TIME1,0.9647215959327243,0.94508501644658,1.0,12
0.0016339054848318276,False,503,time0,0.8747884803084837,3,,,time0,TIME0,0.9506768951316228,0.9614463141757625,1.0,5
0.0004177673458616542,False,503,time0,0.9477544813883216,2,,,time0,TIME0,0.8657799923628398,0.9302502499239073,0.0,2
1.5026944832855768e-05,False,503,time1,0.9983589361906686,7,,,time1,TIME1,0.8648719006291545,0.8615957248710986,0.0,8
0.0006177409174315246,False,503,time1,0.9288306407996193,6,,,time1,TIME1,0.8566666182622312,0.9163403843778495,0.0,4
0.001403742549134827,False,503,time0,0.8904946459965473,4,,,time0,TIME0,0.8489007897121009,0.9335161903086152,0.0,7
0.0014382163129216623,False,503,time1,0.8690030619506675,8,,,time1,TIME1,0.8454184311131882,0.9456660197898015,0.0,6
0.0002956176915643364,False,503,goleiro_time1,0.9713944815930675,9,,,goleiro1,GOL-TIME1,0.6407538308442894,0.0,0.0,21
0.0,False,504,time1,0.0,novo,0.11275621330851882,True,time1,TIME1,0.0,,,10
0.0,False,504,time0,0.0,novo,0.10087149366669534,True,time0,TIME0,0.0,,,20
0.00010886444379315028,False,504,time0,0.9908311432437993,0,,,time0,TIME0,0.9833333199273165,0.9450827351872617,1.0,1
0.0006371873971127576,False,504,time0,0.923990131265429,1,,,time0,TIME0,0.9637493539390815,0.9495444843406522,1.0,9
0.0010419216977318583,False,504,time1,0.9163968860460769,5,,,time1,TIME1,0.9601840577242012,0.9457663818045645,1.0,12
0.0016573658591581945,False,504,time0,0.8807802928137463,3,,,time0,TIME0,0.9522052136623587,0.9606832562985145,1.0,5
0.0004035079976910787,False,504,time1,0.9592320978073028,8,,,time1,TIME1,0.872727201123188,0.9441260976935837,0.0,6
0.00021526780942391114,False,504,time1,0.9763155971983865,6,,,time1,TIME1,0.8712907849124305,0.9157644358008852,0.0,4
0.0003539969555210958,False,504,time0,0.9543482292498837,4,,,time0,TIME0,0.8682090123595817,0.9326095735270239,0.0,7
3.831534275519607e-05,False,504,time1,0.9958298731596933,7,,,time1,TIME1,0.8640761545664464,0.8615584999390459,0.0,8
0.0003668570033706096,False,504,time0,0.9351604886191999,2,,,time0,TIME0,0.8625992089843829,0.9314508600311147,0.0,2
0.00024317977194627684,False,504,goleiro_time1,0.9645108087727552,9,,,goleiro1,GOL-TIME1,0.639047812134146,0.0,0.0,21
0.0,False,505,time1,0.0,novo,0.11275621330851882,True,time1,TIME1,0.0,,,10
0.0,False,505,time0,0.0,novo,0.10087149366669534,True,time0,TIME0,0.0,,,20
2.002383152892958e-05,False,505,time0,0.9983391325142037,0,,,time0,TIME0,0.9856936393835481,0.9450827351872617,1.0,1
0.00015955141164444302,False,505,time1,0.9510640758535936,5,,,time1,TIME1,0.9709839783255906,0.9457663818045645,1.0,12
0.0016806579034698676,False,505,time0,0.8740302181235644,3,,,time0,TIME0,0.9508200682374038,0.9606832562985145,1.0,5
0.0012396141895998978,False,505,time0,0.8616066526581367,1,,,time0,TIME0,0.944326969745071,0.9495444843406522,1.0,9
0.00022847539939689073,False,505,time1,0.9671148868222894,8,,,time1,TIME1,0.8758322994058355,0.9441260976935837,0.0,6
3.0644934498045996e-05,False,505,time1,0.9968252734165064,7,,,time1,TIME1,0.8644019359645564,0.8615584999390459,0.0,8
0.000261979768994224,False,505,time1,0.9477537029740325,6,,,time1,TIME1,0.8627148310377455,0.9157644358008852,0.0,4
0.0007226106687828447,False,505,time0,0.9227738981145736,4,,,time0,TIME0,0.8590608718940186,0.9326095735270239,0.0,7
0.0006229594522812705,False,505,time0,0.915736075921379,2,,,time0,TIME0,0.8568425484357329,0.9314508600311147,0.0,2
0.00034113898769888833,False,505,goleiro_time1,0.9577574207277881,9,,,goleiro1,GOL-TIME1,0.636751385382494,0.0,0.0,21
0.0,False,506,time1,0.0,novo,0.11275621330851882,True,time1,TIME1,0.0,,,10
0.0,False,506,time0,0.0,novo,0.10087149366669534,True,time0,TIME0,0.0,,,20
0.0001808628133691184,False,506,time0,0.9850510943703006,0,,,time0,TIME0,0.9815117358245352,0.9450827351872617,1.0,1
0.0014298801722663226,False,506,time0,0.8524197201551084,1,,,time0,TIME0,0.9416690836182696,0.9495444843406522,1.0,9
0.002785404543032992,False,506,time1,0.7957434235203789,5,,,time1,TIME1,0.9207482709423526,0.9457663818045645,1.0,12
0.0031417310784048174,False,506,time0,0.7766909466375245,3,,,time0,TIME0,0.919300065731165,0.9606832562985145,1.0,5
0.0002085372215533878,False,506,time1,0.9698391143329961,8,,,time1,TIME1,0.8767701448876468,0.9441260976935837,0.0,6
0.00035699691295294783,False,506,time0,0.9556079151368952,4,,,time0,TIME0,0.8692347536587716,0.9326095735270239,0.0,7
0.00025499919735413965,False,506,time0,0.95184916557659,2,,,time0,TIME0,0.8679076974285053,0.9314508600311147,0.0,2
6.05984311384932e-05,False,506,time1,0.9950388412454202,7,,,time1,TIME1,0.8638188809082381,0.8615584999390459,0.0,8
0.00042324771049013257,False,506,time1,0.9397282967139067,6,,,time1,TIME1,0.8602762433873392,0.9157644358008852,0.0,4
0.0003844208807762963,False,506,goleiro_time1,0.9442783060955063,9,,,goleiro1,GOL-TIME1,0.6328870906665423,0.0,0.0,21
0.0,False,507,time1,0.0,novo,0.10838130320400785,True,time1,TIME1,0.0,,,10
0.0,False,507,time0,0.0,novo,0.09963293423546726,True,time0,TIME0,0.0,,,20
0.00010301048596750351,False,507,time0,0.9907540229229457,0,,,time0,TIME0,0.983572193146807,0.9460921610094377,1.0,1
0.0016467957691758434,False,507,time0,0.8475923992767537,1,,,time0,TIME0,0.941098311057266,0.9539470814313331,1.0,9
0.0017295924229493804,False,507,time0,0.8460906200822443,3,,,time0,TIME0,0.9407032836294105,0.9592508932978753,1.0,5
0.0003066431299634698,False,507,time1,0.9661663547411213,8,,,time1,TIME1,0.8751187008314882,0.9426007057753045,0.0,6
0.0002579681573058898,False,507,time0,0.9667859888692015,2,,,time0,TIME0,0.8725998161053395,0.9323763767193265,0.0,2
0.00034167555864536467,False,507,time0,0.9666872175774143,4,,,time0,TIME0,0.8717801037874973,0.9292175541229086,0.0,7
5.2470299555334535e-05,False,507,time1,0.9963200233173759,7,,,time1,TIME1,0.8641730257174474,0.8616072452264643,0.0,8
0.0015190535809726249,False,507,time1,0.8510592272026761,5,,,time1,TIME1,0.8379060281104562,0.9466153939397928,0.0,12
0.005464020281228882,False,507,time1,0.4357222469737927,6,,,time1,TIME1,0.7011526183534587,0.9157644358008852,0.0,4
0.000274024268576345,False,507,goleiro_time1,0.961886603592873,9,,,goleiro1,GOL-TIME1,0.638142399635984,0.0,0.0,21
0.0,False,508,time1,0.0,novo,0.10838130320400785,True,time1,TIME1,0.0,,,10
0.0,False,508,time0,0.0,novo,0.09963293423546726,True,time0,TIME0,0.0,,,20
0.00011545470591905552,False,508,time0,0.9908545573078774,0,,,time0,TIME0,0.9836090340438909,0.9460921610094377,1.0,1
0.0009291021327480717,False,508,time0,0.9094090662249994,1,,,time0,TIME0,0.9599541259152042,0.9539470814313331,1.0,9
1.8001127048285123e-05,False,508,time0,0.9971408214661691,2,,,time0,TIME0,0.8820475539342186,0.9323763767193265,0.0,2
0.00032483928493791115,False,508,time1,0.9626020415784307,8,,,time1,TIME1,0.874022702912159,0.9426007057753045,0.0,6
8.633883246994431e-05,False,508,time1,0.992705230247755,7,,,time1,TIME1,0.863110140300287,0.8616072452264643,0.0,8
0.0007437590166596522,False,508,time0,0.9210456467892006,4,,,time0,TIME0,0.8574149681044128,0.9292175541229086,0.0,7
0.007273393216892857,False,508,time0,0.5812394197651725,3,,,time0,TIME0,0.8533465627312533,0.9592508932978753,1.0,5
0.0004562312108105337,False,508,time1,0.8999557341805522,6,,,time1,TIME1,0.8448486027463744,0.9157644358008852,0.0,4
0.002014999767790616,False,508,time1,0.8361810118192236,5,,,time1,TIME1,0.8335454324219242,0.9466153939397928,0.0,12
0.00026627598929691377,False,508,goleiro_time1,0.9673416105357614,9,,,goleiro1,GOL-TIME1,0.6399127556700819,0.0,0.0,21
0.0,False,509,time1,0.0,novo,0.10838130320400785,True,time1,TIME1,0.0,,,10
0.0,False,509,time0,0.0,novo,0.09963293423546726,True,time0,TIME0,0.0,,,20
6.0548802194287604e-05,False,509,time0,0.9906973041410414,0,,,time0,TIME0,0.9836169282983914,0.9460921610094377,1.0,1
0.0013306102095502889,False,509,time0,0.8781617372204866,1,,,time0,TIME0,0.9504508238334096,0.9539470814313331,1.0,9
0.0023122013747825455,False,509,time0,0.8273517012092754,3,,,time0,TIME0,0.9294351710072013,0.9592508932978753,1.0,5
0.0002962276468888279,False,509,time0,0.9674931815032537,2,,,time0,TIME0,0.8728731050045071,0.9323763767193265,0.0,2
0.0004417668531193502,False,509,time1,0.9574223360514067,8,,,time1,TIME1,0.8723949561419597,0.9426007057753045,0.0,6
0.00043324188657049346,False,509,time0,0.9570629696997386,4,,,time0,TIME0,0.8687316697156051,0.9292175541229086,0.0,7
6.503156543369495e-05,False,509,time1,0.991165592849837,7,,,time1,TIME1,0.8626052660120342,0.8616072452264643,0.0,8
0.0005380291978151597,False,509,time1,0.9083520489295905,6,,,time1,TIME1,0.8507312914112719,0.9157644358008852,0.0,4
0.0014191752356356726,False,509,time1,0.8771835784257644,5,,,time1,TIME1,0.8478051234179212,0.9466153939397928,0.0,12
0.00021739905106112534,False,509,goleiro_time1,0.9638145849116756,9,,,goleiro1,GOL-TIME1,0.6386888478157864,0.0,0.0,21
0.0,False,510,time1,0.0,novo,0.10909273385731666,True,time1,TIME1,0.0,,,10
0.0,False,510,time0,0.0,novo,0.0973985990427485,True,time0,TIME0,0.0,,,20
9.517251819357957e-05,False,510,time0,0.9949807925342059,0,,,time0,TIME0,0.9850243549193564,0.9468885656351607,1.0,1
0.0010240145904544386,False,510,time0,0.9007353808051876,1,,,time0,TIME0,0.9585691156033543,0.9579844410695109,1.0,9
0.0027486375745071007,False,510,time0,0.8057048159008015,3,,,time0,TIME0,0.9259277024947183,0.9598154507868659,1.0,5
5.473864543146067e-05,False,510,time0,0.9923391338308674,2,,,time0,TIME0,0.880707062698447,0.9328790095188648,0.0,2
0.0,False,510,time1,1.0,6,,,time1,TIME1,0.878574270860802,0.9157644358008852,0.0,4
0.00026805218041941,False,510,time1,0.9734175457112454,5,,,time1,TIME1,0.8778929741750735,0.9477424860042402,0.0,12
0.0005770126637316382,False,510,time1,0.9448244600565385,8,,,time1,TIME1,0.8675505365123541,0.9388925309458946,0.0,6
3.7100448269625596e-05,False,510,time1,0.9946609062598185,7,,,time1,TIME1,0.8636126555908911,0.8611807153126372,0.0,8
0.0008981543703720996,False,510,time0,0.9086939300356344,4,,,time0,TIME0,0.8526537552345138,0.9251248250563645,0.0,7
0.00010874135437236948,False,510,goleiro_time1,0.9854299497704696,9,,,goleiro1,GOL-TIME1,0.6454161900666426,0.0,0.0,21
0.0,False,511,time1,0.0,novo,0.10909273385731666,True,time1,TIME1,0.0,,,10
0.0,False,511,time0,0.0,novo,0.0973985990427485,True,time0,TIME0,0.0,,,20
0.00034667274815029174,False,511,time0,0.9711652736326882,0,,,time0,TIME0,0.9775299791702358,0.9468885656351607,1.0,1
0.000730435731509304,False,511,time0,0.9265638970990074,1,,,time0,TIME0,0.966583560514666,0.9579844410695109,1.0,9
0.0026683278216739757,False,511,time0,0.824874630581813,3,,,time0,TIME0,0.9332871583958504,0.9598154507868659,1.0,5
0.0,False,511,time1,1.0,6,,,time1,TIME1,0.8789411089502213,0.9157644358008852,0.0,4
0.0002767188424869647,False,511,time0,0.9744952715009488,4,,,time0,TIME0,0.8728194193260702,0.9251248250563645,0.0,7
0.0006314909633062863,False,511,time1,0.9468736944234929,5,,,time1,TIME1,0.8701635253761095,0.9477424860042402,0.0,12
0.0005051754201733517,False,511,time1,0.9486629261767641,8,,,time1,TIME1,0.8687450785666082,0.9388925309458946,0.0,6
0.00046325343372911827,False,511,time0,0.9313988493280344,2,,,time0,TIME0,0.8619229356845721,0.9328790095188648,0.0,2
0.00014906719888703858,False,511,time1,0.983990029356332,7,,,time1,TIME1,0.860270090257751,0.8611807153126372,0.0,8
0.00024463198613271697,False,511,goleiro_time1,0.9598565888214525,9,,,goleiro1,GOL-TIME1,0.6375324782284401,0.0,0.0,21
0.0,False,512,time1,0.0,novo,0.10909273385731666,True,time1,TIME1,0.0,,,10
0.0,False,512,time0,0.0,novo,0.0973985990427485,True,time0,TIME0,0.0,,,20
0.0003326302047771224,False,512,time0,0.9850446536009675,0,,,time0,TIME0,0.9817348338232214,0.9468885656351607,1.0,1
0.0007594446547738986,False,512,time0,0.9502260293468702,1,,,time0,TIME0,0.9733180846985402,0.9579844410695109,1.0,9
0.001275797837297293,False,512,time0,0.905688965150328,3,,,time0,TIME0,0.9594586269183591,0.9598154507868659,1.0,5
0.0002432094503846722,False,512,time1,0.9757193491980002,5,,,time1,TIME1,0.8791002154960735,0.9477424860042402,0.0,12
0.0,False,512,time1,1.0,6,,,time1,TIME1,0.8789411089502213,0.9157644358008852,0.0,4
0.00040129555889035714,False,512,time1,0.9602956755113979,8,,,time1,TIME1,0.8722970347886385,0.9388925309458946,0.0,6
8.046385241710082e-05,False,512,time1,0.988518641396729,7,,,time1,TIME1,0.8617217278332672,0.8611807153126372,0.0,8
0.0006254376779858439,False,512,time0,0.9350277190832241,4,,,time0,TIME0,0.8606589774533956,0.9251248250563645,0.0,7
0.0015073937596112438,False,512,time0,0.8039129679024992,2,,,time0,TIME0,0.8220587080054909,0.9328790095188648,0.0,2
0.0001183940254816903,False,512,goleiro_time1,0.9846807915455849,9,,,goleiro1,GOL-TIME1,0.6450721105909162,0.0,0.0,21
0.0,False,513,time1,0.0,novo,0.1103760385928152,True,time1,TIME1,0.0,,,10
0.0,False,513,time0,0.0,novo,0.09834545436258868,True,time0,TIME0,0.0,,,20
0.00014669192185103578,False,513,time0,0.9796889263715071,0,,,time0,TIME0,0.9808159131912288,0.9490807275514497,1.0,1
0.0005449518838172798,False,513,time0,0.9342426182057126,1,,,time0,TIME0,0.9694616447690897,0.9611855314102941,1.0,9
0.0017373987146977092,False,513,time0,0.8731562260391433,3,,,time0,TIME0,0.9496560041229638,0.9589460651726244,1.0,5
0.00047603058488061834,False,513,time1,0.9787660342586196,5,,,time1,TIME1,0.880380085864578,0.9496611960010577,0.0,12
0.0,False,513,time1,1.0,6,,,time1,TIME1,0.8789411089502213,0.9157644358008852,0.0,4
0.0007794168740399029,False,513,time1,0.9298500319193728,8,,,time1,TIME1,0.8623141104417787,0.937395892250644,0.0,6
0.00015655126396619105,False,513,time1,0.984327596184524,7,,,time1,TIME1,0.8607435533775286,0.8625650858042829,0.0,8
0.0006554698224880388,False,513,time0,0.912278758270687,2,,,time0,TIME0,0.8546781881321917,0.9322520423965325,0.0,2
0.00043474397067991245,False,513,time0,0.9102382151884794,4,,,time0,TIME0,0.8531997648970187,0.924274367754436,0.0,7
0.0004749681982508107,False,513,goleiro_time1,0.9599376752199243,9,,,goleiro1,GOL-TIME1,0.6372764230795903,0.0,0.0,21
0.0,False,514,time1,0.0,novo,0.1103760385928152,True,time1,TIME1,0.0,,,10
0.0,False,514,time0,0.0,novo,0.09834545436258868,True,time0,TIME0,0.0,,,20
0.00016468446244513558,False,514,time0,0.9859183848312028,0,,,time0,TIME0,0.9826841045428274,0.9490807275514497,1.0,1
0.0005758248666749702,False,514,time0,0.9361172760833325,1,,,time0,TIME0,0.970272906330698,0.9611855314102941,1.0,9
0.0029076845795297556,False,514,time0,0.7908374756629999,3,,,time0,TIME0,0.922915600937258,0.9589460651726244,1.0,5
0.00012880849390886563,False,514,time1,0.988476347043686,5,,,time1,TIME1,0.8835545060465009,0.9496611960010577,0.0,12
0.0,False,514,time1,1.0,6,,,time1,TIME1,0.8789411089502213,0.9157644358008852,0.0,4
0.00015023527373357636,False,514,time1,0.9839844015975607,7,,,time1,TIME1,0.8606651256532976,0.8625650858042829,0.0,8
0.0011096377476754278,False,514,time1,0.889951245195025,8,,,time1,TIME1,0.8500141218588219,0.937395892250644,0.0,6
0.0010132671400949417,False,514,time0,0.8851709041802029,2,,,time0,TIME0,0.8465560749095818,0.9322520423965325,0.0,2
0.003073433736927685,False,514,time0,0.833801259569372,4,,,time0,TIME0,0.8260440669187374,0.924274367754436,0.0,7
0.00016477813977248097,False,514,goleiro_time1,0.985303757209261,9,,,goleiro1,GOL-TIME1,0.6452298268981652,0.0,0.0,21
0.0,False,515,time1,0.0,novo,0.1103760385928152,True,time1,TIME1,0.0,,,10
0.0,False,515,time0,0.0,novo,0.09834545436258868,True,time0,TIME0,0.0,,,20
0.0,False,515,time0,1.0,3,,,time0,TIME0,0.9877540040798403,0.9589460651726244,1.0,5
0.00026082190403781797,False,515,time0,0.9777701223119682,0,,,time0,TIME0,0.9800760755402113,0.9490807275514497,1.0,1
0.00053144657091144,False,515,time0,0.9509895060155139,1,,,time0,TIME0,0.9749140180957669,0.9611855314102941,1.0,9
0.000244492776500312,False,515,time1,0.9782247980977399,5,,,time1,TIME1,0.8805115445681291,0.9496611960010577,0.0,12
0.0,False,515,time1,1.0,6,,,time1,TIME1,0.8789411089502213,0.9157644358008852,0.0,4
0.00048530588323095805,False,515,time0,0.9460010188545347,2,,,time0,TIME0,0.8660617999860584,0.9322520423965325,0.0,2
6.178561306513466e-05,False,515,time1,0.9904184349106042,7,,,time1,TIME1,0.8626200736935873,0.8625650858042829,0.0,8
0.0016349822287232863,False,515,time1,0.8420711003086772,8,,,time1,TIME1,0.8349330045907909,0.937395892250644,0.0,6
0.0023266381847950133,False,515,time0,0.8266734470754927,4,,,time0,TIME0,0.8261461253556899,0.924274367754436,0.0,7
0.00030312326716977885,False,515,goleiro_time1,0.9732962748533358,9,,,goleiro1,GOL-TIME1,0.6416133019247606,0.0,0.0,21
0.0,False,516,time1,0.0,novo,0.10955663994598175,True,time1,TIME1,0.0,,,10
0.0,False,516,time0,0.0,novo,0.0991777027410089,True,time0,TIME0,0.0,,,20
0.0,False,516,time0,1.0,3,,,time0,TIME0,0.9893332938626811,0.9573331754507243,1.0,5
0.000288109782269721,False,516,time0,0.9822502880663396,0,,,time0,TIME0,0.9816308312072001,0.9500795499031088,1.0,1
0.0005161002309099941,False,516,time0,0.9476718946839525,1,,,time0,TIME0,0.9747105458091178,0.9638663071346931,1.0,9
0.00012853554105728154,False,516,time1,0.9850038287471512,5,,,time1,TIME1,0.8826691881827344,0.9495676112465157,0.0,12
0.0,False,516,time1,1.0,6,,,time1,TIME1,0.8789411089502213,0.9157644358008852,0.0,4
0.0005397658176864622,False,516,time0,0.9412093737643734,2,,,time0,TIME0,0.8642475298460788,0.9322788712218111,0.0,2
0.0001486608072105153,False,516,time1,0.9811888035319226,7,,,time1,TIME1,0.860470205607871,0.8653797544440864,0.0,8
0.0007028813053879492,False,516,time1,0.9247989811231517,8,,,time1,TIME1,0.8598434452421135,0.9347409865715944,0.0,6
0.003466315382434395,False,516,time0,0.8019988110547512,4,,,time0,TIME0,0.8171769410606887,0.9223590478682842,0.0,7
0.0003342027307869037,False,516,goleiro_time1,0.9534891169190775,9,,,goleiro1,GOL-TIME1,0.6356480921725436,0.0,0.0,21
0.0,False,517,time1,0.0,novo,0.10955663994598175,True,time1,TIME1,0.0,,,10
0.0,False,517,time0,0.0,novo,0.0991777027410089,True,time0,TIME0,0.0,,,20
1.7529644151398675e-05,False,517,time0,0.9987871905515234,1,,,time0,TIME0,0.9902461873612244,0.9638663071346931,1.0,9
0.0,False,517,time0,1.0,3,,,time0,TIME0,0.9893332938626811,0.9573331754507243,1.0,5
4.9462992270897015e-05,False,517,time0,0.9955652337063583,0,,,time0,TIME0,0.9859666048283983,0.9500795499031088,1.0,1
3.5895310253600266e-06,False,517,time1,0.9996773626935633,5,,,time1,TIME1,0.887206302118341,0.9495676112465157,0.0,12
1.0662403084469979e-06,False,517,time1,0.9996623619333987,8,,,time1,TIME1,0.8831042174961833,0.9347409865715944,0.0,6
2.3943518138531433e-06,False,517,time0,0.9997732886465733,2,,,time0,TIME0,0.8826331199984851,0.9322788712218111,0.0,2
0.0,False,517,time1,1.0,6,,,time1,TIME1,0.8789411089502213,0.9157644358008852,0.0,4
0.0001760458252542432,False,517,time0,0.9902819216269736,4,,,time0,TIME0,0.8752699557261996,0.9223590478682842,0.0,7
2.3232724394208984e-07,False,517,time1,0.999976950676486,7,,,time1,TIME1,0.8662363130917603,0.8653797544440864,0.0,8
1.0923527366135909e-05,False,517,goleiro_time1,0.9985557990518654,9,,,goleiro1,GOL-TIME1,0.6493339609332272,0.0,0.0,21
0.0,False,518,time1,0.0,novo,0.10955663994598175,True,time1,TIME1,0.0,,,10
0.0,False,518,time0,0.0,novo,0.0991777027410089,True,time0,TIME0,0.0,,,20
0.0,False,518,time0,1.0,3,,,time0,TIME0,0.9893332938626811,0.9573331754507243,1.0,5
0.00015157252836206107,False,518,time0,0.9540937260709919,0,,,time0,TIME0,0.9735084309918841,0.9500795499031088,1.0,1
0.0007707449358055223,False,518,time0,0.9253783256998492,1,,,time0,TIME0,0.9673651725019723,0.9638663071346931,1.0,9
0.0,False,518,time1,1.0,6,,,time1,TIME1,0.8789411089502213,0.9157644358008852,0.0,4
0.0005865096625534101,False,518,time1,0.9480120301058793,5,,,time1,TIME1,0.8708641593240286,0.9495676112465157,0.0,12
0.0007622126637949067,False,518,time1,0.9208676027923689,8,,,time1,TIME1,0.8587331045263761,0.9347409865715944,0.0,6
0.00033353412883884803,False,518,time1,0.965333725507637,7,,,time1,TIME1,0.8554143309314926,0.8653797544440864,0.0,8
0.0013709554338315684,False,518,time0,0.8604161619456904,2,,,time0,TIME0,0.8390151294354298,0.9322788712218111,0.0,2
0.00502741585295438,False,518,time0,0.7106857077491082,4,,,time0,TIME0,0.7859161056036418,0.9223590478682842,0.0,7
0.00039654901267584426,False,518,goleiro_time1,0.9546001416669873,9,,,goleiro1,GOL-TIME1,0.6357539322180699,0.0,0.0,21
0.0,False,519,time1,0.0,novo,0.10760721626485481,True,time1,TIME1,0.0,,,10
0.0,False,519,time0,0.0,novo,0.09831505467093715,True,time0,TIME0,0.0,,,20
0.0,False,519,time0,1.0,3,,,time0,TIME0,0.9893018810939423,0.9572075243757694,1.0,5
0.000123126747124472,False,519,time0,0.9830577190624258,0,,,time0,TIME0,0.9827240902877207,0.9519317922490587,1.0,1
0.0008054436469356826,False,519,time0,0.901999186645906,1,,,time0,TIME0,0.9608815012396222,0.9659703454126131,1.0,9
0.00021122285388320883,False,519,time1,0.9807427523143315,5,,,time1,TIME1,0.8809787729031898,0.948836054872443,0.0,12
0.0,False,519,time1,1.0,6,,,time1,TIME1,0.8789411089502213,0.9157644358008852,0.0,4
0.0003739451783745172,False,519,time1,0.9500666615925122,8,,,time1,TIME1,0.8679515249274262,0.9342035083705063,0.0,6
0.00025124796957189815,False,519,time1,0.9690506580379302,7,,,time1,TIME1,0.8570911444729887,0.8671267316968077,0.0,8
0.0012639623804594595,False,519,time0,0.8952200618161489,2,,,time0,TIME0,0.8485225518272014,0.9315551183965662,0.0,2
0.001659204603297001,False,519,time0,0.8611107035444547,4,,,time0,TIME0,0.8337692498549725,0.9227184934011035,0.0,7
0.00019149496172713977,False,519,goleiro_time1,0.9833122195805855,9,,,goleiro1,GOL-TIME1,0.6446758212973384,0.0,0.0,21
0.0,False,520,time1,0.0,novo,0.10760721626485481,True,time1,TIME1,0.0,,,10
0.0,False,520,time0,0.0,novo,0.09831505467093715,True,time0,TIME0,0.0,,,20
3.0998496731030844e-06,False,520,time0,0.9995583141699064,1,,,time0,TIME0,0.9908060265552254,0.9659703454126131,1.0,9
0.0,False,520,time0,1.0,3,,,time0,TIME0,0.9893018810939423,0.9572075243757694,1.0,5
3.292372886499717e-06,False,520,time0,0.9995407751616531,0,,,time0,TIME0,0.9877578380673259,0.9519317922490587,1.0,1
1.9228500112306984e-05,False,520,time1,0.9984854175305056,5,,,time1,TIME1,0.8865815965145624,0.948836054872443,0.0,12
1.4248499369617207e-05,False,520,time1,0.998504327734508,8,,,time1,TIME1,0.8828363352156336,0.9342035083705063,0.0,6
2.3536036112328336e-06,False,520,time0,0.9996902250644528,2,,,time0,TIME0,0.8819334001830488,0.9315551183965662,0.0,2
0.0,False,520,time1,1.0,6,,,time1,TIME1,0.8789411089502213,0.9157644358008852,0.0,4
9.86601151978355e-05,False,520,time0,0.9903042716479012,4,,,time0,TIME0,0.8766033052624409,0.9227184934011035,0.0,7
4.755903562964737e-06,False,520,time1,0.9995169395672417,7,,,time1,TIME1,0.8664624409194808,0.8671267316968077,0.0,8
8.60005363215171e-05,False,520,goleiro_time1,0.9893895856073347,9,,,goleiro1,GOL-TIME1,0.6466460681030525,0.0,0.0,21
0.0,False,521,time1,0.0,novo,0.10760721626485481,True,time1,TIME1,0.0,,,10
0.0,False,521,time0,0.0,novo,0.09831505467093715,True,time0,TIME0,0.0,,,20
0.0001112390486252065,False,521,time0,0.9812071184490444,0,,,time0,TIME0,0.982166248392267,0.9519317922490587,1.0,1
0.002522971049057932,False,521,time0,0.7417902648069162,1,,,time0,TIME0,0.9100137703114107,0.9659703454126131,1.0,9
0.0,False,521,time0,1.0,4,,,time0,TIME0,0.8806123550899136,0.9227184934011035,0.0,7
0.0,False,521,time1,1.0,6,,,time1,TIME1,0.8789411089502213,0.9157644358008852,0.0,4
0.0010286666476236328,False,521,time1,0.9290332221760116,5,,,time1,TIME1,0.8642764204643529,0.948836054872443,0.0,12
0.00022344224063927591,False,521,time1,0.9825927052711457,7,,,time1,TIME1,0.86120638212891,0.8671267316968077,0.0,8
0.0006913426836664425,False,521,time1,0.9246285180033874,8,,,time1,TIME1,0.8598485454772687,0.9342035083705063,0.0,6
0.0012078344163013888,False,521,time0,0.9016494440381146,2,,,time0,TIME0,0.8514605899086055,0.9315551183965662,0.0,2
0.01401936294007898,False,521,time0,0.38227482130951457,3,,,time0,TIME0,0.781680795536671,0.9572075243757694,1.0,5
0.0005510472770075823,False,521,goleiro_time1,0.9556130081356867,9,,,goleiro1,GOL-TIME1,0.6358459661268558,0.0,0.0,21
0.0,False,522,time1,0.0,novo,0.10603435252213345,True,time1,TIME1,0.0,,,10
0.0,False,522,time0,0.0,novo,0.09989652435117402,True,time0,TIME0,0.0,,,20
2.0902774652952462e-05,False,522,time0,0.9986398167800128,1,,,time0,TIME0,0.9895098317690022,0.9666173974244848,1.0,9
1.0647838929858918e-05,False,522,time0,0.9988992513168884,0,,,time0,TIME0,0.9876153758906774,0.952149188030825,1.0,1
0.00013287550534887117,False,522,time0,0.985385529303095,3,,,time0,TIME0,0.9750026474045885,0.9560833801371954,1.0,5
2.3081583042665898e-06,False,522,time0,0.9997235786947272,2,,,time0,TIME0,0.8817008866343583,0.9304315337776607,0.0,2
3.283553618282426e-05,False,522,time1,0.9964855719184776,8,,,time1,TIME1,0.88153904746647,0.9323718363793922,0.0,6
0.0002266599667836273,False,522,time1,0.9810455396138971,5,,,time1,TIME1,0.8804517035502925,0.9476839155488821,0.0,12
0.0,False,522,time0,1.0,4,,,time0,TIME0,0.8803986106892268,0.9215944427569072,0.0,7
0.0,False,522,time1,1.0,6,,,time1,TIME1,0.8789411089502213,0.9157644358008852,0.0,4
3.432134788349914e-05,False,522,time1,0.9966696309741346,7,,,time1,TIME1,0.8658952837390799,0.8683345446338162,0.0,8
1.7034995584542507e-05,False,522,goleiro_time1,0.9958408411342549,9,,,goleiro1,GOL-TIME1,0.6483497629489066,0.0,0.0,21
0.0,False,523,time1,0.0,novo,0.10603435252213345,True,time1,TIME1,0.0,,,10
0.0,False,523,time0,0.0,novo,0.09989652435117402,True,time0,TIME0,0.0,,,20
0.00018918944170445942,False,523,time0,0.9780092395611619,0,,,time0,TIME0,0.9811343978723345,0.952149188030825,1.0,1
0.0012494502836049768,False,523,time0,0.878807517543571,1,,,time0,TIME0,0.9533089360596926,0.9666173974244848,1.0,9
0.0014900871207045036,False,523,time0,0.8641286834178507,3,,,time0,TIME0,0.9458446253860712,0.9560833801371954,1.0,5
5.907905363131689e-05,False,523,time0,0.9942278542348952,2,,,time0,TIME0,0.8807807395603934,0.9304315337776607,0.0,2
0.0,False,523,time0,1.0,4,,,time0,TIME0,0.8803986106892268,0.9215944427569072,0.0,7
0.0,False,523,time1,1.0,6,,,time1,TIME1,0.8789411089502213,0.9157644358008852,0.0,4
0.0005192184455040677,False,523,time1,0.9651390799420226,5,,,time1,TIME1,0.8755912354550311,0.9476839155488821,0.0,12
0.0002758417304845415,False,523,time1,0.9428179461678912,8,,,time1,TIME1,0.8654847426622472,0.9323718363793922,0.0,6
9.842748824149846e-05,False,523,time1,0.9902145035749585,7,,,time1,TIME1,0.8639833413089582,0.8683345446338162,0.0,8
0.00020763134429528912,False,523,goleiro_time1,0.9817772359818713,9,,,goleiro1,GOL-TIME1,0.6441925737024021,0.0,0.0,21
0.0,False,524,time1,0.0,novo,0.10603435252213345,True,time1,TIME1,0.0,,,10
0.0,False,524,time0,0.0,novo,0.09989652435117402,True,time0,TIME0,0.0,,,20
0.00043968251356127537,False,524,time0,0.9576125828604711,0,,,time0,TIME0,0.9744958914693447,0.952149188030825,1.0,1
0.0019964305015765533,False,524,time0,0.8166050555921507,1,,,time0,TIME0,0.9342877562759201,0.9666173974244848,1.0,9
0.0035445913758856504,False,524,time0,0.7539896031125055,3,,,time0,TIME0,0.9103360248830106,0.9560833801371954,1.0,5
0.00029325242148897206,False,524,time1,0.9810892006829568,5,,,time1,TIME1,0.8807755258047013,0.9476839155488821,0.0,12
0.0,False,524,time1,1.0,6,,,time1,TIME1,0.8789411089502213,0.9157644358008852,0.0,4
0.0003886434376729176,False,524,time1,0.9562087780276488,7,,,time1,TIME1,0.8533517297408606,0.8683345446338162,0.0,8
0.0009693479215776333,False,524,time1,0.8963754401774622,8,,,time1,TIME1,0.8504916765259303,0.9323718363793922,0.0,6
0.0006961627664560906,False,524,time0,0.8567337629144055,2,,,time0,TIME0,0.8384871867292587,0.9304315337776607,0.0,2
0.0062874314576986156,False,524,time0,0.4291810634375347,4,,,time0,TIME0,0.6991501978559667,0.9215944427569072,0.0,7
0.0002776665232206835,False,524,goleiro_time1,0.9633657668189755,9,,,goleiro1,GOL-TIME1,0.6386284189008625,0.0,0.0,21
0.0,False,525,time1,0.0,novo,0.10206283025171092,True,time1,TIME1,0.0,,,10
0.0,False,525,time0,0.0,novo,0.1018176556503213,True,time0,TIME0,0.0,,,20
7.286064870074026e-05,False,525,time0,0.9922572473446772,1,,,time0,TIME0,0.988186277628666,0.9679444510605945,1.0,9
1.9913071660253524e-05,False,525,time0,0.9980385030441176,0,,,time0,TIME0,0.987318275004504,0.9529453293061159,1.0,1
3.355847250271148e-05,False,525,time0,0.996479894030762,3,,,time0,TIME0,0.9855145051861771,0.9561515220615227,1.0,5
4.9402360743226475e-05,False,525,time1,0.9936617224119151,8,,,time1,TIME1,0.8806627937947968,0.9330957506517885,0.0,6
0.0,False,525,time1,1.0,6,,,time1,TIME1,0.8789411089502213,0.9157644358008852,0.0,4
0.00027712617271239445,False,525,time1,0.9753378845868318,5,,,time1,TIME1,0.8787971563058398,0.947025387127299,0.0,12
8.57179950513745e-05,False,525,time0,0.9820032015306442,2,,,time0,TIME0,0.8769910354258671,0.931982536147998,0.0,2
7.513296438507912e-05,False,525,time0,0.9887492148751816,4,,,time0,TIME0,0.8723561568188047,0.9205425275363937,0.0,7
4.865023349134381e-06,False,525,time1,0.9991426633960885,7,,,time1,TIME1,0.8666443823544207,0.8686918049474138,0.0,8
9.349836889848074e-06,False,525,goleiro_time1,0.9974333549124741,9,,,goleiro1,GOL-TIME1,0.6490263036461197,0.0,0.0,21
0.0,False,526,time1,0.0,novo,0.10206283025171092,True,time1,TIME1,0.0,,,10
0.0,False,526,time0,0.0,novo,0.1018176556503213,True,time0,TIME0,0.0,,,20
4.669732962215513e-05,False,526,time0,0.9951129508909945,0,,,time0,TIME0,0.986683207308884,0.9529453293061159,1.0,1
0.0003926461204635465,False,526,time0,0.9546782987669928,1,,,time0,TIME0,0.9777166287578707,0.9679444510605945,1.0,9
0.005143136802368648,False,526,time0,0.6642679446074666,3,,,time0,TIME0,0.8801528766963282,0.9561515220615227,1.0,5
0.0,False,526,time0,1.0,4,,,time0,TIME0,0.8800844048629268,0.9205425275363937,0.0,7
0.0,False,526,time1,1.0,6,,,time1,TIME1,0.8789411089502213,0.9157644358008852,0.0,4
0.00032892121169567437,False,526,time1,0.9734254469580645,5,,,time1,TIME1,0.8780810924152035,0.947025387127299,0.0,12
0.00018832247617670133,False,526,time0,0.9723056826118852,2,,,time0,TIME0,0.8744364481983008,0.931982536147998,0.0,2
2.8815182672411443e-05,False,526,time1,0.9958628069083912,7,,,time1,TIME1,0.8658841668122956,0.8686918049474138,0.0,8
0.0011161608147728635,False,526,time1,0.9094938248773329,8,,,time1,TIME1,0.8543551237212696,0.9330957506517885,0.0,6
5.643530087567599e-05,False,526,goleiro_time1,0.9898712802361067,9,,,goleiro1,GOL-TIME1,0.6468692668677372,0.0,0.0,21
