distancia,excluido,frame,grupo_metrica,iou,logical_id,papel,rotulo,score,tracker_id
0.002627059268198174,False,1,goleiro_time0,0.6473019394790123,5,goleiro0,GOL-TIME0,0.7698267899174887,-1
0.0002981487804019149,False,2,goleiro_time0,0.9626266041136098,5,goleiro0,GOL-TIME0,0.9756029406007056,2
0.0028787068566747563,False,2,time1,0.5818225347276867,4,time1,TIME1,0.7271771001731602,-1
0.0034250874148572534,False,2,time0,0.5494719172304277,1,time0,TIME0,0.705957965604578,3
0.005025736002608829,False,2,time0,0.5156904916225407,0,time0,TIME0,0.6834398119537384,1
0.0057739999525550315,False,2,time1,0.3331780127950336,3,time1,TIME1,0.5645448083333775,0
8.789873880186096e-05,False,3,goleiro_time0,0.9782106269352989,5,goleiro0,GOL-TIME0,0.9858061429493636,2
0.0001576406529017011,False,3,time1,0.9665986106095692,3,time1,TIME1,0.9782339226677044,0
0.0005010660472016194,False,3,time1,0.9402831234196748,4,time1,TIME1,0.9610086571062681,-1
0.0005189536225153089,False,3,time0,0.934148564288708,0,time0,TIME0,0.9570149330197799,1
0.0009560130187137936,False,3,time0,0.8204829359042574,1,time0,TIME0,0.8829793037812175,3
0.00014984613106398372,False,4,time1,0.9840882024993793,3,time1,TIME1,0.9896048854787243,0
0.0005150742193918608,False,4,time0,0.9431796683786242,0,time0,TIME0,0.9628865084693186,1
0.00043491301094783274,False,4,time1,0.9208215877853312,4,time1,TIME1,0.9483818125066336,4
0.0006003252546545082,False,4,goleiro_time0,0.910712890083323,5,goleiro0,GOL-TIME0,0.9417532647150308,2
0.0006077260425428469,False,4,time0,0.900881467268617,1,time0,TIME0,0.9353602496097111,3
0.00015532771326942193,False,5,time1,0.9764098106178831,3,time1,TIME1,0.9846120122019797,0
0.00018426799563290718,False,5,goleiro_time0,0.9663066342256733,5,goleiro0,GOL-TIME0,0.9780348184482162,2
0.0007325889148979814,False,5,time0,0.9066746567218328,0,time0,TIME0,0.939082120748977,1
0.0006846327692380494,False,5,time1,0.8766634634179648,4,time1,TIME1,0.9195916297524438,4
0.0012391156932996022,False,5,time0,0.8003365243946163,1,time0,TIME0,0.8697850503638458,3
6.329440653092595e-05,False,6,goleiro_time0,0.9900380146546843,5,goleiro0,GOL-TIME0,0.993502556483259,2
0.00032471803456566336,False,6,time0,0.9504506437957201,0,time0,TIME0,0.96767926715512,1
0.0008349330057756688,False,6,time1,0.8755618124726665,3,time1,TIME1,0.9188229515552118,0
0.0010942639107276394,False,6,time0,0.8436840868290555,1,time0,TIME0,0.8980116640701314,3
0.002403288915934416,False,6,time1,0.8132763925084718,4,time1,TIME1,0.8777885040099297,4
0.0002588483893492725,False,7,goleiro_time0,0.9580394799472467,5,goleiro0,GOL-TIME0,0.972635065029438,2
0.0008023700260977621,False,7,time0,0.9296105929865099,0,time0,TIME0,0.9539660559320973,1
0.0005190653352013715,False,7,time0,0.9166906587672181,1,time0,TIME0,0.9456672553313713,3
0.0005661055078609132,False,7,time1,0.90975279442505,3,time1,TIME1,0.9411411794485312,0
0.0016872001474044203,False,7,time1,0.8702716514042386,4,time1,TIME1,0.9150860533611636,4
0.0004259995866164233,False,8,goleiro_time0,0.9242684454698415,5,goleiro0,GOL-TIME0,0.9506253897000813,2
0.00010925789871447556,False,8,time0,0.9179601346323669,1,time0,TIME0,0.9466358472464884,3
0.0005449565511956258,False,8,time0,0.9159854908356087,0,time0,TIME0,0.9451998342502272,1
0.0008375563768003263,False,8,time1,0.8646120091185376,3,time1,TIME1,0.9117046611951694,0
0.004046431954230829,False,8,time1,0.8138712835179038,4,time1,TIME1,0.8776000831026567,4
0.00048319125644600793,False,9,time0,0.9389135996136344,1,time0,TIME0,0.9601247228091063,3
0.0005290471833150144,False,9,goleiro_time0,0.9111170291036507,5,goleiro0,GOL-TIME0,0.9420409024032126,2
0.0007870703091474022,False,9,time0,0.9054510403503607,0,time0,TIME0,0.9382677016195329,1
0.0010871570154779749,False,9,time1,0.8334274465614943,3,time1,TIME1,0.891347335309554,0
0.004447256260105366,False,9,time1,0.7668273583251847,4,time1,TIME1,0.8468812432203332,4
0.0003565477285195246,False,10,goleiro_time0,0.9418246392014659,5,goleiro0,GOL-TIME0,0.9620612237759709,2
0.0005773776831577147,False,10,time0,0.9183494710043755,1,time0,TIME0,0.946725073963739,3
0.0006450979946206435,False,10,time1,0.901357562601644,4,time1,TIME1,0.9356566313929513,4
0.00104340612697536,False,10,time0,0.8644560684185735,0,time0,TIME0,0.9115312523276313,1
0.001229991070098039,False,10,time1,0.7900449566377591,3,time1,TIME1,0.863098724940009,0
0.00014772120560724856,False,11,time0,0.9828392078272667,0,time0,TIME0,0.9887937826657609,1
2.1112733750733042e-05,False,11,goleiro_time0,0.9683525131898745,5,goleiro0,GOL-TIME0,0.9794217441166058,2
0.0003463977533206813,False,11,time0,0.9498808503356636,1,time0,TIME0,0.9673013135045191,3
0.0006408397728655744,False,11,time1,0.9223847047597847,4,time1,TIME1,0.9493257641733571,4
0.0014830131000327538,False,11,time1,0.7632690399834601,3,time1,TIME1,0.8456058214042377,0
4.808335391527224e-05,False,12,time0,0.9358694588528742,0,time0,TIME0,0.9582983190804979,1
0.000457584293939496,False,12,goleiro_time0,0.9305609351790501,5,goleiro0,GOL-TIME0,0.9547044533635038,2
0.0006025254162208849,False,12,time1,0.9146871876540309,4,time1,TIME1,0.9443357880794427,4
0.0014517619580642958,False,12,time0,0.8209550342624199,2,time0,TIME0,0.8831126555852504,-1
0.0011762710673074862,False,12,time1,0.7917582267835634,3,time1,TIME1,0.8642311525357587,0
0.002925260302944614,False,12,time0,0.7881750749012806,1,time0,TIME0,0.8612899575798018,3
0.0003008639516561047,False,13,time0,0.9586922364970163,0,time0,TIME0,0.973044651339981,1
0.0004913882382013158,False,13,time0,0.8857308193675719,1,time0,TIME0,0.9255530467055513,3
0.0007157829537835899,False,13,time1,0.883293675570556,4,time1,TIME1,0.9238903650870371,4
0.0008371385449736182,False,13,goleiro_time0,0.8833062316663441,5,goleiro0,GOL-TIME0,0.9238560520923829,2
0.0011219190406100451,False,13,time1,0.8550082578097846,2,time1,TIME1,0.9053626959121465,-1
0.000860987427814911,False,13,time1,0.8246406904153236,3,time1,TIME1,0.8857151031702251,0
0.00012558872578648792,False,14,time1,0.9843813464361547,2,time1,TIME1,0.9898039191294753,-1
6.690849836652215e-05,False,14,time1,0.9291025420403263,4,time1,TIME1,0.9538932343517837,4
6.176941675495052e-05,False,14,time0,0.9287284468315911,0,time0,TIME0,0.95365187114467,1
0.0006615506554871969,False,14,goleiro_time0,0.9048167567350308,5,goleiro0,GOL-TIME0,0.9378993491483494,2
0.0006286441161771303,False,14,time1,0.8834605792926926,3,time1,TIME1,0.9240293510995882,0
0.0022784089467694705,False,14,time0,0.8404400242314385,1,time0,TIME0,0.8954885726190657,3
1.5532258295816938e-05,False,15,time1,0.9877504915744335,2,time1,TIME1,0.9920323832329783,-1
0.00029098443073945923,False,15,time1,0.9648017722962782,4,time1,TIME1,0.9770193074418219,4
0.0003786230583217341,False,15,goleiro_time0,0.9225350330621004,5,goleiro0,GOL-TIME0,0.9495152534199527,2
0.0005800047576456248,False,15,time0,0.9202994675428285,0,time0,TIME0,0.9479916522376626,1
0.00041374850481012114,False,15,time1,0.9137230859218374,3,time1,TIME1,0.9437751938725107,0
0.0014919558984083188,False,15,time0,0.7848869247773679,1,time0,TIME0,0.8596543165408461,3
4.3326360002627675e-05,False,16,time0,0.9675119877366272,2,time0,TIME0,0.9788676278028068,5
8.198791632726306e-05,False,16,time0,0.9652380829635208,0,time0,TIME0,0.9773760581555739,1
0.0002347560164822043,False,16,time1,0.9640744677003252,4,time1,TIME1,0.9765662393994425,4
0.00046386993352976873,False,16,goleiro_time0,0.9116055451320383,5,goleiro0,GOL-TIME0,0.9423812498590894,2
0.0006001330296919781,False,16,time0,0.9025587055755517,1,time0,TIME0,0.9364531120637165,3
0.0006276990735268244,False,16,time1,0.8753740187321324,3,time1,TIME1,0.9187734175001517,0
3.449605749413855e-05,False,17,time0,0.9818433729119286,2,time0,TIME0,0.9881861187726306,5
3.6884648607365924e-05,False,17,time0,0.9607424181698647,0,time0,TIME0,0.9744696621833995,1
0.00037551209845704606,False,17,time1,0.948480132312401,4,time1,TIME1,0.9663806567686007,4
0.0004118340933364998,False,17,time0,0.9364424201135987,1,time0,TIME0,0.9585434311411714,3
0.0010545895713512153,False,17,goleiro_time0,0.81799780848835,5,goleiro0,GOL-TIME0,0.8813294691674546,2
0.0009988710174458808,False,17,time1,0.7960582463640661,3,time1,TIME1,0.8670882552805368,0
6.424319069376461e-05,False,18,time0,0.9682701755626402,2,time0,TIME0,0.9793531289989732,5
0.00026984108000142426,False,18,goleiro_time0,0.9668610548624493,5,goleiro0,GOL-TIME0,0.9783652412825916,2
0.0006253415401383922,False,18,time0,0.9108702421512339,0,time0,TIME0,0.9418467878592536,1
0.0007864620787236037,False,18,time1,0.875477235035721,3,time1,TIME1,0.9187849410456654,0
0.0010441769546556665,False,18,time1,0.8512034200138556,4,time1,TIME1,0.9029167610748767,4
0.001298418387915631,False,18,time0,0.8211913653258651,1,time0,TIME0,0.8833199410260419,3
0.00013603997518432418,False,19,time0,0.9811738708707117,2,time0,TIME0,0.9877154020746481,5
0.0002517144030122521,False,19,time0,0.9626310595863045,0,time0,TIME0,0.9756220886900436,1
0.0002483448095083511,False,19,time1,0.9403425728233585,4,time1,TIME1,0.961135751651855,4
0.0005773732694412353,False,19,time1,0.9158081981055777,3,time1,TIME1,0.9450732481243211,0
0.0006773089930924186,False,19,goleiro_time0,0.888900897522749,5,goleiro0,GOL-TIME0,0.9275485252422045,2
0.001148709893780479,False,19,time0,0.8318761305448591,1,time0,TIME0,0.8903174363913353,3
7.864888907829063e-05,False,20,time1,0.9852246703957453,4,time1,TIME1,0.9903685086460571,4
0.00020183433355870013,False,20,goleiro_time0,0.9581169546066278,5,goleiro0,GOL-TIME0,0.9727053784775626,2
0.000175367558789069,False,20,time0,0.9435531876550944,2,time0,TIME0,0.9632481933302351,5
0.0005118252674717276,False,20,time0,0.9257098638548361,0,time0,TIME0,0.9515322726620283,1
0.0005449361060491756,False,20,time1,0.9091182824201826,3,time1,TIME1,0.9407361559360015,0
0.0008838726999572608,False,20,time0,0.864357102308213,1,time0,TIME0,0.9115227610553533,3
0.0001373374683152151,False,21,goleiro_time0,0.9645260880459272,5,goleiro0,GOL-TIME0,0.9768938891159423,2
0.00022597274605456116,False,21,time1,0.9608684837723361,4,time1,TIME1,0.9744854239908994,4
0.0002838044555060193,False,21,time0,0.9576697465023231,2,time0,TIME0,0.9723860036670829,5
0.00036257166516199814,False,21,time1,0.9458789831282575,3,time1,TIME1,0.9646944389505606,0
0.0006998603954859138,False,21,time0,0.9333852771773112,1,time0,TIME0,0.9564554790268323,3
0.000528532503387628,False,21,time0,0.9238096947897592,0,time0,TIME0,0.9502913152371577,1
0.0001204711483596596,False,22,time0,0.9856000580881332,2,time0,TIME0,0.9905978728553607,5
0.00014945961379471068,False,22,time1,0.9808015021680487,3,time1,TIME1,0.9874686655444035,0
0.00043622079006741543,False,22,goleiro_time0,0.9174700090022795,5,goleiro0,GOL-TIME0,0.946202828574958,2
0.0005491496833157183,False,22,time1,0.9166539486178346,4,time1,TIME1,0.945632864212432,4
0.0007682560055701773,False,22,time0,0.888654901500646,1,time0,TIME0,0.9273567963734703,3
0.000997056523381524,False,22,time0,0.8688353301316935,0,time0,TIME0,0.9143939948024172,1
4.884711711259309e-05,False,23,time0,0.9831728905834145,2,time0,TIME0,0.9890452823882301,5
2.3859029315957945e-05,False,23,time1,0.9678581023105531,3,time1,TIME1,0.9790994158415989,0
0.00017402850316133124,False,23,goleiro_time0,0.964972183336019,5,goleiro0,GOL-TIME0,0.9771710091923058,2
0.00027494848558740087,False,23,time1,0.9564176524005813,4,time1,TIME1,0.9715752420904222,4
0.000644641301795968,False,23,time0,0.9420975142349787,0,time0,TIME0,0.9621377597971076,1
0.0016982238862690473,False,23,time0,0.7809341118362747,1,time0,TIME0,0.8570127943333844,3
7.196522231154662e-05,False,24,time0,0.98272393161783,2,time0,TIME0,0.9887453677237805,5
0.0002687826758629227,False,24,time1,0.9643777902993168,3,time1,TIME1,0.9767514897580039,0
0.0002572894342493557,False,24,goleiro_time0,0.9497319538935073,5,goleiro0,GOL-TIME0,0.9672357187287923,2
0.00034010980540742224,False,24,time1,0.9438156495658616,4,time1,TIME1,0.9633611337859174,4
0.0005738278375313885,False,24,time0,0.9238935826490048,0,time0,TIME0,0.9503299889787171,1
0.004011470449406843,False,24,time0,0.7127902969851211,1,time0,TIME0,0.8119096783830363,3
2.6186499017034857e-05,False,25,time0,0.9955613222319297,2,time0,TIME0,0.9971056941760983,5
0.0001182697565332297,False,25,time1,0.9793227141857636,4,time1,TIME1,0.9865183698059596,4
0.000314698999622373,False,25,goleiro_time0,0.9359102936654241,5,goleiro0,GOL-TIME0,0.9582315462326578,2
0.0005152034347467206,False,25,time0,0.9300765893413642,0,time0,TIME0,0.9543694618697254,1
0.0005424078582245034,False,25,time1,0.9191622676519268,3,time1,TIME1,0.9472656312233738,0
0.005265735438169895,False,25,time0,0.754104173261641,1,time0,TIME0,0.8383247052167072,3
0.00021395026432246335,False,26,time1,0.9611268211147052,4,time1,TIME1,0.9746575511320454,4
0.0002618313007036872,False,26,goleiro_time0,0.9514692189732347,5,goleiro0,GOL-TIME0,0.9683633513773563,2
0.00029184086929975227,False,26,time0,0.9460321369675265,2,time0,TIME0,0.9648187447246374,5
0.0006000943208911309,False,26,time0,0.9223957827328199,0,time0,TIME0,0.949347225764021,1
0.0009308288598065756,False,26,time0,0.8861112795612528,1,time0,TIME0,0.9256465416138819,3
0.0009271453851089102,False,26,time1,0.8768858662809291,3,time1,TIME1,0.9196513121978158,0
0.00020652252486079542,False,27,time0,0.9666209989634317,2,time0,TIME0,0.9782313664425293,5
0.00014695663069195448,False,27,time1,0.9633611526562378,3,time1,TIME1,0.9761333144058123,0
0.00019077307810399906,False,27,time0,0.9582210753108017,0,time0,TIME0,0.9727769283746847,1
0.0002501156990978348,False,27,goleiro_time0,0.940050070341833,5,goleiro0,GOL-TIME0,0.9609450052275073,2
0.0007772721629575708,False,27,time1,0.8756019125039125,4,time1,TIME1,0.9188691978705079,4
0.0005237556445800532,False,27,time0,0.8723187670830475,1,time0,TIME0,0.9168238841283778,3
1.9266604880834373e-05,False,28,time0,0.9902482102253276,2,time0,TIME0,0.9936545933347547,5
0.00019329739416973859,False,28,goleiro_time0,0.9586667683369445,5,goleiro0,GOL-TIME0,0.9730657453310545,2
0.0003465080201341041,False,28,time1,0.9451849185099774,3,time1,TIME1,0.9642489192244383,0
0.0005260015160147961,False,28,time0,0.9420806647183853,0,time0,TIME0,0.9621683315363452,1
0.00033715494905545656,False,28,time1,0.9212939607509617,4,time1,TIME1,0.9487230702559557,4
0.001040195883856074,False,28,time0,0.7545223166055524,1,time0,TIME0,0.8400754372342594,3
8.467546380417714e-05,False,29,time0,0.9910537309062539,2,time0,TIME0,0.9941552886767336,5
0.0003843873466775282,False,29,time0,0.956025607877055,0,time0,TIME0,0.9712821095487486,1
0.0004023990133763717,False,29,time1,0.9374033090409458,3,time1,TIME1,0.9591713112219331,0
0.0003566451854086827,False,29,goleiro_time0,0.9265326744381883,5,goleiro0,GOL-TIME0,0.9521214125699293,2
0.00047571467439192096,False,29,time0,0.9234807615726118,1,time0,TIME0,0.9500959948861606,3
0.00047941154243614424,False,29,time1,0.9137456902247801,4,time1,TIME1,0.9437669046062545,4
0.00035488068809823797,False,30,time0,0.9350630315105103,2,time0,TIME0,0.9576667622409973,5
0.0003601328838776853,False,30,time1,0.9341730562378538,4,time1,TIME1,0.9570864400452478,4
0.0005780389796440115,False,30,time0,0.929660677325724,0,time0,TIME0,0.9540771266188453,1
0.0004971196773453817,False,30,time0,0.9150469348038968,1,time0,TIME0,0.944606515735462,3
0.00048123349415938,False,30,goleiro_time0,0.8963872013433769,5,goleiro0,GOL-TIME0,0.9324832491502392,2
0.0008485267959405882,False,30,time1,0.8654381060110515,3,time1,TIME1,0.9122377845286043,0
4.5377390586841044e-05,False,31,time1,0.9578568450760243,4,time1,TIME1,0.9725910672127105,4
0.0004718824016432921,False,31,time0,0.9447833171819193,0,time0,TIME0,0.9639439973276724,1
0.00045470117316341244,False,31,goleiro_time0,0.9299897451412028,5,goleiro0,GOL-TIME0,0.9543341889311747,2
0.0006394595479168831,False,31,time0,0.9230321001257208,1,time0,TIME0,0.9497470542399475,3
0.0005030798687607719,False,31,time0,0.9191995916262945,2,time0,TIME0,0.9473036566030252,5
0.0012413668916335444,False,31,time1,0.7862292886605627,3,time1,TIME1,0.860614559217294,0
0.0003261317936131228,False,32,time1,0.9456386385338724,4,time1,TIME1,0.9645509689192524,4
0.0005532071570695387,False,32,time0,0.9185705213748344,0,time0,TIME0,0.9468772163886681,1
0.0005375049294692149,False,32,goleiro_time0,0.8866915152881565,5,goleiro0,GOL-TIME0,0.9261613582119875,2
0.0009716769433722566,False,32,time0,0.8692108834680362,2,time0,TIME0,0.9146469873240433,5
0.000702365712277843,False,32,time0,0.8484693597081734,1,time0,TIME0,0.9012592558110155,3
0.0008836800184033709,False,32,time1,0.8209380132929756,3,time1,TIME1,0.8833004206339929,0
0.0001946359805230231,False,33,time0,0.9713322885693791,0,time0,TIME0,0.9812978649769133,1
0.0003253521892322311,False,33,time1,0.9475332359792142,4,time1,TIME1,0.965782730120258,4
0.0005656571858778365,False,33,goleiro_time0,0.8936011835343062,5,goleiro0,GOL-TIME0,0.9306427892822418,2
0.0004949063253619403,False,33,time1,0.8874833511467289,3,time1,TIME1,0.9266909610314971,0
0.000707901831784606,False,33,time0,0.8810310924480915,1,time0,TIME0,0.9224224444501349,3
0.0005583098699109827,False,33,time0,0.859105363024348,2,time0,TIME0,0.9082230775113573,5
0.00028371597824693976,False,34,time1,0.9491856281187486,4,time1,TIME1,0.9668713576848003,4
0.0003873532626868788,False,34,time0,0.945539453505727,0,time0,TIME0,0.9644650711367821,1
0.00029366071562949507,False,34,time0,0.9436283722911999,1,time0,TIME0,0.9632556607388096,3
0.0007112510308744302,False,34,goleiro_time0,0.9221916055848464,5,goleiro0,GOL-TIME0,0.9491756057693441,2
0.0004916191719646931,False,34,time1,0.8910423438459479,3,time1,TIME1,0.9290054567896785,0
0.0014359787108637714,False,34,time0,0.8107264543104971,2,time0,TIME0,0.8764696027530208,5
2.402213389619917e-05,False,35,time1,0.9962217440939749,4,time1,TIME1,0.9975357259142199,4
0.0001980024666690579,False,35,time0,0.9533481668373524,1,time0,TIME0,0.9696070075809449,3
0.00024253562300216399,False,35,goleiro_time0,0.950237161439286,5,goleiro0,GOL-TIME0,0.9675692674674852,2
0.00021158748013339195,False,35,time0,0.9499036943284898,2,time0,TIME0,0.9673633456954716,5
0.00045793008579608205,False,35,time0,0.9437014566996808,0,time0,TIME0,0.9632456713247639,1
0.0006268128804295761,False,35,time1,0.8659383967546865,3,time1,TIME1,0.9126405733823959,0
0.00023439591809634047,False,36,time1,0.9822012159873437,4,time1,TIME1,0.9883487518204397,4
0.0006755180895816579,False,36,time0,0.9300740324092018,0,time0,TIME0,0.9543116897346275,1
0.00041570162508458976,False,36,goleiro_time0,0.9176141096765884,5,goleiro0,GOL-TIME0,0.9463036757210028,2
0.0008451805900607902,False,36,time0,0.9010897702402053,2,time0,TIME0,0.9354125374496122,5
0.0006446255240278639,False,36,time0,0.8872528746878416,1,time0,TIME0,0.9264887496136873,3
0.0007082570598626306,False,36,time1,0.8575959411778102,3,time1,TIME1,0.9071894717946247,0
9.689663253485727e-05,False,37,time1,0.9808271775654422,4,time1,TIME1,0.9875037515961502,4
0.0009383477019276427,False,37,time0,0.9194543460610721,2,time0,TIME0,0.9473169032440222,5
0.0006164927995829726,False,37,time0,0.9190363776321441,0,time0,TIME0,0.9471578729810396,1
0.00044698442405400295,False,37,time0,0.9179310906309309,1,time0,TIME0,0.9464987643616862,3
0.0004257475481857426,False,37,goleiro_time0,0.9113618947757657,5,goleiro0,GOL-TIME0,0.9422362199623827,2
0.0007285437691108792,False,37,time1,0.8637093808504327,3,time1,TIME1,0.9111561072335925,0
6.555028492630737e-05,False,38,time1,0.985737247931499,4,time1,TIME1,0.9907062685557502,4
0.0004233454971397173,False,38,time0,0.9615344988702068,2,time0,TIME0,0.9748492533416355,5
0.00030313237363079076,False,38,time0,0.939840905838887,1,time0,TIME0,0.9607904924645058,3
0.0004733415154325045,False,38,time1,0.9187663642276584,3,time1,TIME1,0.9470324672175767,0
0.0008597738079802204,False,38,time0,0.9102930341236315,0,time0,TIME0,0.9413895513475674,1
0.0005414628663065708,False,38,goleiro_time0,0.9034328343957444,5,goleiro0,GOL-TIME0,0.9370418303540266,2
0.00012912732150902924,False,39,time1,0.9780849888323737,4,time1,TIME1,0.9857100481785147,4
0.00022615449478199947,False,39,time0,0.9587177448465861,1,time0,TIME0,0.9730873800771073,3
0.0002024990798463831,False,39,time0,0.943754980460115,2,time0,TIME0,0.9633698626211284,5
0.0007717847465292001,False,39,time0,0.9343608349743409,0,time0,TIME0,0.9570644180720362,1
0.0007201791168617307,False,39,time1,0.8908358619663673,3,time1,TIME1,0.9287912475872372,0
0.0007050044044792447,False,39,goleiro_time0,0.8814157246522621,5,goleiro0,GOL-TIME0,0.9226734694824027,2
0.00010303649265037944,False,40,time1,0.9718232330670699,4,time1,TIME1,0.9816490387211678,4
0.00017102570471657302,False,40,time0,0.9612855176552269,2,time0,TIME0,0.9747757274792466,5
0.00020821102507599868,False,40,time0,0.9595753765913874,1,time0,TIME0,0.9736511209256251,3
0.000716215903857549,False,40,time0,0.9372699650763703,0,time0,TIME0,0.9589748017332906,1
0.0005307045592191825,False,40,time1,0.9237878724004766,3,time1,TIME1,0.9502763704645831,0
0.0007265362890983923,False,40,goleiro_time0,0.8817347741515567,5,goleiro0,GOL-TIME0,0.9228733154973274,2
4.278990003321803e-05,False,41,time1,0.9877684391658744,3,time1,TIME1,0.9920345089928067,0
0.0001049970579006336,False,41,time0,0.9785344495278928,2,time0,TIME0,0.986010643222865,5
6.385423192902529e-05,False,41,time1,0.977730010980832,4,time1,TIME1,0.9855021581563657,4
0.0003721190919628554,False,41,time0,0.9615342129746443,0,time0,TIME0,0.9748669967513317,1
0.00037881076810303814,False,41,time0,0.9195342680256919,1,time0,TIME0,0.9475646904478637,3
4.572432392182692e-05,False,42,time1,0.9891764726758843,4,time1,TIME1,0.9929487037259521,4
0.000141961990488787,False,42,time0,0.9840450261567387,0,time0,TIME0,0.9895795803052091,1
0.0003520122289780454,False,42,time0,0.9492008533752905,2,time0,TIME0,0.9668573504137965,5
0.00039549727984443503,False,42,time1,0.9459392367771301,3,time1,TIME1,0.9647220798571889,0
0.00038637024685513884,False,42,time0,0.9342234159535512,1,time0,TIME0,0.957109990783409,3
0.001029465986897748,False,42,goleiro_time0,0.8502437560763694,5,goleiro0,GOL-TIME0,0.902298128354226,2
4.9162961015050485e-05,False,43,time1,0.9765043017104703,3,time1,TIME1,0.9847105890754504,0
0.0002471327370110468,False,43,goleiro_time0,0.9549596717360657,5,goleiro0,GOL-TIME0,0.9706372901704888,2
0.0003964538133772991,False,43,time1,0.9546196976316907,4,time1,TIME1,0.970364044625917,4
0.0006494478897743116,False,43,time0,0.9273735200245423,0,time0,TIME0,0.9525654812545314,1
0.0010907427796246153,False,43,time0,0.8669018034864848,2,time0,TIME0,0.9131044122933465,5
0.0006999071200017465,False,43,time0,0.8490635198595614,1,time0,TIME0,0.9016463204167142,3
0.00012244047762740573,False,44,time1,0.9780399428221062,3,time1,TIME1,0.9856831086671993,0
0.00010231244655982573,False,44,time1,0.9779428384785184,4,time1,TIME1,0.985627035654741,4
0.0001353887744403191,False,44,goleiro_time0,0.9754861893845838,5,goleiro0,GOL-TIME0,0.9840186370289254,2
0.0005276226690044099,False,44,time0,0.9648343607137485,0,time0,TIME0,0.976957666529785,1
0.0002447755333830412,False,44,time0,0.9628877574477007,2,time0,TIME0,0.9757913709043213,5
0.0009932988779540568,False,44,time0,0.8684561606119463,1,time0,TIME0,0.9141488497904812,3
0.0001173605563046782,False,45,time0,0.9747097519229498,2,time0,TIME0,0.9835202625552107,5
0.00014945367810703162,False,45,time1,0.9712783658184735,4,time1,TIME1,0.9812786289946702,4
0.00017644469585642095,False,45,goleiro_time0,0.9710021078123546,5,goleiro0,GOL-TIME0,0.9810896144344807,2
0.00043007841869941365,False,45,time0,0.9666400744878518,0,time0,TIME0,0.9781655209705589,1
0.0006142872096526501,False,45,time0,0.9221170223067549,1,time0,TIME0,0.9491610639760122,3
0.0005424921754289702,False,45,time1,0.9110617345806441,3,time1,TIME1,0.9420002552160185,0
0.00021920258693284398,False,46,goleiro_time0,0.958844286481736,5,goleiro0,GOL-TIME0,0.9731720653077018,2
0.00023097381658604765,False,46,time1,0.9534197130591302,4,time1,TIME1,0.9696419726526295,4
0.00025927002610398006,False,46,time0,0.9365351790262118,2,time0,TIME0,0.9586571218579013,5
0.0005925865384274488,False,46,time0,0.9274689943229979,0,time0,TIME0,0.9526474410214991,1
0.00048108084044804384,False,46,time1,0.9225313944862971,3,time1,TIME1,0.9494770281219362,0
0.0007037781015512227,False,46,time0,0.9092254929243992,1,time0,TIME0,0.9407502480653166,3
9.73325948434826e-05,False,47,time0,0.9817637461153627,0,time0,TIME0,0.9881123685667905,1
0.000262573743621118,False,47,time1,0.9498195424149513,4,time1,TIME1,0.967290801759451,4
0.0003305848530479481,False,47,goleiro_time0,0.9388554735352542,5,goleiro0,GOL-TIME0,0.9601403530993484,2
0.0006482878433258525,False,47,time1,0.8952551557798558,3,time1,TIME1,0.9316889505117423,0
0.0012030422363170697,False,47,time0,0.8556549172056488,1,time0,TIME0,0.9057546314009607,3
0.10337744641418332,False,47,time0,0.0,2,time0,TIME0,0.3138178937550358,6
0.00017746130920239572,False,48,goleiro_time0,0.9702355608252403,5,goleiro0,GOL-TIME0,0.9805910030781855,2
0.00024289742092253422,False,48,time0,0.9693700889499415,0,time0,TIME0,0.980005543720139,1
0.0005326148867367511,False,48,time0,0.918414157544074,1,time0,TIME0,0.9467827871932903,3
0.00044864646733651695,False,48,time1,0.9154458529222289,4,time1,TIME1,0.9448827781358811,4
0.0005552263562602636,False,48,time1,0.908927059557455,3,time1,TIME1,0.9406082594876547,0
0.005410764276724764,False,48,time0,0.550023670934837,2,time0,TIME0,0.7056216186107904,6
5.972124303751004e-05,False,49,time0,0.9892985007943699,0,time0,TIME0,0.9930231230812773,1
0.0002571881724321982,False,49,goleiro_time0,0.9669938470003471,5,goleiro0,GOL-TIME0,0.9784559846898744,2
0.0005003872987788987,False,49,time0,0.9316592222494525,1,time0,TIME0,0.9554033589075716,3
0.0005239407162779443,False,49,time1,0.9012734538213286,4,time1,TIME1,0.9356443657331663,4
0.0009397158525714825,False,49,time1,0.8455881061520867,3,time1,TIME1,0.8993033684504563,0
0.005911043515548479,False,49,time0,0.48315224468028883,2,time0,TIME0,0.6619800938117457,6
0.00015359054802510625,False,50,time0,0.9766000670781786,0,time0,TIME0,0.9847362869090073,1
0.00016608780867297,False,50,goleiro_time0,0.9679485407829941,5,goleiro0,GOL-TIME0,0.9791084207759106,2
0.00041831145056556927,False,50,time0,0.9530485698873294,1,time0,TIME0,0.9693351614190662,3
0.0002935269343610359,False,50,time1,0.9494929174417507,4,time1,TIME1,0.9670676619101116,4
0.001085651988890903,False,50,time1,0.797284138496762,3,time1,TIME1,0.8678547118267835,0
0.0016162702016106856,False,50,time0,0.7101470496648201,2,time0,TIME0,0.8110298877115694,6
0.00013771391520838304,False,51,time1,0.9766051064503832,4,time1,TIME1,0.9847451193224263,4
0.0002049926774600741,False,51,time0,0.9763928951675646,1,time0,TIME0,0.984583634421806,3
0.00022608833976718313,False,51,goleiro_time0,0.9578808858325115,5,goleiro0,GOL-TIME0,0.972543444872214,2
0.0004764771312306287,False,51,time0,0.9376009075967391,0,time0,TIME0,0.9592738229419497,1
0.0007605071428684527,False,51,time1,0.8465449259948308,3,time1,TIME1,0.899988024396636,0
0.0014129418503899252,False,51,time0,0.7641229932853748,2,time0,TIME0,0.8461854159878572,6
0.00013071807312392775,False,52,time0,0.9609070206883629,1,time0,TIME0,0.9745438121218425,3
0.00024620917952084426,False,52,goleiro_time0,0.9563984559842029,5,goleiro0,GOL-TIME0,0.9715728231768995,2
0.0004104207655142136,False,52,time1,0.9412720382865796,4,time1,TIME1,0.9616831776183468,4
0.0004846022252129345,False,52,time0,0.9360817028503726,0,time0,TIME0,0.9582834960739177,1
0.0006206471721698446,False,52,time0,0.8725430337369465,2,time0,TIME0,0.9169357454187559,6
0.0006217758152792151,False,52,time1,0.8664370954981204,3,time1,TIME1,0.9129664905384305,0
0.000495746098337596,False,53,time0,0.9607204090247482,1,time0,TIME0,0.9742947547316683,3
0.00029661065094124816,False,53,time0,0.9598281302957359,0,time0,TIME0,0.9737844709643989,1
0.000277793658548237,False,53,time1,0.9592434055506784,4,time1,TIME1,0.9734109858274491,4
0.0002622435012369562,False,53,goleiro_time0,0.9474940736706813,5,goleiro0,GOL-TIME0,0.96577936266051,2
0.0004853678274587884,False,53,time1,0.9002242756658037,3,time1,TIME1,0.9349759004431619,0
0.0009537766342328623,False,53,time1,0.8607472018616994,2,time1,TIME1,0.9091518593881232,6
0.00016209226646388665,False,54,time0,0.9862082060805124,1,time0,TIME0,0.9909786016590707,3
0.00018386006930209083,False,54,time1,0.9748521069748521,4,time1,TIME1,0.9835895185093981,4
0.0003851217992461603,False,54,goleiro_time0,0.9311022933813083,5,goleiro0,GOL-TIME0,0.9550816980681143,2
0.0005679758582683013,False,54,time0,0.9305552740704052,0,time0,TIME0,0.9546621365953696,1
0.000279511583539969,False,54,time1,0.9031465407449484,3,time1,TIME1,0.9369474224299774,0
0.0008842904303192223,False,54,time1,0.8976784370187676,2,time1,TIME1,0.9331814824115872,6
0.0002950532431787178,False,55,goleiro_time0,0.9468480338036602,5,goleiro0,GOL-TIME0,0.9653479533372665,2
0.0006786851087188705,False,55,time0,0.9272690307575916,1,time0,TIME0,0.952487330204383,3
0.0007149555087746523,False,55,time0,0.9179946110282745,0,time0,TIME0,0.9464462627403073,1
0.0008147014933495984,False,55,time1,0.8900367232203977,4,time1,TIME1,0.9282387245705862,4
0.0003942098444065559,False,55,time1,0.875594665322337,3,time1,TIME1,0.9189985590139766,0
0.0010409774667995255,False,55,time1,0.85837664687685,2,time1,TIME1,0.9075804783565726,6
4.6062420311534174e-05,False,56,goleiro_time0,0.9939676518672498,5,goleiro0,GOL-TIME0,0.9960628518666033,2
0.00010070595522610302,False,56,time1,0.9615434097465934,4,time1,TIME1,0.9749679692509565,4
0.0001520598508571317,False,56,time0,0.9578406525211403,1,time0,TIME0,0.9725432031909411,3
0.0006647192980603558,False,56,time0,0.9281431659952339,0,time0,TIME0,0.9530604061425809,1
0.0005570458728295798,False,56,time1,0.9027892208066187,3,time1,TIME1,0.9366180274688118,0
0.000694562667401407,False,56,time1,0.8136581838524167,2,time1,TIME1,0.8786347225704804,6
6.61964504822599e-05,False,57,time1,0.9844134450984648,4,time1,TIME1,0.9898455705563334,4
0.0001938974439983383,False,57,time0,0.9800135757668227,1,time0,TIME0,0.9869409601430352,3
0.00034417491438342807,False,57,goleiro_time0,0.9383418986352233,5,goleiro0,GOL-TIME0,0.959801772892861,2
0.0009921690680000997,False,57,time0,0.9205147725645833,0,time0,TIME0,0.947987342993179,1
0.0010956752853535526,False,57,time1,0.8697009545141401,2,time1,TIME1,0.9149221340843173,6
0.0007230517867689092,False,57,time1,0.8687095506271948,3,time1,TIME1,0.9144081397823074,0
0.00023053640206323588,False,58,time0,0.9650959411028709,1,time0,TIME0,0.977231673976144,3
0.00016434805607761473,False,58,time0,0.962833330302968,0,time0,TIME0,0.9757841428773021,1
0.00012233260791862254,False,58,time1,0.957323060578208,4,time1,TIME1,0.9722171729630638,4
0.00019932010055215903,False,58,goleiro_time0,0.9467868978654428,5,goleiro0,GOL-TIME0,0.9653417215773445,2
0.00044855322123434484,False,58,time1,0.9423513466899618,2,time1,TIME1,0.9623713817210431,6
0.0010491061120479642,False,58,time1,0.8555260473800593,3,time1,TIME1,0.9057247436578217,0
0.0002099722374652706,False,59,time1,0.9673321663622227,2,time1,TIME1,0.978692417852332,6
0.000299466224038616,False,59,time0,0.9611235882987086,1,time0,TIME0,0.9746255192157471,3
0.00013907030862470477,False,59,time1,0.9491333759187333,4,time1,TIME1,0.9668880197391581,4
0.0008087205016611448,False,59,time0,0.9281548378040388,0,time0,TIME0,0.9530175923970439,1
0.0006207142403673807,False,59,goleiro_time0,0.888545288137122,5,goleiro0,GOL-TIME0,0.9273371873050007,2
0.00153797361081586,False,59,time1,0.8181349420665147,3,time1,TIME1,0.8812494215794491,0
0.00018290614848645296,False,60,time1,0.9693222573152178,4,time1,TIME1,0.9799954501029213,4
0.0005733787545627118,False,60,time0,0.957097901906443,0,time0,TIME0,0.971912953675091,1
0.0002989844186891445,False,60,goleiro_time0,0.9463615093278659,5,goleiro0,GOL-TIME0,0.9650303365165716,2
4.0588641379268094e-05,False,60,time1,0.9461118840922116,2,time1,TIME1,0.9649585186354548,6
0.00010559961264016626,False,60,time0,0.9459180156024253,1,time0,TIME0,0.9648097502771524,3
0.0007299689429423368,False,60,time1,0.8974697488711268,3,time1,TIME1,0.9330998476362027,0
0.0004585786484566742,False,61,time0,0.9381038174566696,1,time0,TIME0,0.9596069788198753,3
0.0005673086768266988,False,61,time0,0.9252317654590199,0,time0,TIME0,0.9512020895114737,1
0.0005388876910365725,False,61,time1,0.9166593182715176,4,time1,TIME1,0.9456399461846237,4
0.0005055144138919122,False,61,goleiro_time0,0.9092703116878789,5,goleiro0,GOL-TIME0,0.9408487725522591,2
0.0005206415393082189,False,61,time1,0.8439706091298633,2,time1,TIME1,0.8983986713956533,6
0.0009549443920020669,False,61,time1,0.842883411561031,3,time1,TIME1,0.8975399869774694,0
0.00026220408218288234,False,62,time0,0.9629866739179904,1,time0,TIME0,0.9758495666179298,3
0.0005066047033270487,False,62,time1,0.9580838157850142,4,time1,TIME1,0.9725771686140947,4
0.00026417896664550757,False,62,goleiro_time0,0.9450564076612625,5,goleiro0,GOL-TIME0,0.9641942023414947,2
0.0004701741411686786,False,62,time0,0.9362272225086908,0,time0,TIME0,0.9583831336812401,1
0.00010807262559338046,False,62,time1,0.8636616059436766,2,time1,TIME1,0.9113422184444321,6
0.0002909098795168575,False,62,time1,0.8007050773099721,3,time1,TIME1,0.8703564817936509,0
0.0003219370126908972,False,63,goleiro_time0,0.9400873534323523,5,goleiro0,GOL-TIME0,0.9609441017765872,2
0.0005343600803791455,False,63,time0,0.9369241915274028,1,time0,TIME0,0.9588136984646791,3
0.0004994254129806487,False,63,time0,0.9281808180764752,0,time0,TIME0,0.9531427328551656,1
0.001118248249005711,False,63,time1,0.8933373305188095,4,time1,TIME1,0.9302778779500741,4
0.0005613955650537546,False,63,time1,0.8648364808010204,2,time1,TIME1,0.9119472240728945,6
0.0016545266726174107,False,63,time1,0.7549763531552666,3,time1,TIME1,0.8401555452155072,0
0.0002679306256529223,False,64,time0,0.964572640847533,1,time0,TIME0,0.976878440831918,3
0.0002957660837563133,False,64,goleiro_time0,0.9468838642936503,5,goleiro0,GOL-TIME0,0.965370993661558,2
0.0006083543629864822,False,64,time0,0.9155362667829755,0,time0,TIME0,0.9448856493818889,1
0.0011350006874662445,False,64,time1,0.8651731081661587,4,time1,TIME1,0.9119652700673899,4
0.0010380031292162029,False,64,time1,0.8379508356834162,3,time1,TIME1,0.8943047420989949,0
0.0007461570852143715,False,64,time1,0.8269038196362661,2,time1,TIME1,0.887226327783748,6
4.6050935770522635e-05,False,65,time0,0.9667257179212955,1,time0,TIME0,0.9783555988213224,3
0.00025583701713342225,False,65,time0,0.9655294067850089,0,time0,TIME0,0.9775045714542592,1
0.00027100117718225665,False,65,goleiro_time0,0.9498988808465118,5,goleiro0,GOL-TIME0,0.9673394221382188,2
0.00046756345323735254,False,65,time1,0.8940118759735673,2,time1,TIME1,0.9309440721741857,6
0.0008959966210698229,False,65,time1,0.8711453521087044,4,time1,TIME1,0.9159308800532834,4
0.0009373835839049664,False,65,time1,0.8308620229022904,3,time1,TIME1,0.889732230632122,0
0.0001328987788251342,False,66,goleiro_time0,0.971663827454571,5,goleiro0,GOL-TIME0,0.9815349732728824,2
0.00024928865994788385,False,66,time0,0.9661899186662011,0,time0,TIME0,0.977936196102049,1
0.000408480125403583,False,66,time1,0.8989392531891629,2,time1,TIME1,0.9341675465290646,6
0.0009877944154482489,False,66,time0,0.8799149779250215,1,time0,TIME0,0.9215990076058571,3
0.00129186396821148,False,66,time1,0.8446825692622305,3,time1,TIME1,0.8985915176315757,0
0.053296025447069614,False,66,time1,0.0,4,time1,TIME1,0.33134639109352565,-1
0.00012499470042722058,False,67,goleiro_time0,0.9640857541169511,5,goleiro0,GOL-TIME0,0.9766119920308687,2
0.00030967875225376956,False,67,time0,0.9548874688158703,0,time0,TIME0,0.9705684671670269,1
0.0006163270061869451,False,67,time0,0.92710804585972,1,time0,TIME0,0.9524045153566525,3
9.39804786421922e-05,False,67,time1,0.9094157940290374,2,time1,TIME1,0.9410873729513496,6
0.0007985612424379829,False,67,time1,0.893931470943945,3,time1,TIME1,0.930775959678711,0
0.000656908338933681,False,67,time1,0.8409833637955225,4,time1,TIME1,0.8964092685484628,-1
7.194048393800381e-05,False,68,goleiro_time0,0.9842057253779525,5,goleiro0,GOL-TIME0,0.9897085423262908,2
0.00021666931660321251,False,68,time0,0.9652866833111925,0,time0,TIME0,0.977360509891464,1
0.0003718152811451961,False,68,time0,0.9527018761219491,1,time0,TIME0,0.9691260841308661,3
0.00016881584058379775,False,68,time1,0.9232491485997446,4,time1,TIME1,0.9500528610456297,-1
0.0008328034636729612,False,68,time1,0.9117484521359986,2,time1,TIME1,0.9423450126761135,6
0.0011809928307576296,False,68,time1,0.8404703448083305,3,time1,TIME1,0.8958923766346497,0
3.7085773930641214e-05,False,69,time0,0.9847098997732712,0,time0,TIME0,0.9900484548317505,1
0.00031376291123595907,False,69,goleiro_time0,0.9387593808844745,5,goleiro0,GOL-TIME0,0.9600837805559759,2
0.0003022508479118883,False,69,time1,0.9310308061103366,4,time1,TIME1,0.9550642361749496,-1
0.00034740641436713726,False,69,time1,0.9257802232990028,2,time1,TIME1,0.9516355528993233,6
0.0008410698980473515,False,69,time0,0.8761502929728198,1,time0,TIME0,0.9192033159680163,3
0.0009969206620857585,False,69,time1,0.8745856108896974,3,time1,TIME1,0.9181317248465733,0
5.961928365021928e-05,False,70,goleiro_time0,0.9860787933762645,5,goleiro0,GOL-TIME0,0.9909303489452943,2
0.0003913678422190525,False,70,time0,0.9735055078507989,1,time0,TIME0,0.9826416013582426,3
0.00036709016935841324,False,70,time1,0.903746993376545,2,time1,TIME1,0.9373070641354787,6
0.0007407540874552143,False,70,time0,0.8964247181297161,0,time0,TIME0,0.9324168028537061,1
0.0005882115814813579,False,70,time1,0.8636277844873811,4,time1,TIME1,0.9111521858632793,-1
0.0014606376882423245,False,70,time1,0.8411843720806784,3,time1,TIME1,0.8962586186615562,0
0.0008276076061940916,False,71,time0,0.956492479498284,0,time0,TIME0,0.9714304490117167,1
0.0002664719684550699,False,71,goleiro_time0,0.9447971240597237,5,goleiro0,GOL-TIME0,0.9640248654498611,2
0.0006674116651127359,False,71,time0,0.9045732360675622,1,time0,TIME0,0.937739009361126,3
0.0005182328676874747,False,71,time1,0.8935071298919084,4,time1,TIME1,0.9305982529260498,-1
0.0010834176337049049,False,71,time1,0.8413841043249854,2,time1,TIME1,0.8965204716394438,6
0.0019138057290838428,False,71,time1,0.7907166089746454,3,time1,TIME1,0.8632959638283402,0
0.00025140267794435405,False,72,time0,0.9705658323178479,0,time0,TIME0,0.9807798000693206,1
0.00023141567019152538,False,72,goleiro_time0,0.9529960789588818,5,goleiro0,GOL-TIME0,0.9693664558387061,2
0.0005957816125671103,False,72,time0,0.8856356082121859,1,time0,TIME0,0.9254546217735223,3
0.0006234664716202847,False,72,time1,0.8553703585008735,4,time1,TIME1,0.9057725197605007,-1
0.0022207404433630005,False,72,time1,0.749116541863992,3,time1,TIME1,0.8361484930564178,0
0.11178353930101788,False,72,time0,0.0,2,time0,TIME0,0.3108757612446437,5
0.00015441054805825834,False,73,goleiro_time0,0.9616749097205464,5,goleiro0,GOL-TIME0,0.9750346476265348,2
0.0006942353928610847,False,73,time0,0.9529289559054006,1,time0,TIME0,0.9691608389510091,3
0.0005934403642705155,False,73,time0,0.8569626222483282,2,time0,TIME0,0.9068180003339186,5
0.0014299147717449306,False,73,time0,0.8166402962857687,0,time0,TIME0,0.880315722415639,1
0.001160470571100031,False,73,time1,0.7393089938777526,4,time1,TIME1,0.8301446813206541,-1
0.0023611195584378477,False,73,time1,0.7108088807073175,3,time1,TIME1,0.8111993806143032,0
7.799159410793984e-05,False,74,time0,0.982684731123599,2,time0,TIME0,0.9887177781724017,5
0.0005116065602103218,False,74,time0,0.9558341577955977,1,time0,TIME0,0.9711131402710649,3
0.00027883818738263404,False,74,goleiro_time0,0.9442443537179512,5,goleiro0,GOL-TIME0,0.9636612365510844,2
0.0006677427445810575,False,74,time0,0.9180389805371667,0,time0,TIME0,0.946491627388555,1
0.0004296302996458302,False,74,time1,0.8883213214780602,4,time1,TIME1,0.927258488355863,-1
0.0014144937536899496,False,74,time1,0.7937654549881634,3,time1,TIME1,0.8654524729285148,0
0.00010301663092622254,False,75,time0,0.9727573591527457,2,time0,TIME0,0.9822562276284605,5
0.0002370644409332575,False,75,goleiro_time0,0.9640990527350722,5,goleiro0,GOL-TIME0,0.9765814117234703,2
0.00016004855085375214,False,75,time0,0.944846812903812,1,time0,TIME0,0.964094411394679,3
0.0005487766481746565,False,75,time0,0.9448706628922131,0,time0,TIME0,0.9639738590530773,1
0.0010614023203003393,False,75,time1,0.8548527246081532,3,time1,TIME1,0.9052827801831944,0
0.0009442128716077943,False,75,time1,0.8503647706685837,4,time1,TIME1,0.9024066264295166,-1
0.00015987176121580636,False,76,time0,0.9588741744240346,2,time0,TIME0,0.9732122582591969,5
0.0002930784855470259,False,76,goleiro_time0,0.9538135127605327,5,goleiro0,GOL-TIME0,0.9698762058244048,2
0.000657058456026351,False,76,time0,0.9170859613523245,0,time0,TIME0,0.9458759044194016,1
0.0011642683965671719,False,76,time0,0.8610922969752082,1,time0,TIME0,0.9093024990950869,3
0.000722489570607717,False,76,time1,0.8526288252103164,4,time1,TIME1,0.903955865036993,-1
0.0016725009495571134,False,76,time1,0.7971513218593809,3,time1,TIME1,0.8675629838762526,0
8.190453133015607e-05,False,77,time0,0.9892622039808275,0,time0,TIME0,0.9929917660015724,1
0.0001372564487150144,False,77,goleiro_time0,0.9772603037670549,5,goleiro0,GOL-TIME0,0.9851711576915354,2
0.00017487385669805267,False,77,time0,0.9573526965941722,2,time0,TIME0,0.9722180469363677,5
0.0006039150773910148,False,77,time0,0.9219393411732661,1,time0,TIME0,0.9490492014855362,3
0.0018628998510416509,False,77,time1,0.8444120900344465,4,time1,TIME1,0.8982158435745258,-1
0.0032627888705634256,False,77,time1,0.6640697659018411,3,time1,TIME1,0.7805033717314995,0
0.00035818912372609515,False,78,time0,0.954070379371783,0,time0,TIME0,0.9700203803983549,1
0.0002707215910728603,False,78,goleiro_time0,0.9480141725466537,5,goleiro0,GOL-TIME0,0.9661144595984493,2
0.00022630659043722907,False,78,time0,0.93450104965158,2,time0,TIME0,0.957346474966874,5
0.00011101719595665444,False,78,time0,0.9339697927981442,1,time0,TIME0,0.9570415093002089,3
0.000621392126339755,False,78,time1,0.869282758662042,4,time1,TIME1,0.9148163058861084,7
0.0026418296942976294,False,78,time1,0.751223563503085,3,time1,TIME1,0.837370675884001,0
0.00021502718577722868,False,79,goleiro_time0,0.9567020094939291,5,goleiro0,GOL-TIME0,0.9717810466560319,2
8.670832902796667e-05,False,79,time0,0.9308940352280891,2,time0,TIME0,0.9550507749830981,5
0.0006295017976805699,False,79,time0,0.9209723468182629,0,time0,TIME0,0.9484116998026826,1
0.0006963650871609124,False,79,time0,0.9135039576746199,1,time0,TIME0,0.9435338447079966,3
0.0004958950993180528,False,79,time1,0.8767622876517065,4,time1,TIME1,0.9197219236888479,7
0.001749985619449239,False,79,time1,0.8234721415280809,3,time1,TIME1,0.8846443970264454,0
0.0001870726334274563,False,80,goleiro_time0,0.9660698655914852,5,goleiro0,GOL-TIME0,0.9778799372127658,2
0.00022013177571648569,False,80,time0,0.9656961388984037,2,time0,TIME0,0.9776254441624617,5
0.0002671857222153852,False,80,time0,0.9075159472174729,0,time0,TIME0,0.9397918506885821,1
0.0010575514287707,False,80,time1,0.8730272027054059,3,time1,TIME1,0.917097538758444,0
0.0006217320332410353,False,80,time1,0.8686801560433463,4,time1,TIME1,0.9144244952165407,7
0.0015954103687409796,False,80,time0,0.8449267864520914,1,time0,TIME0,0.8986440175648001,3
0.00015454120928575795,False,81,time0,0.9619132955377253,0,time0,TIME0,0.9751895526762715,1
0.00033049853191473495,False,81,time0,0.9340735991655221,2,time0,TIME0,0.9570321649714193,5
0.00042775629650756254,False,81,goleiro_time0,0.9241166006236327,5,goleiro0,GOL-TIME0,0.9505260757015835,2
0.0003745941215279093,False,81,time0,0.8944440702734571,1,time0,TIME0,0.9312575377352122,3
0.0004621066284300972,False,81,time1,0.8860404710128594,4,time1,TIME1,0.9257645688384081,7
0.002712708298929559,False,81,time1,0.6787127540796376,3,time1,TIME1,0.7902138422471391,0
0.00025785274115657446,False,82,time0,0.9622067849608381,0,time0,TIME0,0.9753441617651399,1
0.00024572047456860045,False,82,goleiro_time0,0.955298305486223,5,goleiro0,GOL-TIME0,0.9708578963999459,2
0.0005478065944643011,False,82,time0,0.8829207677223325,2,time0,TIME0,0.9237067667114536,5
0.001291369124642064,False,82,time0,0.8447476307303604,1,time0,TIME0,0.8986339807811096,3
0.0011604659037216852,False,82,time1,0.7954530805440494,4,time1,TIME1,0.8666383392873295,7
0.0027411291832549387,False,82,time1,0.6311357816905153,3,time1,TIME1,0.7592788628846957,0
0.00025827381985517545,False,83,time0,0.9588531549413107,0,time0,TIME0,0.9731641548749026,1
0.0003285156063709376,False,83,goleiro_time0,0.9406898725200733,5,goleiro0,GOL-TIME0,0.9613334366758178,2
0.0010828309645397696,False,83,time0,0.8913237183262283,1,time0,TIME0,0.9289814260744595,3
0.0005703086849909241,False,83,time0,0.8744453358519092,2,time0,TIME0,0.9181898602639942,5
0.0016454278214614968,False,83,time1,0.7723517258846336,4,time1,TIME1,0.8514527220875003,7
0.002872077961846564,False,83,time1,0.6372770027167444,3,time1,TIME1,0.7632248244792376,0
2.5950574456431663e-05,False,84,goleiro_time0,0.9893183891670599,5,goleiro0,GOL-TIME0,0.9930478702575292,2
0.00010420249381115755,False,84,time0,0.9365701550426094,2,time0,TIME0,0.9587341299048622,5
0.000364754070397711,False,84,time0,0.9327078634044419,0,time0,TIME0,0.956132447288248,1
0.000463891646985552,False,84,time1,0.9076975987352754,4,time1,TIME1,0.9398410771014841,7
0.001008133125379156,False,84,time0,0.9007269900934322,1,time0,TIME0,0.9351196969668483,3
0.0031399390080494704,False,84,time1,0.6432457125517246,3,time1,TIME1,0.7670107345058037,0
3.23870176118009e-05,False,85,goleiro_time0,0.9938963396657345,5,goleiro0,GOL-TIME0,0.9960212853265633,2
0.00033824901805240586,False,85,time1,0.932062064047644,4,time1,TIME1,0.9557219544746502,7
0.0007008623598590908,False,85,time0,0.9109199161798591,0,time0,TIME0,0.9418526436909578,1
0.0004581815154382828,False,85,time0,0.9001821637188951,2,time0,TIME0,0.9349580428868784,5
0.0015075533636577255,False,85,time1,0.8830923245367867,3,time1,TIME1,0.9234823672716311,0
0.0004405156405960254,False,85,time0,0.8668722690438553,1,time0,TIME0,0.9133127944042974,3
0.00010709096685262694,False,86,goleiro_time0,0.9601215163403679,5,goleiro0,GOL-TIME0,0.9740415037828407,2
7.030870885772505e-05,False,86,time0,0.9524348823670761,2,time0,TIME0,0.9690580654904992,5
0.00022877999656633656,False,86,time1,0.9394592830648425,3,time1,TIME1,0.9605684609933495,0
0.0009176003934619726,False,86,time0,0.8950419051421499,0,time0,TIME0,0.9314560782046857,1
0.0005842269086832595,False,86,time0,0.8739176430089451,1,time0,TIME0,0.9178419885377752,3
0.0006387761828481897,False,86,time1,0.8718065966335874,4,time1,TIME1,0.9164507161478349,7
0.00015587931368149586,False,87,goleiro_time0,0.9696477091950654,5,goleiro0,GOL-TIME0,0.9802164532170039,2
0.0007261841556951405,False,87,time0,0.9409618798906478,0,time0,TIME0,0.9613710574744279,1
0.0006510569684590739,False,87,time1,0.8289774288195246,3,time1,TIME1,0.8886074587937303,0
0.0005360205002257132,False,87,time1,0.8285359951972575,4,time1,TIME1,0.8883607897031385,7
0.0005996814608370085,False,87,time0,0.7942610351361632,1,time0,TIME0,0.8660597843272131,3
0.017217171351733288,False,87,time1,0.1936028963617716,2,time1,TIME1,0.4698158726620449,4
0.0001596171354340861,False,88,goleiro_time0,0.9647808125984988,5,goleiro0,GOL-TIME0,0.9770516621916223,2
0.0003707694586352793,False,88,time0,0.9572939776293299,0,time0,TIME0,0.9721113161485421,1
0.0004314227758601639,False,88,time1,0.8992751283191756,4,time1,TIME1,0.934377835435913,7
0.0008577927088018627,False,88,time0,0.8904139579957984,1,time0,TIME0,0.9284688452491883,3
0.004071677194915531,False,88,time1,0.7230590968064773,3,time1,TIME1,0.8185633259059898,0
0.006496093709186064,False,88,time1,0.6036530728740013,2,time1,TIME1,0.7401008645698857,4
0.00011649740838801285,False,89,time0,0.97327575725582,0,time0,TIME0,0.9825884681233472,1
0.0002419921017205421,False,89,goleiro_time0,0.96364747571969,5,goleiro0,GOL-TIME0,0.9762861619821963,2
0.000827800186283235,False,89,time1,0.8564386868416991,3,time1,TIME1,0.9063954163819052,0
0.0006615332542831463,False,89,time1,0.8442839363162895,4,time1,TIME1,0.898553021966589,7
0.001024803681789142,False,89,time0,0.7631859611998355,1,time0,TIME0,0.8457121934912668,3
0.006516549813828846,False,89,time1,0.6345612031029336,2,time1,TIME1,0.7601839895820668,4
2.1177739360216233e-05,False,90,goleiro_time0,0.9764524335575357,5,goleiro0,GOL-TIME0,0.9846866696036223,2
0.0004462111612197769,False,90,time0,0.94597734389625,0,time0,TIME0,0.9647290996261355,1
0.0007984082843324068,False,90,time1,0.8670746849337033,4,time1,TIME1,0.9133191023073908,7
0.0010933129831220277,False,90,time0,0.8375519009921305,1,time0,TIME0,0.8940260761007922,3
0.0006880887599737235,False,90,time1,0.8137223583147183,3,time1,TIME1,0.8786787018385761,0
0.006876636835641045,False,90,time1,0.5585308106423054,2,time1,TIME1,0.7106382040250241,4
0.00017862297908680113,False,91,goleiro_time0,0.9746762424085879,5,goleiro0,GOL-TIME0,0.9834770395229018,2
0.00024712768913990094,False,91,time1,0.9724497684209632,2,time1,TIME1,0.9820058547824271,4
0.0004940259157552511,False,91,time0,0.9404171053356878,0,time0,TIME0,0.9610982093976828,1
0.0008668871969736707,False,91,time0,0.8729859418606848,1,time0,TIME0,0.9171374516905043,3
0.0027025121065386163,False,91,time1,0.8055701851127147,4,time1,TIME1,0.8726747410859761,7
0.00637255063952299,False,91,time1,0.48229402166400853,3,time1,TIME1,0.6612607213577725,0
0.0002919311982904582,False,92,goleiro_time0,0.9462899868061524,5,goleiro0,GOL-TIME0,0.9649863155045975,2
0.0004942903836173964,False,92,time0,0.9362346028258005,0,time0,TIME0,0.9583794902025042,1
0.0004964272819142364,False,92,time1,0.9160396538245211,2,time1,TIME1,0.9452520254372687,4
0.0014569536047561791,False,92,time1,0.7391539776958846,4,time1,TIME1,0.8299401517406604,7
0.0036271495875045577,False,92,time0,0.6205262619849492,1,time0,TIME0,0.7520725679345904,3
0.0059844374312498835,False,92,time1,0.5201343934418796,3,time1,TIME1,0.6859928026362843,-1
0.00023402798155879785,False,93,time1,0.9738114032134312,2,time1,TIME1,0.9828955022951846,4
0.00016949831783595793,False,93,time0,0.963209311826353,0,time0,TIME0,0.9760267282758869,1
0.00029369579706564955,False,93,goleiro_time0,0.9478698016234032,5,goleiro0,GOL-TIME0,0.9660125775262391,2
0.00021166853778287266,False,93,time1,0.9321149979963361,4,time1,TIME1,0.9558006647093944,7
0.0025441781957554234,False,93,time1,0.6841201560316921,3,time1,TIME1,0.7937876390520855,-1
0.003162755385628844,False,93,time0,0.6844443381958305,1,time0,TIME0,0.7937818554423197,3
6.908224104948971e-05,False,94,time0,0.9683659036900069,0,time0,TIME0,0.9794136586141371,1
0.00017811669536720013,False,94,goleiro_time0,0.9648418166668853,5,goleiro0,GOL-TIME0,0.9770848399900969,2
0.0005004176367381472,False,94,time1,0.9442784586704397,2,time1,TIME1,0.9636058519629274,4
0.000534959280440492,False,94,time1,0.8773149974975498,4,time1,TIME1,0.9200675126252532,7
0.0009401061874518483,False,94,time1,0.8681927556919569,3,time1,TIME1,0.9139962540341637,-1
0.00031828169446042743,False,94,time0,0.8285357066627957,1,time0,TIME0,0.888436810737756,3
0.00010449118638156585,False,95,goleiro_time0,0.9691392671737533,5,goleiro0,GOL-TIME0,0.9799039517477061,2
0.0003700530160591777,False,95,time1,0.9448264608028746,2,time1,TIME1,0.9640076809662478,4
0.0005156513001384374,False,95,time0,0.931239709978877,0,time0,TIME0,0.9551253335312215,1
0.0006325367097176431,False,95,time1,0.9107370970851678,3,time1,TIME1,0.941757725256958,-1
0.0004702581539789055,False,95,time0,0.8244327079365136,1,time0,TIME0,0.8857166698048412,3
0.0030005652056844397,False,95,time1,0.6208686412274914,4,time1,TIME1,0.7525144189758799,7
8.987193641307315e-05,False,96,goleiro_time0,0.993382969101649,5,goleiro0,GOL-TIME0,0.9956674747383274,2
0.0002574863519564183,False,96,time0,0.9637008494515185,1,time0,TIME0,0.9763154319203022,3
0.00025371125459252723,False,96,time1,0.9575192977702588,2,time1,TIME1,0.972298744611561,4
0.00045114138399191445,False,96,time0,0.9556386295743606,0,time0,TIME0,0.9710072097389373,1
0.0006492429309860769,False,96,time1,0.9117365174148155,3,time1,TIME1,0.942401501293785,-1
0.04951430284108122,False,96,time1,0.0,4,time1,TIME1,0.3326699940056215,5
3.236596684764418e-05,False,97,goleiro_time0,0.9939609126893243,5,goleiro0,GOL-TIME0,0.9960632651596641,2
0.0003213426575712033,False,97,time1,0.9432399704353933,2,time1,TIME1,0.9629935108528558,4
0.00030444728064882564,False,97,time1,0.9261740521712406,4,time1,TIME1,0.9519065773630793,5
2.8873144408935737e-05,False,97,time0,0.9229097366836098,1,time0,TIME0,0.9498812232438032,3
0.0008397128577932698,False,97,time1,0.9208173451143864,3,time1,TIME1,0.9482373748241235,-1
0.0009246928807176128,False,97,time0,0.8958889525705067,0,time0,TIME0,0.9320041766625782,1
2.7387678322554136e-05,False,98,goleiro_time0,0.9884498829835593,5,goleiro0,GOL-TIME0,0.9924828382519006,2
0.00015702779314883671,False,98,time1,0.9657902650323152,3,time1,TIME1,0.9777087125434027,-1
0.00027163101959709173,False,98,time1,0.9523700710037774,4,time1,TIME1,0.9689454752955964,5
0.00027056229142061845,False,98,time1,0.950798983824395,2,time1,TIME1,0.9679246426838595,4
0.00010939894739541356,False,98,time0,0.9475618728035319,0,time0,TIME0,0.9658769276907073,1
0.00013717177638393428,False,98,time0,0.9276019561950395,1,time0,TIME0,0.9528932614050413,3
1.9607572405794517e-05,False,99,goleiro_time0,0.9961801671228218,5,goleiro0,GOL-TIME0,0.997510245979492,2
0.0002653389623615933,False,99,time0,0.9727138366115957,0,time0,TIME0,0.9821711251607107,1
0.00016651538111535661,False,99,time1,0.9386352576127152,4,time1,TIME1,0.9600546370648746,5
0.0007906625670378285,False,99,time1,0.9115682553711232,3,time1,TIME1,0.9422426340927669,-1
0.0012363046124936408,False,99,time0,0.8498382377722323,1,time0,TIME0,0.9019621479375782,3
0.0019409130507990805,False,99,time1,0.7332279420669814,2,time1,TIME1,0.8259188427757582,4
3.990991198118731e-05,False,100,goleiro_time0,0.9836266199730385,5,goleiro0,GOL-TIME0,0.9893433345132816,2
0.0003606996913186635,False,100,time0,0.9525815922166023,0,time0,TIME0,0.9690517900488299,1
0.00031432390982019155,False,100,time1,0.9503418256750852,3,time1,TIME1,0.9676121733203683,-1
0.00024261522209591157,False,100,time1,0.9399871132511111,4,time1,TIME1,0.9609067082854886,5
0.0005003766957128737,False,100,time0,0.9018520833873028,1,time0,TIME0,0.9360287223582473,3
0.000626652769059361,False,100,time1,0.8878622448699117,2,time1,TIME1,0.9268911306962719,4
0.0002166223891578865,False,101,time0,0.9676562008099218,0,time0,TIME0,0.9789007126902439,1
0.00016892173173002124,False,101,goleiro_time0,0.9670767039078951,5,goleiro0,GOL-TIME0,0.9785407349340263,2
0.00022411360750167786,False,101,time1,0.949368133998876,4,time1,TIME1,0.9670108473366438,5
0.0004093204818015319,False,101,time1,0.9082216870492721,3,time1,TIME1,0.9402008344133963,8
0.00040061470507414337,False,101,time1,0.8802932456100377,2,time1,TIME1,0.9220503944997487,4
0.0014395126265248734,False,101,time0,0.7998671747404615,1,time0,TIME0,0.8694098341620162,3
2.0141768443044513e-05,False,102,goleiro_time0,0.9842541850521725,5,goleiro0,GOL-TIME0,0.9897581706649571,2
0.0003372283841658451,False,102,time0,0.9711914924251822,0,time0,TIME0,0.9811564401419104,1
0.0004961193364081512,False,102,time1,0.9469918381353513,3,time1,TIME1,0.9653710530202355,8
0.00028149856767363237,False,102,time1,0.9459631143061795,2,time1,TIME1,0.9647774998003309,4
9.506778755039591e-05,False,102,time1,0.939323472142092,4,time1,TIME1,0.9605269831667171,5
0.0015050554030599285,False,102,time0,0.7683227674705237,1,time0,TIME0,0.8488830294647696,3
6.164805857640946e-05,False,103,time0,0.9904543027924352,0,time0,TIME0,0.9937737199945811,1
0.00018290116403077373,False,103,time1,0.9655014566458253,2,time1,TIME1,0.9775119314123757,4
0.00027544670285964315,False,103,goleiro_time0,0.9411906386320441,5,goleiro0,GOL-TIME0,0.9616775087648277,2
0.0004595066450295428,False,103,time1,0.8955129393285565,4,time1,TIME1,0.9319225832378013,5
0.000849603387634927,False,103,time1,0.895257748017035,3,time1,TIME1,0.9316201750254005,8
0.0012726247302752814,False,103,time0,0.7206086335622091,1,time0,TIME0,0.8179501931598395,3
6.850933938216575e-05,False,104,time0,0.9911671852518189,0,time0,TIME0,0.9942346921448986,1
6.105187074972912e-05,False,104,goleiro_time0,0.9879761563603692,5,goleiro0,GOL-TIME0,0.9921631334794776,2
0.00029277404057470005,False,104,time1,0.9408809023665256,2,time1,TIME1,0.9614701156240405,4
7.619006216496754e-05,False,104,time1,0.9239602775587075,4,time1,TIME1,0.9505475138914021,5
0.0008502368827806414,False,104,time1,0.9136722631619345,3,time1,TIME1,0.9435893881462842,8
0.0009989423471627764,False,104,time0,0.8731381941807111,1,time0,TIME0,0.9171901963959552,3
1.5675494810354594e-05,False,105,goleiro_time0,0.994769521014216,5,goleiro0,GOL-TIME0,0.9965947022360567,2
0.0001381032734905623,False,105,time1,0.9635405868245871,4,time1,TIME1,0.97625304529026,5
0.0004755373140147753,False,105,time1,0.9495624106904684,3,time1,TIME1,0.9670491288888994,8
0.0003822101415100812,False,105,time0,0.9419664397888934,0,time0,TIME0,0.9621444123132521,1
0.0003231557311291071,False,105,time1,0.9347450655794771,2,time1,TIME1,0.9574711881207649,4
0.0012974856224996698,False,105,time0,0.846693805432997,1,time0,TIME0,0.8998968535635732,3
9.719911162771676e-05,False,106,goleiro_time0,0.98052749715959,5,goleiro0,GOL-TIME0,0.9873088534646638,2
0.00016996301369252544,False,106,time0,0.9534500713388093,0,time0,TIME0,0.9696830593154337,1
0.00022421512298070203,False,106,time1,0.9424367590147622,4,time1,TIME1,0.9625054180665522,5
0.00025376571579529205,False,106,time1,0.934684732344041,2,time1,TIME1,0.9574562580230983,4
0.0006545793678714311,False,106,time0,0.9072011495527633,1,time0,TIME0,0.9394516444305412,3
0.0009165812815466116,False,106,time1,0.9018211014800829,3,time1,TIME1,0.9358629125135125,8
7.02173144871793e-06,False,107,goleiro_time0,0.9986612125931854,5,goleiro0,GOL-TIME0,0.9991273305795635,2
4.5185168795084364e-05,False,107,time0,0.9685499348556491,0,time0,TIME0,0.9795416428470938,1
0.00023696279862330002,False,107,time1,0.9403416397823002,4,time1,TIME1,0.961139128878977,5
0.0009441714739911608,False,107,time0,0.8812864749803148,1,time0,TIME0,0.9225057487213078,3
0.0007903752696076866,False,107,time1,0.8785968598707409,2,time1,TIME1,0.920811327571619,4
0.0012877785916523307,False,107,time1,0.8774445977402898,3,time1,TIME1,0.9198882660241101,8
2.894937614140384e-05,False,108,goleiro_time0,0.9937271410579674,5,goleiro0,GOL-TIME0,0.9959125094060294,2
0.0002201746445719457,False,108,time0,0.9732281523212365,0,time0,TIME0,0.9825212378832036,1
0.00032746514184886147,False,108,time1,0.9392376718281344,2,time1,TIME1,0.9603898738886403,4
0.00041929162538440303,False,108,time1,0.9146362108639253,4,time1,TIME1,0.9443667849926669,5
0.0008200997729980363,False,108,time0,0.8992368947170452,1,time0,TIME0,0.9342169466455301,3
0.0012591692872924206,False,108,time1,0.8647008446729219,3,time1,TIME1,0.9116148397868469,8
5.5466794502707074e-05,False,109,goleiro_time0,0.9925819733754991,5,goleiro0,GOL-TIME0,0.9951588693159985,2
0.00011778459016402538,False,109,time0,0.9798135391004718,0,time0,TIME0,0.9868375758087493,1
0.00040376642840079835,False,109,time0,0.9493583130468344,1,time0,TIME0,0.9669415852305021,3
0.0001676013456156672,False,109,time1,0.9417198742590072,4,time1,TIME1,0.9620592577973892,5
0.0007455406868784676,False,109,time1,0.8621146072285303,2,time1,TIME1,0.9101135554581372,4
0.0018185293173312393,False,109,time1,0.8075687914775765,3,time1,TIME1,0.8742832291993587,8
1.4967201121718422e-05,False,110,goleiro_time0,0.9961995309287216,5,goleiro0,GOL-TIME0,0.9975244565832765,2
7.37980371042207e-05,False,110,time0,0.9846645330771566,1,time0,TIME0,0.9900061171871654,3
7.834415239481817e-05,False,110,time1,0.9773972169990085,4,time1,TIME1,0.9852807705960174,5
6.0216111973112844e-05,False,110,time0,0.966774745545449,0,time0,TIME0,0.9783825089653512,1
0.0006517782306106414,False,110,time1,0.907718232578104,2,time1,TIME1,0.9397887287950539,4
0.0021976699980580127,False,110,time1,0.7461984352742714,3,time1,TIME1,0.8342597984289561,8
2.2715543816616334e-05,False,111,goleiro_time0,0.995156614174253,5,goleiro0,GOL-TIME0,0.9968438487729288,2
0.00032884265261557994,False,111,time0,0.9552300403845548,0,time0,TIME0,0.9707844313215452,1
0.0005163280192662252,False,111,time0,0.9359030011432514,1,time0,TIME0,0.9581562359363702,3
0.000318626623866667,False,111,time1,0.934791573784131,4,time1,TIME1,0.9575030036413319,5
0.001078367936193586,False,111,time1,0.8480491785748708,2,time1,TIME1,0.9008545372959984,4
0.001537264778095757,False,111,time1,0.7821607404421886,3,time1,TIME1,0.8578664386150892,8
1.1549491925184924e-05,False,112,goleiro_time0,0.9975307454143302,5,goleiro0,GOL-TIME0,0.9983909421971409,2
0.00012777849989942632,False,112,time0,0.9822513930159752,0,time0,TIME0,0.9884186829854191,1
0.00020113888150206195,False,112,time1,0.9490319595318154,4,time1,TIME1,0.9668003750871543,5
0.0006204110637043881,False,112,time1,0.9099105402008069,2,time1,TIME1,0.9412247072582279,4
0.0009549924862919793,False,112,time1,0.8533573279896274,3,time1,TIME1,0.9043480158230557,8
0.0014200003469554373,False,112,time0,0.7416115650272421,1,time0,TIME0,0.8315505171462729,3
1.407777225028384e-05,False,113,goleiro_time0,0.9973346881229136,5,goleiro0,GOL-TIME0,0.9982626200596063,2
0.0002835085589385988,False,113,time1,0.969545046664852,4,time1,TIME1,0.9801050523365253,5
0.0005707072385157686,False,113,time1,0.9195245278693667,2,time1,TIME1,0.9474911955816078,4
0.0004806715823924277,False,113,time0,0.8834217850458949,0,time0,TIME0,0.9240559252259943,1
0.0010823754892920541,False,113,time1,0.8406610010648642,3,time1,TIME1,0.8960508192709096,8
0.00048175436343631206,False,113,time0,0.736577990496477,1,time0,TIME0,0.8286070797955074,3
6.069827244919763e-06,False,114,goleiro_time0,0.9985925581242017,5,goleiro0,GOL-TIME0,0.9990830383411954,2
0.00012410376385306625,False,114,time1,0.9718284500996628,4,time1,TIME1,0.9816450562474323,5
0.00035615155941622637,False,114,time0,0.9567154401307231,0,time0,TIME0,0.9717403830391743,1
0.0004644893250756988,False,114,time1,0.9353047558891068,2,time1,TIME1,0.9577855200641429,4
0.0021031119567116972,False,114,time0,0.7826691954245091,1,time0,TIME0,0.8579988878410818,3
0.0017295418935055482,False,114,time1,0.765240473971543,3,time1,TIME1,0.8468009684187761,8
1.3203594005886881e-05,False,115,goleiro_time0,0.9949658264364847,5,goleiro0,GOL-TIME0,0.9967231659258129,2
9.807589386971331e-05,False,115,time1,0.9734101899314062,4,time1,TIME1,0.9826822968925596,5
0.0008129231714674224,False,115,time0,0.9095103749604436,0,time0,TIME0,0.9408972206142747,1
0.0007766360297284434,False,115,time1,0.899669155601757,2,time1,TIME1,0.9345131285307371,4
0.0024563170306175566,False,115,time1,0.7506385414989558,1,time1,TIME1,0.8370553410136051,0
0.011308932727641226,False,115,time0,0.26805511119995906,3,time0,TIME0,0.5202776958252989,3
6.780015470622305e-06,False,116,goleiro_time0,0.9989898359911678,5,goleiro0,GOL-TIME0,0.9993410203888443,2
0.00020317904584606368,False,116,time1,0.9717546588916993,4,time1,TIME1,0.9815694156135584,5
0.00043742913373528026,False,116,time1,0.9422022710856429,2,time1,TIME1,0.9622783760088607,4
0.0005597054160364183,False,116,time1,0.8902406227916377,1,time1,TIME1,0.9284605079189518,0
0.0012761072033098315,False,116,time0,0.8674943795307599,0,time0,TIME0,0.9134247091738354,1
0.0015531937286724722,False,116,time0,0.8510629394450685,3,time0,TIME0,0.9026472928342593,3
2.044829978422336e-05,False,117,goleiro_time0,0.9932466363749066,5,goleiro0,GOL-TIME0,0.9956031567387649,2
7.28422582154098e-05,False,117,time1,0.9730569085299727,2,time1,TIME1,0.9824614957541069,4
0.00021781406724111392,False,117,time1,0.9510597090078607,4,time1,TIME1,0.9681125759315751,5
0.00044701334150679844,False,117,time0,0.9325347955844199,0,time0,TIME0,0.9559911624603457,1
0.0009675412402987684,False,117,time0,0.8720560754862188,3,time0,TIME0,0.9164978096319376,3
0.000785086927012245,False,117,time1,0.8645389548661908,1,time1,TIME1,0.9116755402385698,0
2.8350971944163863e-05,False,118,goleiro_time0,0.9857105543258279,5,goleiro0,GOL-TIME0,0.9907019374716077,2
0.00015318750468522246,False,118,time1,0.9737132311028202,4,time1,TIME1,0.9828599845901933,5
0.0003567466755215202,False,118,time1,0.953710959687095,2,time1,TIME1,0.9697872624601792,4
0.000502979164999721,False,118,time0,0.9456223749653114,0,time0,TIME0,0.9644785010197026,1
0.0013819535021152927,False,118,time0,0.8723832098012674,3,time0,TIME0,0.9165654026450835,3
0.13166174620308335,False,118,time0,0.0,1,time0,TIME0,0.3039183888289208,7
3.219866416351028e-05,False,119,goleiro_time0,0.9933882380832024,5,goleiro0,GOL-TIME0,0.9956910852216243,2
0.0002057385067634244,False,119,time1,0.9696255234037282,2,time1,TIME1,0.9801845817350561,4
0.0005289539372128422,False,119,time0,0.9469679853614686,0,time0,TIME0,0.9653440566069302,1
0.0004758455131827272,False,119,time1,0.922303295519648,4,time1,TIME1,0.9493305961581572,5
0.0015654168823072588,False,119,time0,0.9154480357502954,3,time0,TIME0,0.9444933273288845,3
0.0006804758600325112,False,119,time0,0.8801873537146867,1,time0,TIME0,0.921883613363535,7
5.108645992504375e-05,False,120,goleiro_time0,0.9925310132910546,5,goleiro0,GOL-TIME0,0.9951272783782117,2
0.00011944624027064616,False,120,time1,0.9727533287363211,2,time1,TIME1,0.9822478574945139,4
7.74663935546351e-05,False,120,time1,0.9564449228598031,4,time1,TIME1,0.9716620866211279,5
0.000683767325681491,False,120,time0,0.9372348501560768,0,time0,TIME0,0.9589633340374614,1
0.0003447490780185385,False,120,time0,0.9076162156437861,1,time0,TIME0,0.9398298779911545,7
0.003384447131092713,False,120,time0,0.6532346903448374,3,time0,TIME0,0.7734179922282618,3
7.434446915576212e-05,False,121,goleiro_time0,0.981243421379019,5,goleiro0,GOL-TIME0,0.9877822033321578,2
0.0005680251194028004,False,121,time0,0.9495580688900616,0,time0,TIME0,0.9670139359867491,1
0.00023903422679236354,False,121,time1,0.9445019806875893,2,time1,TIME1,0.9638426254675556,4
0.0005742133528362884,False,121,time1,0.8709753665129999,4,time1,TIME1,0.9159330135599573,5
0.0006711855956320405,False,121,time0,0.8423048796256634,1,time0,TIME0,0.89726325679821,7
0.0018016303637765423,False,121,time0,0.7750394435516718,3,time0,TIME0,0.8531450676812649,3
4.403103900966441e-05,False,122,goleiro_time0,0.9863488933553505,5,goleiro0,GOL-TIME0,0.9911113698173244,2
0.00018945229881375177,False,122,time1,0.9552892621891582,4,time1,TIME1,0.9708717121183681,5
0.0005807221641368196,False,122,time0,0.9496982643935384,0,time0,TIME0,0.9671006190983522,1
0.0004339531037121425,False,122,time1,0.9463084605724148,2,time1,TIME1,0.9649486157857704,4
0.0010643991830574183,False,122,time0,0.8629628120836783,3,time0,TIME0,0.9105532881403209,3
0.0005882174664366636,False,122,time0,0.8543455527559595,1,time0,TIME0,0.9051187331781209,7
2.806529794996843e-05,False,123,goleiro_time0,0.9944231908886175,5,goleiro0,GOL-TIME0,0.996365251223319,2
0.0002338164782944042,False,123,time0,0.9797272708909596,0,time0,TIME0,0.9867408903117206,1
0.0003240813179142427,False,123,time1,0.9437154063788901,4,time1,TIME1,0.9633015856850085,5
0.0006195767698250515,False,123,time1,0.9102491459772435,2,time1,TIME1,0.9414450930157695,4
0.0006791330755753339,False,123,time0,0.8332589786168847,1,time0,TIME0,0.8913806395245237,7
0.002972188154129613,False,123,time0,0.6678557820251411,3,time0,TIME0,0.7830659924623964,3
1.0896154079953513e-05,False,124,goleiro_time0,0.9901284497768076,5,goleiro0,GOL-TIME0,0.993579678700997,2
0.0001698045130751635,False,124,time1,0.9631144258473873,4,time1,TIME1,0.9759649452212253,5
0.00047274820032646374,False,124,time0,0.9578175873069964,0,time0,TIME0,0.9724159698794335,1
0.0005110086284583084,False,124,time1,0.9181122226449594,2,time1,TIME1,0.9465940916992632,4
0.0006427471071731169,False,124,time0,0.9075155201879799,3,time0,TIME0,0.9396601266346764,3
0.0005374863614205778,False,124,time0,0.8698017757729067,1,time0,TIME0,0.9151830340258922,7
3.615336047052001e-05,False,125,goleiro_time0,0.9900157286556905,5,goleiro0,GOL-TIME0,0.9934975699500342,2
0.00018970594799728552,False,125,time0,0.9817630103955152,0,time0,TIME0,0.9880795596752858,1
0.0003356848263412325,False,125,time0,0.9157394234185839,1,time0,TIME0,0.9451131355328601,7
0.000516624651453059,False,125,time1,0.9094834809542472,2,time1,TIME1,0.9409834439922522,4
0.0002121565578480765,False,125,time1,0.8968412755374849,4,time1,TIME1,0.9328725743041184,5
0.0008861885313348196,False,125,time0,0.8765041899054357,3,time0,TIME0,0.919417557452566,3
1.175078609214019e-05,False,126,goleiro_time0,0.9973662372983463,5,goleiro0,GOL-TIME0,0.9982839414687928,2
0.0002148034560108636,False,126,time0,0.9791282768162818,0,time0,TIME0,0.9863581987209793,1
0.00010097387288963455,False,126,time0,0.9731993712478736,1,time0,TIME0,0.9825442504556064,7
0.0005022497349360481,False,126,time1,0.9150070430062424,2,time1,TIME1,0.9445787905468299,4
0.0004963391597817701,False,126,time1,0.8910583476076114,4,time1,TIME1,0.9290142072390237,5
0.0012867019492256188,False,126,time0,0.8277089645920984,3,time0,TIME0,0.887560481302635,3
2.0661415386856782e-05,False,127,goleiro_time0,0.9958758873877682,5,goleiro0,GOL-TIME0,0.997312095306664,2
0.00010855690414605159,False,127,time0,0.985058342715994,0,time0,TIME0,0.9902499278489449,1
0.0004611439816462473,False,127,time1,0.9172443737770349,2,time1,TIME1,0.9460474425614965,4
0.0006007980296415277,False,127,time1,0.8902959078125282,4,time1,TIME1,0.9284820607677688,5
0.0007486762012118451,False,127,time0,0.8277733400627746,1,time0,TIME0,0.8877906343703792,7
0.0017085961199954291,False,127,time0,0.7665479804406637,3,time0,TIME0,0.847658178644433,3
1.1274964784641084e-05,False,128,goleiro_time0,0.9915209764121746,5,goleiro0,GOL-TIME0,0.994484688430239,2
0.00012388387706398056,False,128,time0,0.9844516370749833,0,time0,TIME0,0.9898502047417668,1
0.00017701629750667845,False,128,time1,0.9552944405268825,4,time1,TIME1,0.9708794306383464,5
0.0001952920135255874,False,128,time1,0.9524695125322642,2,time1,TIME1,0.9690368309412378,4
0.0010624596844251877,False,128,time0,0.8432195644753846,3,time0,TIME0,0.8977208560194512,3
0.0007373979380302445,False,128,time0,0.8382087251223697,1,time0,TIME0,0.8945775820512296,7
5.527377684684385e-06,False,129,goleiro_time0,0.9989453335683238,5,goleiro0,GOL-TIME0,0.9993125322372209,2
7.450054096075111e-05,False,129,time0,0.9821233224132726,0,time0,TIME0,0.9883540843792911,1
0.0001385135969260183,False,129,time1,0.9708214817389609,4,time1,TIME1,0.9809854833714005,5
0.00045545607087849467,False,129,time1,0.9251383773391647,2,time1,TIME1,0.9511805356456495,4
0.0003686156918243086,False,129,time0,0.9202113701158723,1,time0,TIME0,0.9480083750831785,7
0.0014122190155347845,False,129,time0,0.7938712422447946,3,time0,TIME0,0.8655220308036793,3
2.2816985971507172e-06,False,130,goleiro_time0,0.9994655551886599,5,goleiro0,GOL-TIME0,0.9996518122781199,2
0.00010641231989465281,False,130,time0,0.9889158223372503,0,time0,TIME0,0.9927580402072496,1
0.00025002341691075585,False,130,time1,0.9419023908025,4,time1,TIME1,0.9621490458257063,5
0.00038261848638297745,False,130,time1,0.9276714894331801,2,time1,TIME1,0.9528525516613331,4
0.0006306769116439066,False,130,time0,0.8536008882501198,1,time0,TIME0,0.9046198404435024,7
0.0014413931741393,False,130,time0,0.773574521374868,3,time0,TIME0,0.8523189512827154,3
6.69596683065675e-05,False,131,goleiro_time0,0.9861351686505891,5,goleiro0,GOL-TIME0,0.9909644237389756,2
0.0002701777146646251,False,131,time0,0.9824460002311851,0,time0,TIME0,0.9884953379501378,1
0.00041083819148193514,False,131,time1,0.9463181325375197,4,time1,TIME1,0.9649629927823692,5
0.0007381652651767915,False,131,time1,0.8781421349365331,2,time1,TIME1,0.9205340298659346,4
0.0012190250646742565,False,131,time0,0.7948126267018336,3,time0,TIME0,0.8662015485835559,3
0.12396907548977205,False,131,time1,0.0,1,time1,TIME1,0.30661082357857977,0
4.254829423949572e-06,False,132,goleiro_time0,0.998744886506948,5,goleiro0,GOL-TIME0,0.999182687039218,2
0.0006100505998886176,False,132,time0,0.9566365947776618,0,time0,TIME0,0.9716002688955192,1
0.00036331408271324234,False,132,time1,0.9398227441901721,2,time1,TIME1,0.9607576237946622,4
0.0002736730737219998,False,132,time1,0.9356423378388158,4,time1,TIME1,0.9580717340194276,5
0.0008445969141056813,False,132,time1,0.886488042206753,1,time1,TIME1,0.9259216185144525,0
0.0013332561057487029,False,132,time0,0.7937383980065372,3,time0,TIME0,0.8654633190672372,3
0.00013684076033107926,False,133,goleiro_time0,0.9544422050773225,5,goleiro0,GOL-TIME0,0.9703395390341437,2
0.0013872376846561217,False,133,time0,0.853734880281975,0,time0,TIME0,0.9044421389936541,1
0.0009772801310765557,False,133,time1,0.8334096447296557,4,time1,TIME1,0.8913742210283995,5
0.0012915673867570198,False,133,time1,0.831614303234646,1,time1,TIME1,0.890097248517155,0
0.0011020957715921244,False,133,time0,0.8086887379984272,3,time0,TIME0,0.8752619461789204,3
0.001465332056210872,False,133,time1,0.7804337148056372,2,time1,TIME1,0.8567690484039904,4
7.658679566591898e-05,False,134,goleiro_time0,0.9826617695185603,5,goleiro0,GOL-TIME0,0.9887033448085811,2
0.00018356810449360304,False,134,time1,0.9658236392915646,4,time1,TIME1,0.9777211167029443,5
0.00033883685406212746,False,134,time1,0.9335587505371781,2,time1,TIME1,0.9566945949502439,4
0.0005411957096286391,False,134,time1,0.8686174312763246,1,time1,TIME1,0.914411911831241,0
0.00243618886003595,False,134,time0,0.8261331203873472,0,time0,TIME0,0.8861338621507631,1
0.0011957321071798636,False,134,time0,0.8067765615555061,3,time0,TIME0,0.8739862587735661,3
5.8820560298823886e-06,False,135,goleiro_time0,0.9971881684195152,5,goleiro0,GOL-TIME0,0.9981702507530744,2
0.00013876313678731268,False,135,time1,0.9551493604655698,4,time1,TIME1,0.9707985172047449,5
0.0005313816334735834,False,135,time1,0.9095279416400947,2,time1,TIME1,0.9410071784943458,4
0.0006514776412986882,False,135,time1,0.9054257760755761,1,time1,TIME1,0.93829873727467,0
0.0009821212170687606,False,135,time0,0.8436360122417188,3,time0,TIME0,0.8980196655311432,3
0.004302476213109286,False,135,time0,0.7812600369218231,0,time0,TIME0,0.8563131573245968,1
3.5982268712253365e-05,False,136,time1,0.9911926725941517,4,time1,TIME1,0.9942626433921493,5
7.701535738958546e-05,False,136,goleiro_time0,0.9831660695668878,5,goleiro0,GOL-TIME0,0.9890309898433907,2
0.00020248640943614508,False,136,time1,0.9657283208409504,2,time1,TIME1,0.9776525383033151,4
0.00042368885384238376,False,136,time0,0.9553016157933713,0,time0,TIME0,0.9707977591668465,1
0.0008593868214364941,False,136,time1,0.8759874184828088,1,time1,TIME1,0.919091036626323,0
0.0008833423437265169,False,136,time0,0.8718177197017902,3,time0,TIME0,0.9163723479858594,3
7.904676405764189e-05,False,137,goleiro_time0,0.9875521038592159,5,goleiro0,GOL-TIME0,0.99188120114107,2
0.00013332493076106773,False,137,time1,0.9713211449061967,4,time1,TIME1,0.9813120804632615,5
0.0004309736928914873,False,137,time0,0.9536892243112267,0,time0,TIME0,0.9697471550097854,1
0.0003252006516331081,False,137,time1,0.9499010856734064,1,time1,TIME1,0.9673218854596425,0
0.00036715381312075,False,137,time1,0.9495900846032764,2,time1,TIME1,0.9671050511575374,4
0.0008846152189732517,False,137,time0,0.8744374503908464,3,time0,TIME0,0.9180747274274095,3
1.5887441983014863e-05,False,138,time0,0.9981330490275803,3,time0,TIME0,0.9987809212632331,3
3.059605068557363e-05,False,138,goleiro_time0,0.9967632217069629,5,goleiro0,GOL-TIME0,0.997885385491786,2
1.7889880465902478e-05,False,138,time1,0.9955973973810598,2,time1,TIME1,0.9971320468395258,4
3.229240173554899e-05,False,138,time1,0.9947610200211104,4,time1,TIME1,0.9965833606731144,5
0.00010500508629871235,False,138,time0,0.9912725465526026,0,time0,TIME0,0.9942904034789871,1
0.00011229760496082803,False,138,time1,0.9825035579578354,1,time1,TIME1,0.9885880085108567,0
4.8179961037177167e-05,False,139,goleiro_time0,0.9922426048894786,5,goleiro0,GOL-TIME0,0.994940830191798,2
0.00030822214971703676,False,139,time0,0.9635646276021647,0,time0,TIME0,0.9762091301890061,1
0.00017610936755183327,False,139,time1,0.9600012052239916,2,time1,TIME1,0.9739391451169513,4
0.00025498062930550254,False,139,time1,0.9558563496984837,4,time1,TIME1,0.9712173840837575,5
0.0006888147909683836,False,139,time1,0.9074076297030473,1,time1,TIME1,0.9395738741301418,0
0.0007620622423079969,False,139,time0,0.8642530081555305,3,time0,TIME0,0.911497733516287,3
0.0003829984464929982,False,140,time0,0.9573855269827505,0,time0,TIME0,0.9721665430825153,1
0.00040021031732636643,False,140,goleiro_time0,0.9287359762126024,5,goleiro0,GOL-TIME0,0.9535383109271274,2
0.00034199217938728855,False,140,time1,0.9247860519929968,4,time1,TIME1,0.9509912365326623,5
0.0007022579059845264,False,140,time1,0.8716230690663537,2,time1,TIME1,0.9163092046260353,4
0.001155121654050839,False,140,time0,0.8662771167976651,3,time0,TIME0,0.9126758333395646,3
0.00016771681249735587,False,140,time1,0.815625983615879,1,time1,TIME1,0.8800981884659472,0
8.472869950304883e-06,False,141,time1,0.9977432541781663,2,time1,TIME1,0.9985301497113255,4
1.5561156723972432e-05,False,141,goleiro_time0,0.9976755357824049,5,goleiro0,GOL-TIME0,0.9984836518537097,2
6.519434025350956e-05,False,141,time0,0.9947649868362108,0,time0,TIME0,0.9965744234244482,1
3.090252495283248e-05,False,141,time1,0.9945637380406176,1,time1,TIME1,0.9964556138426679,0
4.24744968682539e-05,False,141,time1,0.9907709709040078,4,time1,TIME1,0.9939862650137011,5
7.037276482059505e-05,False,141,time0,0.9902304722307425,3,time0,TIME0,0.9936251764822954,3
2.1814498817076896e-05,False,142,time0,0.9926651161474593,0,time0,TIME0,0.9952246904212626,1
0.0001287840535880161,False,142,goleiro_time0,0.9748533151228544,5,goleiro0,GOL-TIME0,0.9836095804110996,2
0.0003152647670496981,False,142,time1,0.9395128582498576,2,time1,TIME1,0.96057301519394,4
0.00029580304229028084,False,142,time1,0.9294166956042198,4,time1,TIME1,0.9540173210779412,5
0.0008975333046578498,False,142,time0,0.888171405595962,3,time0,TIME0,0.9269972769807451,3
0.0013508639934882495,False,142,time1,0.8166171033126788,1,time1,TIME1,0.8803283147555203,0
8.539781670177111e-05,False,143,time0,0.9906010594898761,0,time0,TIME0,0.9938607994325739,1
0.00029345760857288675,False,143,goleiro_time0,0.9505379895546019,5,goleiro0,GOL-TIME0,0.9677469830474907,2
0.00032547308447786557,False,143,time1,0.9155219166483786,4,time1,TIME1,0.9449753302418789,5
0.001569979447569907,False,143,time1,0.7259384649897854,2,time1,TIME1,0.821310509436711,4
0.002336303716560972,False,143,time0,0.7181638687085334,3,time0,TIME0,0.8159888083597504,3
0.003023490353472223,False,143,time1,0.5986508539545912,1,time1,TIME1,0.738064833446769,0
1.5257396638686484e-06,False,144,goleiro_time0,0.9997009596386969,5,goleiro0,GOL-TIME0,0.9998050897562706,2
1.3583198196600996e-05,False,144,time0,0.9986959382898122,3,time0,TIME0,0.9991476057690092,3
1.7754423443736943e-05,False,144,time0,0.9971346123867362,0,time0,TIME0,0.9981312840031732,1
1.3590349875853213e-05,False,144,time1,0.9962712263578439,4,time1,TIME1,0.997571540510142,5
1.9804425112003805e-05,False,144,time1,0.9955187018398209,1,time1,TIME1,0.9970802246470944,0
5.603558050624501e-05,False,144,time1,0.9830416013926327,2,time1,TIME1,0.9889574284520342,4
4.113741029075582e-05,False,145,goleiro_time0,0.9907189818160946,5,goleiro0,GOL-TIME0,0.9939529400868596,2
0.00011100915487548236,False,145,time0,0.9879572747223062,0,time0,TIME0,0.9921333753652926,1
0.0002613385117953907,False,145,time1,0.9391668242625233,4,time1,TIME1,0.9603669672915118,5
0.0003629609853948974,False,145,time1,0.9301364279824239,2,time1,TIME1,0.9544616418436873,4
0.00043494872653865383,False,145,time1,0.9048631318454647,1,time1,TIME1,0.9380088036452636,0
0.0010111545426049248,False,145,time0,0.856417274646114,3,time0,TIME0,0.9063173244300624,3
9.882816618447595e-05,False,146,goleiro_time0,0.981647893707259,5,goleiro0,GOL-TIME0,0.9880365410515537,2
0.00033317306653789106,False,146,time0,0.9703244523949373,0,time0,TIME0,0.9805942834834209,1
4.6070819690092865e-05,False,146,time1,0.9700499170323653,4,time1,TIME1,0.9805163212841459,5
0.0005775906069285614,False,146,time1,0.9020337889967641,1,time1,TIME1,0.9361198061354717,0
0.0006537082422890603,False,146,time1,0.8862242051416037,2,time1,TIME1,0.9258169354572412,4
0.0013104271465407442,False,146,time0,0.8081774298263042,3,time0,TIME0,0.8748566798858085,3
6.874217560954276e-05,False,147,goleiro_time0,0.9870317818470207,5,goleiro0,GOL-TIME0,0.9915465984391001,2
0.00010958093710162517,False,147,time1,0.9782667295960875,4,time1,TIME1,0.9858350209094713,5
0.0003857134401838813,False,147,time0,0.9599682906287255,0,time0,TIME0,0.9738443892046071,1
0.0006722788782772032,False,147,time1,0.88768274576498,2,time1,TIME1,0.9267584871398399,4
0.0011656063107165098,False,147,time1,0.8316445699346519,1,time1,TIME1,0.890161008248773,0
0.001254852976969894,False,147,time0,0.8188156856015618,3,time0,TIME0,0.8817909970990756,3
0.00014414402791479327,False,148,time1,0.9872995198176374,4,time1,TIME1,0.9916942374716942,5
0.0004868524088994101,False,148,time0,0.9623792765004222,0,time0,TIME0,0.9753761313821596,1
0.00020576772861045985,False,148,goleiro_time0,0.9621647393936845,5,goleiro0,GOL-TIME0,0.9753350619008814,2
0.0005152762357024426,False,148,time1,0.917878234499636,2,time1,TIME1,0.9464405057422676,4
0.0011111826499079335,False,148,time0,0.8123518193282353,3,time0,TIME0,0.8776397686358852,3
0.002003465864179829,False,148,time1,0.7525342185733728,1,time1,TIME1,0.8384460290202294,0
8.498051756498289e-05,False,149,time0,0.984716695901557,0,time0,TIME0,0.9900361091548644,1
0.0001189778790001059,False,149,time1,0.9803301773117029,4,time1,TIME1,0.9871729729949569,5
0.00018454441096897071,False,149,goleiro_time0,0.9710148727929275,5,goleiro0,GOL-TIME0,0.9810950767715638,2
0.0008289032095440762,False,149,time1,0.8389351976634958,1,time1,TIME1,0.8950177623579318,0
0.0011394561059564295,False,149,time1,0.8369907104693501,2,time1,TIME1,0.8936451521679929,4
0.0010132524277066774,False,149,time0,0.8272770780148585,3,time0,TIME0,0.8873754623599608,3
0.00017520290687144134,False,150,time1,0.9769014939993541,4,time1,TIME1,0.9849246500821751,5
0.0002201657917728004,False,150,goleiro_time0,0.9720637756140553,5,goleiro0,GOL-TIME0,0.9817643961220155,2
0.0008136638133856003,False,150,time0,0.9459880510292581,0,time0,TIME0,0.9646074508343327,1
0.0008594759074840535,False,150,time0,0.8523908715261979,3,time0,TIME0,0.9037532499244092,3
0.0011409062401155632,False,150,time1,0.8451506114111974,2,time1,TIME1,0.8989485802332378,4
0.0018073083309991232,False,150,time1,0.79269314516018,1,time1,TIME1,0.8646179864382673,0
0.00030546517498722685,False,151,goleiro_time0,0.9532659166129138,5,goleiro0,GOL-TIME0,0.9695159329871484,2
0.0005333962667507092,False,151,time1,0.9504780063546531,4,time1,TIME1,0.9676240154371618,5
0.0021298887062823468,False,151,time0,0.8842305804459913,0,time0,TIME0,0.9240044162426955,1
0.0010223305800542745,False,151,time1,0.8722008186858454,2,time1,TIME1,0.9165727164427806,4
0.0009641703784855342,False,151,time0,0.829947808353739,3,time0,TIME0,0.8891286157974605,3
0.0018637129895213106,False,151,time1,0.7899563376656705,1,time1,TIME1,0.8628193199363534,0
9.233373117023576e-05,False,152,time0,0.973256324366929,0,time0,TIME0,0.9825842940325942,1
0.00018535113180340488,False,152,goleiro_time0,0.9643294675455596,5,goleiro0,GOL-TIME0,0.9767492810084826,2
0.00027461804027374573,False,152,time1,0.9307189408621087,4,time1,TIME1,0.9548711952462748,5
0.0006124079810799299,False,152,time1,0.9283853424777263,2,time1,TIME1,0.9532361298171441,4
0.0008396022104870471,False,152,time1,0.9029734937312817,1,time1,TIME1,0.9366389101516626,0
0.0010199511302805657,False,152,time0,0.8375563072328484,3,time0,TIME0,0.8940546168057533,3
8.976997702578238e-05,False,153,time1,0.9879407851837486,4,time1,TIME1,0.9921300908774775,5
0.00020696404870584656,False,153,time0,0.9750760050879655,0,time0,TIME0,0.9837269658901306,1
0.00020577319502368567,False,153,goleiro_time0,0.9706462489894145,5,goleiro0,GOL-TIME0,0.9808480412248611,2
0.00014515073576487622,False,153,time1,0.890241033091923,1,time1,TIME1,0.9286058687522323,0
0.0010705452071562997,False,153,time1,0.8820332351513976,2,time1,TIME1,0.9229469120259037,4
0.0009024006700194371,False,153,time0,0.8604409835105314,3,time0,TIME0,0.9089707990473386,3
4.8174440720804696e-05,False,154,time1,0.990247387768117,4,time1,TIME1,0.9936439409950237,5
0.0001693577003801932,False,154,goleiro_time0,0.9772657506258473,5,goleiro0,GOL-TIME0,0.9851634627116677,2
0.00020185419528285703,False,154,time1,0.9714272110509969,1,time1,TIME1,0.9813570382147989,0
0.0005179840761286869,False,154,time0,0.9544681021034402,0,time0,TIME0,0.9702229719405912,1
0.00040870966402669387,False,154,time1,0.9519263245238218,2,time1,TIME1,0.9686090625580748,4
0.0009878027355574742,False,154,time0,0.8522159014665194,3,time0,TIME0,0.9035946049957926,3
9.411696140953092e-05,False,155,time1,0.9837363653867892,4,time1,TIME1,0.9893956965649197,5
0.00011748984775809803,False,155,goleiro_time0,0.9773001389123132,5,goleiro0,GOL-TIME0,0.9852039688462882,2
0.0002270359190361553,False,155,time1,0.9689716075201699,2,time1,TIME1,0.9797520823164478,4
0.0004929286252525956,False,155,time0,0.9428336144021896,0,time0,TIME0,0.9626693243425848,1
0.0005335164517431171,False,155,time1,0.9404145016988235,1,time1,TIME1,0.9610826953461251,0
0.0010831135438591922,False,155,time0,0.8539615918214736,3,time0,TIME0,0.904695944943607,3
0.00010593462386742066,False,156,time1,0.9765928046403239,2,time1,TIME1,0.9847482458978569,4
7.601640525107463e-05,False,156,goleiro_time0,0.9717401733206121,5,goleiro0,GOL-TIME0,0.98160450691656,2
0.00031647767663116225,False,156,time0,0.9695641689457569,0,time0,TIME0,0.9801059426279211,1
0.00021426835630321373,False,156,time1,0.9212234575260508,4,time1,TIME1,0.9487202534672269,5
0.0006209317300518268,False,156,time1,0.9128858976176277,1,time1,TIME1,0.9431585073459399,0
0.0008476955967360246,False,156,time0,0.8662527648771668,3,time0,TIME0,0.9127676037113008,3
0.00010334243422771839,False,157,time1,0.9787921777937153,2,time1,TIME1,0.9861787457139353,4
0.000141970374013479,False,157,goleiro_time0,0.9761926481971613,5,goleiro0,GOL-TIME0,0.9844755316972502,2
0.00013878718393226894,False,157,time1,0.957018518803961,4,time1,TIME1,0.9720134617081984,5
0.0007128685818655378,False,157,time0,0.9199204081203347,0,time0,TIME0,0.9476987612745645,1
0.0008441297196797275,False,157,time0,0.8806561134251052,3,time0,TIME0,0.9221310283244304,3
0.0012602895595601924,False,157,time1,0.8597598622378793,1,time1,TIME1,0.9084028091087755,0
4.6899916671936856e-05,False,158,goleiro_time0,0.986696579505501,5,goleiro0,GOL-TIME0,0.9913363617077405,2
0.00013724882617592227,False,158,time1,0.9777010562283626,2,time1,TIME1,0.985457649459274,4
0.00013760571573917326,False,158,time1,0.965362493168852,4,time1,TIME1,0.9774374585592451,5
0.00036899856904579556,False,158,time0,0.9538452321946128,0,time0,TIME0,0.9698702514273323,1
0.0009177247892413666,False,158,time1,0.9009895621426706,1,time1,TIME1,0.9353220117165014,0
0.0011973432658919322,False,158,time0,0.8270497801476191,3,time0,TIME0,0.8871632869528903,3
0.00021053531607680942,False,159,goleiro_time0,0.9791172062654157,5,goleiro0,GOL-TIME0,0.9863524967118933,2
0.00031009402209562477,False,159,time1,0.9582011072747556,2,time1,TIME1,0.9727221868208578,4
0.00016966610247763845,False,159,time1,0.955150639310377,4,time1,TIME1,0.9707885324158779,5
0.0005196801608337023,False,159,time0,0.9104307603411184,3,time0,TIME0,0.9415981061654353,3
0.0008019464615128682,False,159,time0,0.9071141703405866,0,time0,TIME0,0.9393435294598518,1
0.001531636021275302,False,159,time1,0.7929302351029514,1,time1,TIME1,0.864868580209472,0
0.00036669128607314216,False,160,time1,0.9675852922682908,4,time1,TIME1,0.9788020980242633,5
8.846455062001269e-05,False,160,goleiro_time0,0.9624294834139551,5,goleiro0,GOL-TIME0,0.9755482016263537,2
0.0004688578897427506,False,160,time0,0.943212684231826,3,time0,TIME0,0.9629241444892769,3
0.0009442544721539212,False,160,time1,0.9091121677672379,2,time1,TIME1,0.9405924199834508,4
0.002482883139374159,False,160,time0,0.8343929334784095,0,time0,TIME0,0.8914863976621852,1
0.0014916032069489603,False,160,time1,0.7982270432013724,1,time1,TIME1,0.8683255169584599,0
0.00037666159257185343,False,161,time0,0.9559434072884336,0,time0,TIME0,0.9712313831800817,1
0.0004582907929704258,False,161,time1,0.954746341182469,2,time1,TIME1,0.9704247199910652,4
0.0003156032280783386,False,161,goleiro_time0,0.9499173857096961,5,goleiro0,GOL-TIME0,0.9673358395814751,2
0.0004575431499847291,False,161,time1,0.9437000226915717,4,time1,TIME1,0.9632448746470269,5
0.0005390933600780337,False,161,time0,0.907206640052091,3,time0,TIME0,0.9394956333578318,3
0.002214597970530252,False,161,time1,0.7009670123425087,1,time1,TIME1,0.8048534487329451,0
0.00018407309453768425,False,162,goleiro_time0,0.9654725021541549,5,goleiro0,GOL-TIME0,0.9774927008171124,2
0.00028548991177882306,False,162,time1,0.9515719489116573,4,time1,TIME1,0.9684218453234548,5
0.000722036226119681,False,162,time1,0.9348954986898526,2,time1,TIME1,0.9574293614692622,4
0.00105795678043357,False,162,time0,0.8730384001056924,3,time0,TIME0,0.9171046751955484,3
0.004097967928349723,False,162,time0,0.6749732299706047,0,time0,TIME0,0.7872983107059707,1
0.0024431170758667624,False,162,time1,0.6207059156803637,1,time1,TIME1,0.752603754215683,0
0.0004782031987682794,False,163,time1,0.8962200620782907,2,time1,TIME1,0.9323756692313201,4
0.0003618136981383297,False,163,time1,0.8736135140852227,4,time1,TIME1,0.9177221493610463,5
0.0006300658402072018,False,163,time0,0.8716449520056173,3,time0,TIME0,0.9163486957595788,3
0.001045333652767486,False,163,goleiro_time0,0.838172429912953,5,goleiro0,GOL-TIME0,0.8944462126649508,2
0.0028013830084060725,False,163,time0,0.7440402056951605,0,time0,TIME0,0.8326456496489122,1
0.002132968567202186,False,163,time1,0.68204166065074,1,time1,TIME1,0.7925805404244602,0
0.00018363755711268552,False,164,time1,0.9520692840021046,4,time1,TIME1,0.9687807614563785,5
0.0002642816743353049,False,164,goleiro_time0,0.9498944748271562,5,goleiro0,GOL-TIME0,0.9673389100516342,2
0.0006043815108313687,False,164,time0,0.930499386191192,0,time0,TIME0,0.9546130674954838,1
0.0005284122169304734,False,164,time0,0.9154771287286274,3,time0,TIME0,0.9448751893976822,3
0.001924330667253934,False,164,time1,0.8080355573792419,2,time1,TIME1,0.8745495965629684,4
0.0016624353422951103,False,164,time1,0.7570795110278092,1,time1,TIME1,0.8415198297982727,0
5.716993100761472e-05,False,165,goleiro_time0,0.982603597754503,5,goleiro0,GOL-TIME0,0.9886723290645743,2
0.0005029535958835649,False,165,time0,0.9436940457062932,0,time0,TIME0,0.9632250959505314,1
0.00029494962230620063,False,165,time1,0.9389378556500825,4,time1,TIME1,0.9602063738047464,5
0.0010337500314308396,False,165,time1,0.8459349536436787,1,time1,TIME1,0.8994959073573904,0
0.0011997340797172658,False,165,time0,0.8180476432045803,3,time0,TIME0,0.8813110611550762,3
0.002218790899720851,False,165,time1,0.7593692586569185,2,time1,TIME1,0.8428134413120947,4
0.0005220886802573265,False,166,time1,0.9061387673094351,4,time1,TIME1,0.9388074677130427,5
0.00035168693300028286,False,166,time1,0.8620873930221032,1,time1,TIME1,0.910233715037817,0
0.001357927867685334,False,166,time0,0.8021046890996465,3,time0,TIME0,0.8708927731610803,3
0.0024354337593913743,False,166,time0,0.7905467242129467,0,time0,TIME0,0.8630029689226284,1
0.0014166392257578817,False,166,goleiro_time0,0.7634443547885513,5,goleiro0,GOL-TIME0,0.8457430068835431,2
0.0029107549027634102,False,166,time1,0.7019346625810928,2,time1,TIME1,0.8052387664617431,4
0.0003060252350225528,False,167,time0,0.9853455260319486,0,time0,TIME0,0.9903674830885087,1
0.0002369697489584456,False,167,goleiro_time0,0.9596195789595178,5,goleiro0,GOL-TIME0,0.9736697869115511,2
0.000427306909144646,False,167,time1,0.8986624929243774,4,time1,TIME1,0.9339810629826446,5
0.0011236729602206515,False,167,time0,0.7610260729051567,3,time0,TIME0,0.8442736618522746,3
0.002247845532853812,False,167,time1,0.7077230405804695,1,time1,TIME1,0.8092332304408063,0
0.00357194221299285,False,167,time1,0.6428332173940929,2,time1,TIME1,0.7665914115316129,4
0.00028223997057741005,False,168,time0,0.9809762760766838,0,time0,TIME0,0.9875357954601424,1
0.00021631733539708076,False,168,goleiro_time0,0.9538063934992089,5,goleiro0,GOL-TIME0,0.9698984447070969,2
0.00015380291373984646,False,168,time1,0.9516575444653198,4,time1,TIME1,0.9685235728826489,5
0.0007285194683040563,False,168,time0,0.8680903165037447,3,time0,TIME0,0.9140037239135277,3
0.0011301385982714829,False,168,time1,0.8355175527574347,1,time1,TIME1,0.8926908607829376,0
0.0016921721229198046,False,168,time1,0.8218967434706569,2,time1,TIME1,0.883640623012905,4
0.00034575302095427523,False,169,time1,0.9171234232503951,4,time1,TIME1,0.9460092115554228,5
0.001509385106729013,False,169,time0,0.9158249063140308,0,time0,TIME0,0.9447579043167649,1
0.0004378541695590006,False,169,goleiro_time0,0.9076221587087971,5,goleiro0,GOL-TIME0,0.9398011542013724,2
0.0007631257450500176,False,169,time1,0.9074651894217945,2,time1,TIME1,0.939585279113399,4
0.0008645527975474748,False,169,time0,0.8795031067327365,3,time0,TIME0,0.921374425897137,3
0.002008665729516191,False,169,time1,0.7212545876656993,1,time1,TIME1,0.8181124489773739,0
0.00014790226944764697,False,170,time1,0.9499337143209011,4,time1,TIME1,0.9674051485142791,5
0.000999160394903329,False,170,time0,0.9180267364972289,0,time0,TIME0,0.9463676725849826,1
0.00040436902753115766,False,170,goleiro_time0,0.9136064152864992,5,goleiro0,GOL-TIME0,0.9437026407765885,2
0.0006805775784410286,False,170,time0,0.8896506175735165,3,time0,TIME0,0.9280346992703314,3
0.0015612860495416098,False,170,time1,0.8488503458440405,2,time1,TIME1,0.9012062746812868,4
0.001517425579112612,False,170,time1,0.7245767857276991,1,time1,TIME1,0.820443811770315,0
0.00014930427126758826,False,171,goleiro_time0,0.9643106727150788,5,goleiro0,GOL-TIME0,0.9767496807698575,2
0.000287473014885927,False,171,time1,0.9312311279907949,4,time1,TIME1,0.9551996176388067,5
0.0009877260282090063,False,171,time0,0.9091306033864934,0,time0,TIME0,0.9405891880913476,1
0.0009181274013560771,False,171,time1,0.8988847125217896,2,time1,TIME1,0.9339537185486886,4
0.0011593397464986074,False,171,time0,0.8287897047602408,3,time0,TIME0,0.888307539182882,3
0.001858284828504984,False,171,time1,0.6880000461286989,1,time1,TIME1,0.7965496302936775,0
0.0001815379344271464,False,172,time1,0.9469529788720781,4,time1,TIME1,0.9654558979898014,5
0.0002722728855844049,False,172,goleiro_time0,0.9411423662545327,5,goleiro0,GOL-TIME0,0.9616472425554918,2
0.0009483745496564252,False,172,time0,0.8566316259383234,3,time0,TIME0,0.9064786257675304,3
0.0017108068338954575,False,172,time1,0.8420683738642638,2,time1,TIME1,0.8967456606199081,4
0.002198811070598848,False,172,time0,0.815840935850661,0,time0,TIME0,0.8795270244282201,1
0.0011044111971106965,False,172,time1,0.7989362986907071,1,time1,TIME1,0.8689220502299709,0
0.00019339340518625693,False,173,goleiro_time0,0.9569103966921291,5,goleiro0,GOL-TIME0,0.9719240701580687,2
0.0012754135903017263,False,173,time1,0.8759902386188526,2,time1,TIME1,0.9189472603456487,4
0.0010851690166968448,False,173,time0,0.8658898952252533,3,time0,TIME0,0.9124486227405707,3
0.00040567848081906005,False,173,time1,0.8645777834195062,4,time1,TIME1,0.9118335717543924,5
0.002282177550389576,False,173,time0,0.8110129212732422,0,time0,TIME0,0.8763596366849711,1
0.0020649985509977498,False,173,time1,0.6615428650211062,1,time1,TIME1,0.7792801127708697,0
0.00014292571533556999,False,174,goleiro_time0,0.9664115263372931,5,goleiro0,GOL-TIME0,0.978117468118873,2
0.00026079258072603587,False,174,time1,0.9188040103739487,4,time1,TIME1,0.9471313293398125,5
0.0017770064932003304,False,174,time1,0.8401871250808437,2,time1,TIME1,0.8954996790299283,4
0.0014904383916574087,False,174,time0,0.8164173636349866,3,time0,TIME0,0.8801496329256612,3
0.002417905724407442,False,174,time0,0.7947972060582983,0,time0,TIME0,0.8657719169343513,1
0.001226722180355189,False,174,time1,0.7266332842736505,1,time1,TIME1,0.8218822820147484,0
9.476815581198933e-05,False,175,goleiro_time0,0.9776178073498711,5,goleiro0,GOL-TIME0,0.985418405922882,2
0.0003757972143951349,False,175,time0,0.9467973123379165,0,time0,TIME0,0.9652867239946075,1
0.0003537214280015655,False,175,time1,0.8898799765469796,4,time1,TIME1,0.9282981822557361,5
0.0011766549084440664,False,175,time0,0.8418660486841552,3,time0,TIME0,0.8968011024267455,3
0.0009207570631950268,False,175,time1,0.7835587675482735,1,time1,TIME1,0.8589909339342595,0
0.0026953381430914157,False,175,time1,0.7453629204017244,2,time1,TIME1,0.8335425299110388,4
0.00022254158881562975,False,176,goleiro_time0,0.9545819820810802,5,goleiro0,GOL-TIME0,0.9704003987966167,2
0.00018963512560412322,False,176,time0,0.9441612521764194,0,time0,TIME0,0.9636384416207112,1
0.00022092434221876206,False,176,time1,0.9182476116472531,4,time1,TIME1,0.946783624050938,5
0.000786683018209436,False,176,time0,0.8837928108052704,3,time0,TIME0,0.9241899879670525,3
0.0013987189280633971,False,176,time1,0.7444971417541276,1,time1,TIME1,0.8334335905153607,0
0.003108800491949795,False,176,time1,0.687975880390042,2,time1,TIME1,0.7960962420813449,4
0.000186875956699167,False,177,goleiro_time0,0.962197078917193,5,goleiro0,GOL-TIME0,0.9753626947113307,2
0.0006997384855928128,False,177,time0,0.9367427288296515,0,time0,TIME0,0.9586378652693159,1
0.0008769956223587603,False,177,time0,0.8584359521589726,3,time0,TIME0,0.9076764204355066,3
0.00038287194532011127,False,177,time1,0.8492469889217029,4,time1,TIME1,0.9018765376182448,5
0.00027980649082610964,False,177,time1,0.751769516718232,1,time1,TIME1,0.8385522535950616,0
0.0033252560476980005,False,177,time1,0.6464625811300689,2,time1,TIME1,0.7690368381178505,4
0.00018947602888137472,False,178,goleiro_time0,0.9616421912697927,5,goleiro0,GOL-TIME0,0.9750011077152567,2
0.00014811803423139998,False,178,time1,0.9500782004959513,4,time1,TIME1,0.9674989890103873,5
0.000858077723275205,False,178,time0,0.8609943088356609,3,time0,TIME0,0.9093459735400332,3
0.0017566423156180138,False,178,time1,0.7802111199689402,2,time1,TIME1,0.8565224031693448,4
0.0028242403777430933,False,178,time0,0.7688335051463733,0,time0,TIME0,0.8487532942129326,1
0.011967691377694831,False,178,time1,0.0,1,time1,TIME1,0.3458113080178068,8
0.00025390647276508346,False,179,goleiro_time0,0.9496733408063874,5,goleiro0,GOL-TIME0,0.9671988042586841,2
0.0003000321436630611,False,179,time1,0.9065748418744561,4,time1,TIME1,0.9391686359681144,5
0.0006624947849547829,False,179,time0,0.8924626909204123,3,time0,TIME0,0.9298688759235338,3
0.0015867326977484133,False,179,time0,0.8339306413767112,0,time0,TIME0,0.8914995604506504,1
0.001418353574117294,False,179,time1,0.8299970615822082,2,time1,TIME1,0.8890016662774943,4
0.0018347241055441795,False,179,time1,0.619644372429839,1,time1,TIME1,0.7521266886424549,8
0.00017404235309924907,False,180,goleiro_time0,0.9648927571289584,5,goleiro0,GOL-TIME0,0.9771193773102382,2
0.0009819968212893668,False,180,time0,0.8981173500739059,0,time0,TIME0,0.9334325786605875,1
0.0007905597325170979,False,180,time0,0.8779305312743073,3,time0,TIME0,0.9203781494219188,3
0.0009164866149379864,False,180,time1,0.8120295149944997,4,time1,TIME1,0.8774984144311966,5
0.0021792744394902156,False,180,time1,0.7758455085827728,2,time1,TIME1,0.8535368345249807,4
0.0073777022233218114,False,180,time1,0.2710334970153846,1,time1,TIME1,0.5235895772818373,0
0.00026660859073643524,False,181,goleiro_time0,0.9471537259763652,5,goleiro0,GOL-TIME0,0.9655566088778796,2
0.0003376180848915443,False,181,time1,0.9188162155364716,4,time1,TIME1,0.9471123737689946,5
0.00117419540298525,False,181,time0,0.8599871347744269,0,time0,TIME0,0.9085806692123327,1
0.001201837951239071,False,181,time0,0.8180459825984485,3,time0,TIME0,0.8813092454060578,3
0.002173992793568053,False,181,time1,0.7969141282054375,2,time1,TIME1,0.8672332858557856,4
0.004190701836480749,False,181,time1,0.3294514171872592,1,time1,TIME1,0.5626766755289502,8
6.521865374342577e-05,False,182,goleiro_time0,0.9750394966046056,5,goleiro0,GOL-TIME0,0.9837528462641836,2
0.00018053357294932975,False,182,time1,0.9470229023364269,4,time1,TIME1,0.9655016997681454,5
0.0008866482681018945,False,182,time0,0.8932329555029932,0,time0,TIME0,0.93029109418311,1
0.0006833665399322202,False,182,time0,0.8599665472954925,3,time0,TIME0,0.9087390774530939,3
0.0030686876219383455,False,182,time1,0.7435434142064806,2,time1,TIME1,0.832229178566534,4
0.0023302558088721024,False,182,time1,0.5313585838029432,1,time1,TIME1,0.6945674899388079,8
0.00033680958842404374,False,183,goleiro_time0,0.9314838838725462,5,goleiro0,GOL-TIME0,0.9553466411612066,2
0.0007536664911139999,False,183,time1,0.8826981318397207,4,time1,TIME1,0.9234900024239285,5
0.0011397351340097191,False,183,time0,0.8656809410303332,0,time0,TIME0,0.9122937043728132,1
0.0008541279036175811,False,183,time0,0.847218820901004,3,time0,TIME0,0.9003932888193864,3
0.0025888103055827006,False,183,time1,0.799874764997958,2,time1,TIME1,0.8690125136417188,4
0.004759863462510785,False,183,time1,0.37067174472349224,1,time1,TIME1,0.5892706818583912,0
0.0006382686561854422,False,184,goleiro_time0,0.8821769128158671,5,goleiro0,GOL-TIME0,0.9231915993006488,2
0.0009284025333199141,False,184,time0,0.8443393854351944,3,time0,TIME0,0.8984956596462144,3
0.0007428422826736619,False,184,time1,0.8269492396449575,4,time1,TIME1,0.8872570109702865,5
0.0022481574354850167,False,184,time1,0.8133568379594781,2,time1,TIME1,0.877895089571241,4
0.0016604150777245455,False,184,time0,0.8117078272670545,0,time0,TIME0,0.8770289424463817,1
0.0012100002827833977,False,184,time1,0.5705833312782482,1,time1,TIME1,0.7204556652318872,8
0.00027948203193250694,False,185,time1,0.9305952737935083,4,time1,TIME1,0.9547891092546039,5
0.0004476565772681914,False,185,time0,0.9005531166845906,3,time0,TIME0,0.93520284604294,3
0.0005268393611602654,False,185,goleiro_time0,0.8998435086915864,5,goleiro0,GOL-TIME0,0.9347138868731251,2
0.0008741924558030377,False,185,time0,0.8990541345041315,0,time0,TIME0,0.9340792200681545,1
0.0018845844908368813,False,185,time1,0.8414400102367974,2,time1,TIME1,0.8962764020821254,4
0.004863762145504284,False,185,time1,0.5212361425739841,1,time1,TIME1,0.6871011759221631,8
0.00034684714068359786,False,186,time1,0.9214488577553313,4,time1,TIME1,0.9488203610417261,5
0.00046079712440982146,False,186,goleiro_time0,0.9086314058605827,5,goleiro0,GOL-TIME0,0.9404491348158353,2
0.001049483357976012,False,186,time0,0.8867745015844063,0,time0,TIME0,0.9260361068545726,1
0.0008766489173194545,False,186,time0,0.8516481334781901,3,time0,TIME0,0.9032644596397618,3
0.002048247938902656,False,186,time1,0.8070917699519317,2,time1,TIME1,0.8738927636901397,4
0.004373629787204639,False,186,time1,0.5429550042235788,1,time1,TIME1,0.7013899823198047,8
0.0002369069676464554,False,187,goleiro_time0,0.9606026049745927,5,goleiro0,GOL-TIME0,0.974308775794809,2
0.0013033622576961931,False,187,time0,0.8590245749526284,0,time0,TIME0,0.9079097969290149,1
0.0019930902821168077,False,187,time0,0.7061984756437188,3,time0,TIME0,0.8083314275696764,3
0.003237386156591922,False,187,time1,0.6601878580224719,2,time1,TIME1,0.7779890225597996,4
0.0027393458388678036,False,187,time1,0.6386279380643223,1,time1,TIME1,0.7641493886982057,8
0.007799208697294669,False,187,time1,0.37843219408184425,4,time1,TIME1,0.5932512031091457,5
0.00016393773264215873,False,188,time1,0.9779450925250874,4,time1,TIME1,0.9856069319348821,5
0.0001397197083694568,False,188,goleiro_time0,0.952757005813608,5,goleiro0,GOL-TIME0,0.9692431518809159,2
0.00033458766266951037,False,188,time0,0.9264327124579192,0,time0,TIME0,0.9520641574157132,1
0.0005439171463309346,False,188,time1,0.9243938976263498,1,time1,TIME1,0.9506656624559116,8
0.00047835559881774894,False,188,time0,0.7421876922390236,3,time0,TIME0,0.8322545754957791,3
0.003680321985057436,False,188,time1,0.5615981836942846,2,time1,TIME1,0.713750706706515,4
0.00012332478094374778,False,189,goleiro_time0,0.9760191701018806,5,goleiro0,GOL-TIME0,0.984369296892892,2
0.0006714019184719001,False,189,time1,0.9180586332043411,4,time1,TIME1,0.9465031209113566,5
0.0009714413422305334,False,189,time0,0.8901937604091481,0,time0,TIME0,0.9282859397961656,1
0.0007561538486457719,False,189,time1,0.8775288794599471,1,time1,TIME1,0.9201291178019396,8
0.0007946054870926801,False,189,time0,0.8747348217528925,3,time0,TIME0,0.9182995222188977,3
0.002833601718198593,False,189,time1,0.6320296476570856,2,time1,TIME1,0.7598275103757361,4
0.00015761386620858527,False,190,time1,0.9701668137531351,4,time1,TIME1,0.9805532640863648,5
0.0001398653229639941,False,190,goleiro_time0,0.9663043350974062,5,goleiro0,GOL-TIME0,0.9780488649502768,2
0.0004690194723517921,False,190,time0,0.8740858299756274,3,time0,TIME0,0.9179916326688348,3
0.001502241684170554,False,190,time0,0.8698858958931455,0,time0,TIME0,0.9149000477410849,1
0.001834130333846779,False,190,time1,0.7873604284118786,1,time1,TIME1,0.8611423328508747,8
0.0017999308292701408,False,190,time1,0.7768576328632959,2,time1,TIME1,0.8543274855708978,4
0.0002933760055503928,False,191,time0,0.9564470584936136,3,time0,TIME0,0.9715879064189062,3
0.0003856548442926905,False,191,time0,0.9349204934115161,4,time0,TIME0,0.957563341521983,5
0.0005390853950954217,False,191,goleiro_time0,0.9056256793826607,5,goleiro0,GOL-TIME0,0.938468011710446,2
0.0013975380813418747,False,191,time0,0.8565593825423716,0,time0,TIME0,0.9062744603240719,1
0.0018306979843970743,False,191,time1,0.7955995826250979,2,time1,TIME1,0.8664989844117746,4
0.0030750425619505807,False,191,time1,0.6517445470155281,1,time1,TIME1,0.7725576906634105,8
0.00024043405980334517,False,192,goleiro_time0,0.9534357157404499,5,goleiro0,GOL-TIME0,0.9696490633103613,2
0.00046637185125268513,False,192,time0,0.929433841073749,4,time0,TIME0,0.9539687665499985,5
0.0010441717799535872,False,192,time0,0.8900635740100852,3,time0,TIME0,0.9281758629835716,3
0.0014764248925679684,False,192,time0,0.8434262456169109,0,time0,TIME0,0.8977103109385933,1
0.002587677553151091,False,192,time1,0.7507117640039243,2,time1,TIME1,0.8370569594589479,4
0.003112425624418136,False,192,time1,0.6254422978342533,1,time1,TIME1,0.7554481446237182,8
0.00032795392289966524,False,193,time0,0.8979396757304232,4,time0,TIME0,0.9335460053517602,5
0.0006016598204672066,False,193,goleiro_time0,0.8803512750989141,5,goleiro0,GOL-TIME0,0.9220177478771306,2
0.0014144313528707594,False,193,time0,0.8408516656551921,3,time0,TIME0,0.89605853170237,3
0.0016534020373655328,False,193,time0,0.8217058566912839,0,time0,TIME0,0.8835301161362566,1
0.0032736563537182103,False,193,time1,0.7226342476623874,2,time1,TIME1,0.8185664812567504,4
0.003308609741362464,False,193,time1,0.5925221195943762,1,time1,TIME1,0.7339813643268677,8
0.00036313271447860394,False,194,goleiro_time0,0.9317973347229228,5,goleiro0,GOL-TIME0,0.9555411711198323,2
0.0004833696822029934,False,194,time0,0.9161400949832118,4,time0,TIME0,0.9453218823503167,5
0.0015829517154292165,False,194,time0,0.8382017071454411,3,time0,TIME0,0.8942770765441366,3
0.002144317804974069,False,194,time1,0.8176919524463582,2,time1,TIME1,0.880749257858392,4
0.0018248873012858742,False,194,time0,0.8017559973872602,0,time0,TIME0,0.870502687746269,1
0.002227037142610658,False,194,time1,0.6654935446338169,1,time1,TIME1,0.7817913410120673,8
0.00036296651522358986,False,195,goleiro_time0,0.9337259046743593,5,goleiro0,GOL-TIME0,0.9567947997580053,2
0.0005708866789202207,False,195,time0,0.8849301527683604,4,time0,TIME0,0.9250047889618122,5
0.0010229949712153442,False,195,time0,0.8795124599647153,0,time0,TIME0,0.9213250507371396,1
0.0006998716073404188,False,195,time1,0.868294845877882,1,time1,TIME1,0.9141466947580541,8
0.0019521894368828682,False,195,time0,0.8112000770759897,3,time0,TIME0,0.8765967837964843,3
0.002137138971219029,False,195,time1,0.7965408584795143,2,time1,TIME1,0.8670035593717575,4
0.00018440503645635246,False,196,goleiro_time0,0.9665347399925392,5,goleiro0,GOL-TIME0,0.9781830392323908,2
0.0006686735821668324,False,196,time0,0.8718536310230682,4,time0,TIME0,0.9164708244112358,5
0.0012369291280092767,False,196,time0,0.8505742156960759,0,time0,TIME0,0.9024403150076461,1
0.0012668873047111632,False,196,time1,0.8216956785551186,1,time1,TIME1,0.8836587805041782,8
0.002106921957948436,False,196,time0,0.7824923362825197,3,time0,TIME0,0.8578825958983558,3
0.003298882113171555,False,196,time1,0.706589920830898,2,time1,TIME1,0.8081288398004737,4
0.00015769053550777331,False,197,goleiro_time0,0.9594476218820351,5,goleiro0,GOL-TIME0,0.9735857625358952,2
0.00038664749927536226,False,197,time0,0.9397228571676547,4,time0,TIME0,0.9606845305342291,5
0.0012124766313901581,False,197,time0,0.8634251881051237,0,time0,TIME0,0.9108020054473438,1
0.002720214457957295,False,197,time0,0.7115370360757176,3,time0,TIME0,0.8115469983889314,3
0.00412969351947352,False,197,time1,0.6199206916169682,2,time1,TIME1,0.7515030568192136,4
0.011783871348918387,False,197,time1,0.15272570114863707,1,time1,TIME1,0.44514735077449263,0
0.00018912205642958993,False,198,goleiro_time0,0.9674619949749967,5,goleiro0,GOL-TIME0,0.9787841040139975,2
0.0010003633609396215,False,198,time0,0.883185344857385,0,time0,TIME0,0.9237203469809714,1
0.0006569007798100556,False,198,time0,0.8607174989273922,4,time0,TIME0,0.9092364590298714,5
0.0007787435539811279,False,198,time1,0.7522130935075121,1,time1,TIME1,0.8386659505359895,0
0.002269593689580446,False,198,time0,0.7403680116703008,3,time0,TIME0,0.8304448497943423,3
0.0013206912188471964,False,198,time1,0.6561633714633408,2,time1,TIME1,0.776043949524575,4
0.0002668936559421508,False,199,goleiro_time0,0.9492812046316108,5,goleiro0,GOL-TIME0,0.9669393702309673,2
0.0011913538018971331,False,199,time0,0.8668244682677997,0,time0,TIME0,0.9130189305434058,1
0.001400812754575284,False,199,time1,0.8559386484620151,1,time1,TIME1,0.9058698370362084,0
0.0017187174314033436,False,199,time0,0.775278695825372,3,time0,TIME0,0.8533296011855007,3
0.0014201274822829909,False,199,time0,0.7560925122548212,4,time0,TIME0,0.8409630883468346,5
0.0042243102074433995,False,199,time1,0.5512483647614888,2,time1,TIME1,0.7068329285223625,4
0.0003089972642828892,False,200,goleiro_time0,0.9510001673912811,5,goleiro0,GOL-TIME0,0.9680419597618337,2
0.0009329710850026148,False,200,time0,0.8850980526260774,3,time0,TIME0,0.9249871943271994,3
0.0013506156077884481,False,200,time1,0.8625049908818554,2,time1,TIME1,0.91015552861048,4
0.0013696250280734825,False,200,time0,0.8400982341228975,0,time0,TIME0,0.8955844834200577,1
0.006100562616214808,False,200,time0,0.4636806753617811,4,time0,TIME0,0.6492572420694824,5
0.007630088881012999,False,200,time1,0.327659711604514,1,time1,TIME1,0.5603082814345794,0
0.0001049673287298649,False,201,goleiro_time0,0.9500569330294857,5,goleiro0,GOL-TIME0,0.9675002679041103,2
0.0007519455982784284,False,201,time0,0.8987316141564665,0,time0,TIME0,0.9339123682423058,1
0.0014373197704202554,False,201,time0,0.8450172685065689,3,time0,TIME0,0.8987581626096227,3
0.0018658315734313802,False,201,time1,0.8366449202081548,2,time1,TIME1,0.8931661570845997,4
0.001253589740874091,False,201,time0,0.8266723643295226,4,time0,TIME0,0.8868982804048838,5
0.005464984602181052,False,201,time1,0.40431676419454354,1,time1,TIME1,0.61089315211569,0
0.00029113746494359536,False,202,time0,0.9640451157388777,0,time0,TIME0,0.9765274271175404,1
0.00037228666099194926,False,202,goleiro_time0,0.9376433552887017,5,goleiro0,GOL-TIME0,0.9593378806063089,2
0.001421813724907581,False,202,time0,0.8494190358938428,4,time0,TIME0,0.9016247385272802,5
0.0022656107924154136,False,202,time1,0.812488180142729,2,time1,TIME1,0.8773243533154285,4
0.0023709460132919948,False,202,time1,0.7510738321065815,1,time1,TIME1,0.8373681597646259,0
0.0035960891992598033,False,202,time0,0.626797757017281,3,time0,TIME0,0.7561599108414918,3
0.0005515874753187513,False,203,goleiro_time0,0.9158708047338163,5,goleiro0,GOL-TIME0,0.945122967460619,2
0.0007431503803768672,False,203,time1,0.9021140989941631,1,time1,TIME1,0.9361140617130741,0
0.0009470568269916707,False,203,time0,0.8633629843682472,0,time0,TIME0,0.9108544699499136,1
0.0019219178355785772,False,203,time0,0.7632551295262255,3,time0,TIME0,0.8454431629495941,3
0.003279539888517506,False,203,time1,0.7450383836508192,2,time1,TIME1,0.8331271104120513,4
0.0046544269798170475,False,203,time0,0.4166429028535258,4,time0,TIME0,0.6191888374118557,5
0.0002133527891618099,False,204,time0,0.9231830163348758,4,time0,TIME0,0.9499942871414626,5
0.0005885436248647727,False,204,goleiro_time0,0.90859520447232,5,goleiro0,GOL-TIME0,0.9403808926383053,2
0.0015477390853572699,False,204,time1,0.8431572889470277,1,time1,TIME1,0.8975105291356928,0
0.0014316654444836443,False,204,time0,0.8231506233087118,0,time0,TIME0,0.8845468222450934,1
0.0026049941356030026,False,204,time1,0.7966061465197113,2,time1,TIME1,0.8668822472903512,4
0.00200693981417566,False,204,time0,0.7225145747745066,3,time0,TIME0,0.8189320446684678,3
0.00032964138310121534,False,205,time0,0.9581699268761397,4,time0,TIME0,0.9726950779854053,5
0.0009501777811339038,False,205,time1,0.9050237071253904,1,time1,TIME1,0.9379328474081068,0
0.0009881702408698436,False,205,goleiro_time0,0.8402480997799117,5,goleiro0,GOL-TIME0,0.8958154052726381,2
0.0016350981014639616,False,205,time1,0.8391465091698019,2,time1,TIME1,0.8948729466248588,4
0.001534492253893523,False,205,time0,0.8386270042502467,0,time0,TIME0,0.8945704804737977,1
0.0021281311339408607,False,205,time0,0.688456449630545,3,time0,TIME0,0.7967518463629749,3
0.00014015116183840282,False,206,time0,0.9056854600924759,4,time0,TIME0,0.938646496153466,5
0.0005355823754496748,False,206,goleiro_time0,0.9006469915637703,5,goleiro0,GOL-TIME0,0.9352330906850432,2
0.0009543227174993372,False,206,time0,0.8685531448842012,0,time0,TIME0,0.9142255312236061,1
0.0015734620220692038,False,206,time1,0.8585416756381453,2,time1,TIME1,0.9075013774570702,4
0.0019853947898718213,False,206,time1,0.8036313915238731,1,time1,TIME1,0.8716655163140624,0
0.004121698503296421,False,206,time0,0.5652146811595395,3,time0,TIME0,0.7159469482775469,3
0.00034255528336501405,False,207,goleiro_time0,0.9426558735936853,5,goleiro0,GOL-TIME0,0.9626064234867178,2
0.0005343377581348823,False,207,time0,0.9173548504137184,4,time0,TIME0,0.9460936345535699,5
0.0007415138047457625,False,207,time0,0.9051220957445083,0,time0,TIME0,0.9380698324022694,1
0.0018758276773419274,False,207,time1,0.825065153593249,1,time1,TIME1,0.8856358101485421,0
0.002426716314218121,False,207,time1,0.7557445313194294,2,time1,TIME1,0.8403845946476528,4
0.003506909804133449,False,207,time0,0.6058091006641532,3,time0,TIME0,0.7425484970002529,3
0.0005363711116577651,False,208,goleiro_time0,0.898452238008171,5,goleiro0,GOL-TIME0,0.9338062248162309,2
0.0007347449900319384,False,208,time0,0.8850164646560273,0,time0,TIME0,0.9250035412799066,1
0.0007830637706964005,False,208,time0,0.8679834889162694,4,time0,TIME0,0.9139151954758313,5
0.0018039711554817771,False,208,time1,0.8386793300429277,1,time1,TIME1,0.8945101746234845,0
0.0030715996601672246,False,208,time1,0.6472317576711334,2,time1,TIME1,0.7696255826051781,4
0.004063939087476951,False,208,time0,0.5013293783388008,3,time0,TIME0,0.6744417172396036,3
0.00014411679731341084,False,209,goleiro_time0,0.9733009119064594,5,goleiro0,GOL-TIME0,0.9825951518601389,2
0.0004923575309260714,False,209,time0,0.9199227056416154,4,time0,TIME0,0.9477774335312259,5
0.000922501749513688,False,209,time0,0.8757292876478479,0,time0,TIME0,0.9189011613587713,1
0.002643011758596112,False,209,time1,0.7655336889687753,1,time1,TIME1,0.8466718437141953,0
0.0023089731724031024,False,209,time0,0.5910013568537652,3,time0,TIME0,0.7333427413446063,3
0.0036307864898835105,False,209,time1,0.5614340441597485,2,time1,TIME1,0.7136613534323774,4
0.00036481241262703524,False,210,time0,0.9353697292086051,4,time0,TIME0,0.9578626396411738,5
0.0012897458916251439,False,210,time0,0.859109941434507,0,time0,TIME0,0.9079700508703608,1
0.0008603326758047731,False,210,goleiro_time0,0.8509664497409339,5,goleiro0,GOL-TIME0,0.9028270758950754,2
0.003674115183575311,False,210,time1,0.6491896740564882,1,time1,TIME1,0.7706873478224661,0
0.0028175148884760893,False,210,time1,0.642663696926031,2,time1,TIME1,0.7667452727909535,4
0.004779503790590495,False,210,time0,0.36822628629571313,3,time0,TIME0,0.5876742597655069,3
0.0006270137298955713,False,211,time0,0.9080797624519412,4,time0,TIME0,0.9400323907882983,5
0.0006873275714443489,False,211,goleiro_time0,0.8696057368273972,5,goleiro0,GOL-TIME0,0.9150031642878027,2
0.001440442043604195,False,211,time0,0.8514961562097605,0,time0,TIME0,0.9029683468210828,1
0.0020928201845294096,False,211,time0,0.7731042517746467,3,time0,TIME0,0.8517852765889351,3
0.0018738844245140705,False,211,time1,0.7653416741725878,2,time1,TIME1,0.8468162286636021,4
0.007828581523873127,False,211,time1,0.2875725429481009,1,time1,TIME1,0.53418214938291,0
0.0002974372588660259,False,212,goleiro_time0,0.9349739843173712,5,goleiro0,GOL-TIME0,0.9576289867656882,2
0.0006192972851804017,False,212,time0,0.8855552064509171,4,time0,TIME0,0.925394130143283,5
0.0015386384078359162,False,212,time0,0.851348047488671,0,time0,TIME0,0.9028377074248937,1
0.0025141551830804272,False,212,time1,0.7333534949174381,2,time1,TIME1,0.8257998173822566,4
0.0054820895291714505,False,212,time0,0.48350396077684504,3,time0,TIME0,0.6623588431697394,3
0.005092326504117801,False,212,time1,0.47085888338021054,1,time1,TIME1,0.6542759599206955,0
0.0006516272003352516,False,213,time0,0.8914745208224498,4,time0,TIME0,0.9292303690144751,5
0.0005859775306895997,False,213,goleiro_time0,0.8829709271019796,5,goleiro0,GOL-TIME0,0.9237260104805454,2
0.002033694038572553,False,213,time0,0.787978916833817,0,time0,TIME0,0.8614745030284807,1
0.003108070960421375,False,213,time1,0.7429888725295758,2,time1,TIME1,0.8318549423080768,4
0.0021037343414676535,False,213,time1,0.7374995778455518,1,time1,TIME1,0.828638418580095,0
0.0020012068530603946,False,213,time0,0.733412011137154,3,time0,TIME0,0.826017384840579,3
0.0002654189165819542,False,214,goleiro_time0,0.9333356187659735,5,goleiro0,GOL-TIME0,0.9565752555770791,2
0.001473927337829158,False,214,time0,0.8263611738174752,3,time0,TIME0,0.8866188884131186,3
0.0030942545058699304,False,214,time1,0.7757527314932073,2,time1,TIME1,0.8531562863935302,4
0.0021466314041272013,False,214,time0,0.7681718772238811,0,time0,TIME0,0.8485603992040782,1
0.0014329557716668028,False,214,time0,0.7647181717535952,4,time0,TIME0,0.8465652771197535,5
0.0021486609019897114,False,214,time1,0.7565433240305406,1,time1,TIME1,0.841001129304155,0
0.00035476298899212295,False,215,goleiro_time0,0.9274567270720924,5,goleiro0,GOL-TIME0,0.9527227055507128,2
0.0010003774645394059,False,215,time0,0.846225979722518,4,time0,TIME0,0.899696754707048,5
0.0020584189680364295,False,215,time1,0.8386881432344698,2,time1,TIME1,0.8944268464635927,4
0.001520299060737764,False,215,time0,0.8168955582354235,0,time0,TIME0,0.880450008181767,1
0.0025228923124145305,False,215,time1,0.7531132506539173,1,time1,TIME1,0.8386406006157012,0
0.0028593496152382026,False,215,time0,0.6501889626734686,3,time0,TIME0,0.7716220533724212,3
0.00020503028283180155,False,216,goleiro_time0,0.9564535376910582,5,goleiro0,GOL-TIME0,0.9716230389001967,2
0.001047586373072628,False,216,time0,0.8725165878714186,0,time0,TIME0,0.9167691268858467,1
0.0004305811257866952,False,216,time0,0.8546662650147041,4,time0,TIME0,0.9053823688655324,5
0.002556726746832719,False,216,time1,0.8034989164522055,2,time1,TIME1,0.8713794413325421,4
0.002858529780085264,False,216,time1,0.7596818816281611,1,time1,TIME1,0.8427927376352748,0
0.0024198286842859688,False,216,time0,0.6557781160223017,3,time0,TIME0,0.775408835374996,3
0.0004106388386209529,False,217,goleiro_time0,0.9213328230131478,5,goleiro0,GOL-TIME0,0.9487226113650288,2
0.0008552142866599717,False,217,time0,0.8951102017503297,0,time0,TIME0,0.9315223061373833,1
0.00208944100260695,False,217,time1,0.8450844716648055,2,time1,TIME1,0.8985736022312112,4
0.001740309129490642,False,217,time0,0.7341368524685372,3,time0,TIME0,0.8265798459092275,3
0.0034334517627121618,False,217,time1,0.7298065641717357,1,time1,TIME1,0.823172558594679,0
0.0026853745078997964,False,217,time0,0.6677067901025644,4,time0,TIME0,0.7830695324889019,5
0.0010774773801122315,False,218,time0,0.8538394831438915,4,time0,TIME0,0.9046185469604902,5
0.0008747114479821567,False,218,goleiro_time0,0.8380074380381888,5,goleiro0,GOL-TIME0,0.8943986857180288,2
0.0014829557724508962,False,218,time0,0.8264295802529029,0,time0,TIME0,0.8866601926440291,1
0.0011732171813627892,False,218,time0,0.8142490996860836,3,time0,TIME0,0.8788512887824774,3
0.0023414431089083306,False,218,time1,0.8090380272288226,2,time1,TIME1,0.8750552126106168,4
0.0023831179272297224,False,218,time1,0.7690434695671036,1,time1,TIME1,0.8490441639440869,0
0.00024456286327406105,False,219,goleiro_time0,0.9307414986208155,5,goleiro0,GOL-TIME0,0.9548963771013841,2
0.0009518247569015402,False,219,time1,0.8541575284220888,2,time1,TIME1,0.9048692548094421,4
0.0011955463252287459,False,219,time0,0.8290950478027204,4,time0,TIME0,0.8884933398579382,5
0.0016051384027908754,False,219,time0,0.8153313279611725,0,time0,TIME0,0.8794035647337853,1
0.002092704311788734,False,219,time1,0.7887705473381041,1,time1,TIME1,0.8619684092606417,0
0.0022924080378648867,False,219,time0,0.6942424385344101,3,time0,TIME0,0.8004552422341139,3
0.00014862154035356141,False,220,goleiro_time0,0.9691082756618333,5,goleiro0,GOL-TIME0,0.9798683616410679,2
0.00036849951468939337,False,220,time0,0.9040744140883926,4,time0,TIME0,0.9375193943273139,5
0.0015220826080543923,False,220,time0,0.8156482791818099,0,time0,TIME0,0.8796386525553574,1
0.001982722614304025,False,220,time1,0.7892068626888591,2,time1,TIME1,0.862290507832752,4
0.0011454420186850956,False,220,time0,0.782625310174559,3,time0,TIME0,0.8583055469069236,3
0.004040361521368203,False,220,time1,0.5875138488565597,1,time1,TIME1,0.7304698752242849,0
1.9475335303948478e-05,False,221,time0,0.9112098673871037,4,time0,TIME0,0.942279597434261,5
0.0005014992509374452,False,221,goleiro_time0,0.8765805680836006,5,goleiro0,GOL-TIME0,0.9196018445165123,2
0.001578649305776981,False,221,time0,0.8162688246680627,0,time0,TIME0,0.8800222087772188,1
0.002039855586777672,False,221,time1,0.7507742335054723,2,time1,TIME1,0.8372893023231849,4
0.0023291979374235206,False,221,time0,0.6397860816143273,3,time0,TIME0,0.7650457337712145,3
0.0031007963439454965,False,221,time1,0.639481789979615,1,time1,TIME1,0.7645778847663689,0
0.0004841320375769545,False,222,time0,0.9271647241858462,4,time0,TIME0,0.9524876245076481,5
0.0013100365072661385,False,222,time0,0.8320812646289973,0,time0,TIME0,0.8903943092313051,1
0.00092088602488802,False,222,goleiro_time0,0.8213256472106457,5,goleiro0,GOL-TIME0,0.8835393605782089,2
0.0017432901637472434,False,222,time1,0.7469872290152673,2,time1,TIME1,0.8349315473026122,4
0.0016710339722500356,False,222,time0,0.7054977304306134,3,time0,TIME0,0.8079886628896111,3
0.003749279862035265,False,222,time1,0.5595728438610273,1,time1,TIME1,0.7124101005579555,0
0.0008317219509384098,False,223,goleiro_time0,0.8261643614362235,5,goleiro0,GOL-TIME0,0.8867157322507169,2
0.0014314236539923753,False,223,time0,0.806096004945383,0,time0,TIME0,0.8734614049356015,1
0.001315951394672149,False,223,time1,0.801909167949669,1,time1,TIME1,0.8707803761791496,0
0.0018042012775271812,False,223,time0,0.7361768192878221,4,time0,TIME0,0.8278834620899498,5
0.0025794134524658734,False,223,time1,0.6729534426246452,2,time1,TIME1,0.7865169429976563,4
0.01792494234472709,False,223,time1,0.0,3,time1,TIME1,0.3437262701793455,-1
0.0002990980338392068,False,224,goleiro_time0,0.9330029418916143,5,goleiro0,GOL-TIME0,0.9563472279177055,2
0.00021271594567945593,False,224,time1,0.8620658236870423,3,time1,TIME1,0.9102683348155898,-1
0.0012115076430596425,False,224,time0,0.8355054611043893,0,time0,TIME0,0.8926545220427822,1
0.002080764143332357,False,224,time1,0.7587935441201965,2,time1,TIME1,0.8424875362279614,4
0.0014196211731972031,False,224,time0,0.7468210601655244,4,time0,TIME0,0.8349368216969719,5
0.006208756910722516,False,224,time0,0.4649832268647529,1,time0,TIME0,0.6500660325433365,3
0.0005547353176188469,False,225,time0,0.9334731964237016,1,time0,TIME0,0.9565634203142395,3
0.00040101495813349425,False,225,goleiro_time0,0.9137242413393931,5,goleiro0,GOL-TIME0,0.9437804016352588,2
0.0005697429682959724,False,225,time1,0.8466973108965464,2,time1,TIME1,0.9001538420438516,4
0.0012050898963692305,False,225,time0,0.833759309663675,0,time0,TIME0,0.8915217698176594,1
0.000510427083262879,False,225,time1,0.8289122134834487,3,time1,TIME1,0.8886142892850997,0
0.0010349089617670856,False,225,time0,0.7924693815047379,4,time0,TIME0,0.8647428798414611,5
0.0001368437408580121,False,226,goleiro_time0,0.9851626123461753,5,goleiro0,GOL-TIME0,0.9903078027157137,2
0.0007791039060288583,False,226,time0,0.8900995143575897,0,time0,TIME0,0.9282919979653232,1
0.0005775438316803555,False,226,time0,0.8718499020092191,4,time0,TIME0,0.9165002959649042,5
0.001992306365484183,False,226,time0,0.7976653241427054,1,time0,TIME0,0.8677851534648391,3
0.0017832134976119487,False,226,time1,0.7247124986768229,3,time1,TIME1,0.8204389994157707,0
0.0039122330568744845,False,226,time1,0.6099009410835208,2,time1,TIME1,0.7450663301343825,4
0.0005781588602421794,False,227,goleiro_time0,0.8969892134272046,5,goleiro0,GOL-TIME0,0.9328406331265983,2
0.0012527673691024859,False,227,time0,0.8401661486709612,0,time0,TIME0,0.8956695280569389,1
0.0013696488722889455,False,227,time1,0.8310652954690062,2,time1,TIME1,0.8897130649495528,4
0.002294445855836622,False,227,time0,0.7882514248849788,1,time0,TIME0,0.8615603701256934,3
0.0012223855770833322,False,227,time0,0.762202328003013,4,time0,TIME0,0.8450036782499792,5
0.0019231343978909207,False,227,time1,0.7173048856311737,3,time1,TIME1,0.815575078621001,0
0.0003313243788539128,False,228,goleiro_time0,0.9316806939211908,5,goleiro0,GOL-TIME0,0.9554764875161752,2
0.0010946920919585059,False,228,time0,0.8773007664447756,0,time0,TIME0,0.9198623559569187,1
0.0013240544708044318,False,228,time1,0.8508746564232331,2,time1,TIME1,0.90260510761032,4
0.0020227581681785257,False,228,time0,0.7701319075458533,1,time0,TIME0,0.849877774545942,3
0.0005523015334733066,False,228,time0,0.7605897972622055,4,time0,TIME0,0.844190062683718,5
0.002809830760282728,False,228,time1,0.5821820523770227,3,time1,TIME1,0.7274348932789658,0
0.0004575490349400348,False,229,goleiro_time0,0.9276311825657024,5,goleiro0,GOL-TIME0,0.9528001265054775,2
0.000763587105253039,False,229,time1,0.9090726100912969,2,time1,TIME1,0.9406299410725045,4
0.0009480292651235724,False,229,time0,0.8835932871264409,0,time0,TIME0,0.9240038263893933,1
0.000930443699628289,False,229,time0,0.8530824867484685,4,time0,TIME0,0.9041779610916347,5
0.0008598523416941281,False,229,time1,0.7737095818555138,3,time1,TIME1,0.852610279886491,0
0.0020830978325053263,False,229,time0,0.7630152493771795,1,time0,TIME0,0.8452308278537898,3
0.000269806581987563,False,230,goleiro_time0,0.9565244517801472,5,goleiro0,GOL-TIME0,0.9716464613534,2
0.0008371523441791627,False,230,time1,0.8834034364830939,2,time1,TIME1,0.9239192303935484,4
0.001462382577490479,False,230,time0,0.8358230152104453,0,time0,TIME0,0.8927731259846678,1
0.0019843085082941773,False,230,time0,0.7299105136480039,1,time0,TIME0,0.8237473258932995,3
0.0017040685600703755,False,230,time0,0.725262087661874,4,time0,TIME0,0.8208239329841935,5
0.00267033175042033,False,230,time1,0.6456077170302913,3,time1,TIME1,0.7687103999570422,0
0.00022958083244546497,False,231,goleiro_time0,0.9191389743118027,5,goleiro0,GOL-TIME0,0.9473599800113158,2
2.387859774358156e-05,False,231,time0,0.9151889197210413,4,time0,TIME0,0.9448644403094666,5
0.0016096183757497498,False,231,time0,0.8269618952853508,0,time0,TIME0,0.8869618655039656,1
0.0013905779041158673,False,231,time1,0.8240998959455705,2,time1,TIME1,0.8851782300981803,4
0.0022042907757064733,False,231,time1,0.6859584897853682,3,time1,TIME1,0.7951015165889921,0
0.0026098930565007982,False,231,time0,0.6417978036588695,1,time0,TIME0,0.7662551098084899,3
0.0002699595654593258,False,232,goleiro_time0,0.9502165716700859,5,goleiro0,GOL-TIME0,0.9675462857376451,2
0.0006202959012169394,False,232,time0,0.8964701355792838,4,time0,TIME0,0.9324884845611086,5
0.0013625075804901663,False,232,time1,0.8134036333318118,2,time1,TIME1,0.8782354840125062,4
0.002219685412927325,False,232,time0,0.7745979019690628,0,time0,TIME0,0.8527117463853662,1
0.0022939220948144106,False,232,time1,0.6176622067709069,3,time1,TIME1,0.7506775616679044,0
0.0031803274563128228,False,232,time0,0.5579759975609396,1,time0,TIME0,0.7115712838049013,3
0.0004608508499931731,False,233,goleiro_time0,0.9165199039600584,5,goleiro0,GOL-TIME0,0.9455766397765404,2
0.001502916221806289,False,233,time0,0.8230179674929654,0,time0,TIME0,0.8844356581927953,1
0.0013685382391721054,False,233,time1,0.8165924384227462,2,time1,TIME1,0.8803060965910747,4
0.001322097520235777,False,233,time0,0.7749908570280589,1,time0,TIME0,0.8532813229361558,3
0.0013660228266378846,False,233,time1,0.7634581792763698,3,time1,TIME1,0.8457697085403171,0
0.001561743959943245,False,233,time0,0.7597966363371642,4,time0,TIME0,0.8433212032331766,5
7.627337740506122e-05,False,234,goleiro_time0,0.9451250729180322,5,goleiro0,GOL-TIME0,0.9643046017146291,2
0.0003076952179214923,False,234,time0,0.9278834018096732,4,time0,TIME0,0.953016517850015,5
0.0016835501560731497,False,234,time1,0.777485425265657,2,time1,TIME1,0.8547762838680515,4
0.0020972562232529843,False,234,time0,0.7181342615181293,1,time0,TIME0,0.8160532303086455,3
0.0015318141933704209,False,234,time1,0.7149424620830006,3,time1,TIME1,0.8141764653862706,0
0.002814962644238834,False,234,time0,0.6798194353121132,0,time0,TIME0,0.79089739602739,1
9.87422635933427e-05,False,235,goleiro_time0,0.9289150513762482,5,goleiro0,GOL-TIME0,0.9537602236023037,2
0.0009464152653985975,False,235,time0,0.8434579122847738,4,time0,TIME0,0.8979163976422134,5
0.0011325018136857277,False,235,time0,0.8430820951258888,0,time0,TIME0,0.8976069861970377,1
0.0009192180459178269,False,235,time1,0.8181507463405195,3,time1,TIME1,0.8814762588052665,0
0.002062377919521252,False,235,time0,0.7735720667543774,1,time0,TIME0,0.8521000111185129,3
0.002009175082544378,False,235,time1,0.7536394134411406,2,time1,TIME1,0.8391624074578508,4
0.0005522832190865361,False,236,goleiro_time0,0.913083940583335,5,goleiro0,GOL-TIME0,0.9433112622524875,2
0.0009093521212772327,False,236,time0,0.8702409593558453,0,time0,TIME0,0.9153383503388526,1
0.001372688654633858,False,236,time0,0.7781467059216197,4,time0,TIME0,0.8553149178199309,5
0.0020826223687025205,False,236,time1,0.7641656934615438,2,time1,TIME1,0.8459787829209576,4
0.0023639810672228946,False,236,time0,0.7594025020349189,1,time0,TIME0,0.8427842329491693,3
0.0019143678437802884,False,236,time1,0.6696808890264233,3,time1,TIME1,0.784622549121852,0
0.00016711425141627652,False,237,goleiro_time0,0.9619067193143903,5,goleiro0,GOL-TIME0,0.975180877566358,2
0.0010807213095274054,False,237,time1,0.8776388440203565,2,time1,TIME1,0.9200869961548972,4
0.000893794734602753,False,237,time0,0.8728832579371738,0,time0,TIME0,0.917061289502052,1
0.001999123173023173,False,237,time0,0.8119235891271256,1,time0,TIME0,0.8770506398220734,3
0.00015872679496531833,False,237,time1,0.7629775561698019,3,time1,TIME1,0.8458798571321333,0
0.0017993985452092105,False,237,time0,0.7473906302009926,4,time0,TIME0,0.835174120139822,5
0.0008088817291435729,False,238,time1,0.8983591840651247,2,time1,TIME1,0.9336503610371307,4
0.0006556668670260347,False,238,goleiro_time0,0.8881108965595695,5,goleiro0,GOL-TIME0,0.9270425993602611,2
0.0009465282971263665,False,238,time1,0.8634518409548578,3,time1,TIME1,0.9109124117166634,0
0.0016447372523957912,False,238,time0,0.828597178109415,1,time0,TIME0,0.8880125077327812,3
0.0014528914636240129,False,238,time0,0.8079109370308232,0,time0,TIME0,0.8746335970577667,1
0.001988669057246244,False,238,time0,0.689215796369392,4,time0,TIME0,0.7972942334700686,5
0.0003523085567706392,False,239,time1,0.9379735055694136,2,time1,TIME1,0.9595594706252492,4
0.0008490020060815274,False,239,time1,0.8924382282168251,3,time1,TIME1,0.9297876976388078,0
0.0006917135880478247,False,239,goleiro_time0,0.8717503546702241,5,goleiro0,GOL-TIME0,0.9163956307798289,2
0.0011183495108228686,False,239,time0,0.8442323625215112,0,time0,TIME0,0.8983596133101943,1
0.002058245260390163,False,239,time0,0.7695688512139034,1,time0,TIME0,0.8494993674479007,3
0.005929578283748681,False,239,time0,0.3898705398857287,4,time0,TIME0,0.6013404985264117,5
0.0005038591687474236,False,240,time1,0.9075637704481307,2,time1,TIME1,0.9397401000822234,4
0.0013476617660839489,False,240,time1,0.8321582277012616,3,time1,TIME1,0.8904311663876906,0
0.0013304998159059328,False,240,time0,0.8087110290213372,0,time0,TIME0,0.8751964939283021,1
0.0010633726642155518,False,240,goleiro_time0,0.8057003994678538,5,goleiro0,GOL-TIME0,0.8733330792216295,2
0.0010460655179850785,False,240,time0,0.7752476852781849,4,time0,TIME0,0.8535448724995254,5
0.003472298149755915,False,240,time1,0.5618139215968868,1,time1,TIME1,0.7139637446855618,-1
0.0001453631268458031,False,241,goleiro_time0,0.9704334710436352,5,goleiro0,GOL-TIME0,0.9807308790839668,2
0.0007621306295472395,False,241,time1,0.8944402083010123,2,time1,TIME1,0.9311193896753165,4
0.0011286138875235608,False,241,time0,0.8491797300884387,0,time0,TIME0,0.9015718096968519,1
0.0016837737843747682,False,241,time1,0.7730010232908208,3,time1,TIME1,0.8518613443145022,0
0.0012590234824514832,False,241,time0,0.6966892701593795,4,time0,TIME0,0.8024073673847387,5
0.0023263427194527664,False,241,time1,0.6250509583875695,1,time1,TIME1,0.7554689030001117,-1
4.927168683263352e-05,False,242,goleiro_time0,0.9647743222990841,5,goleiro0,GOL-TIME0,0.9770860644040134,2
0.0008785708625505146,False,242,time1,0.8784214798606947,2,time1,TIME1,0.9206664621075589,4
0.000931048125124088,False,242,time0,0.8677394874367715,0,time0,TIME0,0.9137047999901081,1
0.000652661024638877,False,242,time0,0.8251565558953646,4,time0,TIME0,0.8861233299733634,5
0.0019348919298033266,False,242,time0,0.6711764235560574,1,time0,TIME0,0.7855874631360062,11
0.004783413836067432,False,242,time1,0.4277708441740082,3,time1,TIME1,0.6263768538704817,0
0.0002953878992793589,False,243,goleiro_time0,0.9146549860582012,5,goleiro0,GOL-TIME0,0.9444223551730829,2
0.0010385850295382454,False,243,time1,0.852543239793824,2,time1,TIME1,0.9037896011056472,4
0.0008014994585714979,False,243,time0,0.806978059484392,4,time0,TIME0,0.8742552138543547,5
0.0013213591612743988,False,243,time0,0.759623195189353,1,time0,TIME0,0.8432926011666334,11
0.0018850573165562741,False,243,time0,0.7395427206064865,0,time0,TIME0,0.8300429983334215,1
0.0020725189150900165,False,243,time1,0.6675713927823532,3,time1,TIME1,0.7831960236882481,0
0.00011785920480209374,False,244,goleiro_time0,0.9717484822298665,5,goleiro0,GOL-TIME0,0.9815952627277325,2
0.0007513018551933021,False,244,time0,0.8934415284592707,0,time0,TIME0,0.9304740378492083,1
0.00032900550353395455,False,244,time0,0.8885779065716068,4,time0,TIME0,0.9274604873453075,5
0.001299096375352752,False,244,time1,0.8119013530369948,2,time1,TIME1,0.8772811957426732,4
0.001992345125017404,False,244,time0,0.7145561161554088,1,time0,TIME0,0.8137641547072596,11
0.0021581912827131314,False,244,time1,0.6483208697911678,3,time1,TIME1,0.7706531984153095,0
0.0006586475968883964,False,245,goleiro_time0,0.8864898519408762,5,goleiro0,GOL-TIME0,0.9259878771026586,2
0.0011291660586748345,False,245,time1,0.828838477641892,2,time1,TIME1,0.8883498023466936,4
0.001272552791769906,False,245,time0,0.8116111155808489,0,time0,TIME0,0.8771018316504323,1
0.001838699900176946,False,245,time0,0.7583356783086804,1,time0,TIME0,0.8422746459355803,11
0.0015305347229151538,False,245,time1,0.7104433313832148,4,time1,TIME1,0.8112524782460693,-1
0.0016214165950255625,False,245,time1,0.6943711575379906,3,time1,TIME1,0.800773756591435,0
0.000645140001025757,False,246,goleiro_time0,0.8828794558531549,5,goleiro0,GOL-TIME0,0.9236458473041916,2
0.0008803669914957278,False,246,time1,0.8667683899330606,2,time1,TIME1,0.9130913250094659,4
0.0012666165967670988,False,246,time0,0.8117808724617711,0,time0,TIME0,0.8772142512912827,1
0.0009179532878508242,False,246,time1,0.8007193153016066,4,time1,TIME1,0.8701462712952964,-1
0.002219300049819545,False,246,time0,0.7217566526936409,1,time0,TIME0,0.8183650692334297,11
0.0024038510306308614,False,246,time1,0.6531473539872299,3,time1,TIME1,0.7737044322309786,0
0.0003041649042588964,False,247,goleiro_time0,0.9358468091314913,5,goleiro0,GOL-TIME0,0.9581939682189788,2
0.0010850430989462513,False,247,time1,0.8333962053193175,2,time1,TIME1,0.8913277683729252,4
0.0013126086385937372,False,247,time0,0.8111816270204456,0,time0,TIME0,0.8768086445397818,1
0.0011518223248839935,False,247,time1,0.7972966842831788,3,time1,TIME1,0.8678397069703568,0
0.0020857450477454464,False,247,time0,0.739151998302364,1,time0,TIME0,0.8297187881298258,11
0.0014026968534558433,False,247,time1,0.6807273330207337,4,time1,TIME1,0.7919818225647675,-1
0.0002896409106628688,False,248,goleiro_time0,0.9374751250902145,5,goleiro0,GOL-TIME0,0.9592574569899075,2
0.0005525734082619575,False,248,time0,0.916996492328821,0,time0,TIME0,0.945854319320842,1
0.000503436415880503,False,248,time1,0.9101197094416458,3,time1,TIME1,0.9414016083915115,0
0.0006510890313190155,False,248,time1,0.9028226216853924,2,time1,TIME1,0.9366068229345434,4
0.001811442410636665,False,248,time0,0.7561742637567981,1,time0,TIME0,0.8408792665981959,11
0.007709845042188397,False,248,time0,0.2747822211579243,4,time0,TIME0,0.5259099979878847,5
0.0001729034493673734,False,249,goleiro_time0,0.9688428053917824,5,goleiro0,GOL-TIME0,0.97968730729738,2
0.000755501734719047,False,249,time1,0.9156523254342513,3,time1,TIME1,0.9449095859251117,0
0.0006923128388415446,False,249,time0,0.8987646562159218,4,time0,TIME0,0.9339547170467546,5
0.0007456641187427684,False,249,time1,0.8884136399969231,2,time1,TIME1,0.9272078835564401,4
0.0011079904675135514,False,249,time0,0.8537460913544376,0,time0,TIME0,0.9045471627167546,1
0.002651365757046862,False,249,time0,0.6311036429774822,1,time0,TIME0,0.759289389920397,11
0.0005355759831706358,False,250,time1,0.917477681905934,2,time1,TIME1,0.9461730416447474,4
0.0005933142943228019,False,250,goleiro_time0,0.8801611470230503,5,goleiro0,GOL-TIME0,0.9218970855619697,2
0.0007843183822887382,False,250,time0,0.8673274926717406,4,time0,TIME0,0.9134883588028303,5
0.0021149092628047904,False,250,time1,0.8015026355211011,3,time1,TIME1,0.870236494846734,0
0.0023481424202706986,False,250,time0,0.7869913431784705,0,time0,TIME0,0.8607225232189111,1
0.0020534506452519244,False,250,time0,0.652837074992249,1,time0,TIME0,0.7736253910191235,11
0.00047736504922857016,False,251,goleiro_time0,0.9140241597975135,5,goleiro0,GOL-TIME0,0.9439486261011537,2
0.0005701654167686531,False,251,time0,0.9090547736579964,4,time0,TIME0,0.9406860449818286,5
0.0011631753168515025,False,251,time1,0.8432541871954835,3,time1,TIME1,0.8977081103161662,0
0.0011584405659137878,False,251,time1,0.8369807511281389,2,time1,TIME1,0.8936320340352204,4
0.002654078518513319,False,251,time0,0.7520165117483694,0,time0,TIME0,0.8378818051549604,1
0.0019820101288530426,False,251,time0,0.6562305319497513,1,time0,TIME0,0.7758561422222399,11
0.0007444858593722855,False,252,time1,0.8977972692713073,2,time1,TIME1,0.9333076549755694,4
0.0008984505459675734,False,252,time0,0.8777536851903363,0,time0,TIME0,0.92022543768263,1
0.000819334120019809,False,252,goleiro_time0,0.852531174449964,5,goleiro0,GOL-TIME0,0.9038584964504697,2
0.001047596215153053,False,252,time0,0.8321097168312312,4,time0,TIME0,0.8905046572649968,5
0.0015160001008869145,False,252,time0,0.7364192746522982,1,time0,TIME0,0.8281419284886834,11
0.0038190027832028417,False,252,time1,0.5321161172710169,3,time1,TIME1,0.6945388252520399,0
0.00022630755435232227,False,253,time1,0.9655188817433974,2,time1,TIME1,0.977508065489185,4
0.0008425542258261066,False,253,goleiro_time0,0.8349628539669182,5,goleiro0,GOL-TIME0,0.8924309610994576,2
0.0007093957987142929,False,253,time1,0.8196171010825263,3,time1,TIME1,0.882502827174092,0
0.0013440579412124045,False,253,time0,0.810165782961839,4,time0,TIME0,0.876137338645771,5
0.0016987307026785682,False,253,time0,0.7774514761665663,0,time0,TIME0,0.8547489037623306,1
0.0014625019000325402,False,253,time0,0.7745794809854805,1,time0,TIME0,0.852964786975551,11
0.0001801868932762105,False,254,goleiro_time0,0.9536838904785465,5,goleiro0,GOL-TIME0,0.9698314633984085,2
0.0010310140345373999,False,254,time1,0.8648699760288925,2,time1,TIME1,0.9118046295066919,4
0.001238500309611165,False,254,time0,0.8425093395846044,0,time0,TIME0,0.8971975956216289,1
0.0012691783786905391,False,254,time0,0.838334905424371,4,time0,TIME0,0.8944734760932994,5
0.001977643289086684,False,254,time0,0.745804537973989,1,time0,TIME0,0.8340807745319125,11
0.0018357377383632215,False,254,time1,0.5984633785803707,3,time1,TIME1,0.7383586878688139,0
0.0002694437186873529,False,255,time0,0.9051812941716505,4,time0,TIME0,0.9382735359100323,5
0.0007277816166664113,False,255,time1,0.8982871371358832,2,time1,TIME1,0.9336319155724908,4
0.0008615621241399413,False,255,goleiro_time0,0.8622151988543616,5,goleiro0,GOL-TIME0,0.910138332511886,2
0.0018794854814586902,False,255,time0,0.748077686906309,0,time0,TIME0,0.8355926765705903,1
0.0037806280043015217,False,255,time0,0.5906845484542382,1,time0,TIME0,0.7326217366937493,11
0.002779407164787954,False,255,time1,0.5083559363548995,3,time1,TIME1,0.6794585661230088,0
0.0006437079783239004,False,256,time1,0.9097465449823254,2,time1,TIME1,0.9411099564460981,4
0.0008712065512385968,False,256,time0,0.8640060055965947,0,time0,TIME0,0.9112989813448531,1
0.0006783039563980766,False,256,goleiro_time0,0.8635990814094352,5,goleiro0,GOL-TIME0,0.9111019965313936,2
0.0010703799210840055,False,256,time1,0.7763718602493921,3,time1,TIME1,0.8542670761897253,0
0.002030800872786551,False,256,time0,0.7520539553231593,4,time0,TIME0,0.8381242906545783,5
0.003756591817537911,False,256,time0,0.5591842895586414,1,time0,TIME0,0.7121549810769786,11
0.0003387730581026708,False,257,goleiro_time0,0.9306156642655986,5,goleiro0,GOL-TIME0,0.9547816112023032,2
0.0005180733143733663,False,257,time0,0.9206109367491294,0,time0,TIME0,0.9482157832269034,1
0.0007733349249285316,False,257,time1,0.915467317667416,2,time1,TIME1,0.9447830892600955,4
0.0008766994467632866,False,257,time1,0.8524930455847531,3,time1,TIME1,0.9038136348237225,0
0.0022157528422766318,False,257,time0,0.7547399390450269,4,time0,TIME0,0.8398054468844707,5
0.0036479072453743863,False,257,time0,0.3660239530592039,1,time0,TIME0,0.5866388019526014,11
0.0004302070759981669,False,258,time0,0.9324982214457141,0,time0,TIME0,0.9559732714631148,1
0.00035427780993982534,False,258,goleiro_time0,0.9245439879765129,5,goleiro0,GOL-TIME0,0.9508295949512544,2
0.0010620397218387998,False,258,time0,0.8757593357627983,4,time0,TIME0,0.9188718543431753,5
0.0016251106220568797,False,258,time0,0.8631331102244804,1,time0,TIME0,0.9104677329281923,11
0.001392060912852916,False,258,time1,0.8107499800372905,2,time1,TIME1,0.8765002657047403,4
0.0013361682454423286,False,258,time1,0.7714275007904384,3,time1,TIME1,0.8509602166278801,0
0.00044544560970629634,False,259,time0,0.931931245910958,0,time0,TIME0,0.9555994038787254,1
0.0007631184903206321,False,259,time0,0.9193602570084051,1,time0,TIME0,0.9473170755838511,11
0.00043600791702894196,False,259,time0,0.9059890610335423,4,time0,TIME0,0.9387402869008423,5
0.0008746109978829724,False,259,time1,0.8702542543165621,2,time1,TIME1,0.9153591514565064,4
0.0012913506580581736,False,259,time1,0.8152808314946656,3,time1,TIME1,0.8794805677412122,0
0.003447455115326937,False,259,goleiro_time0,0.6532959806200362,5,goleiro0,GOL-TIME0,0.7734357781126591,2
0.0005858794650119617,False,260,time0,0.9182145687444573,4,time0,TIME0,0.946634411871143,5
0.0005254283416609656,False,260,time1,0.9178325183543066,2,time1,TIME1,0.9464072370107179,4
0.0008308096814012722,False,260,time1,0.8511212640386283,3,time1,TIME1,0.902938038236618,0
0.0013412543687976951,False,260,time0,0.8496189051007094,1,time0,TIME0,0.901782849286382,11
0.0011545890655956686,False,260,time0,0.8417554915690709,0,time0,TIME0,0.8967369633469378,1
0.0032698776036234395,False,260,goleiro_time0,0.7036313145407178,5,goleiro0,GOL-TIME0,0.8062158972901984,2
0.00048469075320438734,False,261,time0,0.9224401363663802,4,time0,TIME0,0.9494164468745256,5
0.0008065043086647972,False,261,time1,0.8778982300050885,2,time1,TIME1,0.9203515729952748,4
0.0008873531436968779,False,261,time1,0.8498390632044881,3,time1,TIME1,0.9020848174826233,0
0.0011868607399859409,False,261,time0,0.8351616577800183,0,time0,TIME0,0.8924396762980168,1
0.0019814784535805924,False,261,time0,0.8021653666092525,1,time0,TIME0,0.8707139708372609,11
0.002864118864189779,False,261,goleiro_time0,0.7572568021197803,5,goleiro0,GOL-TIME0,0.8412144797753908,2
0.0006468859049213779,False,262,time0,0.8995491370188435,4,time0,TIME0,0.9344805289955258,5
0.0006347177451792762,False,262,time1,0.8930011766459579,3,time1,TIME1,0.9302286136090598,0
0.0008707568594814403,False,262,time0,0.8724998300648514,0,time0,TIME0,0.916820124641335,1
0.0008962307002403463,False,262,time1,0.8469491957388164,2,time1,TIME1,0.9002032964851465,4
0.0021109742570001775,False,262,goleiro_time0,0.6654032921841843,5,goleiro0,GOL-TIME0,0.7817732989297697,2
0.01420702726517653,False,262,time0,0.10531812537813015,1,time0,TIME0,0.4134843219529728,3
0.00048480911183135554,False,263,time0,0.9289684842446552,0,time0,TIME0,0.953659831569885,1
0.00038747753163533943,False,263,goleiro_time0,0.9232769176505417,5,goleiro0,GOL-TIME0,0.9499943793367798,2
0.0005304182257041337,False,263,time0,0.9020231017475624,4,time0,TIME0,0.9361293697569191,5
0.0005616830146810164,False,263,time1,0.8903279838615789,3,time1,TIME1,0.9285166004548879,0
0.0010657993965612,False,263,time1,0.8418832636405321,2,time1,TIME1,0.8968510915775495,4
0.0009212770700216124,False,263,time0,0.7994126115263774,1,time0,TIME0,0.8692957505176377,3
0.00033782971498687124,False,264,time0,0.9587968586126983,4,time0,TIME0,0.9730997176980085,5
0.00033988990593524323,False,264,goleiro_time0,0.9049687195522674,5,goleiro0,GOL-TIME0,0.9381107062418965,2
0.0008414716984440888,False,264,time1,0.8666697274654807,3,time1,TIME1,0.913040807758107,0
0.0009625254320128309,False,264,time0,0.8375477077666175,1,time0,TIME0,0.8940691261470969,3
0.0012717780069644803,False,264,time0,0.8145714175659909,0,time0,TIME0,0.8790262991154566,1
0.0013696528294140648,False,264,time1,0.8119164214464799,2,time1,TIME1,0.8772662954499171,4
0.0003552125285521595,False,265,goleiro_time0,0.9414073272290905,5,goleiro0,GOL-TIME0,0.9617904383139155,2
0.00040069346708373105,False,265,time0,0.9294621365667555,1,time0,TIME0,0.9540101460549117,3
0.00022912535719774935,False,265,time1,0.8982606770577675,3,time1,TIME1,0.9337892462125296,0
0.0013361593165446234,False,265,time1,0.8350486248293606,2,time1,TIME1,0.8923139503782938,4
0.0011051946064195876,False,265,time0,0.8302165719066203,0,time0,TIME0,0.8892539536270564,1
0.0014235195502282749,False,265,time0,0.7839686876103722,4,time0,TIME0,0.8590814151041621,5
0.00017599984904091703,False,266,time1,0.9558316338274138,3,time1,TIME1,0.9712289620406547,0
0.00040525136496803336,False,266,time0,0.94126859461699,1,time0,TIME0,0.9616827485233047,3
0.0004364062168919198,False,266,goleiro_time0,0.9337245301265256,5,goleiro0,GOL-TIME0,0.9567682024063295,2
0.0006514637913607704,False,266,time1,0.920540425675249,2,time1,TIME1,0.9481232643619356,4
0.0006871940945701297,False,266,time0,0.8980678996875063,0,time0,TIME0,0.9335036168637796,1
0.0008327324383503055,False,266,time0,0.8739772681297868,4,time0,TIME0,0.9177937679309388,5
0.0001530539136631633,False,267,time0,0.9759776134081829,1,time0,TIME0,0.9843318798455367,3
0.0003361190447245248,False,267,time1,0.9540372257476049,2,time1,TIME1,0.9700065550702897,4
0.0005029203154466635,False,267,goleiro_time0,0.9380478392981428,5,goleiro0,GOL-TIME0,0.9595550734333866,2
0.0006715355982756126,False,267,time0,0.8937076112349228,0,time0,TIME0,0.9306749098433034,1
0.000531337749970657,False,267,time1,0.8861038144910758,3,time1,TIME1,0.9257815112067095,0
0.0010225869814690612,False,267,time0,0.8395227835983529,4,time0,TIME0,0.8953319038954153,5
0.0002447422275799531,False,268,time0,0.9501408830547278,1,time0,TIME0,0.9675059142059201,3
0.0002451003727694439,False,268,time1,0.9486605622948664,3,time1,TIME1,0.9665435803611938,0
0.00027825245676640545,False,268,goleiro_time0,0.9474692380330325,5,goleiro0,GOL-TIME0,0.9657576163616028,2
0.000489605553335034,False,268,time1,0.9400994708443607,2,time1,TIME1,0.9608932941051673,4
0.0007374793634894319,False,268,time0,0.8818447282379072,0,time0,TIME0,0.9229409555774184,1
0.0015450886232452566,False,268,time0,0.8311508301958135,4,time0,TIME0,0.8897072586091429,5
0.0001467432249635611,False,269,time0,0.9792735857265442,1,time0,TIME0,0.9864764705935165,3
0.00014368595263294473,False,269,time1,0.9546080878008506,3,time1,TIME1,0.9704449669871313,0
0.0004748266041968595,False,269,time1,0.9472254223723547,2,time1,TIME1,0.9655303352305618,4
0.0008154806411391301,False,269,goleiro_time0,0.9027686084969024,5,goleiro0,GOL-TIME0,0.9365141772985879,2
0.0007123459876879127,False,269,time0,0.871940010966925,0,time0,TIME0,0.9165116860328105,1
0.00454410923109143,False,269,time0,0.628128147319622,4,time0,TIME0,0.7566928575268723,5
8.114679260216761e-05,False,270,time1,0.9805744848979558,2,time1,TIME1,0.9873450138062605,4
0.00021294614382342001,False,270,time0,0.9589551748196146,1,time0,TIME0,0.9732463324824113,3
0.0003080522723649566,False,270,time1,0.9103542860970103,3,time1,TIME1,0.941622467667729,0
0.000932934963552807,False,270,goleiro_time0,0.8821370204731446,5,goleiro0,GOL-TIME0,0.9230625360703005,2
0.0007177016521427572,False,270,time0,0.8819460871291054,0,time0,TIME0,0.9230137610556686,1
0.0008764370589284475,False,270,time0,0.8656161229060114,4,time0,TIME0,0.9123437269182825,5
0.0001417666581683908,False,271,time0,0.977630600147197,1,time0,TIME0,0.985410271765319,3
0.0003147068885064251,False,271,time1,0.9431394237630608,2,time1,TIME1,0.9629304780350123,4
0.00021806719641782112,False,271,goleiro_time0,0.9247572145273603,5,goleiro0,GOL-TIME0,0.951015865924038,2
0.00027290343825246656,False,271,time1,0.8920457539766197,3,time1,TIME1,0.9297342238814144,0
0.0007255798823964615,False,271,time0,0.8812541995225298,0,time0,TIME0,0.9225612767308056,1
0.0037978839108349363,False,271,time0,0.6195911689789186,4,time0,TIME0,0.7514050004675049,5
0.00027373202473980396,False,272,time0,0.9615624529949136,1,time0,TIME0,0.9749197882380349,3
0.0002635124700909449,False,272,goleiro_time0,0.957056576644395,5,goleiro0,GOL-TIME0,0.9719945454543248,2
0.0001705286542889172,False,272,time0,0.9440830328878552,4,time0,TIME0,0.9635942863481047,5
0.000264411397013898,False,272,time1,0.9318178987446293,3,time1,TIME1,0.9555890901950541,0
0.0006672203026005524,False,272,time1,0.9188574348711122,2,time1,TIME1,0.9470238055603127,4
0.00047955131012465576,False,272,time0,0.9008468804759745,0,time0,TIME0,0.9353826293508398,1
6.978808055956626e-05,False,273,time0,0.9786441700921372,1,time0,TIME0,0.9860942847316934,3
0.0004509447960452784,False,273,time1,0.943603263383624,2,time1,TIME1,0.9631842905207397,4
0.0006775551973001668,False,273,time0,0.9019373740257294,0,time0,TIME0,0.936022148797669,1
0.0008911716679723356,False,273,time0,0.8683757618889693,4,time0,TIME0,0.9141323351440396,5
0.00068879505607516,False,273,time1,0.8568180378274177,3,time1,TIME1,0.9066906463181953,0
0.0010831399246933214,False,273,goleiro_time0,0.8381054542116233,5,goleiro0,GOL-TIME0,0.8943894462639124,2
2.1401559493621318e-05,False,274,time0,0.9957937246766321,1,time0,TIME0,0.997258430493988,3
0.0002969870597851361,False,274,time1,0.9674779168004964,3,time1,TIME1,0.978756700449398,0
0.0006211993940534918,False,274,time0,0.9136694639191387,0,time0,TIME0,0.9436677317595215,1
0.0006362739607310334,False,274,time0,0.91075994564641,4,time0,TIME0,0.9417712687839106,5
0.001142286870923241,False,274,time1,0.8632160711311408,2,time1,TIME1,0.9106906458304185,4
0.0013000822068312114,False,274,goleiro_time0,0.7812557901355442,5,goleiro0,GOL-TIME0,0.8573612348157129,2
0.0004647289340749148,False,275,time0,0.950214995129574,1,time0,TIME0,0.9674770917072968,3
0.0004645173293457744,False,275,time0,0.9392381548670449,0,time0,TIME0,0.960342219598308,1
0.00026618847595292745,False,275,goleiro_time0,0.9371759652887847,5,goleiro0,GOL-TIME0,0.9590712114711264,2
0.0006892249114743463,False,275,time1,0.8750757838983085,3,time1,TIME1,0.9185580308148844,0
0.0013136815268248233,False,275,time1,0.837657234479351,2,time1,TIME1,0.8940174138771895,4
0.004803691362756109,False,275,time0,0.6286384594742083,4,time0,TIME0,0.7569337066812707,5
4.182619421107503e-05,False,276,time0,0.9840940853253097,1,time0,TIME0,0.9896465162934773,3
0.00027838157065651864,False,276,time0,0.9565256786892539,0,time0,TIME0,0.9716442575982852,1
0.0002968002378203653,False,276,time1,0.9358497921407414,3,time1,TIME1,0.9581984848082448,0
0.0008899070113700795,False,276,time1,0.8781635986657229,2,time1,TIME1,0.9204948716787404,4
0.0006905403004499278,False,276,goleiro_time0,0.8708036114201845,5,goleiro0,GOL-TIME0,0.9157806583179624,2
0.001501256055621588,False,276,time0,0.792347681576911,4,time0,TIME0,0.8645005534055246,5
0.00020122705436690153,False,277,time0,0.9704270145107294,0,time0,TIME0,0.9807071299629457,1
0.0004964179471575445,False,277,time0,0.945902235658175,1,time0,TIME0,0.9646627068963086,3
0.00044073272442148487,False,277,time1,0.9261667622266232,3,time1,TIME1,0.9518541389937576,0
0.0006864261079027296,False,277,time1,0.8990757789741439,2,time1,TIME1,0.9341590071954275,4
0.001030537150228141,False,277,time0,0.8371086928836163,4,time0,TIME0,0.8937599623717707,5
0.21805334465353782,False,277,time0,0.0,5,time0,TIME0,0.2736813293712618,11
3.143281142656309e-05,False,278,time0,0.9782543842979017,1,time0,TIME0,0.9858543483096367,3
0.00015619834421115277,False,278,time0,0.9756834533410219,0,time0,TIME0,0.9841395752511903,1
0.00019591665587215663,False,278,time1,0.9725553477676783,3,time1,TIME1,0.9820924052194356,0
0.00014828977599819985,False,278,time0,0.9396185769074387,4,time0,TIME0,0.9607001735682358,5
0.0006283513903830427,False,278,time1,0.9027443220627697,2,time1,TIME1,0.9365638863541662,4
0.0006644525979737842,False,278,time0,0.8825243710169922,5,time0,TIME0,0.9234082827517541,11
0.00020814535201872894,False,279,time0,0.9578273846668727,1,time0,TIME0,0.9725149491602607,3
0.0004350029087133654,False,279,time0,0.9306913784954017,0,time0,TIME0,0.9547971450039614,1
0.00042583856206348836,False,279,time1,0.9206964566280709,3,time1,TIME1,0.9483036533115239,0
0.0006483550129881354,False,279,time1,0.8975783232508054,2,time1,TIME1,0.9331989858584777,4
0.001003682678661557,False,279,time0,0.8602296369766896,4,time0,TIME0,0.9087979750973167,5
0.0007784706645450105,False,279,time0,0.8531526738922341,5,time0,TIME0,0.9042767732973614,11
6.940547602458595e-05,False,280,time0,0.9859253175590993,0,time0,TIME0,0.9908271644968059,1
5.679346508980678e-05,False,280,time1,0.9729515290155524,3,time1,TIME1,0.9823986161473276,0
0.0004609549020908635,False,280,time0,0.9333500028845536,1,time0,TIME0,0.956516167659228,3
0.0005918764373980129,False,280,time1,0.9101797994700567,2,time1,TIME1,0.9414097129024475,4
0.0007608570440472782,False,280,time0,0.8450698348498495,5,time0,TIME0,0.8990290926869857,11
0.0016038377262035583,False,280,time0,0.7987834424085123,4,time0,TIME0,0.8686478943613618,5
0.0001277739974012937,False,281,time0,0.9804458949357407,0,time0,TIME0,0.987245110809141,1
0.00028692865652014526,False,281,time0,0.957282392546561,1,time0,TIME0,0.9721331301254826,3
0.00039161074882253466,False,281,time1,0.9373679794743707,2,time1,TIME1,0.9591521228962531,4
8.936678148877861e-05,False,281,time0,0.9297195876427007,5,time0,TIME0,0.9542864535942344,11
0.0008256048950246974,False,281,time0,0.9212411652214687,4,time0,TIME0,0.948517795680696,5
0.00017414046950926042,False,281,time1,0.8280841336455816,3,time1,TIME1,0.8881937377052997,0
0.0001447386240132605,False,282,time0,0.9766048681720582,0,time0,TIME0,0.9847425057934331,1
0.000364080978634616,False,282,time1,0.937030181066943,2,time1,TIME1,0.9589421893509908,4
0.0005430455134248306,False,282,time1,0.9256666295460317,3,time1,TIME1,0.9514932432752219,0
0.0006650481960366245,False,282,time0,0.9022442562198799,1,time0,TIME0,0.9362259996743091,3
0.000883940681337517,False,282,time0,0.8730139730962871,4,time0,TIME0,0.9171497032741185,5
0.0014233404649504362,False,282,time0,0.7161440074883244,5,time0,TIME0,0.8149954357046783,11
0.00019818510321302943,False,283,time1,0.9413540791053163,2,time1,TIME1,0.9618107866323311,4
0.0006030677452917336,False,283,time1,0.9104265539859058,3,time1,TIME1,0.9415661863799867,0
0.0008774902629986832,False,283,time0,0.8872339480651087,0,time0,TIME0,0.9263949446502711,1
0.0005870433163884201,False,283,time0,0.8670255938136782,5,time0,TIME0,0.9133611708181548,11
0.0012371227227458866,False,283,time0,0.8308568216431317,1,time0,TIME0,0.8896239411150745,3
0.0025942715441064352,False,283,time0,0.6810739967981647,4,time0,TIME0,0.7917901028783698,5
0.0001320968902492593,False,284,time0,0.9440117246538035,1,time0,TIME0,0.963561387113385,3
0.00043140131606624727,False,284,time1,0.9377916799372532,2,time1,TIME1,0.9594136014985915,4
0.00053471576504853,False,284,time1,0.9296970229606561,3,time1,TIME1,0.9541159144066595,0
0.0005352778290126023,False,284,time0,0.9110022248814312,0,time0,TIME0,0.941964098932776,1
0.0006909327660899731,False,284,time0,0.8517720687617757,5,time0,TIME0,0.9034100182270228,11
0.014430798429158261,False,284,time0,0.1500655000270953,4,time0,TIME0,0.44249179556740653,5
7.409383220689455e-05,False,285,time0,0.9674705504317425,0,time0,TIME0,0.9788299249393602,1
0.0004113917324072888,False,285,time1,0.9435651824977106,2,time1,TIME1,0.9631733815171694,4
0.0006141182201171031,False,285,time1,0.9143342394660322,3,time1,TIME1,0.94410231427588,0
0.0009341725290677073,False,285,time0,0.8603666358404791,1,time0,TIME0,0.9089113529111377,3
0.0012728051345948267,False,285,time1,0.7753658805639831,4,time1,TIME1,0.8535423405694809,-1
0.0018326073479995497,False,285,time0,0.6679679503331442,5,time0,TIME0,0.7835377551447438,11
0.00019036413712571616,False,286,time0,0.9698164885818318,0,time0,TIME0,0.9803140901301967,1
0.0004499805258254822,False,286,time0,0.9322374676976802,1,time0,TIME0,0.9557968608194533,3
0.0005451878908179896,False,286,time1,0.9269370644114087,2,time1,TIME1,0.9523182761056292,4
0.0005216830749325898,False,286,time1,0.8880869540237006,3,time1,TIME1,0.9270739310391789,0
0.00031274230271558493,False,286,time0,0.8778067098991766,5,time0,TIME0,0.9204649016285144,11
0.0015886136512218267,False,286,time1,0.6473002054882087,4,time1,TIME1,0.7701891187894079,-1
0.0001331894880073822,False,287,time0,0.9817906009030548,0,time0,TIME0,0.988117274266183,1
0.0002112046663273717,False,287,time1,0.9620135930420266,2,time1,TIME1,0.9752349138441028,4
0.0003010001680784834,False,287,time0,0.9482023656228927,5,time0,TIME0,0.9662261875960527,11
0.0009579105109409109,False,287,time0,0.8486571567754305,1,time0,TIME0,0.9012918832252006,3
0.00028861007956926965,False,287,time1,0.8089847220983506,3,time1,TIME1,0.8757390558360787,0
0.0016334100324739316,False,287,time1,0.7330585563216733,4,time1,TIME1,0.8259163680977217,-1
4.396166883068856e-05,False,288,time0,0.9962829878937325,0,time0,TIME0,0.9975685555468354,1
7.046977780148658e-05,False,288,time0,0.9925882086267106,1,time0,TIME0,0.9951576711851314,3
3.411324368811827e-05,False,288,time1,0.9923934777043306,3,time1,TIME1,0.9950438208725241,0
0.00011337757035799289,False,288,time1,0.9766832121280721,4,time1,TIME1,0.9848044057336216,-1
0.00026669729629119474,False,288,time1,0.9682290761398908,2,time1,TIME1,0.9792555554372272,4
0.00021348953827410856,False,288,time0,0.9537943890677458,5,time0,TIME0,0.9698916315556387,11
0.0007245885718216829,False,289,time1,0.9125567880024397,2,time1,TIME1,0.9429083062014482,4
0.0007454347069505907,False,289,time0,0.8557755302924372,5,time0,TIME0,0.9059931925426515,11
0.00124983524085377,False,289,time1,0.8405418208168789,3,time1,TIME1,0.8959147411966724,0
0.0017418528141461876,False,289,time0,0.8000646293863718,0,time0,TIME0,0.8694323606161906,1
0.0020781069845470647,False,289,time1,0.6600920032985129,4,time1,TIME1,0.7783324646994418,-1
0.0024445160717935844,False,289,time0,0.5807642344530133,1,time0,TIME0,0.7266411717693309,3
0.00025497002623947753,False,290,time1,0.9577884021016903,3,time1,TIME1,0.9724732218569149,0
0.0005265249219103945,False,290,time1,0.9492750395836691,2,time1,TIME1,0.9668444920067163,4
0.0007377119206887555,False,290,time0,0.9117835345200254,0,time0,TIME0,0.9424010982657753,1
0.0005520521838584121,False,290,time0,0.884241032246874,5,time0,TIME0,0.9245634526961176,11
0.0005671297944783533,False,290,time0,0.8457101343226274,1,time0,TIME0,0.8995130918816403,3
0.001144087768711547,False,290,time1,0.7765757722765064,4,time1,TIME1,0.8543738212606802,-1
7.881607127303789e-06,False,291,time0,0.9967936636494626,5,time0,TIME0,0.9979131228096562,11
5.5460015389321464e-05,False,291,time0,0.9917712427615537,0,time0,TIME0,0.9946318967896236,1
4.572700956683983e-05,False,291,time1,0.9905786117726806,3,time1,TIME1,0.993860093198894,0
0.0001481210781737995,False,291,time0,0.9807003583871508,1,time0,TIME0,0.9874033905742872,3
0.0006344870650777655,False,291,time1,0.9194071437791724,2,time1,TIME1,0.9473925729836848,4
0.01678345095741759,False,291,time0,0.01105329293099243,4,time0,TIME0,0.3513104325700489,5
0.0007865638478644945,False,292,time0,0.9073164379095199,0,time0,TIME0,0.9394803872944354,1
0.0005260606192297202,False,292,time0,0.8593282892924334,5,time0,TIME0,0.9083792668233514,11
0.0012171190494084205,False,292,time0,0.7338002429541541,1,time0,TIME0,0.8265441662529072,3
0.002170433613185035,False,292,time1,0.7217795381581802,2,time1,TIME1,0.8183970480382023,4
0.001477860212874091,False,292,time0,0.7183406740016025,4,time0,TIME0,0.8164041870265357,5
0.15901588862587013,False,292,time1,0.0,3,time1,TIME1,0.2943444389809454,-1
0.0004995304289934323,False,293,time0,0.9380108452388536,0,time0,TIME0,0.9595322137551072,1
0.00039535530529768385,False,293,time1,0.9312322834772412,2,time1,TIME1,0.9551626099033527,4
0.00027259617763342116,False,293,time0,0.9149261368552953,5,time0,TIME0,0.9446065802937702,11
0.0005796329400815229,False,293,time1,0.8657542895763386,3,time1,TIME1,0.9125374166955915,-1
0.0007289846334350771,False,293,time0,0.8628540631246242,1,time0,TIME0,0.9105999964093034,3
0.0015486887953859217,False,293,time0,0.7943449102532504,4,time0,TIME0,0.8657821505862277,5
5.504017963386696e-05,False,294,time0,0.9931190131551427,0,time0,TIME0,0.9955080944879708,1
2.590974757899803e-05,False,294,time1,0.9930686515172628,2,time1,TIME1,0.995485555074568,4
3.4449564444759136e-05,False,294,time0,0.9911749768857433,4,time0,TIME0,0.9942516776281776,5
4.119788962130638e-05,False,294,time0,0.9898527150193049,5,time0,TIME0,0.9933898455011807,11
3.557321358613051e-05,False,294,time1,0.9845817397125382,3,time1,TIME1,0.9899656801883947,-1
0.00020842264248823234,False,294,time0,0.9404605670047566,1,time0,TIME0,0.9612264206282208,3
0.00039748421324572504,False,295,time0,0.9310289395270137,5,time0,TIME0,0.9550296912179228,11
0.0010883869711368762,False,295,time0,0.8848737842846665,0,time0,TIME0,0.9247870243451353,1
0.0013190494177816392,False,295,time1,0.8220431535953752,2,time1,TIME1,0.8838663825407703,4
0.0007591252944838151,False,295,time0,0.8054144544527251,1,time0,TIME0,0.8732537015412019,3
0.0021289732913380628,False,295,time0,0.6121168439128077,4,time0,TIME0,0.7471308078913567,5
0.0025872100035985238,False,295,time1,0.5569495123131749,3,time1,TIME1,0.7111116595023041,-1
7.33768886486064e-05,False,296,time0,0.9852284372983197,0,time0,TIME0,0.9903728023328807,1
0.0005805924414582265,False,296,time1,0.9174733588825865,2,time1,TIME1,0.9461544759191708,4
0.0006276210978690233,False,296,time0,0.9070760705065787,5,time0,TIME0,0.939379778445022,11
0.0004652415339749948,False,296,time0,0.8961023319963568,4,time0,TIME0,0.9323036812607407,5
0.0005875743828723906,False,296,time0,0.8179394591498984,1,time0,TIME0,0.8814549974134287,3
0.0014638905465552037,False,296,time1,0.7204684083174492,3,time1,TIME1,0.8177921037150476,-1
1.6591688179491665e-05,False,297,time1,0.9980470041809686,2,time1,TIME1,0.9987247456267667,4
4.780259858320937e-06,False,297,time0,0.9977448418847724,5,time0,TIME0,0.9985324741341517,11
2.3579730161548183e-05,False,297,time1,0.9951186471671656,3,time1,TIME1,0.9968188677531011,-1
5.203025011988318e-05,False,297,time0,0.9929173358876193,0,time0,TIME0,0.9953780577394107,1
7.641839589421192e-05,False,297,time0,0.9901308543944484,1,time0,TIME0,0.9935583089178284,3
0.0001250173524319104,False,297,time0,0.9799820803553354,4,time0,TIME0,0.9869445961576169,5
0.00028194425157329617,False,298,time0,0.9301762089001723,0,time0,TIME0,0.9545158552970614,1
0.0007864917064296258,False,298,time0,0.8674818159017599,5,time0,TIME0,0.9135879082388936,11
0.0016992244301357712,False,298,time1,0.7849963122744547,2,time1,TIME1,0.859652874427848,4
0.002022933093401752,False,298,time1,0.6554395117054754,3,time1,TIME1,0.7753276560258684,-1
0.0024892873912532665,False,298,time0,0.6011880437107971,4,time0,TIME0,0.7399009778250795,5
0.0001103433178417729,False,299,time0,0.9845066058120616,0,time0,TIME0,0.9898906736165953,1
0.00022355829094325782,False,299,time1,0.9545946251484538,2,time1,TIME1,0.9704082609446649,4
0.00041833925190615164,False,299,time0,0.8998673269864839,5,time0,TIME0,0.9347673438030473,11
0.0006586348630626917,False,299,time1,0.8668021510005607,3,time1,TIME1,0.9131908759482925,-1
0.0010471328256550986,False,299,time0,0.8090897924367447,4,time0,TIME0,0.8755418685949048,5
2.0572050311244055e-05,False,300,time1,0.9945310507465815,2,time1,TIME1,0.996437982767669,4
1.6729174496590217e-05,False,300,time0,0.9925386015231904,4,time0,TIME0,0.9951442357789999,5
5.289803687793448e-05,False,300,time1,0.992234195789582,3,time1,TIME1,0.9949337129503211,13
7.840647077390178e-05,False,300,time0,0.9902115522374226,0,time0,TIME0,0.9936100666895538,1
0.0003089056923490368,False,300,time0,0.9203459655711455,5,time0,TIME0,0.9481167606289224,11
0.0008554738334819045,False,301,time1,0.8676035127880816,2,time1,TIME1,0.9136428674705344,4
0.0012800628064580145,False,301,time0,0.7809185592079146,5,time0,TIME0,0.8571490415028842,11
0.0026271343521106954,False,301,time0,0.7587506490425343,0,time0,TIME0,0.8422684248544086,1
0.002307978006167951,False,301,time0,0.6338326491598817,4,time0,TIME0,0.7611834296517643,5
0.002812200773834998,False,301,time1,0.536681352600469,3,time1,TIME1,0.6978586089194626,13
0.004314830154802505,False,301,time1,0.40116274490081005,1,time1,TIME1,0.6092455936313457,0
0.00018843120833583103,False,302,time1,0.9665942679903793,2,time1,TIME1,0.9782203232708291,4
0.0007202758634976623,False,302,time0,0.9071453409553881,5,time0,TIME0,0.939392375068778,11
0.0010300075042506236,False,302,time0,0.8712062917150616,0,time0,TIME0,0.9159235869883022,1
0.0007444029119418984,False,302,time0,0.860916113631252,4,time0,TIME0,0.9093349328411342,5
0.0011310140361055863,False,302,time1,0.7711340362494757,3,time1,TIME1,0.8508412686495223,13
0.0003126589240600246,False,302,time1,0.6508558843781153,1,time1,TIME1,0.7729468942223539,0
1.7214669437181145e-06,False,303,time0,0.9996361006240407,4,time0,TIME0,0.9997628628921962,5
4.331828483564226e-06,False,303,time1,0.9992673011966924,3,time1,TIME1,0.9995222296378808,13
1.3461679894006619e-05,False,303,time0,0.9986280317349676,5,time0,TIME0,0.9991035090397661,11
1.1879008202253519e-05,False,303,time1,0.9985501390327814,1,time1,TIME1,0.9990534327184372,0
1.0846070129774659e-05,False,303,time1,0.9984140741428783,2,time1,TIME1,0.9989653520683255,4
4.1676127850778445e-05,False,303,time0,0.9952691858657193,0,time0,TIME0,0.9969103841679698,1
0.0014649029617972858,False,304,time1,0.7930385656011455,2,time1,TIME1,0.8649623516041155,4
0.002380039486816336,False,304,time1,0.7746819776010837,1,time1,TIME1,0.8527102716203188,0
0.0016752564276819103,False,304,time0,0.7259040820960077,4,time0,TIME0,0.8212513136127162,5
0.0025500534104454936,False,304,time0,0.71234162600656,0,time0,TIME0,0.8121295382106081,1
0.002517805681735431,False,304,time1,0.5836271723191553,3,time1,TIME1,0.7284764300188435,13
0.21345816375100818,False,304,goleiro_time0,0.0,5,goleiro0,GOL-TIME0,0.2752896426871471,2
0.00022562190632682922,False,305,goleiro_time0,0.9425598600742935,5,goleiro0,GOL-TIME0,0.9625849413810764,2
0.00035334377621453107,False,305,time1,0.9408473533719837,2,time1,TIME1,0.9614271093701143,4
0.0009202080374508992,False,305,time1,0.8871897768881356,1,time1,TIME1,0.9263512821641803,0
0.0008731434117874147,False,305,time0,0.8718936396312379,4,time0,TIME0,0.916425265566179,5
0.0016743876865210857,False,305,time1,0.6489003160693461,3,time1,TIME1,0.7711991697547926,13
0.009295767442470057,False,305,time0,0.4810999245055468,0,time0,TIME0,0.6594614323237409,1
4.942423590844972e-05,False,306,time1,0.9843861657665955,2,time1,TIME1,0.989833709265719,4
0.0001741117042535849,False,306,goleiro_time0,0.9829755833006232,5,goleiro0,GOL-TIME0,0.9888731900489163,2
0.00012055719046481953,False,306,time1,0.9745620761189443,3,time1,TIME1,0.9834231544606511,13
0.00029179165889762663,False,306,time1,0.9612817567228896,1,time1,TIME1,0.974731014789264,0
0.0003730895515321973,False,306,time0,0.9430942502929525,4,time0,TIME0,0.9628806813473829,5
0.008594833549964577,False,306,time0,0.5749085536584768,0,time0,TIME0,0.7206823681355223,1
0.000538333236928499,False,307,goleiro_time0,0.8994872494667143,5,goleiro0,GOL-TIME0,0.9344782955204394,2
0.0007102556109774121,False,307,time1,0.8827256875711814,2,time1,TIME1,0.9235231074574258,4
0.0014695129110966199,False,307,time0,0.7863192285599484,4,time0,TIME0,0.8605931690450828,5
0.0020946368093534462,False,307,time1,0.6881017280336895,3,time1,TIME1,0.7965330003386244,13
0.003301252532582812,False,307,time0,0.5065975972380838,1,time0,TIME0,0.6781329998183505,3
0.00882756851552443,False,307,time0,0.4428971567935328,0,time0,TIME0,0.6347935029353627,1
0.0001316596279235675,False,308,goleiro_time0,0.9788997692998291,5,goleiro0,GOL-TIME0,0.9862387691751158,2
0.00019368909882418414,False,308,time1,0.9646579068707065,2,time1,TIME1,0.9769598482813708,4
0.0007237363186821891,False,308,time0,0.9359862908466656,1,time0,TIME0,0.9581377813387939,3
0.0005862067902846573,False,308,time0,0.9143657842376051,0,time0,TIME0,0.9441325873778437,1
0.0017225511753907988,False,308,time1,0.7483239639694855,3,time1,TIME1,0.8358076836687789,13
0.002766413183472861,False,308,time0,0.7282429444192074,4,time0,TIME0,0.8223896692582694,5
3.500387111187266e-06,False,309,time1,0.9961827630526543,2,time1,TIME1,0.9975175708487365,4
3.224561697502296e-05,False,309,time1,0.9954718655515395,3,time1,TIME1,0.9970454266425595,13
5.880450270997306e-05,False,309,time0,0.9908541768709119,0,time0,TIME0,0.9940346333901442,1
0.00014653500662034025,False,309,time0,0.9834583164631786,4,time0,TIME0,0.9891966184487491,5
6.834163083904524e-05,False,309,time0,0.9704359632834977,1,time0,TIME0,0.9807594565634798,3
0.0006790049256003139,False,309,goleiro_time0,0.9482322118262996,5,goleiro0,GOL-TIME0,0.9661132859631345,2
0.00036080691418968676,False,310,goleiro_time0,0.9206339826320259,5,goleiro0,GOL-TIME0,0.9482858062908505,2
0.0007515246717769474,False,310,time1,0.8793206627955249,2,time1,TIME1,0.9212953971819693,4
0.0009935642082665487,False,310,time0,0.8111940151834505,1,time0,TIME0,0.8769283623963495,3
0.0018532913424633098,False,310,time0,0.7359706622983346,0,time0,TIME0,0.8277322785240553,1
0.001950130920102816,False,310,time1,0.6501141119564687,3,time1,TIME1,0.7718916269496687,13
0.004378248868331171,False,310,time0,0.601428453118803,4,time0,TIME0,0.739396107423306,5
9.565796993238385e-05,False,311,time0,0.9656961950276904,1,time0,TIME0,0.9776690464785225,3
0.0003379945952001789,False,311,time1,0.9391863635860711,2,time1,TIME1,0.9603528382226261,4
0.0003482075800066923,False,311,goleiro_time0,0.9350714030818055,5,goleiro0,GOL-TIME0,0.9576745393501712,2
0.000325523664654071,False,311,time0,0.9069138040927088,4,time0,TIME0,0.9393800393776317,5
0.0009557371360676499,False,311,time1,0.8845225779852285,0,time1,TIME1,0.9246051676927748,-1
0.000940683420395545,False,311,time1,0.7405246447369427,3,time1,TIME1,0.8310117798818744,13
1.3811642902912024e-05,False,312,time1,0.9971220074649887,3,time1,TIME1,0.9981244707772265,13
4.829128688889314e-05,False,312,time0,0.9945204788075652,4,time0,TIME0,0.9964214092745063,5
3.3025934779914556e-05,False,312,time1,0.9943508996658161,2,time1,TIME1,0.9963165257056075,4
6.14454207942544e-05,False,312,goleiro_time0,0.9921441554799143,5,goleiro0,GOL-TIME0,0.9948721951646664,2
0.00011795661095887855,False,312,time1,0.9796567362875218,0,time1,TIME1,0.9867355937730535,-1
0.00012899641930275632,False,312,time0,0.9741427622906446,1,time0,TIME0,0.9831476467421629,3
0.00043550206453451417,False,313,time1,0.9252305849003504,2,time1,TIME1,0.9512474544626406,4
0.0007424231318052472,False,313,goleiro_time0,0.8591289137710463,5,goleiro0,GOL-TIME0,0.9081739458550482,2
0.0034805683383259314,False,313,time0,0.7123006201825915,0,time0,TIME0,0.8117772042002704,11
0.004821053604344014,False,313,time0,0.5670685141954869,4,time0,TIME0,0.7169071654655461,5
0.014192193930934151,False,313,time1,0.0,1,time1,TIME1,0.345032732124173,0
0.09701441519719112,False,313,time1,0.0,3,time1,TIME1,0.3160449546809831,10
0.00021008567505202623,False,314,time1,0.9673225382627032,2,time1,TIME1,0.9786861198844888,4
7.64781332638026e-06,False,314,goleiro_time0,0.9625821957239388,5,goleiro0,GOL-TIME0,0.9756757504858959,2
0.0004500543414286707,False,314,time1,0.8289467119486629,1,time1,TIME1,0.8886578437471309,0
0.002745261436527041,False,314,time1,0.8113259468552806,3,time1,TIME1,0.8764010239531479,10
0.0019789540106839197,False,314,time0,0.7948965024758742,4,time0,TIME0,0.8659900927055788,5
0.004765707426058887,False,314,time0,0.5721236656806957,0,time0,TIME0,0.7202123850933315,11
2.979213241841904e-06,False,315,time1,0.9994403233994045,1,time1,TIME1,0.9996351674849783,0
1.0065730129469728e-05,False,315,time1,0.9993350486782256,2,time1,TIME1,0.9995642586353013,4
5.720689588312895e-05,False,315,time1,0.9969069435598898,3,time1,TIME1,0.9979694909003693,10
5.3725196517272105e-05,False,315,time0,0.9958816612340936,4,time0,TIME0,0.9973042759833798,5
4.9365465624725563e-05,False,315,time0,0.9935300472610223,0,time0,TIME0,0.9957772528066959,11
6.699800295616152e-05,False,315,goleiro_time0,0.981042707404191,5,goleiro0,GOL-TIME0,0.9876543105116895,2
0.00022116017165616528,False,316,time1,0.955318128064797,2,time1,TIME1,0.9708793771820384,4
0.0003522854735407761,False,316,goleiro_time0,0.9246431564639853,5,goleiro0,GOL-TIME0,0.9508947517858513,2
0.0030000909594585937,False,316,time0,0.7651373801140203,0,time0,TIME0,0.8462892652383027,11
0.004052208139328168,False,316,time1,0.7263560873274141,3,time1,TIME1,0.8207131839140542,10
0.0024015264732850906,False,316,time1,0.7045978717195658,1,time1,TIME1,0.807148082352068,0
0.0040499203122206845,False,316,time0,0.5661926575378339,4,time0,TIME0,0.7166077552903147,5
0.00022329164158905941,False,317,time1,0.9670057926272984,2,time1,TIME1,0.9784756131331878,4
0.00034561020932336414,False,317,goleiro_time0,0.9382964041320042,5,goleiro0,GOL-TIME0,0.9597716991125396,2
0.0009684447838676941,False,317,time0,0.87602780771588,0,time0,TIME0,0.9190791193409683,11
0.0014083378875106433,False,317,time1,0.8267686376719984,1,time1,TIME1,0.8869066962261702,0
0.00263541549887335,False,317,time1,0.802984597885962,3,time1,TIME1,0.8710175932012696,10
0.005135037074573004,False,317,time0,0.5131279899875477,4,time0,TIME0,0.6817359305158055,5
2.9095031955994452e-05,False,318,time1,0.9969594180948187,3,time1,TIME1,0.9980134385004475,10
4.1178398877629424e-05,False,318,time0,0.9966902802721301,0,time0,TIME0,0.9978342697372775,11
6.552583826391119e-05,False,318,time1,0.9891861544979814,2,time1,TIME1,0.9929480663802955,4
4.577215186677946e-05,False,318,goleiro_time0,0.9885683985422088,5,goleiro0,GOL-TIME0,0.9925534387992825,2
0.0001737960981591275,False,318,time0,0.9856184646545185,4,time0,TIME0,0.9905911733910813,5
0.00011674288965944122,False,318,time1,0.983688566602389,1,time1,TIME1,0.9893567082801721,0
0.00047068161709905277,False,319,time1,0.9623166633732957,2,time1,TIME1,0.9753410926266576,4
0.00025332277144378786,False,319,goleiro_time0,0.9467127383993229,5,goleiro0,GOL-TIME0,0.9652746169895545,2
0.0017350102345615485,False,319,time0,0.7965794836857276,0,time0,TIME0,0.8671694108136264,11
0.005355107616314887,False,319,time0,0.47909491486538724,4,time0,TIME0,0.6595374069967915,5
0.008001682005095403,False,319,time1,0.45070589808773986,3,time1,TIME1,0.6401582450552474,10
0.006116427644001133,False,319,time1,0.3630290364216645,1,time1,TIME1,0.5838281239986816,0
0.0004617942692075326,False,320,time0,0.9613420144560546,0,time0,TIME0,0.9747106814022128,11
0.00013900760341127455,False,320,goleiro_time0,0.9600964572946735,5,goleiro0,GOL-TIME0,0.9740140445803439,2
0.00044915191397195813,False,320,time1,0.927055748241332,2,time1,TIME1,0.9524290331869756,4
0.0017138627491350875,False,320,time0,0.7987931424692609,4,time0,TIME0,0.8686156906428222,5
0.002502030754644132,False,320,time1,0.7728653874506253,3,time1,TIME1,0.8514867910787809,10
0.002790809164228095,False,320,time1,0.5696514683647654,1,time1,TIME1,0.7192966712296176,0
2.006056176721718e-05,False,321,time0,0.9975285960319196,0,time0,TIME0,0.9983865662241291,11
2.4571666964060108e-05,False,321,time1,0.9951118945077949,2,time1,TIME1,0.9968141313466293,4
6.487675559649243e-05,False,321,time1,0.9936483412862983,3,time1,TIME1,0.9958487149716351,10
2.1568713944101908e-06,False,321,time1,0.9911322401532011,1,time1,TIME1,0.9942352011945927,0
8.738369740631465e-05,False,321,goleiro_time0,0.9849543289561308,5,goleiro0,GOL-TIME0,0.9901897295273928,2
0.000528959061182548,False,321,time0,0.9601037185071151,4,time0,TIME0,0.9738822813582109,5
0.0005590557372636129,False,322,time0,0.938190320568879,0,time0,TIME0,0.9596280388617291,11
0.0005205415458003946,False,322,goleiro_time0,0.910976178425258,5,goleiro0,GOL-TIME0,0.9419523264353876,2
0.00040835948381981517,False,322,time1,0.8573480256447796,2,time1,TIME1,0.9071332908497698,4
0.002951308941493297,False,322,time0,0.7455085249654124,4,time0,TIME0,0.8335475830979955,5
0.0034457115451204893,False,322,time1,0.6941485468477009,3,time1,TIME1,0.7999905564102134,10
0.019320915433816623,False,322,time0,0.03134954359034406,1,time0,TIME0,0.36361488293188776,1
0.0001675047892261356,False,323,goleiro_time0,0.9691936059773124,5,goleiro0,GOL-TIME0,0.9799172172090239,2
0.00030273546890807935,False,323,time1,0.9634799973352377,2,time1,TIME1,0.9761560408537866,4
0.00046143736696118825,False,323,time0,0.9427175612033084,0,time0,TIME0,0.9626049117037141,11
0.0036229205368641508,False,323,time1,0.7186433442162552,3,time1,TIME1,0.8158501515526635,10
0.003767795554863097,False,323,time0,0.6999473223228515,4,time0,TIME0,0.8036470310656514,5
0.005961143560572771,False,323,time0,0.6397406342048428,1,time0,TIME0,0.7637450119869473,1
3.131789269231435e-06,False,324,goleiro_time0,0.9992785166275925,5,goleiro0,GOL-TIME0,0.9995299396816909,2
9.06076224125317e-06,False,324,time0,0.9986471655249766,0,time0,TIME0,0.9991174863244503,11
7.199031581170271e-06,False,324,time1,0.9977274013762549,2,time1,TIME1,0.9985202912335123,4
5.4963022035585666e-05,False,324,time0,0.9952532064558334,1,time0,TIME0,0.9968953471385792,1
2.5520440029192096e-05,False,324,time0,0.9948294118754306,4,time0,TIME0,0.9966301855650197,5
0.00011186476903470889,False,324,time1,0.9902639598752296,3,time1,TIME1,0.9936324212497372,10
0.0002537463360286818,False,325,goleiro_time0,0.9583792106043805,5,goleiro0,GOL-TIME0,0.9728576756752373,2
0.0015849654862559958,False,325,time0,0.8472772727724172,0,time0,TIME0,0.9001754893818816,11
0.0025417828160164903,False,325,time1,0.6555147652764431,2,time1,TIME1,0.7751949734440823,4
0.005282025400315194,False,325,time1,0.6399975402539052,3,time1,TIME1,0.764149692274928,10
0.00665425817384235,False,325,time0,0.5152451497140648,4,time0,TIME0,0.6825803569532973,5
0.00837124583424479,False,325,time0,0.4720242545110983,1,time0,TIME0,0.6538858293902282,1
0.0003245852425784841,False,326,goleiro_time0,0.9430532000158638,5,goleiro0,GOL-TIME0,0.962870975175409,2
0.0006746541679962994,False,326,time1,0.8826325010276481,2,time1,TIME1,0.9234749967091727,4
0.0016280444752062887,False,326,time0,0.8439964857315703,0,time0,TIME0,0.8980279001591985,11
0.0020021135420364667,False,326,time1,0.8360156477390543,3,time1,TIME1,0.8927094312906725,10
0.002641782005866704,False,326,time0,0.7283155338325784,1,time0,TIME0,0.8224804732891227,1
0.005736259531249773,False,326,time0,0.5264917084115726,4,time0,TIME0,0.6902119196315848,5
9.504889291210553e-06,False,327,goleiro_time0,0.9991725269539378,5,goleiro0,GOL-TIME0,0.9994588158088076,2
8.238951696528042e-06,False,327,time1,0.9987112766495769,3,time1,TIME1,0.9991594461891311,10
2.8268798182470013e-05,False,327,time0,0.9967377856868196,0,time0,TIME0,0.9978696666170688,11
3.73469568716138e-05,False,327,time0,0.9959915539899802,1,time0,TIME0,0.997381438658582,1
5.695862433116768e-05,False,327,time0,0.993623508980362,4,time0,TIME0,0.9958353453187194,5
0.0002286630330796348,False,327,time1,0.9596623290541133,2,time1,TIME1,0.9737004818235957,4
0.0003046620307851122,False,328,time1,0.9475114772415529,2,time1,TIME1,0.9657758284962346,4
0.000786088586991182,False,328,goleiro_time0,0.8773223273032045,5,goleiro0,GOL-TIME0,0.919984381741636,2
0.002848626820812142,False,328,time0,0.6735249359161337,1,time0,TIME0,0.7867941889582026,1
0.004032012596154785,False,328,time0,0.6162471250952447,0,time0,TIME0,0.7491494269032548,11
0.005103276985435346,False,328,time0,0.5872355886304462,4,time0,TIME0,0.7299169856648877,5
0.005331242702043623,False,328,time1,0.5717669967877025,3,time1,TIME1,0.7197826129662913,10
0.000236110266455753,False,329,goleiro_time0,0.9728430467314748,5,goleiro0,GOL-TIME0,0.9822653417821992,2
0.0003271746736453868,False,329,time1,0.9445565717891093,2,time1,TIME1,0.9638472605271452,4
0.0005800657886907353,False,329,time0,0.9019996335236742,1,time0,TIME0,0.9360967387643464,1
0.002436312038238384,False,329,time0,0.797559930613779,4,time0,TIME0,0.8675612456855729,5
0.0016836960623788336,False,329,time0,0.7811852216500074,0,time0,TIME0,0.8571811004506722,11
0.0030130796646068605,False,329,time1,0.6952617403565126,3,time1,TIME1,0.8008655533491208,10
4.107517623442553e-07,False,330,goleiro_time0,0.9994512742411331,5,goleiro0,GOL-TIME0,0.9996431844936197,2
1.024357167146865e-05,False,330,time1,0.9984571393821448,3,time1,TIME1,0.9989935553483091,10
6.920575852467044e-06,False,330,time1,0.9979404162193547,2,time1,TIME1,0.9986588483410321,4
4.4573330031233145e-05,False,330,time0,0.9960562889429009,4,time0,TIME0,0.9974209871473747,5
2.5574817206463614e-05,False,330,time0,0.9957893720669748,0,time0,TIME0,0.9972541406575115,11
0.00012503344727734787,False,330,time0,0.9862388103076011,1,time0,TIME0,0.9910114649933937,1
0.0009230206402280604,False,331,time1,0.9025545374271147,2,time1,TIME1,0.9363373921035447,4
0.0006261646728955971,False,331,goleiro_time0,0.9018238829822892,5,goleiro0,GOL-TIME0,0.9359663663029745,2
0.002920139174251653,False,331,time0,0.613438647404231,0,time0,TIME0,0.7477130721017622,11
0.00402755748205884,False,331,time0,0.5731720135827908,1,time0,TIME0,0.7211521637100934,1
0.006561695132344683,False,331,time0,0.5544411884141411,4,time0,TIME0,0.7080901791728711,5
0.005685301906186789,False,331,time1,0.5190921192692398,3,time1,TIME1,0.6854200218578406,10
0.0001478219474175795,False,332,time1,0.9820887997597244,2,time1,TIME1,0.9883059821622246,4
3.877078946595169e-05,False,332,goleiro_time0,0.9746234252768732,5,goleiro0,GOL-TIME0,0.9834916566536545,2
0.0006364475161801797,False,332,time0,0.8991438848595107,0,time0,TIME0,0.9342207685280188,11
0.0013492193514097858,False,332,time0,0.8069806853755458,1,time0,TIME0,0.8740652187211113,1
0.002619034218456066,False,332,time1,0.7738047932083677,3,time1,TIME1,0.8520564536089794,10
0.0033309224479394633,False,332,time0,0.7377738830813373,4,time0,TIME0,0.8283872011460904,5
7.303198619394021e-06,False,333,time0,0.998367731213914,0,time0,TIME0,0.9989364691695273,11
2.5931300910728002e-05,False,333,time1,0.9974469736427038,3,time1,TIME1,0.9983314569124386,10
2.6851567138211107e-05,False,333,time0,0.9955090663118891,1,time0,TIME0,0.9970714950542294,1
3.8104315106802325e-05,False,333,time1,0.9937008152860789,2,time1,TIME1,0.9958921934256639,4
0.00016775774083953613,False,333,time0,0.9858864447345929,4,time0,TIME0,0.9907674738681915,5
2.0519656452692228e-05,False,333,goleiro_time0,0.9852484328840654,5,goleiro0,GOL-TIME0,0.9904042994948841,2
0.0001857828262511242,False,334,goleiro_time0,0.9699753718520081,5,goleiro0,GOL-TIME0,0.9804189677146173,2
0.0006217664297901499,False,334,time1,0.9332789411091398,2,time1,TIME1,0.9564136934705143,4
0.0016702541142072772,False,334,time0,0.7281313292763618,1,time0,TIME0,0.8227007750896627,1
0.00562322049801898,False,334,time1,0.6288523440836337,3,time1,TIME1,0.7567858964800552,10
0.0037618204988623225,False,334,time0,0.5500132484732978,0,time0,TIME0,0.7061919743330418,11
0.00868812348490725,False,334,time0,0.43198646470358343,4,time0,TIME0,0.6277503588376117,5
7.244867646315121e-05,False,335,goleiro_time0,0.9788467906035149,5,goleiro0,GOL-TIME0,0.9862250568555225,2
0.000428078294881059,False,335,time1,0.9219218340216134,2,time1,TIME1,0.9490993647108403,4
0.0025949832178394443,False,335,time1,0.8108413879000049,3,time1,TIME1,0.8761386580087595,10
0.0018662181541161198,False,335,time0,0.7567130244960494,0,time0,TIME0,0.8412102895684914,11
0.004912904363320191,False,335,time0,0.5923720385176521,1,time0,TIME0,0.7333223085093118,1
0.007096397301117162,False,335,time0,0.448637378335627,4,time0,TIME0,0.6391305568627665,5
5.702675473777038e-06,False,336,time1,0.999335092754906,2,time1,TIME1,0.999565814354273,4
9.804727129883778e-06,False,336,time1,0.9989075365253733,3,time1,TIME1,0.9992864670869972,10
3.0874251959716894e-06,False,336,goleiro_time0,0.9987039878099988,5,goleiro0,GOL-TIME0,0.9991565114776806,2
1.0702139215877113e-05,False,336,time0,0.9982740138556353,0,time0,TIME0,0.9988743632574374,11
0.00018546293327112077,False,336,time0,0.9817256407734506,1,time0,TIME0,0.9880567544760981,1
0.00022156511746004875,False,336,time0,0.9765278650094732,4,time0,TIME0,0.9846655644650466,5
0.00023532419369726233,False,337,goleiro_time0,0.950680119962152,5,goleiro0,GOL-TIME0,0.9678597145076047,2
0.001004009293681026,False,337,time1,0.843183540378406,2,time1,TIME1,0.8977178979931756,4
0.0021331441012138923,False,337,time0,0.7564043473976627,0,time0,TIME0,0.840916225373056,11
0.004206041276879423,False,337,time1,0.659652733247889,3,time1,TIME1,0.77730216216422,10
0.006277958708951294,False,337,time0,0.5764523278666176,4,time0,TIME0,0.7224967275651685,5
0.004096636305014677,False,337,time0,0.5669981139667978,1,time0,TIME0,0.7171149513716635,1
0.00019280356524778894,False,338,goleiro_time0,0.9704436338131325,5,goleiro0,GOL-TIME0,0.9807208807306994,2
0.0006485555073275174,False,338,time0,0.9220341442998697,0,time0,TIME0,0.9490951993673507,11
0.0006538269053102684,False,338,time1,0.9134206331906437,2,time1,TIME1,0.9434945721570598,4
0.00032767174943922924,False,338,time0,0.8685771262503134,1,time0,TIME0,0.9144604469504,1
0.0025699120906599957,False,338,time0,0.8352718116151246,4,time0,TIME0,0.8920272083181,5
0.0025581563851130294,False,338,time1,0.7586078626795136,3,time1,TIME1,0.8421997560068943,10
2.228716758318983e-06,False,339,time1,0.9997251463837857,2,time1,TIME1,0.9998205650985954,4
2.9260855474368585e-06,False,339,goleiro_time0,0.9993989957831513,5,goleiro0,GOL-TIME0,0.9996083231291069,2
4.3394732180697e-06,False,339,time0,0.9992979780778205,0,time0,TIME0,0.9995421669349569,11
4.562795143714862e-05,False,339,time0,0.9937784129205294,1,time0,TIME0,0.9959399986153411,1
6.547674835117218e-05,False,339,time0,0.992679577059694,4,time0,TIME0,0.9952188082268782,5
0.00011522443167653144,False,339,time1,0.9881425534918782,3,time1,TIME1,0.992252331218634,10
0.0002626899968545932,False,340,goleiro_time0,0.9497286406745465,5,goleiro0,GOL-TIME0,0.9672316749395561,2
0.0012053042913789036,False,340,time0,0.8642386609007098,0,time0,TIME0,0.9113332730834787,11
0.0018630151149938462,False,340,time1,0.7890034253651858,2,time1,TIME1,0.8622001711971228,4
0.0013861069615194448,False,340,time0,0.7822447614980643,1,time0,TIME0,0.8579739575372101,1
0.005916922382969429,False,340,time0,0.6820232778448213,4,time0,TIME0,0.7912442077650945,5
0.006709858825712076,False,340,time1,0.49898117558683536,3,time1,TIME1,0.6719893135424437,10
0.00030216896586134106,False,341,goleiro_time0,0.9594152017912188,5,goleiro0,GOL-TIME0,0.9735141220262408,2
0.0006245813662564842,False,341,time0,0.8984406598765312,1,time0,TIME0,0.9337678254415555,1
0.0003446528387063402,False,341,time0,0.8803548133535469,0,time0,TIME0,0.9221100001862583,11
0.0014959690320678527,False,341,time1,0.8308853008213389,2,time1,TIME1,0.8895518563726466,4
0.0033375369347736312,False,341,time0,0.798117761074877,4,time0,TIME0,0.8676084067714993,5
0.002341101172712117,False,341,time1,0.7972316211233739,3,time1,TIME1,0.8673811683197438,10
2.6902053776603228e-06,False,342,goleiro_time0,0.9994955468839035,5,goleiro0,GOL-TIME0,0.9996711639026552,2
6.390173645509788e-06,False,342,time1,0.9991645517823553,3,time1,TIME1,0.999454722097755,10
6.101016873885563e-05,False,342,time1,0.9923996192869059,2,time1,TIME1,0.9950383989774303,4
0.00011473301254231476,False,342,time0,0.9923712891194261,4,time0,TIME0,0.9950011813732371,5
6.951214083950264e-05,False,342,time0,0.9836644414698431,1,time0,TIME0,0.9893575577061042,1
0.00031051195538707953,False,342,time0,0.9787769678389607,0,time0,TIME0,0.986096349910939,11
0.0003124604590155756,False,343,goleiro_time0,0.9191092372751621,5,goleiro0,GOL-TIME0,0.9473116430681998,2
0.005541540565247083,False,343,time1,0.633104761828087,3,time1,TIME1,0.75957855599042,10
0.003939449148798132,False,343,time1,0.626574056954369,2,time1,TIME1,0.7558943298182605,4
0.004647206342586387,False,343,time0,0.6092288027284509,0,time0,TIME0,0.7443721995535879,11
0.011618785770963555,False,343,time0,0.3624541673716099,4,time0,TIME0,0.5815286337717092,5
0.0193785230583751,False,343,time0,0.0,1,time0,TIME0,0.3432175169295687,3
0.0003722662665778724,False,344,goleiro_time0,0.926629091299017,5,goleiro0,GOL-TIME0,0.9521786161510588,2
0.00034042338220694666,False,344,time0,0.9074822561900879,1,time0,TIME0,0.9397443183397847,3
0.0012036596493004402,False,344,time1,0.88444462086368,2,time1,TIME1,0.9244677226841369,4
0.0023716656012752425,False,344,time1,0.8363882024407397,3,time1,TIME1,0.8928222486260344,10
0.0028150425984591948,False,344,time0,0.7351498271589653,0,time0,TIME0,0.8268621227438667,11
0.005279729456027979,False,344,time0,0.5947440211919031,4,time0,TIME0,0.7347357084651271,5
3.996286151776572e-06,False,345,time1,0.9986542523575056,3,time1,TIME1,0.9991238653322255,10
1.2517555182580571e-05,False,345,time0,0.9985679358347407,0,time0,TIME0,0.9990647771482676,11
6.093734083156033e-06,False,345,goleiro_time0,0.998094007565808,5,goleiro0,GOL-TIME0,0.9987589721108462,2
1.3333350770293306e-05,False,345,time0,0.997708181647001,1,time0,TIME0,0.998505651397781,3
2.617139503826388e-05,False,345,time0,0.9959027402151855,4,time0,TIME0,0.9973276211516071,5
0.00016155026715346452,False,345,time1,0.9831251760498916,2,time1,TIME1,0.9889748218389258,4
0.0006287141268523194,False,346,goleiro_time0,0.9081896867238478,5,goleiro0,GOL-TIME0,0.9401032464261028,2
0.0018704068217873598,False,346,time1,0.8420732917309498,2,time1,TIME1,0.8966929972374917,4
0.0038616394873224836,False,346,time1,0.7338229205581371,3,time1,TIME1,0.8256333245422263,10
0.0014930788087595035,False,346,time0,0.7074998882355373,1,time0,TIME0,0.8093523497700335,3
0.004775971599830086,False,346,time0,0.5690918552460352,0,time0,TIME0,0.7182381158499823,11
0.006313426319931574,False,346,time0,0.5645431709088974,4,time0,TIME0,0.7147433618788073,5
6.844667538878886e-06,False,347,goleiro_time0,0.9990064761971347,5,goleiro0,GOL-TIME0,0.999351813894499,2
2.174147749260829e-05,False,347,time1,0.9980440631417726,3,time1,TIME1,0.9987210315250298,10
1.779189564298443e-05,False,347,time0,0.9974766050440784,1,time0,TIME0,0.9983535661151759,3
3.178984684538739e-05,False,347,time0,0.9961665464173666,4,time0,TIME0,0.9974971287248924,5
1.1024319116146853e-05,False,347,time0,0.9954626515534416,0,time0,TIME0,0.9970468649980464,11
0.0003347706036077218,False,347,time1,0.9672274461658865,2,time1,TIME1,0.9785806702965636,4
0.00023083831041689545,False,348,goleiro_time0,0.9599147125540622,5,goleiro0,GOL-TIME0,0.9738637697514945,2
0.00021722968103277842,False,348,time0,0.9423001214416505,1,time0,TIME0,0.9624190485487114,3
0.0008809511240421966,False,348,time0,0.889761894121566,0,time0,TIME0,0.9280368982856031,11
0.002084860681013638,False,348,time1,0.8366803016903204,2,time1,TIME1,0.8931124948603535,4
0.0024357558084972444,False,348,time1,0.8028964628340773,3,time1,TIME1,0.8710301863091763,10
0.006235068342965024,False,348,time0,0.6315096089570981,4,time0,TIME0,0.758298971902076,5
0.00040035259626735757,False,349,goleiro_time0,0.9287226066066461,5,goleiro0,GOL-TIME0,0.9535295708856264,2
0.001198865440021188,False,349,time0,0.7595323605407232,1,time0,TIME0,0.8432764314474626,3
0.0030820030435708286,False,349,time1,0.7393615044555748,2,time1,TIME1,0.8295062768308739,4
0.0037604182560636076,False,349,time0,0.6544464051543128,0,time0,TIME0,0.774074016960681,11
0.008655550054360438,False,349,time0,0.5430529434856805,4,time0,TIME0,0.6999549707466661,5
0.0061855632872150935,False,349,time1,0.5252292052436106,3,time1,TIME1,0.6892340362578215,10
5.805485579553e-05,False,350,time1,0.9889540982378369,3,time1,TIME1,0.9927998446550654,10
7.379198092715499e-05,False,350,time0,0.9886639635424714,5,time0,TIME0,0.9926057491092819,2
0.00010431275428303368,False,350,time0,0.9886402227123963,4,time0,TIME0,0.9925796352990586,5
0.0001839460987241574,False,350,time0,0.9838578087051935,0,time0,TIME0,0.9894431945238222,11
0.0003093500825731808,False,350,time1,0.9667056428452254,2,time1,TIME1,0.978250395320496,4
0.0011557113671583736,False,350,time0,0.8139467939856181,1,time0,TIME0,0.8786609171121464,3
0.0001629459147436468,False,351,time0,0.9656405858815691,5,time0,TIME0,0.9776093497528597,2
0.0017455347668726532,False,351,time0,0.8291327483986946,0,time0,TIME0,0.888325349290746,11
0.0026670871107519296,False,351,time1,0.7543800979258375,2,time1,TIME1,0.8394135831630312,4
0.0030013292352267205,False,351,time1,0.7280234531218561,3,time1,TIME1,0.8221647792968771,10
0.0024106680410993448,False,351,time0,0.6334463256674336,1,time0,TIME0,0.7608963778694471,3
0.006358216511834133,False,351,time0,0.6086877106568293,4,time0,TIME0,0.743421636147797,5
0.00046905594892821304,False,352,time0,0.9020400489321883,5,time0,TIME0,0.9361618622237975,2
0.005094776674819925,False,352,time1,0.6431901539981237,3,time1,TIME1,0.7662904282625934,10
0.005608645290092081,False,352,time0,0.5013388266129133,0,time0,TIME0,0.6739072114468614,11
0.00474013303373605,False,352,time0,0.42874716937631774,1,time0,TIME0,0.6270266135327989,3
0.014781108307983185,False,352,time0,0.26580348571369294,4,time0,TIME0,0.5175988778061063,5
0.0866496858034715,False,352,time1,0.0,2,time1,TIME1,0.31967260996878494,0
1.5072722872848627e-05,False,353,time0,0.9963600852496091,0,time0,TIME0,0.9976287799592405,11
7.754857999942228e-05,False,353,time1,0.9939695010623113,3,time1,TIME1,0.9960530336875025,10
5.316541868077276e-05,False,353,time0,0.9918928138297662,4,time0,TIME0,0.9947117210928098,5
7.399439041363006e-05,False,353,time1,0.9889709363351774,2,time1,TIME1,0.9928052105812205,0
0.00011420812272479665,False,353,time0,0.9815685219864178,5,time0,TIME0,0.9879795664482179,2
0.10710432935390186,False,353,time0,0.0,1,time0,TIME0,0.3125134847261343,13
0.0003884914434824346,False,354,time0,0.9210366815038087,5,time0,TIME0,0.9485378709722567,2
0.0016657106243169993,False,354,time0,0.8783497577583848,4,time0,TIME0,0.9203443438244392,5
0.00020573456232139835,False,354,time1,0.8719924034696847,2,time1,TIME1,0.9167230551584826,0
0.0033439085150043174,False,354,time1,0.7908466098108919,3,time1,TIME1,0.8628799283968283,10
0.0016394934528241292,False,354,time0,0.7681223076227653,1,time0,TIME0,0.8487056772463091,13
0.003014047232430923,False,354,time0,0.6422000493404195,0,time0,TIME0,0.7663751155399219,11
0.001080611017347796,False,355,time0,0.8206864190587548,5,time0,TIME0,0.883067958532119,2
0.002444839338476414,False,355,time1,0.7561589262403576,2,time1,TIME1,0.8406476082877657,0
0.004859483985926498,False,355,time1,0.7173309330310678,3,time1,TIME1,0.8145642870751197,10
0.0034802468980085414,False,355,time0,0.580939497108317,0,time0,TIME0,0.7263925867061031,11
0.004386064088977206,False,355,time0,0.5401007896920771,1,time0,TIME0,0.699530390868708,13
0.012242474145984764,False,355,time0,0.39833948969183935,4,time0,TIME0,0.6046358023486009,5
5.534315733083303e-06,False,356,time1,0.9991731783206971,3,time1,TIME1,0.9994606288979464,10
8.150059858835241e-06,False,356,time0,0.9969619299623712,0,time0,TIME0,0.9980224019545907,11
1.8544026858333764e-05,False,356,time0,0.9962011133314126,5,time0,TIME0,0.9975242332560177,2
4.3983712046898456e-05,False,356,time0,0.9956563376736787,1,time0,TIME0,0.9971612251886748,13
0.0002150813933181269,False,356,time1,0.9764664313632291,2,time1,TIME1,0.9846279018984376,0
0.00079958410854897,False,356,time0,0.9535661560475585,4,time0,TIME0,0.969538146992921,5
0.0008608527840961054,False,357,time0,0.8928890614862047,1,time0,TIME0,0.9300765914915995,13
0.0019667133036479624,False,357,time1,0.8725046751772557,3,time1,TIME1,0.9164396892089395,10
0.0006312032600171578,False,357,time0,0.8548074825965387,5,time0,TIME0,0.9054039425467442,2
0.0017015343765580241,False,357,time1,0.8510378185409871,2,time1,TIME1,0.9025790450198463,0
0.0016718653743840925,False,357,time0,0.7839718974810352,0,time0,TIME0,0.8589965804816384,11
0.005759843591102307,False,357,time0,0.7093170863630325,4,time0,TIME0,0.8090401608790854,5
0.002504855533190891,False,358,time1,0.785138676421598,2,time1,TIME1,0.8594634402374218,0
0.0012556860025398973,False,358,time0,0.7383704121169833,5,time0,TIME0,0.8295012777751503,2
0.0038204342478485916,False,358,time0,0.6662843732110264,0,time0,TIME0,0.7817476906004202,11
0.006299658771388015,False,358,time1,0.5896673407257396,3,time1,TIME1,0.7310788909017449,10
0.010452928233534336,False,358,time0,0.49384505443961674,4,time0,TIME0,0.6673407605040138,5
0.005119865659794784,False,358,time0,0.4552431525304846,1,time0,TIME0,0.6441160961638868,13
1.261057615984606e-05,False,359,time1,0.9985180585971867,3,time1,TIME1,0.9990323243865153,10
1.5275692000816965e-05,False,359,time0,0.9973000185817483,5,time0,TIME0,0.9982396655859362,2
4.676895105019729e-05,False,359,time0,0.9961459580140661,4,time0,TIME0,0.9974785035762754,5
7.617011165915731e-05,False,359,time1,0.9913978111361905,2,time1,TIME1,0.9943819176994431,0
8.635492097383514e-05,False,359,time0,0.9911594635997506,0,time0,TIME0,0.994223427117497,11
6.374425682674911e-05,False,359,time0,0.9900235155328001,1,time0,TIME0,0.9934929746064307,13
0.00018716516927640188,False,360,time0,0.9419658719741809,5,time0,TIME0,0.9622123089739708,2
0.00126163082204617,False,360,time1,0.8700937948448436,2,time1,TIME1,0.9151193958614321,0
0.0023714515106598093,False,360,time0,0.8183414487819609,0,time0,TIME0,0.8810919336795436,11
0.001706598887922354,False,360,time0,0.7482843175375335,1,time0,TIME0,0.835787496788624,13
0.005217200385397947,False,360,time1,0.5803475670365585,3,time1,TIME1,0.7253998984388738,10
0.008482893582869506,False,360,time0,0.46227643575026023,4,time0,TIME0,0.6475106704836648,5
0.000672158490355302,False,361,time0,0.8383208812553449,5,time0,TIME0,0.8946733173443497,2
0.0026813713177854344,False,361,time1,0.7407417608722158,2,time1,TIME1,0.8305436646057154,0
0.0036229887211739003,False,361,time0,0.7276778439970786,0,time0,TIME0,0.8217225525456902,11
0.0059080227071111905,False,361,time1,0.5733068987802425,3,time1,TIME1,0.7205816762596687,10
0.004209410718186204,False,361,time0,0.4906047137155197,1,time0,TIME0,0.6674197701637226,13
0.012412757965840014,False,361,time0,0.3359171119526086,4,time0,TIME0,0.5640016574811516,5
2.0243093675668706e-05,False,362,time0,0.9972725814910578,4,time0,TIME0,0.9982200928864011,5
3.5904315249865526e-05,False,362,time0,0.9965716112219175,1,time0,TIME0,0.9977589807839089,13
4.718887558730512e-05,False,362,time1,0.9934534035138529,2,time1,TIME1,0.9957281961775488,0
6.471803302499719e-05,False,362,time0,0.9929836091552919,0,time0,TIME0,0.995416694639381,11
4.490168580526192e-05,False,362,time0,0.9899702267554741,5,time0,TIME0,0.9934649318010262,2
0.0002729725103787491,False,362,time1,0.9779578245000395,3,time1,TIME1,0.9855770455463931,10
0.00015742642277224119,False,363,time1,0.9597157084666244,2,time1,TIME1,0.9737601112553355,0
0.0008267502798172654,False,363,time0,0.9020655134758042,5,time0,TIME0,0.9360532211613366,2
0.0013857960735357065,False,363,time0,0.8812355700996158,0,time0,TIME0,0.9223180919390128,11
0.0018545286035839702,False,363,time1,0.8587744007210047,3,time1,TIME1,0.9075542754573988,10
0.002013494842668291,False,363,time0,0.8567254205455599,4,time0,TIME0,0.9061668001596801,5
0.0014688710451093068,False,363,time0,0.8077500153721687,1,time0,TIME0,0.8745234051261215,13
0.0004795831193227308,False,364,time0,0.8921984979301333,5,time0,TIME0,0.9297611695628236,2
0.003212924832539844,False,364,time1,0.6354583488609746,2,time1,TIME1,0.7619234030682446,0
0.006998361251185149,False,364,time1,0.6211669105012748,3,time1,TIME1,0.7513090653879138,10
0.004080584582094515,False,364,time0,0.6061368473389013,1,time0,TIME0,0.7425607461665528,13
0.004640810004957518,False,364,time0,0.5887167503801247,0,time0,TIME0,0.7310416042453459,11
0.01038100190392849,False,364,time0,0.5082860299792876,4,time0,TIME0,0.6767525688201619,5
1.0702824895610339e-05,False,365,time0,0.9983934498454815,0,time0,TIME0,0.9989519964108495,11
9.13510736358824e-06,False,365,time0,0.9968118127321066,5,time0,TIME0,0.997924480988292,2
3.802637115673448e-05,False,365,time0,0.996431382432199,4,time0,TIME0,0.9976670893510245,5
0.00013745033516277084,False,365,time1,0.9937842550361071,3,time1,TIME1,0.9959116581561627,10
0.00010399210031743036,False,365,time1,0.9833689424700055,2,time1,TIME1,0.9891534153703925,0
0.0006118406916814051,False,365,time0,0.953809957368381,1,time0,TIME0,0.9697623280473593,13
5.201033766335296e-05,False,366,time0,0.9453136188229913,5,time0,TIME0,0.9644356486167621,2
0.00035889767741814464,False,366,time1,0.9076851428322891,2,time1,TIME1,0.9398697286538915,0
0.00014627015826539492,False,366,time1,0.8327997988450244,3,time1,TIME1,0.8912686746938729,10
0.002665027579324411,False,366,time0,0.7447747704190255,1,time0,TIME0,0.833170841119603,13
0.005375777202784622,False,366,time0,0.7153922727273144,4,time0,TIME0,0.8131234552517799,5
0.003025478656647593,False,366,time0,0.6231387103208988,0,time0,TIME0,0.7539812441787576,11
0.0002055307957439368,False,367,time0,0.9409310595762612,5,time0,TIME0,0.9615332529460594,2
0.002105812339479063,False,367,time1,0.6909898605028033,2,time1,TIME1,0.7984063750080045,0
0.007051927331955032,False,367,time1,0.5913341631420106,3,time1,TIME1,0.7318990314761227,10
0.004516100496566947,False,367,time0,0.5742663166755476,1,time0,TIME0,0.7216924706653075,13
0.00407208833006896,False,367,time0,0.514176156708841,0,time0,TIME0,0.6827892709452225,11
0.01248599603169056,False,367,time0,0.39755908829392583,4,time0,TIME0,0.6040433087799602,5
5.435946057551982e-06,False,368,time0,0.997661762731676,5,time0,TIME0,0.9984782431944692,2
5.011369837426217e-05,False,368,time1,0.9913138252903976,2,time1,TIME1,0.9943364466443274,0
8.048117752259145e-05,False,368,time0,0.9883762092885939,0,time0,TIME0,0.9924163676254532,11
0.00013857183769059586,False,368,time0,0.9817980023811388,4,time0,TIME0,0.9881202014045485,5
0.0003895568994208284,False,368,time1,0.9706174188834136,3,time1,TIME1,0.9807649773594216,10
8.007498877556149e-05,False,368,time0,0.9683544830319024,1,time0,TIME0,0.9794023877246651,13
0.0017844542085339952,False,369,time1,0.8686356409519752,3,time1,TIME1,0.913988607645797,10
0.0010757820056604426,False,369,time0,0.8553239864995881,1,time0,TIME0,0.9055840675227511,13
0.0007164208626457836,False,369,time0,0.8331866006172487,5,time0,TIME0,0.8913205430992857,2
0.0013167385581766664,False,369,time1,0.8019658459277363,2,time1,TIME1,0.8708169413576667,0
0.0013643589062575575,False,369,time0,0.7832437842947543,0,time0,TIME0,0.8586309341744001,11
0.006881425971682965,False,369,time0,0.5459996444304305,4,time0,TIME0,0.7024912697896908,5
0.0005955517441835728,False,370,time0,0.8768794673537976,5,time0,TIME0,0.9197632106695042,2
0.0020649372662907726,False,370,time1,0.7193905893329672,2,time1,TIME1,0.8168811550232269,0
0.0030059586657574114,False,370,time0,0.5823697643966925,0,time0,TIME0,0.727488261324835,11
0.007740823446917857,False,370,time1,0.47388480780201025,3,time1,TIME1,0.6553158368648855,10
0.005561132596107386,False,370,time0,0.4197371041258456,1,time0,TIME0,0.620882721273162,13
0.012850755302156538,False,370,time0,0.35269410544221713,4,time0,TIME0,0.5747534041816864,5
1.1597122489497494e-05,False,371,time0,0.9975052687791699,0,time0,TIME0,0.9983743657135891,11
2.166163742008741e-05,False,371,time0,0.9962453499633537,1,time0,TIME0,0.9975518959030829,13
5.146116606365196e-05,False,371,time0,0.9912864269434106,5,time0,TIME0,0.9943181661050946,2
0.00011401757193058638,False,371,time1,0.9845115744741738,2,time1,TIME1,0.9898926172580373,0
0.00025091004123317754,False,371,time1,0.977791616897513,3,time1,TIME1,0.9854767324689518,10
0.0029154034086664718,False,371,time0,0.7989954529715511,4,time0,TIME0,0.868326653238475,5
0.0005637365596884827,False,372,time0,0.9221384960194009,5,time0,TIME0,0.9491927146167196,2
0.0008593412637652478,False,372,time1,0.906027557858242,2,time1,TIME1,0.9386171431655395,0
0.0013511363248682603,False,372,time0,0.7832117431485924,0,time0,TIME0,0.8586147353328812,11
0.001562717108328373,False,372,time0,0.779958738920286,1,time0,TIME0,0.856426229310271,13
0.005166852360532841,False,372,time0,0.6789680716844122,4,time0,TIME0,0.7895208482686814,5
0.003558096333664877,False,372,time1,0.6656066920505712,3,time1,TIME1,0.7813990161160886,10
0.0004929017878271064,False,373,time0,0.8581623264980516,5,time0,TIME0,0.907632996597994,2
0.001507919955787375,False,373,time1,0.8268213732531777,2,time1,TIME1,0.8869061206300399,0
0.00596525288281213,False,373,time1,0.5785697962046691,3,time1,TIME1,0.7239825290240507,10
0.003057867218426007,False,373,time0,0.5718480565872175,0,time0,TIME0,0.7206309832552422,11
0.004742354705828717,False,373,time0,0.531001327042038,1,time0,TIME0,0.6934910384302846,13
0.011336742997121261,False,373,time0,0.47922244724445734,4,time0,TIME0,0.6575267306599049,5
3.1814838088103493e-06,False,374,time0,0.9988769011197588,0,time0,TIME0,0.9992688722085101,11
4.787173016149192e-05,False,374,time1,0.9964176897714044,3,time1,TIME1,0.9976547432458563,10
6.58299534758104e-05,False,374,time1,0.9915871929229777,2,time1,TIME1,0.9945086349162189,0
9.435695724309347e-05,False,374,time0,0.9905681350478069,4,time0,TIME0,0.9938362628460394,5
9.54941297327294e-05,False,374,time0,0.9894651734396601,1,time0,TIME0,0.9931189397903726,13
5.035221345667829e-05,False,374,time0,0.9855223389761537,5,time0,TIME0,0.9905718970597901,2
7.744658256285152e-05,False,375,time0,0.9791082589735227,5,time0,TIME0,0.9863932620288929,2
0.00044251540928776675,False,375,time1,0.9518583914044055,2,time1,TIME1,0.9685530740196129,0
0.0035593942707040343,False,375,time1,0.7781322371848798,3,time1,TIME1,0.8545401661754255,10
0.0017593725290208945,False,375,time0,0.7306724577972824,0,time0,TIME0,0.8243213171830763,11
0.0036720140516016656,False,375,time0,0.6650576905731226,1,time0,TIME0,0.7810022939544692,13
0.011589959230581065,False,375,time0,0.4225135848738348,4,time0,TIME0,0.6205773444372893,5
0.0003508545669511327,False,376,time1,0.9603745745582315,2,time1,TIME1,0.9741206743644175,0
0.0005623106248714251,False,376,time0,0.8932141453834552,5,time0,TIME0,0.930392385780541,2
0.0015718121038239144,False,376,time0,0.7894293120097423,0,time0,TIME0,0.8625789185699941,11
0.006532899031386189,False,376,time1,0.6445568809607545,3,time1,TIME1,0.7666754579635052,10
0.0050834808075047805,False,376,time0,0.5467993864161139,1,time0,TIME0,0.7036403828878474,13
0.008208000420935217,False,376,time0,0.34996167446378984,4,time0,TIME0,0.5746022882541361,5
8.294020736540783e-05,False,377,time0,0.9902168982724951,5,time0,TIME0,0.9936119548045439,2
0.0005031472920849214,False,377,time1,0.9825894222450545,3,time1,TIME1,0.9885070229070557,10
0.00012033389192362769,False,377,time1,0.9795182110978005,2,time1,TIME1,0.986644720351397,0
0.0002475318993243712,False,377,time0,0.9699636235884072,1,time0,TIME0,0.9803897191677011,13
0.00019678107209815512,False,377,time0,0.9692968300612728,0,time0,TIME0,0.9799740661645928,11
0.0008207944513859812,False,377,time0,0.8867148272561285,4,time0,TIME0,0.9260773596584984,5
0.0003961029736495672,False,378,time0,0.9227914527471679,5,time0,TIME0,0.9496758082448817,2
0.0004397099597752444,False,378,time0,0.9126919806966434,0,time0,TIME0,0.9430958889668968,11
0.0012200433648716443,False,378,time1,0.888006504747462,2,time1,TIME1,0.9267772129081453,0
0.0018440087386512112,False,378,time1,0.8833466961456239,3,time1,TIME1,0.9235299494361277,10
0.0025994034280625417,False,378,time0,0.7059646529920476,1,time0,TIME0,0.807967233245009,13
0.003233169890509593,False,378,time0,0.6448906177757012,4,time0,TIME0,0.7680472920925274,5
0.0005613184011139266,False,379,time0,0.9419773360787966,5,time0,TIME0,0.9620888070108279,2
0.0031790640172875266,False,379,time0,0.6759803385474179,0,time0,TIME0,0.788274547649771,11
0.004566165231859403,False,379,time1,0.6023598360559873,2,time1,TIME1,0.739935735605241,0
0.007927666313426522,False,379,time1,0.5400914251608887,3,time1,TIME1,0.6982847431448783,10
0.005372140706264656,False,379,time0,0.40616843017378257,1,time0,TIME0,0.6121292303657659,13
0.008769208428404788,False,379,time0,0.37071834511609003,4,time0,TIME0,0.5878977013755169,5
5.387099501666269e-06,False,380,time1,0.9989061397040447,2,time1,TIME1,0.9992871053228035,0
7.242699471510125e-06,False,380,time0,0.9970534871146408,5,time0,TIME0,0.9980822316797016,2
4.680744106768462e-05,False,380,time0,0.9955069424434905,4,time0,TIME0,0.997063129983895,5
0.00012112706721438396,False,380,time0,0.9848936446933819,0,time0,TIME0,0.9901384745771733,11
0.00017750734883118852,False,380,time1,0.9816155683417233,3,time1,TIME1,0.9879879918500292,10
4.8812241776705196e-05,False,380,time0,0.9763599440907617,1,time0,TIME0,0.9846168793743733,13
0.0004341224991066761,False,381,time0,0.9625388374155551,5,time0,TIME0,0.9754983014454235,2
0.0004582883070841328,False,381,time0,0.9317253482343076,0,time0,TIME0,0.9554610754448205,11
0.0013504294199783438,False,381,time1,0.8365865031005734,2,time1,TIME1,0.8933085767183803,0
0.0019384243234932287,False,381,time1,0.8007954564046852,3,time1,TIME1,0.8698385981498228,10
0.0034227723951976677,False,381,time0,0.7517068939623062,4,time0,TIME0,0.8374115107371798,5
0.0024692048798076525,False,381,time0,0.6528112906330309,1,time0,TIME0,0.7734631172035374,13
0.00028763507945251505,False,382,time0,0.9408901162944316,5,time0,TIME0,0.9614779033135723,2
0.0013070695766093214,False,382,time0,0.8472157871223629,0,time0,TIME0,0.9002327872777227,11
0.001375094485241696,False,382,time1,0.8384393277265898,2,time1,TIME1,0.8945042799524487,0
0.005406690670076226,False,382,time1,0.579732217053352,3,time1,TIME1,0.7249335993501521,10
0.004644755766025276,False,382,time0,0.48256193383555795,1,time0,TIME0,0.6620395924750038,13
0.01147284943171464,False,382,time0,0.4487013511420046,4,time0,TIME0,0.6376403809412028,5
4.393056354429342e-05,False,383,time1,0.9938736840667884,2,time1,TIME1,0.996002518946172,0
0.0001098935499860564,False,383,time0,0.982990025456321,0,time0,TIME0,0.9889050538041135,11
7.770834258457069e-05,False,383,time0,0.9812319789968862,5,time0,TIME0,0.9877735884280714,2
0.0002995249467607402,False,383,time0,0.9780388721127203,4,time0,TIME0,0.985620433141902,5
0.0005757141179040009,False,383,time1,0.9442862385951967,3,time1,TIME1,0.9635845551456115,10
0.002215476655236248,False,383,time0,0.8717533753205288,1,time0,TIME0,0.915864277129011,13
0.0005156842761810989,False,384,time1,0.8990911477438861,2,time1,TIME1,0.9342287565368625,0
0.0014061035323246452,False,384,time1,0.8766266597742138,3,time1,TIME1,0.9193151926169254,10
0.00079456337922282,False,384,time0,0.8301837307566053,5,time0,TIME0,0.8893413278090655,2
0.0016167860483826584,False,384,time0,0.7924570009071301,0,time0,TIME0,0.8645311754727006,11
0.0050738863010614775,False,384,time0,0.72284730587412,4,time0,TIME0,0.8180748886128065,5
0.0029525041962088438,False,384,time0,0.6420295769109675,1,time0,TIME0,0.7662858485234558,13
0.00034014044776091077,False,385,time0,0.9205160800182808,5,time0,TIME0,0.9482164028551663,2
0.002839362480654441,False,385,time0,0.6329225009560994,0,time0,TIME0,0.7604058487532355,11
0.007242465138677735,False,385,time1,0.5712589885927392,3,time1,TIME1,0.7187834797867432,10
0.005415954401445448,False,385,time0,0.4386141218605831,1,time0,TIME0,0.633203595168873,13
0.0050907935747254,False,385,time1,0.4039690105081559,2,time1,TIME1,0.6107980790791474,0
0.012082057569811816,False,385,time0,0.32655956607923214,4,time0,TIME0,0.5580349978020667,5
7.3013365827543114e-06,False,386,time0,0.9984961188344974,5,time0,TIME0,0.9990199217746194,2
2.0742363644657486e-05,False,386,time1,0.9967232715424122,3,time1,TIME1,0.9978628666752924,10
2.4901403609875333e-05,False,386,time0,0.9939754917125897,1,time0,TIME0,0.9960753541219198,13
6.495429368757368e-05,False,386,time0,0.989978320026407,4,time0,TIME0,0.9934631740143739,5
7.637264797656572e-05,False,386,time1,0.9857196545966491,2,time1,TIME1,0.9906910450610301,0
0.00015210817344272416,False,386,time0,0.9761374993345766,0,time0,TIME0,0.9844361367067698,11
0.00017911150647573827,False,387,time0,0.9661122168736964,5,time0,TIME0,0.9779102519406362,2
0.0009046615075043111,False,387,time0,0.8557759191912673,0,time0,TIME0,0.9059377159466973,11
0.00289285083942839,False,387,time1,0.8186788769718546,3,time1,TIME1,0.8811287722379055,10
0.003247808209508909,False,387,time0,0.6002643396346716,1,time0,TIME0,0.7390350878892085,13
0.008291777832949881,False,387,time0,0.4518301545109742,4,time0,TIME0,0.6407874781906007,5
0.02058905592961367,False,387,time0,0.0650246052891225,2,time0,TIME0,0.3850598238625648,14
0.00035665413967257464,False,388,time0,0.9324239777543903,5,time0,TIME0,0.9559507565914684,2
0.0033250098942226255,False,388,time1,0.7992850926495052,3,time1,TIME1,0.8683715567592004,10
0.0020553084647631013,False,388,time0,0.6833480419679544,0,time0,TIME0,0.7934568693165033,11
0.004636846791953336,False,388,time0,0.4969639793836444,2,time0,TIME0,0.6714036902221852,14
0.008332470878382679,False,388,time0,0.44984175721048214,4,time0,TIME0,0.6394807773793795,5
0.0054272060301310526,False,388,time0,0.3758927727856936,1,time0,TIME0,0.5924307802001549,13
9.396741347067423e-06,False,389,time0,0.9978616261718728,0,time0,TIME0,0.9986067681522459,11
7.970762931876546e-05,False,389,time1,0.9952430099206845,3,time1,TIME1,0.9968800587781833,10
0.00016223861667783715,False,389,time0,0.9863560612172503,4,time0,TIME0,0.9910746562753754,5
7.958986045563716e-05,False,389,time0,0.983625996932842,5,time0,TIME0,0.9893290415551879,2
0.00021305826236846917,False,389,time1,0.9783228992164004,2,time1,TIME1,0.9858353140988312,14
0.00023991595544075933,False,389,time0,0.9644471648069929,1,time0,TIME0,0.9768066865401411,13
0.0004900740160703209,False,390,time0,0.8938840447262102,5,time0,TIME0,0.930853103166412,2
0.0004704719909324722,False,390,time0,0.886970379957269,0,time0,TIME0,0.9263660817753985,11
0.0021019031057200994,False,390,time1,0.8464613492795577,3,time1,TIME1,0.8994642109447105,10
0.003030522266274113,False,390,time1,0.6978131308620786,2,time1,TIME1,0.8025178522671552,14
0.004168716049317459,False,390,time0,0.6861654868711281,4,time0,TIME0,0.7945485158489722,5
0.002131615839199837,False,390,time0,0.6735615027421292,1,time0,TIME0,0.7870689112386641,13
0.00022090042190473912,False,391,time0,0.9218135873769302,5,time0,TIME0,0.949101516647338,2
0.0013814080276372978,False,391,time0,0.810169655694455,0,time0,TIME0,0.8761267833917227,11
0.007237088318823214,False,391,time0,0.528850323574214,4,time0,TIME0,0.691219729411651,5
0.007981396361226994,False,391,time1,0.48779710235681534,3,time1,TIME1,0.6642746278055005,10
0.008434792799213223,False,391,time1,0.44502460564855567,2,time1,TIME1,0.6363138161918365,14
0.005078950609496314,False,391,time0,0.41275627374322316,1,time0,TIME0,0.6165139452197713,13
3.797746831962211e-05,False,392,time0,0.9966615756161878,4,time0,TIME0,0.9978167320366103,5
7.47175486876506e-05,False,392,time1,0.9940038869549963,2,time1,TIME1,0.996076375378707,14
5.693559183367794e-05,False,392,time0,0.9921854630324644,5,time0,TIME0,0.9949006235139601,2
9.169725549758839e-05,False,392,time0,0.9871394574068943,0,time0,TIME0,0.9916085532750571,11
0.0001757810783640445,False,392,time1,0.9837335846478958,3,time1,TIME1,0.9893653066437049,10
0.0001882076561327726,False,392,time0,0.978909455905965,1,time0,TIME0,0.9862252736592307,13
0.00036404150884816885,False,393,time0,0.937367358101383,5,time0,TIME0,0.9591613682378022,2
0.00035909824785608664,False,393,time0,0.9217077085981519,0,time0,TIME0,0.9489843262020491,11
0.002749094368796523,False,393,time1,0.7864496141151728,2,time1,TIME1,0.8602300661457835,14
0.003127144709355786,False,393,time1,0.7428170871571477,3,time1,TIME1,0.8317366060038714,10
0.002181104051801824,False,393,time0,0.6785385093313495,1,time0,TIME0,0.7902866446472465,13
0.004717649257596198,False,393,time0,0.6660742001806493,4,time0,TIME0,0.7812970528772634,5
0.0004906328331625003,False,394,time0,0.9358896801224853,0,time0,TIME0,0.9581565705880086,11
0.000534925289750364,False,394,time0,0.8829164007403636,5,time0,TIME0,0.9237084366298236,2
0.0036362014604827725,False,394,time1,0.7193080779236478,3,time1,TIME1,0.8162775801392022,10
0.0064323020112487085,False,394,time1,0.4974145497937311,2,time1,TIME1,0.6710681516619881,14
0.010181667509530147,False,394,time0,0.3465545616129151,4,time0,TIME0,0.5716968814200591,5
0.006861360303385295,False,394,time0,0.31904039490929936,1,time0,TIME0,0.5549747805848597,13
1.2567877733452721e-05,False,395,time0,0.999131376157873,1,time0,TIME0,0.9994309957454107,13
2.1038126643251347e-06,False,395,time0,0.9987069115732304,5,time0,TIME0,0.9991587561881674,2
2.2108289991004397e-05,False,395,time0,0.9970959490745158,0,time0,TIME0,0.9981046289969384,11
2.0491276445976656e-05,False,395,time1,0.9967200663290134,3,time1,TIME1,0.9978608711671026,10
0.00013833373797948634,False,395,time1,0.9848317846146861,2,time1,TIME1,0.9900922431912531,14
0.0001256076870110183,False,395,time0,0.9829973789444515,4,time0,TIME0,0.9889043336234397,5
0.0001150311413341616,False,396,time0,0.9533061587762484,5,time0,TIME0,0.9696087423050944,2
0.0016567648834637815,False,396,time1,0.8691687486943108,3,time1,TIME1,0.9143798189420898,10
0.0014205661143827624,False,396,time0,0.7919369219781924,0,time0,TIME0,0.8642618011457912,11
0.0034328178109750873,False,396,time1,0.6483386455874816,2,time1,TIME1,0.7702186333980218,14
0.0030744968845430928,False,396,time0,0.6399801305793005,1,time0,TIME0,0.7649110109669552,13
0.0048003345030779125,False,396,time0,0.5591184310855433,4,time0,TIME0,0.7117468631295258,5
0.000757702708003397,False,397,time0,0.8585001460399809,5,time0,TIME0,0.9077598989781864,2
0.004499960702246691,False,397,time1,0.7081089395168504,3,time1,TIME1,0.8086958244401664,10
0.002432127226227517,False,397,time0,0.6622841337611007,0,time0,TIME0,0.7796334424155358,11
0.003770671471642168,False,397,time0,0.5405643935179059,1,time0,TIME0,0.7000471207715641,13
0.007003534329828395,False,397,time0,0.4203370292232892,4,time0,TIME0,0.6207678319796981,5
0.0063108223286735265,False,397,time1,0.41155427651467086,2,time1,TIME1,0.6153014919195003,14
1.1039364435611173e-06,False,398,time1,0.9995508435322711,3,time1,TIME1,0.9997076619182209,10
1.1217160001396768e-05,False,398,time0,0.9970456899947072,5,time0,TIME0,0.9980757724905591,2
2.825814755484501e-05,False,398,time0,0.9944879428172623,0,time0,TIME0,0.9964072724795763,11
3.064567328823255e-05,False,398,time1,0.9929093513135375,2,time1,TIME1,0.9953803523681485,14
4.8049886402744126e-05,False,398,time0,0.9915936795362127,4,time0,TIME0,0.9945190742382973,5
1.608994500730327e-05,False,398,time0,0.9615433831949179,1,time0,TIME0,0.9749975675959441,13
0.0004557968909624948,False,399,time0,0.9307788466027209,5,time0,TIME0,0.9548467213799317,2
0.00047463645926163584,False,399,time0,0.9138677520604077,0,time0,TIME0,0.9438479160785235,11
0.0014502146206778704,False,399,time1,0.8874677369784733,3,time1,TIME1,0.9263464539187705,10
0.0020563639010577634,False,399,time0,0.8046678097367669,4,time0,TIME0,0.8723143489635283,5
0.005648287566608563,False,399,time1,0.5534323298962268,2,time1,TIME1,0.7077541137842345,14
0.0043258808832897415,False,399,time0,0.4607141177110316,1,time0,TIME0,0.6479501182030192,13
0.005172337950595772,False,400,time1,0.642580710381464,3,time1,TIME1,0.7658671434652431,10
0.0050195141843442,False,400,time1,0.6329614593893268,2,time1,TIME1,0.7596681186385419,14
0.007002159279581783,False,400,time0,0.5361313083847866,4,time0,TIME0,0.6960345947022577,5
0.005478359685084566,False,400,time0,0.4374551685942488,1,time0,TIME0,0.632428433696482,13
0.044835102634580896,False,400,time0,0.0,0,time0,TIME0,0.33430771407789667,1
7.787879701739742e-05,False,401,time1,0.9886199785817714,3,time1,TIME1,0.9925757284991954,10
0.00018466715794623157,False,401,time0,0.9846285781618945,4,time0,TIME0,0.9899439422999503,5
0.00019891197129184935,False,401,time0,0.9800576863741184,0,time0,TIME0,0.9869678769532249,1
0.0003148982510186086,False,401,time0,0.9657821652281724,1,time0,TIME0,0.9776481930104556,13
0.0006636678696231866,False,401,time1,0.9484838171253263,2,time1,TIME1,0.966282197377094,14
0.0028721786148752414,False,402,time1,0.7515842400384714,3,time1,TIME1,0.8375244935098001,10
0.0023975184128628892,False,402,time1,0.7403572113456803,2,time1,TIME1,0.8303930559301902,14
0.00226046368874731,False,402,time0,0.7228494032947527,1,time0,TIME0,0.8190609498505277,13
0.004994292483480721,False,402,time0,0.6514565234345904,4,time0,TIME0,0.7716987378632655,5
0.00275062892162487,False,402,time0,0.6353913411031018,0,time0,TIME0,0.7620416515944475,1
0.0011315288682300928,False,403,time0,0.7970569465081542,5,time0,TIME0,0.8676909801264197,2
0.005075967140085793,False,403,time1,0.578263792753645,3,time1,TIME1,0.7240948767908393,10
0.0060315495424148,False,403,time0,0.5082031082830838,1,time0,TIME0,0.6782209780441593,13
0.00961918185797075,False,403,time0,0.4550257527293413,4,time0,TIME0,0.6424000256237821,5
0.0075549116209244595,False,403,time1,0.3597879174008449,2,time1,TIME1,0.5812179272432256,14
0.007682726356421534,False,403,time0,0.3290704794800657,0,time0,TIME0,0.5612068574372951,1
5.909991731984697e-06,False,404,time1,0.99917817467345,3,time1,TIME1,0.9994637450406363,10
5.423104267015319e-05,False,404,time0,0.9940195186887347,1,time0,TIME0,0.9960937062827431,13
3.080034044063509e-05,False,404,time0,0.9929373685670912,0,time0,TIME0,0.9953985094494551,1
5.549834369736882e-05,False,404,time1,0.9915386270317261,2,time1,TIME1,0.9944806831503279,14
0.00010940753384959889,False,404,time0,0.9910477933881845,4,time0,TIME0,0.9941427730654726,5
0.00018924697221581045,False,404,time0,0.9647378257258968,5,time0,TIME0,0.9770133502815574,2
0.0006037728238162103,False,405,time0,0.9006227292450248,5,time0,TIME0,0.9351934535209305,2
0.0012372581781826654,False,405,time1,0.8751663537384851,3,time1,TIME1,0.9184250895676513,10
0.0018877031112899414,False,405,time0,0.8124795539468601,1,time0,TIME0,0.8774510139765076,13
0.005020570229427342,False,405,time0,0.6567394760520856,4,time0,TIME0,0.7751234598535561,5
0.0037781234484951924,False,405,time1,0.6197893299789089,2,time1,TIME1,0.7515407212793175,14
0.09459278125213273,False,405,time0,0.0,0,time0,TIME0,0.3168925265617535,3
0.0008402015120131403,False,406,time0,0.8878802642841581,0,time0,TIME0,0.9268281012554982,3
0.0007750604344100758,False,406,time0,0.8655046856772546,5,time0,TIME0,0.9123067745381719,2
0.004322911618943751,False,406,time1,0.6650719083942254,3,time1,TIME1,0.7807837213896162,10
0.004897750806337382,False,406,time1,0.5419312833176093,2,time1,TIME1,0.700541121374228,14
0.005671083448309113,False,406,time0,0.5090967862598756,1,time0,TIME0,0.678928031862011,13
0.0077663747052784575,False,406,time0,0.4708273482353476,4,time0,TIME0,0.6533195452061284,5
6.06482297190721e-06,False,407,time1,0.9997046551156372,3,time1,TIME1,0.999805903137124,10
1.421822165506193e-05,False,407,time1,0.9983890843339254,2,time1,TIME1,0.9989479284394722,14
1.1521299786789323e-05,False,407,time0,0.9969174472116572,0,time0,TIME0,0.9979923082326518,3
4.144425236772128e-05,False,407,time0,0.9896510477550351,4,time0,TIME0,0.9932586755524441,5
0.00014729804688134123,False,407,time0,0.9816407787750804,5,time0,TIME0,0.9880149518873937,2
0.001091766355988829,False,407,time0,0.911384647984216,1,time0,TIME0,0.9420179029651443,13
0.00027687700066080667,False,408,time0,0.9517329401818061,0,time0,TIME0,0.9685295041679427,3
0.0004893816206391756,False,408,time0,0.9270031732488814,5,time0,TIME0,0.9523807790445493,2
0.0019427710732397507,False,408,time1,0.8555527179603427,3,time1,TIME1,0.9054292967985889,10
0.0023492709111829495,False,408,time0,0.782296877454092,4,time0,TIME0,0.8576707255262458,5
0.004223717653322959,False,408,time1,0.6438863911086756,2,time1,TIME1,0.7670478530419761,14
0.004309152187579924,False,408,time0,0.5343913689071534,1,time0,TIME0,0.6958461865239969,13
0.001074523031083999,False,409,time0,0.8299764958271095,0,time0,TIME0,0.8891086392267418,3
0.0031053793036222217,False,409,time1,0.7919784768605567,3,time1,TIME1,0.863699127203094,10
0.0013716595991733252,False,409,time0,0.778363747784045,5,time0,TIME0,0.8554563551999187,2
0.003155394727047806,False,409,time0,0.7099424749606201,4,time0,TIME0,0.8103582205699363,5
0.0046369324281995096,False,409,time1,0.5720813757601904,2,time1,TIME1,0.7202299678942539,14
0.006352371330709071,False,409,time0,0.36462156644721866,1,time0,TIME0,0.5847806882249439,13
3.927636134693948e-06,False,410,time1,0.9986778991127969,3,time1,TIME1,0.999139259750671,10
3.915460523634514e-05,False,410,time0,0.9955684566146508,5,time0,TIME0,0.9971057926876903,2
2.9033991398563976e-05,False,410,time0,0.9948326125336471,0,time0,TIME0,0.9966310362498811,3
7.920333684481747e-05,False,410,time1,0.9895131582808248,2,time1,TIME1,0.9931558317146405,14
0.00012092288209484247,False,410,time0,0.9866405473677416,4,time0,TIME0,0.9912740327802989,5
0.00014070252127170346,False,410,time0,0.9846952055343505,1,time0,TIME0,0.9900026377148827,13
0.0009737242990301772,False,411,time1,0.9072068853220775,3,time1,TIME1,0.9393436719546898,10
0.0008512073423499834,False,411,time0,0.8663479928215362,0,time0,TIME0,0.9128282727641761,3
0.0009270797374178271,False,411,time0,0.8313985886187257,5,time0,TIME0,0.8900846046940756,2
0.001813104606116299,False,411,time0,0.7727700710530123,1,time0,TIME0,0.8516659595723173,13
0.0026667384778824373,False,411,time1,0.7062127973783527,2,time1,TIME1,0.8081049598286705,14
0.003864618898143139,False,411,time0,0.6672846200746583,4,time0,TIME0,0.7823823864341778,5
0.000666347046258502,False,412,time0,0.8803577946366837,0,time0,TIME0,0.921999345047654,3
0.002817684943391476,False,412,time1,0.787052132517003,3,time1,TIME1,0.8605976964058649,10
0.0028754338068772934,False,412,time0,0.582653473688001,5,time0,TIME0,0.7277183560647936,2
0.006133764722331868,False,412,time0,0.545156637571594,1,time0,TIME0,0.70220499676872,13
0.007835827730219944,False,412,time0,0.4058768476804716,4,time0,TIME0,0.6110774112867295,5
0.008204437790750812,False,412,time1,0.2594928378124307,2,time1,TIME1,0.5157987913513171,14
4.334449365531818e-05,False,413,time1,0.9958745486780074,3,time1,TIME1,0.9973032860679255,10
9.483558547768547e-05,False,413,time0,0.9898628432161898,1,time0,TIME0,0.9933776556356062,13
7.76200428887978e-05,False,413,time0,0.984365338099425,0,time0,TIME0,0.989810302749615,3
9.666775977414631e-05,False,413,time1,0.9811760367351211,2,time1,TIME1,0.9877305901619078,14
0.00011163701872775775,False,413,time0,0.9803014139149477,5,time0,TIME0,0.9871568460881613,2
0.0003541176985696103,False,413,time0,0.9575274383411564,4,time0,TIME0,0.9722688937272523,5
0.00041883259887055466,False,414,time0,0.9161122334459016,0,time0,TIME0,0.9453263603302313,3
0.0009908054832698592,False,414,time1,0.8609560142047958,2,time1,TIME1,0.9092746273139729,14
0.0012267559681158238,False,414,time0,0.841069190246087,5,time0,TIME0,0.8962656090711161,2
0.0025587430542781645,False,414,time0,0.8064711239677601,1,time0,TIME0,0.8733106705100467,13
0.0027044547505779932,False,414,time1,0.7699102525207977,3,time1,TIME1,0.8494951049758162,10
0.003290211950570241,False,414,time0,0.6505457117814551,4,time0,TIME0,0.7717031384752463,5
0.0009326286414826682,False,415,time0,0.848693632151156,5,time0,TIME0,0.9013244408737324,2
0.001072078846801927,False,415,time0,0.7890853656980075,0,time0,TIME0,0.8625302601073241,3
0.005194865153647191,False,415,time0,0.6298349222458037,1,time0,TIME0,0.7575744966559959,13
0.004481647127194188,False,415,time1,0.555566748061161,2,time1,TIME1,0.7095498097452366,14
0.00570535783386878,False,415,time1,0.5328954222936538,3,time1,TIME1,0.694385149249021,10
0.006640046615567447,False,415,time0,0.3816700648435412,4,time0,TIME0,0.5957615258328532,5
1.1581971741819857e-05,False,416,time0,0.9974194588987653,0,time0,TIME0,0.9983185945940878,3
3.509293972017877e-05,False,416,time0,0.9948025972818082,1,time0,TIME0,0.9966094057042733,13
4.859532600223237e-05,False,416,time1,0.9939521265833133,2,time1,TIME1,0.9960518739150529,14
3.3135367679950824e-05,False,416,time0,0.9937090337538,4,time0,TIME0,0.9958992745612821,5
5.119927286945282e-05,False,416,time0,0.9915835029623666,5,time0,TIME0,0.9945113571800339,2
7.892082094086154e-05,False,416,time1,0.9909607258457392,3,time1,TIME1,0.9940968495124012,10
0.0001157460999883434,False,417,time0,0.9775968815719513,0,time0,TIME0,0.9853974618867725,3
0.0017926645329034876,False,417,time0,0.790094547977973,4,time0,TIME0,0.8629340235991663,5
0.0025339470994916327,False,417,time1,0.7621938920378325,3,time1,TIME1,0.8445391483397691,10
0.002802173012923496,False,417,time0,0.7548639666991596,1,time0,TIME0,0.8396808177999304,13
0.0030721950553005716,False,417,time1,0.682236107164618,2,time1,TIME1,0.7923782013876466,14
0.11487283400714202,False,417,time0,0.0,5,time0,TIME0,0.3097945080975003,11
0.001005947270342057,False,418,time0,0.7959259871079185,0,time0,TIME0,0.8669998100755273,3
0.0032038086309122533,False,418,time1,0.7425003810897528,3,time1,TIME1,0.83150391468752,10
0.003461680472807385,False,418,time0,0.6643955589919558,5,time0,TIME0,0.7806455251792888,11
0.004648915008919987,False,418,time0,0.6090899683703301,4,time0,TIME0,0.7442813591875925,5
0.00583411456807376,False,418,time1,0.4292680685998252,2,time1,TIME1,0.6269823044910605,14
0.007193216585807338,False,418,time0,0.39049864566321074,1,time0,TIME0,0.6013064938760544,13
6.207771104610243e-05,False,419,time0,0.9885331109487895,5,time0,TIME0,0.9925247949178471,11
5.7045173760060844e-05,False,419,time0,0.9875876151892381,0,time0,TIME0,0.9919119840621888,3
0.00017719329007411753,False,419,time0,0.987224641893856,1,time0,TIME0,0.9916339995794803,13
0.00017001842612729014,False,419,time1,0.9836299664783007,3,time1,TIME1,0.9892999717617509,10
0.00010944791681876592,False,419,time1,0.9821665196252978,2,time1,TIME1,0.988369930985557,14
0.0009649399885888808,False,419,time0,0.9428424206169982,4,time0,TIME0,0.9625098444050427,5
8.104134536421073e-05,False,420,time0,0.9515164480520238,0,time0,TIME0,0.9684573267629379,3
0.0007893338354480624,False,420,time1,0.9259140419336432,3,time1,TIME1,0.9515678604144613,10
0.0007988490471918581,False,420,time0,0.8814831943563944,5,time0,TIME0,0.9226844791651392,11
0.001604161195815881,False,420,time1,0.7761404456568128,2,time1,TIME1,0.8539298332583928,14
0.002774342044635144,False,420,time0,0.7643496508981499,4,time0,TIME0,0.845856253368175,5
0.002579465808275145,False,420,time0,0.6988359122169269,1,time0,TIME0,0.8033405299081062,13
0.0021411283621278468,False,421,time1,0.8462408651145347,3,time1,TIME1,0.8993071673977028,10
0.001886960795203444,False,421,time0,0.6921637200981912,0,time0,TIME0,0.7992459817855031,3
0.004766397386336113,False,421,time0,0.5972794379933052,1,time0,TIME0,0.7365633956104307,13
0.005332506546927906,False,421,time1,0.4224570711175739,2,time1,TIME1,0.6227307189349982,14
0.009714470242563458,False,421,time0,0.4058264695873974,4,time0,TIME0,0.610387140646911,5
0.007791549326499491,False,421,time0,0.2965201691155298,5,time0,TIME0,0.5400110676608195,1
1.3850101212666025e-05,False,422,time1,0.9989372760840999,3,time1,TIME1,0.9993043819192404,10
3.5271720603777544e-05,False,422,time0,0.9968298832237165,1,time0,TIME0,0.9979270789932044,13
8.750154236800293e-05,False,422,time0,0.9944827927240456,4,time0,TIME0,0.9963831897308009,5
0.00010131374174163487,False,422,time0,0.9850748305047837,0,time0,TIME0,0.9902631800184998,3
0.00018725628461889433,False,422,time0,0.9836580262607624,5,time0,TIME0,0.989312177369879,1
0.00012083581265912273,False,422,time1,0.9814997455507475,2,time1,TIME1,0.9879325420735552,14
0.0006800827348716125,False,423,time1,0.9495770251083147,3,time1,TIME1,0.9669870373631995,10
0.0003483417925003247,False,423,time0,0.9054510741079069,0,time0,TIME0,0.9384212785427644,3
0.002437959825723994,False,423,time0,0.7903628293611958,1,time0,TIME0,0.8628825531457738,13
0.002275663919513579,False,423,time1,0.7249955111619307,2,time1,TIME1,0.8204505998834252,14
0.001921613644268118,False,423,time0,0.7014620848405989,5,time0,TIME0,0.8052777903708954,1
0.004260559502831878,False,423,time0,0.6641823880237737,4,time0,TIME0,0.7802273563894617,5
0.00037752335803134567,False,424,time0,0.9208014941497805,0,time0,TIME0,0.9483888380220464,3
0.0031963495515269637,False,424,time1,0.7815567567890399,3,time1,TIME1,0.8568931695698416,10
0.0038568836317174654,False,424,time1,0.6149025194106214,2,time1,TIME1,0.7483367283458027,14
0.006171500273329288,False,424,time0,0.5754243814333989,1,time0,TIME0,0.7218658228360441,13
0.0070218539927656975,False,424,time0,0.4556029135024061,4,time0,TIME0,0.643684244879096,5
0.007341205759810491,False,424,time0,0.3491692525881393,5,time0,TIME0,0.5743905921663569,11
1.950891815335657e-06,False,425,time1,0.9997810858659046,3,time1,TIME1,0.9998570230007027,10
3.7127013008608117e-06,False,425,time0,0.9996247960214947,5,time0,TIME0,0.9997548179685163,11
9.170842771742664e-06,False,425,time0,0.9979742214299849,0,time0,TIME0,0.9986800341345201,3
2.0079045790360963e-05,False,425,time1,0.996187354125541,2,time1,TIME1,0.997514752515575,14
4.5741696588917544e-05,False,425,time0,0.993979978763735,4,time0,TIME0,0.9960709766026217,5
0.00012413296033391503,False,425,time0,0.9872984430129239,1,time0,TIME0,0.9917005414222837,13
0.0001427621034315955,False,426,time0,0.9650361290958128,0,time0,TIME0,0.9772235171760772,3
0.0009065122244832224,False,426,time0,0.8585922825117569,5,time0,TIME0,0.9077677043540728,11
0.0020819257117520155,False,426,time1,0.8431056975258072,3,time1,TIME1,0.8972900293926616,10
0.0018568935438989078,False,426,time0,0.8419590885872015,1,time0,TIME0,0.8966234948413163,13
0.0015142677932673447,False,426,time1,0.8146594360061975,2,time1,TIME1,0.8789986396763849,14
0.003220317148121838,False,426,time0,0.6790726670194068,4,time0,TIME0,0.7902701225607718,5
4.181011204873088e-05,False,427,time0,0.9114573395382012,0,time0,TIME0,0.9424326371606138,3
0.0014338043213430439,False,427,time0,0.810408177713923,5,time0,TIME0,0.8762634840015799,11
0.0021497183675793065,False,427,time0,0.7537588121716874,4,time0,TIME0,0.8391908264829441,5
0.003798242690179094,False,427,time1,0.7179618813114983,3,time1,TIME1,0.8153458379109112,10
0.004280527764972763,False,427,time1,0.5248567341183702,2,time1,TIME1,0.6896586924592001,14
0.0076640471024221005,False,427,time0,0.44232180470964394,1,time0,TIME0,0.6348267565754209,13
1.4530601487653199e-05,False,428,time1,0.9983822869361634,2,time1,TIME1,0.9989434007979855,14
2.818801004872262e-05,False,428,time0,0.996671299487009,1,time0,TIME0,0.9978264788630389,13
2.9791796712792425e-05,False,428,time0,0.993961362724514,5,time0,TIME0,0.9960644586420846,11
6.307266166866721e-05,False,428,time0,0.9887130307682596,4,time0,TIME0,0.9926413945677847,5
7.432676989901822e-05,False,428,time0,0.9828842761249627,0,time0,TIME0,0.988848765111761,3
0.00033094931441791795,False,428,time1,0.9702205337463119,3,time1,TIME1,0.9805275146750565,10
8.932359555598536e-05,False,429,time0,0.9654355659214378,0,time0,TIME0,0.9775018545904899,3
0.0005252767533294692,False,429,time0,0.9342824502169748,5,time0,TIME0,0.9570997457773682,11
0.0017711193056701555,False,429,time1,0.8401425232066624,3,time1,TIME1,0.8954727483273459,10
0.001433918773577266,False,429,time0,0.8329003676464269,4,time0,TIME0,0.8908833673994254,5
0.0029756809765683215,False,429,time1,0.5879022776759789,2,time1,TIME1,0.7310949921475873,14
0.00411403588562935,False,429,time0,0.5873446891412499,1,time0,TIME0,0.7303341353818422,13
0.0003033081613043634,False,430,time0,0.9376079513975115,0,time0,TIME0,0.9593390105519259,3
0.0006352119292278391,False,430,time0,0.9164401239446919,5,time0,TIME0,0.94546375638882,11
0.0007580287649667594,False,430,time1,0.8952261011703855,3,time1,TIME1,0.9316316556930122,10
0.0033347300140222826,False,430,time0,0.6265691331405684,1,time0,TIME0,0.7561027810364616,13
0.004096188642552454,False,430,time0,0.6023864605515064,4,time0,TIME0,0.7401175333335858,5
0.0030549675588962192,False,430,time1,0.5583167818922719,2,time1,TIME1,0.711836669584363,14
2.2751903074423994e-05,False,431,time1,0.99636523767131,2,time1,TIME1,0.9976294413202755,14
2.7650516407206467e-05,False,431,time0,0.9963145105290312,5,time0,TIME0,0.9975947541631278,11
0.00011350903062037238,False,431,time0,0.9855643005962347,1,time0,TIME0,0.9905770672268355,13
0.0002665844928591056,False,431,time0,0.9835332122366157,4,time0,TIME0,0.9892032833812996,5
0.00011908049790824989,False,431,time1,0.9767525318742022,3,time1,TIME1,0.9848474675439636,10
0.00039676229157330434,False,431,time0,0.9567008848286647,0,time0,TIME0,0.9717167083365814,3
0.00031246905815285423,False,432,time1,0.9335124506408564,3,time1,TIME1,0.9566737287462033,10
0.00023444819780705232,False,432,time0,0.9058614650448239,0,time0,TIME0,0.9387278954099031,3
0.0015045509203395805,False,432,time0,0.8146894238847258,4,time0,TIME0,0.8790215327029529,5
0.0016068987146805208,False,432,time0,0.7989829144228062,5,time0,TIME0,0.8687764798246859,11
0.0013844430411391177,False,432,time1,0.776117944074484,2,time1,TIME1,0.8539921085840159,14
0.0026243258079234003,False,432,time0,0.7434036561279653,1,time0,TIME0,0.8322938624504044,13
0.0005008261338081636,False,433,time0,0.8846215153654298,0,time0,TIME0,0.9248286958406965,3
0.004297690323939259,False,433,time1,0.6727919307023369,3,time1,TIME1,0.7858105633431403,10
0.002619737977938836,False,433,time0,0.6676819534740769,5,time0,TIME0,0.7830763614658713,11
0.005529245067247934,False,433,time0,0.6062136023283192,1,time0,TIME0,0.7421036057398707,13
0.003517939833812368,False,433,time1,0.5249796859574141,2,time1,TIME1,0.6900055169304848,14
0.0062002273782600596,False,433,time0,0.36401852730999695,4,time0,TIME0,0.584441963169107,5
4.3686480583904826e-05,False,434,time1,0.9963818450947813,2,time1,TIME1,0.9976329090434035,14
4.949803882854488e-05,False,434,time0,0.9956534629454195,1,time0,TIME0,0.9971574266009327,13
1.9928224786011158e-05,False,434,time0,0.9950653905070596,0,time0,TIME0,0.9967855289509135,3
3.5797897755268796e-05,False,434,time0,0.9949165690215176,5,time0,TIME0,0.9966832405997721,11
3.077659134837213e-05,False,434,time0,0.9944620423974431,4,time0,TIME0,0.996389555751366,5
0.0001495886135369839,False,434,time1,0.9868832783542819,3,time1,TIME1,0.9914217749155453,10
5.0932078142241165e-05,False,435,time0,0.98544306875089,0,time0,TIME0,0.9905201684607288,3
0.001074403302682951,False,435,time1,0.9161626539254117,3,time1,TIME1,0.9451296838955786,10
0.0025131876152563646,False,435,time0,0.8082299750200359,1,time0,TIME0,0.8744698680976837,13
0.0015950137430463215,False,435,time0,0.764843136558372,5,time0,TIME0,0.8465897839528755,11
0.0019114541821154628,False,435,time1,0.6858080444633321,2,time1,TIME1,0.7951062199374255,14
0.00181837630849329,False,435,time0,0.611720329865588,4,time0,TIME0,0.7469817827046596,5
0.0011746389053928607,False,436,time1,0.913279568351887,3,time1,TIME1,0.9432205958118389,10
0.0003839764905521523,False,436,time0,0.9065867810109157,0,time0,TIME0,0.9391470158854021,3
0.0021388975582079814,False,436,time0,0.6964588177066128,5,time0,TIME0,0.8019496173639256,11
0.0031445286643994744,False,436,time0,0.6433402817843898,4,time0,TIME0,0.7670705981273136,5
0.0048546189542540835,False,436,time0,0.616520614009904,1,time0,TIME0,0.7490392824724487,13
0.003650729588767226,False,436,time1,0.46567320208678925,2,time1,TIME1,0.6514098260003445,14
6.726778979057276e-06,False,437,time0,0.998035436454157,0,time0,TIME0,0.9987206793225594,3
6.232455020121059e-06,False,437,time1,0.9977774849573713,2,time1,TIME1,0.9985531838630344,14
3.3046151630684735e-05,False,437,time0,0.996031512530297,1,time0,TIME0,0.9974089169916223,13
7.827954471738825e-05,False,437,time1,0.9945185322322563,3,time1,TIME1,0.9964096481103155,10
6.362236595828812e-05,False,437,time0,0.9885093511392001,5,time0,TIME0,0.9925088104123947,11
0.00013597232356449474,False,437,time0,0.9816763786763213,4,time0,TIME0,0.9880420558263612,5
0.00015824600426331332,False,438,time1,0.9866674377051775,3,time1,TIME1,0.9912784484068733,10
9.983897067370494e-05,False,438,time0,0.9751740267954077,0,time0,TIME0,0.9838281737772792,3
0.0003248642959979606,False,438,time0,0.9225683103720712,5,time0,TIME0,0.949555699238247,11
0.0010854706713886379,False,438,time1,0.7929016161136951,2,time1,TIME1,0.8650061357389158,14
0.0017289144355122595,False,438,time0,0.7786621913279204,4,time0,TIME0,0.8555253043107189,5
0.003175024096934877,False,438,time0,0.6857359490435407,1,time0,TIME0,0.7946171084443743,13
0.0005235439383861662,False,439,time0,0.9106715339345469,0,time0,TIME0,0.9417532566790203,3
0.0013098821793864825,False,439,time1,0.9050212022405516,3,time1,TIME1,0.9378053226935733,10
0.0014404287517223837,False,439,time0,0.8014570709778659,5,time0,TIME0,0.87044294607251,11
0.002050563161491735,False,439,time1,0.6768890284952243,2,time1,TIME1,0.7892601714153736,14
0.003984103377940179,False,439,time0,0.5465807456512893,4,time0,TIME0,0.703883048491059,5
0.0057198145309715915,False,439,time0,0.4631657045291585,1,time0,TIME0,0.649055772858113,13
6.244064806679247e-06,False,440,time0,0.9990759990063066,5,time0,TIME0,0.9993972139314169,11
4.6042371511750634e-05,False,440,time1,0.9981705747132237,3,time1,TIME1,0.9987947587335664,10
2.746177929534258e-05,False,440,time0,0.9964682245550268,4,time0,TIME0,0.997694734338014,5
7.557961537060944e-06,False,440,time1,0.9946888213546504,2,time1,TIME1,0.9965450885939848,14
9.414977257197912e-05,False,440,time0,0.9892445940042521,1,time0,TIME0,0.9929760336823636,13
0.00010241192006082355,False,440,time0,0.9843326824198696,0,time0,TIME0,0.9897803994008939,3
0.0008360534809729341,False,441,time1,0.9326858974168397,3,time1,TIME1,0.9559532146026053,10
0.0003485391921649339,False,441,time0,0.9193749275388793,0,time0,TIME0,0.9474717141830138,3
0.00047133565885596406,False,441,time0,0.8990354848010493,5,time0,TIME0,0.9342080976400825,11
0.0016080550069333538,False,441,time0,0.8152444975774419,1,time0,TIME0,0.8793461041729105,13
0.0015531008884292867,False,441,time1,0.7980181433504997,2,time1,TIME1,0.8681682078668744,14
0.0010138022651687783,False,441,time0,0.6838371504498801,4,time0,TIME0,0.7941393169996129,5
0.0021165974332595667,False,442,time1,0.8353381537722878,3,time1,TIME1,0.8922289908503462,10
0.0015652134454902237,False,442,time0,0.8014390476866355,5,time0,TIME0,0.8703875562903916,11
0.000643317237584548,False,442,time0,0.7823770123795982,0,time0,TIME0,0.8583198970135842,3
0.0028561918293929355,False,442,time1,0.6742880771249314,2,time1,TIME1,0.787287582990918,14
0.0037462643297648023,False,442,time0,0.5749899844676016,4,time0,TIME0,0.7224322973885233,5
0.005603262788211747,False,442,time0,0.5402982109012738,1,time0,TIME0,0.6992326951099539,13
6.385737733617147e-06,False,443,time1,0.9996695894093647,3,time1,TIME1,0.9997829981078803,10
1.0013850134371154e-06,False,443,time0,0.999071719966401,5,time0,TIME0,0.9993962674934058,11
1.022238377136529e-05,False,443,time0,0.9987588157720071,0,time0,TIME0,0.9991896524174846,3
2.627026926310179e-05,False,443,time1,0.9969582611198599,2,time1,TIME1,0.9980136751336668,14
7.50170472535772e-05,False,443,time0,0.9904822741811777,1,time0,TIME0,0.9937872222512268,13
0.00014925974092690187,False,443,time0,0.976888863470237,4,time0,TIME0,0.9849255203463296,5
0.0008980578773980346,False,444,time0,0.8898380204225608,5,time0,TIME0,0.9280803930175752,11
0.0007280438015717572,False,444,time0,0.8729210799814903,0,time0,TIME0,0.9171438866574186,3
0.0014293421047148333,False,444,time1,0.8710834345482048,3,time1,TIME1,0.9157039627196829,10
0.001003725699714137,False,444,time1,0.8548459087728735,2,time1,TIME1,0.9052985367074677,14
0.0034509832474974803,False,444,time0,0.7267675798038018,1,time0,TIME0,0.8211910827358471,13
0.0036085531287383924,False,444,time0,0.5863607609584899,4,time0,TIME0,0.72987150102796,5
0.0006098111430865216,False,445,time0,0.8874746888238926,0,time0,TIME0,0.9266451138354499,3
0.0019817994880389957,False,445,time0,0.78066419202151,5,time0,TIME0,0.8567380949931679,11
0.002521261976865345,False,445,time0,0.657405284013015,4,time0,TIME0,0.7764309929165569,5
0.003015244719370896,False,445,time1,0.6567273583681089,2,time1,TIME1,0.775817447287491,14
0.0049349193723305165,False,445,time1,0.6130406170561535,3,time1,TIME1,0.7467491793061841,10
0.0052571162108714,False,445,time0,0.5963849385416677,1,time0,TIME0,0.735810219378279,13
2.4518849014575015e-06,False,446,time0,0.9994154381073134,0,time0,TIME0,0.9996191766100382,3
1.528362369030906e-05,False,446,time1,0.9983973656635213,2,time1,TIME1,0.9989529384129974,14
5.839507343259692e-05,False,446,time0,0.9963827744308131,1,time0,TIME0,0.9976283651043271,13
5.68555234654771e-05,False,446,time0,0.9934481424034732,5,time0,TIME0,0.9957213931290447,11
0.00030878824690478844,False,446,time1,0.9693473755594463,3,time1,TIME1,0.9799677182272234,10
0.00020996512224991172,False,446,time0,0.9614375451966329,4,time0,TIME0,0.9748609165850239,5
0.00023010695252303622,False,447,time0,0.9572703506563484,0,time0,TIME0,0.9721451904932434,3
0.0016177526015592543,False,447,time1,0.8523978971893349,3,time1,TIME1,0.9034924197625219,10
0.000954355896471492,False,447,time0,0.8192792049086679,4,time0,TIME0,0.882197458626869,5
0.0014958238360153954,False,447,time0,0.814968052247197,5,time0,TIME0,0.8792056956180727,11
0.0017708406834758522,False,447,time1,0.7941829242166162,2,time1,TIME1,0.865599106501584,14
0.002741672019649521,False,447,time0,0.7480381707627946,1,time0,TIME0,0.8352652257889391,13
0.00031246680056224124,False,448,time0,0.9440119597803508,0,time0,TIME0,0.9634984104770312,3
0.00018197250793705196,False,448,time1,0.8802734567509635,3,time1,TIME1,0.9221140565103483,10
0.0019449200965738155,False,448,time0,0.7124414445085064,4,time0,TIME0,0.8124062168967283,5
0.003312222495131714,False,448,time0,0.5697645373858562,5,time0,TIME0,0.7191876714275104,11
0.005382172322836531,False,448,time0,0.5149745293174887,1,time0,TIME0,0.6828496837433748,13
0.004520398949094063,False,448,time1,0.487847346220325,2,time1,TIME1,0.6655186354110283,14
1.6380435406191288e-05,False,449,time1,0.9983177492606241,3,time1,TIME1,0.9989008038670135,10
3.6344998839983444e-05,False,449,time0,0.9930814485858216,5,time0,TIME0,0.99549022083119,11
7.367471938775993e-05,False,449,time0,0.9865688008582388,0,time0,TIME0,0.9912439344060695,3
9.445260044990522e-05,False,449,time1,0.9851981781858019,2,time1,TIME1,0.9903457574106138,14
3.165525702972839e-05,False,449,time0,0.9747927176571006,4,time0,TIME0,0.983604187137155,5
0.0004264976263253589,False,449,time0,0.9566166001228628,1,time0,TIME0,0.9716515159106469,13
0.0001539007384387112,False,450,time0,0.9684910674598258,0,time0,TIME0,0.9794653285904332,3
0.00035365890035144186,False,450,time0,0.9358823231316071,5,time0,TIME0,0.9581997294204216,11
0.00012163436558145147,False,450,time1,0.9252586206956676,3,time1,TIME1,0.9513755314242305,10
0.0008854591012711467,False,450,time0,0.8635106425794677,4,time0,TIME0,0.9109720069912091,5
0.0017720777416670192,False,450,time1,0.7281467004934635,2,time1,TIME1,0.8226751281111678,14
0.0035780743364214403,False,450,time0,0.5781865073624453,1,time0,TIME0,0.7245689037678419,13
0.0005224969743978495,False,451,time0,0.9184548094519892,0,time0,TIME0,0.9468127522027536,3
0.0010340688336648166,False,451,time0,0.8315874594295966,5,time0,TIME0,0.890169924537455,11
0.0024727238801509972,False,451,time0,0.7132534784796033,4,time0,TIME0,0.8127493076536894,5
0.0023371186814060718,False,451,time1,0.700378714869597,2,time1,TIME1,0.804428173126746,14
0.0033481990532811946,False,451,time1,0.7005155801011601,3,time1,TIME1,0.8041632573971056,10
0.0037501812748445113,False,451,time0,0.6031014591500067,1,time0,TIME0,0.7407033850013087,13
1.773868372491273e-05,False,452,time0,0.9962322442418723,5,time0,TIME0,0.9975447502179133,11
8.042027964996095e-05,False,452,time1,0.9913478879896119,3,time1,TIME1,0.9943479800953703,10
6.452591586876051e-05,False,452,time0,0.9907653890851882,4,time0,TIME0,0.9939749188348184,5
0.0002456755510520208,False,452,time0,0.9868555840984834,1,time0,TIME0,0.9913701432211459,13
0.00024297108432860272,False,452,time1,0.9783084206018926,2,time1,TIME1,0.9858154335117152,14
0.00013612075380575156,False,452,time0,0.9777471358385516,0,time0,TIME0,0.9854879960312265,3
0.00042810498010942814,False,453,time1,0.9579698331945148,3,time1,TIME1,0.9725305548333962,10
0.00021602701939072604,False,453,time0,0.9574562075150744,0,time0,TIME0,0.9722709254280116,3
0.0004272619602618797,False,453,time0,0.9270802669049856,5,time0,TIME0,0.9524526318021489,11
0.001133134040522109,False,453,time1,0.8355123949226644,2,time1,TIME1,0.8926864597855492,14
0.0012575574183271254,False,453,time0,0.8057058096808439,4,time0,TIME0,0.873268631196134,5
0.0027826856936817358,False,453,time0,0.7414576070449708,1,time0,TIME0,0.8309735045864424,13
0.00042858054537698063,False,454,time1,0.9578730895390918,3,time1,TIME1,0.9724675050095277,10
0.00018020462424068773,False,454,time0,0.9435681332175133,0,time0,TIME0,0.9632562149728994,3
0.0012661128242999775,False,454,time0,0.8128037492980279,5,time0,TIME0,0.8778792975552132,11
0.0014971785933126773,False,454,time0,0.7667923233514684,4,time0,TIME0,0.847890997670795,5
0.002382589701758658,False,454,time1,0.7189972359604679,2,time1,TIME1,0.8165142969786886,14
0.005011208280183362,False,454,time0,0.6278182591421287,1,time0,TIME0,0.7563279455443195,13
1.2114096075043511e-06,False,455,time0,0.999586261398249,0,time0,TIME0,0.9997306459154992,3
7.694074909306376e-06,False,455,time1,0.9992320993853224,3,time1,TIME1,0.9994981716742414,10
2.6604034376436388e-05,False,455,time0,0.9963500275565349,1,time0,TIME0,0.9976182064997159,13
4.336767834992789e-05,False,455,time0,0.9940422241727308,5,time0,TIME0,0.9961122670248526,11
9.882521736527642e-05,False,455,time1,0.9915472388182478,2,time1,TIME1,0.9944711164057833,14
0.00010037660065847439,False,455,time0,0.9891346981530337,4,time0,TIME0,0.9929024219892415,5
0.000248482142042943,False,456,time1,0.9633407139024828,3,time1,TIME1,0.9760844952868988,10
0.0003225073206656349,False,456,time0,0.9430827783504773,0,time0,TIME0,0.9628909283655772,3
0.0006797458719127317,False,456,time0,0.8963349166606396,5,time0,TIME0,0.9323797847742462,11
0.002384563191081017,False,456,time0,0.7958550204244891,1,time0,TIME0,0.8664711661590395,13
0.0015068579242841808,False,456,time0,0.7898719347290288,4,time0,TIME0,0.8628893573003693,5
0.0015912556917598679,False,456,time1,0.784357038503099,2,time1,TIME1,0.8592751355348984,14
0.00048405908442411257,False,457,time1,0.932735174751529,3,time1,TIME1,0.9561084429089455,10
0.0005034336255999701,False,457,time0,0.9164067612826168,0,time0,TIME0,0.945488193064741,3
0.0015810871992447608,False,457,time0,0.7849388873746241,5,time0,TIME0,0.8596568962737701,11
0.003919238994701231,False,457,time0,0.6670596307651552,1,time0,TIME0,0.7822170263492054,13
0.0028426517648113677,False,457,time1,0.5880419181800715,2,time1,TIME1,0.7312323186993624,14
0.003581139383488269,False,457,time0,0.5465491869471317,4,time0,TIME0,0.7040035727314147,5
4.321853627005782e-06,False,458,time1,0.9985328215434384,2,time1,TIME1,0.9990448213544655,14
2.4527258698147035e-05,False,458,time1,0.9982274637706398,3,time1,TIME1,0.9988392669103714,10
1.4021194556319335e-05,False,458,time0,0.9978007601454815,5,time0,TIME0,0.9985655866764682,11
3.9771219184835615e-05,False,458,time0,0.9950452727552347,1,time0,TIME0,0.9967655073641879,13
5.254299587553653e-05,False,458,time0,0.9938160315376223,0,time0,TIME0,0.995962030450898,3
0.00018405224353224752,False,458,time0,0.9651603962175468,4,time0,TIME0,0.9772898392561691,5
0.00013537204544021504,False,459,time1,0.9827929967065968,3,time1,TIME1,0.9887680676433839,10
0.00012073030200569918,False,459,time0,0.9817112020829982,0,time0,TIME0,0.9880700257482469,3
0.0009384817368579684,False,459,time0,0.8658821337015751,5,time0,TIME0,0.9124949182981236,11
0.0012733934271959083,False,459,time1,0.796045908766322,2,time1,TIME1,0.8669841529985907,14
0.0008717982936410645,False,459,time0,0.7518912115872426,4,time0,TIME0,0.8384241581289333,5
0.0023435156278234204,False,459,time0,0.7479036867069387,1,time0,TIME0,0.835317165889772,13
0.00032364689660145717,False,460,time0,0.940652640967903,0,time0,TIME0,0.9613109402153264,3
0.0005737764456372098,False,460,time1,0.9337884698177813,3,time1,TIME1,0.9567616836255848,10
0.0012696339554030013,False,460,time0,0.8186281147691843,4,time0,TIME0,0.8816639027155787,5
0.0023234485390192976,False,460,time0,0.6739421059428993,5,time0,TIME0,0.7872491618742277,11
0.002714092683932863,False,460,time1,0.5740638042397345,2,time1,TIME1,0.7221915403164509,14
0.005396399709611911,False,460,time0,0.43028891308810935,1,time0,TIME0,0.6277990536089069,13
3.334428438599823e-06,False,461,time1,0.9994511184317845,2,time1,TIME1,0.9996420599307063,14
6.411400387586476e-06,False,461,time1,0.9992270026011727,3,time1,TIME1,0.9994953077006266,10
9.116922185831076e-06,False,461,time0,0.9990462794567411,0,time0,TIME0,0.9993768907241167,3
7.343215364241111e-06,False,461,time0,0.9985394786933691,5,time0,TIME0,0.9990480910253126,11
4.183371845619386e-05,False,461,time0,0.9903402081032092,1,time0,TIME0,0.9937064934656263,13
0.0006749924007292599,False,461,time0,0.9361691764186958,4,time0,TIME0,0.9582737173318969,5
0.00011650941927739765,False,462,time1,0.9892208673109526,3,time1,TIME1,0.9929527854553721,10
0.000620469050807099,False,462,time0,0.892232259697213,0,time0,TIME0,0.9297338046354059,3
0.0010179658710475954,False,462,time1,0.8084406227057936,2,time1,TIME1,0.8751301167038992,14
0.0014344666832091805,False,462,time0,0.7971057850377912,1,time0,TIME0,0.8676166969354411,13
0.0016916041232680533,False,462,time0,0.7618983921121159,4,time0,TIME0,0.8446418934297315,5
0.0015982168836333418,False,462,time0,0.7467692184899843,5,time0,TIME0,0.8348406161092181,11
0.0007269653327796054,False,463,time1,0.9217514640357298,3,time1,TIME1,0.9488840137567516,10
0.001255179287595123,False,463,time0,0.8252359684216952,4,time0,TIME0,0.8859640667234436,5
0.0012036960751444878,False,463,time0,0.7789797052614487,5,time0,TIME0,0.855915514793641,11
0.0013600135770174887,False,463,time1,0.769759856212085,2,time1,TIME1,0.849867901785899,14
0.0019297129662047745,False,463,time0,0.6849075013304029,0,time0,TIME0,0.7945144763265901,3
0.002797107283982206,False,463,time0,0.6812535749681046,1,time0,TIME0,0.7918358361798743,13
2.1022422199280463e-05,False,464,time1,0.9971411012216231,2,time1,TIME1,0.9981343579462854,14
1.8836066179994872e-05,False,464,time1,0.9962789678935119,3,time1,TIME1,0.9975747365076197,10
8.837237623922708e-05,False,464,time0,0.9944525670764409,1,time0,TIME0,0.9963632382680028,13
5.019456894811622e-05,False,464,time0,0.9914143372240222,0,time0,TIME0,0.9944017510964827,3
5.326401387755738e-05,False,464,time0,0.9887296254032888,5,time0,TIME0,0.9926556141072806,11
0.0005362834968490321,False,464,time0,0.9141606964728454,4,time0,TIME0,0.9440167534834524,5
0.0003526928291323926,False,465,time0,0.9359560528001137,5,time0,TIME0,0.9582479918298775,11
0.00038632656628170565,False,465,time0,0.9271264614335497,0,time0,TIME0,0.9524969856336087,3
0.0007161440160845468,False,465,time1,0.9199145568890112,3,time1,TIME1,0.9476938115722278,10
0.0011731142961096852,False,465,time0,0.8025170121585348,4,time0,TIME0,0.8712254678994091,5
0.002039749860511662,False,465,time0,0.8014959209535236,1,time0,TIME0,0.8702584361686112,13
0.001358673227714231,False,465,time1,0.7690194362400136,2,time1,TIME1,0.8493870979263088,14
0.0007664617537227772,False,466,time1,0.9183087796205011,3,time1,TIME1,0.9466324451395227,10
0.0008478137017011261,False,466,time0,0.8467009086314129,0,time0,TIME0,0.900058855814823,3
0.001632531144838442,False,466,time0,0.7511886182451687,4,time0,TIME0,0.8377012159586662,5
0.0031041180968213516,False,466,time0,0.693871796595311,1,time0,TIME0,0.7999302264530647,13
0.0023550028576507483,False,466,time1,0.6409477221364703,2,time1,TIME1,0.765791768388528,14
0.031048524174858132,False,466,time0,0.0,5,time0,TIME0,0.3391330165387996,1
1.8986733401838034e-06,False,467,time1,0.9996512604461034,2,time1,TIME1,0.9997726547542982,14
5.010292725725052e-06,False,467,time0,0.9987591937071277,4,time0,TIME0,0.9991917223071791,5
2.1006352720029635e-05,False,467,time1,0.9985736110903246,3,time1,TIME1,0.9990654949852591,10
1.5263321228658893e-05,False,467,time0,0.9912208570379694,1,time0,TIME0,0.9942882149122501,13
0.00010817540938173777,False,467,time0,0.9894171355714765,5,time0,TIME0,0.9930832767281761,1
0.00010913291951278839,False,467,time0,0.975135226968053,0,time0,TIME0,0.983799701007405,3
0.00025900393480588824,False,468,time0,0.9586627810739283,0,time0,TIME0,0.9730401563208713,3
0.0006084945872663537,False,468,time1,0.936602946356605,3,time1,TIME1,0.95857894202625,10
0.00046956428730893376,False,468,time1,0.9163156022961022,2,time1,TIME1,0.9454407939919083,14
0.0006460075246096216,False,468,time0,0.8697197502005344,5,time0,TIME0,0.915091734996734,1
0.0012850738459008594,False,468,time0,0.8362414229181092,1,time0,TIME0,0.8931071490507057,13
0.001286183464370233,False,468,time0,0.7698818559568797,4,time0,TIME0,0.8499730421594422,5
9.050917941286706e-05,False,469,time0,0.9783939462292057,0,time0,TIME0,0.9859243868361892,3
3.929970299482917e-05,False,469,time1,0.9555721295266796,3,time1,TIME1,0.9711081292962935,10
0.0008876063997045184,False,469,time0,0.8631353888994981,4,time0,TIME0,0.9107273405447773,5
0.0013464343470437137,False,469,time1,0.7911191508519104,2,time1,TIME1,0.8637561960322764,14
0.0011540802198912146,False,469,time0,0.7857205582541464,5,time0,TIME0,0.8603144347882333,1
0.005108275544714352,False,469,time0,0.44969289760116327,1,time0,TIME0,0.6405124870001061,13
2.2319503129638115e-05,False,470,time1,0.9976570912041927,3,time1,TIME1,0.9984692974566299,10
4.904445019096231e-05,False,470,time0,0.9954313293332393,1,time0,TIME0,0.9970131985090387,13
3.915876212018449e-05,False,470,time0,0.9936102347640456,4,time0,TIME0,0.9958329470298876,5
1.105619727854188e-05,False,470,time0,0.9933569551146095,5,time0,TIME0,0.9956781511554487,1
3.8652021809223544e-05,False,470,time0,0.9907053820513176,0,time0,TIME0,0.9939449701257232,3
4.10471764232499e-05,False,470,time1,0.9821149538497994,2,time1,TIME1,0.9883603534906215,14
6.776956625588115e-05,False,471,time0,0.9759509186499369,0,time0,TIME0,0.9843443777742694,3
0.00048235285324443205,False,471,time1,0.9523265022006976,3,time1,TIME1,0.968843402931818,10
0.0003570649450655772,False,471,time1,0.9201585808334932,2,time1,TIME1,0.9479781048109976,14
0.0005122166677319332,False,471,time0,0.8702896762323061,4,time0,TIME0,0.9155090137172928,5
0.0008757896123800685,False,471,time0,0.8411132826435842,5,time0,TIME0,0.8964171073539967,1
0.0024569875096634255,False,471,time0,0.6422374399014149,1,time0,TIME0,0.7665943903075374,13
0.00012883781722064773,False,472,time0,0.9851108458879909,0,time0,TIME0,0.9902769565911669,3
0.00029083882882801525,False,472,time1,0.9369455108748718,3,time1,TIME1,0.9589127884785769,10
0.0011613265277027776,False,472,time1,0.8285005523051259,2,time1,TIME1,0.8881188947136359,14
0.0014901454629338278,False,472,time0,0.7861333970426075,4,time0,TIME0,0.8604651571656681,5
0.0012007515681966806,False,472,time0,0.7715316729475831,5,time0,TIME0,0.8510753243670601,1
0.002485678899003376,False,472,time0,0.6480291361982246,1,time0,TIME0,0.7703489509141948,13
3.828842764576027e-06,False,473,time0,0.9982683269100041,5,time0,TIME0,0.9988730723965351,1
3.0126763549220168e-05,False,473,time0,0.9970316107545533,1,time0,TIME0,0.9980600026232174,13
2.593589219051395e-05,False,473,time0,0.9962383346199285,4,time0,TIME0,0.9975458399406869,5
4.644326189654143e-05,False,473,time1,0.9925827105800185,3,time1,TIME1,0.9951625067353482,10
0.00021021572749104595,False,473,time1,0.9678984722044288,2,time1,TIME1,0.9790604314282569,14
0.00016401167507628053,False,473,time0,0.9662589050179071,0,time0,TIME0,0.978010884175363,3
0.0001770247317637438,False,474,time1,0.9824058186224996,3,time1,TIME1,0.9885018234485075,10
0.00013105560828675507,False,474,time0,0.9657083691577668,4,time0,TIME0,0.977664570489648,5
0.00019160316119634955,False,474,time0,0.9241445348314135,0,time0,TIME0,0.950626886534,3
0.000784144826839592,False,474,time0,0.8682022304174769,5,time0,TIME0,0.914056999081966,1
0.0016716096832225325,False,474,time0,0.8085551427873462,1,time0,TIME0,0.8749757794226471,13
0.0015091550861483557,False,474,time1,0.7965224588782011,2,time1,TIME1,0.8672113939906787,14
0.00011544233990305744,False,475,time1,0.977104388379195,3,time1,TIME1,0.9850774476275107,10
0.0001233847466090184,False,475,time0,0.9735516887768448,0,time0,TIME0,0.982765413043636,3
0.0005618559106093094,False,475,time0,0.8918786559229337,4,time0,TIME0,0.9295244767811937,5
0.0021017344713111655,False,475,time0,0.7323208768794968,5,time0,TIME0,0.8252729629067139,1
0.0037850831183974666,False,475,time0,0.6905480787429984,1,time0,TIME0,0.7975314720915099,13
0.0027150287976854637,False,475,time1,0.6369936848182907,2,time1,TIME1,0.763095635052699,14
3.1236407384780394e-05,False,476,time1,0.9969163511760079,3,time1,TIME1,0.9979846955218205,10
2.6997923693708272e-05,False,476,time0,0.9959597782534227,5,time0,TIME0,0.997364406591432,1
4.923378340821277e-05,False,476,time0,0.9940730816578658,1,time0,TIME0,0.9961302712534199,13
3.685547115115714e-05,False,476,time1,0.990508817655288,2,time1,TIME1,0.9938178320610342,14
3.065813442743061e-05,False,476,time0,0.9871841792359014,4,time0,TIME0,0.9916589861562863,5
8.676695662689086e-05,False,476,time0,0.9816682580312424,0,time0,TIME0,0.9880539992854881,3
0.00018579337858477588,False,477,time0,0.971134590409338,4,time0,TIME0,0.9811724560835651,5
0.0003223348052301418,False,477,time1,0.9693930629267766,3,time1,TIME1,0.9799926737205743,10
0.00022795224716315901,False,477,time0,0.945354203303764,0,time0,TIME0,0.9644004488609395,3
0.0006862796435409391,False,477,time0,0.9083787960232348,5,time0,TIME0,0.9402060195398633,1
0.001079236474424917,False,477,time0,0.898190839146199,1,time0,TIME0,0.9334463126789807,13
0.0010936849528832497,False,477,time1,0.8175333436158287,2,time1,TIME1,0.8810138836167796,14
0.0006868844748957248,False,478,time1,0.898976807683886,3,time1,TIME1,0.9340945154283123,10
0.0004999750982456296,False,478,time0,0.8972392992654217,0,time0,TIME0,0.9330305532381382,3
0.000755155638468221,False,478,time0,0.8876626839307692,4,time0,TIME0,0.9267164400815362,5
0.0017945042916897606,False,478,time0,0.8216310585579435,1,time0,TIME0,0.8834321115605719,13
0.0017038116513318556,False,478,time0,0.7533352464630967,5,time0,TIME0,0.8390715761230467,1
0.0025982091879944613,False,478,time1,0.6242638674683701,2,time1,TIME1,0.7548621406386425,14
4.040012939231084e-05,False,479,time1,0.9976909365175369,3,time1,TIME1,0.9984849686911117,10
3.8953492596163185e-05,False,479,time0,0.9909680329349319,0,time0,TIME0,0.994115587685297,3
0.0001067433613136945,False,479,time0,0.9819285144214263,5,time0,TIME0,0.9882161741974673,1
0.0001338730306393822,False,479,time0,0.9748008307447635,1,time0,TIME0,0.9835736844233725,13
0.00013282818472765189,False,479,time1,0.9740758503048038,2,time1,TIME1,0.9831028128334678,14
0.00044716893769578746,False,479,time0,0.9301617161225216,4,time0,TIME0,0.9544486063514456,5
0.0003282221703236234,False,480,time1,0.972035714859603,3,time1,TIME1,0.9817083368991287,10
0.0004181786332122033,False,480,time0,0.952052689616015,4,time0,TIME0,0.9686878857287855,5
0.0003047455870039791,False,480,time0,0.9306801119618024,0,time0,TIME0,0.9548354118197202,3
0.0006846976559435325,False,480,time1,0.8858801997474391,2,time1,TIME1,0.9255824856562552,14
0.0012362659544251668,False,480,time0,0.8647274096919874,1,time0,TIME0,0.911640123215743,13
0.0013039150376359468,False,480,time0,0.7884600607064826,5,time0,TIME0,0.8620426691960411,1
0.0003205935687128668,False,481,time0,0.9273851063300343,0,time0,TIME0,0.9526881113654728,3
0.0018531580177862106,False,481,time1,0.8630908111408224,3,time1,TIME1,0.9103604219353094,10
0.0004970552472312584,False,481,time0,0.8144260178349179,4,time0,TIME0,0.8792029422561657,5
0.0016137582388778507,False,481,time1,0.7699096459805931,2,time1,TIME1,0.8498764545037782,14
0.00266738399660063,False,481,time0,0.554021525509802,5,time0,TIME0,0.7091804071825611,1
0.004284529940439659,False,481,time0,0.5444577513271621,1,time0,TIME0,0.7023979528835015,13
1.14257120685109e-05,False,482,time1,0.9991227830582589,3,time1,TIME1,0.9994258099886443,10
1.002152796382329e-05,False,482,time0,0.9988412584937103,0,time0,TIME0,0.9992433104861242,3
1.797492694823588e-05,False,482,time1,0.9974255130037628,2,time1,TIME1,0.998320292228014,14
4.7479705258939746e-05,False,482,time0,0.9942031354444819,5,time0,TIME0,0.9962154201420725,1
2.859995692012502e-05,False,482,time0,0.9912795479386121,4,time0,TIME0,0.9943216961751757,5
0.00016523696335683606,False,482,time0,0.9855703737936703,1,time0,TIME0,0.9905629100287108,13
4.6247310482652e-06,False,483,time0,0.9989633677759876,0,time0,TIME0,0.9993245703985251,3
0.00011233305420668917,False,483,time0,0.9779085865569646,4,time0,TIME0,0.9856012646930545,5
0.0006837826975906086,False,483,time1,0.9479585692881649,3,time1,TIME1,0.9659337460931505,10
0.0003506727167589477,False,483,time1,0.9252977395893562,2,time1,TIME1,0.9513207952822159,14
0.002114079078247693,False,483,time0,0.7213881211423105,5,time0,TIME0,0.8181623510651151,1
0.0026251701975450285,False,483,time0,0.6389541624594427,1,time0,TIME0,0.764401396029497,13
2.651835373943642e-05,False,484,time0,0.9930939092925948,0,time0,TIME0,0.9955017596163778,3
0.0003329207237129704,False,484,time0,0.9238265426034458,4,time0,TIME0,0.9503707304389403,5
0.0016350118564293083,False,484,time1,0.885948652181318,3,time1,TIME1,0.9252943697681064,10
0.0009431950787341398,False,484,time1,0.8524895683149346,2,time1,TIME1,0.9037881011271505,14
0.0013053322972171658,False,484,time0,0.7517891680363183,5,time0,TIME0,0.8382060929195809,1
0.005081767676722328,False,484,time0,0.47711314961650975,1,time0,TIME0,0.6583449285638785,13
9.039440375976497e-06,False,485,time0,0.9992536012776471,0,time0,TIME0,0.999511677026339,3
2.6562841274682815e-05,False,485,time1,0.9989312723649748,3,time1,TIME1,0.9992960300427876,10
5.470796502869212e-05,False,485,time0,0.9955323563890457,1,time0,TIME0,0.9970768838651197,13
1.910291212213991e-05,False,485,time0,0.9950249586612986,5,time0,TIME0,0.9967595371106013,1
2.3699066972089568e-05,False,485,time1,0.9926824894278595,2,time1,TIME1,0.9952353234546685,14
6.133418372419175e-05,False,485,time0,0.9890997830113399,4,time0,TIME0,0.9928933919930675,5
3.745364705271716e-05,False,486,time0,0.9932963407572181,0,time0,TIME0,0.9956295127157233,3
0.00011613505241153605,False,486,time0,0.97043800432021,4,time0,TIME0,0.9807440555397924,5
0.00028992534171391775,False,486,time0,0.9442435938849424,5,time0,TIME0,0.9636568621556127,1
0.0005929382659717138,False,486,time0,0.9360507742420648,1,time0,TIME0,0.958225474864252,13
0.00040665441948472116,False,486,time1,0.9334297795934922,2,time1,TIME1,0.9565870276889502,14
0.001125637825039545,False,486,time1,0.9212586677616078,3,time1,TIME1,0.9484241608062813,10
3.75901329908292e-05,False,487,time0,0.9721052734171767,0,time0,TIME0,0.981855271174618,3
0.0003992816612326446,False,487,time0,0.9021840488917768,4,time0,TIME0,0.9362798831982235,5
0.0013582601647306155,False,487,time1,0.901788956305349,3,time1,TIME1,0.9356874305408212,10
0.0006951811457646171,False,487,time0,0.8836818889393927,5,time0,TIME0,0.9241499144095877,1
0.0017670142449501558,False,487,time0,0.8279549568380893,1,time0,TIME0,0.8875522669590254,13
0.012344438910907097,False,487,time0,0.0,2,time0,TIME0,0.3456794463811825,2
1.7536956747397535e-06,False,488,time0,0.9996799142427512,4,time0,TIME0,0.9997913304643021,5
7.641986237687835e-06,False,488,time1,0.9991639191847411,3,time1,TIME1,0.9994538727748985,10
5.7594346945148505e-06,False,488,time0,0.9985159155218227,0,time0,TIME0,0.9990333292870417,3
4.773692473324628e-05,False,488,time0,0.9924181447557843,2,time0,TIME0,0.9950550861676031,2
9.461264840465359e-05,False,488,time0,0.9885864346961984,1,time0,TIME0,0.9925480681255874,13
8.12997950985704e-05,False,488,time0,0.9818035488329893,5,time0,TIME0,0.9881438518131584,1
3.6359327564674545e-05,False,489,time0,0.9902457782695723,0,time0,TIME0,0.9936470301105743,3
7.590580867722521e-05,False,489,time0,0.98238489347221,4,time0,TIME0,0.9885236137238995,5
0.00042447104557431504,False,489,time1,0.9686031669383504,3,time1,TIME1,0.9794434936439766,10
0.0006007531314911347,False,489,time0,0.9110837886325367,5,time0,TIME0,0.941994199015127,1
0.0007930433358532438,False,489,time0,0.8888016123850604,1,time0,TIME0,0.9274434828827406,13
0.0019246632686934556,False,489,time0,0.7982980691991087,2,time0,TIME0,0.8682201128353779,2
7.184359144649894e-05,False,490,time0,0.9799265247812382,0,time0,TIME0,0.9869270958507986,3
0.00012203796697744185,False,490,time0,0.9718549424767883,4,time0,TIME0,0.9816629993214703,5
0.0007822950230434005,False,490,time1,0.936521011630016,3,time1,TIME1,0.9584648543014451,10
0.0006355798911315683,False,490,time0,0.8815742598546372,5,time0,TIME0,0.9228008159436182,1
0.0018659429817232027,False,490,time0,0.7808236470558572,2,time0,TIME0,0.856882290542704,2
0.0027349242081382533,False,490,time0,0.749966229761992,1,time0,TIME0,0.8365208258724464,13
8.332512894300112e-07,False,491,time0,0.9996928594394912,0,time0,TIME0,0.9998000669977181,3
1.1407273228887111e-05,False,491,time1,0.9989869078777267,3,time1,TIME1,0.9993374975748922,10
8.201770415733841e-06,False,491,time0,0.9973553134417285,4,time0,TIME0,0.998278083117478,5
3.0514257416679718e-05,False,491,time0,0.9935950449975637,2,time0,TIME0,0.9958260992583206,2
1.892765396771392e-05,False,491,time0,0.9928843679828196,5,time0,TIME0,0.9953682145099441,1
0.0001358571864432327,False,491,time0,0.984971748313529,1,time0,TIME0,0.9901840863885387,13
3.73626078087847e-05,False,492,time0,0.9857324982802634,4,time0,TIME0,0.9907130469694381,5
0.00019444903172731893,False,492,time1,0.9849017555699194,3,time1,TIME1,0.9901180839593431,10
2.0715738660981638e-05,False,492,time0,0.9786713737396535,0,time0,TIME0,0.9861291424222435,3
0.00048508078369051313,False,492,time0,0.8875738198485843,2,time0,TIME0,0.9267532046272882,2
0.0013191137464310158,False,492,time0,0.8454275085665228,1,time0,TIME0,0.899066190756989,13
0.0009302057647973929,False,492,time0,0.8418336143259632,5,time0,TIME0,0.8968662772941969,1
0.0007085973726228975,False,493,time1,0.9735800973698365,3,time1,TIME1,0.9825790542099757,10
0.00014002732411511548,False,493,time0,0.9693235316995406,0,time0,TIME0,0.9800112860412611,3
0.0012063004722615215,False,493,time0,0.7329976476583027,5,time0,TIME0,0.8260262658126052,1
0.002329029303014587,False,493,time0,0.7308067749663852,2,time0,TIME0,0.8242092434720953,2
0.002702047600928449,False,493,time0,0.688909371765124,1,time0,TIME0,0.7968453749870057,13
0.06281191862810373,False,493,time1,0.0,4,time1,TIME1,0.32801582848016364,14
2.515586134060897e-06,False,494,time0,0.9992467049431892,5,time0,TIME0,0.9995094777579261,1
1.2243116823690051e-05,False,494,time1,0.9988999075785824,3,time1,TIME1,0.9992806548351902,10
1.8720935400279498e-05,False,494,time0,0.9982272784078988,1,time0,TIME0,0.9988411786377442,13
7.712697653783471e-06,False,494,time0,0.9950279032919709,2,time0,TIME0,0.9967654376956023,2
5.2767404187394855e-05,False,494,time1,0.991551623715566,4,time1,TIME1,0.9944900868236524,14
0.0001851444734806638,False,494,time0,0.9535734829182293,0,time0,TIME0,0.9697579633311308,3
6.182156646395572e-06,False,495,time0,0.9983786529263361,0,time0,TIME0,0.9989439606472923,3
0.0005559439149485784,False,495,time1,0.9526407147327615,3,time1,TIME1,0.969021884206063,10
0.0003049677947991445,False,495,time0,0.9497582934961468,5,time0,TIME0,0.9672361520443158,1
0.0004705094314239863,False,495,time0,0.9466441863642377,2,time0,TIME0,0.9651540428357561,2
0.0004437947275459139,False,495,time1,0.9393244782241114,4,time1,TIME1,0.9604055826910314,14
0.0017050192847464939,False,495,time0,0.7626042039518132,1,time0,TIME0,0.8450959758190173,13
1.9863453813754597e-05,False,496,time0,0.9968415906012064,0,time0,TIME0,0.9979400816819493,3
0.00022912875626676215,False,496,time0,0.9432846557595144,2,time0,TIME0,0.9630548311789909,2
0.0018127529293044072,False,496,time1,0.8522968318847771,3,time1,TIME1,0.9033584771998486,10
0.0011238075024747106,False,496,time0,0.8057797622717404,5,time0,TIME0,0.8733635128507651,1
0.0029782687334669045,False,496,time0,0.5919547413105781,1,time0,TIME0,0.7337281877951624,13
0.06311922206527222,False,496,time0,0.0,4,time0,TIME0,0.3279082722771547,5
1.4732237305435077e-05,False,497,time1,0.99925186169932,3,time1,TIME1,0.9995085538215012,10
3.837973006387936e-06,False,497,time0,0.9976038941840393,0,time0,TIME0,0.9984411879290733,3
1.633768069857129e-05,False,497,time0,0.9959678163201743,4,time0,TIME0,0.9973733624198688,5
2.5655820952797642e-05,False,497,time0,0.9886220959450451,2,time0,TIME0,0.9925953828269458,2
0.00011487798029909215,False,497,time0,0.9853917099088196,5,time0,TIME0,0.990464404147628,1
0.00036645122048256624,False,497,time0,0.9425488557638572,1,time0,TIME0,0.9625284983193383,13
0.00011351396434367827,False,498,time0,0.9677594088728557,0,time0,TIME0,0.979003885879836,3
0.00010792326948631044,False,498,time0,0.9524233979565812,2,time0,TIME0,0.9690374355274576,2
0.0008685814553132463,False,498,time0,0.89190388378696,1,time0,TIME0,0.9294335209521642,13
0.0013123458448999117,False,498,time1,0.882545910984096,3,time1,TIME1,0.9231955210939475,10
0.0006793534062726862,False,498,time0,0.8386623618340134,5,time0,TIME0,0.8948927614999134,1
0.06202267550213917,False,498,time1,0.0,4,time1,TIME1,0.3282920635742513,14
8.959415130292982e-05,False,499,time0,0.9676260206708306,0,time0,TIME0,0.9789255554830838,3
0.00042586225408183136,False,499,time0,0.8800633701360934,2,time0,TIME0,0.921892138799532,2
0.0010794366643700592,False,499,time0,0.8618687073453857,5,time0,TIME0,0.9098368569419711,1
0.0014987135520000113,False,499,time0,0.825284483633821,1,time0,TIME0,0.8859103646187836,13
0.002237116447613459,False,499,time1,0.8015371546267895,3,time1,TIME1,0.8702161597507485,10
0.0012909591056008479,False,499,time1,0.7208814471960924,4,time1,TIME1,0.8181211049904997,14
7.151048268324423e-06,False,500,time1,0.9989617347860239,3,time1,TIME1,0.9993226247440217,10
4.0850807259973864e-05,False,500,time0,0.9971170658596995,1,time0,TIME0,0.9981117950262637,13
4.347280533977816e-05,False,500,time0,0.9959112706425919,5,time0,TIME0,0.9973271104358157,1
6.573237451187896e-06,False,500,time0,0.9956404364152387,0,time0,TIME0,0.9971639830367972,3
4.2909054524292774e-05,False,500,time0,0.9946006253237615,2,time0,TIME0,0.9964753882913615,2
7.671455246504571e-05,False,500,time1,0.9832248166239138,4,time1,TIME1,0.9890692807121811,14
1.5717114381121435e-05,False,501,time0,0.992935856022809,0,time0,TIME0,0.9954028054247924,3
0.0002501271392480197,False,501,time0,0.9215455437622091,1,time0,TIME0,0.9489170589466991,13
0.00041489678134796863,False,501,time0,0.9215196466372685,5,time0,TIME0,0.9488425564407528,1
0.0004255911402787803,False,501,time0,0.9001175504102599,2,time0,TIME0,0.9349274508675713,2
0.0011888614218604021,False,501,time1,0.8805994541138648,3,time1,TIME1,0.921973543676361,10
0.0007423191304399302,False,501,time1,0.8729309103182689,4,time1,TIME1,0.9171452800112208,14
3.7318619670338226e-05,False,502,time0,0.9894664971935307,0,time0,TIME0,0.9931401616589104,3
0.0007454194872385932,False,502,time0,0.8950925410900386,5,time0,TIME0,0.9315492548879916,1
0.0015702999747045769,False,502,time0,0.8460559097612791,1,time0,TIME0,0.8993867363536847,13
0.0001324517124682973,False,502,time1,0.8233171947111176,4,time1,TIME1,0.8851098184628625,14
0.0021321162633303192,False,502,time1,0.7971946677533437,3,time1,TIME1,0.8674302933475078,10
0.0014625600393323712,False,502,time0,0.7693923473948651,2,time0,TIME0,0.8495931297928959,2
9.717036222590791e-06,False,503,time0,0.9975405707892242,2,time0,TIME0,0.9983979700503178,2
3.0919824692136446e-05,False,503,time1,0.9942746151349355,3,time1,TIME1,0.9962676778990658,10
7.102556363435988e-05,False,503,time0,0.993292856179784,5,time0,TIME0,0.9956154975695876,1
8.336197729259538e-05,False,503,time1,0.9893311482891529,4,time1,TIME1,0.9930360696958969,14
6.36772076538529e-05,False,503,time0,0.9848473395858623,0,time0,TIME0,0.9901284837081317,3
0.0003786573787722887,False,503,time0,0.9802917233324591,1,time0,TIME0,0.987057090083528,13
4.780667223424874e-05,False,504,time0,0.9883845749888217,0,time0,TIME0,0.9924332414074521,3
0.00042606985095347896,False,504,time0,0.9550307020426885,1,time0,TIME0,0.9706208318799139,13
0.00044498460462988825,False,504,time0,0.9374058891318396,5,time0,TIME0,0.9591580833240753,1
0.00024893901243092505,False,504,time0,0.9353083137267509,2,time0,TIME0,0.9578632752680372,2
0.0005683001395985974,False,504,time1,0.8929482333194635,4,time1,TIME1,0.9302174466087918,14
0.00135378658405078,False,504,time1,0.865099566887071,3,time1,TIME1,0.9118408931721784,10
0.00012431965546775257,False,505,time0,0.9709476938101028,0,time0,TIME0,0.9810724890971532,3
0.001239019910578764,False,505,time1,0.8771130482133128,3,time1,TIME1,0.9196898243699507,10
0.001146941667640595,False,505,time0,0.8145971084907723,2,time0,TIME0,0.8790866909353277,2
0.0008752819842525744,False,505,time0,0.8132447590647269,5,time0,TIME0,0.8783027446975841,1
0.0015171727289639582,False,505,time0,0.7993781995169139,1,time0,TIME0,0.8690648192308565,13
0.0014363845698503748,False,505,time1,0.7600409020087253,4,time1,TIME1,0.8435238517062238,14
4.3009617978623755e-06,False,506,time0,0.9989388214731845,0,time0,TIME0,0.9993087286209407,3
9.09280924732817e-06,False,506,time1,0.9980146404097034,4,time1,TIME1,0.9987063337830706,14
3.404333764844918e-05,False,506,time0,0.9937840293300825,5,time0,TIME0,0.9959477038963767,1
8.242827966927437e-05,False,506,time0,0.9935402373111859,1,time0,TIME0,0.9957723043543865,13
6.147554314091636e-05,False,506,time1,0.9931429496646436,3,time1,TIME1,0.9955214008419189,10
6.382670961649624e-05,False,506,time0,0.9820536684726929,2,time0,TIME0,0.9883125451588846,2
0.00010434172880974916,False,507,time0,0.9835699835599765,0,time0,TIME0,0.9892839697089013,3
0.00023811690938407997,False,507,time0,0.9476514584203208,2,time0,TIME0,0.9658901070549241,2
0.0005226434894920133,False,507,time0,0.9289148280310351,1,time0,TIME0,0.9536117129988506,13
0.0007962299884189333,False,507,time1,0.918885855935614,3,time1,TIME1,0.9469971258622025,10
0.0006588375388941268,False,507,time1,0.8824371998931306,4,time1,TIME1,0.9233535867919219,14
0.0009735299940403408,False,507,time0,0.8612718792765067,5,time0,TIME0,0.9094859860318152,1
7.460838530334762e-05,False,508,time0,0.9831064663772484,2,time0,TIME0,0.9889930902103552,2
0.00031908065324174283,False,508,time0,0.9524388316785058,5,time0,TIME0,0.9689735623623943,1
0.0007595945689370751,False,508,time0,0.9383913069770997,1,time0,TIME0,0.9596884914359869,13
0.0004707112448050748,False,508,time1,0.9364597157890987,4,time1,TIME1,0.9585340663272324,14
0.00029187336338486723,False,508,time0,0.9315838200302656,0,time0,TIME0,0.955427327342488,3
0.00226899038019686,False,508,time1,0.8075496573253085,3,time1,TIME1,0.8741131306283816,10
3.648170356145545e-05,False,509,time0,0.9911374185674218,0,time0,TIME0,0.9942265534725776,3
4.59445563252059e-05,False,509,time0,0.9901186604128603,2,time0,TIME0,0.9935610486736454,2
5.5477194639238786e-05,False,509,time1,0.9892878410224553,4,time1,TIME1,0.9930176796464723,14
1.5705132028696637e-05,False,509,time0,0.9891260927596487,1,time0,TIME0,0.9929264634975616,13
0.00021240072007779843,False,509,time1,0.9822251016778455,3,time1,TIME1,0.9883719758385723,10
0.00012832317534254133,False,509,time0,0.9759484320217542,5,time0,TIME0,0.9843215677027704,1
0.00014797074546854294,False,510,time0,0.9640827792065272,0,time0,TIME0,0.9766020167233287,3
0.00023268578052391392,False,510,time1,0.952491306956037,4,time1,TIME1,0.9690379094982406,14
0.00046788078423250305,False,510,time0,0.9311546960842814,2,time0,TIME0,0.9550867941803014,2
0.0007248083444629285,False,510,time0,0.9157680459200799,1,time0,TIME0,0.9449955469274899,13
0.001464037163114114,False,510,time1,0.8901401854222358,3,time1,TIME1,0.9280787075173633,10
0.00015807927231837934,False,510,time0,0.8253555880343374,5,time0,TIME0,0.8864258044770079,1
0.00013164804825935598,False,511,time1,0.9799741246677209,3,time1,TIME1,0.9869371042171278,10
0.0001505519452078736,False,511,time0,0.9571235230502361,2,time0,TIME0,0.9720775968018307,2
0.00039177897737248174,False,511,time0,0.9523165566337282,1,time0,TIME0,0.9688686391698429,13
0.00027855309681073186,False,511,time1,0.9483742194191171,4,time1,TIME1,0.9663457490385423,14
0.00015179334101695995,False,511,time0,0.920296216716017,0,time0,TIME0,0.9481394131960551,3
0.002000507355096984,False,511,time0,0.6539956101875279,5,time0,TIME0,0.7743969690476092,1
2.015765243205537e-05,False,512,time0,0.9987769306227305,1,time0,TIME0,0.9991979497264236,13
7.917937848151453e-06,False,512,time0,0.9983117246402049,5,time0,TIME0,0.9988998497378863,1
2.3451565918048178e-05,False,512,time1,0.9970175562247379,3,time1,TIME1,0.9980532034980083,10
1.945260720069869e-05,False,512,time0,0.9956285375305589,0,time0,TIME0,0.9971517409823429,3
3.160799665320243e-05,False,512,time1,0.9953586773440687,4,time1,TIME1,0.9969720774748161,14
6.606497753678707e-05,False,512,time0,0.9889216179891858,2,time0,TIME0,0.9927759289508329,2
0.00010452725709900022,False,513,time0,0.9805431872444265,0,time0,TIME0,0.9873164871688926,3
0.00011459401852249645,False,513,time0,0.9651442029373483,2,time0,TIME0,0.9773036240027935,2
0.00020455405804339585,False,513,time0,0.9626503495716646,1,time0,TIME0,0.9756511333012668,13
0.00027595039922820454,False,513,time1,0.9354821958653006,4,time1,TIME1,0.9579668446727154,14
0.0009479481947909983,False,513,time1,0.9214963413621378,3,time1,TIME1,0.9486408400172127,10
0.00146739767552319,False,513,time0,0.7007407753365396,5,time0,TIME0,0.8049679147823176,1
0.0001980759144625398,False,514,time0,0.9514196953529662,0,time0,TIME0,0.9683534754093662,3
0.0008670525845107115,False,514,time0,0.9219188470417591,1,time0,TIME0,0.9489437821725647,13
0.0004869544317021675,False,514,time1,0.9042608968679808,4,time1,TIME1,0.9375991489130917,14
0.0017704031674882939,False,514,time1,0.8675091155432667,3,time1,TIME1,0.9132612839945025,10
0.0016745784402447893,False,514,time0,0.6233262229946147,5,time0,TIME0,0.7545759424924139,1
0.051786743022664214,False,514,time0,0.0,2,time0,TIME0,0.3318746399420675,5
3.573826185042476e-05,False,515,time0,0.9964394504457887,1,time0,TIME0,0.9976731343981151,13
3.498732126046191e-05,False,515,time1,0.9963952025820696,3,time1,TIME1,0.997644636115904,10
2.2600979019940872e-05,False,515,time0,0.9961205998368993,2,time0,TIME0,0.9974704795513276,5
4.0405878004363275e-05,False,515,time0,0.9899554436125234,0,time0,TIME0,0.9934568962908387,3
6.728190765883723e-05,False,515,time1,0.9886774007456577,4,time1,TIME1,0.992616761816997,14
6.571945836670764e-05,False,515,time0,0.9805980996327379,5,time0,TIME0,0.9873657629508513,1
5.7803781279942504e-05,False,516,time0,0.9865144393971645,2,time0,TIME0,0.9912141542847089,5
0.00021733906002966805,False,516,time0,0.9621949441433302,1,time0,TIME0,0.9753506450221543,13
0.0006004168773207338,False,516,time1,0.9514413802949933,3,time1,TIME1,0.9682267512846834,10
0.00026413231822823487,False,516,time0,0.9409127115335354,0,time0,TIME0,0.9615008161854182,3
0.0002901077245960227,False,516,time1,0.9366160958281367,4,time1,TIME1,0.9586989245846802,14
0.006684629819386839,False,516,time0,0.33025711418723774,5,time0,TIME0,0.5623275037849191,11
0.0003628153327510801,False,517,time1,0.9293681546098668,4,time1,TIME1,0.9539623151299506,14
0.0006553912380417577,False,517,time0,0.9267046546495268,1,time0,TIME0,0.9521286385888779,13
0.0003310121971946548,False,517,time0,0.9052322177211026,5,time0,TIME0,0.9382850872496986,11
0.0018981894928563055,False,517,time1,0.8312790631469166,3,time1,TIME1,0.8896670247229961,10
0.0008880374219482911,False,517,time0,0.8229339574839866,0,time0,TIME0,0.8845962592669094,3
1.3103853367235774e-05,False,518,time1,0.9987491987111472,3,time1,TIME1,0.999182392813567,10
8.47573632939777e-06,False,518,time0,0.9970379420115416,0,time0,TIME0,0.9980716957997868,3
3.0416286862241668e-05,False,518,time0,0.99664618371595,1,time0,TIME0,0.9978093737149658,13
2.643118125358335e-05,False,518,time1,0.9930393459057791,4,time1,TIME1,0.9954663239253178,14
0.0003178103146136743,False,518,time0,0.9649959355857876,5,time0,TIME0,0.9771361245206471,11
0.00012333556157307943,False,519,time1,0.9650102107986602,4,time1,TIME1,0.9772134695725785,14
0.0004509077614127509,False,519,time0,0.9465145186816302,1,time0,TIME0,0.9650766194265651,13
0.0005513657748473193,False,519,time0,0.8875246942794388,0,time0,TIME0,0.9266980732604386,3
0.0011568613685969142,False,519,time1,0.887580894607736,3,time1,TIME1,0.9265226800160196,10
0.001411724273430115,False,519,time0,0.82342625535051,5,time0,TIME0,0.884732962482131,11
0.05325330635357569,False,519,time0,0.0,2,time0,TIME0,0.33136134277624846,2
0.0002983588885260421,False,520,time1,0.955830814290838,4,time1,TIME1,0.9711856036780606,14
0.00019106688196101989,False,520,time0,0.9283457562592744,2,time0,TIME0,0.953357868159842,2
0.001164490401432844,False,520,time0,0.8715749035374755,1,time0,TIME0,0.9161161156588575,13
0.0010901353101864168,False,520,time0,0.7977321148062,5,time0,TIME0,0.8681443272654648,11
0.001460957200729528,False,520,time0,0.7398146305974636,0,time0,TIME0,0.830368174868096,3
0.002830490606136785,False,520,time1,0.7103658616630776,3,time1,TIME1,0.8107471383688525,10
2.27296474164008e-05,False,521,time1,0.9990136035712402,3,time1,TIME1,0.9993508869447103,10
5.960091218952881e-05,False,521,time0,0.9945735715760118,5,time0,TIME0,0.9964519612051413,11
5.194457899520321e-05,False,521,time0,0.9938918769422743,1,time0,TIME0,0.9960115394098301,13
1.358096914294801e-05,False,521,time0,0.9935931428655794,0,time0,TIME0,0.9958307895234266,3
5.2626609168323485e-05,False,521,time1,0.9875492630567303,4,time1,TIME1,0.9918886016736658,14
0.00024339518160341656,False,521,time0,0.96527093658276,2,time0,TIME0,0.9773409204652328,2
0.0003664316631526493,False,522,time0,0.9568163088751711,1,time0,TIME0,0.9718023496867578,13
0.000259858141141755,False,522,time0,0.9471984609034599,2,time0,TIME0,0.9655880492378495,2
0.0002674452436711314,False,522,time1,0.9408971698437875,4,time1,TIME1,0.961489554563177,14
0.0005169761253354574,False,522,time0,0.9015162577031477,0,time0,TIME0,0.9358046258631786,3
0.0006023330897936082,False,522,time0,0.8679964933881984,5,time0,TIME0,0.9139869041209012,11
0.002112664862608874,False,522,time1,0.7681281870364386,3,time1,TIME1,0.848543888871772,10
8.756648614740613e-05,False,523,time0,0.8936345919415466,0,time0,TIME0,0.9308318364918537,3
0.0008066450402684018,False,523,time0,0.8907173627103322,1,time0,TIME0,0.928683959997622,13
0.001518112596912185,False,523,time1,0.7506858508790206,4,time1,TIME1,0.8374144636624441,14
0.002913547821379721,False,523,time1,0.7297170742558187,3,time1,TIME1,0.8232963565287992,10
0.0014953566923218149,False,523,time0,0.6930126212873136,2,time0,TIME0,0.7999348289944412,2
0.0024000836445877156,False,523,time0,0.509692241575765,5,time0,TIME0,0.6804599277486415,11
2.4944339051575302e-05,False,524,time0,0.9965342194705724,1,time0,TIME0,0.9977385121372041,13
2.2945705496687093e-05,False,524,time0,0.9956731888309102,0,time0,TIME0,0.9971795417431678,3
0.0002818503205840842,False,524,time0,0.9760476833857624,2,time0,TIME0,0.9843323465885412,2
0.00031310519138198165,False,524,time1,0.9694467952590997,3,time1,TIME1,0.9800308301014311,10
0.0002677782256034528,False,524,time1,0.9587826098787977,4,time1,TIME1,0.9731149740422573,14
0.001674410820483322,False,524,time0,0.6324097459119352,5,time0,TIME0,0.7604802910555887,11
9.488355293666466e-05,False,525,time0,0.9831948717258926,0,time0,TIME0,0.9890434573783022,3
0.00020141964713913817,False,525,time0,0.9656871669500461,1,time0,TIME0,0.9776261616410313,13
0.0005425437702526422,False,525,time1,0.9238571613987459,4,time1,TIME1,0.9503172645895963,14
0.0008763252447776383,False,525,time1,0.9198031072046627,3,time1,TIME1,0.9475653058473587,10
0.0009403339758080794,False,525,time0,0.8274620215482619,5,time0,TIME0,0.8875211971148375,11
0.053243046238394355,False,525,time0,0.0,2,time0,TIME0,0.33136493381656196,5
0.00043322220240964317,False,526,time0,0.9216497065859274,0,time0,TIME0,0.9489206815100095,3
0.0017527004102106288,False,526,time1,0.8322230774818106,4,time1,TIME1,0.8903315552196032,14
0.002255941810848069,False,526,time1,0.8015773849028311,3,time1,TIME1,0.8702357205530433,10
0.0018249948539173241,False,526,time0,0.7997515387144052,1,time0,TIME0,0.8691997519654924,13
0.0021729215287729134,False,526,time0,0.7096420424230387,5,time0,TIME0,0.8105068050399047,11
5.97565567328112e-06,False,527,time0,0.9988517461497004,0,time0,TIME0,0.9992515435178195,3
0.0002569064555631221,False,527,time0,0.977433595435757,5,time0,TIME0,0.985241919773795,11
0.0003638237401356695,False,527,time1,0.9679639434081371,3,time1,TIME1,0.9790492249062417,10
0.0005743108097254464,False,527,time0,0.9487905688542002,1,time0,TIME0,0.9665128609718262,13
0.00071296152357347,False,527,time1,0.9272394909162647,4,time1,TIME1,0.9524561325623213,14
0.0008311842385135337,False,528,time1,0.9361633595299778,4,time1,TIME1,0.9582152692110059,14
0.0007806251669753943,False,528,time1,0.9295662702038331,3,time1,TIME1,0.9539448568240501,10
0.0005839687823677797,False,528,time0,0.8945582745966559,0,time0,TIME0,0.9312584894139977,3
0.008154767144534348,False,528,time0,0.6362070380093344,1,time0,TIME0,0.7606804062054804,13
0.11125898766550035,False,528,goleiro_time0,0.0,5,goleiro0,GOL-TIME0,0.3110593543170749,16
0.00031758813218469564,False,529,time1,0.969530495390337,4,time1,TIME1,0.9800836661574543,14
0.001308246567670471,False,529,time1,0.8944269957856025,3,time1,TIME1,0.930919660961957,10
0.0008068997675148687,False,529,goleiro_time0,0.8586406330916453,5,goleiro0,GOL-TIME0,0.9078339965909392,16
0.002441078446177054,False,529,time0,0.7636986355540967,1,time0,TIME0,0.8455497356540009,13
0.0020937794322442465,False,529,time0,0.6264044213990402,0,time0,TIME0,0.7564300511080906,3
1.1222061224276004e-05,False,530,time1,0.9988320571422379,3,time1,TIME1,0.999236909421026,10
9.800334657585795e-05,False,530,time0,0.991622612450073,1,time0,TIME0,0.9945203969212459,13
6.244807639601798e-05,False,530,time1,0.9885276410683986,5,time1,TIME1,0.9925211098677205,16
0.00018182864360939438,False,530,time1,0.9851069230576239,4,time1,TIME1,0.9902558599621922,14
0.00013050372884662785,False,530,time0,0.9661538186097011,0,time0,TIME0,0.9779543057912093,3
4.1377697835465e-05,False,531,time0,0.9874282756459941,2,time0,TIME0,0.9918138969756538,5
0.0004401579773640812,False,531,time1,0.9657086942741964,3,time1,TIME1,0.9775565959861503,10
0.0002736386771728852,False,531,time1,0.9507675337787629,5,time1,TIME1,0.9679031234191854,16
0.00029975007166737174,False,531,time1,0.9202256199195243,4,time1,TIME1,0.9480417404226072,14
0.0005961141125418851,False,531,time0,0.8544714912263695,0,time0,TIME0,0.9051978293577505,3
0.0017407352814265754,False,531,time0,0.8507878078742607,1,time0,TIME0,0.90240281776977,13
9.07860957311172e-05,False,532,time0,0.9783208451728845,2,time0,TIME0,0.985876774228869,5
0.0004134460130341683,False,532,time1,0.9617357475577187,3,time1,TIME1,0.9749835298079552,10
0.0005236914173954232,False,532,time1,0.9283984984777403,4,time1,TIME1,0.9532757320144427,14
0.0007629339766788475,False,532,time1,0.8734306189495968,5,time1,TIME1,0.9174628754254004,16
0.001654482738382111,False,532,time0,0.6585645530443529,0,time0,TIME0,0.7774878905203957,3
0.010404032777982285,False,532,time0,0.5689634627929578,1,time0,TIME0,0.7161848393431287,13
3.964667120832171e-05,False,533,time1,0.9965000834079689,3,time1,TIME1,0.9977111778802568,10
3.022778438760441e-05,False,533,time0,0.9900400414591064,0,time0,TIME0,0.9935154472238835,3
8.987771990363224e-05,False,533,time0,0.9837910355865067,2,time0,TIME0,0.9894327159292631,5
0.00020296178445729758,False,533,time0,0.9826932401575679,1,time0,TIME0,0.9886795694778592,13
0.00011881082997783862,False,533,time1,0.9781810406953023,5,time1,TIME1,0.9857760926614543,16
0.0002881149062394269,False,533,time1,0.9073506626602301,4,time1,TIME1,0.9396770905119658,14
5.6922376050426667e-05,False,534,time0,0.9815038410442516,2,time0,TIME0,0.987957573847146,5
0.00029419672851986476,False,534,time1,0.9504120804139917,4,time1,TIME1,0.9676648834141126,14
0.0006237671623969845,False,534,time1,0.9411192092994173,3,time1,TIME1,0.9615091675377823,10
0.0004286900258386169,False,534,time1,0.9400447758495136,5,time1,TIME1,0.9608790627931403,16
0.0007725193512949522,False,534,time0,0.9299457835418102,1,time0,TIME0,0.9541943775292234,13
0.0010649942737965255,False,534,time0,0.7810930384426165,0,time0,TIME0,0.8573377269918719,3
1.92162149510289e-05,False,535,time0,0.9966546580827267,2,time0,TIME0,0.9978188020785395,5
0.0005574502098449834,False,535,time1,0.9359608786954757,4,time1,TIME1,0.9581794635786135,14
0.0012457287596273174,False,535,time1,0.8733791590635994,3,time1,TIME1,0.91726044832547,10
0.0010372323015358964,False,535,time0,0.7984374844996839,1,time0,TIME0,0.868621333619257,13
0.0013571755065889181,False,535,time1,0.7690452179019146,5,time1,TIME1,0.8494043802089384,16
0.001353071764910625,False,535,time0,0.7647531673026637,0,time0,TIME0,0.8466159836290127,3
3.6440956746048478e-06,False,536,time0,0.9993403729673384,2,time0,TIME0,0.9995699669952838,5
9.839168069825071e-06,False,536,time1,0.998481848332031,4,time1,TIME1,0.9990097577069957,14
2.155030839759811e-05,False,536,time0,0.9975553653093474,1,time0,TIME0,0.9984034448431367,13
1.791889779805795e-05,False,536,time1,0.9970843054899731,3,time1,TIME1,0.9980985269542532,10
2.9255831384022702e-05,False,536,time0,0.9933653910197469,0,time0,TIME0,0.995677264621851,3
5.436834983855844e-05,False,536,time1,0.9911183401788465,5,time1,TIME1,0.9942078921938067,16
0.00017901705547969968,False,537,time0,0.9624723663265565,2,time0,TIME0,0.9755443821428439,5
0.00020819386485072136,False,537,time1,0.9589011791222556,4,time1,TIME1,0.9732128985767685,14
0.0004850059027074848,False,537,time1,0.9223551243210233,5,time1,TIME1,0.9493610787427176,16
0.0004578204024049525,False,537,time0,0.920830524401372,0,time0,TIME0,0.94837960372005,3
0.0010626195928659093,False,537,time1,0.9080004205889977,3,time1,TIME1,0.9398283565253455,10
0.0007901302829768982,False,537,time0,0.8926849797458191,1,time0,TIME0,0.9299686912357406,13
0.00019966007086890598,False,538,time1,0.984632776080457,4,time1,TIME1,0.9899414234274929,14
2.9432538581861803e-05,False,538,time0,0.9808717614435722,2,time0,TIME0,0.9875563435498182,5
0.000801823587704674,False,538,time0,0.8715603481031432,0,time0,TIME0,0.9162335880113464,3
0.0007486315567233187,False,538,time1,0.8640973095468367,5,time1,TIME1,0.9114012301605907,16
0.0016661494593462642,False,538,time0,0.7857785690264238,1,time0,TIME0,0.8601729175564042,13
0.001940655736201574,False,538,time1,0.7726473757001057,3,time1,TIME1,0.8515415646973981,10
4.068940855578571e-05,False,539,time0,0.9941831980655397,1,time0,TIME0,0.9962048374496062,13
5.990330250073497e-05,False,539,time1,0.9934312247861601,3,time1,TIME1,0.9957093299551287,10
7.962503067344501e-05,False,539,time1,0.9879303439750785,4,time1,TIME1,0.9921268548230653,14
9.231519482933199e-05,False,539,time0,0.9852874621301224,0,time0,TIME0,0.9904045400663892,3
0.00024388979687715273,False,539,time1,0.9726974368841592,5,time1,TIME1,0.9821679725457965,16
0.13387261919983456,False,539,time0,0.0,2,time0,TIME0,0.3031445832800579,11
0.00017232427591039708,False,540,time1,0.9712957500449553,4,time1,TIME1,0.9812819240326522,14
0.00041992499369918426,False,540,time1,0.9295864002461403,5,time1,TIME1,0.9540841864121965,16
0.000539220596870334,False,540,time0,0.912298528273362,0,time0,TIME0,0.9428053161687807,3
0.0004662340621267333,False,540,time0,0.8835135629051212,2,time0,TIME0,0.9241206339665844,11
0.0010025052817414207,False,540,time0,0.8678401908151048,1,time0,TIME0,0.9137452471812086,13
0.0015736121898942469,False,540,time1,0.8196425107271271,3,time1,TIME1,0.8822168677061697,10
0.0006787161569313456,False,541,time1,0.8924200917130443,4,time1,TIME1,0.9298355089585528,14
0.0008832972933790039,False,541,time0,0.8892754375815913,1,time0,TIME0,0.9277198803753517,13
0.0009603521586043166,False,541,time1,0.8373530623819438,5,time1,TIME1,0.8939433672927519,16
0.002389171719873898,False,541,time1,0.73034479602171,3,time1,TIME1,0.8238879073121557,10
0.0018690260895149352,False,541,time0,0.6984974067969685,0,time0,TIME0,0.8033691552866993,3
0.0019976379320616982,False,541,time0,0.6776234281100944,2,time0,TIME0,0.7897560549953397,11
2.4175224381561954e-06,False,542,time1,0.9993769394264091,3,time1,TIME1,0.9995941644943126,10
1.8039279378412506e-05,False,542,time1,0.9967701736090113,4,time1,TIME1,0.997894299098075,14
6.1106129023000665e-06,False,542,time0,0.9953536920412919,2,time0,TIME0,0.996977761112324,11
0.00010708008475854863,False,542,time0,0.9893853470859606,1,time0,TIME0,0.9930629975762089,13
7.05672917645647e-05,False,542,time0,0.9846424846296724,0,time0,TIME0,0.9899929164571695,3
0.00010849131987043515,False,542,time1,0.9845013355044938,5,time1,TIME1,0.9898878961159663,16
0.0004879893721180061,False,543,time1,0.9384280941375116,4,time1,TIME1,0.9598074649091413,14
0.00047258737870302213,False,543,time1,0.9276953686967446,5,time1,TIME1,0.9528365840703379,16
0.0003563204728532133,False,543,time0,0.9220851730504334,0,time0,TIME0,0.949230650317283,3
0.000730784161449303,False,543,time0,0.904245144126173,1,time0,TIME0,0.9375035692255052,13
0.0012240857203782137,False,543,time1,0.8552165331251094,3,time1,TIME1,0.9054623165291886,10
0.0013145111025934404,False,543,time0,0.7416688072549079,2,time0,TIME0,0.8316246458297825,11
0.00019435087726802757,False,544,time1,0.9492350160191374,4,time1,TIME1,0.9669347376053954,14
0.0008758053394157994,False,544,time1,0.8407750631286774,5,time1,TIME1,0.8961972591648448,16
0.0008335232038533288,False,544,time0,0.7653363843086515,2,time0,TIME0,0.8471769166792749,11
0.002861783551580863,False,544,time0,0.7174383086631961,1,time0,TIME0,0.8153332763880242,13
0.0017546814079242396,False,544,time0,0.6517881481326513,0,time0,TIME0,0.7730481577934498,3
0.004287265024150379,False,544,time1,0.6299540600654299,3,time1,TIME1,0.7579695962840768,10
2.281615879601397e-05,False,545,time1,0.9976466722733713,4,time1,TIME1,0.9984623513221127,14
2.297434867758929e-05,False,545,time0,0.9964641718687752,2,time0,TIME0,0.9976936706926667,11
3.3677915534159515e-05,False,545,time0,0.9954534449745238,0,time0,TIME0,0.9970329519630035,3
7.1753395628273e-05,False,545,time1,0.9949666195884298,3,time1,TIME1,0.9967031890440095,10
8.14088062857534e-05,False,545,time0,0.9933927450847599,1,time0,TIME0,0.995676791222894,13
0.00010215918406000965,False,545,time1,0.9888697825933392,5,time1,TIME1,0.9927296029712496,16
0.00022645396798173944,False,546,time1,0.9809379140909091,5,time1,TIME1,0.9875303852702972,16
0.00037566487899931555,False,546,time1,0.9699868010295035,4,time1,TIME1,0.9803599379615275,14
0.00116520035026516,False,546,time1,0.8984520708757311,3,time1,TIME1,0.9335860259466324,10
0.0008368348102545189,False,546,time0,0.8083249929666941,2,time0,TIME0,0.8751183532447621,11
0.0011028751223111494,False,546,time0,0.7642282123549926,0,time0,TIME0,0.8463623317379363,3
0.0032255255364969184,False,546,time0,0.6708642069469272,1,time0,TIME0,0.7849328005777287,13
0.00021329558841088548,False,547,time1,0.942601111812638,5,time1,TIME1,0.9626160692222708,16
0.0002105801254455491,False,547,time1,0.9372914993743309,4,time1,TIME1,0.9591657715494091,14
0.0010964070491063984,False,547,time1,0.9115117251083152,3,time1,TIME1,0.9420988788532176,10
0.0005453835655819058,False,547,time0,0.8728097762785111,2,time0,TIME0,0.9171354703330785,11
0.0023981846303893985,False,547,time0,0.7934720548044809,1,time0,TIME0,0.8649174710022763,13
0.0017555087514684307,False,547,time0,0.6936157839209797,0,time0,TIME0,0.8002358314856228,3
0.00028534821626012514,False,548,time1,0.9630061041651713,4,time1,TIME1,0.9758540958316703,14
0.0007910161716799067,False,548,time1,0.9389556548481507,3,time1,TIME1,0.96004431999121,10
0.0004300659892679489,False,548,time0,0.9156523255795458,0,time0,TIME0,0.9450234885304609,3
0.0005128361100102366,False,548,time1,0.9112063445372052,5,time1,TIME1,0.9421046313106798,16
0.0005437819445560223,False,548,time0,0.8769937078152232,2,time0,TIME0,0.9198555863993005,11
0.001659409156226249,False,548,time0,0.8328324179981119,1,time0,TIME0,0.8907602784940936,13
0.0006082622329965233,False,549,time1,0.9532800283088723,3,time1,TIME1,0.9694191266192183,10
0.00024300058520369147,False,549,time1,0.9528575251261745,5,time1,TIME1,0.9692723411271921,16
0.0008397629306457421,False,549,time0,0.8699163816674897,0,time0,TIME0,0.9151517310581423,3
0.0006319936196611945,False,549,time0,0.8540670971757172,2,time0,TIME0,0.9049224153973348,11
0.0015549351681192404,False,549,time0,0.8368624455133595,1,time0,TIME0,0.893416362274842,13
0.05763624248734314,False,549,time0,0.0,4,time0,TIME0,0.32982731512942987,5
3.388501142362054e-05,False,550,time0,0.9877632387897848,4,time0,TIME0,0.9920342454593618,5
0.0002867251182383637,False,550,time1,0.9757443162065998,3,time1,TIME1,0.9841334517429065,10
0.0005239582189467415,False,550,time0,0.9001392213760405,0,time0,TIME0,0.9349071085177949,3
0.0012050164358926552,False,550,time0,0.8842131441443483,1,time0,TIME0,0.9243167879412639,13
0.0006818816033649852,False,550,time1,0.8686222600239235,5,time1,TIME1,0.9143658104543725,16
0.001106796227445471,False,550,time0,0.7848403176341094,2,time0,TIME0,0.8597588277825652,11
1.5870794630324127e-06,False,551,time0,0.9973324788594424,4,time0,TIME0,0.9982655557808255,5
0.00023102548750827959,False,551,time1,0.9668029394600461,3,time1,TIME1,0.978341051728402,10
0.00029539048663039855,False,551,time0,0.9571268084724371,0,time0,TIME0,0.9720290388367635,3
0.00021610377747156742,False,551,time1,0.9429608727295028,5,time1,TIME1,0.9628489309520618,16
0.0006977101038425159,False,551,time0,0.9236289249732047,1,time0,TIME0,0.9501146026962382,13
0.0008250677913883012,False,551,time0,0.8486762816700769,2,time0,TIME0,0.901350809358564,11
1.7475642710767102e-05,False,552,time0,0.9937618620142347,4,time0,TIME0,0.9959390938343038,5
0.00024006186174644324,False,552,time1,0.9533924931312776,5,time1,TIME1,0.9696210988837192,16
0.00033567868772406016,False,552,time0,0.9469700184363877,0,time0,TIME0,0.9654130244429486,3
0.000745313152184103,False,552,time1,0.9407662100407799,3,time1,TIME1,0.9612371769232424,10
0.0007878592482849858,False,552,time0,0.9008030148889203,1,time0,TIME0,0.9352462089408984,13
0.0008179153891997637,False,552,time0,0.7916598053694937,2,time0,TIME0,0.8642926031039508,11
0.0003608578494925055,False,553,time1,0.970836462372969,3,time1,TIME1,0.9809174002951075,10
0.0005819667307192388,False,553,time0,0.9278048492606906,1,time0,TIME0,0.9528694636636972,13
0.0008532212146415092,False,553,time0,0.8770481151391372,0,time0,TIME0,0.9197826474153146,3
0.0024904026917484524,False,553,time0,0.7288605344107836,4,time0,TIME0,0.8228877064248974,5
0.0018357900941724933,False,553,time1,0.6771567613585493,5,time1,TIME1,0.7895093683500967,16
0.0020830426356831483,False,553,time0,0.6387419281312401,2,time0,TIME0,0.764453188362817,11
6.0303054577899276e-05,False,554,time0,0.9899946103594789,4,time0,TIME0,0.993475390664559,5
0.0004560146850411809,False,554,time0,0.939725877216624,1,time0,TIME0,0.9606622150510412,13
0.00032370729349190104,False,554,time0,0.933254906060329,0,time0,TIME0,0.9565023913864917,3
0.0010685049540306445,False,554,time1,0.9094314072349752,3,time1,TIME1,0.9407564379688231,10
0.000656172009267236,False,554,time0,0.9080173705503239,2,time0,TIME0,0.939981630654467,11
0.0006755907890726332,False,554,time1,0.8354824656269947,5,time1,TIME1,0.8928271458813712,16
3.478617057099996e-05,False,555,time0,0.9915879537681672,4,time0,TIME0,0.9945199947896088,5
0.0001597019599622862,False,555,time0,0.9779450234205825,2,time0,TIME0,0.9856083695373918,11
0.00044622044524409544,False,555,time0,0.9434532618153871,1,time0,TIME0,0.9630884430241662,13
0.0012166002601587947,False,555,time1,0.894436958747312,3,time1,TIME1,0.9309582130946972,10
0.0005991255354901086,False,555,time1,0.8282633957105345,5,time1,TIME1,0.8881615132744259,16
0.0011968360436234247,False,555,time0,0.8135795327401478,0,time0,TIME0,0.8784078036658279,3
2.5976692116374253e-05,False,556,time0,0.991490931282446,4,time0,TIME0,0.9944600134913492,5
0.00012432477943745843,False,556,time0,0.9767432399998984,2,time0,TIME0,0.9848395923271309,11
0.00024785780409061374,False,556,time1,0.9212098749785023,5,time1,TIME1,0.9486996685045948,16
0.0007517895962304527,False,556,time0,0.9134096633046156,1,time0,TIME0,0.9434531547893195,13
0.0005470026892765865,False,556,time0,0.8889541336177601,0,time0,TIME0,0.9276287359102973,3
0.0014725002361675138,False,556,time1,0.8661632975918468,3,time1,TIME1,0.9124907683520418,10
6.059174080676091e-05,False,557,time0,0.9794648174825178,4,time0,TIME0,0.9866309242543543,5
0.0004312612947158691,False,557,time0,0.9371707071100643,2,time0,TIME0,0.9590100181683913,11
0.0011031454243962272,False,557,time0,0.8666601831647334,1,time0,TIME0,0.9129430181585381,13
0.001983226488235893,False,557,time1,0.8128164304593067,3,time1,TIME1,0.8776365505276669,10
0.0009414273599179889,False,557,time1,0.7485038598452992,5,time1,TIME1,0.8361980093234732,16
0.0023261028567916836,False,557,time0,0.6429536720742804,0,time0,TIME0,0.7671057508484052,3
2.816735880200584e-05,False,558,time0,0.9898540903953443,4,time0,TIME0,0.9933953001813931,5
0.0008386402739564239,False,558,time0,0.8961870151045144,1,time0,TIME0,0.9322280357220496,13
0.0008567237776958962,False,558,time0,0.8798219396743363,2,time0,TIME0,0.921584407466125,11
0.0005178623691650792,False,558,time1,0.8658148868832032,5,time1,TIME1,0.9125984246448744,16
0.0009316235317023449,False,558,time0,0.8328064257862532,0,time0,TIME0,0.8909981085249687,3
0.0019625571046956508,False,558,time1,0.8015850252604227,3,time1,TIME1,0.8703433714326314,10
4.344669402138224e-05,False,559,time0,0.993075509897815,4,time0,TIME0,0.9954838750906723,5
0.0004804071652626556,False,559,time1,0.9333103053335887,5,time1,TIME1,0.9564835559589907,16
0.000583593261340425,False,559,time0,0.9261479122792234,2,time0,TIME0,0.9517918853400261,11
0.0007544341226547868,False,559,time0,0.9034092065946043,1,time0,TIME0,0.9369519323435636,13
0.0007309589852077824,False,559,time1,0.9007659001820393,3,time1,TIME1,0.9352419994735028,10
0.0011136514901234416,False,559,time0,0.7720017486875125,0,time0,TIME0,0.8514113586253398,3
8.481539637290197e-05,False,560,time0,0.9776721046915366,4,time0,TIME0,0.9854571826607683,5
0.00026709686446350575,False,560,time1,0.9587303894036232,5,time1,TIME1,0.973081269209793,16
0.0004100074742349181,False,560,time0,0.9358721221844459,2,time0,TIME0,0.9581733768039076,11
0.0011394785296654393,False,560,time1,0.8755317281685653,3,time1,TIME1,0.9186968058241844,10
0.0007274239027020939,False,560,time0,0.8347644613783101,0,time0,TIME0,0.8923423015299559,3
0.0024126188023184535,False,560,time0,0.7407236685841717,1,time0,TIME0,0.8306259679989001,13
0.000180786245534677,False,561,time0,0.9566104934120078,4,time0,TIME0,0.9717335455318679,5
0.00033228248509035,False,561,time0,0.9159842410360305,2,time0,TIME0,0.9452734578036383,11
0.0011177404179487237,False,561,time1,0.8850418659231386,3,time1,TIME1,0.9248860037037581,10
0.0021820285985733063,False,561,time0,0.8065016285774829,1,time0,TIME0,0.8734623485658632,13
0.0010357961695118005,False,561,time1,0.7383503707723564,5,time1,TIME1,0.8295652123427025,16
0.00147722524648955,False,561,time0,0.7230696547447594,0,time0,TIME0,0.8194782467478223,3
0.00017651531532008994,False,562,time0,0.971780702590259,4,time0,TIME0,0.9815956763233062,5
0.00029222412701403915,False,562,time0,0.9389255833679693,2,time0,TIME0,0.9601993507447251,11
0.0006044740466803143,False,562,time1,0.8897877805389327,5,time1,TIME1,0.9281504914339682,16
0.0012863969461971863,False,562,time0,0.8757407380866628,1,time0,TIME0,0.9187812408251618,13
0.0016774351801867437,False,562,time1,0.84516476830563,3,time1,TIME1,0.8987699970855941,10
0.0010147833278041452,False,562,time0,0.8266231383442587,0,time0,TIME0,0.8869498657590367,3
6.988778235624404e-05,False,563,time0,0.9920643401462984,4,time0,TIME0,0.9948173603712693,5
0.00036140771232079307,False,563,time0,0.8565994515941158,2,time0,TIME0,0.906663150836863,11
0.0013668304860212253,False,563,time0,0.8512123140519721,1,time0,TIME0,0.9028096134636744,13
0.001991178077501426,False,563,time1,0.8329696296913159,3,time1,TIME1,0.8907333469722298,10
0.001275527332282722,False,563,time0,0.8149505582737862,0,time0,TIME0,0.879271428311662,3
0.0008761246489735096,False,563,time1,0.8011096657011905,5,time1,TIME1,0.870414639078633,16
7.909977938776695e-05,False,564,time0,0.98753597783389,0,time0,TIME0,0.9918707006692428,3
0.00023784711462273542,False,564,time0,0.96775757992405,2,time0,TIME0,0.9789591804605146,11
0.00020655773312788328,False,564,time0,0.9501274138903718,4,time0,TIME0,0.9675105238221469,5
0.0002852043138831876,False,564,time1,0.9190655658403966,5,time1,TIME1,0.9472927962863986,16
0.0005751534237140083,False,564,time0,0.9134121593781344,1,time0,TIME0,0.9435165998974875,13
0.0017371586491071334,False,564,time1,0.8662340357711452,3,time1,TIME1,0.912444117724057,10
9.743991917925253e-05,False,565,time0,0.9686292313197993,4,time0,TIME0,0.9795748963861568,5
6.438604037395566e-05,False,565,time0,0.9671170015603417,2,time0,TIME0,0.9786035159000913,11
0.0010887808572833748,False,565,time1,0.9173885201932769,3,time1,TIME1,0.9459214648255807,10
0.0008986721449742588,False,565,time0,0.900784729275973,1,time0,TIME0,0.9351955387786415,13
0.00047767619087417493,False,565,time1,0.8968714103797203,5,time1,TIME1,0.9327992300800123,16
0.0008917240420531027,False,565,time0,0.8658516008394307,0,time0,TIME0,0.9124914371309114,3
0.00024954823213600333,False,566,time0,0.9728792926109886,1,time0,TIME0,0.982284198315895,13
0.0008795988018988343,False,566,time1,0.9366398743292281,3,time1,TIME1,0.9585080587333337,10
0.00013823928698344774,False,566,time0,0.924163912260338,4,time0,TIME0,0.9506581592187755,5
0.0007647035218604382,False,566,time0,0.9204047675626691,2,time0,TIME0,0.9479954526830838,11
0.0007453100575093302,False,566,time1,0.8944272880726861,5,time1,TIME1,0.9311168787271177,16
0.0006877424100610309,False,566,time0,0.8931765193641886,0,time0,TIME0,0.9303240277432013,3
0.00014251257625339444,False,567,time0,0.9747620241209728,0,time0,TIME0,0.9835454362769436,3
0.0005570686516652029,False,567,time1,0.9592294278600894,3,time1,TIME1,0.9733041540809753,10
0.0003930908404481171,False,567,time0,0.9196709207091155,1,time0,TIME0,0.9476485166667683,13
0.0013634897592377463,False,567,time0,0.8193325756315365,4,time0,TIME0,0.8820889527447655,5
0.001143385632664723,False,567,time0,0.788852233480636,2,time0,TIME0,0.8623537667909809,11
0.0494691843092585,False,567,goleiro_time0,0.0,5,goleiro0,GOL-TIME0,0.3326857854917595,17
0.00017489658480130248,False,568,time1,0.9902095983828915,3,time1,TIME1,0.993575025144199,10
0.00045471745825524987,False,568,time0,0.9429086609917167,4,time0,TIME0,0.9627314785342265,5
0.0004289483043512166,False,568,time0,0.90823451747593,2,time0,TIME0,0.9402023044528316,11
0.0010845732157045112,False,568,time0,0.8626595049459089,1,time0,TIME0,0.9103490775893442,13
0.0012706286143144196,False,568,time0,0.7890680926713135,0,time0,TIME0,0.8624495402213437,3
0.004602131643534219,False,568,goleiro_time0,0.6356425203425593,5,goleiro0,GOL-TIME0,0.7615568921474265,17
0.0003968087370610838,False,569,time1,0.9725296865485208,3,time1,TIME1,0.9820054131985672,10
0.0009875829629162286,False,569,time0,0.907776692520415,5,time0,TIME0,0.939709196101249,17
0.0007731853151595949,False,569,time0,0.8664081911672099,2,time0,TIME0,0.9128947093983806,11
0.0008011228721643034,False,569,time0,0.8540830104724442,4,time0,TIME0,0.9048735638018311,5
0.001101135509229821,False,569,time0,0.851885037771237,1,time0,TIME0,0.9033398771230736,13
0.0012720377567159065,False,569,time0,0.7688260551723743,0,time0,TIME0,0.8492917226471928,3
0.00035636993691720565,False,570,time1,0.9749855946409558,3,time1,TIME1,0.9836159070387003,10
0.0005044217907676026,False,570,time0,0.9119090368046885,4,time0,TIME0,0.9425643262962788,5
0.0009447452571334713,False,570,time0,0.8659888428635456,1,time0,TIME0,0.9125620870213078,13
0.0007025163874266195,False,570,time0,0.8610374977996543,0,time0,TIME0,0.909428492834176,3
0.0009768208001684675,False,570,time0,0.83847728255786,2,time0,TIME0,0.89466834638255,11
0.003156385631763598,False,570,time0,0.7429209058434759,5,time0,TIME0,0.8317938538271421,17
0.0008177491392123763,False,571,time1,0.9269225737836478,3,time1,TIME1,0.9522134607606467,10
0.0005505750093442959,False,571,time0,0.9052918951136246,1,time0,TIME0,0.9382470305705854,13
0.0008444161039271495,False,571,time0,0.8850919302263378,4,time0,TIME0,0.9250142090107452,5
0.0008775908145626142,False,571,time0,0.8244060735929589,0,time0,TIME0,0.8855567910503264,3
0.002529963796467614,False,571,time0,0.813539799791814,5,time0,TIME0,0.8779153825359154,17
0.0012391298983641334,False,571,time0,0.8128165566086197,2,time0,TIME0,0.8778970663311754,11
0.0012120062408246847,False,572,time1,0.9126111665095097,3,time1,TIME1,0.9427730560468925,10
0.0004633302425423329,False,572,time0,0.9056934121885882,2,time0,TIME0,0.9385385523376926,11
0.0010568404652909176,False,572,time0,0.8357496432761871,1,time0,TIME0,0.8928673739666697,13
0.000989695458941499,False,572,time0,0.8104725657636103,0,time0,TIME0,0.8764607743357171,3
0.002284039022631632,False,572,time0,0.5113338657068686,5,time0,TIME0,0.6815675990515435,17
0.06357325813702133,False,572,time0,0.0,4,time0,TIME0,0.32774935965204255,2
0.00016986436459259416,False,573,time0,0.9636035556953383,2,time0,TIME0,0.9762828586743626,11
0.0017042225835557914,False,573,time1,0.8757044708017558,3,time1,TIME1,0.9186114281168969,10
0.0010013932281181274,False,573,time0,0.8349393902755958,1,time0,TIME0,0.8923601160492959,13
0.0012868116326167484,False,573,time0,0.7525706140462619,0,time0,TIME0,0.8387205150586543,3
0.0032066847506208177,False,573,time0,0.6216550607521151,5,time0,TIME0,0.7529534498261574,17
0.06438826843832736,False,573,time0,0.0,4,time0,TIME0,0.32746410604658543,5
0.0005494629049886294,False,574,time0,0.9253233785744556,4,time0,TIME0,0.9512678840566502,5
0.0006245570147172879,False,574,time0,0.908634142140289,2,time0,TIME0,0.9403935974360369,11
0.001096522515988087,False,574,time0,0.8811296032063007,1,time0,TIME0,0.9223504592034997,13
0.0021547788203537706,False,574,time1,0.8362925799211481,3,time1,TIME1,0.8928360043616226,10
0.0022767199645967206,False,574,time0,0.6511783344579428,0,time0,TIME0,0.7724690654100539,3
0.003163133037415879,False,574,time0,0.6058581255699133,5,time0,TIME0,0.7427006850573481,17
0.0003295053696083299,False,575,time0,0.9406786135247767,2,time0,TIME0,0.961325771911742,11
0.0006458882020675602,False,575,time0,0.8978291816790476,0,time0,TIME0,0.9333629072206573,3
0.0010094348166139397,False,575,time0,0.8720588676428214,4,time0,TIME0,0.916484961782019,5
0.00197166336277807,False,575,time1,0.8482697221735901,3,time1,TIME1,0.9006852372358612,10
0.0012378690974222501,False,575,time0,0.8229163827523767,1,time0,TIME0,0.884462394604947,13
0.0012725863766010475,False,575,time0,0.8144389186355343,5,time0,TIME0,0.878939891881287,17
0.00035593315654906045,False,576,time0,0.953355381563562,2,time0,TIME0,0.9695564214115232,11
0.0001408278048676306,False,576,time0,0.9528217994312854,4,time0,TIME0,0.9692848798986318,5
0.00026349844258972044,False,576,time0,0.9308195473912497,0,time0,TIME0,0.9549404813494059,3
0.0012279602531938226,False,576,time1,0.8934061943169211,3,time1,TIME1,0.930284240217381,10
0.0016554791221942223,False,576,time0,0.8107824795447565,1,time0,TIME0,0.8764291940113238,13
0.0029731737826785795,False,576,time0,0.675587492261279,5,time0,TIME0,0.7880912591458938,17
0.00030154670793631816,False,577,time0,0.9616650781039792,4,time0,TIME0,0.9749767594198088,5
0.0005602823445858749,False,577,time0,0.9210881242101899,0,time0,TIME0,0.9485111819160184,3
0.0011379342362214135,False,577,time0,0.8865961192141761,2,time0,TIME0,0.9258892005065369,11
0.0015304981956063594,False,577,time1,0.8701477156779658,3,time1,TIME1,0.9150603408222155,10
0.0020002743920386735,False,577,time0,0.7733425978359652,1,time0,TIME0,0.8519725925561638,13
0.003062945326066388,False,577,time0,0.6734424359459185,5,time0,TIME0,0.7866655525007238,17
0.00026467398777823035,False,578,time0,0.9477279514026545,2,time0,TIME0,0.965930532516003,11
0.0005073031359106197,False,578,time0,0.9241514088715337,0,time0,TIME0,0.9505208596689283,3
0.0008698150637030272,False,578,time1,0.9208083288805231,3,time1,TIME1,0.9482209785000439,10
0.001753676704002903,False,578,time0,0.8206996156076404,1,time0,TIME0,0.8828409632985652,13
0.004818735337812535,False,578,time0,0.6010661273047797,5,time0,TIME0,0.7390064253798725,17
0.0639641750191739,False,578,time0,0.0,4,time0,TIME0,0.3276125387432891,2
0.0006454432791534963,False,579,time0,0.9070650710479633,2,time0,TIME0,0.9393663910334724,11
0.0012977727677326916,False,579,time1,0.8850543079628087,3,time1,TIME1,0.9248310797071193,10
0.0013101831238250489,False,579,time0,0.847373140804641,1,time0,TIME0,0.9003339774296779,13
0.001194180812668319,False,579,time0,0.8347631212561922,0,time0,TIME0,0.8921780655320911,3
0.0019379283638115996,False,579,time0,0.7681747325980924,4,time0,TIME0,0.8486353012614261,2
0.0029633588948055505,False,579,time0,0.7602225279994723,5,time0,TIME0,0.843107467586475,17
0.0004889394880056446,False,580,time0,0.934995334528751,1,time0,TIME0,0.9575758386228861,13
0.0006648074709251954,False,580,time0,0.9004629972321945,2,time0,TIME0,0.9350682655861025,11
0.0010062501426108099,False,580,time0,0.8471498527456103,4,time0,TIME0,0.9002952167347329,2
0.0017439902704991343,False,580,time1,0.8449332158193669,3,time1,TIME1,0.8985961936879138,10
0.0013316448455718876,False,580,time0,0.8261999698579792,0,time0,TIME0,0.8865639047117363,3
0.0008406019933681712,False,580,time0,0.6790043042521221,5,time0,TIME0,0.7910585870662005,17
0.0003001681064235732,False,581,time0,0.9494781526874226,4,time0,TIME0,0.9670557404095765,2
0.0008595078688792485,False,581,time0,0.8822214654343539,1,time0,TIME0,0.9231431247782222,13
0.0013350220996641608,False,581,time1,0.8817488188761762,3,time1,TIME1,0.922669474534632,10
0.0006660295630662315,False,581,time0,0.8630006059641842,2,time0,TIME0,0.9107172835296465,11
0.002090621646398979,False,581,time0,0.7292604927009049,0,time0,TIME0,0.8232876026793485,3
0.0030651302679207673,False,581,time0,0.6639723180916953,5,time0,TIME0,0.7805092111658296,17
0.000113434606228704,False,582,time0,0.9730252812729732,4,time0,TIME0,0.9824267307152525,2
0.0013256952572225224,False,582,time1,0.8897717659689088,3,time1,TIME1,0.9278876545397629,10
0.001480322153486827,False,582,time0,0.8028802546985554,1,time0,TIME0,0.8713540528003406,13
0.0021802450512566776,False,582,time0,0.7368924986542401,5,time0,TIME0,0.8282170383573162,17
0.00254516199793895,False,582,time0,0.6941213605174266,0,time0,TIME0,0.8002880776370487,3
0.1109208454390938,False,582,time1,0.0,2,time1,TIME1,0.3111777040963172,16
0.0010438986368556031,False,583,time1,0.9156557844166313,3,time1,TIME1,0.9448108953479109,10
0.0011423400384504862,False,583,time0,0.8403702325052611,1,time0,TIME0,0.895840832114962,13
0.0012891127516060426,False,583,time0,0.8207782431879225,0,time0,TIME0,0.8830546686090875,3
0.0012933724445999381,False,583,time0,0.7491152232445035,4,time0,TIME0,0.8364722147533172,2
0.0033692578585190827,False,583,time0,0.5938200236584896,5,time0,TIME0,0.7348037751275366,17
0.003977565801383972,False,583,time1,0.3442733706168956,2,time1,TIME1,0.5723855428704978,16
0.0003497429191868261,False,584,time1,0.9402311979948218,2,time1,TIME1,0.9610278686749187,16
0.0008556392210189454,False,584,time1,0.9343566573866392,3,time1,TIME1,0.9570323535739589,10
0.0014667212100572687,False,584,time0,0.7998338528658139,0,time0,TIME0,0.869378651939259,3
0.0019536221191055777,False,584,time0,0.7427978255395691,1,time0,TIME0,0.832134818859033,13
0.0027325714435929137,False,584,time0,0.6283398837425129,5,time0,TIME0,0.7574645244273759,17
0.004464265810233913,False,584,time0,0.5097974647539558,4,time0,TIME0,0.6798058590564895,2
0.00015264192874248092,False,585,time1,0.95008171078928,2,time1,TIME1,0.9674996873379722,16
0.00042661593421995376,False,585,time0,0.9455243839463735,4,time0,TIME0,0.9644415339881658,2
0.0011388014554110381,False,585,time1,0.9150723694933098,3,time1,TIME1,0.9443984596612576,10
0.0014055058035021251,False,585,time0,0.7998657518347411,0,time0,TIME0,0.869420811661356,3
0.0017364347996045263,False,585,time0,0.7694495898653948,1,time0,TIME0,0.8495344812326451,13
0.0022505237963064075,False,585,time0,0.6705755865596972,5,time0,TIME0,0.7850864479350959,17
0.00018364860408697715,False,586,time0,0.9705573422674366,4,time0,TIME0,0.9807979954624034,2
0.0018086679586042445,False,586,time1,0.871353173660436,3,time1,TIME1,0.9157465290937719,10
0.0010525253725453508,False,586,time0,0.8567698249565054,1,time0,TIME0,0.9065320023413377,13
0.0014286025281764953,False,586,time0,0.803313254386474,0,time0,TIME0,0.8716536044663464,3
0.0016195059123813808,False,586,time0,0.7753300368951285,5,time0,TIME0,0.8533976969125001,17
0.0003822503976483149,False,586,time1,0.7588042308557087,2,time1,TIME1,0.8430889624170338,16
0.0003393162749900527,False,587,time0,0.9444760030739892,4,time0,TIME0,0.9637906413018464,2
0.001161455083536784,False,587,time1,0.8840715708429642,3,time1,TIME1,0.9242400117686888,10
0.00132936381660243,False,587,time0,0.8256340565151682,1,time0,TIME0,0.8861968593990484,13
0.0009117421233845932,False,587,time1,0.8248416026414537,2,time1,TIME1,0.8858279319737603,16
0.0013083894300337554,False,587,time0,0.796313037876397,0,time0,TIME0,0.8671455383191462,3
0.0017169527565295921,False,587,time0,0.7871409468926175,5,time0,TIME0,0.861040682015416,17
0.0008761280987748957,False,588,time0,0.9341563114285982,4,time0,TIME0,0.9568949575940177,2
0.0018087085445029048,False,588,time1,0.85028015356246,3,time1,TIME1,0.902049051825023,10
0.0011445149352949469,False,588,time0,0.8161481974397643,1,time0,TIME0,0.8800957481084936,13
0.0014819203247113243,False,588,time0,0.8082486095316397,0,time0,TIME0,0.8748429240819169,3
0.003149154036340299,False,588,time0,0.6266713804197419,5,time0,TIME0,0.7562341933601131,17
0.11032592759591492,False,588,time0,0.0,2,time0,TIME0,0.3113859253414297,11
0.0004045601363814745,False,589,time0,0.8929392891696843,2,time0,TIME0,0.9302689419125614,11
0.001413448971193686,False,589,time0,0.8456975096995724,4,time0,TIME0,0.8992086741648042,2
0.0030286191934859297,False,589,time0,0.7173212899175223,1,time0,TIME0,0.8151988217286694,13
0.00402174558137068,False,589,time1,0.6752032733430167,3,time1,TIME1,0.7874745167194811,10
0.0032641107532827927,False,589,time0,0.5617084538604445,0,time0,TIME0,0.71396805624564,3
0.006390966896899104,False,589,time0,0.4988969392758291,5,time0,TIME0,0.6720461721153742,17
0.0008677209327969006,False,590,time0,0.9313121433269353,1,time0,TIME0,0.955049190836029,13
0.00033789970029587366,False,590,time0,0.9233402177094107,2,time0,TIME0,0.9500528766160135,11
0.0007851435443408762,False,590,time0,0.9182178114867553,4,time0,TIME0,0.9465667772258717,2
0.001254834408921257,False,590,time0,0.8341093182769304,0,time0,TIME0,0.8917318648368824,3
0.0016039667893612982,False,590,time1,0.8340518277754648,3,time1,TIME1,0.8915722996777757,10
0.0020172918564174587,False,590,time0,0.8154234907103652,5,time0,TIME0,0.8793192168119912,17
0.00022901526794763319,False,591,time0,0.9581766417638855,2,time0,TIME0,0.9727346618027439,11
0.001388500210498698,False,591,time0,0.8612053966987012,1,time0,TIME0,0.9092975327804812,13
0.001515762267520765,False,591,time0,0.8238284453607357,0,time0,TIME0,0.8849579726908459,3
0.002433640065600081,False,591,time0,0.7797037389454943,5,time0,TIME0,0.8559556562916113,17
0.002311878716888196,False,591,time1,0.7679384040137353,3,time1,TIME1,0.8483508050580171,10
0.004164811685866335,False,591,time0,0.40778326682387683,4,time0,TIME0,0.6136014393454667,2
0.0007061599357464777,False,592,time0,0.9214966344444174,2,time0,TIME0,0.94872565641136,11
0.0011578832200604347,False,592,time1,0.8842095474615911,3,time1,TIME1,0.9243309467230132,10
0.001255675348741499,False,592,time0,0.8497205501835008,0,time0,TIME0,0.9018788712472159,3
0.0014372251038116302,False,592,time0,0.8443315891066058,1,time0,TIME0,0.8983125041329596,13
0.0035720793933303224,False,592,time0,0.6456280287460507,5,time0,TIME0,0.7684079908972673,17
0.006924605309267695,False,592,time0,0.3448777291269489,4,time0,TIME0,0.5717469120742731,2
7.459341291166995e-05,False,593,time0,0.9783712085881305,2,time0,TIME0,0.9859151778877657,11
0.00043024989412125355,False,593,time0,0.9184055123499166,4,time0,TIME0,0.9468129955645033,2
0.0010043654349417704,False,593,time0,0.890854611933553,0,time0,TIME0,0.9287039698545798,3
0.0018507823222081278,False,593,time0,0.8007010157254362,1,time0,TIME0,0.8698078864087606,13
0.0024007587910119307,False,593,time1,0.788399913076118,3,time1,TIME1,0.8616196779226226,10
0.003976723643986771,False,593,time0,0.5573534729805748,5,time0,TIME0,0.7108879041619782,17
0.0002772340804704576,False,594,time0,0.9413389217261896,2,time0,TIME0,0.9617732671938586,11
0.0006736086245144358,False,594,time0,0.9337579801656594,0,time0,TIME0,0.9567069240890985,3
0.0007649269979649366,False,594,time1,0.9302478313299282,3,time1,TIME1,0.9543933659151655,10
0.0023227356477093287,False,594,time0,0.7090730596362091,5,time0,TIME0,0.8100845312868377,17
0.003021809285549712,False,594,time0,0.6820900249326955,1,time0,TIME0,0.7923008829563096,13
0.0029810101079919167,False,594,time0,0.65764823284235,4,time0,TIME0,0.7764279978097304,2
0.0003052332519425697,False,595,time0,0.9417363242706576,2,time0,TIME0,0.9620217791377474,11
0.0007102039146889936,False,595,time0,0.9298773923105799,0,time0,TIME0,0.9541717336317357,3
0.0012020009036221922,False,595,time0,0.9037482594081165,1,time0,TIME0,0.9370156682990081,13
0.0012728473439294335,False,595,time1,0.8954512848641779,3,time1,TIME1,0.9315978385913404,10
0.002661391691592925,False,595,time0,0.6911356783163375,5,time0,TIME0,0.7983067038135618,17
0.19779004575749554,False,595,time1,0.0,4,time1,TIME1,0.28077348398487656,16
0.0001556924790336317,False,596,time0,0.9707243532473229,2,time0,TIME0,0.980916337243098,11
0.0009064993384603977,False,596,time0,0.8758081976269966,1,time0,TIME0,0.9189580536890867,13
0.0019395875153488341,False,596,time1,0.8572502985254769,3,time1,TIME1,0.9065338384111878,10
0.0014996549419194376,False,596,time0,0.8501780232678458,0,time0,TIME0,0.902090835894428,3
0.0007768800017117653,False,596,time1,0.836374762101141,4,time1,TIME1,0.8933716873651425,16
0.0028914096341669613,False,596,time0,0.7256471527631562,5,time0,TIME0,0.820658655924093,17
0.00010699819002490808,False,597,time0,0.9726760030030317,2,time0,TIME0,0.9822019525854618,11
0.0006929814407896003,False,597,time1,0.9482331214965328,3,time1,TIME1,0.96610898546847,10
0.0005510076550240151,False,597,time1,0.899143270078853,4,time1,TIME1,0.934250272871996,16
0.0013909854880031637,False,597,time0,0.8295106560467348,1,time0,TIME0,0.8886950815095764,13
0.00218608475328542,False,597,time0,0.8143297784792165,5,time0,TIME0,0.8785492263478409,17
0.002052970514070773,False,597,time0,0.7936715481989728,0,time0,TIME0,0.8651679666494075,3
0.00014851904827635075,False,598,time0,0.9817423476309844,2,time0,TIME0,0.9880805442932432,11
0.0002452047038951876,False,598,time1,0.9754434580695946,3,time1,TIME1,0.9839524260988732,10
0.0005916562081654072,False,598,time1,0.887438323840154,4,time1,TIME1,0.9266278308232423,16
0.0019621364318560363,False,598,time0,0.7759521635175988,1,time0,TIME0,0.8536821585352896,13
0.002214202460947807,False,598,time0,0.7547163678079643,0,time0,TIME0,0.8397906682138451,3
0.00426657311543638,False,598,time0,0.6748318300612762,5,time0,TIME0,0.7871473889494267,17
0.00022426255774976128,False,599,time1,0.9836789336482996,3,time1,TIME1,0.9893128149761823,10
0.0002032330885067486,False,599,time0,0.9543758900667219,2,time0,TIME0,0.9702731969623918,11
0.0005689884257075034,False,599,time1,0.8983051400454511,4,time1,TIME1,0.9336991950805457,16
0.002144553000256806,False,599,time0,0.775547755320873,1,time0,TIME0,0.8533554474084776,13
0.004005608628063331,False,599,time0,0.6544360737266273,5,time0,TIME0,0.7739814849024855,17
0.003128035569831381,False,599,time0,0.634352476499783,0,time0,TIME0,0.761234297275418,3
0.00014639728090985507,False,600,time0,0.9698081840979064,2,time0,TIME0,0.9803240806153206,11
0.0009639348788085577,False,600,time1,0.9371361800397942,3,time1,TIME1,0.9588011398182832,10
0.0005192625319364874,False,600,time1,0.9096851039761474,4,time1,TIME1,0.941113575698318,16
0.0013011864476690125,False,600,time0,0.8634118785541751,1,time0,TIME0,0.9107623058035297,13
0.003961147993657894,False,600,time0,0.6383771082341364,5,time0,TIME0,0.7635587185544084,17
0.002787527794321407,False,600,time0,0.6286200689414181,0,time0,TIME0,0.7576274100839093,3
0.00020127734283196036,False,601,time0,0.94504384421258,2,time0,TIME0,0.9642080516681859,11
0.001126762460291423,False,601,time1,0.9234363320644736,3,time1,TIME1,0.9498392489808059,10
0.0006386283994446927,False,601,time1,0.8901619258697989,4,time1,TIME1,0.9283817318755637,16
0.002137489227524468,False,601,time0,0.7754924289614581,1,time0,TIME0,0.8533219575953143,13
0.0017524587211841065,False,601,time0,0.7398391675724595,0,time0,TIME0,0.8302820983696841,3
0.0037132038684340664,False,601,time0,0.6192795830606204,5,time0,TIME0,0.7512321076354513,17
0.00025543067618927234,False,602,time0,0.9534457948665205,2,time0,TIME0,0.969650365926572,11
0.0005147744417978809,False,602,time0,0.9315185113648167,1,time0,TIME0,0.9553068613325015,13
0.0004579997920770312,False,602,time1,0.9191985657695584,4,time1,TIME1,0.947318767822986,16
0.0018227875898186817,False,602,time1,0.8760739492988425,3,time1,TIME1,0.9188100913878111,10
0.001276381361055282,False,602,time0,0.8130509576458395,0,time0,TIME0,0.8780363889934264,3
0.004772674807281907,False,602,time0,0.4866497983613314,5,time0,TIME0,0.6646519327523167,17
0.000852780451782058,False,603,time0,0.8386609984678458,2,time0,TIME0,0.894831175845976,11
0.0033378942936113354,False,603,time1,0.8034356985419221,3,time1,TIME1,0.8710649410494854,10
0.0022693793960355192,False,603,time0,0.7157183305387026,5,time0,TIME0,0.8144226320615442,17
0.0029981125998283955,False,603,time0,0.6975246410372956,0,time0,TIME0,0.8023416772643022,3
0.003327879114328418,False,603,time0,0.6590102288396573,1,time0,TIME0,0.7771918910557623,13
0.19779696808837102,False,603,time0,0.0,4,time0,TIME0,0.28077106116907014,2
0.00031673410341213556,False,604,time0,0.9376159295950944,4,time0,TIME0,0.9593394973006171,2
0.0014078393912103477,False,604,time1,0.9141503132608665,3,time1,TIME1,0.9437049598326397,10
0.0005997371649829198,False,604,time0,0.8946838641666112,2,time0,TIME0,0.9313346037005532,11
0.0004950318372535475,False,604,time0,0.8490538120642187,0,time0,TIME0,0.9017117166987034,3
0.0019893448124589383,False,604,time0,0.7716499242924726,1,time0,TIME0,0.8508761801057465,13
0.0031871907347057788,False,604,time0,0.6840181255251555,5,time0,TIME0,0.7934962648342041,17
0.0007390097562631665,False,605,time0,0.8380601743169331,4,time0,TIME0,0.8944804598913144,2
0.0010814466810012122,False,605,time0,0.8257662207673194,2,time0,TIME0,0.8863695371604072,11
0.0015588715944303065,False,605,time0,0.8250704291894995,1,time0,TIME0,0.8857501739151241,13
0.0026785455245912086,False,605,time0,0.7468338000986136,5,time0,TIME0,0.8345044791304919,17
0.003107829880183333,False,605,time0,0.6911565100492041,0,time0,TIME0,0.7981639910739184,3
0.006765099480660685,False,605,time1,0.6081089554233533,3,time1,TIME1,0.7429030362069484,10
0.00048115891757059164,False,606,time1,0.9611657596351119,3,time1,TIME1,0.974589338141673,10
0.0006292568617821548,False,606,time0,0.9331619450394628,2,time0,TIME0,0.9563350243740272,11
0.0014045559920087267,False,606,time0,0.8432933062748516,1,time0,TIME0,0.8976490544814505,13
0.001420270141716782,False,606,time0,0.8345123810374956,0,time0,TIME0,0.8919359531247713,3
0.0029693822480257306,False,606,time0,0.750768282064833,5,time0,TIME0,0.8369600995553325,17
0.003012649454081061,False,606,time0,0.6336198043062428,4,time0,TIME0,0.7607984454901294,2
0.0009276114126902775,False,607,time1,0.9145190096173994,3,time1,TIME1,0.9441126922568681,10
0.0006782013755392126,False,607,time0,0.8777059882894411,2,time0,TIME0,0.9202715219066979,11
0.0013448864008688086,False,607,time0,0.8031919830670656,0,time0,TIME0,0.8716040787532886,3
0.002372813167559863,False,607,time0,0.7968581845167495,1,time0,TIME0,0.8671273353272413,13
0.0017768500345609946,False,607,time0,0.7947500054361815,4,time0,TIME0,0.8659656060214216,2
0.003961560752247269,False,607,time0,0.7136061360004006,5,time0,TIME0,0.8124574421369738,17
0.001252846105745887,False,608,time0,0.9159404134367611,4,time0,TIME0,0.9449227725968836,2
0.0011785108001250567,False,608,time1,0.9018450669721706,3,time1,TIME1,0.9357868147518671,10
0.0005597035896709785,False,608,time0,0.86990255769403,2,time0,TIME0,0.9152407662447347,11
0.0027067713936735254,False,608,time0,0.791138340705369,1,time0,TIME0,0.8632925514707042,13
0.004504266460235566,False,608,time0,0.7010619312579504,5,time0,TIME0,0.8041137620565852,17
0.0023009359468913965,False,608,time0,0.6759323591743773,0,time0,TIME0,0.7885507058819332,3
0.0001984288469006714,False,609,time0,0.9727148398448265,4,time0,TIME0,0.982195195802722,2
0.0008299501735323929,False,609,time0,0.898714859847084,2,time0,TIME0,0.9338741763398684,11
0.001006081508201876,False,609,time0,0.8572262011356011,0,time0,TIME0,0.90684490221027,3
0.0023224470819698537,False,609,time0,0.830662566152924,1,time0,TIME0,0.8891178115207111,13
0.0021849838607842583,False,609,time1,0.8293979315335056,3,time1,TIME1,0.8883439111455042,10
0.003505952788643038,False,609,time0,0.7449087742986844,5,time0,TIME0,0.8329636198181198,17
0.00016118496869933484,False,610,time0,0.9720446785468906,2,time0,TIME0,0.9817726263164341,11
0.00036442951003936165,False,610,time0,0.9572431078025302,4,time0,TIME0,0.9720804697431309,2
0.0008330444931786301,False,610,time0,0.9364824358066224,1,time0,TIME0,0.958422017701692,13
0.002436168161227633,False,610,time1,0.8206002402601869,3,time1,TIME1,0.8825374973126918,10
0.0015682004661668777,False,610,time0,0.7747623042807406,0,time0,TIME0,0.8530466276193229,3
0.0033355620249448195,False,610,time0,0.7348546233094186,5,time0,TIME0,0.8264880584423915,17
0.0002470240175350105,False,611,time0,0.9656518917157612,4,time0,TIME0,0.9775872712091076,2
0.0015154372759372424,False,611,time1,0.8796306150803305,3,time1,TIME1,0.9212294967556368,10
0.0017841080108184225,False,611,time0,0.8765140541756471,1,time0,TIME0,0.9191096974103841,13
0.0007942156088036742,False,611,time0,0.8736843577017958,2,time0,TIME0,0.9176168570430859,11
0.0019098429219386475,False,611,time0,0.7657793535636074,0,time0,TIME0,0.8470881347936663,3
0.008253561339053335,False,611,time0,0.3248104679234562,5,time0,TIME0,0.5582380576815779,17
0.0005589920174027162,False,612,time0,0.9533582566866304,4,time0,TIME0,0.9694872196402189,2
0.00020519673574868227,False,612,time0,0.9067083848891097,2,time0,TIME0,0.9392886313204092,11
0.0014707082672769133,False,612,time0,0.8838784402759116,1,time0,TIME0,0.9240062382857956,13
0.002019105640228589,False,612,time1,0.8383064473547047,3,time1,TIME1,0.894192503806478,10
0.0015946143778035038,False,612,time0,0.8037517973666508,0,time0,TIME0,0.8718805532560918,3
0.0019546596976048295,False,612,time0,0.728785761021799,5,time0,TIME0,0.8230266137700077,17
0.0007082810055428401,False,613,time0,0.8526646095776631,2,time0,TIME0,0.903984097873541,11
0.0018252460806300315,False,613,time0,0.826858927830996,1,time0,TIME0,0.8868194669619269,13
0.0023284288346439074,False,613,time1,0.8128558789328773,3,time1,TIME1,0.8775413712142448,10
0.0019922521833094717,False,613,time0,0.7640941851808737,0,time0,TIME0,0.8459639321034096,3
0.003362936401873242,False,613,time0,0.5864244045235781,4,time0,TIME0,0.7299988351996701,2
0.0043404382334212305,False,613,time0,0.5728382307053895,5,time0,TIME0,0.7208256965768057,17
0.00038781718487475314,False,614,time0,0.9381873595556904,2,time0,TIME0,0.9596860476964926,11
0.0006045345704016915,False,614,time0,0.9106306799183778,4,time0,TIME0,0.941698354847305,2
0.0021122017775051594,False,614,time0,0.787325298922332,5,time0,TIME0,0.8610221736773891,17
0.0016925475424824127,False,614,time0,0.7859121296235287,0,time0,TIME0,0.8602504926154249,3
0.002949521741445789,False,614,time1,0.7514043364951275,3,time1,TIME1,0.8373804861123268,10
0.002667749878477053,False,614,time0,0.7407925197383894,1,time0,TIME0,0.8305814253724861,13
9.666637097542654e-05,False,615,time0,0.9898037968120592,2,time0,TIME0,0.9933386346979971,11
0.0008159656426281212,False,615,time0,0.8732540657000419,4,time0,TIME0,0.9173295547301075,2
0.0023945716736906556,False,615,time1,0.7775293709824838,3,time1,TIME1,0.8545559910528226,10
0.002015731937402449,False,615,time0,0.7690542153721447,0,time0,TIME0,0.8491797338138032,3
0.003958965689886927,False,615,time0,0.6653770339356376,5,time0,TIME0,0.781109434066704,17
0.0032512908854729523,False,615,time0,0.6619841158834961,1,time0,TIME0,0.779151723514357,13
0.0005353510358273109,False,616,time0,0.9084533696122382,2,time0,TIME0,0.9403073173854153,11
0.000968503531956005,False,616,time1,0.8906835128392335,3,time1,TIME1,0.9286053071093172,10
0.0010978700692883569,False,616,time0,0.8659780758302017,1,time0,TIME0,0.9125014947653801,13
0.0010118703763925463,False,616,time0,0.8368156947007249,4,time0,TIME0,0.8935760469237338,2
0.002084246007578427,False,616,time0,0.7580693791631375,5,time0,TIME0,0.8420156103533869,17
0.002695261638672441,False,616,time0,0.7045603483019438,0,time0,TIME0,0.8070208848227282,3
0.0005224677525508141,False,617,time0,0.905180639505138,2,time0,TIME0,0.938184551964947,11
0.0006698847668476034,False,617,time1,0.8271831722446532,3,time1,TIME1,0.887434602290628,10
0.0008729943600745846,False,617,time0,0.809783247966383,4,time0,TIME0,0.8760535631521228,2
0.0019832788440451647,False,617,time0,0.7818662681672659,1,time0,TIME0,0.857518926713307,13
0.007101066302899047,False,617,time0,0.566453683491993,5,time0,TIME0,0.7157095210637807,17
0.004258032218922299,False,617,time0,0.4953419647884486,0,time0,TIME0,0.6704819658358687,3
0.0007503257643305211,False,618,time0,0.8807614314998085,4,time0,TIME0,0.9222323164573598,2
0.001715899958318343,False,618,time1,0.8544475435303363,3,time1,TIME1,0.9047903383093072,10
0.0012808944115215647,False,618,time0,0.8187051139126074,2,time0,TIME0,0.8817100109991622,11
0.0021039295596402097,False,618,time0,0.778912320247445,1,time0,TIME0,0.8555566328149651,13
0.0039147875333361655,False,618,time0,0.7169194611444852,5,time0,TIME0,0.8146274741072478,17
0.0024478102262583505,False,618,time0,0.6296998072453716,0,time0,TIME0,0.758448141130301,3
0.000317911043740912,False,619,time0,0.9661355561390322,2,time0,TIME0,0.9778768426250616,11
0.00023682627780668132,False,619,time0,0.9598512642219506,4,time0,TIME0,0.9738204325470355,2
0.0019470900216456903,False,619,time1,0.8440831217798758,3,time1,TIME1,0.8979725476493432,10
0.0023085370769219972,False,619,time0,0.7823269942975042,5,time0,TIME0,0.857704558316455,17
0.0031925732365861124,False,619,time0,0.7501365534784675,1,time0,TIME0,0.8364713591281987,13
0.0021138223724386663,False,619,time0,0.7130688676447081,0,time0,TIME0,0.8127549261387068,3
0.0003686788028967254,False,620,time0,0.9444342887062842,2,time0,TIME0,0.9637532500780708,11
0.0014633468984426485,False,620,time0,0.8963156794586943,1,time0,TIME0,0.9320930202336963,13
0.0020034029560369055,False,620,time1,0.848969821943847,3,time1,TIME1,0.9011291932288876,10
0.0010947035574748775,False,620,time0,0.8028023595852302,4,time0,TIME0,0.8714383874852834,2
0.0010935415831962321,False,620,time0,0.7239188632606047,0,time0,TIME0,0.8201645215652744,3
0.006346015578978863,False,620,time0,0.48201223964481604,5,time0,TIME0,0.6610868503164878,17
0.0001691536674577717,False,621,time0,0.9631911489347273,2,time0,TIME0,0.9760150430239627,11
0.0012960003815381948,False,621,time0,0.9050020369760732,1,time0,TIME0,0.9377977239009092,13
0.00048498058725319543,False,621,time0,0.9038777769468258,4,time0,TIME0,0.9373508118098981,2
0.0025523513840276417,False,621,time1,0.8056369495304377,3,time1,TIME1,0.8727706942103748,10
0.0022788858310787297,False,621,time0,0.7352348930754118,0,time0,TIME0,0.8271050704581402,3
0.005122610078262197,False,621,time0,0.42629670776708606,5,time0,TIME0,0.6252999465212141,17
0.00016927037728260683,False,622,time0,0.9099251488206482,2,time0,TIME0,0.9413921021013725,11
0.001673238293871025,False,622,time0,0.8785530792093609,1,time0,TIME0,0.9204738680832298,13
0.0010581383008653284,False,622,time0,0.8484538501005522,0,time0,TIME0,0.9011246541600562,3
0.00229074198672488,False,622,time1,0.8179434555545622,3,time1,TIME1,0.8808614864151117,10
0.0011003631595783146,False,622,time0,0.7982232471018996,4,time0,TIME0,0.8684599835103823,2
0.003856617388222254,False,622,time0,0.5594426132689808,5,time0,TIME0,0.7122878825389597,17
0.00015051912136233208,False,623,time0,0.9692400674424008,2,time0,TIME0,0.9799533621450838,11
0.0005159234793213283,False,623,time0,0.900654929639396,4,time0,TIME0,0.9352451310478449,2
0.001675420090318258,False,623,time0,0.8726886004479243,1,time0,TIME0,0.9166611932595394,13
0.0033001634099922615,False,623,time1,0.7589398805267589,3,time1,TIME1,0.842155865148896,10
0.003206195081753481,False,623,time0,0.7059277182203147,5,time0,TIME0,0.8077308485645909,17
0.006070479130550807,False,623,time0,0.37988096133476973,0,time0,TIME0,0.5947979571719075,3
0.00020267244504912937,False,624,time0,0.9701115527264113,1,time0,TIME0,0.9805015739164001,13
0.0003238248657670827,False,624,time0,0.9367558234194057,2,time0,TIME0,0.9587779465195951,11
0.00042611870622899137,False,624,time0,0.8595391410169778,4,time0,TIME0,0.9085513001138554,2
0.0032638966626673594,False,624,time1,0.7577367956115685,3,time1,TIME1,0.841386553315586,10
0.0031976551998868664,False,624,time0,0.6987478121597168,5,time0,TIME0,0.8030668985838555,17
0.15791917322539867,False,624,time1,0.0,0,time1,TIME1,0.29472828937111045,16
8.054313443351512e-05,False,625,time1,0.9772911877236886,0,time1,TIME1,0.9852110819233459,16
0.00028310521120447505,False,625,time0,0.9316420487091732,2,time0,TIME0,0.9554682448370411,11
0.0018406478203831487,False,625,time0,0.8480966969743564,1,time0,TIME0,0.9006186262961975,13
0.0026552356224841247,False,625,time1,0.7803523509081783,3,time1,TIME1,0.8562996956224465,10
0.00119344701962054,False,625,time0,0.7755724818478189,4,time0,TIME0,0.8537044067442152,2
0.004436889404010557,False,625,time0,0.6352957219035118,5,time0,TIME0,0.761389307945879,17
0.00017058626089882823,False,626,time0,0.9586869404399171,2,time0,TIME0,0.9730868060946315,11
0.000771795653989465,False,626,time1,0.8463983560110148,0,time1,TIME1,0.8998888029282633,16
0.00275434618408317,False,626,time1,0.7541770130587119,3,time1,TIME1,0.8392510373237336,10
0.00393140542954264,False,626,time0,0.6918541676108151,1,time0,TIME0,0.7983292170466898,13
0.002769507452386725,False,626,time0,0.6902795565220308,4,time0,TIME0,0.7977123841309847,2
0.005429843301826001,False,626,time0,0.6279692299519003,5,time0,TIME0,0.756279554313096,17
8.342153709887942e-05,False,627,time0,0.9677645203989147,2,time0,TIME0,0.97901774072131,11
0.0006410437170063426,False,627,time0,0.8894537830531652,4,time0,TIME0,0.9279205936836052,2
0.0018241188072947406,False,627,time1,0.8341825143148602,3,time1,TIME1,0.8915801927221061,10
0.0012585730804411002,False,627,time1,0.744007778566629,0,time1,TIME1,0.8331645554901546,16
0.00301838261812582,False,627,time0,0.7354138907285244,1,time0,TIME0,0.8269625950571968,13
0.0040460829155023505,False,627,time0,0.6912633891589183,5,time0,TIME0,0.797905073932871,17
0.00034286107274523304,False,628,time0,0.9354215493370933,2,time0,TIME0,0.9579040056936498,11
0.0009714106998770448,False,628,time1,0.9110554192829051,3,time1,TIME1,0.9418460287889313,10
0.0006336962995747422,False,628,time0,0.8931946799566125,4,time0,TIME0,0.930354748266947,2
0.0016114682810106878,False,628,time0,0.8331175676877582,1,time0,TIME0,0.8909624050986891,13
0.0010259226350152074,False,628,time1,0.7714183142732659,0,time1,TIME1,0.8510628313553675,16
0.00420465202156828,False,628,time0,0.6481271270118769,5,time0,TIME0,0.7698110043501711,17
0.0002851707036858595,False,629,time0,0.949720845281666,2,time0,TIME0,0.9672187396867928,11
0.0015638716756805132,False,629,time1,0.8612116654151563,3,time1,TIME1,0.9092402274333634,10
0.0004931541306520271,False,629,time0,0.8514722712206287,4,time0,TIME0,0.9032843723476804,2
0.0006559432569959116,False,629,time1,0.8475437770511073,0,time1,TIME1,0.9006738749432712,16
0.00272052392543458,False,629,time0,0.7506687151388708,1,time0,TIME0,0.836982481466364,13
0.004745537046142674,False,629,time0,0.5271005775964763,5,time0,TIME0,0.6909544374715597,17
0.0004609049814355113,False,630,time0,0.9363153495240472,4,time0,TIME0,0.9584436604471283,2
0.0005255684644760903,False,630,time0,0.9025078037940818,2,time0,TIME0,0.9364461235035866,11
0.000571063531973633,False,630,time1,0.8691230724892833,0,time1,TIME1,0.9147301248818434,16
0.002601338563710666,False,630,time0,0.7873040677733839,1,time0,TIME0,0.8608371755554007,13
0.002957650894017961,False,630,time1,0.7581533648531008,3,time1,TIME1,0.8417645093416093,10
0.0030470098817458875,False,630,time0,0.6195371030781612,5,time0,TIME0,0.7516326635421937,17
0.00017137707713422485,False,631,time0,0.9699148821605478,2,time0,TIME0,0.9803846914273591,11
0.0006214721820248625,False,631,time0,0.9162066962340848,4,time0,TIME0,0.9453168372884464,2
0.001867828602574962,False,631,time0,0.8675285145366167,1,time0,TIME0,0.9132397944378996,13
0.0005900941076583443,False,631,time1,0.8656993736197824,0,time1,TIME1,0.9124980599151782,16
0.0030239540473644176,False,631,time1,0.7803882249198427,3,time1,TIME1,0.8561939622813203,10
0.0029873664685106053,False,631,time0,0.6654660139557422,5,time0,TIME0,0.7815073308072538,17
0.00010775287212740368,False,632,time0,0.9752360305980821,2,time0,TIME0,0.9838657063835088,11
0.00031316495411775903,False,632,time1,0.9247222818980666,0,time1,TIME1,0.9509598754998021,16
0.0022510384255014205,False,632,time0,0.856459360894203,1,time0,TIME0,0.9059107211323065,13
0.002963215423653786,False,632,time1,0.7477273169508548,3,time1,TIME1,0.8349856306197768,10
0.002225181352394414,False,632,time0,0.6824654643549184,4,time0,TIME0,0.7928237383573589,2
0.003970529829992217,False,632,time0,0.6336642855429674,5,time0,TIME0,0.7604921001624315,17
0.0003040316049479838,False,633,time0,0.9698132680334097,2,time0,TIME0,0.9802722131599846,11
0.001063408988594853,False,633,time0,0.9296919312777303,1,time0,TIME0,0.9539275621845165,13
0.002047923454642867,False,633,time0,0.8607889083535137,4,time0,TIME0,0.908796017220659,2
0.0011545202724974394,False,633,time1,0.7653218432118949,0,time1,TIME1,0.8470551159923576,16
0.003196033184446906,False,633,time1,0.7396668768927819,3,time1,TIME1,0.8296648583657518,10
0.006767941711143868,False,633,time0,0.578854926603877,5,time0,TIME0,0.7238869226936198,17
0.000867865824455118,False,634,time0,0.9421475569304174,1,time0,TIME0,0.9620921589662119,13
0.0003451832710356441,False,634,time0,0.937742121758814,2,time0,TIME0,0.9594115649983666,11
0.0016111165027340494,False,634,time0,0.9084615793699559,4,time0,TIME0,0.9399361358145144,2
0.0007500631228338154,False,634,time1,0.83641642401203,0,time1,TIME1,0.8934081535148276,16
0.0029189416873116798,False,634,time0,0.8084250203417276,5,time0,TIME0,0.8744546336315638,17
0.002678602547778826,False,634,time1,0.7554257788741722,3,time1,TIME1,0.8400892453764892,10
0.00023857225780086227,False,635,time1,0.9556612701987799,0,time1,TIME1,0.9710963253389766,16
0.00026912610866414914,False,635,time0,0.9269496121179085,2,time0,TIME0,0.952423053738608,11
0.0011265853028437705,False,635,time0,0.9132877409850878,4,time0,TIME0,0.9432427267843118,2
0.001475962923576467,False,635,time0,0.9107542336727205,1,time0,TIME0,0.9414736648640165,13
0.0021925346643005203,False,635,time1,0.7950836749231257,3,time1,TIME1,0.8660370015675265,10
0.004381072835159957,False,635,time0,0.7379188748736561,5,time0,TIME0,0.8281138931755705,17
0.00021362935669499343,False,636,time0,0.9534437713481329,2,time0,TIME0,0.9696636811014431,11
0.001348684936589176,False,636,time0,0.9036981886769608,1,time0,TIME0,0.9369317829122183,13
0.0015431247730738297,False,636,time0,0.8839254785249486,4,time0,TIME0,0.9240114673706408,2
0.001653817839897308,False,636,time1,0.8475818537183817,3,time1,TIME1,0.9003493686729841,10
0.0010539735788742983,False,636,time1,0.7968371692516476,0,time1,TIME1,0.8675752692609648,16
0.0041989123637797355,False,636,time0,0.7464876510673547,5,time0,TIME0,0.8337473538664577,17
0.00017488881006509036,False,637,time0,0.966670516455134,2,time0,TIME0,0.9782746246123144,11
0.0005487315470947702,False,637,time1,0.8874446902663408,0,time1,TIME1,0.9266469926316383,16
0.0017366040428019398,False,637,time0,0.873254180251144,1,time0,TIME0,0.9170074057482629,13
0.0015334892748728795,False,637,time1,0.8608900411915115,3,time1,TIME1,0.909041805528277,10
0.002317125864796497,False,637,time0,0.701303487631587,5,time0,TIME0,0.8050362729078528,17
0.027482887387081153,False,637,time0,0.0,4,time0,TIME0,0.34038098941452155,5
0.00010962397083729846,False,638,time0,0.9823154522466425,2,time0,TIME0,0.9884666755705247,11
0.0003113239016559662,False,638,time1,0.9447847575249336,0,time1,TIME1,0.9640011290256272,16
0.0014062365526075044,False,638,time1,0.8690929612157758,3,time1,TIME1,0.9144182419968416,10
0.002387046033431563,False,638,time0,0.804221673456729,1,time0,TIME0,0.8719086216351728,13
0.003680684417132473,False,638,time0,0.6463301997384664,5,time0,TIME0,0.7688263902840069,17
0.0034768920676252783,False,638,time0,0.6234524599467743,4,time0,TIME0,0.7540271867417345,5
0.000135008991893605,False,639,time0,0.9689258329595283,2,time0,TIME0,0.9797545382765307,11
0.00044499175789452713,False,639,time1,0.9430908248814127,0,time1,TIME1,0.9628532890576551,16
0.0019778119234956175,False,639,time0,0.8109604807699469,1,time0,TIME0,0.8764320783272419,13
0.0032404546534601365,False,639,time1,0.7626181516455093,3,time1,TIME1,0.84456763944087,10
0.003956384020873143,False,639,time0,0.6294740644317095,4,time0,TIME0,0.7577734074733056,5
0.0050976371689575055,False,639,time0,0.4411552554722065,5,time0,TIME0,0.6349667430477991,17
0.0002940110733996804,False,640,time0,0.9411433362593069,2,time0,TIME0,0.9616402646928596,11
0.0004919615140198931,False,640,time1,0.9042876219300581,0,time1,TIME1,0.9376147677246307,16
0.002003385707029975,False,640,time1,0.8473700441137597,3,time1,TIME1,0.9000893436764834,10
0.0016085934803438298,False,640,time0,0.8153486344737041,1,time0,TIME0,0.8794136046897874,13
0.0017743836294994062,False,640,time0,0.7387527344068288,4,time0,TIME0,0.8295682430941139,5
0.003661609450621102,False,640,time0,0.5474178933082656,5,time0,TIME0,0.7045400673426552,17
0.00016282358630846587,False,641,time0,0.9675959436381456,2,time0,TIME0,0.9788803751095867,11
0.00030494367155562823,False,641,time1,0.8841569112793841,0,time1,TIME1,0.9245952620465552,16
0.0008830729548241589,False,641,time0,0.7941425516420463,4,time0,TIME0,0.8658835830331416,5
0.003620653002705998,False,641,time1,0.7803408538338945,3,time1,TIME1,0.8559543264410844,10
0.0020091819821471506,False,641,time0,0.7611139977528648,1,time0,TIME0,0.8440208848456107,13
0.0021426598710137944,False,641,time0,0.7348786499820406,5,time0,TIME0,0.8269211915334715,17
0.00033384187141544006,False,642,time0,0.9409726156532643,2,time0,TIME0,0.9615153555196264,11
0.0006545716058183122,False,642,time1,0.8701278389833568,0,time1,TIME1,0.9153539952771454,16
0.003094391483277909,False,642,time1,0.7854545898308137,3,time1,TIME1,0.8594624463708815,10
0.0009063809291010562,False,642,time0,0.7745604853562756,4,time0,TIME0,0.8531470821563938,5
0.002241520017618105,False,642,time0,0.7461536755783365,1,time0,TIME0,0.8342153571197524,13
0.0033232596273428984,False,642,time0,0.6975015433255123,5,time0,TIME0,0.8022128622920129,17
0.0006536100751466756,False,643,time0,0.8823152278359163,2,time0,TIME0,0.9232761345670443,11
0.0007425093261075272,False,643,time1,0.8048709745137995,0,time1,TIME1,0.872906255169832,16
0.004453265408261016,False,643,time1,0.6879182458170705,3,time1,TIME1,0.7955882168882045,10
0.00341506635061903,False,643,time0,0.6817630580272883,1,time0,TIME0,0.7919507144950207,13
0.004292004239536946,False,643,time0,0.5998136790471293,4,time0,TIME0,0.7383766898967962,5
0.0033002413349176897,False,643,time0,0.5911906092282537,5,time0,TIME0,0.7331188115311438,17
0.0002814898924377937,False,644,time0,0.9473523500204031,2,time0,TIME0,0.9656805060509087,11
0.00025003465413144747,False,644,time1,0.9357227794763601,0,time1,TIME1,0.958132294530688,16
0.0012727503436316353,False,644,time0,0.85037212291336,4,time0,TIME0,0.9022964172734129,5
0.0024340919895816638,False,644,time0,0.8012134068888775,1,time0,TIME0,0.8699367822814168,13
0.003034204624859565,False,644,time1,0.7612043440415868,3,time1,TIME1,0.8437208520083306,10
0.008693723527204402,False,644,time0,0.37274986628474166,5,time0,TIME0,0.5892446098505605,17
0.00037641239515407896,False,645,time0,0.9317863586376078,2,time0,TIME0,0.9555293887761411,11
0.00038716332068114846,False,645,time1,0.9050089132597661,0,time1,TIME1,0.9381202864566096,16
0.0010467179363060433,False,645,time1,0.8935376356210469,3,time1,TIME1,0.9304331118759733,10
0.0014774137679888274,False,645,time0,0.8930127200584865,1,time0,TIME0,0.9299411732192202,13
0.0010516583562852192,False,645,time0,0.8752483009469019,4,time0,TIME0,0.9185433151907864,5
0.002638222419624699,False,645,time0,0.5648296885234619,5,time0,TIME0,0.7162159196933816,17
