distancia,excluido,frame,grupo_metrica,iou,logical_id,margem_aparencia,novo_track,papel,rotulo,score,score_aparencia,score_papel,tracker_id
7.480006489286438e-06,False,2,time0,0.9992280912552768,0,,,time0,TIME0,0.6497565273662592,0.0,0.0,1
0.00046055386267972604,False,2,time0,0.9761443334516285,3,,,time0,TIME0,0.642110600708498,0.0,0.0,5
0.00023179212976778666,False,2,time0,0.963353692801904,2,,,time0,TIME0,0.6386373476341224,0.0,0.0,2
0.000349615301901726,False,2,time1,0.9477632825622658,6,,,time1,TIME1,0.6337727786065633,0.0,0.0,4
0.0005615539007909032,False,2,time1,0.9442135431732129,8,,,time1,TIME1,0.6323706817461602,0.0,0.0,6
0.00077193486362187,False,2,time0,0.9398664335340124,4,,,time0,TIME0,0.630731851868078,0.0,0.0,7
0.00030310462302258177,False,2,goleiro_time1,0.9346408360100579,9,,,goleiro1,GOL-TIME1,0.6299100389027541,0.0,0.0,3
0.001296371438116697,False,2,time1,0.9042748380853196,5,,,time1,TIME1,0.6192200423195011,0.0,0.0,8
0.0014731988209482048,False,2,time0,0.8823123527201548,1,,,time0,TIME0,0.6123499804190835,0.0,0.0,9
0.0018799926022624509,False,2,time1,0.7313043614364667,7,,,time1,TIME1,0.5664004111091587,0.0,0.0,10
0.00015112429516063767,False,3,goleiro_time1,0.9765494579964982,9,,,goleiro1,GOL-TIME1,0.9766726681773762,0.935811306648433,1.0,3
2.1091380177723038e-05,False,3,time0,0.9985791157875331,0,,,time0,TIME0,0.9750106076264023,0.9018966992595938,1.0,1
0.00019348973328010857,False,3,time0,0.9810640083565382,2,,,time0,TIME0,0.9690926648456083,0.9002691171869068,1.0,2
0.00035481524333664816,False,3,time0,0.9664265258274076,3,,,time0,TIME0,0.9665195555795867,0.9096772382168986,1.0,5
0.0006169751629885507,False,3,time1,0.9409151139213229,8,,,time1,TIME1,0.9564398977882922,0.8995962767006218,1.0,6
0.000524263526369414,False,3,time1,0.928807526230778,6,,,time1,TIME1,0.9538463732919448,0.9035187527564331,1.0,4
0.0015142278161571644,False,3,time0,0.8575789201063653,1,,,time0,TIME0,0.93150489976736,0.9040552097308441,1.0,9
0.000362480676650439,False,3,time0,0.9675468977992597,4,,,time0,TIME0,0.8660804829018647,0.9057150955573043,0.0,7
0.001508867839450587,False,3,time1,0.8902176469281224,5,,,time1,TIME1,0.8257003402531502,0.8415657211332215,0.0,8
0.0013350701939540731,False,3,time1,0.7922846487105778,7,,,time1,TIME1,0.5859739203003601,0.0,0.0,10
0.00013613885257993542,False,4,goleiro_time1,0.9767905250216898,9,,,goleiro1,GOL-TIME1,0.9767525015995321,0.935811306648433,1.0,3
2.7984706404167666e-05,False,4,time0,0.9982837035462945,0,,,time0,TIME0,0.9749197701950353,0.9018966992595938,1.0,1
0.0002529069689120127,False,4,time0,0.9678459996386942,2,,,time0,TIME0,0.9648897015996151,0.9002691171869068,1.0,2
0.000634385498866368,False,4,time0,0.9437474951233369,3,,,time0,TIME0,0.9595380675990309,0.9096772382168986,1.0,5
0.0017182622605498678,False,4,time1,0.9231947929571975,8,,,time1,TIME1,0.949517375546678,0.8995962767006218,1.0,6
0.000753532101057061,False,4,time1,0.8999894655838497,6,,,time1,TIME1,0.9450329679821308,0.9035187527564331,1.0,4
0.002300818044855788,False,4,time0,0.7897934235428076,1,,,time0,TIME0,0.910310006899176,0.9040552097308441,1.0,9
0.00029343546389193017,False,4,time0,0.9755216525255549,4,,,time0,TIME0,0.8685847046765243,0.9057150955573043,0.0,7
0.001666628981738936,False,4,time1,0.8903848927422264,5,,,time1,TIME1,0.8255734220290809,0.8415657211332215,0.0,8
0.003275138956596272,False,4,time1,0.5552500341000375,7,,,time1,TIME1,0.5122650643759589,0.0,0.0,10
0.00011471594109869076,False,5,goleiro_time1,0.9775700223893463,9,,,goleiro1,GOL-TIME1,0.9769772556108275,0.935811306648433,1.0,3
1.854475930697365e-05,False,5,time0,0.9987053900364111,0,,,time0,TIME0,0.9750427394121316,0.9018966992595938,1.0,1
0.0005853843170483056,False,5,time0,0.9479023551320128,3,,,time0,TIME0,0.9610626994485876,0.9096772382168986,1.0,5
0.0004608094523765395,False,5,time0,0.9524013627862434,2,,,time0,TIME0,0.9602268771687904,0.9002691171869068,1.0,2
0.0011329529259493372,False,5,time1,0.9161721251204878,8,,,time1,TIME1,0.9481800780231022,0.8995962767006218,1.0,6
0.001029094321530766,False,5,time1,0.8757463548522223,6,,,time1,TIME1,0.9373954016693541,0.9035187527564331,1.0,4
0.002391534022105423,False,5,time0,0.7690158849797117,1,,,time0,TIME0,0.9041605929835387,0.9040552097308441,1.0,9
0.0005966630875536395,False,5,time0,0.9409304385121665,4,,,time0,TIME0,0.8577403152620791,0.9057150955573043,0.0,7
0.001991348335346306,False,5,time0,0.8809530755928264,5,,,time0,TIME0,0.8225065708696018,0.8415657211332215,0.0,8
0.007651820194591688,False,5,time1,0.46845885842969537,7,,,time1,TIME1,0.4791967618195327,0.0,0.0,10
1.5011262187951548e-05,False,6,time0,0.998271659088395,0,,,time0,TIME0,0.9749160857419886,0.9018533189154971,1.0,1
0.0003394761073322144,False,6,time0,0.9701507330274223,2,,,time0,TIME0,0.9695337177861842,0.9157348153301772,1.0,2
0.0004193268336514909,False,6,time0,0.9550931233718623,3,,,time0,TIME0,0.9665428750291957,0.9225919014453308,1.0,5
0.0008203781922628461,False,6,time1,0.9470203038428734,8,,,time1,TIME1,0.9611082907090055,0.9122609005485318,1.0,6
0.00021897084145149347,False,6,goleiro_time1,0.9576532397822248,9,,,goleiro1,GOL-TIME1,0.8707798551168582,0.9352101899501106,0.0,3
0.0007487373844540755,False,6,time0,0.9395350490402494,4,,,time0,TIME0,0.8613577157673903,0.9216343940810034,0.0,7
0.00014567261968927479,False,6,time1,0.9227221148532514,6,,,time1,TIME1,0.8539537172184921,0.9117148246460117,0.0,4
0.0007937306580470565,False,6,time0,0.9069463081169534,1,,,time0,TIME0,0.852582390808912,0.9294637988112026,0.0,9
0.0017994340578705382,False,6,time0,0.8931727915858506,5,,,time0,TIME0,0.8298308510704497,0.8547888075007046,0.0,8
0.001065123438419012,False,6,time1,0.8608757442744365,7,,,time1,TIME1,0.6027318418469934,0.0,0.0,10
0.0002851670255887934,False,7,time0,0.9832906159200736,0,,,time0,TIME0,0.9700064637206852,0.9018533189154971,1.0,1
0.00047176551425515037,False,7,time0,0.9597491560575625,2,,,time0,TIME0,0.9661990950169334,0.9157348153301772,1.0,2
0.0012498604041109394,False,7,time0,0.8930345669835202,3,,,time0,TIME0,0.9467966515477134,0.9225919014453308,1.0,5
0.0014847808188489047,False,7,time1,0.8503142580830239,8,,,time1,TIME1,0.931049689518333,0.9122609005485318,1.0,6
3.636731157192663e-05,False,7,goleiro_time1,0.9922765829325992,9,,,goleiro1,GOL-TIME1,0.8813017243517689,0.9352101899501106,0.0,3
0.00010820182826514698,False,7,time1,0.9545974688657323,6,,,time1,TIME1,0.8640364862508698,0.9117148246460117,0.0,4
0.0014199389607837136,False,7,time0,0.9286131149107195,4,,,time0,TIME0,0.8568806621293966,0.9216343940810034,0.0,7
0.0010546098643005456,False,7,time0,0.8808110312144972,1,,,time0,TIME0,0.845334107608715,0.9294637988112026,0.0,9
0.0016882339717080458,False,7,time0,0.9022526922617496,5,,,time0,TIME0,0.8325311793185048,0.8547888075007046,0.0,8
0.0010844397895626654,False,7,time1,0.8360128508555107,7,,,time1,TIME1,0.5994391873210616,0.0,0.0,10
7.548438753510429e-05,False,8,time0,0.9963518957311749,0,,,time0,TIME0,0.9740551106020293,0.9018533189154971,1.0,1
0.0003353972245168507,False,8,time0,0.9722118240922651,3,,,time0,TIME0,0.970970112541009,0.9225919014453308,1.0,5
0.0009154961160811809,False,8,time0,0.9266811514517468,2,,,time0,TIME0,0.9556506488009365,0.9157348153301772,1.0,2
0.0006938320704931476,False,8,time1,0.9257346594759466,8,,,time1,TIME1,0.9545547863072322,0.9122609005485318,1.0,6
0.0001952771996725764,False,8,goleiro_time1,0.9680771606917459,9,,,goleiro1,GOL-TIME1,0.8739334557441489,0.9352101899501106,0.0,3
0.00037179255304194635,False,8,time0,0.9735519527509455,4,,,time0,TIME0,0.8714052476359467,0.9216343940810034,0.0,7
0.0002608107936480597,False,8,time1,0.9526586066077302,6,,,time1,TIME1,0.8632378259229244,0.9117148246460117,0.0,4
0.0018160162384861915,False,8,time0,0.8872077409628515,5,,,time0,TIME0,0.8280870319705822,0.8547888075007046,0.0,8
0.00897617459518722,False,8,time0,0.48039900579043804,1,,,time0,TIME0,0.7126086905083578,0.9294637988112026,0.0,9
0.0008992384197253171,False,8,time1,0.68656068891762,7,,,time1,TIME1,0.5541598464315862,0.0,0.0,10
5.980792563888319e-05,False,9,time0,0.9966034826010702,0,,,time0,TIME0,0.9755813149492638,0.906968281753846,1.0,1
0.0003871636250753884,False,9,time0,0.9627565022214513,3,,,time0,TIME0,0.971424845662426,0.932043830211972,1.0,5
0.001179148303128264,False,9,time0,0.9022004277418816,2,,,time0,TIME0,0.9499072663357245,0.9221506186346915,1.0,2
0.0009772738402622635,False,9,time1,0.8936162043781102,8,,,time1,TIME1,0.9479126253593609,0.9236481766951745,1.0,6
0.00015741018841277705,False,9,goleiro_time1,0.9745969690706985,9,,,goleiro1,GOL-TIME1,0.8750919286861577,0.9316449420202968,0.0,3
0.0003317797272706951,False,9,time0,0.9735631439283267,4,,,time0,TIME0,0.8738922947260765,0.9286389718250228,0.0,7
0.0005110518524403816,False,9,time1,0.9451274072731685,6,,,time1,TIME1,0.8618030790732649,0.9164914449023981,0.0,4
0.0021606741250636773,False,9,time0,0.8815577813704784,5,,,time0,TIME0,0.8269926035053627,0.8589286959383929,0.0,8
0.0012559419980956975,False,9,time1,0.84708616391121,7,,,time1,TIME1,0.8193030352767807,0.8681170204003121,0.0,10
0.005490668982289258,False,9,time0,0.6503153938341574,1,,,time0,TIME0,0.7648932204710757,0.9370740980927987,0.0,9
2.4920318858192385e-05,False,10,time0,0.9970687696661725,0,,,time0,TIME0,0.9757860067666204,0.906968281753846,1.0,1
0.0002695855664031708,False,10,time0,0.963757628288691,3,,,time0,TIME0,0.9715039937478042,0.932043830211972,1.0,5
0.0008353202459812618,False,10,time0,0.9287449508560394,2,,,time0,TIME0,0.9581665386256656,0.9221506186346915,1.0,2
0.0010859753570384792,False,10,time1,0.8923508536382551,8,,,time1,TIME1,0.947308727333936,0.9236481766951745,1.0,6
0.00017711903056266242,False,10,goleiro_time1,0.9717528848774962,9,,,goleiro1,GOL-TIME1,0.8742605810486077,0.9316449420202968,0.0,3
0.000149722623101123,False,10,time0,0.9650053826831478,4,,,time0,TIME0,0.8713984893898974,0.9286389718250228,0.0,7
0.00032168307179621683,False,10,time1,0.9475328460715622,6,,,time1,TIME1,0.8626355368045013,0.9164914449023981,0.0,4
0.0005215286963205605,False,10,time1,0.9382483757619116,7,,,time1,TIME1,0.8473663394633726,0.8681170204003121,0.0,10
0.0026736772460469013,False,10,time0,0.8538413122202811,5,,,time0,TIME0,0.8181040092853272,0.8589286959383929,0.0,8
0.001805617116601947,False,10,time0,0.7078889650656948,1,,,time0,TIME0,0.7919243256765515,0.9370740980927987,0.0,9
0.00015634548077688982,False,11,time0,0.9776631725903936,3,,,time0,TIME0,0.975996210277097,0.932043830211972,1.0,5
3.0502826778814835e-05,False,11,time0,0.997079778610443,0,,,time0,TIME0,0.9758037183850692,0.906968281753846,1.0,1
0.0011612998424744083,False,11,time1,0.90300572463705,8,,,time1,TIME1,0.9505312071117272,0.9236481766951745,1.0,6
0.0012317811111584533,False,11,time0,0.9009238336987795,2,,,time0,TIME0,0.9493951160057522,0.9221506186346915,1.0,2
0.00010871655892490668,False,11,time0,0.9908996522781719,4,,,time0,TIME0,0.8791716766740569,0.9286389718250228,0.0,7
6.95004343443578e-05,False,11,goleiro_time1,0.9801503622095724,9,,,goleiro1,GOL-TIME1,0.8768165573135509,0.9316449420202968,0.0,3
0.0002907415241359771,False,11,time1,0.9621344608478581,6,,,time1,TIME1,0.8674120936666919,0.9164914449023981,0.0,4
0.0010446308064674355,False,11,time0,0.9093525955016465,1,,,time0,TIME0,0.8542454581966106,0.9370740980927987,0.0,9
0.000934597463426681,False,11,time1,0.9014000689642275,7,,,time1,TIME1,0.8363067939262403,0.8681170204003121,0.0,10
0.0034872138733725746,False,11,time0,0.7993673394998043,5,,,time0,TIME0,0.8008157335830361,0.8589286959383929,0.0,8
5.1108484116613645e-05,False,12,time0,0.9963398276164573,0,,,time0,TIME0,0.9756514862197823,0.9072412075147765,1.0,1
0.00042281295941692037,False,12,time0,0.9723303189228031,3,,,time0,TIME0,0.975272174746375,0.9365574828256069,1.0,5
0.0012611957412125311,False,12,time0,0.8886356737620993,2,,,time0,TIME0,0.9478101447212034,0.9298308578080066,1.0,2
0.0017005214539922088,False,12,time1,0.8198100230547083,8,,,time1,TIME1,0.9265491337282462,0.9314923124967909,1.0,6
8.452310180398757e-05,False,12,goleiro_time1,0.9829808219529823,9,,,goleiro1,GOL-TIME1,0.8768522395113436,0.9283841507511774,0.0,3
0.0003433633993397147,False,12,time0,0.9668760807795388,4,,,time0,TIME0,0.8714969701736979,0.9281753526372862,0.0,7
0.000953317607719014,False,12,time0,0.9140375525082897,1,,,time0,TIME0,0.8583649018340186,0.9404605785999829,0.0,9
0.0011377605285751472,False,12,time1,0.8611586053329006,6,,,time1,TIME1,0.8370520374062975,0.9212748795727507,0.0,4
0.0017294304852137257,False,12,time1,0.822031707552198,7,,,time1,TIME1,0.8187022437268741,0.8972719153948436,0.0,10
0.0031940690298812393,False,12,time0,0.7943953850404679,5,,,time0,TIME0,0.8057571512184958,0.8827556509799026,0.0,8
0.00012739662464231256,False,13,time0,0.9935035410790565,0,,,time0,TIME0,0.9746507873140368,0.9072412075147765,1.0,1
0.0008707766451070372,False,13,time0,0.9481690525868458,3,,,time0,TIME0,0.967460220757478,0.9365574828256069,1.0,5
0.00117500762828219,False,13,time1,0.8822345535516973,8,,,time1,TIME1,0.9460028253030112,0.9314923124967909,1.0,6
0.0018485257462426132,False,13,time0,0.8509804820880051,2,,,time0,TIME0,0.9356673261031551,0.9298308578080066,1.0,2
0.000529382321373202,False,13,time0,0.9628186639145164,4,,,time0,TIME0,0.8699418881351655,0.9281753526372862,0.0,7
0.0007781669298259112,False,13,goleiro_time1,0.9207094638801896,9,,,goleiro1,GOL-TIME1,0.8570352423836196,0.9283841507511774,0.0,3
0.0009322980693380798,False,13,time1,0.8915449381180239,6,,,time1,TIME1,0.8465996336496683,0.9212748795727507,0.0,4
0.0019493638466181356,False,13,time0,0.8481249070381106,1,,,time0,TIME0,0.8370233520293935,0.9404605785999829,0.0,9
0.0018470338086078594,False,13,time0,0.8689450766012116,5,,,time0,TIME0,0.8287586544106096,0.8827556509799026,0.0,8
0.0021644128980482674,False,13,time1,0.7789400006591398,7,,,time1,TIME1,0.8056824425768867,0.8972719153948436,0.0,10
0.0005814193791434309,False,14,time0,0.9604770766350895,3,,,time0,TIME0,0.9715248157440174,0.9365574828256069,1.0,5
0.00021706211200368458,False,14,time0,0.9833637260791963,0,,,time0,TIME0,0.9714337169817889,0.9072412075147765,1.0,1
0.0007707355503164572,False,14,time1,0.9213077023525962,8,,,time1,TIME1,0.9582887814424544,0.9314923124967909,1.0,6
0.0008747979974110499,False,14,time0,0.9193739817419568,2,,,time0,TIME0,0.9567919579553784,0.9298308578080066,1.0,2
6.573646005331833e-05,False,14,goleiro_time1,0.9520537755369495,9,,,goleiro1,GOL-TIME1,0.8670790137495159,0.9283841507511774,0.0,3
0.000756212951860696,False,14,time1,0.9043316108198344,6,,,time1,TIME1,0.8508074165171824,0.9212748795727507,0.0,4
0.0016401911244221005,False,14,time0,0.85187378930174,1,,,time0,TIME0,0.8388169108634782,0.9404605785999829,0.0,9
0.001843128024650282,False,14,time0,0.8648257551611644,5,,,time0,TIME0,0.8281108061991029,0.8827556509799026,0.0,8
0.0018384774894522873,False,14,time1,0.7944307013171504,7,,,time1,TIME1,0.8106891674553736,0.8972719153948436,0.0,10
0.006040204891163104,False,14,time0,0.5575777543056628,4,,,time0,TIME0,0.7399471860249163,0.9281753526372862,0.0,7
4.73267852026436e-05,False,15,time0,0.9966882629924253,0,,,time0,TIME0,0.9758937846474709,0.9084154329372112,1.0,1
0.0004960381646108305,False,15,time0,0.9605670321034658,3,,,time0,TIME0,0.9725256648747894,0.9416349779451851,1.0,5
0.0007760503244784013,False,15,time0,0.9242125243289682,2,,,time0,TIME0,0.9606869001441097,0.93700671253366,1.0,2
0.0021775728756888812,False,15,time1,0.8296005684413832,8,,,time1,TIME1,0.9290708840869416,0.9327111343197755,1.0,6
2.75293611581587e-05,False,15,goleiro_time1,0.9905100056216385,9,,,goleiro1,GOL-TIME1,0.8790850102167258,0.9279328243854514,0.0,3
7.945564796200478e-05,False,15,time1,0.9887236877570427,6,,,time1,TIME1,0.8775619808112443,0.9259177314633111,0.0,4
0.001765232523998967,False,15,time0,0.8836413601621375,5,,,time0,TIME0,0.8350084849512762,0.8880031760072321,0.0,8
0.0019916145788415177,False,15,time0,0.8367473142113513,1,,,time0,TIME0,0.8345844104006519,0.9424416855458261,0.0,9
0.0023842900479830328,False,15,time0,0.7949533800841985,4,,,time0,TIME0,0.8152242597620757,0.9356965406634279,0.0,7
0.001927603108262917,False,15,time1,0.7593006999579911,7,,,time1,TIME1,0.8058035290706775,0.9195790785553151,0.0,10
1.3167096026745908e-05,False,16,time0,0.9975438441261968,0,,,time0,TIME0,0.9763178073366373,0.9084154329372112,1.0,1
0.0003694431114670595,False,16,time0,0.9673589275187391,3,,,time0,TIME0,0.9747158130837922,0.9416349779451851,1.0,5
0.00031128727288242525,False,16,time0,0.9654291448979706,2,,,time0,TIME0,0.9732495363955674,0.93700671253366,1.0,2
0.0011404499531498743,False,16,time1,0.8896065940519063,8,,,time1,TIME1,0.9482825916304551,0.9327111343197755,1.0,6
2.0323360217202853e-05,False,16,goleiro_time1,0.9841211664675427,9,,,goleiro1,GOL-TIME1,0.8771841077646965,0.9279328243854514,0.0,3
0.0001580081835802571,False,16,time1,0.9682556799724185,6,,,time1,TIME1,0.8717458052919118,0.9259177314633111,0.0,4
0.0005533310962575727,False,16,time0,0.9510355185330482,4,,,time0,TIME0,0.8667779543432361,0.9356965406634279,0.0,7
0.0010013565993445865,False,16,time1,0.861416020934718,7,,,time1,TIME1,0.8367741175907464,0.9195790785553151,0.0,10
0.0021013253654526692,False,16,time0,0.8324906502616158,1,,,time0,TIME0,0.8328455611455251,0.9424416855458261,0.0,9
0.0021063785127653743,False,16,time0,0.8564027141557373,5,,,time0,TIME0,0.8267200154296603,0.8880031760072321,0.0,8
4.0865684528451544e-05,False,17,time0,0.9973614809246276,0,,,time0,TIME0,0.976255479886296,0.9084154329372112,1.0,1
0.0004446282604396505,False,17,time0,0.950324781537382,3,,,time0,TIME0,0.969969798936357,0.9416349779451851,1.0,5
0.000450355742458597,False,17,time0,0.9413127882410126,2,,,time0,TIME0,0.9660247225695628,0.93700671253366,1.0,2
0.0012592596923816865,False,17,time1,0.8631891780730958,8,,,time1,TIME1,0.9406749048661659,0.9327111343197755,1.0,6
8.702240680967768e-05,False,17,goleiro_time1,0.985812185513047,9,,,goleiro1,GOL-TIME1,0.8775990633174551,0.9279328243854514,0.0,3
0.000346072508075292,False,17,time1,0.9479996400017103,6,,,time1,TIME1,0.865376751868181,0.9259177314633111,0.0,4
0.002008471931850088,False,17,time0,0.8244332859547971,1,,,time0,TIME0,0.8310141752811261,0.9424416855458261,0.0,9
0.002206754542684649,False,17,time0,0.8482144345636256,5,,,time0,TIME0,0.824050688364943,0.8880031760072321,0.0,8
0.0014175476396346466,False,17,time1,0.8084973770749565,7,,,time1,TIME1,0.8208589825948704,0.9195790785553151,0.0,10
0.00404687393466724,False,17,time0,0.7937448017506917,4,,,time0,TIME0,0.8158788269018387,0.9356965406634279,0.0,7
0.00014815678108152727,False,18,time0,0.9743547385174524,3,,,time0,TIME0,0.9781720945216382,0.944827746935331,1.0,5
5.891600850307566e-06,False,18,time0,0.9984334919991787,0,,,time0,TIME0,0.9767225410110394,0.9089180465791596,1.0,1
0.000750447978617862,False,18,time0,0.9373731463745039,2,,,time0,TIME0,0.9642654722080057,0.9363913384898969,1.0,2
0.0017244840788144973,False,18,time1,0.8547808272190114,8,,,time1,TIME1,0.938100124258401,0.9353687202748515,1.0,6
6.329300504911284e-05,False,18,goleiro_time1,0.9927207322901747,9,,,goleiro1,GOL-TIME1,0.8793790636420519,0.9268626186398836,0.0,3
0.0002625925653316217,False,18,time1,0.9693306295632794,6,,,time1,TIME1,0.8719977554769067,0.9265055049427398,0.0,4
0.0006627004539962441,False,18,time0,0.9481855678952483,4,,,time0,TIME0,0.8673192650005416,0.9431495188451516,0.0,7
0.000745103931876509,False,18,time1,0.8888910094715436,7,,,time1,TIME1,0.8482336817169739,0.931043945352859,0.0,10
0.001918519375354254,False,18,time0,0.8558299762688211,5,,,time0,TIME0,0.82799356125501,0.8927764679900384,0.0,8
0.002076806206495001,False,18,time0,0.7886988568902323,1,,,time0,TIME0,0.8218583850113966,0.948854746414794,0.0,9
0.0001507539488353621,False,19,time0,0.9839515089336655,3,,,time0,TIME0,0.9811165514872229,0.944827746935331,1.0,5
5.984664712282381e-05,False,19,time0,0.9949753144180263,0,,,time0,TIME0,0.9756237113017663,0.9089180465791596,1.0,1
0.0004238352928379876,False,19,time0,0.960861135162365,2,,,time0,TIME0,0.9717430168986577,0.9363913384898969,1.0,2
0.001180782900196809,False,19,time1,0.8856159938100032,8,,,time1,TIME1,0.9480240983650191,0.9353687202748515,1.0,6
6.72735812080652e-05,False,19,time1,0.9860144516738709,6,,,time1,TIME1,0.8772231234445818,0.9265055049427398,0.0,4
0.0005770363050176079,False,19,time0,0.9444838830580992,4,,,time0,TIME0,0.8685408455534263,0.9431495188451516,0.0,7
0.0003877561791958293,False,19,goleiro_time1,0.9405746113500435,9,,,goleiro1,GOL-TIME1,0.8632455514304985,0.9268626186398836,0.0,3
0.001633766782523156,False,19,time0,0.8472161991300647,1,,,time0,TIME0,0.8390772889232249,0.948854746414794,0.0,9
0.0011788422854523651,False,19,time1,0.8373478053241741,7,,,time1,TIME1,0.8325350591439968,0.931043945352859,0.0,10
0.0023451899990726524,False,19,time0,0.8291666311846726,5,,,time0,TIME0,0.8185418418923939,0.8927764679900384,0.0,8
0.00018497117169338415,False,20,time0,0.9800071506440841,3,,,time0,TIME0,0.9799486566308431,0.944827746935331,1.0,5
6.245732237105654e-05,False,20,time0,0.9949670947653488,0,,,time0,TIME0,0.9755905277768743,0.9089180465791596,1.0,1
0.0004059221737743287,False,20,time0,0.9663745495108269,2,,,time0,TIME0,0.9734069556983191,0.9363913384898969,1.0,2
0.0015861503915673841,False,20,time1,0.8301352225363176,8,,,time1,TIME1,0.9299258038090071,0.9353687202748515,1.0,6
3.08601095179591e-05,False,20,time1,0.9951102011252675,6,,,time1,TIME1,0.8800840103973813,0.9265055049427398,0.0,4
1.3897485249351966e-05,False,20,goleiro_time1,0.9944073023122824,9,,,goleiro1,GOL-TIME1,0.8797612035105166,0.9268626186398836,0.0,3
0.0005361007081079406,False,20,time0,0.9399684830354095,4,,,time0,TIME0,0.867094607881568,0.9431495188451516,0.0,7
0.0013769216623993844,False,20,time0,0.8814227246571785,1,,,time0,TIME0,0.8500495795961021,0.948854746414794,0.0,9
0.0013926437263576783,False,20,time1,0.833980096113731,7,,,time1,TIME1,0.8314695228434793,0.931043945352859,0.0,10
0.0023911052320860766,False,20,time0,0.8340728740056289,5,,,time0,TIME0,0.8206690789386736,0.8927764679900384,0.0,8
0.0003237911287388213,True,20,excluido,0.9384678344714695,10,,,excluir,EXCLUÍDO,0.6310252280911746,0.0,0.0,11
8.717991814575977e-05,False,21,time0,0.993618495266395,0,,,time0,TIME0,0.9757446032488412,0.9111421198616672,1.0,1
0.0005249776859887158,False,21,time0,0.9569439128697554,3,,,time0,TIME0,0.9731022720085648,0.9470560610855443,1.0,5
0.0006159878602712647,False,21,time0,0.9497776879286611,2,,,time0,TIME0,0.9677809123121115,0.9342032976296291,1.0,2
0.0010711641421108696,False,21,time1,0.8880862067012164,8,,,time1,TIME1,0.9488667895977377,0.9393260137270214,1.0,6
5.896115793725528e-05,False,21,goleiro_time1,0.9855746838727253,9,,,goleiro1,GOL-TIME1,0.876810561999767,0.9249194817966426,0.0,3
0.0001623275885775566,False,21,time1,0.9789094054214762,6,,,time1,TIME1,0.874928658814549,0.9260893695150846,0.0,4
0.0006261948586577258,False,21,time0,0.935915771695483,4,,,time0,TIME0,0.8668600935013367,0.9474973832835372,0.0,7
0.0006016132481484939,False,21,time1,0.9237877940866551,7,,,time1,TIME1,0.8606162613598181,0.9383158833317513,0.0,10
0.0009897019526852846,False,21,time0,0.9060633445138689,1,,,time0,TIME0,0.8584216453435483,0.9515937237565917,0.0,9
0.002556774232334152,False,21,time0,0.8020244553885286,5,,,time0,TIME0,0.8147266886970843,0.9068951174179849,0.0,8
8.37184356306731e-06,True,21,excluido,0.9969728370295264,10,,,excluir,EXCLUÍDO,0.6488679327103047,0.0,0.0,11
0.00019165253647868851,False,22,time0,0.987185604595106,0,,,time0,TIME0,0.9735811415584602,0.9111421198616672,1.0,1
0.0005710668803102726,False,22,time0,0.9576498061844707,3,,,time0,TIME0,0.9732967240812015,0.9470560610855443,1.0,5
0.0003641286163331686,False,22,time0,0.9637534906533853,2,,,time0,TIME0,0.9721404181139208,0.9342032976296291,1.0,2
0.0015244407502313043,False,22,time1,0.8389277259258151,8,,,time1,TIME1,0.9348148352985103,0.9393260137270214,1.0,6
4.369365287318371e-05,False,22,goleiro_time1,0.9920621134949664,9,,,goleiro1,GOL-TIME1,0.87873993495019,0.9249194817966426,0.0,3
0.00011447114471430229,False,22,time1,0.9834964090124608,6,,,time1,TIME1,0.8764331523250917,0.9260893695150846,0.0,4
0.00048718698890149126,False,22,time0,0.9471227416406685,4,,,time0,TIME0,0.8704347312652024,0.9474973832835372,0.0,7
0.0015686644644533122,False,22,time0,0.8574866699943093,1,,,time0,TIME0,0.8433235875635536,0.9515937237565917,0.0,9
0.0014640463964060593,False,22,time1,0.854330348563719,7,,,time1,TIME1,0.8389004935683191,0.9383158833317513,0.0,10
0.0017816334885771019,False,22,time0,0.8417223210241004,5,,,time0,TIME0,0.8270817873608698,0.9068951174179849,0.0,8
4.627046505491506e-06,True,22,excluido,0.9987015757997151,10,,,excluir,EXCLUÍDO,0.6495977053567987,0.0,0.0,11
0.0006090502082190137,False,23,time0,0.9515664880122658,3,,,time0,TIME0,0.9716374085147647,0.9470560610855443,1.0,5
0.0003089882592866239,False,23,time0,0.9778627179873087,0,,,time0,TIME0,0.9706375329933832,0.9111421198616672,1.0,1
0.001470964161367967,False,23,time0,0.8744469609536727,2,,,time0,TIME0,0.9437853132295608,0.9342032976296291,1.0,2
0.001491767275444295,False,23,time1,0.8138119405413163,8,,,time1,TIME1,0.9271346223658133,0.9393260137270214,1.0,6
2.759134343526903e-05,False,23,goleiro_time1,0.9951039094987275,9,,,goleiro1,GOL-TIME1,0.8796878520597736,0.9249194817966426,0.0,3
6.248350027569246e-05,False,23,time1,0.9916801018562107,6,,,time1,TIME1,0.8788947418233402,0.9260893695150846,0.0,4
0.00041193205754939114,False,23,time0,0.9556681683846735,4,,,time0,TIME0,0.8731206308831492,0.9474973832835372,0.0,7
0.0007305657585821371,False,23,time1,0.9255704167352542,7,,,time1,TIME1,0.8610463005619895,0.9383158833317513,0.0,10
0.0017222413020545272,False,23,time0,0.8394567256194375,1,,,time0,TIME0,0.8380513787584025,0.9515937237565917,0.0,9
0.0011984540004735188,False,23,time0,0.874918060152229,5,,,time0,TIME0,0.8374444683084217,0.9068951174179849,0.0,8
1.2656637984052207e-05,True,23,excluido,0.9957111415484793,10,,,excluir,EXCLUÍDO,0.6486900864426673,0.0,0.0,11
0.00016425899539624197,False,24,time0,0.990028023354546,0,,,time0,TIME0,0.9746558349110944,0.9121763742967721,1.0,1
0.0008963168438102529,False,24,time0,0.9223364362866361,2,,,time0,TIME0,0.9588360578837398,0.9335091408425429,1.0,2
0.0013301680261843846,False,24,time0,0.9058208365436528,3,,,time0,TIME0,0.9568288885129844,0.9471827511326746,1.0,5
0.0026062086686204134,False,24,time1,0.7621246231121479,8,,,time1,TIME1,0.9100866031528084,0.9403555226120077,1.0,6
5.597156893420166e-05,False,24,goleiro_time1,0.9887970400327496,9,,,goleiro1,GOL-TIME1,0.8772438388510602,0.922749723736904,0.0,3
0.00018958080391538504,False,24,time1,0.9722140545682437,6,,,time1,TIME1,0.8734314265481257,0.928164145617354,0.0,4
0.0007559040931718908,False,24,time0,0.9223452775216678,4,,,time0,TIME0,0.8631801662239504,0.9499217995874698,0.0,7
0.0007788292916920479,False,24,time1,0.9203667430396155,7,,,time1,TIME1,0.8587378381166758,0.9374002275032339,0.0,10
0.0016245543923157398,False,24,time0,0.8493054137355724,1,,,time0,TIME0,0.8408400623414736,0.9509593663150939,0.0,9
0.0016875128617535981,False,24,time0,0.8570373911533579,5,,,time0,TIME0,0.8326951964087699,0.9108779294307886,0.0,8
7.854799824161303e-06,True,24,excluido,0.9969957511127983,10,,,excluir,EXCLUÍDO,0.6490878277037826,0.0,0.0,11
0.0005212145107325563,False,25,time0,0.9813321103798346,0,,,time0,TIME0,0.9717067509910443,0.9121763742967721,1.0,1
0.0012534427184561939,False,25,time0,0.9039944359421458,3,,,time0,TIME0,0.9565534778292939,0.9471827511326746,1.0,5
0.0015710051546938002,False,25,time0,0.8692645438594669,2,,,time0,TIME0,0.942206230307752,0.9335091408425429,1.0,2
0.0029795670763650486,False,25,time1,0.729504087544065,8,,,time1,TIME1,0.8997061954687652,0.9403555226120077,1.0,6
0.0,False,25,time1,1.0,7,,,time1,TIME1,0.8838190369042003,0.9374002275032339,0.0,10
0.0005192110893099354,False,25,time0,0.9460119789478374,4,,,time0,TIME0,0.8706502681449065,0.9499217995874698,0.0,7
0.00023972548074510904,False,25,goleiro_time1,0.9626198475683965,9,,,goleiro1,GOL-TIME1,0.8690918375173418,0.922749723736904,0.0,3
0.000353087780658731,False,25,time1,0.9533488273884198,6,,,time1,TIME1,0.8676096468651289,0.928164145617354,0.0,4
0.0012648958561286472,False,25,time0,0.8984216016743689,5,,,time0,TIME0,0.8454224456740922,0.9108779294307886,0.0,8
0.001677147426165242,False,25,time0,0.837568837076225,1,,,time0,TIME0,0.8374413432094677,0.9509593663150939,0.0,9
8.751482156672085e-05,True,25,excluido,0.9761652280122963,10,,,excluir,EXCLUÍDO,0.6427134850038989,0.0,0.0,11
0.0003157940071682289,False,26,time0,0.9825544046473164,0,,,time0,TIME0,0.9723545617356658,0.9121763742967721,1.0,1
0.0010530171721723674,False,26,time0,0.9172528174142456,3,,,time0,TIME0,0.9608710380146034,0.9471827511326746,1.0,5
0.0006692225571785867,False,26,time0,0.922005985599123,2,,,time0,TIME0,0.9584329119858058,0.9335091408425429,1.0,2
0.003554629486201311,False,26,time1,0.8361230480562508,8,,,time1,TIME1,0.9302611051550803,0.9403555226120077,1.0,6
0.0,False,26,time1,1.0,7,,,time1,TIME1,0.8843500568758085,0.9374002275032339,0.0,10
7.098174988844671e-05,False,26,goleiro_time1,0.9914463894833845,9,,,goleiro1,GOL-TIME1,0.8779099028974324,0.922749723736904,0.0,3
0.0001879358447595883,False,26,time1,0.9682691583421229,6,,,time1,TIME1,0.8721333097113468,0.928164145617354,0.0,4
0.0005534839528984021,False,26,time0,0.9165043916616398,4,,,time0,TIME0,0.8614842236275184,0.9499217995874698,0.0,7
0.001665888593482625,False,26,time0,0.8720288344721893,5,,,time0,TIME0,0.8374738643159488,0.9108779294307886,0.0,8
0.002142434416346736,False,26,time0,0.7887759816905158,1,,,time0,TIME0,0.8220140023469088,0.9509593663150939,0.0,9
1.8431326476378013e-05,True,26,excluido,0.9957011783672974,10,,,excluir,EXCLUÍDO,0.6486432118775426,0.0,0.0,11
0.00036683364111269326,False,27,time0,0.9809011565260612,0,,,time0,TIME0,0.9730826515446734,0.9167309961383758,1.0,1
0.0006405323346832224,False,27,time0,0.9481112803221502,3,,,time0,TIME0,0.9705714542510325,0.9480885347182195,1.0,5
0.0006043734443840099,False,27,time0,0.9431342971840901,2,,,time0,TIME0,0.9649678947826379,0.9325705915331466,1.0,2
0.0,False,27,time1,1.0,7,,,time1,TIME1,0.8842680986874697,0.9370723947498787,0.0,10
3.140962039040671e-05,False,27,goleiro_time1,0.9944993649016014,9,,,goleiro1,GOL-TIME1,0.8790443693322392,0.9230944724149107,0.0,3
0.00027850936550492534,False,27,time0,0.9695851892317965,4,,,time0,TIME0,0.8782083791371893,0.9511343123457849,0.0,7
0.0005567259037510164,False,27,time1,0.9134758430055651,6,,,time1,TIME1,0.8558144482848256,0.9305627128582359,0.0,4
0.0012481017156572404,False,27,time0,0.9068786300036398,5,,,time0,TIME0,0.8477070536844308,0.9084430896322324,0.0,8
0.0022440785526696527,False,27,time1,0.8762219319214782,8,,,time1,TIME1,0.8456292104534846,0.9428351884774351,0.0,6
0.0018634477606735652,False,27,time0,0.8052549124597088,1,,,time0,TIME0,0.8274744625773293,0.9511340274173962,0.0,9
1.6689118117076465e-05,True,27,excluido,0.9966967286750944,10,,,excluir,EXCLUÍDO,0.6489770871646556,0.0,0.0,11
0.0003281238763503054,False,28,time0,0.9802572400736601,0,,,time0,TIME0,0.9729016562800435,0.9167309961383758,1.0,1
0.0006247644593918156,False,28,time0,0.9445929665607812,2,,,time0,TIME0,0.9656107909816468,0.9325705915331466,1.0,2
0.0013543739634691418,False,28,time0,0.8953269163809224,3,,,time0,TIME0,0.9539000069868465,0.9480885347182195,1.0,5
0.0,False,28,time1,1.0,7,,,time1,TIME1,0.8842680986874697,0.9370723947498787,0.0,10
4.192441525660638e-05,False,28,goleiro_time1,0.9904452855763958,9,,,goleiro1,GOL-TIME1,0.8778327165200729,0.9230944724149107,0.0,3
0.0003448517349759625,False,28,time0,0.9611750175685196,4,,,time0,TIME0,0.8754825819921074,0.9511343123457849,0.0,7
0.000900057341695536,False,28,time1,0.9549276630124903,8,,,time1,TIME1,0.8704522554053165,0.9428351884774351,0.0,6
0.000811375326757264,False,28,time0,0.9066301778476281,1,,,time0,TIME0,0.8582758578816214,0.9511340274173962,0.0,9
0.0008916204465467722,False,28,time0,0.928451931992527,5,,,time0,TIME0,0.8545887032550583,0.9084430896322324,0.0,8
8.616983025130401e-05,False,28,time1,0.8932271104066954,6,,,time1,TIME1,0.8501346618193082,0.9305627128582359,0.0,4
1.247859034178665e-05,True,28,excluido,0.9959312984108275,10,,,excluir,EXCLUÍDO,0.6487534321188739,0.0,0.0,11
0.0001340522554312476,False,29,time0,0.9917135947911682,0,,,time0,TIME0,0.976404600578863,0.9167309961383758,1.0,1
0.0007265235045403143,False,29,time0,0.9418834689861326,2,,,time0,TIME0,0.9648552124708519,0.9325705915331466,1.0,2
0.003452530381954412,False,29,time0,0.7574772467632314,3,,,time0,TIME0,0.9096960599776617,0.9480885347182195,1.0,5
0.0,False,29,time1,1.0,7,,,time1,TIME1,0.8842680986874697,0.9370723947498787,0.0,10
1.9558052853268906e-05,False,29,goleiro_time1,0.9977664034995299,9,,,goleiro1,GOL-TIME1,0.880070053703129,0.9230944724149107,0.0,3
0.00023436038006882602,False,29,time0,0.9732762594911343,4,,,time0,TIME0,0.8792763114158594,0.9511343123457849,0.0,7
0.0011101579574315065,False,29,time1,0.9493004660143937,8,,,time1,TIME1,0.8693316448776596,0.9428351884774351,0.0,6
0.0005599198617784648,False,29,time1,0.9341397171340632,6,,,time1,TIME1,0.8620135626619929,0.9305627128582359,0.0,4
0.000632499117029009,False,29,time0,0.883415419213616,1,,,time0,TIME0,0.8520042801981524,0.9511340274173962,0.0,9
0.0016997750793158453,False,29,time0,0.8735801314573349,5,,,time0,TIME0,0.8370820937816115,0.9084430896322324,0.0,8
2.097755417123413e-05,True,29,excluido,0.9951181490528046,10,,,excluir,EXCLUÍDO,0.6484980359745777,0.0,0.0,11
0.00046334018608750475,False,30,time0,0.9599127873046006,2,,,time0,TIME0,0.9706506294556754,0.9331462536855568,1.0,2
0.0006242148755915813,False,30,time0,0.9673677952275914,0,,,time0,TIME0,0.9692825347875931,0.9199801411719662,1.0,1
0.00024233157739664916,False,30,time0,0.9037165340638612,3,,,time0,TIME0,0.9561960625027514,0.9512797005265925,1.0,5
0.0,False,30,time1,1.0,7,,,time1,TIME1,0.8844038013530934,0.9376152054123733,0.0,10
6.927780800711253e-05,False,30,goleiro_time1,0.9911679927755482,9,,,goleiro1,GOL-TIME1,0.8778096673143567,0.9222251982323864,0.0,3
0.00043455570284250185,False,30,time0,0.9520108026694166,4,,,time0,TIME0,0.8727845684030563,0.9510014323587536,0.0,7
0.0004094598436310568,False,30,time1,0.9487616950274693,6,,,time1,TIME1,0.8670968654210103,0.932793191221285,0.0,4
0.0008393112095936526,False,30,time1,0.9304885820071847,8,,,time1,TIME1,0.8641960631893767,0.9449593296822418,0.0,6
0.0016838369969119317,False,30,time0,0.8416928381895995,1,,,time0,TIME0,0.8382165153120054,0.9518571078652593,0.0,9
0.0024194471768385615,False,30,time0,0.8433811609386885,5,,,time0,TIME0,0.8274586080946209,0.9085535334340795,0.0,8
5.830786448285053e-05,True,30,excluido,0.9796926509462744,10,,,excluir,EXCLUÍDO,0.6438036190475334,0.0,0.0,11
0.000298624675429894,False,31,time0,0.9735174917673226,0,,,time0,TIME0,0.9715365017869817,0.9199801411719662,1.0,1
0.0007463180083025596,False,31,time0,0.9313210538256066,2,,,time0,TIME0,0.9617389453115865,0.9331462536855568,1.0,2
0.0011398124501466672,False,31,time0,0.8938520722555956,3,,,time0,TIME0,0.9543206423547855,0.9512797005265925,1.0,5
0.0,False,31,time1,1.0,7,,,time1,TIME1,0.8844038013530934,0.9376152054123733,0.0,10
0.00038814511893592866,False,31,time1,0.9609760550047942,8,,,time1,TIME1,0.8737388111932777,0.9449593296822418,0.0,6
0.00016644657533403402,False,31,goleiro_time1,0.9620661261448112,9,,,goleiro1,GOL-TIME1,0.868935406118633,0.9222251982323864,0.0,3
0.0004721521964046367,False,31,time1,0.9407446638649509,6,,,time1,TIME1,0.8647359590795973,0.932793191221285,0.0,4
0.0006408532169445057,False,31,time0,0.9027896915435014,4,,,time0,TIME0,0.8578153294392556,0.9510014323587536,0.0,7
0.0013023631343359223,False,31,time0,0.8784842261926668,1,,,time0,TIME0,0.8498330527541362,0.9518571078652593,0.0,9
0.002249281867807401,False,31,time0,0.8441601876789175,5,,,time0,TIME0,0.8281908097535355,0.9085535334340795,0.0,8
0.0008235885368468787,True,31,excluido,0.852020500553306,10,,,excluir,EXCLUÍDO,0.6042954558258768,0.0,0.0,11
0.0004774280588362403,False,32,time0,0.9545093933749751,3,,,time0,TIME0,0.972640970103949,0.9512797005265925,1.0,5
0.0003135498860003656,False,32,time0,0.9739073252022955,0,,,time0,TIME0,0.9717479565437075,0.9199801411719662,1.0,1
0.0009603119785646429,False,32,time0,0.922746288031327,2,,,time0,TIME0,0.9590222000273048,0.9331462536855568,1.0,2
0.0,False,32,time1,1.0,7,,,time1,TIME1,0.8844038013530934,0.9376152054123733,0.0,10
1.6791973247833754e-05,False,32,goleiro_time1,0.9963953386331031,9,,,goleiro1,GOL-TIME1,0.8793400416595378,0.9222251982323864,0.0,3
9.083956765260219e-05,False,32,time0,0.9701820594814834,4,,,time0,TIME0,0.8783003182735731,0.9510014323587536,0.0,7
0.00012127046226758824,False,32,time1,0.9801413808986043,6,,,time1,TIME1,0.8768396194408934,0.932793191221285,0.0,4
0.000925378072151746,False,32,time1,0.9166244170721859,8,,,time1,TIME1,0.8600183739554942,0.9449593296822418,0.0,6
0.001436163884026409,False,32,time0,0.8572514322060293,1,,,time0,TIME0,0.8434623733231545,0.9518571078652593,0.0,9
0.0023571533014912663,False,32,time0,0.824053705437325,5,,,time0,TIME0,0.8220259274227866,0.9085535334340795,0.0,8
3.916533513330347e-05,True,32,excluido,0.9913007247317344,10,,,excluir,EXCLUÍDO,0.6467670686628471,0.0,0.0,11
0.00038629463025269733,False,33,time0,0.9618862967021733,3,,,time0,TIME0,0.9762233690474436,0.9526023023968982,1.0,5
0.0007516282672832779,False,33,time0,0.9691744481916837,0,,,time0,TIME0,0.9707543182782733,0.9241725059532693,1.0,1
0.0016391170186140546,False,33,time0,0.8691216196525698,2,,,time0,TIME0,0.9424082265635407,0.9345035099686755,1.0,2
0.0,False,33,time1,1.0,7,,,time1,TIME1,0.8847287016085622,0.9389148064342488,0.0,10
1.95149398482623e-05,False,33,goleiro_time1,0.992499114519702,9,,,goleiro1,GOL-TIME1,0.8781624731510864,0.9217497366215072,0.0,3
0.0001332703046780896,False,33,time1,0.9760701486712711,6,,,time1,TIME1,0.8760569644827381,0.9336062312747658,0.0,4
0.0003832893205554595,False,33,time0,0.9584008958697988,4,,,time0,TIME0,0.8746500247888955,0.9510305306683817,0.0,7
0.001422083113809939,False,33,time0,0.874593345414891,1,,,time0,TIME0,0.8488689333988265,0.9512247449675274,0.0,9
0.0025518341167492156,False,33,time0,0.7967497979086062,5,,,time0,TIME0,0.8151520165331372,0.9147843632203878,0.0,8
0.004316880148543838,False,33,time1,0.6058397027293041,8,,,time1,TIME1,0.7617066137920026,0.9450081702226445,0.0,6
1.1991889318289243e-05,True,33,excluido,0.9959651022972947,10,,,excluir,EXCLUÍDO,0.6487475141123782,0.0,0.0,11
0.00032977511363730115,False,34,time0,0.9437794869430741,3,,,time0,TIME0,0.9709452031917886,0.9526023023968982,1.0,5
0.0004744489524098251,False,34,time0,0.9623413870440685,0,,,time0,TIME0,0.9690945672764565,0.9241725059532693,1.0,1
0.0007911209340308237,False,34,time0,0.9249325650351318,2,,,time0,TIME0,0.959801296238554,0.9345035099686755,1.0,2
8.031361959120427e-06,False,34,goleiro_time1,0.9977515048976522,9,,,goleiro1,GOL-TIME1,0.8797449228842311,0.9217497366215072,0.0,3
0.0002625829769130632,False,34,time1,0.9738623177871497,6,,,time1,TIME1,0.875155127452804,0.9336062312747658,0.0,4
0.00040178134673113467,False,34,time0,0.9567381655598833,4,,,time0,TIME0,0.8738949805300114,0.9510305306683817,0.0,7
0.000652949590378352,False,34,time0,0.9254881443016384,1,,,time0,TIME0,0.864230321133066,0.9512247449675274,0.0,9
0.0008927317899168389,False,34,time1,0.8908851098556535,8,,,time1,TIME1,0.850365648333802,0.9450081702226445,0.0,6
0.0016328950988846785,False,34,time0,0.857307116043419,5,,,time0,TIME0,0.8336745621840294,0.9147843632203878,0.0,8
0.005397727680216078,False,34,time1,0.4805334348015484,7,,,time1,TIME1,0.7203014380123193,0.9389148064342488,0.0,10
8.534390087201952e-06,True,34,excluido,0.9985659884271882,10,,,excluir,EXCLUÍDO,0.6495485279797937,0.0,0.0,11
0.0002736307629226464,False,35,time0,0.9610935526360742,3,,,time0,TIME0,0.9760272431053875,0.9526023023968982,1.0,5
0.00018766650658960367,False,35,time0,0.9737784099181811,0,,,time0,TIME0,0.9727787998794323,0.9241725059532693,1.0,1
0.0008731508187139202,False,35,time0,0.9119333738782156,2,,,time0,TIME0,0.9562826079189402,0.9345035099686755,1.0,2
5.674934694965366e-05,False,35,time0,0.9761709603645277,4,,,time0,TIME0,0.880320061290772,0.9510305306683817,0.0,7
1.636334810870062e-05,False,35,goleiro_time1,0.9961002037139044,9,,,goleiro1,GOL-TIME1,0.8792360057333468,0.9217497366215072,0.0,3
0.00017905868139201319,False,35,time1,0.9639475252306278,6,,,time1,TIME1,0.8722956723270328,0.9336062312747658,0.0,4
0.0009846742730239889,False,35,time1,0.8896703186667293,8,,,time1,TIME1,0.8517158799766669,0.9450081702226445,0.0,6
0.0010069615119495789,False,35,time1,0.8855664574802468,7,,,time1,TIME1,0.8461818822343776,0.9389148064342488,0.0,10
0.001153865621952048,False,35,time0,0.8871280599252476,5,,,time0,TIME0,0.843230344969526,0.9147843632203878,0.0,8
0.0024919204014288558,False,35,time0,0.7979966582901937,1,,,time0,TIME0,0.8236238536378484,0.9512247449675274,0.0,9
2.9182973354380734e-05,True,35,excluido,0.99447768059714,10,,,excluir,EXCLUÍDO,0.6482913803992668,0.0,0.0,11
0.0004238290273898819,False,36,time0,0.9722193302599548,0,,,time0,TIME0,0.9730234832303645,0.9277882113328726,1.0,1
0.0005202254831145772,False,36,time0,0.9469582211385875,3,,,time0,TIME0,0.9714855765623733,0.9531372164544858,1.0,5
0.0006354955739271015,False,36,time0,0.9366145328448076,2,,,time0,TIME0,0.9643119165236173,0.9371089973380764,1.0,2
2.951485502835563e-05,False,36,time1,0.9962488320857694,6,,,time1,TIME1,0.8820780616070373,0.933345975062553,0.0,4
1.5092064590178943e-05,False,36,goleiro_time1,0.997451536611501,9,,,goleiro1,GOL-TIME1,0.8794996679258117,0.9211216824857894,0.0,3
0.0006326937264130852,False,36,time0,0.9352911071239453,4,,,time0,TIME0,0.8676393613348088,0.9520880779239353,0.0,7
0.00023814633416060872,False,36,time1,0.9186131691804817,7,,,time1,TIME1,0.8594803884239879,0.9389148064342488,0.0,10
0.001078480967921355,False,36,time1,0.8695566802636137,8,,,time1,TIME1,0.8456108319346132,0.9456835386762539,0.0,6
0.001995023997258479,False,36,time0,0.8336620127749154,5,,,time0,TIME0,0.8272143183705436,0.9188891958332737,0.0,8
0.0024261846389456707,False,36,time0,0.8047630914097558,1,,,time0,TIME0,0.8261101452606134,0.949722919572124,0.0,9
1.8572107226969384e-05,True,36,excluido,0.9963534443452714,10,,,excluir,EXCLUÍDO,0.6488584566705201,0.0,0.0,11
0.00042720361803255544,False,37,time0,0.977639789337557,0,,,time0,TIME0,0.9747093905700006,0.9277882113328726,1.0,1
0.0008881668909650176,False,37,time0,0.9106390511616514,2,,,time0,TIME0,0.9563394625592626,0.9371089973380764,1.0,2
0.0012269374885475822,False,37,time0,0.8740816410214103,3,,,time0,TIME0,0.9488989537749204,0.9531372164544858,1.0,5
1.2042930842014614e-05,False,37,goleiro_time1,0.9975251937527794,9,,,goleiro1,GOL-TIME1,0.8795195852538596,0.9211216824857894,0.0,3
8.336583295296811e-05,False,37,time1,0.9803664915236283,6,,,time1,TIME1,0.877298528435824,0.933345975062553,0.0,4
0.0002602274981857507,False,37,time1,0.958379997415569,7,,,time1,TIME1,0.8716707342788502,0.9389148064342488,0.0,10
0.0006097720791590611,False,37,time0,0.9396145488308851,4,,,time0,TIME0,0.8692076696822242,0.9520880779239353,0.0,7
0.0006058165267432515,False,37,time1,0.9183312523368091,8,,,time1,TIME1,0.8608222207924285,0.9456835386762539,0.0,6
0.001500223245965429,False,37,time0,0.87329178382902,5,,,time0,TIME0,0.8400021943314684,0.9188891958332737,0.0,8
0.003025084567571601,False,37,time0,0.7398331476197484,1,,,time0,TIME0,0.8062142400782479,0.949722919572124,0.0,9
4.311953045812661e-05,True,37,excluido,0.9905639568944585,10,,,excluir,EXCLUÍDO,0.6471099711028756,0.0,0.0,11
0.00033863661338461205,False,38,time0,0.9734776894167886,0,,,time0,TIME0,0.973605006296279,0.9277882113328726,1.0,1
0.000750623969220928,False,38,time0,0.9318182523215714,2,,,time0,TIME0,0.9630417586415312,0.9371089973380764,1.0,2
0.0010824933913276622,False,38,time0,0.8855994413195799,3,,,time0,TIME0,0.952613851536114,0.9531372164544858,1.0,5
0.00011474343804503314,False,38,time1,0.987707258406769,6,,,time1,TIME1,0.8794418126642939,0.933345975062553,0.0,4
2.791100177804583e-05,False,38,goleiro_time1,0.9953884554566583,9,,,goleiro1,GOL-TIME1,0.8788585260393459,0.9211216824857894,0.0,3
0.00025960318559960807,False,38,time1,0.9468296925421075,7,,,time1,TIME1,0.868316618643977,0.9389148064342488,0.0,10
0.0008367829110366069,False,38,time0,0.9185110281630143,4,,,time0,TIME0,0.8625999734590359,0.9520880779239353,0.0,7
0.00103293689295118,False,38,time0,0.9105751474514564,5,,,time0,TIME0,0.8515382746008545,0.9188891958332737,0.0,8
0.0008923870127077193,False,38,time1,0.8792876426614812,8,,,time1,TIME1,0.8491472437133603,0.9456835386762539,0.0,6
0.0015178456431637465,False,38,time0,0.850235197679009,1,,,time0,TIME0,0.8400295306475702,0.949722919572124,0.0,9
1.6826591751081686e-05,True,38,excluido,0.9971062589690346,10,,,excluir,EXCLUÍDO,0.649098408180595,0.0,0.0,11
0.0004365068191882241,False,39,time0,0.9539810309594368,3,,,time0,TIME0,0.9736075143478969,0.9533735678742503,1.0,5
0.0008114144414170979,False,39,time0,0.964531561051792,0,,,time0,TIME0,0.971217141410143,0.9316719274590506,1.0,1
0.0009894682793737477,False,39,time0,0.9093003586900871,2,,,time0,TIME0,0.9565079084219478,0.9391242289358993,1.0,2
9.921700921598862e-06,False,39,goleiro_time1,0.9978332015928044,9,,,goleiro1,GOL-TIME1,0.879601676679944,0.9211216824857894,0.0,3
0.00014341871985645307,False,39,time1,0.9754534225776125,6,,,time1,TIME1,0.876165392825258,0.9349753298352614,0.0,4
0.0004426222516659901,False,39,time1,0.9115804301955779,7,,,time1,TIME1,0.857608318778743,0.9389148064342488,0.0,10
0.0006972888729467949,False,39,time1,0.9006463906845696,8,,,time1,TIME1,0.855660622920317,0.9449420491121288,0.0,6
0.0011240207813721706,False,39,time0,0.8840332119295651,4,,,time0,TIME0,0.8519159591260411,0.9517346598989174,0.0,7
0.0014019498699909998,False,39,time0,0.8592846825852867,1,,,time0,TIME0,0.8443325483892954,0.9517900428505351,0.0,9
0.0015651279107087971,False,39,time0,0.8510008822270748,5,,,time0,TIME0,0.8343244733281732,0.9234827797580782,0.0,8
4.873129827506449e-06,True,39,excluido,0.9988475091651925,10,,,excluir,EXCLUÍDO,0.6496351426301958,0.0,0.0,11
0.0005594250182090486,False,40,time0,0.96738250697701,0,,,time0,TIME0,0.9724101712646128,0.9316719274590506,1.0,1
0.0004930769667121991,False,40,time0,0.9386674582745717,3,,,time0,TIME0,0.9689315261783578,0.9533735678742503,1.0,5
0.001290976861931512,False,40,time0,0.8802961937913943,2,,,time0,TIME0,0.9472028180721979,0.9391242289358993,1.0,2
8.759452846676175e-05,False,40,goleiro_time1,0.9859684149233283,9,,,goleiro1,GOL-TIME1,0.8759252523457872,0.9211216824857894,0.0,3
0.00022930043461809538,False,40,time1,0.9493114590413588,7,,,time1,TIME1,0.8691449201369538,0.9389148064342488,0.0,10
0.0007890939220546065,False,40,time0,0.9136277657639122,4,,,time0,TIME0,0.8609912125324538,0.9517346598989174,0.0,7
0.0007329611383210701,False,40,time1,0.9087614935237103,8,,,time1,TIME1,0.8580358862159533,0.9449420491121288,0.0,6
0.0006458626329514043,False,40,time1,0.9076500600409187,6,,,time1,TIME1,0.8549836980009975,0.9349753298352614,0.0,4
0.001155681333593365,False,40,time0,0.8880449143771572,1,,,time0,TIME0,0.8528757277031156,0.9517900428505351,0.0,9
0.001214242320911376,False,40,time0,0.8880376120272626,5,,,time0,TIME0,0.8455357679979407,0.9234827797580782,0.0,8
6.133254760515201e-05,True,40,excluido,0.9893608371554862,10,,,excluir,EXCLUÍDO,0.6467131070022616,0.0,0.0,11
0.0001603275662239486,False,41,time0,0.96809447318493,3,,,time0,TIME0,0.9781826978976793,0.9533735678742503,1.0,5
0.0003927779231694459,False,41,time0,0.9736307956629958,0,,,time0,TIME0,0.9744173606666165,0.9316719274590506,1.0,1
0.0008297289803846941,False,41,time0,0.9158944873548719,2,,,time0,TIME0,0.9584694383661139,0.9391242289358993,1.0,2
7.939032368980163e-05,False,41,goleiro_time1,0.986275554402179,9,,,goleiro1,GOL-TIME1,0.8760746682994507,0.9211216824857894,0.0,3
0.00023936753848511155,False,41,time1,0.9653518188691785,7,,,time1,TIME1,0.8738450412657048,0.9389148064342488,0.0,10
0.0007566570630567868,False,41,time0,0.9137697065407769,4,,,time0,TIME0,0.8611973874200111,0.9517346598989174,0.0,7
0.0008675554437951131,False,41,time1,0.9012795340382949,6,,,time1,TIME1,0.8529660794447353,0.9349753298352614,0.0,4
0.0010395587867118535,False,41,time1,0.8697757975346534,8,,,time1,TIME1,0.8459267654603077,0.9449420491121288,0.0,6
0.001284500874476522,False,41,time0,0.876031522481182,5,,,time0,TIME0,0.8423470903281765,0.9234827797580782,0.0,8
0.0019030169825724592,False,41,time0,0.825628191036329,1,,,time0,TIME0,0.8332469896954656,0.9517900428505351,0.0,9
1.1420130714751771e-05,True,41,excluido,0.9963577836055434,10,,,excluir,EXCLUÍDO,0.6488568485895588,0.0,0.0,11
0.0001777317634845935,False,42,time0,0.9784854728903437,2,,,time0,TIME0,0.9782216013396102,0.9413157554818439,1.0,2
0.0003858679963592172,False,42,time0,0.9668380713286904,0,,,time0,TIME0,0.9732790144372078,0.9345414766737716,1.0,1
2.6468398205577546e-05,False,42,goleiro_time1,0.9957646342949675,9,,,goleiro1,GOL-TIME1,0.8787351160490338,0.9203903287566026,0.0,3
0.00013820542312425302,False,42,time1,0.9627358613884155,7,,,time1,TIME1,0.8733055643103936,0.9389148064342488,0.0,10
0.00030251635578768687,False,42,time0,0.9492194625148156,3,,,time0,TIME0,0.8726858332925937,0.9533448613411288,0.0,5
0.0008605223134162636,False,42,time0,0.9135353591145448,1,,,time0,TIME0,0.8608344698698864,0.9530733602220407,0.0,9
0.001040098883558276,False,42,time0,0.8958698427097205,5,,,time0,TIME0,0.8492603252718479,0.9268184001395645,0.0,8
0.0015988040601222103,False,42,time1,0.8611451309276731,8,,,time1,TIME1,0.8427292528564402,0.9449420491121288,0.0,6
0.0011235906723111179,False,42,time0,0.8484118043171078,4,,,time0,TIME0,0.8409649022337646,0.9509319454528975,0.0,7
0.001381466369866622,False,42,time1,0.8398376568013096,6,,,time1,TIME1,0.833884994700803,0.9348836500501875,0.0,4
2.863210539094667e-05,True,42,excluido,0.9915282024630457,10,,,excluir,EXCLUÍDO,0.6474082897618163,0.0,0.0,11
0.0002516970271743881,False,43,time0,0.9868756568561554,0,,,time0,TIME0,0.9793777657749702,0.9345414766737716,1.0,1
0.00048697218803283145,False,43,time0,0.953184437442966,2,,,time0,TIME0,0.9705401503656806,0.9413157554818439,1.0,2
0.00024663378411939133,False,43,time0,0.9757980826802687,3,,,time0,TIME0,0.880581738635529,0.9533448613411288,0.0,5
0.00013566007848977012,False,43,time1,0.9797361410720845,7,,,time1,TIME1,0.8783630509310053,0.9389148064342488,0.0,10
2.792013677601774e-05,False,43,goleiro_time1,0.9932215598769455,9,,,goleiro1,GOL-TIME1,0.878009293674806,0.9203903287566026,0.0,3
0.0005355037402710204,False,43,time0,0.9529879079329254,5,,,time0,TIME0,0.8666804628909653,0.9268184001395645,0.0,8
0.0006042165798856877,False,43,time0,0.9085092586198013,4,,,time0,TIME0,0.8593115922228861,0.9509319454528975,0.0,7
0.0010582800471163997,False,43,time0,0.9035052343869854,1,,,time0,TIME0,0.8580822233872616,0.9530733602220407,0.0,9
0.0007370773601632012,False,43,time1,0.9041418501303718,6,,,time1,TIME1,0.8538511370910281,0.9348836500501875,0.0,4
0.0009933222148457866,False,43,time1,0.8361904760349114,8,,,time1,TIME1,0.835343824649809,0.9449420491121288,0.0,6
1.0015971976250823e-05,True,43,excluido,0.9976472820046238,10,,,excluir,EXCLUÍDO,0.6492713243694903,0.0,0.0,11
0.00011821081819851889,False,44,time0,0.9548824378385746,2,,,time0,TIME0,0.971382053733682,0.9413157554818439,1.0,2
0.00040591829274776934,False,44,time0,0.9506960061432155,0,,,time0,TIME0,0.9683578978117083,0.9345414766737716,1.0,1
0.0,False,44,time1,1.0,8,,,time1,TIME1,0.8855582471315464,0.9449420491121288,0.0,6
4.118115110888233e-05,False,44,goleiro_time1,0.9893705956114424,9,,,goleiro1,GOL-TIME1,0.8768456057919946,0.9203903287566026,0.0,3
0.00020767912150786833,False,44,time0,0.942910194660611,4,,,time0,TIME0,0.8700508505371879,0.9509319454528975,0.0,7
0.0006876101000313982,False,44,time0,0.9279945337756103,3,,,time0,TIME0,0.8654727343740678,0.9533448613411288,0.0,5
0.0005030228963055275,False,44,time1,0.9154333469270455,7,,,time1,TIME1,0.8585846406122063,0.9389148064342488,0.0,10
0.0007187590162676056,False,44,time1,0.9135542335131513,6,,,time1,TIME1,0.8568085939529609,0.9348836500501875,0.0,4
0.000766676858985677,False,44,time0,0.9138977747160304,5,,,time0,TIME0,0.8548314082589148,0.9268184001395645,0.0,8
0.0027129337535966172,False,44,time0,0.764651731028559,1,,,time0,TIME0,0.8138789950959149,0.9530733602220407,0.0,9
8.532650600951557e-05,True,44,excluido,0.9772340554039493,10,,,excluir,EXCLUÍDO,0.6430366597079991,0.0,0.0,11
0.00018958761473650398,False,45,time0,0.9765361410569576,0,,,time0,TIME0,0.9768339252633274,0.9369015694710682,1.0,1
0.0,False,45,time1,1.0,8,,,time1,TIME1,0.8862355122780322,0.9449420491121288,0.0,6
7.47655288297231e-05,False,45,time1,0.9916878570667561,7,,,time1,TIME1,0.8818514821498057,0.9389148064342488,0.0,10
2.5041290202386847e-05,False,45,goleiro_time1,0.9894720866496335,9,,,goleiro1,GOL-TIME1,0.8766413548962408,0.919469287937523,0.0,3
0.00024733384013890877,False,45,time0,0.9669433834385179,2,,,time0,TIME0,0.875490857698275,0.9430024601909847,0.0,2
0.00022383802924977417,False,45,time0,0.9593559914183022,3,,,time0,TIME0,0.875295621613887,0.9531775371567557,0.0,5
0.0001554556095825753,False,45,time1,0.9636257349256998,6,,,time1,TIME1,0.8724549129197278,0.9355717639426602,0.0,4
0.00018789856914828748,False,45,time0,0.937005238165915,4,,,time0,TIME0,0.8680889336519847,0.9493880218672,0.0,7
0.0007441839002862526,False,45,time0,0.9316277556850167,5,,,time0,TIME0,0.8605081680781035,0.9273500715905698,0.0,8
0.0019975468167192055,False,45,time0,0.8164354869235442,1,,,time0,TIME0,0.8307259291160636,0.9526801590735776,0.0,9
3.0677051261134326e-05,True,45,excluido,0.994202572835101,10,,,excluir,EXCLUÍDO,0.6481687709268998,0.0,0.0,11
0.0003622545624625276,False,46,time0,0.971566426217377,0,,,time0,TIME0,0.97514298650751,0.9369015694710682,1.0,1
0.0,False,46,time1,1.0,8,,,time1,TIME1,0.8862355122780322,0.9449420491121288,0.0,6
9.453351224381259e-05,False,46,time0,0.9835592122055601,2,,,time0,TIME0,0.8806146875531202,0.9430024601909847,0.0,2
0.00025439875434964663,False,46,time0,0.971709037457624,3,,,time0,TIME0,0.8795215795592999,0.9531775371567557,0.0,5
1.7242454527550145e-05,False,46,goleiro_time1,0.9966891320377406,9,,,goleiro1,GOL-TIME1,0.8788305526029035,0.919469287937523,0.0,3
0.00022894386213217767,False,46,time1,0.961776698177804,7,,,time1,TIME1,0.8729065027752695,0.9389148064342488,0.0,10
0.00022638451536265692,False,46,time1,0.9491960768585694,6,,,time1,TIME1,0.8682447310115081,0.9355717639426602,0.0,4
0.0005287789105248695,False,46,time0,0.9292158395300183,4,,,time0,TIME0,0.865355562476178,0.9493880218672,0.0,7
0.0011368323290727855,False,46,time0,0.9105197121346854,5,,,time0,TIME0,0.8535856455242126,0.9273500715905698,0.0,8
0.0015857387490902219,False,46,time0,0.8424365586983001,1,,,time0,TIME0,0.8384366706982165,0.9526801590735776,0.0,9
2.6831182236454284e-05,True,46,excluido,0.9949077750343046,10,,,excluir,EXCLUÍDO,0.648445191162485,0.0,0.0,11
0.0001440192643256927,False,47,time0,0.9708279113878194,0,,,time0,TIME0,0.9751339990137187,0.9369015694710682,1.0,1
0.0,False,47,time1,1.0,8,,,time1,TIME1,0.8862355122780322,0.9449420491121288,0.0,6
0.0,False,47,time1,1.0,7,,,time1,TIME1,0.8845726035207448,0.9389148064342488,0.0,10
0.00012329528006865904,False,47,time0,0.9862606758408383,3,,,time0,TIME0,0.8839625695581926,0.9531775371567557,0.0,5
0.0002011631315765115,False,47,time0,0.9743238660091688,4,,,time0,TIME0,0.8791975161057737,0.9493880218672,0.0,7
8.897140032265363e-06,False,47,goleiro_time1,0.996337626260112,9,,,goleiro1,GOL-TIME1,0.8787501143217967,0.919469287937523,0.0,3
0.0001377491361585642,False,47,time0,0.9637086791662334,2,,,time0,TIME0,0.8746998185398791,0.9430024601909847,0.0,2
0.0007800279962089808,False,47,time0,0.9319618865224759,5,,,time0,TIME0,0.8603282490971347,0.9273500715905698,0.0,8
0.00010676653332521089,False,47,time1,0.9126656404151783,6,,,time1,TIME1,0.857491199757844,0.9355717639426602,0.0,4
0.0021541507535720017,False,47,time0,0.7735950125821,1,,,time0,TIME0,0.8178418465992012,0.9526801590735776,0.0,9
1.774866531936451e-05,True,47,excluido,0.997540619158813,10,,,excluir,EXCLUÍDO,0.6492372693148207,0.0,0.0,11
0.00022252228514757944,False,48,time0,0.9805299850684916,0,,,time0,TIME0,0.9784433600286518,0.9385337105139112,1.0,1
0.0,False,48,time1,1.0,8,,,time1,TIME1,0.8862355122780322,0.9449420491121288,0.0,6
0.0,False,48,time1,1.0,7,,,time1,TIME1,0.8847287016085622,0.9389148064342488,0.0,10
1.146729676077108e-05,False,48,goleiro_time1,0.9960586343952715,9,,,goleiro1,GOL-TIME1,0.8784613881898605,0.9186398594620075,0.0,3
0.0002739771635677124,False,48,time1,0.9680550196143812,6,,,time1,TIME1,0.8742585038812682,0.9373869181000114,0.0,4
0.0007174826912194847,False,48,time0,0.9518965951664712,3,,,time0,TIME0,0.8727828272041254,0.9534520656397587,0.0,5
0.0007816758344269637,False,48,time0,0.9242607418269916,4,,,time0,TIME0,0.8632299561505534,0.9485076680459741,0.0,7
0.0005860380036786036,False,48,time0,0.923050839146621,2,,,time0,TIME0,0.8618811022587022,0.9434781440759443,0.0,2
0.0007666709232979978,False,48,time0,0.9258348392910043,5,,,time0,TIME0,0.8585033582679785,0.9264015193631714,0.0,8
0.0017345335531817828,False,48,time0,0.8035065882795287,1,,,time0,TIME0,0.8272928628831331,0.9532351249720691,0.0,9
2.6345949281009982e-05,True,48,excluido,0.9955059028171759,10,,,excluir,EXCLUÍDO,0.6486179658293858,0.0,0.0,11
0.00031807166243486023,False,49,time0,0.9715774319195856,0,,,time0,TIME0,0.9757424599252121,0.9385337105139112,1.0,1
0.0,False,49,time1,1.0,8,,,time1,TIME1,0.8862355122780322,0.9449420491121288,0.0,6
0.0003180712565758736,False,49,time0,0.9733571026703689,3,,,time0,TIME0,0.8797445036841538,0.9534520656397587,0.0,5
6.7214988487647666e-06,False,49,goleiro_time1,0.9971628232122354,9,,,goleiro1,GOL-TIME1,0.878790758428755,0.9186398594620075,0.0,3
0.00015048303796180436,False,49,time0,0.9740784834456677,4,,,time0,TIME0,0.8787624282368667,0.9485076680459741,0.0,7
0.0003641569249974842,False,49,time1,0.9615550349564905,6,,,time1,TIME1,0.8723918474586745,0.9373869181000114,0.0,4
0.0006262701962321141,False,49,time0,0.9243540082134756,2,,,time0,TIME0,0.8622333837491625,0.9434781440759443,0.0,2
0.0008074227675514805,False,49,time0,0.9323089759834995,5,,,time0,TIME0,0.8601584620618792,0.9264015193631714,0.0,8
0.000539324902629891,False,49,time1,0.9091919976069645,7,,,time1,TIME1,0.8566282840001039,0.9389148064342488,0.0,10
0.0011125173171853786,False,49,time0,0.8685255249840838,1,,,time0,TIME0,0.8472664527706308,0.9532351249720691,0.0,9
1.4221032545621491e-05,True,49,excluido,0.9966851211498015,10,,,excluir,EXCLUÍDO,0.6489732846056344,0.0,0.0,11
4.669615960679531e-05,False,50,time0,0.9919731470701937,0,,,time0,TIME0,0.9819693598584881,0.9385337105139112,1.0,1
0.0,False,50,time1,1.0,8,,,time1,TIME1,0.8862355122780322,0.9449420491121288,0.0,6
8.74324639001737e-05,False,50,time0,0.97707042121846,3,,,time0,TIME0,0.8812366974175112,0.9534520656397587,0.0,5
3.8862765673404e-06,False,50,goleiro_time1,0.9980499539388114,9,,,goleiro1,GOL-TIME1,0.8790694802768536,0.9186398594620075,0.0,3
0.00013513416134169215,False,50,time1,0.9810364936833829,6,,,time1,TIME1,0.8783691486830434,0.9373869181000114,0.0,4
8.407447542667089e-05,False,50,time1,0.9701664668014444,7,,,time1,TIME1,0.8752893449036169,0.9389148064342488,0.0,10
0.0003776067874192793,False,50,time0,0.9594174557570209,4,,,time0,TIME0,0.8744322240194566,0.9485076680459741,0.0,7
0.00039830430206053044,False,50,time0,0.9602298870636106,2,,,time0,TIME0,0.8732228164659175,0.9434781440759443,0.0,2
0.0006667096305306587,False,50,time0,0.9139922964150149,1,,,time0,TIME0,0.8615919342538464,0.9532351249720691,0.0,9
0.0012436850567002762,False,50,time0,0.9056774935777555,5,,,time0,TIME0,0.8518755249683773,0.9264015193631714,0.0,8
1.8442890286722874e-05,True,50,excluido,0.996044365583898,10,,,excluir,EXCLUÍDO,0.6487821292911697,0.0,0.0,11
9.146334754882489e-05,False,51,time0,0.9611409960682746,2,,,time0,TIME0,0.9740132190280526,0.9438602686613033,1.0,2
0.0005197688410222751,False,51,time0,0.9424611865963871,0,,,time0,TIME0,0.9670110506424218,0.9403725671027906,1.0,1
0.0,False,51,time1,1.0,8,,,time1,TIME1,0.8862355122780322,0.9449420491121288,0.0,6
0.00021791423831224498,False,51,time0,0.97519944827729,3,,,time0,TIME0,0.8806791141423158,0.9536578907699189,0.0,5
7.111678678314565e-05,False,51,goleiro_time1,0.985758385913986,9,,,goleiro1,GOL-TIME1,0.8750784099411963,0.9178514687864556,0.0,3
0.0003030044012190774,False,51,time1,0.9556479495610226,7,,,time1,TIME1,0.8714169992619657,0.9408876502609407,0.0,10
0.0002822203878813064,False,51,time1,0.9420718911097821,6,,,time1,TIME1,0.8669618404638991,0.9388186238204552,0.0,4
0.00024119966204919907,False,51,time0,0.9305807938096409,4,,,time0,TIME0,0.8656636750296853,0.9472472124183453,0.0,7
0.0010449473764769862,False,51,time0,0.886835796024553,1,,,time0,TIME0,0.8530378190688614,0.9528528968969513,0.0,9
0.001504828324956924,False,51,time0,0.8789179526368585,5,,,time0,TIME0,0.8436822452010919,0.9262339628614298,0.0,8
1.889643294809212e-05,True,51,excluido,0.9952750575893181,10,,,excluir,EXCLUÍDO,0.648546004180272,0.0,0.0,11
0.00033752268266350584,False,52,time0,0.968085468018316,0,,,time0,TIME0,0.974637489808147,0.9403725671027906,1.0,1
0.0005129389445309672,False,52,time0,0.949260415227217,2,,,time0,TIME0,0.9699866840265412,0.9438602686613033,1.0,2
0.0,False,52,time1,1.0,8,,,time1,TIME1,0.8862355122780322,0.9449420491121288,0.0,6
0.0,False,52,time1,1.0,7,,,time1,TIME1,0.885015318655313,0.9408876502609407,0.0,10
0.0003741539928231246,False,52,time0,0.9626228714256724,3,,,time0,TIME0,0.876734826673978,0.9536578907699189,0.0,5
9.582119500201172e-05,False,52,goleiro_time1,0.9833578279022699,9,,,goleiro1,GOL-TIME1,0.8742703220923418,0.9178514687864556,0.0,3
0.00036883754449286064,False,52,time1,0.9542994134994028,6,,,time1,TIME1,0.870562685576967,0.9388186238204552,0.0,4
0.0007262394539820653,False,52,time0,0.921094112505907,4,,,time0,TIME0,0.8620561165363203,0.9472472124183453,0.0,7
0.0010972967934697797,False,52,time0,0.8875746570934935,1,,,time0,TIME0,0.8534195951459844,0.9528528968969513,0.0,9
0.0018893758591032271,False,52,time0,0.8403982875168605,5,,,time0,TIME0,0.8315997059150673,0.9262339628614298,0.0,8
1.1487049093247998e-05,True,52,excluido,0.996386721217039,10,,,excluir,EXCLUÍDO,0.6488908515603887,0.0,0.0,11
3.794544033818711e-05,False,53,time0,0.9967789313184393,0,,,time0,TIME0,0.9838737794185081,0.9403725671027906,1.0,1
0.00020300593430518403,False,53,time0,0.9807995081145284,2,,,time0,TIME0,0.979687238206731,0.9438602686613033,1.0,2
0.0,False,53,time1,1.0,8,,,time1,TIME1,0.8862355122780322,0.9449420491121288,0.0,6
0.00012023129838167036,False,53,goleiro_time1,0.9762345832871991,9,,,goleiro1,GOL-TIME1,0.8720784381862969,0.9178514687864556,0.0,3
0.00044970083825133914,False,53,time0,0.9327293895667584,3,,,time0,TIME0,0.867491248825966,0.9536578907699189,0.0,5
0.0005102230376573643,False,53,time1,0.9256055642220292,7,,,time1,TIME1,0.8620918633628435,0.9408876502609407,0.0,10
0.0010082309373949275,False,53,time0,0.8986169550840395,1,,,time0,TIME0,0.8568078215836805,0.9528528968969513,0.0,9
0.0006193804355402821,False,53,time0,0.8645218164388359,4,,,time0,TIME0,0.8447001765582718,0.9472472124183453,0.0,7
0.0013285967431177497,False,53,time1,0.8503510343720938,6,,,time1,TIME1,0.837945716012163,0.9388186238204552,0.0,4
0.0016986151343321328,False,53,time0,0.8468473548132898,5,,,time0,TIME0,0.8337764237217091,0.9262339628614298,0.0,8
5.915007895397248e-05,True,53,excluido,0.9884137260518743,10,,,excluir,EXCLUÍDO,0.6464377997399835,0.0,0.0,11
0.00028041733396713437,False,54,time0,0.9563875318560006,0,,,time0,TIME0,0.9718755303016219,0.9416986992090428,1.0,1
0.0,False,54,time1,1.0,8,,,time1,TIME1,0.8862355122780322,0.9449420491121288,0.0,6
7.499142740504786e-05,False,54,time0,0.9866679338761122,4,,,time0,TIME0,0.8822697894339013,0.9468539081794355,0.0,7
0.0003181854805144158,False,54,time1,0.9516694856187735,7,,,time1,TIME1,0.8706346977292276,0.9423459703414455,0.0,10
0.000157572861767845,False,54,goleiro_time1,0.9711290743293624,9,,,goleiro1,GOL-TIME1,0.8704051454659848,0.9171778815990189,0.0,3
0.0006681452044986481,False,54,time0,0.9346821891595342,3,,,time0,TIME0,0.8682060350014259,0.9543246198985424,0.0,5
0.0004594718426214415,False,54,time0,0.939855623176239,2,,,time0,TIME0,0.8673189416188835,0.943828859307632,0.0,2
0.0014104971587841199,False,54,time0,0.874282751555531,5,,,time0,TIME0,0.8426336925005353,0.9284083642762153,0.0,8
0.001692376269990066,False,54,time0,0.8443933567269976,1,,,time0,TIME0,0.8393935616410778,0.9524358296095351,0.0,9
0.001581085372879321,False,54,time1,0.8179434615552922,6,,,time1,TIME1,0.8287250397961072,0.9398721208531948,0.0,4
2.821964485426435e-05,True,54,excluido,0.994851567760851,10,,,excluir,EXCLUÍDO,0.6484086473368504,0.0,0.0,11
0.00015777941862583946,False,55,time0,0.9807715055055517,0,,,time0,TIME0,0.9793846641050578,0.9416986992090428,1.0,1
0.00020154706149474495,False,55,time0,0.9812512670501392,3,,,time0,TIME0,0.8823850169287643,0.9543246198985424,0.0,5
7.56890863199257e-05,False,55,time1,0.9817203512640138,7,,,time1,TIME1,0.8797695731864489,0.9423459703414455,0.0,10
0.0004470174000966644,False,55,time0,0.9611804913972875,2,,,time0,TIME0,0.8736218984139668,0.943828859307632,0.0,2
0.0002391258748247759,False,55,goleiro_time1,0.9740375709919937,9,,,goleiro1,GOL-TIME1,0.8710729280934779,0.9171778815990189,0.0,3
0.000833812429113657,False,55,time0,0.9214187869295928,4,,,time0,TIME0,0.8617667323454284,0.9468539081794355,0.0,7
0.0007601355789662174,False,55,time0,0.9235925439845729,5,,,time0,TIME0,0.8580221838551414,0.9284083642762153,0.0,8
0.000987120486600994,False,55,time0,0.9023909591896414,1,,,time0,TIME0,0.8574476593274467,0.9524358296095351,0.0,9
0.0010306314109777795,False,55,time1,0.8644244931393043,6,,,time1,TIME1,0.842868590134814,0.9398721208531948,0.0,4
3.616557111862477e-05,True,55,excluido,0.995246226663007,10,,,excluir,EXCLUÍDO,0.6485299061047303,0.0,0.0,11
0.02057329074313805,False,55,time1,0.0,8,,,time1,TIME1,0.5535052770048581,0.9449420491121288,0.0,6
5.34559407873941e-05,False,56,time0,0.9948171728381031,0,,,time0,TIME0,0.9836926238120952,0.9416986992090428,1.0,1
0.00028681955655130895,False,56,time0,0.9534376305884792,3,,,time0,TIME0,0.874123604043281,0.9543246198985424,0.0,5
0.0002592713958780598,False,56,time1,0.9623018110443409,7,,,time1,TIME1,0.8738293588566478,0.9423459703414455,0.0,10
0.0,False,56,time1,1.0,8,,,time1,TIME1,0.8722082685895289,0.9449420491121288,0.0,6
0.00018255789610976063,False,56,goleiro_time1,0.9738159825553667,9,,,goleiro1,GOL-TIME1,0.8711593281907214,0.9171778815990189,0.0,3
0.0006662448712586246,False,56,time0,0.9438753410105144,2,,,time0,TIME0,0.8683582433920831,0.943828859307632,0.0,2
0.0008367065080823789,False,56,time0,0.9184262419888144,5,,,time0,TIME0,0.8567730496854167,0.9284083642762153,0.0,8
0.0009690550943187989,False,56,time1,0.8831489167978359,6,,,time1,TIME1,0.8487892590868917,0.9398721208531948,0.0,4
0.0017058685446759614,False,56,time0,0.8361493016184679,1,,,time0,TIME0,0.8368722421710428,0.9524358296095351,0.0,9
0.005431487842439717,False,56,time0,0.6162278816163261,4,,,time0,TIME0,0.7634982523477531,0.9468539081794355,0.0,7
3.264561637250722e-05,True,56,excluido,0.9936477736877372,10,,,excluir,EXCLUÍDO,0.6480585914550407,0.0,0.0,11
0.00044158000578839267,False,57,time0,0.9572983007560296,0,,,time0,TIME0,0.9724169338070582,0.9438604507404842,1.0,1
0.0001991613970053038,False,57,time1,0.9773726720604362,7,,,time1,TIME1,0.8783647460106452,0.9425594531539802,0.0,10
0.00039693062158799807,False,57,time1,0.9591984317176465,6,,,time1,TIME1,0.8721705495953063,0.9407133148369722,0.0,4
0.00015397955118067223,False,57,goleiro_time1,0.9677340715087815,9,,,goleiro1,GOL-TIME1,0.8695173979225065,0.9175344663828219,0.0,3
0.0004290559077150398,False,57,time0,0.9307019084613155,3,,,time0,TIME0,0.866878023758449,0.954181838423455,0.0,5
0.0008060072328709547,False,57,time0,0.9381990901877144,2,,,time0,TIME0,0.8666990201402394,0.9442693545954477,0.0,2
0.0010760017783016883,False,57,time0,0.8914971822361341,5,,,time0,TIME0,0.8488077953371392,0.9300456997246909,0.0,8
0.0017911807124484657,False,57,time0,0.8463860102309649,1,,,time0,TIME0,0.8402030973536858,0.9519947282672214,0.0,9
0.002048517429269761,False,57,time0,0.6988979422940476,4,,,time0,TIME0,0.7892758619192068,0.9462554123131637,0.0,7
8.109393581070919e-05,True,57,excluido,0.9796333414848751,10,,,excluir,EXCLUÍDO,0.6437624200013964,0.0,0.0,11
0.009583287689195549,False,57,time1,0.22123960474229892,8,,,time1,TIME1,0.6376036539024001,0.9459116479409957,0.0,6
1.8577210586648588e-05,False,58,time0,0.9921769202631208,0,,,time0,TIME0,0.9833104630055353,0.9438604507404842,1.0,1
0.00022071966245858067,False,58,time1,0.9664164354182649,7,,,time1,TIME1,0.8750912210277885,0.9425594531539802,0.0,10
8.359759111741196e-05,False,58,goleiro_time1,0.9858355556557727,9,,,goleiro1,GOL-TIME1,0.8750055390064002,0.9175344663828219,0.0,3
0.0001910804021385111,False,58,time0,0.9572610753899377,5,,,time0,TIME0,0.868905822141135,0.9300456997246909,0.0,8
0.0007586501858076225,False,58,time0,0.9298689500728109,3,,,time0,TIME0,0.8660078689514332,0.954181838423455,0.0,5
0.0007592848477979235,False,58,time0,0.9345432963004532,2,,,time0,TIME0,0.8656055242483325,0.9442693545954477,0.0,2
0.0004751808683597909,False,58,time1,0.9195163339101474,6,,,time1,TIME1,0.860444549844647,0.9407133148369722,0.0,4
0.00047312240231211204,False,58,time0,0.9165796474472865,4,,,time0,TIME0,0.8594672507742689,0.9462554123131637,0.0,7
0.0022848485083804128,False,58,time0,0.7977163422768798,1,,,time0,TIME0,0.8248991540823458,0.9519947282672214,0.0,9
0.0025738822032669497,False,58,time1,0.7314131756947851,8,,,time1,TIME1,0.7973826491666678,0.9459116479409957,0.0,6
3.510678965809661e-05,True,58,excluido,0.9934182447652762,10,,,excluir,EXCLUÍDO,0.6479223010744837,0.0,0.0,11
0.00022330632861113713,False,59,time0,0.9742374207657628,0,,,time0,TIME0,0.9778928201366633,0.9438604507404842,1.0,1
0.00012468836567398837,False,59,time0,0.9760466406291491,4,,,time0,TIME0,0.8788820657083918,0.9462554123131637,0.0,7
6.138860053612993e-05,False,59,time1,0.9590054183726505,7,,,time1,TIME1,0.8731186170740142,0.9425594531539802,0.0,10
0.0005567054586045662,False,59,time0,0.9529758235937562,2,,,time0,TIME0,0.8713136808266524,0.9442693545954477,0.0,2
0.00018448851657665945,False,59,goleiro_time1,0.9609432009922982,9,,,goleiro1,GOL-TIME1,0.8673493184685985,0.9175344663828219,0.0,3
0.0004960803739454372,False,59,time1,0.931644907846338,6,,,time1,TIME1,0.8641593430076094,0.9407133148369722,0.0,4
0.0009290738240837561,False,59,time0,0.9152207646110941,3,,,time0,TIME0,0.8617940999696512,0.954181838423455,0.0,5
0.0008525900024525944,False,59,time0,0.9106189053929223,5,,,time0,TIME0,0.8544616013877143,0.9300456997246909,0.0,8
0.001161935214717936,False,59,time1,0.8768481928327343,8,,,time1,TIME1,0.8474757170085333,0.9459116479409957,0.0,6
0.0021352681642202807,False,59,time0,0.7940047784288577,1,,,time0,TIME0,0.8241004971184045,0.9519947282672214,0.0,9
0.00018996976902167103,True,59,excluido,0.9755825594399894,10,,,excluir,EXCLUÍDO,0.6423541060144057,0.0,0.0,11
0.0005852497747942466,False,60,time0,0.9423861376268321,0,,,time0,TIME0,0.9683960044455836,0.9458945187468133,1.0,1
7.513248242753253e-05,False,60,time1,0.9825060909173271,6,,,time1,TIME1,0.8796283533832621,0.9410647498571538,0.0,4
0.00011574410874269037,False,60,time1,0.9790549967406655,7,,,time1,TIME1,0.8792301131617916,0.9429287801942521,0.0,10
0.0004195770964491052,False,60,time0,0.9521951335640487,3,,,time0,TIME0,0.8736131811488899,0.9553684550507191,0.0,5
0.00022214612996555812,False,60,goleiro_time1,0.9560279639068943,9,,,goleiro1,GOL-TIME1,0.86650650306963,0.920149113506715,0.0,3
0.0007512273293368871,False,60,time0,0.9326423068877544,2,,,time0,TIME0,0.8650341050181517,0.9442399713553581,0.0,2
0.0009681690026862971,False,60,time0,0.920009428283646,5,,,time0,TIME0,0.8578690614799396,0.9324505846658944,0.0,8
0.0007888955584749042,False,60,time1,0.89777545860163,8,,,time1,TIME1,0.855147894270055,0.9473810377091185,0.0,6
0.0010954261894005248,False,60,time0,0.8576515602088339,4,,,time0,TIME0,0.841997773456028,0.9457698231066407,0.0,7
0.0016636029985995682,False,60,time0,0.8284751163177836,1,,,time0,TIME0,0.8350200335910823,0.9534442657256723,0.0,9
0.0,True,60,excluido,1.0,10,,,excluir,EXCLUÍDO,0.6498704751574852,0.0,0.0,11
0.00030171988289266446,False,61,time0,0.9732098736389011,0,,,time0,TIME0,0.9777575324238549,0.9458945187468133,1.0,1
8.568992736583221e-05,False,61,time0,0.9849747961474568,3,,,time0,TIME0,0.8839856475063563,0.9553684550507191,0.0,5
7.676753608743745e-05,False,61,goleiro_time1,0.9813752197944886,9,,,goleiro1,GOL-TIME1,0.8741882553651751,0.920149113506715,0.0,3
0.0001840739189387508,False,61,time1,0.9610805030347079,6,,,time1,TIME1,0.8733275691592453,0.9410647498571538,0.0,4
0.0005451865210439099,False,61,time0,0.9573449366165272,2,,,time0,TIME0,0.8726153758717451,0.9442399713553581,0.0,2
0.00023855440000545173,False,61,time1,0.9310760804070174,7,,,time1,TIME1,0.8647500976916435,0.9429287801942521,0.0,10
0.0007141972119905572,False,61,time0,0.9371100838552524,5,,,time0,TIME0,0.8631841791049835,0.9324505846658944,0.0,8
0.0006526609231741304,False,61,time1,0.8948776601305105,8,,,time1,TIME1,0.8545911444866827,0.9473810377091185,0.0,6
0.0007646770395615623,False,61,time0,0.8933819642919074,4,,,time0,TIME0,0.8531719818490697,0.9457698231066407,0.0,7
0.0010282352195208734,False,61,time0,0.8845485142184424,1,,,time0,TIME0,0.8523563258651411,0.9534442657256723,0.0,9
0.0,True,61,excluido,1.0,10,,,excluir,EXCLUÍDO,0.65,0.0,0.0,11
0.00014548718018167706,False,62,time0,0.9844748416407488,0,,,time0,TIME0,0.9814605854441615,0.9458945187468133,1.0,1
0.00010283928323217022,False,62,time0,0.9886819846510257,3,,,time0,TIME0,0.885253992068376,0.9553684550507191,0.0,5
4.3352357173183615e-05,False,62,time1,0.9785094479891745,7,,,time1,TIME1,0.8790742504460839,0.9429287801942521,0.0,10
5.34023610596158e-05,False,62,goleiro_time1,0.986850486974996,9,,,goleiro1,GOL-TIME1,0.8759688050075138,0.920149113506715,0.0,3
0.00036017778202807824,False,62,time0,0.9590424328196032,2,,,time0,TIME0,0.8732146211323114,0.9442399713553581,0.0,2
0.00046135771713506733,False,62,time0,0.9606649889881899,5,,,time0,TIME0,0.8707178396055584,0.9324505846658944,0.0,8
0.0002321032460472048,False,62,time0,0.9443269457417495,4,,,time0,TIME0,0.8688605779054726,0.9457698231066407,0.0,7
0.0005265261394873543,False,62,time1,0.9268428665104819,6,,,time1,TIME1,0.8626022317104907,0.9410647498571538,0.0,4
0.0010362424114675709,False,62,time0,0.8973901222730405,1,,,time0,TIME0,0.8561726536250686,0.9534442657256723,0.0,9
0.0009357646124074057,False,62,time1,0.8706789329265084,8,,,time1,TIME1,0.8469796879972793,0.9473810377091185,0.0,6
0.0,True,62,excluido,1.0,10,,,excluir,EXCLUÍDO,0.65,0.0,0.0,11
0.00016693058754174519,False,63,time0,0.9856560261294426,0,,,time0,TIME0,0.8820501964477842,0.9467030386083404,0.0,1
5.899797061564954e-05,False,63,time0,0.9884894604788713,4,,,time0,TIME0,0.881634644430383,0.9413266141964631,0.0,7
0.0003125440406006292,False,63,time0,0.9702081567666103,3,,,time0,TIME0,0.8793247958231357,0.9550922914087958,0.0,5
3.689064771051166e-05,False,63,goleiro_time1,0.9929593117539761,9,,,goleiro1,GOL-TIME1,0.8784099156335357,0.9223023312776939,0.0,3
0.0004896605472277187,False,63,time0,0.9588942027772489,2,,,time0,TIME0,0.8727979277100992,0.942845883910106,0.0,2
0.00029733749365388145,False,63,time0,0.9654092223406769,5,,,time0,TIME0,0.8725736369310554,0.9345408353149186,0.0,8
0.0002405317196219966,False,63,time1,0.9558539091251055,7,,,time1,TIME1,0.8721777036089546,0.9431111012595872,0.0,10
0.0003956320250279873,False,63,time1,0.9515449533004519,6,,,time1,TIME1,0.8702620865766304,0.9416556518684895,0.0,4
0.001555944539418923,False,63,time0,0.8458977068376561,1,,,time0,TIME0,0.8402210802789091,0.9539479445686183,0.0,9
0.0012048107668511938,False,63,time1,0.8315475715452694,8,,,time1,TIME1,0.8351757770231917,0.9479761632377435,0.0,6
0.0,True,63,excluido,1.0,10,,,excluir,EXCLUÍDO,0.65,0.0,0.0,11
8.598584929943938e-05,False,64,time0,0.989679786966505,3,,,time0,TIME0,0.8854000545515602,0.9550922914087958,0.0,5
8.051388722029302e-05,False,64,time0,0.9915669911789623,0,,,time0,TIME0,0.8839573461257046,0.9467030386083404,0.0,1
0.00010217264716358087,False,64,time0,0.9940136163121476,4,,,time0,TIME0,0.8833843728725029,0.9413266141964631,0.0,7
0.0001113904974426762,False,64,time1,0.9835068309747675,7,,,time1,TIME1,0.8805791906159262,0.9431111012595872,0.0,10
4.5927310489048584e-05,False,64,goleiro_time1,0.9928294467675844,9,,,goleiro1,GOL-TIME1,0.8783728953890743,0.9223023312776939,0.0,3
0.0005075799317394833,False,64,time1,0.9327342857530333,6,,,time1,TIME1,0.8646609796687705,0.9416556518684895,0.0,4
0.0009352684497962831,False,64,time0,0.9284393420460438,2,,,time0,TIME0,0.8630798288002632,0.942845883910106,0.0,2
0.0011264042897357455,False,64,time0,0.8994581610621049,5,,,time0,TIME0,0.8518024837022394,0.9345408353149186,0.0,8
0.0018826404262910512,False,64,time0,0.8186788915764622,1,,,time0,TIME0,0.8316958585437026,0.9539479445686183,0.0,9
0.0015616643101171242,False,64,time1,0.7898425237877842,8,,,time1,TIME1,0.822283681898398,0.9479761632377435,0.0,6
0.0,True,64,excluido,1.0,10,,,excluir,EXCLUÍDO,0.65,0.0,0.0,11
0.00011288698830793609,False,65,time0,0.9925553207972571,3,,,time0,TIME0,0.8863352650674087,0.9550922914087958,0.0,5
2.9537973136725355e-05,False,65,time0,0.9910452209808965,0,,,time0,TIME0,0.8839276221006152,0.9467030386083404,0.0,1
4.688465177641924e-06,False,65,time0,0.9925409989114016,4,,,time0,TIME0,0.883023053119845,0.9413266141964631,0.0,7
0.0001171189053274359,False,65,time1,0.9820343638897977,7,,,time1,TIME1,0.8801770135149136,0.9431111012595872,0.0,10
7.389085832276623e-05,False,65,goleiro_time1,0.9769976274174562,9,,,goleiro1,GOL-TIME1,0.8735883739119082,0.9223023312776939,0.0,3
0.0005612711692743606,False,65,time0,0.9541631420258626,2,,,time0,TIME0,0.8711924060772568,0.942845883910106,0.0,2
0.0006192611129982208,False,65,time1,0.9215013149915672,8,,,time1,TIME1,0.8617409279252892,0.9479761632377435,0.0,6
0.0005736906571939165,False,65,time0,0.9282166858524663,5,,,time0,TIME0,0.8611093376100616,0.9345408353149186,0.0,8
0.0006402388986359082,False,65,time1,0.9163099922797091,6,,,time1,TIME1,0.8596290939744708,0.9416556518684895,0.0,4
0.0011708193664699367,False,65,time0,0.8803012887687985,1,,,time0,TIME0,0.8506278546582529,0.9539479445686183,0.0,9
0.0,True,65,excluido,1.0,10,,,excluir,EXCLUÍDO,0.65,0.0,0.0,11
5.9158957119304424e-05,False,66,time0,0.9939706113649864,0,,,time0,TIME0,0.8846148298464823,0.9461471039093912,0.0,1
0.00014908882356116853,False,66,time0,0.985239930464185,3,,,time0,TIME0,0.8841729894055412,0.9553424909512944,0.0,5
0.00010546936995474658,False,66,time0,0.9846973071045056,4,,,time0,TIME0,0.8796018155136002,0.9374317188112514,0.0,7
0.0002077456062831113,False,66,time1,0.9776472422893445,7,,,time1,TIME1,0.8787789755539864,0.9434133489123794,0.0,10
3.942439999768972e-05,False,66,goleiro_time1,0.9930624317864323,9,,,goleiro1,GOL-TIME1,0.8781669524148481,0.9212319510775212,0.0,3
0.0005299658958635643,False,66,time0,0.9523728986459218,2,,,time0,TIME0,0.8707966939163693,0.9427617313356892,0.0,2
0.0005647169628029964,False,66,time0,0.9389862007266929,5,,,time0,TIME0,0.8646668143138103,0.9345575519253659,0.0,8
0.000656968507528445,False,66,time1,0.9132309385690004,6,,,time1,TIME1,0.858947731407536,0.9423541334415091,0.0,4
0.0012416891436689075,False,66,time0,0.8710459979780513,1,,,time0,TIME0,0.8484743651118255,0.9535567735069165,0.0,9
0.0013552386460401003,False,66,time1,0.8565616228723845,8,,,time1,TIME1,0.8424711289799925,0.9496093157424953,0.0,6
0.0,True,66,excluido,1.0,10,,,excluir,EXCLUÍDO,0.65,0.0,0.0,11
4.154072948791957e-06,False,67,time0,0.99875797396921,0,,,time0,TIME0,0.8861181180065854,0.9461471039093912,0.0,1
0.00015441540568300423,False,67,time1,0.9737116698433569,7,,,time1,TIME1,0.8776474333330055,0.9434133489123794,0.0,10
4.795814007635844e-05,False,67,goleiro_time1,0.987120544683787,9,,,goleiro1,GOL-TIME1,0.8763824609256301,0.9212319510775212,0.0,3
0.0003333033726387774,False,67,time0,0.9693639159057664,2,,,time0,TIME0,0.8758576788485571,0.9427617313356892,0.0,2
0.00023037664581963414,False,67,time0,0.9703007556754571,4,,,time0,TIME0,0.8751388203134818,0.9374317188112514,0.0,7
0.0005347386960812731,False,67,time0,0.9504069205626232,3,,,time0,TIME0,0.873208628790427,0.9553424909512944,0.0,5
0.0003991158678366172,False,67,time0,0.9608088135160748,5,,,time0,TIME0,0.8714011972056417,0.9345575519253659,0.0,8
0.0004182697739208825,False,67,time1,0.9401393740510012,6,,,time1,TIME1,0.8669700422159439,0.9423541334415091,0.0,4
0.0018277784377769431,False,67,time0,0.7991477808385934,1,,,time0,TIME0,0.826072154650227,0.9535567735069165,0.0,9
0.0026344174916252926,False,67,time1,0.6960179453848929,8,,,time1,TIME1,0.7926914194486091,0.9496093157424953,0.0,6
0.0,True,67,excluido,1.0,10,,,excluir,EXCLUÍDO,0.65,0.0,0.0,11
6.794163778310765e-05,False,68,time0,0.9873176328781917,3,,,time0,TIME0,0.8846321737476179,0.9553424909512944,0.0,5
0.00018811265976372075,False,68,time0,0.9924445398305585,0,,,time0,TIME0,0.8839680406034127,0.9461471039093912,0.0,1
0.00013188004740257312,False,68,time1,0.9855863536719963,7,,,time1,TIME1,0.8812684311703072,0.9434133489123794,0.0,10
3.2979996615868395e-05,False,68,goleiro_time1,0.9947952642877093,9,,,goleiro1,GOL-TIME1,0.8786676112426743,0.9212319510775212,0.0,3
0.0002679433087462537,False,68,time0,0.9662945878192699,4,,,time0,TIME0,0.8739724231991024,0.9374317188112514,0.0,7
0.0005105777584116555,False,68,time0,0.9450389167912451,5,,,time0,TIME0,0.8666015474938782,0.9345575519253659,0.0,8
0.0008838669164667018,False,68,time0,0.929095677034848,2,,,time0,TIME0,0.8631186578128801,0.9427617313356892,0.0,2
0.0004920329959339086,False,68,time1,0.9128301909775117,6,,,time1,TIME1,0.8585149241622649,0.9423541334415091,0.0,4
0.0012208069885549385,False,68,time1,0.8516526030549588,8,,,time1,TIME1,0.8408158195360164,0.9496093157424953,0.0,6
0.0017874112971103871,False,68,time0,0.8017144414643018,1,,,time0,TIME0,0.8270311920495564,0.9535567735069165,0.0,9
0.0,True,68,excluido,1.0,10,,,excluir,EXCLUÍDO,0.65,0.0,0.0,11
4.2302143142200784e-06,False,69,time0,0.9969759363582261,0,,,time0,TIME0,0.8852058973818056,0.9449913670509142,0.0,1
5.674181319221484e-05,False,69,time0,0.993828835908263,4,,,time0,TIME0,0.881197342391467,0.9331807608745113,0.0,7
4.744001351835927e-05,False,69,goleiro_time1,0.9924983843197149,9,,,goleiro1,GOL-TIME1,0.8783630035104366,0.9228456872140327,0.0,3
0.0001887592438617532,False,69,time1,0.9671045134315971,7,,,time1,TIME1,0.8755367933610142,0.9431629191991218,0.0,10
0.0004978911645465414,False,69,time0,0.952481242119583,3,,,time0,TIME0,0.8735233331635317,0.9541709399133618,0.0,5
0.00036320196416819316,False,69,time0,0.9504526623953252,5,,,time0,TIME0,0.8682479511287987,0.9342028829482936,0.0,8
0.0007879719756185148,False,69,time0,0.9275697218702655,2,,,time0,TIME0,0.8626133181015825,0.9419827015602968,0.0,2
0.00021946905872373575,False,69,time1,0.9067904136058833,6,,,time1,TIME1,0.8574811760023785,0.9434293911785914,0.0,4
0.0011060707545069175,False,69,time1,0.8723703509283747,8,,,time1,TIME1,0.8480778909865552,0.9504190988457173,0.0,6
0.00146241768429282,False,69,time0,0.8315613635771587,1,,,time0,TIME0,0.8358799727647078,0.9524876153441899,0.0,9
0.0,True,69,excluido,1.0,10,,,excluir,EXCLUÍDO,0.65,0.0,0.0,11
3.386117354970426e-05,False,70,time0,0.9967050209925088,0,,,time0,TIME0,0.8852030348284696,0.9449913670509142,0.0,1
5.792328772685719e-05,False,70,time1,0.9921252341215743,7,,,time1,TIME1,0.8832124718658582,0.9431629191991218,0.0,10
0.00010077739274929187,False,70,time0,0.9924885116972465,4,,,time0,TIME0,0.8809114332339532,0.9331807608745113,0.0,7
6.6999827736214565e-06,False,70,goleiro_time1,0.9949351390364601,9,,,goleiro1,GOL-TIME1,0.879153529974197,0.9228456872140327,0.0,3
0.0003964314911330359,False,70,time0,0.960091989489036,3,,,time0,TIME0,0.8761137133896006,0.9541709399133618,0.0,5
0.0006798196875159202,False,70,time0,0.9162182125763543,1,,,time0,TIME0,0.8617321045207019,0.9524876153441899,0.0,9
0.000449073633919917,False,70,time0,0.9286667622286416,5,,,time0,TIME0,0.8615885176154435,0.9342028829482936,0.0,8
0.0006703462285153714,False,70,time1,0.9175167687803257,6,,,time1,TIME1,0.8601167493990486,0.9434293911785914,0.0,4
0.0017536736600605037,False,70,time0,0.8434415225132957,2,,,time0,TIME0,0.8362086312939415,0.9419827015602968,0.0,2
0.001170415333848773,False,70,time1,0.8236212830127451,8,,,time1,TIME1,0.8329929426285867,0.9504190988457173,0.0,6
0.0,True,70,excluido,1.0,10,,,excluir,EXCLUÍDO,0.65,0.0,0.0,11
1.3481787353096815e-05,False,71,time0,0.9952780414910284,0,,,time0,TIME0,0.884787697134622,0.9449913670509142,0.0,1
2.4323289191192187e-05,False,71,time1,0.9878543265978355,7,,,time1,TIME1,0.882096516422399,0.9431629191991218,0.0,10
3.608119684023793e-05,False,71,goleiro_time1,0.9886406590753484,9,,,goleiro1,GOL-TIME1,0.8772491235363613,0.9228456872140327,0.0,3
0.0004157439105177565,False,71,time0,0.959188480660157,3,,,time0,TIME0,0.8758535587782401,0.9541709399133618,0.0,5
0.00019144455911424097,False,71,time1,0.9611893657277568,6,,,time1,TIME1,0.873688023080448,0.9434293911785914,0.0,4
0.00022539203794329175,False,71,time0,0.967757119239746,4,,,time0,TIME0,0.8732839471080007,0.9331807608745113,0.0,7
0.0005923387615161274,False,71,time0,0.9498308692483916,5,,,time0,TIME0,0.8677883666915504,0.9342028829482936,0.0,8
0.0007821430795852908,False,71,time0,0.9249057576751843,2,,,time0,TIME0,0.8614656280276276,0.9419827015602968,0.0,2
0.00047831749880538157,False,71,time0,0.9079243581449196,1,,,time0,TIME0,0.8598912101775824,0.9524876153441899,0.0,9
0.0017910555049510987,False,71,time1,0.7828322481184169,8,,,time1,TIME1,0.8199098175329185,0.9504190988457173,0.0,6
0.0,True,71,excluido,1.0,10,,,excluir,EXCLUÍDO,0.65,0.0,0.0,11
8.170050792005457e-06,False,72,time0,0.9984391008563149,0,,,time0,TIME0,0.8851741581500211,0.9426476531401704,0.0,1
5.7025242278890625e-05,False,72,time1,0.9883476456571527,7,,,time1,TIME1,0.8820443552941337,0.9424965617917505,0.0,10
1.0487788597030551e-05,False,72,goleiro_time1,0.9917764518044719,9,,,goleiro1,GOL-TIME1,0.8785748070340815,0.9243016155431042,0.0,3
0.00011558092806388915,False,72,time0,0.9851595067759568,4,,,time0,TIME0,0.8775922873662572,0.9288976155514845,0.0,7
0.00029680467690303125,False,72,time0,0.973348529571774,5,,,time0,TIME0,0.874705654865404,0.9339729011474429,0.0,8
0.0003359559655104702,False,72,time0,0.9563442579332678,3,,,time0,TIME0,0.874463905075164,0.9526483183284031,0.0,5
0.00015997713235520327,False,72,time1,0.9572666347694907,6,,,time1,TIME1,0.8726595413035175,0.9434293911785914,0.0,4
0.0009930135590864747,False,72,time0,0.896056914005223,1,,,time0,TIME0,0.8557934326007492,0.9529333535449929,0.0,9
0.0013562453792563699,False,72,time0,0.8611978944174292,2,,,time0,TIME0,0.8425665163473153,0.9434918562546528,0.0,2
0.0014395483421156944,False,72,time1,0.7957122887350655,8,,,time1,TIME1,0.8246080280385503,0.9510893213808339,0.0,6
0.0,True,72,excluido,1.0,10,,,excluir,EXCLUÍDO,0.65,0.0,0.0,11
8.971201528925808e-05,False,73,time1,0.9908070317527973,7,,,time1,TIME1,0.8826864056646877,0.9424965617917505,0.0,10
8.95589747435753e-05,False,73,time0,0.9903491865498391,0,,,time0,TIME0,0.8826232965392119,0.9426476531401704,0.0,1
7.899374872751683e-05,False,73,goleiro_time1,0.9878712595589373,9,,,goleiro1,GOL-TIME1,0.8773050631148477,0.9243016155431042,0.0,3
0.0002428329400760376,False,73,time0,0.9696241032014175,4,,,time0,TIME0,0.8728040370232721,0.9288976155514845,0.0,7
0.0004956534102915304,False,73,time0,0.9551211597947412,5,,,time0,TIME0,0.8692829844237138,0.9339729011474429,0.0,8
0.00075229849266728,False,73,time0,0.9255914280831873,2,,,time0,TIME0,0.8622609059178266,0.9434918562546528,0.0,2
0.0009159096863885297,False,73,time0,0.9099364145212251,3,,,time0,TIME0,0.8598545253507529,0.9526483183284031,0.0,5
0.0010539804784770704,False,73,time0,0.8894478297687628,1,,,time0,TIME0,0.8538526856072826,0.9529333535449929,0.0,9
0.0010751432850802756,False,73,time1,0.8458553819970819,6,,,time1,TIME1,0.8379191371891054,0.9434293911785914,0.0,4
0.0014333242916266388,False,73,time1,0.7914302295604103,8,,,time1,TIME1,0.823765621929591,0.9510893213808339,0.0,6
0.0,True,73,excluido,1.0,10,,,excluir,EXCLUÍDO,0.65,0.0,0.0,11
0.00010661318204374148,False,74,time1,0.9849043225398479,7,,,time1,TIME1,0.8808794281324663,0.9424965617917505,0.0,10
0.00016623684770270675,False,74,time0,0.9828846303110365,0,,,time0,TIME0,0.880323493260644,0.9426476531401704,0.0,1
0.00010597387804128121,False,74,time0,0.9886039125008292,4,,,time0,TIME0,0.8785104167016428,0.9288976155514845,0.0,7
0.0005070825515514009,False,74,time0,0.957145504993415,3,,,time0,TIME0,0.874517721094429,0.9526483183284031,0.0,5
6.924136313842489e-05,False,74,goleiro_time1,0.9673828578583024,9,,,goleiro1,GOL-TIME1,0.8712201498117106,0.9243016155431042,0.0,3
0.000822690624571392,False,74,time0,0.9277219811611072,5,,,time0,TIME0,0.8607844079408986,0.9339729011474429,0.0,8
0.0009494499745061774,False,74,time0,0.8970017456740447,2,,,time0,TIME0,0.8539673033845282,0.9434918562546528,0.0,2
0.0008022337082106367,False,74,time1,0.8907871921331537,6,,,time1,TIME1,0.8521496721287672,0.9434293911785914,0.0,4
0.0012812528864714822,False,74,time0,0.852499900120429,1,,,time0,TIME0,0.8421951301394104,0.9529333535449929,0.0,9
0.002075634491600677,False,74,time1,0.7467695831166451,8,,,time1,TIME1,0.8091903617764538,0.9510893213808339,0.0,6
0.0,True,74,excluido,1.0,10,,,excluir,EXCLUÍDO,0.65,0.0,0.0,11
2.7508038103842028e-06,False,75,time0,0.9996871260227845,0,,,time0,TIME0,0.8848127712915592,0.9400930167373807,0.0,1
4.939674213288068e-05,False,75,time1,0.993592993424603,7,,,time1,TIME1,0.8833757277976809,0.9417926854840681,0.0,10
3.421791725738194e-05,False,75,time0,0.9927722210526077,4,,,time0,TIME0,0.8792982409243011,0.9263273071078697,0.0,7
5.267579737503581e-05,False,75,goleiro_time1,0.9924399654646099,9,,,goleiro1,GOL-TIME1,0.8791072593430118,0.9258725854410542,0.0,3
0.00030220529024064206,False,75,time0,0.9657552875690608,3,,,time0,TIME0,0.8769848706932606,0.9510892971443747,0.0,5
0.000523974504038579,False,75,time0,0.9400897461364447,2,,,time0,TIME0,0.8672617884117568,0.9442103427769426,0.0,2
0.0006457469631402223,False,75,time1,0.9177631744588587,6,,,time1,TIME1,0.8606290482582459,0.944067106752261,0.0,4
0.0012797465408427037,False,75,time0,0.8849873528003264,5,,,time0,TIME0,0.8478325978970243,0.9353797181270953,0.0,8
0.0019386615480708985,False,75,time0,0.8172385707565435,1,,,time0,TIME0,0.830342773709239,0.9528808911091516,0.0,9
0.0015439299973032507,False,75,time1,0.7919032158642124,8,,,time1,TIME1,0.8234487159782932,0.9512094288988382,0.0,6
0.0,True,75,excluido,1.0,10,,,excluir,EXCLUÍDO,0.65,0.0,0.0,11
1.4021825540212569e-05,False,76,time0,0.9984741586085966,0,,,time0,TIME0,0.8845436096996775,0.9400930167373807,0.0,1
2.2942951680047523e-05,False,76,time1,0.9942665791969517,7,,,time1,TIME1,0.8836788621576228,0.9417926854840681,0.0,10
3.53914553463722e-05,False,76,goleiro_time1,0.9951361120927652,9,,,goleiro1,GOL-TIME1,0.8799509555509675,0.9258725854410542,0.0,3
0.0004112518125216573,False,76,time0,0.9706763178567347,3,,,time0,TIME0,0.8783365973857455,0.9510892971443747,0.0,5
0.000416909258499228,False,76,time0,0.9395555135847836,2,,,time0,TIME0,0.8673721387829618,0.9442103427769426,0.0,2
0.0004602108611036729,False,76,time0,0.9299247717375664,4,,,time0,TIME0,0.8598496316972026,0.9263273071078697,0.0,7
0.0007365353354865925,False,76,time1,0.909636397253353,6,,,time1,TIME1,0.8581551874679387,0.944067106752261,0.0,4
0.000998133774596716,False,76,time0,0.9070362800057585,5,,,time0,TIME0,0.8547962279079434,0.9353797181270953,0.0,8
0.0012980195299965465,False,76,time0,0.8746774368102339,1,,,time0,TIME0,0.8486562200532922,0.9528808911091516,0.0,9
0.001984509408492546,False,76,time1,0.7499404427070164,8,,,time1,TIME1,0.8106794823058583,0.9512094288988382,0.0,6
0.0,True,76,excluido,1.0,10,,,excluir,EXCLUÍDO,0.65,0.0,0.0,11
4.072970591407276e-05,False,77,time1,0.9933196254997735,7,,,time1,TIME1,0.8833948840500535,0.9417926854840681,0.0,10
9.909802436128719e-05,False,77,time0,0.985898844970931,3,,,time0,TIME0,0.8832267623856056,0.9510892971443747,0.0,5
1.7438674664479534e-05,False,77,goleiro_time1,0.9949983060514896,9,,,goleiro1,GOL-TIME1,0.8799192833109248,0.9258725854410542,0.0,3
0.00014302541713224776,False,77,time0,0.9824164574008857,0,,,time0,TIME0,0.8795226858351106,0.9400930167373807,0.0,1
0.0001102135951631798,False,77,time0,0.9865097764726926,4,,,time0,TIME0,0.8770466438962166,0.9263273071078697,0.0,7
0.0008318784095777454,False,77,time1,0.940270570108931,8,,,time1,TIME1,0.8679401199117476,0.9512094288988382,0.0,6
0.0005873179307252307,False,77,time0,0.9302239252184215,2,,,time0,TIME0,0.8644117798284141,0.9442103427769426,0.0,2
0.00026749737118472326,False,77,time0,0.9216300751623739,5,,,time0,TIME0,0.8595024898285667,0.9353797181270953,0.0,8
0.0016416436937351539,False,77,time0,0.8601963822184068,1,,,time0,TIME0,0.8445196304395625,0.9528808911091516,0.0,9
0.001536034720972109,False,77,time1,0.8434171535539594,6,,,time1,TIME1,0.8370956112716084,0.944067106752261,0.0,4
0.0,True,77,excluido,1.0,10,,,excluir,EXCLUÍDO,0.65,0.0,0.0,11
2.0439256738678103e-05,False,78,time0,0.9966780383404263,0,,,time0,TIME0,0.8828499900399377,0.9358617635010837,0.0,1
2.916990976824944e-05,False,78,time0,0.9848214794436342,3,,,time0,TIME0,0.8826403399918527,0.9492241168115729,0.0,5
7.696295718948697e-05,False,78,time1,0.9846170448596445,7,,,time1,TIME1,0.8806034680022204,0.9413817307652291,0.0,10
3.0455414205168898e-05,False,78,goleiro_time1,0.9950011634041863,9,,,goleiro1,GOL-TIME1,0.8802621217418889,0.9272654311845754,0.0,3
0.00040958096717237126,False,78,time0,0.9613322380874886,2,,,time0,TIME0,0.8743334354731096,0.9457971011388772,0.0,2
0.0010522633905694983,False,78,time0,0.9034421550018306,1,,,time0,TIME0,0.8574407888544325,0.9512405550187392,0.0,9
0.0012065479447786029,False,78,time0,0.8875899131037036,5,,,time0,TIME0,0.8487488875727823,0.9372901321197776,0.0,8
0.0015624528941280945,False,78,time1,0.8483808130557222,6,,,time1,TIME1,0.839016134272494,0.944452121141351,0.0,4
0.0009098453414107024,False,78,time1,0.8144041571573936,8,,,time1,TIME1,0.8308998566836588,0.9512094288988382,0.0,6
0.0018387122788760374,False,78,time0,0.8296921640139876,4,,,time0,TIME0,0.8274364527035356,0.9261081312082984,0.0,7
0.0,True,78,excluido,1.0,10,,,excluir,EXCLUÍDO,0.65,0.0,0.0,11
2.6204746817565344e-05,False,79,time0,0.9969209778847185,3,,,time0,TIME0,0.886330215805987,0.9492241168115729,0.0,5
1.917856677386144e-05,False,79,time0,0.9984354496239244,0,,,time0,TIME0,0.8834538889965413,0.9358617635010837,0.0,1
5.087558130299665e-05,False,79,time1,0.9895210783591235,7,,,time1,TIME1,0.8820860595645612,0.9413817307652291,0.0,10
5.5565957267918275e-05,False,79,goleiro_time1,0.9917583509874014,9,,,goleiro1,GOL-TIME1,0.8792377187397125,0.9272654311845754,0.0,3
4.6847427690185046e-05,False,79,time0,0.9936812301566889,4,,,time0,TIME0,0.8783589155466986,0.9261081312082984,0.0,7
0.0003693879400110681,False,79,time0,0.947369557303334,2,,,time0,TIME0,0.8699883704230759,0.9457971011388772,0.0,2
0.0004767564636781584,False,79,time0,0.9185710925568616,5,,,time0,TIME0,0.8589531273429571,0.9372901321197776,0.0,8
0.0012697697152340202,False,79,time1,0.879149034598829,6,,,time1,TIME1,0.8484753869167299,0.944452121141351,0.0,4
0.0024755003614783506,False,79,time0,0.7835844036098009,1,,,time0,TIME0,0.8196620096748922,0.9512405550187392,0.0,9
0.0016920231726717213,False,79,time1,0.7782805935928927,8,,,time1,TIME1,0.8184484103136452,0.9512094288988382,0.0,6
0.0,True,79,excluido,1.0,10,,,excluir,EXCLUÍDO,0.65,0.0,0.0,11
3.088516179806186e-05,False,80,time1,0.9902607260619168,7,,,time1,TIME1,0.8823492585595488,0.9413817307652291,0.0,10
0.00019993733597222275,False,80,time0,0.9777801203909896,3,,,time0,TIME0,0.8803394499243026,0.9492241168115729,0.0,5
0.0001723306301401561,False,80,time0,0.9804548608167485,2,,,time0,TIME0,0.8802666944159389,0.9457971011388772,0.0,2
6.348321974134983e-05,False,80,goleiro_time1,0.9904119570206352,9,,,goleiro1,GOL-TIME1,0.8788758179735938,0.9272654311845754,0.0,3
0.0003439303336116262,False,80,time0,0.963552717004336,0,,,time0,TIME0,0.8724931777943441,0.9358617635010837,0.0,1
0.0006060451775498292,False,80,time1,0.9411090942213777,6,,,time1,TIME1,0.8673672735598301,0.944452121141351,0.0,4
0.0009520051612210854,False,80,time0,0.8989443286168647,5,,,time0,TIME0,0.8527639813937437,0.9372901321197776,0.0,8
0.0016336419808847754,False,80,time0,0.8500471217150068,4,,,time0,TIME0,0.8339182466738588,0.9261081312082984,0.0,7
0.0022731019346606453,False,80,time0,0.7788315918478329,1,,,time0,TIME0,0.8192037520207122,0.9512405550187392,0.0,9
0.0019744921999146955,False,80,time1,0.7645753103182306,8,,,time1,TIME1,0.8149942085182765,0.9512094288988382,0.0,6
0.0,True,80,excluido,1.0,10,,,excluir,EXCLUÍDO,0.65,0.0,0.0,11
2.6037098519138165e-05,False,81,time1,0.9923668353671764,7,,,time1,TIME1,0.8828552447309914,0.9408001631233018,0.0,10
1.969917644372689e-06,False,81,time0,0.997510824337134,0,,,time0,TIME0,0.8818164427824473,0.9311989819834672,0.0,1
0.00010400705368446804,False,81,time0,0.9817334034849072,2,,,time0,TIME0,0.8813425782417066,0.9483345347658545,0.0,2
2.1569883166768392e-05,False,81,goleiro_time1,0.9965527820876031,9,,,goleiro1,GOL-TIME1,0.8810749086816188,0.9286490039875883,0.0,3
2.3358078837102762e-05,False,81,time0,0.9976990166228266,4,,,time0,TIME0,0.8792273760177697,0.9241772785034409,0.0,7
0.0004051460952933831,False,81,time0,0.9567676784829254,3,,,time0,TIME0,0.8733053164656398,0.9471827511326746,0.0,5
0.0013533337468864773,False,81,time1,0.8665830754761283,6,,,time1,TIME1,0.8442876816455421,0.9442143935109448,0.0,4
0.002549850683881685,False,81,time0,0.7371848939027539,1,,,time0,TIME0,0.8064441455642163,0.9516561943058246,0.0,9
0.002954184452413382,False,81,time0,0.7452664411370487,5,,,time0,TIME0,0.8037250964925033,0.9368018057286378,0.0,8
0.0022295506273146927,False,81,time1,0.6849903012716387,8,,,time1,TIME1,0.7905573371850536,0.9512094288988382,0.0,6
0.0,True,81,excluido,1.0,10,,,excluir,EXCLUÍDO,0.65,0.0,0.0,11
1.9948057973208065e-05,False,82,time0,0.9980862560230525,2,,,time0,TIME0,0.8864241758086038,0.9483345347658545,0.0,2
6.044396374481063e-05,False,82,time0,0.9967333202293925,3,,,time0,TIME0,0.8854811418530649,0.9471827511326746,0.0,5
9.394649429361084e-06,False,82,time1,0.9990084316464564,7,,,time1,TIME1,0.8848730549322996,0.9408001631233018,0.0,10
4.858196119263446e-05,False,82,time1,0.9953129437686856,6,,,time1,TIME1,0.8837118283076854,0.9442143935109448,0.0,4
7.273896076177258e-05,False,82,time0,0.9895049487046026,1,,,time0,TIME0,0.8829211379238454,0.9516561943058246,0.0,9
3.6105449292767483e-06,False,82,time0,0.9998306203466575,0,,,time0,TIME0,0.8827444968887216,0.9311989819834672,0.0,1
7.562386985401587e-05,False,82,time1,0.9863821223967649,8,,,time1,TIME1,0.8821761285668894,0.9512094288988382,0.0,6
3.421570722836895e-05,False,82,goleiro_time1,0.9971937813521939,9,,,goleiro1,GOL-TIME1,0.881254679610654,0.9286490039875883,0.0,3
0.00014150031320843236,False,82,time0,0.9870421597479574,5,,,time0,TIME0,0.8782412069747372,0.9368018057286378,0.0,8
7.407655149223059e-05,False,82,time0,0.9910650147946936,4,,,time0,TIME0,0.8782335203256081,0.9241772785034409,0.0,7
0.0,True,82,excluido,1.0,10,,,excluir,EXCLUÍDO,0.65,0.0,0.0,11
1.5903898296612296e-05,False,83,time1,0.9929793834668004,7,,,time1,TIME1,0.8830683362199383,0.9408001631233018,0.0,10
0.00018049187093845627,False,83,time0,0.9800639301914289,3,,,time0,TIME0,0.8805356058507684,0.9471827511326746,0.0,5
8.5584486469422e-05,False,83,time0,0.9906789295572676,0,,,time0,TIME0,0.8798678174829275,0.9311989819834672,0.0,1
6.155998717631653e-05,False,83,goleiro_time1,0.9900767036203936,9,,,goleiro1,GOL-TIME1,0.8790870713241341,0.9286490039875883,0.0,3
0.0008353796028580526,False,83,time0,0.895139337531269,2,,,time0,TIME0,0.8543074781677171,0.9483345347658545,0.0,2
0.0010808444877298397,False,83,time1,0.8697480349965566,6,,,time1,TIME1,0.8452762733232247,0.9442143935109448,0.0,4
0.0013877000595066095,False,83,time0,0.8378809936876563,5,,,time0,TIME0,0.8332826051485909,0.9368018057286378,0.0,8
0.00187367418955901,False,83,time0,0.8201000220994286,4,,,time0,TIME0,0.8241435737305765,0.9241772785034409,0.0,7
0.0020564734829841462,False,83,time0,0.7707646235160666,1,,,time0,TIME0,0.8158371774830024,0.9516561943058246,0.0,9
0.009007004455527583,False,83,time1,0.29061486049196456,8,,,time1,TIME1,0.6606807065275446,0.9512094288988382,0.0,6
0.0,True,83,excluido,1.0,10,,,excluir,EXCLUÍDO,0.65,0.0,0.0,11
4.471488365782439e-06,False,84,goleiro_time1,0.9978863432397139,9,,,goleiro1,GOL-TIME1,0.8817705562301503,0.9298118309908832,0.0,3
2.237934037858878e-05,False,84,time1,0.9880128533157957,7,,,time1,TIME1,0.8812445749022845,0.9394913654458064,0.0,10
0.00023320994740511213,False,84,time0,0.9772026316554607,3,,,time0,TIME0,0.8790769720606171,0.9451299095615624,0.0,5
4.656662083305552e-05,False,84,time0,0.9855504459383388,0,,,time0,TIME0,0.8771547275619269,0.9262515570257677,0.0,1
0.00044429682584471553,False,84,time1,0.9475894918632455,6,,,time1,TIME1,0.8693647440133478,0.9437673435212274,0.0,4
0.000277447562297411,False,84,time0,0.941220319914899,2,,,time0,TIME0,0.8689281365445669,0.9501431889455266,0.0,2
0.0006596670639303707,False,84,time0,0.9344801141278105,5,,,time0,TIME0,0.8626128110054812,0.9369356095862031,0.0,8
0.0006228209529020921,False,84,time0,0.9389038748366039,4,,,time0,TIME0,0.8602884783437805,0.9234489303615867,0.0,7
0.001123829418859987,False,84,time0,0.858314212469841,1,,,time0,TIME0,0.8440167534724855,0.9528277808641298,0.0,9
0.0028791549249959666,False,84,time1,0.5732105859663361,8,,,time1,TIME1,0.7523835006079679,0.9512094288988382,0.0,6
0.0,True,84,excluido,1.0,10,,,excluir,EXCLUÍDO,0.65,0.0,0.0,11
1.9423759504916523e-05,False,85,time0,0.9986276028419949,1,,,time0,TIME0,0.8870069022844693,0.9528277808641298,0.0,9
7.02309725933105e-06,False,85,time0,0.9976645842220467,2,,,time0,TIME0,0.886637896897055,0.9501431889455266,0.0,2
5.180949691698428e-06,False,85,time1,0.9985883695921927,6,,,time1,TIME1,0.8852077626542967,0.9437673435212274,0.0,4
1.5003218530526137e-06,False,85,time1,0.9997520966844995,7,,,time1,TIME1,0.8847813009009718,0.9394913654458064,0.0,10
3.8802414759173416e-05,False,85,time0,0.9943947313736737,3,,,time0,TIME0,0.8844066689200987,0.9451299095615624,0.0,5
4.653237648106086e-05,False,85,time1,0.9932202962686703,8,,,time1,TIME1,0.8837674435244219,0.9512094288988382,0.0,6
1.4568795037833907e-05,False,85,time0,0.9983401765200962,5,,,time0,TIME0,0.8832637868667594,0.9369356095862031,0.0,8
9.120879112777126e-07,False,85,goleiro_time1,0.9998907217446639,9,,,goleiro1,GOL-TIME1,0.8824158808522495,0.9298118309908832,0.0,3
6.273225219981365e-06,False,85,time0,0.9993256429502324,0,,,time0,TIME0,0.8813191327627241,0.9262515570257677,0.0,1
1.8274645882909122e-05,False,85,time0,0.997187802361965,4,,,time0,TIME0,0.879569690208654,0.9234489303615867,0.0,7
0.0,True,85,excluido,1.0,10,,,excluir,EXCLUÍDO,0.65,0.0,0.0,11
9.727281783922525e-06,False,86,goleiro_time1,0.9962526881289281,9,,,goleiro1,GOL-TIME1,0.8813138409944944,0.9298118309908832,0.0,3
4.0571091148870835e-05,False,86,time0,0.9976151056073644,0,,,time0,TIME0,0.8807856077927523,0.9262515570257677,0.0,1
0.0001715344870055603,False,86,time1,0.9858082149453646,7,,,time1,TIME1,0.8803434304827883,0.9394913654458064,0.0,10
0.000197544568950516,False,86,time0,0.9504490027947339,2,,,time0,TIME0,0.872356702909883,0.9501431889455266,0.0,2
0.0005753990191332767,False,86,time0,0.953848515487748,3,,,time0,TIME0,0.871530947098728,0.9451299095615624,0.0,5
0.0008862763998054192,False,86,time1,0.9016878218819055,6,,,time1,TIME1,0.8550354163452659,0.9437673435212274,0.0,4
0.0012269531141185664,False,86,time0,0.8878308753596361,4,,,time0,TIME0,0.8452476674182854,0.9234489303615867,0.0,7
0.0018275897133481725,False,86,time0,0.8463485257646851,5,,,time0,TIME0,0.8352282725679359,0.9369356095862031,0.0,8
0.0024861547686651684,False,86,time0,0.7420934777186325,1,,,time0,TIME0,0.8068767704524368,0.9528277808641298,0.0,9
0.003800052415400358,False,86,time1,0.5234810996549843,8,,,time1,TIME1,0.7388205770116173,0.9512094288988382,0.0,6
0.0,True,86,excluido,1.0,10,,,excluir,EXCLUÍDO,0.65,0.0,0.0,11
5.184003859841952e-05,False,87,time0,0.9943879823338432,2,,,time0,TIME0,0.8860112105780956,0.9513652858852661,0.0,2
5.3123659595979275e-05,False,87,time1,0.9938001179257778,6,,,time1,TIME1,0.8831956444815445,0.9429530210522672,0.0,4
9.302553049599452e-05,False,87,time0,0.9888508297772676,1,,,time0,TIME0,0.883031897431131,0.9528768664959473,0.0,9
4.6229069816361514e-05,False,87,goleiro_time1,0.9912524795430656,9,,,goleiro1,GOL-TIME1,0.8799845853854785,0.9307510511715392,0.0,3
0.0001238271075382294,False,87,time0,0.982306978935162,3,,,time0,TIME0,0.8798618290247531,0.9428176444547789,0.0,5
4.7100601257718885e-05,False,87,time0,0.9877580433461756,0,,,time0,TIME0,0.8765468135659126,0.9211785855057193,0.0,1
0.00023426292317966788,False,87,time0,0.9751529764419894,5,,,time0,TIME0,0.8758638309880347,0.939121971717169,0.0,8
0.00021429308833520986,False,87,time1,0.9612228391361198,8,,,time1,TIME1,0.8735281072992532,0.9512094288988382,0.0,6
0.0002745540413847957,False,87,time1,0.9595198671504367,7,,,time1,TIME1,0.8718579986271044,0.9375056069210836,0.0,10
0.0021678576261970634,False,87,time0,0.79917853623744,4,,,time0,TIME0,0.8162373841437041,0.9228404959505718,0.0,7
0.0,True,87,excluido,1.0,10,,,excluir,EXCLUÍDO,0.65,0.0,0.0,11
3.279474418389729e-05,False,88,goleiro_time1,0.9924034758108243,9,,,goleiro1,GOL-TIME1,0.8803261893175212,0.9307510511715392,0.0,3
7.377993198849019e-06,False,88,time0,0.9960869610941206,0,,,time0,TIME0,0.8790800386000134,0.9211785855057193,0.0,1
5.141155614408637e-05,False,88,time1,0.9768649661269277,7,,,time1,TIME1,0.8771670921732868,0.9375056069210836,0.0,10
0.0004203013518106989,False,88,time0,0.973340402771395,3,,,time0,TIME0,0.877034987692356,0.9428176444547789,0.0,5
0.0005690978554367663,False,88,time0,0.9296000011179056,2,,,time0,TIME0,0.865851271347079,0.9513652858852661,0.0,2
0.0007789930557931423,False,88,time0,0.934421082266568,5,,,time0,TIME0,0.863717815959986,0.939121971717169,0.0,8
0.0006095031468480631,False,88,time0,0.9374448189264643,4,,,time0,TIME0,0.8595103118914753,0.9228404959505718,0.0,7
0.001272730050682305,False,88,time1,0.8751369501497485,6,,,time1,TIME1,0.8462214298720411,0.9429530210522672,0.0,4
0.0013263974947340929,False,88,time0,0.8623333542910812,1,,,time0,TIME0,0.8447533256439758,0.9528768664959473,0.0,9
0.007429047443717002,False,88,time1,0.3983794189267189,8,,,time1,TIME1,0.6953832171519906,0.9512094288988382,0.0,6
0.0,True,88,excluido,1.0,10,,,excluir,EXCLUÍDO,0.65,0.0,0.0,11
7.298245078754793e-05,False,89,time1,0.9903468978973374,7,,,time1,TIME1,0.8813924287616786,0.9375056069210836,0.0,10
6.468654090425545e-05,False,89,time0,0.9929972328499338,0,,,time0,TIME0,0.8780911240553418,0.9211785855057193,0.0,1
0.00011075517593152199,False,89,goleiro_time1,0.9833498499378615,9,,,goleiro1,GOL-TIME1,0.8775381150793388,0.9307510511715392,0.0,3
0.0014844826139584978,False,89,time0,0.905382937542924,3,,,time0,TIME0,0.8552196881391685,0.9428176444547789,0.0,5
0.0011466433612854416,False,89,time0,0.8997428059112806,5,,,time0,TIME0,0.8534102259960843,0.939121971717169,0.0,8
0.0011239318982541044,False,89,time0,0.8822448295547339,2,,,time0,TIME0,0.8510881629131797,0.9513652858852661,0.0,2
0.0017011786411562663,False,89,time0,0.8344900951468999,4,,,time0,TIME0,0.8286730737748407,0.9228404959505718,0.0,7
0.0028183491316230522,False,89,time1,0.7635397390501195,6,,,time1,TIME1,0.8111839238742223,0.9429530210522672,0.0,4
0.0032238395982665683,False,89,time0,0.6806601013841638,1,,,time0,TIME0,0.7873152461574711,0.9528768664959473,0.0,9
0.0042236527158851025,False,89,time1,0.5507477738360812,8,,,time1,TIME1,0.7428309578190223,0.9512094288988382,0.0,6
0.0,True,89,excluido,1.0,10,,,excluir,EXCLUÍDO,0.65,0.0,0.0,11
1.615763626179938e-05,False,90,time0,0.9980055084839676,2,,,time0,TIME0,0.8864895044498933,0.951432137203714,0.0,2
1.0880577655955942e-05,False,90,time1,0.9989745743853945,7,,,time1,TIME1,0.883810130132947,0.9366816306990048,0.0,10
4.749153224347123e-05,False,90,time0,0.9922951387633917,1,,,time0,TIME0,0.8836229061409667,0.9528225876417573,0.0,9
1.6889566480245196e-05,False,90,time0,0.9975699561319753,3,,,time0,TIME0,0.8833195276554049,0.9403263417223962,0.0,5
2.2085179809568005e-05,False,90,time0,0.9962371858899582,5,,,time0,TIME0,0.8830997186992137,0.9401810054831818,0.0,8
1.9481231356960893e-06,False,90,goleiro_time1,0.9996178577058582,9,,,goleiro1,GOL-TIME1,0.8828488437721668,0.9321578616983691,0.0,3
4.281774576462702e-05,False,90,time1,0.993063711793771,8,,,time1,TIME1,0.8825333956157393,0.9501105656137245,0.0,6
5.739988341664551e-06,False,90,time0,0.9991362194092966,0,,,time0,TIME0,0.8788106393937095,0.9164875960796262,0.0,1
3.841533626302047e-05,False,90,time0,0.9953736250428432,4,,,time0,TIME0,0.8776327695125306,0.9207753349889296,0.0,7
0.00040677100247862294,False,90,time1,0.9258309980309477,6,,,time1,TIME1,0.8614229225004951,0.9427566057030522,0.0,4
0.0,True,90,excluido,1.0,10,,,excluir,EXCLUÍDO,0.65,0.0,0.0,11
8.360515024103744e-05,False,91,time0,0.9824007000849364,0,,,time0,TIME0,0.8737067250807221,0.9164875960796262,0.0,1
0.00015128524361501255,False,91,goleiro_time1,0.9681991134310021,9,,,goleiro1,GOL-TIME1,0.8732588946745894,0.9321578616983691,0.0,3
0.0006798238475705328,False,91,time0,0.946889771685801,3,,,time0,TIME0,0.8680676365231712,0.9403263417223962,0.0,5
0.0006028699397681378,False,91,time0,0.9222345391961878,2,,,time0,TIME0,0.8635772512043145,0.951432137203714,0.0,2
0.0010253782766494258,False,91,time0,0.9204399530718181,5,,,time0,TIME0,0.8595308990230957,0.9401810054831818,0.0,8
0.0005499338536102093,False,91,time1,0.887742751992678,7,,,time1,TIME1,0.8496151809340617,0.9366816306990048,0.0,10
0.00147327289021326,False,91,time0,0.8474141404370876,4,,,time0,TIME0,0.8320525681448854,0.9207753349889296,0.0,7
0.0009494397265667656,False,91,time1,0.74691428664972,6,,,time1,TIME1,0.8079778326526504,0.9427566057030522,0.0,4
0.002248651568801206,False,91,time1,0.7352625508852398,8,,,time1,TIME1,0.8045551518357068,0.9501105656137245,0.0,6
0.0027844264228752778,False,91,time0,0.7029576067353086,1,,,time0,TIME0,0.7946673451810725,0.9528225876417573,0.0,9
0.0008141007713170521,True,91,excluido,0.8598362754818265,10,,,excluir,EXCLUÍDO,0.6066557223265436,0.0,0.0,11
6.541204555054226e-05,False,92,time1,0.9947278584101308,7,,,time1,TIME1,0.8821391163383145,0.9366816306990048,0.0,10
2.4295365775836544e-05,False,92,goleiro_time1,0.9943402517707319,9,,,goleiro1,GOL-TIME1,0.8812157032989526,0.9321578616983691,0.0,3
4.1225805109728695e-05,False,92,time0,0.9928749118554805,0,,,time0,TIME0,0.8769109888283664,0.9164875960796262,0.0,1
0.00032971400649363066,False,92,time0,0.9676324571185297,3,,,time0,TIME0,0.8748025493321889,0.9403263417223962,0.0,5
0.00018704041837039467,False,92,time0,0.9790519795047076,4,,,time0,TIME0,0.872607359537628,0.9207753349889296,0.0,7
0.000419708721591698,False,92,time1,0.9456485002248859,6,,,time1,TIME1,0.868637386854017,0.9427566057030522,0.0,4
0.0008420758702780213,False,92,time0,0.9215678284334394,5,,,time0,TIME0,0.8606028533929047,0.9401810054831818,0.0,8
0.0008057240954954255,False,92,time0,0.8947526198143105,2,,,time0,TIME0,0.8546029092471654,0.951432137203714,0.0,2
0.0010720712369459281,False,92,time0,0.8690088959644711,1,,,time0,TIME0,0.8464397984650092,0.9528225876417573,0.0,9
0.0014356977549802952,False,92,time1,0.8312537390137842,8,,,time1,TIME1,0.834208228740879,0.9501105656137245,0.0,6
3.151868191361636e-06,True,92,excluido,0.9989188710504693,10,,,excluir,EXCLUÍDO,0.6491196446451046,0.0,0.0,11
2.569606440793803e-05,False,93,goleiro_time1,0.9960755543883465,9,,,goleiro1,GOL-TIME1,0.88231269302884,0.9341895834896015,0.0,3
6.642792327710378e-05,False,93,time1,0.9919156429177715,7,,,time1,TIME1,0.8814155025932521,0.9359606515046858,0.0,10
0.00026718582368013183,False,93,time0,0.9801275433375066,3,,,time0,TIME0,0.8782964973931456,0.9385848239183746,0.0,5
6.812362748931925e-05,False,93,time0,0.9906285312497124,4,,,time0,TIME0,0.8769890004556329,0.9201453227053602,0.0,7
5.6178874094702655e-05,False,93,time0,0.993686007829511,0,,,time0,TIME0,0.8759643010789765,0.9116791093175927,0.0,1
0.001010728999457471,False,93,time0,0.9231685715510143,5,,,time0,TIME0,0.8609652049158276,0.9402325749842011,0.0,8
0.00016035435291706442,False,93,time0,0.8650524523316048,2,,,time0,TIME0,0.8470733207928185,0.9525984168713642,0.0,2
0.0010662912976529633,False,93,time1,0.854424226749219,8,,,time1,TIME1,0.8422743444951469,0.9487727080380934,0.0,6
0.001218562588359022,False,93,time0,0.8455010278353072,1,,,time0,TIME0,0.8403029934441251,0.9533351348365195,0.0,9
0.001114843700896589,False,93,time1,0.8476410493956891,6,,,time1,TIME1,0.8385066243210582,0.9428427755952311,0.0,4
1.1517815106896533e-05,True,93,excluido,0.9969394538621268,10,,,excluir,EXCLUÍDO,0.6490656581942601,0.0,0.0,11
2.06529636905381e-05,False,94,goleiro_time1,0.9967914154400949,9,,,goleiro1,GOL-TIME1,0.8825513537618941,0.9341895834896015,0.0,3
2.41672268985232e-05,False,94,time1,0.993518471425662,7,,,time1,TIME1,0.8819685764950043,0.9359606515046858,0.0,10
0.00026587439182966977,False,94,time0,0.9812023780893886,3,,,time0,TIME0,0.8787331205543075,0.9385848239183746,0.0,5
4.387198033619589e-05,False,94,time0,0.9953135375013871,0,,,time0,TIME0,0.8764084513703616,0.9116791093175927,0.0,1
0.0001518395962583394,False,94,time0,0.9832974678695572,4,,,time0,TIME0,0.8747410770664852,0.9201453227053602,0.0,7
0.00034322677705834933,False,94,time1,0.9218723125846473,6,,,time1,TIME1,0.861211695182821,0.9428427755952311,0.0,4
0.0014895877112214883,False,94,time0,0.9011761519782535,5,,,time0,TIME0,0.8536749120855468,0.9402325749842011,0.0,8
0.0010575466599276075,False,94,time0,0.8806700838192724,1,,,time0,TIME0,0.8514635576768024,0.9533351348365195,0.0,9
0.0012802349921330809,False,94,time0,0.797059972326091,2,,,time0,TIME0,0.8253354641313682,0.9525984168713642,0.0,2
0.0017592647734599514,False,94,time1,0.76359927968686,8,,,time1,TIME1,0.8141582584817446,0.9487727080380934,0.0,6
3.079370401204946e-05,True,94,excluido,0.993005633120857,10,,,excluir,EXCLUÍDO,0.6478453979304111,0.0,0.0,11
1.6338698516811133e-05,False,95,goleiro_time1,0.997453538154725,9,,,goleiro1,GOL-TIME1,0.8827464456578225,0.9341895834896015,0.0,3
4.4983754931435784e-05,False,95,time1,0.9906803868659302,7,,,time1,TIME1,0.8811149720448195,0.9359606515046858,0.0,10
4.6193912281647e-05,False,95,time0,0.9939371394862001,0,,,time0,TIME0,0.8760098897117202,0.9116791093175927,0.0,1
0.00034609493178430187,False,95,time0,0.9719447378984135,3,,,time0,TIME0,0.8758512804651533,0.9385848239183746,0.0,5
0.0009792618390433933,False,95,time1,0.9121432321996529,6,,,time1,TIME1,0.857842057051992,0.9428427755952311,0.0,4
0.0007667297728510554,False,95,time0,0.8992122506666699,2,,,time0,TIME0,0.8558450557821997,0.9525984168713642,0.0,2
0.0009691838530822988,False,95,time0,0.896268215654968,1,,,time0,TIME0,0.8558048700985974,0.9533351348365195,0.0,9
0.0010276385053458199,False,95,time0,0.8930098762252497,4,,,time0,TIME0,0.8463948456198125,0.9201453227053602,0.0,7
0.00175316268359637,False,95,time0,0.8743605120601284,5,,,time0,TIME0,0.8455845924858383,0.9402325749842011,0.0,8
0.001882569603897889,False,95,time1,0.7306584172360004,8,,,time1,TIME1,0.8045901143725839,0.9487727080380934,0.0,6
1.2301968754827537e-05,True,95,excluido,0.9974141472890556,10,,,excluir,EXCLUÍDO,0.6492001913967029,0.0,0.0,11
3.359597958046563e-05,False,96,goleiro_time1,0.9944412541860214,9,,,goleiro1,GOL-TIME1,0.8820527560097353,0.9351208464502594,0.0,3
3.359023413918653e-05,False,96,time1,0.9953318187391811,7,,,time1,TIME1,0.8820369883934314,0.934044625271043,0.0,10
9.462319439675861e-05,False,96,time0,0.9896867611817335,0,,,time0,TIME0,0.8735265963684276,0.9069715940461294,0.0,1
3.9711193274871645e-05,False,96,time0,0.9602393798143549,3,,,time0,TIME0,0.8724363792270451,0.9384427515106555,0.0,5
0.0007321012245932041,False,96,time0,0.9217649435068946,1,,,time0,TIME0,0.8638392101671576,0.9534595093933845,0.0,9
0.0008196370430209351,False,96,time0,0.9127207245281314,4,,,time0,TIME0,0.8513978372979039,0.9183448660333311,0.0,7
0.0009923382097327667,False,96,time0,0.8682924530159305,2,,,time0,TIME0,0.8478310956421835,0.9540130539811936,0.0,2
0.001371720680950809,False,96,time1,0.8689834919716894,6,,,time1,TIME1,0.8446109616068667,0.9421730900787928,0.0,4
0.0022859031329571016,False,96,time0,0.8131635976289809,5,,,time0,TIME0,0.8262819614939818,0.939779664865476,0.0,8
0.0020331745390697008,False,96,time1,0.7054681139325578,8,,,time1,TIME1,0.7968150411434104,0.9487727080380934,0.0,6
6.202799966179018e-06,True,96,excluido,0.9985992678204285,10,,,excluir,EXCLUÍDO,0.6495657387308191,0.0,0.0,11
2.7584114072070158e-05,False,97,goleiro_time1,0.9952115186086501,9,,,goleiro1,GOL-TIME1,0.8823007027646648,0.9351208464502594,0.0,3
4.323699809778828e-05,False,97,time1,0.990827827984658,7,,,time1,TIME1,0.8806681836537744,0.934044625271043,0.0,10
5.564809932187879e-05,False,97,time0,0.9819670013384066,3,,,time0,TIME0,0.8790999228894056,0.9384427515106555,0.0,5
3.843643538147051e-06,False,97,time0,0.9952218716615968,0,,,time0,TIME0,0.8752407544334133,0.9069715940461294,0.0,1
0.0005930048775778901,False,97,time0,0.9232456339793551,2,,,time0,TIME0,0.8646012179637294,0.9540130539811936,0.0,2
0.0008942310330133516,False,97,time0,0.9091482070816492,4,,,time0,TIME0,0.8503521149201277,0.9183448660333311,0.0,7
0.0013270352006667934,False,97,time0,0.8665175022460878,1,,,time0,TIME0,0.8466855272409402,0.9534595093933845,0.0,9
0.0017207698602985967,False,97,time1,0.8515540599773869,6,,,time1,TIME1,0.839109395807286,0.9421730900787928,0.0,4
0.0018743048944241916,False,97,time0,0.8355739585140829,5,,,time0,TIME0,0.8333050888511194,0.939779664865476,0.0,8
0.00163876209493027,False,97,time1,0.7653765332139824,8,,,time1,TIME1,0.8149818432481182,0.9487727080380934,0.0,6
2.2548807115522344e-05,True,97,excluido,0.9955698978724306,10,,,excluir,EXCLUÍDO,0.6486362744997737,0.0,0.0,11
2.3156060941134277e-05,False,98,goleiro_time1,0.9963397967585178,9,,,goleiro1,GOL-TIME1,0.8826414867072869,0.9351208464502594,0.0,3
6.54951642026893e-05,False,98,time1,0.9885915711654779,7,,,time1,TIME1,0.8799549682546467,0.934044625271043,0.0,10
0.00013187286877174758,False,98,time0,0.9748557745009062,3,,,time0,TIME0,0.8768734082463805,0.9384427515106555,0.0,5
1.36447096138714e-05,False,98,time0,0.9951886577515988,0,,,time0,TIME0,0.8752751678451316,0.9069715940461294,0.0,1
0.0005386432624618907,False,98,time0,0.9352418682409926,2,,,time0,TIME0,0.8683386808248399,0.9540130539811936,0.0,2
0.0005825518271808008,False,98,time0,0.9349603856533358,4,,,time0,TIME0,0.8585480672470944,0.9183448660333311,0.0,7
0.0012353033583736904,False,98,time0,0.8786455215844704,1,,,time0,TIME0,0.8506372122331943,0.9534595093933845,0.0,9
0.0012344387772674785,False,98,time1,0.8732317479493059,6,,,time1,TIME1,0.8460479377316489,0.9421730900787928,0.0,4
0.0015295330629362166,False,98,time0,0.8455929348446355,5,,,time0,TIME0,0.8369891079009436,0.939779664865476,0.0,8
0.0017863205510838906,False,98,time1,0.7561760162500947,8,,,time1,TIME1,0.8122893201142216,0.9487727080380934,0.0,6
1.0830038699803827e-05,True,98,excluido,0.9978281641281874,10,,,excluir,EXCLUÍDO,0.6493240959733504,0.0,0.0,11
8.826481726623053e-05,False,99,goleiro_time1,0.9874579830787863,9,,,goleiro1,GOL-TIME1,0.8799872461472844,0.935501898940498,0.0,3
0.00025019458793835585,False,99,time0,0.9845671296019822,3,,,time0,TIME0,0.8796090675119183,0.9388347417135526,0.0,5
5.0606912166185226e-05,False,99,time1,0.9887228739150232,7,,,time1,TIME1,0.8795917640380768,0.9321440779826162,0.0,10
0.00011951773486775501,False,99,time0,0.9842254418791239,4,,,time0,TIME0,0.8738910652959073,0.916820778265454,0.0,7
0.00015663891682420403,False,99,time0,0.9832306080621026,0,,,time0,TIME0,0.8702130986569292,0.9019532931567775,0.0,1
0.0005921682500093806,False,99,time0,0.9396138449746864,5,,,time0,TIME0,0.8655083673809295,0.9392202483435876,0.0,8
0.0009533157813535743,False,99,time0,0.8978394363198495,1,,,time0,TIME0,0.8560636350412116,0.951307801586931,0.0,9
0.0008699396624119144,False,99,time1,0.874938591693996,6,,,time1,TIME1,0.8467301184081477,0.9411766553194483,0.0,4
0.0018064164558760623,False,99,time1,0.7651822294612621,8,,,time1,TIME1,0.815128948209777,0.9489576163772393,0.0,6
0.003549615504280813,False,99,time0,0.648069719773917,2,,,time0,TIME0,0.7772174922721289,0.954402016820176,0.0,2
3.197324120418545e-05,True,99,excluido,0.9926541597929562,10,,,excluir,EXCLUÍDO,0.647739698898345,0.0,0.0,11
3.600649024974292e-05,False,100,goleiro_time1,0.9937797477190701,9,,,goleiro1,GOL-TIME1,0.8818920744245912,0.935501898940498,0.0,3
3.7856208435054364e-05,False,100,time1,0.9939174725085352,7,,,time1,TIME1,0.8811283935137739,0.9321440779826162,0.0,10
0.0002933820173366319,False,100,time0,0.9835219277799921,3,,,time0,TIME0,0.879449331298788,0.9388347417135526,0.0,5
2.2775669605940287e-05,False,100,time0,0.9980589191059388,0,,,time0,TIME0,0.8747685459379058,0.9019532931567775,0.0,1
0.00025694927368620876,False,100,time0,0.9696637283745054,4,,,time0,TIME0,0.8696191802678228,0.916820778265454,0.0,7
0.0008272068204448208,False,100,time0,0.9186484813429089,5,,,time0,TIME0,0.8594767103354086,0.9392202483435876,0.0,8
0.000425465197162,False,100,time0,0.9061933944381794,2,,,time0,TIME0,0.8574148131599874,0.954402016820176,0.0,2
0.0009426179472551898,False,100,time1,0.8853184209915113,6,,,time1,TIME1,0.8496165621872411,0.9411766553194483,0.0,4
0.0015257909416149871,False,100,time0,0.8619131203097227,1,,,time0,TIME0,0.8446177112603892,0.951307801586931,0.0,9
0.0023108606196203013,False,100,time1,0.7424460479064405,8,,,time1,TIME1,0.8075240100765289,0.9489576163772393,0.0,6
5.135233481785561e-06,True,100,excluido,0.998863348294102,10,,,excluir,EXCLUÍDO,0.6496360373328126,0.0,0.0,11
2.1181122575362372e-05,False,101,time1,0.9950224088640105,7,,,time1,TIME1,0.8815115435727805,0.9321440779826162,0.0,10
5.73841484539813e-05,False,101,goleiro_time1,0.9895130614717145,9,,,goleiro1,GOL-TIME1,0.8806145292938862,0.935501898940498,0.0,3
0.00010127120898814817,False,101,time0,0.9624705885679458,2,,,time0,TIME0,0.8768922040024681,0.954402016820176,0.0,2
0.00032114967162307336,False,101,time0,0.9634947199842181,3,,,time0,TIME0,0.8733138006311064,0.9388347417135526,0.0,5
2.745513652521028e-05,False,101,time0,0.992550243196765,0,,,time0,TIME0,0.8732071918912707,0.9019532931567775,0.0,1
0.00020568795195340561,False,101,time0,0.9594567983712176,4,,,time0,TIME0,0.8665929870820652,0.916820778265454,0.0,7
0.0008905115383306252,False,101,time1,0.8923809881575152,6,,,time1,TIME1,0.8520880517683864,0.9411766553194483,0.0,4
0.0012148808385620497,False,101,time0,0.8726470702200789,5,,,time0,TIME0,0.8451741261202224,0.9392202483435876,0.0,8
0.001944005696276998,False,101,time0,0.8309112031302209,1,,,time0,TIME0,0.8349979741339145,0.951307801586931,0.0,9
0.0021123168385278612,False,101,time1,0.7878354543697782,8,,,time1,TIME1,0.821461759180729,0.9489576163772393,0.0,6
6.3894744899898966e-06,True,101,excluido,0.9979264843511665,10,,,excluir,EXCLUÍDO,0.6493644240631274,0.0,0.0,11
0.0,False,102,time1,1.0,6,,,time1,TIME1,0.8846627915039155,0.9410798338474726,0.0,4
4.1836001412993505e-05,False,102,time1,0.9936408201763658,7,,,time1,TIME1,0.8806967947341346,0.9306278402000483,0.0,10
0.00012501399141217758,False,102,goleiro_time1,0.9819744538995991,9,,,goleiro1,GOL-TIME1,0.8782840358017432,0.9356495396441302,0.0,3
0.0003040730025646174,False,102,time0,0.970168448233341,3,,,time0,TIME0,0.8751656346271811,0.9378680866075348,0.0,5
5.401371786592043e-05,False,102,time0,0.994924537924861,0,,,time0,TIME0,0.8726105323738297,0.8969510121477561,0.0,1
0.00022050580013882734,False,102,time0,0.9263343492358216,2,,,time0,TIME0,0.8660995690731463,0.9544384164192456,0.0,2
0.00042411957169191655,False,102,time0,0.949977379934225,4,,,time0,TIME0,0.8636013347411692,0.9174005719205067,0.0,7
0.001422403336550369,False,102,time1,0.8625203049804325,8,,,time1,TIME1,0.8445206838707038,0.9507009352489313,0.0,6
0.0015684375892798007,False,102,time0,0.8477127386941797,5,,,time0,TIME0,0.8369100679457566,0.9380901514745448,0.0,8
0.0019936201310238183,False,102,time0,0.8072747917177976,1,,,time0,TIME0,0.8275756147533291,0.949392441862108,0.0,9
2.4911125200913817e-05,True,102,excluido,0.9955521655048359,10,,,excluir,EXCLUÍDO,0.6486303459729108,0.0,0.0,11
7.734711540340037e-05,False,103,time1,0.9888548290547833,7,,,time1,TIME1,0.8791882540768685,0.9306278402000483,0.0,10
9.616791906595762e-05,False,103,goleiro_time1,0.983481827088338,9,,,goleiro1,GOL-TIME1,0.8787963946506268,0.9356495396441302,0.0,3
0.0002766875913449962,False,103,time0,0.9725644761852488,3,,,time0,TIME0,0.8759352240300655,0.9378680866075348,0.0,5
0.0001244555801789847,False,103,time0,0.9827918161243584,0,,,time0,TIME0,0.8688511206656439,0.8969510121477561,0.0,1
0.0009536278869142722,False,103,time0,0.8991046818984515,5,,,time0,TIME0,0.852919248860603,0.9380901514745448,0.0,8
0.0007941076503132377,False,103,time0,0.9136680930534847,4,,,time0,TIME0,0.8519847491572577,0.9174005719205067,0.0,7
0.0011389917018110084,False,103,time0,0.8587730524756044,2,,,time0,TIME0,0.8445732076809076,0.9544384164192456,0.0,2
0.0015133952979108941,False,103,time1,0.8504112301852669,8,,,time1,TIME1,0.8412821434550426,0.9507009352489313,0.0,6
0.0007302491378402131,False,103,time1,0.8250279546139317,6,,,time1,TIME1,0.8316165848540292,0.9410798338474726,0.0,4
0.002745652481660633,False,103,time0,0.7233774320131245,1,,,time0,TIME0,0.8013180604883967,0.949392441862108,0.0,9
1.332840277850741e-05,True,103,excluido,0.996764959238106,10,,,excluir,EXCLUÍDO,0.648992204733315,0.0,0.0,11
4.154252414562595e-05,False,104,time1,0.9960500305741188,7,,,time1,TIME1,0.8813532712101146,0.9306278402000483,0.0,10
7.232793341463671e-05,False,104,goleiro_time1,0.9851627485115352,9,,,goleiro1,GOL-TIME1,0.8793161262022082,0.9356495396441302,0.0,3
0.0003312472656464581,False,104,time0,0.9678271746798665,3,,,time0,TIME0,0.8741440793149742,0.9378680866075348,0.0,5
8.43212059827924e-05,False,104,time0,0.9962982280985904,0,,,time0,TIME0,0.8729588113350278,0.8969510121477561,0.0,1
0.00023400662322962785,False,104,time1,0.9272651196452494,6,,,time1,TIME1,0.8627741076903804,0.9410798338474726,0.0,4
0.000570354344126917,False,104,time0,0.9381059541938254,4,,,time0,TIME0,0.8595305607359617,0.9174005719205067,0.0,7
0.0007914258355945094,False,104,time0,0.9172464299669284,5,,,time0,TIME0,0.8587852700057256,0.9380901514745448,0.0,8
0.001184842504710309,False,104,time1,0.8722759353713967,8,,,time1,TIME1,0.848026775766827,0.9507009352489313,0.0,6
0.0010979503279029577,False,104,time0,0.8742559937937646,1,,,time0,TIME0,0.8474844548667928,0.949392441862108,0.0,9
0.003183681474978113,False,104,time0,0.6562700042994929,2,,,time0,TIME0,0.781018889452386,0.9544384164192456,0.0,2
1.9439088608594134e-05,True,104,excluido,0.9960589263557845,10,,,excluir,EXCLUÍDO,0.6487955727918054,0.0,0.0,11
1.5499640550542026e-05,False,105,time1,0.9943625960696293,7,,,time1,TIME1,0.8803886573344486,0.9285210099832666,0.0,10
8.501802781351036e-05,False,105,time1,0.9758434636312462,6,,,time1,TIME1,0.8777456125907461,0.9409949772809083,0.0,4
0.00020532981944700816,False,105,goleiro_time1,0.967426864395215,9,,,goleiro1,GOL-TIME1,0.8739500887419192,0.9361409203307447,0.0,3
0.0005189230308941937,False,105,time0,0.9523545400532413,3,,,time0,TIME0,0.8690969616652848,0.9360540499787386,0.0,5
0.00039060858151986435,False,105,time0,0.9579509501796036,4,,,time0,TIME0,0.8663270929214004,0.9177067987063131,0.0,7
0.0006182464655317124,False,105,time0,0.9279400366524799,1,,,time0,TIME0,0.864598128619555,0.9484246114265704,0.0,9
0.00016301828447419552,False,105,time0,0.967584422447872,0,,,time0,TIME0,0.8629001620668467,0.8917221921505596,0.0,1
0.0010854319118554173,False,105,time0,0.9016165631964641,5,,,time0,TIME0,0.8537761725893874,0.9386084373818987,0.0,8
0.000594689648963654,False,105,time0,0.8451685767621804,2,,,time0,TIME0,0.8394044820308715,0.9558270923480434,0.0,2
0.0019158985409482628,False,105,time1,0.7932118495161916,8,,,time1,TIME1,0.8236269569829351,0.9517145439066126,0.0,6
5.959707555379608e-05,True,105,excluido,0.9876768649247324,10,,,excluir,EXCLUÍDO,0.6462090656982481,0.0,0.0,11
6.503238349321483e-05,False,106,time1,0.981804185078466,7,,,time1,TIME1,0.8765577278089233,0.9285210099832666,0.0,10
0.0001991405713660537,False,106,goleiro_time1,0.9729418657180896,9,,,goleiro1,GOL-TIME1,0.8755483170900711,0.9361409203307447,0.0,3
0.00011491298563668669,False,106,time0,0.9769603739765439,0,,,time0,TIME0,0.8657247008212076,0.8917221921505596,0.0,1
0.0005463975535275609,False,106,time0,0.956117459834518,4,,,time0,TIME0,0.8656104850255202,0.9177067987063131,0.0,7
0.0006833090601532425,False,106,time0,0.9406631388504639,3,,,time0,TIME0,0.865477434277957,0.9360540499787386,0.0,5
0.0011159972536012623,False,106,time1,0.907914412238258,6,,,time1,TIME1,0.8558291479340259,0.9409949772809083,0.0,4
0.0011083630460632533,False,106,time0,0.9001424902037489,5,,,time0,TIME0,0.8535762690935416,0.9386084373818987,0.0,8
0.0012283161915250737,False,106,time0,0.8684858921729448,1,,,time0,TIME0,0.8461186712831016,0.9484246114265704,0.0,9
0.001885245635126058,False,106,time1,0.7758216512819754,8,,,time1,TIME1,0.8188428219754283,0.9517145439066126,0.0,6
0.002114619276558862,False,106,time0,0.7769159272986782,2,,,time0,TIME0,0.8182918670463586,0.9558270923480434,0.0,2
2.4576499222619352e-05,True,106,excluido,0.9949258366260714,10,,,excluir,EXCLUÍDO,0.6484213007639893,0.0,0.0,11
8.199198760022244e-05,False,107,time1,0.9886740185263173,7,,,time1,TIME1,0.8786164761361044,0.9285210099832666,0.0,10
0.00011049023879492331,False,107,time1,0.9752546439623068,6,,,time1,TIME1,0.8769792035016062,0.9409949772809083,0.0,4
0.0004000920601641449,False,107,time0,0.9554536542677693,1,,,time0,TIME0,0.8727786522971924,0.9484246114265704,0.0,9
0.0002478791116874104,False,107,goleiro_time1,0.961679722860608,9,,,goleiro1,GOL-TIME1,0.872244855346846,0.9361409203307447,0.0,3
0.00014027713032136984,False,107,time0,0.9848056557512571,0,,,time0,TIME0,0.8682134883442371,0.8917221921505596,0.0,1
0.0005587251651190245,False,107,time0,0.9431665168996121,4,,,time0,TIME0,0.8614981477997837,0.9177067987063131,0.0,7
0.0009134716914560034,False,107,time0,0.9245803079800881,3,,,time0,TIME0,0.8603987326501554,0.9360540499787386,0.0,5
0.0009104645807595125,False,107,time0,0.9069199289066003,2,,,time0,TIME0,0.8593722193096147,0.9558270923480434,0.0,2
0.0012019040047891408,False,107,time0,0.8890135707815925,5,,,time0,TIME0,0.850058792159527,0.9386084373818987,0.0,8
0.001852388103288624,False,107,time1,0.7485030646102548,8,,,time1,TIME1,0.8107081498565993,0.9517145439066126,0.0,6
9.360690446966382e-06,True,107,excluido,0.997633952669511,10,,,excluir,EXCLUÍDO,0.6492708382874934,0.0,0.0,11
8.86749758214732e-05,False,108,time1,0.9825318402001902,7,,,time1,TIME1,0.8760401341448196,0.9256503366986168,0.0,10
0.00012836932911917414,False,108,goleiro_time1,0.9665715132415713,9,,,goleiro1,GOL-TIME1,0.8738541445887172,0.9365760900575385,0.0,3
8.976482134834318e-05,False,108,time0,0.9900122128030762,0,,,time0,TIME0,0.8683994184093622,0.8865274769022051,0.0,1
0.00033085233948630644,False,108,time1,0.9400591626756098,6,,,time1,TIME1,0.8670780292492298,0.9420711932949545,0.0,4
0.0004290339405973899,False,108,time0,0.9471392699881368,4,,,time0,TIME0,0.8630125829037099,0.9180431981232331,0.0,7
0.000981607906915454,False,108,time0,0.9058240526806041,2,,,time0,TIME0,0.8593910707604946,0.9572167529400162,0.0,2
0.0013615029780335763,False,108,time0,0.9038579957647469,3,,,time0,TIME0,0.8529499227086504,0.9334877355973382,0.0,5
0.0009877148670868747,False,108,time0,0.8959832733297834,5,,,time0,TIME0,0.8527034570721933,0.9398107158672167,0.0,8
0.0011541367357550993,False,108,time0,0.8762992805745069,1,,,time0,TIME0,0.8479279023519782,0.9464148691796979,0.0,9
0.00115575509846418,False,108,time1,0.8196828324716199,8,,,time1,TIME1,0.832111533106349,0.9517145439066126,0.0,6
1.730993928543295e-06,True,108,excluido,0.9975826765403341,10,,,excluir,EXCLUÍDO,0.6492660936325213,0.0,0.0,11
0.0,False,109,time1,1.0,8,,,time1,TIME1,0.8871406211367913,0.9517145439066126,0.0,6
9.089602644256672e-05,False,109,time1,0.9857097112296964,7,,,time1,TIME1,0.8769434526601305,0.9256503366986168,0.0,10
0.0002528627302824729,False,109,time1,0.9683881979617895,6,,,time1,TIME1,0.8756331283491812,0.9420711932949545,0.0,4
0.0002877904219796375,False,109,time0,0.9714773110337175,4,,,time0,TIME0,0.8705133897769182,0.9180431981232331,0.0,7
0.000301301695939343,False,109,goleiro_time1,0.9546316151579167,9,,,goleiro1,GOL-TIME1,0.8701409354169966,0.9365760900575385,0.0,3
0.000979260520001687,False,109,time0,0.9562219459155847,3,,,time0,TIME0,0.868935833145477,0.9334877355973382,0.0,5
7.784849076588216e-05,False,109,time0,0.9908530996115684,0,,,time0,TIME0,0.8687400057982995,0.8865274769022051,0.0,1
0.0008655486740358528,False,109,time0,0.9116730902420616,2,,,time0,TIME0,0.8617650688471012,0.9572167529400162,0.0,2
0.0009762340295385856,False,109,time0,0.9151918803359197,5,,,time0,TIME0,0.8582543263388184,0.9398107158672167,0.0,8
0.0015465587459594806,False,109,time0,0.8307564670769716,1,,,time0,TIME0,0.8339312773931669,0.9464148691796979,0.0,9
1.3963814656701618e-05,True,109,excluido,0.9975673074789028,10,,,excluir,EXCLUÍDO,0.6492472476317306,0.0,0.0,11
0.00012116786872563091,False,110,time1,0.9782213668090445,7,,,time1,TIME1,0.8746956203273526,0.9256503366986168,0.0,10
0.0002217292366877565,False,110,goleiro_time1,0.969223457964166,9,,,goleiro1,GOL-TIME1,0.8744958924950529,0.9365760900575385,0.0,3
0.00019919375157639207,False,110,time0,0.9775333737271386,4,,,time0,TIME0,0.8725275659211711,0.9180431981232331,0.0,7
0.0002669550674800612,False,110,time1,0.9574262075231041,6,,,time1,TIME1,0.8721556334858647,0.9420711932949545,0.0,4
0.0005586884856131102,False,110,time0,0.9494042767720964,5,,,time0,TIME0,0.8689756866974873,0.9398107158672167,0.0,8
0.0001289682121031874,False,110,time0,0.9880770446365503,0,,,time0,TIME0,0.8678021940385157,0.8865274769022051,0.0,1
0.000721224457414101,False,110,time0,0.9141636003231837,2,,,time0,TIME0,0.8624158676965343,0.9572167529400162,0.0,2
0.0010920269174582284,False,110,time0,0.9032393099583823,3,,,time0,TIME0,0.8528018688965253,0.9334877355973382,0.0,5
0.0012471430767308834,False,110,time0,0.856897464856968,1,,,time0,TIME0,0.8422057283658095,0.9464148691796979,0.0,9
0.0033797805644647477,False,110,time1,0.5581561081008181,8,,,time1,TIME1,0.7499985447816138,0.9517145439066126,0.0,6
1.7445073285065204e-05,True,110,excluido,0.9968964997045474,10,,,excluir,EXCLUÍDO,0.6490506988261108,0.0,0.0,11
7.287480303289807e-05,False,111,time1,0.9896867406849039,7,,,time1,TIME1,0.878226131327681,0.9256785526314455,0.0,10
0.00010896982761564051,False,111,time1,0.9749483482580299,6,,,time1,TIME1,0.878010460403965,0.9434383350969221,0.0,4
0.000239856116606422,False,111,time0,0.9773015245861763,4,,,time0,TIME0,0.8725810747131674,0.9190322855707667,0.0,7
0.0003302764002181296,False,111,goleiro_time1,0.9531369433725846,9,,,goleiro1,GOL-TIME1,0.8697925095504548,0.9378200092533827,0.0,3
0.00013278686320957833,False,111,time0,0.9858842037192641,0,,,time0,TIME0,0.8661347793135157,0.8820750434354419,0.0,1
0.0007469681943990983,False,111,time0,0.9185134508719974,3,,,time0,TIME0,0.8570353729324325,0.9321880751985006,0.0,5
0.0011787118017881721,False,111,time0,0.8784936063984733,2,,,time0,TIME0,0.8512577553544366,0.957769549590858,0.0,2
0.0015777529662050675,False,111,time0,0.8714500158382538,5,,,time0,TIME0,0.8444911266401894,0.9407824527453376,0.0,8
0.0017890465029674122,False,111,time0,0.8021177107538792,1,,,time0,TIME0,0.8250477118238625,0.945667636793018,0.0,9
0.0028321093747048524,False,111,time1,0.6789629509632561,8,,,time1,TIME1,0.7884161259435407,0.9526666453755352,0.0,6
2.1922263890340086e-05,True,111,excluido,0.995947913015271,10,,,excluir,EXCLUÍDO,0.6487381905554428,0.0,0.0,11
0.00030237080460861627,False,112,goleiro_time1,0.9658506174027122,9,,,goleiro1,GOL-TIME1,0.8737638180383555,0.9378200092533827,0.0,3
9.085963230625239e-05,False,112,time1,0.9715428228394727,7,,,time1,TIME1,0.8727858770270053,0.9256785526314455,0.0,10
0.0001315760463385139,False,112,time0,0.9741831319379158,4,,,time0,TIME0,0.8717821739567485,0.9190322855707667,0.0,7
0.00014711118686729037,False,112,time0,0.9937264360347847,0,,,time0,TIME0,0.868345957484059,0.8820750434354419,0.0,1
0.0002758527394095531,False,112,time1,0.941482399927547,6,,,time1,TIME1,0.867920395401285,0.9434383350969221,0.0,4
0.000515211754855946,False,112,time0,0.9494021685637135,3,,,time0,TIME0,0.8672283160751662,0.9321880751985006,0.0,5
0.0011337610926564112,False,112,time0,0.8945832724829914,2,,,time0,TIME0,0.8557990058599781,0.957769549590858,0.0,2
0.0014046282349083421,False,112,time0,0.8868817603447758,5,,,time0,TIME0,0.849848515936394,0.9407824527453376,0.0,8
0.001659661397586423,False,112,time0,0.8087342002772079,1,,,time0,TIME0,0.8274259813636433,0.945667636793018,0.0,9
0.0006529367550879006,False,112,time1,0.80429204617589,8,,,time1,TIME1,0.826732508780049,0.9526666453755352,0.0,6
1.9915337177799836e-05,True,112,excluido,0.9964346399115249,10,,,excluir,EXCLUÍDO,0.6488839321948585,0.0,0.0,11
0.00012483280074084585,False,113,goleiro_time1,0.9805410203828916,9,,,goleiro1,GOL-TIME1,0.8783227700586673,0.9378200092533827,0.0,3
0.00010172546665890398,False,113,time1,0.9847448007491968,7,,,time1,TIME1,0.8767080961722314,0.9256785526314455,0.0,10
0.0002114136076069124,False,113,time1,0.9636534805417257,6,,,time1,TIME1,0.8746039954349725,0.9434383350969221,0.0,4
0.0001330349698813263,False,113,time0,0.9892747422072992,0,,,time0,TIME0,0.8671148469915878,0.8820750434354419,0.0,1
0.0006511210941789572,False,113,time0,0.9431650680314406,3,,,time0,TIME0,0.8652574145347445,0.9321880751985006,0.0,5
0.0004978687915699048,False,113,time0,0.9495866779134935,4,,,time0,TIME0,0.8638995069087892,0.9190322855707667,0.0,7
0.0015866699925349832,False,113,time0,0.8901646491093788,2,,,time0,TIME0,0.8545476861421567,0.957769549590858,0.0,2
0.0019893352747727532,False,113,time0,0.8438594943486505,5,,,time0,TIME0,0.8361060091201329,0.9407824527453376,0.0,8
0.001341476678057607,False,113,time1,0.7807919589072118,8,,,time1,TIME1,0.8199219952071521,0.9526666453755352,0.0,6
0.001764835593910069,False,113,time0,0.7755873887591,1,,,time0,TIME0,0.8173418425750434,0.945667636793018,0.0,9
5.3040490211458915e-06,True,113,excluido,0.9975317601443453,10,,,excluir,EXCLUÍDO,0.6492420426375656,0.0,0.0,11
0.0,False,114,time1,1.0,8,,,time1,TIME1,0.8872520181542991,0.9526666453755352,0.0,6
0.00028225635713399413,False,114,time0,0.9746037180653582,2,,,time0,TIME0,0.8807776259462985,0.9582066297080627,0.0,2
0.0004392221680057205,False,114,time0,0.9694086652063153,3,,,time0,TIME0,0.8733527859064634,0.9324505298418904,0.0,5
0.00014791079248636563,False,114,time1,0.9738004363884749,7,,,time1,TIME1,0.8732913353221765,0.9253720104781851,0.0,10
0.00032554527664510765,False,114,goleiro_time1,0.9363250994724046,9,,,goleiro1,GOL-TIME1,0.8649742369632625,0.9381915287067688,0.0,3
0.0002313524576543619,False,114,time0,0.9749804693508092,0,,,time0,TIME0,0.861841475454455,0.8787725183488541,0.0,1
0.0004308595957838784,False,114,time1,0.9115987087038696,6,,,time1,TIME1,0.8587789491300265,0.9439640347633946,0.0,4
0.0006573037470513793,False,114,time0,0.9263065679045009,4,,,time0,TIME0,0.8566701404115431,0.9184947383551365,0.0,7
0.0012398371076482897,False,114,time0,0.8268142161524064,1,,,time0,TIME0,0.8331875885961557,0.9465463241980749,0.0,9
0.002754104495056648,False,114,time0,0.7889605439476851,5,,,time0,TIME0,0.8185961802277562,0.9397490354921934,0.0,8
4.842418034081907e-05,True,114,excluido,0.9918324947529343,10,,,excluir,EXCLUÍDO,0.6474691138872757,0.0,0.0,11
0.0,False,115,time1,1.0,8,,,time1,TIME1,0.8881666613438839,0.9526666453755352,0.0,6
0.00042775411501550957,False,115,time0,0.968420773215117,2,,,time0,TIME0,0.8795633871225942,0.9582066297080627,0.0,2
0.0001417686747802305,False,115,time0,0.9787663939272623,3,,,time0,TIME0,0.8763082613914577,0.9324505298418904,0.0,5
0.00018929005668385707,False,115,goleiro_time1,0.9621561907654828,9,,,goleiro1,GOL-TIME1,0.8729297315355503,0.9381915287067688,0.0,3
0.00027100934509436206,False,115,time1,0.963850416963932,7,,,time1,TIME1,0.8701326754865022,0.9253720104781851,0.0,10
0.00013226965934661901,False,115,time0,0.9838450506773673,0,,,time0,TIME0,0.8645808780815154,0.8787725183488541,0.0,1
0.0006300406769500325,False,115,time0,0.9122368576673701,1,,,time0,TIME0,0.8592897846548777,0.9465463241980749,0.0,9
0.0012426842084393122,False,115,time0,0.8647143511415752,4,,,time0,TIME0,0.8374640256241014,0.9184947383551365,0.0,7
0.0021367059196803232,False,115,time0,0.8175162135396362,5,,,time0,TIME0,0.8278285644660801,0.9397490354921934,0.0,8
0.002370704933053952,False,115,time1,0.7750210263951416,6,,,time1,TIME1,0.8148482015645689,0.9439640347633946,0.0,4
6.746235002766241e-05,True,115,excluido,0.987198701192224,10,,,excluir,EXCLUÍDO,0.6460286065857594,0.0,0.0,11
0.0,False,116,time1,1.0,8,,,time1,TIME1,0.8881666613438839,0.9526666453755352,0.0,6
0.00022550889996524685,False,116,time0,0.9700266912739194,2,,,time0,TIME0,0.8802034632345732,0.9582066297080627,0.0,2
9.170648878953362e-05,False,116,time1,0.9873646426899021,7,,,time1,TIME1,0.8772318575861631,0.9253720104781851,0.0,10
0.0003036746519692662,False,116,goleiro_time1,0.9691739441746198,9,,,goleiro1,GOL-TIME1,0.8749349450052235,0.9381915287067688,0.0,3
0.0003129644090460036,False,116,time0,0.967816101598884,3,,,time0,TIME0,0.8729825085249503,0.9324505298418904,0.0,5
0.0003551309255296656,False,116,time0,0.9557752641939341,4,,,time0,TIME0,0.8654248759071798,0.9184947383551365,0.0,7
0.00045556098542653164,False,116,time0,0.9134966176390128,1,,,time0,TIME0,0.8600725667226639,0.9465463241980749,0.0,9
0.0004187255028304647,False,116,time0,0.9534258156257287,0,,,time0,TIME0,0.8550127388251804,0.8787725183488541,0.0,1
0.0014415676935035395,False,116,time1,0.8138394393198694,6,,,time1,TIME1,0.8264948500403428,0.9439640347633946,0.0,4
0.0025013848300669524,False,116,time0,0.7613384471875415,5,,,time0,TIME0,0.8108019256245194,0.9397490354921934,0.0,8
2.6037564622818093e-05,True,116,excluido,0.9941135139359255,10,,,excluir,EXCLUÍDO,0.6481484661563017,0.0,0.0,11
0.0,False,117,time1,1.0,8,,,time1,TIME1,0.8881666613438839,0.9526666453755352,0.0,6
0.00015011543118468839,False,117,time0,0.9853052185201834,2,,,time0,TIME0,0.8851021066962121,0.95882467495528,0.0,2
0.0002148492927101631,False,117,time1,0.970018733069215,7,,,time1,TIME1,0.8720119276135353,0.9255243357371793,0.0,10
0.00029730819570828604,False,117,goleiro_time1,0.9518947040074901,9,,,goleiro1,GOL-TIME1,0.869703605521997,0.9377457120599847,0.0,3
0.0005755804888326616,False,117,time0,0.9447402459215548,3,,,time0,TIME0,0.865652302587681,0.932491274598579,0.0,5
0.0003867727321389161,False,117,time0,0.9522184210280541,4,,,time0,TIME0,0.8651153575313613,0.9197966116866374,0.0,7
4.0575593647003466e-05,False,117,time0,0.9770229650496475,0,,,time0,TIME0,0.8620893211834499,0.8771352843276857,0.0,1
0.0007273747430323415,False,117,time0,0.8971849114974543,1,,,time0,TIME0,0.854676129907202,0.9463504041363358,0.0,9
0.001694058555489537,False,117,time0,0.8117997001465144,5,,,time0,TIME0,0.826073074657682,0.9389663361074865,0.0,8
0.002741070333701881,False,117,time1,0.7395759932057048,6,,,time1,TIME1,0.8026147080636965,0.9442964149265372,0.0,4
2.9738794065760693e-06,True,117,excluido,0.9960716930608592,10,,,excluir,EXCLUÍDO,0.6487998715475773,0.0,0.0,11
0.0,False,118,time1,1.0,8,,,time1,TIME1,0.8881666613438839,0.9526666453755352,0.0,6
0.0001403809541233803,False,118,time0,0.9607036725793676,2,,,time0,TIME0,0.8777361836293573,0.95882467495528,0.0,2
0.0002018178962697427,False,118,time1,0.9730097136220164,7,,,time1,TIME1,0.8730624994412534,0.9255243357371793,0.0,10
0.0005078297886781109,False,118,goleiro_time1,0.9374238448750593,9,,,goleiro1,GOL-TIME1,0.8650181666453858,0.9377457120599847,0.0,3
0.0004250531488258509,False,118,time0,0.9497446931188316,4,,,time0,TIME0,0.8644069124024263,0.9197966116866374,0.0,7
0.0006127196807816412,False,118,time0,0.9198777339332618,1,,,time0,TIME0,0.8617512010954796,0.9463504041363358,0.0,9
0.0003206656847815489,False,118,time0,0.965373181038916,0,,,time0,TIME0,0.8583651152182857,0.8771352843276857,0.0,1
0.0003488979461429046,False,118,time0,0.90629812098706,3,,,time0,TIME0,0.85420707803581,0.932491274598579,0.0,5
0.0016451590413476187,False,118,time0,0.8160985788601707,5,,,time0,TIME0,0.8277502063233784,0.9389663361074865,0.0,8
0.001968112096645291,False,118,time1,0.8160939351735165,6,,,time1,TIME1,0.8259182024559378,0.9442964149265372,0.0,4
6.001287412210455e-06,True,118,excluido,0.9988097935662011,10,,,excluir,EXCLUÍDO,0.6496314040610015,0.0,0.0,11
0.0,False,119,time1,1.0,8,,,time1,TIME1,0.8881666613438839,0.9526666453755352,0.0,6
0.0004314149630746718,False,119,time0,0.9582741366037214,2,,,time0,TIME0,0.8765658962305829,0.95882467495528,0.0,2
0.0002856958598483376,False,119,goleiro_time1,0.964025331902085,9,,,goleiro1,GOL-TIME1,0.8732061056353059,0.9377457120599847,0.0,3
0.0003226314881493489,False,119,time1,0.9581224186718029,7,,,time1,TIME1,0.8684066140108823,0.9255243357371793,0.0,10
0.0004325842935474494,False,119,time0,0.9492613050714979,4,,,time0,TIME0,0.8640934515547356,0.9197966116866374,0.0,7
0.00027185845282670955,False,119,time0,0.9760422843661599,0,,,time0,TIME0,0.8616482976860113,0.8771352843276857,0.0,1
0.0004290265844032577,False,119,time0,0.9244357307330289,3,,,time0,TIME0,0.8597727469499525,0.932491274598579,0.0,5
0.0006001304930733118,False,119,time1,0.8860686036371931,6,,,time1,TIME1,0.8504106359798497,0.9442964149265372,0.0,4
0.0011429156479582363,False,119,time0,0.8665662780350035,1,,,time0,TIME0,0.8450129437148295,0.9463504041363358,0.0,9
0.0025633795873411212,False,119,time0,0.7427755870086777,5,,,time0,TIME0,0.8043314897876104,0.9389663361074865,0.0,8
2.3348425417690937e-05,True,119,excluido,0.9962639645371583,10,,,excluir,EXCLUÍDO,0.6488399989057786,0.0,0.0,11
0.0,False,120,time1,1.0,8,,,time1,TIME1,0.8881666613438839,0.9526666453755352,0.0,6
0.0003215608828750626,False,120,time0,0.9413595027573809,2,,,time0,TIME0,0.8717885841771529,0.9590430340162016,0.0,2
0.0003831155114444466,False,120,goleiro_time1,0.951569624145752,9,,,goleiro1,GOL-TIME1,0.8694229130455263,0.9375635937803395,0.0,3
0.00048796923136579587,False,120,time1,0.9377212374871259,7,,,time1,TIME1,0.8620126001257751,0.9253692776142508,0.0,10
0.0007011031864352665,False,120,time0,0.9213910691793938,1,,,time0,TIME0,0.8610618133165594,0.9429463649184457,0.0,9
0.0006389873309859701,False,120,time0,0.9285091681135004,3,,,time0,TIME0,0.8607579585752465,0.9325177373207989,0.0,5
0.00026907806510661,False,120,time0,0.9715685864908971,0,,,time0,TIME0,0.860030987766388,0.876133903576763,0.0,1
0.0008954640326146526,False,120,time0,0.9157082770612914,4,,,time0,TIME0,0.8537218393875651,0.9206552789410121,0.0,7
0.0013357966815400932,False,120,time0,0.8472650723413406,5,,,time0,TIME0,0.8367440163321552,0.9386947931416633,0.0,8
0.0028996053476129362,False,120,time1,0.7755188430977681,6,,,time1,TIME1,0.8147366760322929,0.9453679499850158,0.0,4
5.355886012631138e-06,True,120,excluido,0.9977072733015745,10,,,excluir,EXCLUÍDO,0.6492949874091454,0.0,0.0,11
0.0,False,121,time1,1.0,8,,,time1,TIME1,0.8881666613438839,0.9526666453755352,0.0,6
0.0007029976347199844,False,121,time0,0.9413580381476454,2,,,time0,TIME0,0.8712640377743519,0.9590430340162016,0.0,2
0.000859993580621466,False,121,time0,0.9317272305249598,3,,,time0,TIME0,0.8616151400223263,0.9325177373207989,0.0,5
0.00044598012599165294,False,121,goleiro_time1,0.9245165209363907,9,,,goleiro1,GOL-TIME1,0.8611369978553989,0.9375635937803395,0.0,3
0.0007996409795394679,False,121,time1,0.8865982829153035,7,,,time1,TIME1,0.8463680072437418,0.9253692776142508,0.0,10
0.0012492335549061306,False,121,time0,0.8786685557371601,4,,,time0,TIME0,0.8423741969374282,0.9206552789410121,0.0,7
0.0013562437558204234,False,121,time0,0.8541705541921123,1,,,time0,TIME0,0.8402824649948322,0.9429463649184457,0.0,9
0.0010555856507690866,False,121,time0,0.8863824483956556,0,,,time0,TIME0,0.8330896690492187,0.876133903576763,0.0,1
0.0037188704716050224,False,121,time0,0.7231712110438829,5,,,time0,TIME0,0.7962019375228796,0.9386947931416633,0.0,8
0.0037702781942841497,False,121,time1,0.6075736222852631,6,,,time1,TIME1,0.7606690779110561,0.9453679499850158,0.0,4
0.0,True,121,excluido,1.0,10,,,excluir,EXCLUÍDO,0.6499963482595368,0.0,0.0,11
0.0,False,122,time1,1.0,8,,,time1,TIME1,0.8881666613438839,0.9526666453755352,0.0,6
0.0,False,122,time0,1.0,5,,,time0,TIME0,0.8821381047820488,0.9386947931416633,0.0,8
0.00021411166936819817,False,122,goleiro_time1,0.9643262816937685,9,,,goleiro1,GOL-TIME1,0.8731471844170124,0.9375635937803395,0.0,3
0.0008417233310157829,False,122,time0,0.9320889632589293,4,,,time0,TIME0,0.8586846144033132,0.9206552789410121,0.0,7
0.0012226204679718288,False,122,time0,0.922975732310996,3,,,time0,TIME0,0.8585362146617243,0.9325177373207989,0.0,5
0.0008310166694844399,False,122,time1,0.8918855134575152,7,,,time1,TIME1,0.8478492906547552,0.9253692776142508,0.0,10
0.0011173650998508623,False,122,time0,0.8768402436218452,1,,,time0,TIME0,0.8476098808168502,0.9429463649184457,0.0,9
0.0016409749395899782,False,122,time0,0.8657224239957476,2,,,time0,TIME0,0.8473389014538684,0.9590430340162016,0.0,2
0.000986128668702482,False,122,time0,0.8968939936802469,0,,,time0,TIME0,0.8368357663587427,0.876133903576763,0.0,1
0.004141969130382325,False,122,time1,0.6099928941668246,6,,,time1,TIME1,0.7603296240845936,0.9453679499850158,0.0,4
0.00025136538964995984,True,122,excluido,0.9381792982027244,10,,,excluir,EXCLUÍDO,0.6310538899772833,0.0,0.0,11
0.0,False,123,time1,1.0,8,,,time1,TIME1,0.8881666613438839,0.9526666453755352,0.0,6
0.0,False,123,time0,1.0,5,,,time0,TIME0,0.8847494021655715,0.938997608662286,0.0,8
0.0,False,123,time1,1.0,6,,,time1,TIME1,0.8837453753195559,0.9462777807247209,0.0,4
0.00017831523651020917,False,123,goleiro_time1,0.9747822950654431,9,,,goleiro1,GOL-TIME1,0.8768400103544866,0.9384047941236425,0.0,3
0.0003233952640297631,False,123,time0,0.9697778434587117,0,,,time0,TIME0,0.8599858720077485,0.879194639726715,0.0,1
0.0011225820112646617,False,123,time0,0.9193535180436064,3,,,time0,TIME0,0.857995472764099,0.9335247097909525,0.0,5
0.0007298797046976574,False,123,time0,0.9264917082666666,4,,,time0,TIME0,0.8578579616696322,0.9227938444264707,0.0,7
0.0004908217605207642,False,123,time1,0.9183162508638549,7,,,time1,TIME1,0.8558220105139156,0.9250571277661639,0.0,10
0.0020410137053959447,False,123,time0,0.8404660241535592,2,,,time0,TIME0,0.8395694605371412,0.9590945733522956,0.0,2
0.0014023651651990418,False,123,time0,0.8424659756773248,1,,,time0,TIME0,0.836200239322816,0.9398435662181012,0.0,9
3.6483516451108503e-06,True,123,excluido,0.9985000007779953,10,,,excluir,EXCLUÍDO,0.6493743361540483,0.0,0.0,11
0.0,False,124,time1,1.0,8,,,time1,TIME1,0.8881666613438839,0.9526666453755352,0.0,6
0.00017490175950338167,False,124,goleiro_time1,0.9745412637020039,9,,,goleiro1,GOL-TIME1,0.8766938884986268,0.9384047941236425,0.0,3
0.0004950926653691646,False,124,time0,0.954798045427964,4,,,time0,TIME0,0.8664685290964786,0.9227938444264707,0.0,7
0.00022666978349786574,False,124,time0,0.9724670125417396,0,,,time0,TIME0,0.8612140573938023,0.879194639726715,0.0,1
0.001088125192090517,False,124,time0,0.9230092762116364,3,,,time0,TIME0,0.8584854976307226,0.9335247097909525,0.0,5
0.0007658000006451204,False,124,time1,0.9031451725876517,7,,,time1,TIME1,0.8512201534594523,0.9250571277661639,0.0,10
0.0020138201386460538,False,124,time0,0.8524705165596911,2,,,time0,TIME0,0.8435661679445576,0.9590945733522956,0.0,2
0.001505667844270713,False,124,time0,0.8221774403831043,1,,,time0,TIME0,0.8300981299942859,0.9398435662181012,0.0,9
0.0018250141322191877,False,124,time1,0.7796483393441379,6,,,time1,TIME1,0.8175605154104364,0.9462777807247209,0.0,4
0.002233411969713237,False,124,time0,0.705036763950989,5,,,time0,TIME0,0.7927072759445063,0.938997608662286,0.0,8
1.003552137923444e-05,True,124,excluido,0.9980499832089839,10,,,excluir,EXCLUÍDO,0.6493985721248975,0.0,0.0,11
0.0,False,125,time1,1.0,8,,,time1,TIME1,0.8881666613438839,0.9526666453755352,0.0,6
0.0,False,125,time1,1.0,7,,,time1,TIME1,0.8807421455774647,0.9250571277661639,0.0,10
8.383876013710767e-05,False,125,goleiro_time1,0.9835382728591179,9,,,goleiro1,GOL-TIME1,0.879509126468818,0.9384047941236425,0.0,3
0.0003281618241655528,False,125,time0,0.9636407001370173,4,,,time0,TIME0,0.8693107946257901,0.9227938444264707,0.0,7
0.001040438283135823,False,125,time0,0.9207858034322599,2,,,time0,TIME0,0.8643002660087055,0.9590945733522956,0.0,2
0.0008101548580521743,False,125,time1,0.924590125099593,6,,,time1,TIME1,0.8624404846682177,0.9462777807247209,0.0,4
0.001274950505198012,False,125,time0,0.9125163446943512,3,,,time0,TIME0,0.8551615355162737,0.9335247097909525,0.0,5
0.0017043309479052146,False,125,time0,0.796026192585504,1,,,time0,TIME0,0.8219497698840978,0.9398435662181012,0.0,9
0.0024016009484091323,False,125,time0,0.7855847398667308,0,,,time0,TIME0,0.8015683522638803,0.879194639726715,0.0,1
0.0038982276749647757,False,125,time0,0.6767621823137913,5,,,time0,TIME0,0.7828734773191127,0.938997608662286,0.0,8
1.084973792182742e-05,True,125,excluido,0.9981029813183087,10,,,excluir,EXCLUÍDO,0.6494158096379135,0.0,0.0,11
0.0,False,126,time0,1.0,5,,,time0,TIME0,0.8824660196212042,0.9404956085074481,0.0,8
6.070522912588987e-05,False,126,goleiro_time1,0.9915976206407792,9,,,goleiro1,GOL-TIME1,0.8820411669481079,0.9386996546446125,0.0,3
0.00047580746390273314,False,126,time0,0.9636849009343036,2,,,time0,TIME0,0.8781245108337685,0.959401295849003,0.0,2
0.0002042605332144283,False,126,time0,0.9507643807289404,3,,,time0,TIME0,0.8677612847087354,0.9338407665836573,0.0,5
0.0007004446294971293,False,126,time0,0.922899431249249,4,,,time0,TIME0,0.8569929916348464,0.9240606715686521,0.0,7
0.000913644993243283,False,126,time1,0.9034371209653598,6,,,time1,TIME1,0.8566706363147844,0.9464794764806994,0.0,4
0.0006807217598460195,False,126,time0,0.907944358991211,1,,,time0,TIME0,0.8552593803634506,0.9367932655696438,0.0,9
0.0010243826030905412,False,126,time1,0.8692960103387707,7,,,time1,TIME1,0.8404501892555098,0.9251643429988179,0.0,10
0.0013783840737928627,False,126,time0,0.8651866236644333,0,,,time0,TIME0,0.8259823328420376,0.8810265154395817,0.0,1
9.950856975087647e-06,True,126,excluido,0.9978950251418945,10,,,excluir,EXCLUÍDO,0.6493455106539441,0.0,0.0,11
0.01776926457808172,False,126,time1,0.0,8,,,time1,TIME1,0.5593978926307764,0.950668708747262,0.0,6
0.0,False,127,time0,1.0,5,,,time0,TIME0,0.885123902126862,0.9404956085074481,0.0,8
0.00012453429145619908,False,127,goleiro_time1,0.9735740479034709,9,,,goleiro1,GOL-TIME1,0.8765159664141629,0.9386996546446125,0.0,3
0.0005405397907739148,False,127,time1,0.9341117450261119,6,,,time1,TIME1,0.8660997057274913,0.9464794764806994,0.0,4
0.0002794025850358793,False,127,time1,0.9248936499479034,7,,,time1,TIME1,0.8579244264123306,0.9251643429988179,0.0,10
0.0007043921154655802,False,127,time0,0.9070091394616484,1,,,time0,TIME0,0.8554753800287543,0.9367932655696438,0.0,9
0.001633157994043251,False,127,time0,0.8927528698981547,3,,,time0,TIME0,0.8488194575840943,0.9338407665836573,0.0,5
0.0011458712145634286,False,127,time0,0.8991504410559868,0,,,time0,TIME0,0.838758910755161,0.8810265154395817,0.0,1
0.002000051981314015,False,127,time0,0.8238890302853272,2,,,time0,TIME0,0.8336716389782648,0.959401295849003,0.0,2
0.0014775552098456586,False,127,time0,0.8434078654082672,4,,,time0,TIME0,0.8321049455035899,0.9240606715686521,0.0,7
0.0013511760990489474,False,127,time1,0.8406863443372943,8,,,time1,TIME1,0.826987580391274,0.950668708747262,0.0,6
0.0,True,127,excluido,1.0,10,,,excluir,EXCLUÍDO,0.6499932153247897,0.0,0.0,11
8.119016878136085e-05,False,128,goleiro_time1,0.9877179370564784,9,,,goleiro1,GOL-TIME1,0.8807830871794086,0.9386996546446125,0.0,3
0.0005437966569442867,False,128,time1,0.93303050224306,7,,,time1,TIME1,0.8604337602770478,0.9251643429988179,0.0,10
0.0007595536279118016,False,128,time1,0.9119517533472885,6,,,time1,TIME1,0.8593653352225443,0.9464794764806994,0.0,4
0.0006858719581888961,False,128,time0,0.9169613742461387,1,,,time0,TIME0,0.8585478885746114,0.9367932655696438,0.0,9
0.0011064743812690945,False,128,time0,0.916132551647518,3,,,time0,TIME0,0.856893498930905,0.9338407665836573,0.0,5
0.0007177511162067495,False,128,time1,0.8825939155441876,8,,,time1,TIME1,0.8510372354416549,0.950668708747262,0.0,6
0.0010479414996859059,False,128,time0,0.8814143030781457,5,,,time0,TIME0,0.8478810133917145,0.9404956085074481,0.0,8
0.0011237473338799467,False,128,time0,0.8461239923621491,2,,,time0,TIME0,0.841888695077851,0.959401295849003,0.0,2
0.0011847613329129883,False,128,time0,0.8535683630134617,4,,,time0,TIME0,0.8352775562168453,0.9240606715686521,0.0,7
0.0011876429317178722,False,128,time0,0.8904333541566111,0,,,time0,TIME0,0.8347163748706566,0.8810265154395817,0.0,1
0.0,True,128,excluido,1.0,10,,,excluir,EXCLUÍDO,0.65,0.0,0.0,11
7.078171848197125e-05,False,129,goleiro_time1,0.978738439909574,9,,,goleiro1,GOL-TIME1,0.8781647218606571,0.9387069860162834,0.0,3
0.0003139433662878776,False,129,time1,0.943896216867362,6,,,time1,TIME1,0.8688038206753906,0.9462640809133097,0.0,4
0.0007632245209808822,False,129,time0,0.9205303022017794,2,,,time0,TIME0,0.864794102527103,0.9591592877079802,0.0,2
0.0007825923654834608,False,129,time0,0.9308844807902913,5,,,time0,TIME0,0.8631867357557459,0.9405496624265653,0.0,8
0.0005402676115910239,False,129,time0,0.9209800802434243,1,,,time0,TIME0,0.8592127693183444,0.9346240702845765,0.0,9
0.0005937077238779405,False,129,time1,0.927759886227448,7,,,time1,TIME1,0.8589473759464789,0.9248874364283067,0.0,10
0.000992349167925405,False,129,time0,0.8991403315938653,3,,,time0,TIME0,0.8523680716946898,0.9349814014432499,0.0,5
0.0016671634980242927,False,129,time1,0.8714023081330975,8,,,time1,TIME1,0.846193814331818,0.9498023588900375,0.0,6
0.0014847619464060278,False,129,time0,0.8671630330157792,4,,,time0,TIME0,0.8387877234463648,0.925799904660298,0.0,7
0.001123008264665342,False,129,time0,0.89105854610496,0,,,time0,TIME0,0.8366852900175106,0.8819417053590479,0.0,1
0.0,True,129,excluido,1.0,10,,,excluir,EXCLUÍDO,0.65,0.0,0.0,11
9.569663434240448e-05,False,130,goleiro_time1,0.9866022465800611,9,,,goleiro1,GOL-TIME1,0.8804926258785442,0.9387069860162834,0.0,3
0.00013988685885647073,False,130,time1,0.978817928267709,6,,,time1,TIME1,0.8798298581929496,0.9462640809133097,0.0,4
0.0005917822781131209,False,130,time0,0.9273755037134525,2,,,time0,TIME0,0.8668289962344414,0.9591592877079802,0.0,2
0.0004942867816188903,False,130,time0,0.9403261246177581,1,,,time0,TIME0,0.8652044918593564,0.9346240702845765,0.0,9
0.0010839414961918631,False,130,time0,0.8995316104404764,5,,,time0,TIME0,0.8537212616216457,0.9405496624265653,0.0,8
0.00048390450288259,False,130,time0,0.94881232763903,0,,,time0,TIME0,0.853604853664045,0.8819417053590479,0.0,1
0.0011919524439023732,False,130,time1,0.8876916837247488,8,,,time1,TIME1,0.8522403571414245,0.9498023588900375,0.0,6
0.0010741565404190961,False,130,time0,0.8851635227809335,4,,,time0,TIME0,0.8456914347752731,0.925799904660298,0.0,7
0.002358692115838973,False,130,time0,0.834715269424973,3,,,time0,TIME0,0.8310199225431545,0.9349814014432499,0.0,5
0.001377006892786571,False,130,time1,0.8214436174072371,7,,,time1,TIME1,0.8257662556678135,0.9248874364283067,0.0,10
0.0,True,130,excluido,1.0,10,,,excluir,EXCLUÍDO,0.65,0.0,0.0,11
0.0,False,131,time0,1.0,5,,,time0,TIME0,0.8843983645865106,0.9405496624265653,0.0,8
8.494379366824194e-05,False,131,goleiro_time1,0.9818263159682725,9,,,goleiro1,GOL-TIME1,0.8790641390861691,0.9387069860162834,0.0,3
0.0003921146227544027,False,131,time0,0.9534780194158355,2,,,time0,TIME0,0.8752220972925367,0.9591592877079802,0.0,2
0.0006594060458696115,False,131,time1,0.9491637764085051,6,,,time1,TIME1,0.8703466133291339,0.9462640809133097,0.0,4
8.452651355609371e-05,False,131,time0,0.9916749808059844,0,,,time0,TIME0,0.8676133912798604,0.8819417053590479,0.0,1
0.0006589739075136255,False,131,time1,0.9206820300304714,8,,,time1,TIME1,0.8625581486543246,0.9498023588900375,0.0,6
0.0007254912022078887,False,131,time0,0.9149743753586498,1,,,time0,TIME0,0.8573195977089973,0.9346240702845765,0.0,9
5.139408518302243e-05,False,131,time0,0.9063022002190134,3,,,time0,TIME0,0.8539680397032166,0.9349814014432499,0.0,5
0.0005965727839291202,False,131,time0,0.9115609985353171,4,,,time0,TIME0,0.8538295387588073,0.925799904660298,0.0,7
0.000861790622749399,False,131,time1,0.908778687856676,7,,,time1,TIME1,0.8527001627923086,0.9248874364283067,0.0,10
0.0,True,131,excluido,1.0,10,,,excluir,EXCLUÍDO,0.65,0.0,0.0,11
0.0,False,132,time0,1.0,5,,,time0,TIME0,0.8855395458870605,0.9421581835482418,0.0,8
2.234645153219391e-05,False,132,time0,0.967677811186473,2,,,time0,TIME0,0.8798183659481708,0.9592440895136406,0.0,2
0.0001673534291903192,False,132,goleiro_time1,0.9729181437479917,9,,,goleiro1,GOL-TIME1,0.876313264935957,0.9388316193346912,0.0,3
0.00036890283705733046,False,132,time0,0.9630468723209685,3,,,time0,TIME0,0.8723121719935726,0.9360435834162019,0.0,5
0.0004791358119871206,False,132,time1,0.943972980334807,8,,,time1,TIME1,0.8699410022934873,0.9500423895236487,0.0,6
0.0006005703934824166,False,132,time1,0.9303711218751071,7,,,time1,TIME1,0.8592824166440869,0.9254877135486528,0.0,10
0.0007749870246658739,False,132,time1,0.9064803603694187,6,,,time1,TIME1,0.8571530933209253,0.9453284083065364,0.0,4
0.0008366599357636661,False,132,time0,0.9117338058218061,4,,,time0,TIME0,0.8539842685328898,0.9271948836216185,0.0,7
0.0009022308180335436,False,132,time0,0.8996441538330238,1,,,time0,TIME0,0.8519569563520687,0.9321443030778972,0.0,9
0.0006128971426235336,False,132,time0,0.9363166123372748,0,,,time0,TIME0,0.8506051085650578,0.882929480780377,0.0,1
0.0,True,132,excluido,1.0,10,,,excluir,EXCLUÍDO,0.65,0.0,0.0,11
0.0,False,133,time0,1.0,5,,,time0,TIME0,0.8855395458870605,0.9421581835482418,0.0,8
0.00011252715626703222,False,133,time0,0.9778287313879764,2,,,time0,TIME0,0.8829681024572383,0.9592440895136406,0.0,2
0.00028577216133781903,False,133,time1,0.960202231000849,6,,,time1,TIME1,0.8737851999550899,0.9453284083065364,0.0,4
0.0002728232050040524,False,133,goleiro_time1,0.9589188347389422,9,,,goleiro1,GOL-TIME1,0.8718546563466255,0.9388316193346912,0.0,3
4.918047002539442e-05,False,133,time0,0.9915183927616282,0,,,time0,TIME0,0.867727526302849,0.882929480780377,0.0,1
0.0006231865303842751,False,133,time1,0.9198763985041174,7,,,time1,TIME1,0.8563852874318869,0.9254877135486528,0.0,10
0.0009043251518691636,False,133,time1,0.8899230714655735,8,,,time1,TIME1,0.8533399453411903,0.9500423895236487,0.0,6
0.0009453748458864398,False,133,time0,0.900701059940016,1,,,time0,TIME0,0.8522963118602958,0.9321443030778972,0.0,9
0.0014209237776147065,False,133,time0,0.8820943240128873,3,,,time0,TIME0,0.8465350714255111,0.9360435834162019,0.0,5
0.0024197073324489743,False,133,time0,0.8540064614941031,4,,,time0,TIME0,0.8347085029142123,0.9271948836216185,0.0,7
0.0,True,133,excluido,1.0,10,,,excluir,EXCLUÍDO,0.65,0.0,0.0,11
0.0,False,134,time0,1.0,5,,,time0,TIME0,0.8855395458870605,0.9421581835482418,0.0,8
0.00016700395923666708,False,134,time0,0.9797290823406605,2,,,time0,TIME0,0.8834182098666177,0.9592440895136406,0.0,2
0.00019553517379093614,False,134,goleiro_time1,0.9774039473643413,9,,,goleiro1,GOL-TIME1,0.8774385769920635,0.9388316193346912,0.0,3
0.00020005440092367113,False,134,time1,0.96154158353598,6,,,time1,TIME1,0.8742889669938537,0.9453284083065364,0.0,4
4.025447674849356e-05,False,134,time0,0.995942835180625,0,,,time0,TIME0,0.8694572567240356,0.882929480780377,0.0,1
0.00016396472226476786,False,134,time0,0.9441617788811381,4,,,time0,TIME0,0.863161410749206,0.9271948836216185,0.0,7
0.0006920843909644602,False,134,time1,0.9185381352608493,8,,,time1,TIME1,0.8622775769774746,0.9500423895236487,0.0,6
0.0013256971850527086,False,134,time0,0.8644222484114679,1,,,time0,TIME0,0.8408838935278892,0.9321443030778972,0.0,9
0.0014607808549998488,False,134,time1,0.8564164261759486,7,,,time1,TIME1,0.8363976002326914,0.9254877135486528,0.0,10
0.00256007589519017,False,134,time0,0.787541839266365,3,,,time0,TIME0,0.8160403033983493,0.9360435834162019,0.0,5
0.0,True,134,excluido,1.0,10,,,excluir,EXCLUÍDO,0.65,0.0,0.0,11
0.0,False,135,time0,1.0,5,,,time0,TIME0,0.8858405690748431,0.9433622762993723,0.0,8
0.00028720603577130196,False,135,time0,0.9630299997616125,2,,,time0,TIME0,0.8783623031786041,0.9593958109775196,0.0,2
0.00017901789256385953,False,135,goleiro_time1,0.966394375224822,9,,,goleiro1,GOL-TIME1,0.874290228810725,0.9385579743969533,0.0,3
0.00048703392933116844,False,135,time1,0.9414555863965655,8,,,time1,TIME1,0.8692017514868241,0.9502119690545366,0.0,6
0.0001482894335546799,False,135,time0,0.9884090782621454,0,,,time0,TIME0,0.8671481799392871,0.8834122206686259,0.0,1
0.0005982141284033175,False,135,time1,0.9160708619346798,6,,,time1,TIME1,0.8600422578256421,0.9446986073460492,0.0,4
0.001072320637293196,False,135,time0,0.9061225493568652,4,,,time0,TIME0,0.8522466251445521,0.9287004095044701,0.0,7
0.0024294913750390213,False,135,time0,0.8777152160674736,3,,,time0,TIME0,0.842386568926301,0.9376459493282809,0.0,5
0.001259830533046344,False,135,time1,0.867896026207039,7,,,time1,TIME1,0.8404295502677783,0.9268075803537299,0.0,10
0.0014099241873597825,False,135,time0,0.8524154505358981,1,,,time0,TIME0,0.8370137320359946,0.9308879114372104,0.0,9
0.00017694400387468975,True,135,excluido,0.9780462165323536,10,,,excluir,EXCLUÍDO,0.64313236313536,0.0,0.0,11
0.0,False,136,time0,1.0,5,,,time0,TIME0,0.8858405690748431,0.9433622762993723,0.0,8
0.00016340459881397524,False,136,time1,0.9768790118359519,8,,,time1,TIME1,0.8802336144643107,0.9502119690545366,0.0,6
0.00012092228598945589,False,136,goleiro_time1,0.9845864120633332,9,,,goleiro1,GOL-TIME1,0.8797792495832689,0.9385579743969533,0.0,3
0.00012610174422864788,False,136,time0,0.9655944937842007,2,,,time0,TIME0,0.8792908685254527,0.9593958109775196,0.0,2
0.0003616092974062016,False,136,time0,0.9725726512862449,4,,,time0,TIME0,0.8730851799678695,0.9287004095044701,0.0,7
5.54113249940224e-05,False,136,time0,0.9936286209437521,0,,,time0,TIME0,0.868795736067005,0.8834122206686259,0.0,1
0.0007528857198885217,False,136,time1,0.9396528873710402,6,,,time1,TIME1,0.8672266381193617,0.9446986073460492,0.0,4
0.0002355261592754708,False,136,time0,0.9112001634862864,3,,,time0,TIME0,0.8559769997374602,0.9376459493282809,0.0,5
0.0013104681382983911,False,136,time1,0.8777058250575208,7,,,time1,TIME1,0.8436506669060597,0.9268075803537299,0.0,10
0.0013893728073198952,False,136,time0,0.8500267802773714,1,,,time0,TIME0,0.8362727147642897,0.9308879114372104,0.0,9
1.2074089238863086e-05,True,136,excluido,0.9973512954345207,10,,,excluir,EXCLUÍDO,0.6490661981580698,0.0,0.0,11
0.0,False,137,time0,1.0,5,,,time0,TIME0,0.8858405690748431,0.9433622762993723,0.0,8
0.00011726908583557247,False,137,goleiro_time1,0.9834217695019746,9,,,goleiro1,GOL-TIME1,0.879482656290268,0.9385579743969533,0.0,3
0.0004758671251737638,False,137,time0,0.9539123367219656,2,,,time0,TIME0,0.8753511895558264,0.9593958109775196,0.0,2
0.0005606540606852302,False,137,time1,0.9646100456703766,6,,,time1,TIME1,0.8748905056284562,0.9446986073460492,0.0,4
0.000350677206573987,False,137,time1,0.9562572179338408,8,,,time1,TIME1,0.8739830852941879,0.9502119690545366,0.0,6
2.9078106367943762e-05,False,137,time0,0.9946825747656385,0,,,time0,TIME0,0.8691739302791572,0.8834122206686259,0.0,1
0.00041859344646269866,False,137,time0,0.9371313786674508,4,,,time0,TIME0,0.8626784852323844,0.9287004095044701,0.0,7
0.0018504113670943724,False,137,time0,0.9056988787407857,3,,,time0,TIME0,0.8532742120917951,0.9376459493282809,0.0,5
0.0010000571403342292,False,137,time1,0.8729859120527009,7,,,time1,TIME1,0.8424745292618021,0.9268075803537299,0.0,10
0.0017117926653739172,False,137,time0,0.8075441628385815,1,,,time0,TIME0,0.8231794540084632,0.9308879114372104,0.0,9
1.4477735183874779e-05,True,137,excluido,0.9972017809325106,10,,,excluir,EXCLUÍDO,0.6491414111184239,0.0,0.0,11
0.0,False,138,time0,1.0,5,,,time0,TIME0,0.8856556837313359,0.9426227349253433,0.0,8
0.00021662226232695318,False,138,time0,0.9840783679290479,2,,,time0,TIME0,0.8844830985478129,0.9588613238666721,0.0,2
0.0001031261494371388,False,138,goleiro_time1,0.9860243453919781,9,,,goleiro1,GOL-TIME1,0.8801044743035111,0.9380134896346051,0.0,3
0.00033316642059698544,False,138,time0,0.9659408615200804,4,,,time0,TIME0,0.8716272998884899,0.9289162783596181,0.0,7
0.0006731535043933334,False,138,time1,0.9509158060935711,6,,,time1,TIME1,0.8707995571205775,0.9450386576267953,0.0,4
4.1015985525974765e-05,False,138,time0,0.9987058668217215,0,,,time0,TIME0,0.8705154332397438,0.8839030810153758,0.0,1
0.001392415430677714,False,138,time1,0.8834106914768609,8,,,time1,TIME1,0.8507141603882141,0.9513862807855337,0.0,6
0.0009477190873930607,False,138,time0,0.8720047745058197,1,,,time0,TIME0,0.8427604704230286,0.9303423092276718,0.0,9
0.001025186711207749,False,138,time1,0.8623077171148303,7,,,time1,TIME1,0.8395488046923727,0.92811910149769,0.0,10
0.001535505582318325,False,138,time0,0.8335841612994652,3,,,time0,TIME0,0.8321583117804233,0.9396699736096221,0.0,5
2.6813486150483713e-05,True,138,excluido,0.9954993586291386,10,,,excluir,EXCLUÍDO,0.6485984766288995,0.0,0.0,11
0.0,False,139,time0,1.0,5,,,time0,TIME0,0.8856556837313359,0.9426227349253433,0.0,8
0.00046616932761837004,False,139,time0,0.9766945180207585,2,,,time0,TIME0,0.8821243276172261,0.9588613238666721,0.0,2
6.25643613372265e-05,False,139,goleiro_time1,0.9913997790332002,9,,,goleiro1,GOL-TIME1,0.8818387238410971,0.9380134896346051,0.0,3
0.0007380964213461889,False,139,time1,0.9490323595027322,6,,,time1,TIME1,0.8700718339891591,0.9450386576267953,0.0,4
1.3497406582534379e-05,False,139,time0,0.9964498971478294,0,,,time0,TIME0,0.8698633385088466,0.8839030810153758,0.0,1
0.0004976118320990117,False,139,time0,0.9503532578573222,4,,,time0,TIME0,0.8666071527541452,0.9289162783596181,0.0,7
0.0012314688026682618,False,139,time0,0.9164620163795125,3,,,time0,TIME0,0.8578674995556343,0.9396699736096221,0.0,5
0.0017386824466723357,False,139,time1,0.8669701405183753,8,,,time1,TIME1,0.8442233463320459,0.9513862807855337,0.0,6
0.0010439953327591614,False,139,time0,0.8613741182420263,1,,,time0,TIME0,0.8399298788500648,0.9303423092276718,0.0,9
0.000783313120311295,False,139,time1,0.8396327037056972,7,,,time1,TIME1,0.8329106441978461,0.92811910149769,0.0,10
1.7379276567635466e-05,True,139,excluido,0.9958300162068889,10,,,excluir,EXCLUÍDO,0.6487031840238401,0.0,0.0,11
0.0,False,140,time0,1.0,5,,,time0,TIME0,0.8856556837313359,0.9426227349253433,0.0,8
7.246508838592197e-05,False,140,goleiro_time1,0.9904281136998907,9,,,goleiro1,GOL-TIME1,0.8814739332877632,0.9380134896346051,0.0,3
0.0003915856362977386,False,140,time0,0.9664077701493976,2,,,time0,TIME0,0.8791514013824631,0.9588613238666721,0.0,2
0.00043015984415860093,False,140,time1,0.9630513890253123,6,,,time1,TIME1,0.8744594638616643,0.9450386576267953,0.0,4
0.00010556671903761139,False,140,time0,0.9884481036176298,0,,,time0,TIME0,0.8673392466851052,0.8839030810153758,0.0,1
0.0006592949419720287,False,140,time0,0.9299418789926218,4,,,time0,TIME0,0.8604720467758297,0.9289162783596181,0.0,7
0.0005981851602181486,False,140,time0,0.9130675115927375,1,,,time0,TIME0,0.8556348825350734,0.9303423092276718,0.0,9
0.0007497042420249114,False,140,time1,0.8859451449507616,8,,,time1,TIME1,0.851254013120829,0.9513862807855337,0.0,6
0.0013895461091071749,False,140,time0,0.8919071582127118,3,,,time0,TIME0,0.8503276191832431,0.9396699736096221,0.0,5
0.0010494942147039035,False,140,time1,0.889668168150135,7,,,time1,TIME1,0.8472537387535412,0.92811910149769,0.0,10
1.36959810186634e-05,True,140,excluido,0.9967153856610163,10,,,excluir,EXCLUÍDO,0.6489896854900928,0.0,0.0,11
0.0,False,141,time0,1.0,5,,,time0,TIME0,0.8851267947036238,0.9405071788144949,0.0,8
0.00013443164480206842,False,141,goleiro_time1,0.9775528343916703,9,,,goleiro1,GOL-TIME1,0.8771995267092128,0.9367524937823469,0.0,3
0.0007581038996116544,False,141,time1,0.9572182518610258,6,,,time1,TIME1,0.8726021108635369,0.945608229060803,0.0,4
0.00046398382770788433,False,141,time0,0.9406552467698867,2,,,time0,TIME0,0.8710758571960842,0.9577742509089375,0.0,2
6.310559332050208e-05,False,141,time0,0.9962221404145309,0,,,time0,TIME0,0.8698296809893944,0.8842835946087211,0.0,1
0.000885946639378804,False,141,time1,0.9361434927228872,8,,,time1,TIME1,0.8669078127896753,0.9519369030814687,0.0,6
0.00043252595131812514,False,141,time0,0.9293730482077496,1,,,time0,TIME0,0.8600143777725355,0.927209018006849,0.0,9
0.00027980065660317724,False,141,time1,0.912779353652363,7,,,time1,TIME1,0.8554152666340283,0.9294570387004817,0.0,10
0.001812010207358923,False,141,time0,0.8192620237593421,4,,,time0,TIME0,0.8256346985707959,0.929222143921496,0.0,7
0.002805850704130602,False,141,time0,0.8054707949970826,3,,,time0,TIME0,0.8218432824375843,0.9418222512728125,0.0,5
1.3010844280370284e-05,True,141,excluido,0.9974454910127657,10,,,excluir,EXCLUÍDO,0.649205602666927,0.0,0.0,11
0.0,False,142,time0,1.0,5,,,time0,TIME0,0.8851267947036238,0.9405071788144949,0.0,8
0.00017637017000000593,False,142,goleiro_time1,0.9758006629726681,9,,,goleiro1,GOL-TIME1,0.876715800150748,0.9367524937823469,0.0,3
0.0004898152302339879,False,142,time0,0.9364018461397461,2,,,time0,TIME0,0.8694070359798884,0.9577742509089375,0.0,2
0.0009262267232927336,False,142,time1,0.9408290297348121,6,,,time1,TIME1,0.86767868168721,0.945608229060803,0.0,4
9.88507167244191e-05,False,142,time0,0.9882674116689331,0,,,time0,TIME0,0.8673666366992505,0.8842835946087211,0.0,1
0.0005678900698250081,False,142,time1,0.9279427353396499,8,,,time1,TIME1,0.8652935534574064,0.9519369030814687,0.0,6
0.0004871445766373912,False,142,time0,0.941801793816989,4,,,time0,TIME0,0.8634106737313787,0.929222143921496,0.0,7
0.00034048672157504346,False,142,time1,0.9342461964376781,7,,,time1,TIME1,0.8622677385787102,0.9294570387004817,0.0,10
0.0007010283054522383,False,142,time0,0.9127929355919285,1,,,time0,TIME0,0.8548165621457959,0.927209018006849,0.0,9
0.0009108046905902861,False,142,time0,0.9049995691812178,3,,,time0,TIME0,0.8538636608298331,0.9418222512728125,0.0,5
3.9116207171284464e-05,True,142,excluido,0.9906197687781926,10,,,excluir,EXCLUÍDO,0.6471204002271184,0.0,0.0,11
0.0,False,143,time0,1.0,5,,,time0,TIME0,0.8851267947036238,0.9405071788144949,0.0,8
5.2229758348758726e-05,False,143,goleiro_time1,0.9825858420990722,9,,,goleiro1,GOL-TIME1,0.8788193850010637,0.9367524937823469,0.0,3
0.00039224601960131554,False,143,time1,0.9511161060759548,8,,,time1,TIME1,0.8728423339296842,0.9519369030814687,0.0,6
6.308093104551926e-05,False,143,time0,0.9898602625014635,0,,,time0,TIME0,0.8678612232205405,0.8842835946087211,0.0,1
0.0004918451846878579,False,143,time1,0.9394508411398823,6,,,time1,TIME1,0.8673961126083807,0.945608229060803,0.0,4
0.0005499151333644522,False,143,time0,0.9491809788390838,4,,,time0,TIME0,0.8663688160527976,0.929222143921496,0.0,7
0.0008412986503186758,False,143,time0,0.9225498501245467,2,,,time0,TIME0,0.8651487706709944,0.9577742509089375,0.0,2
0.0005702676425009039,False,143,time0,0.9168361720142576,1,,,time0,TIME0,0.8562264318903958,0.927209018006849,0.0,9
0.0007643809654308352,False,143,time1,0.915985476344677,7,,,time1,TIME1,0.8560287197258336,0.9294570387004817,0.0,10
0.0015620824463380722,False,143,time0,0.883801429449762,3,,,time0,TIME0,0.8480312710108462,0.9418222512728125,0.0,5
5.776731738661486e-05,True,143,excluido,0.9889844811561498,10,,,excluir,EXCLUÍDO,0.646577365457456,0.0,0.0,11
0.0001157477995228498,False,144,time1,0.9783410027134493,8,,,time1,TIME1,0.8812131515300863,0.9525753639816659,0.0,6
0.00032234419071920704,False,144,goleiro_time1,0.9548458605270148,9,,,goleiro1,GOL-TIME1,0.8697281178255534,0.9351151840090624,0.0,3
5.952998199007321e-05,False,144,time0,0.9917419511148502,0,,,time0,TIME0,0.868438195682691,0.8840249591249809,0.0,1
0.0007128415415105553,False,144,time0,0.925454572268217,2,,,time0,TIME0,0.8659072804645522,0.9564534623550697,0.0,2
0.0004577552620376027,False,144,time0,0.9434404561572249,1,,,time0,TIME0,0.8633817849182528,0.9238903145989121,0.0,9
0.0007786367116029045,False,144,time1,0.9193349458514934,6,,,time1,TIME1,0.8611532351449498,0.9452055397854883,0.0,4
0.0008073173964120836,False,144,time0,0.9052194814681052,4,,,time0,TIME0,0.8526364826287457,0.9286325965527786,0.0,7
0.001316975173965856,False,144,time1,0.8784208877911797,7,,,time1,TIME1,0.8443322634366823,0.9309141165701071,0.0,10
0.00532384795130771,False,144,time0,0.654054924863172,3,,,time0,TIME0,0.7727792329947941,0.9424822837412231,0.0,5
1.362287725408814e-05,True,144,excluido,0.9971479756717541,10,,,excluir,EXCLUÍDO,0.6490989493236873,0.0,0.0,11
0.021353877708636327,False,144,time0,0.0671172902897091,5,,,time0,TIME0,0.5712511022735989,0.940351973438067,0.0,8
0.00030505908770494356,False,145,time1,0.9611238705087887,8,,,time1,TIME1,0.8759319445059457,0.9525753639816659,0.0,6
0.00039823254111846166,False,145,time1,0.9520312585931,6,,,time1,TIME1,0.8712542498125577,0.9452055397854883,0.0,4
2.3011720997476797e-05,False,145,time0,0.9967735537439114,0,,,time0,TIME0,0.8699832039798833,0.8840249591249809,0.0,1
0.00025860954133565645,False,145,goleiro_time1,0.9512417127615439,9,,,goleiro1,GOL-TIME1,0.8687831122664779,0.9351151840090624,0.0,3
0.0007345215139274399,False,145,time0,0.9223503764505514,2,,,time0,TIME0,0.8650291964902734,0.9564534623550697,0.0,2
0.00042475037802184484,False,145,time0,0.9292148832605232,4,,,time0,TIME0,0.8602387344253812,0.9286325965527786,0.0,7
0.0006302991583921254,False,145,time1,0.9138556600013058,7,,,time1,TIME1,0.855149449936337,0.9309141165701071,0.0,10
0.0010415633242466876,False,145,time0,0.9156604007035261,3,,,time0,TIME0,0.8550486783418857,0.9424822837412231,0.0,5
0.0007668316941890662,False,145,time0,0.9116803860959256,1,,,time0,TIME0,0.8535447466378008,0.9238903145989121,0.0,9
0.000794424169590415,False,145,time0,0.9123964445306204,5,,,time0,TIME0,0.8439612187121084,0.940351973438067,0.0,8
3.924752474886398e-05,True,145,excluido,0.9928166577722826,10,,,excluir,EXCLUÍDO,0.6477745986323884,0.0,0.0,11
0.0,False,146,time0,1.0,5,,,time0,TIME0,0.8845463405166141,0.940351973438067,0.0,8
0.00024205681086271867,False,146,time1,0.9709848684646082,8,,,time1,TIME1,0.8791410749361248,0.9525753639816659,0.0,6
0.00033372351278847186,False,146,time1,0.9707480838298265,6,,,time1,TIME1,0.8770413371108282,0.9452055397854883,0.0,4
0.0005481519297295273,False,146,time0,0.9392400667682781,2,,,time0,TIME0,0.870118043143456,0.9564534623550697,0.0,2
0.00018160022109849668,False,146,time0,0.9792875922794111,0,,,time0,TIME0,0.8644890826578887,0.8840249591249809,0.0,1
0.0005068247803625344,False,146,goleiro_time1,0.9249878690721669,9,,,goleiro1,GOL-TIME1,0.8606451143139938,0.9351151840090624,0.0,3
0.000579871635898019,False,146,time0,0.9320486093942895,1,,,time0,TIME0,0.8599319263617347,0.9238903145989121,0.0,9
0.0009890737844387694,False,146,time0,0.9079821850179067,4,,,time0,TIME0,0.8530885226321828,0.9286325965527786,0.0,7
0.001636621290240684,False,146,time1,0.8489003184972025,7,,,time1,TIME1,0.8345433069626389,0.9309141165701071,0.0,10
0.005856796809258062,False,146,time0,0.6357167669101392,3,,,time0,TIME0,0.767476935632614,0.9424822837412231,0.0,5
2.3027838038327615e-05,True,146,excluido,0.9941568848996714,10,,,excluir,EXCLUÍDO,0.6482147098117423,0.0,0.0,11
0.0003388849229858533,False,147,time1,0.9605809643153076,8,,,time1,TIME1,0.8756004971256511,0.9525146731072796,0.0,6
0.0001879075995107394,False,147,time0,0.9794927311909596,0,,,time0,TIME0,0.8646861204751829,0.8841547083807645,0.0,1
0.0008643407362269746,False,147,time1,0.9291243216311031,6,,,time1,TIME1,0.8636957368920399,0.9447127369838184,0.0,4
0.0005243008146638081,False,147,time1,0.9384546370728808,7,,,time1,TIME1,0.8632614575750748,0.9327748065002721,0.0,10
0.0007632098085926178,False,147,time0,0.9162428393640117,2,,,time0,TIME0,0.8626053043799994,0.9557215913265669,0.0,2
0.0005041645269024694,False,147,goleiro_time1,0.9307536837435314,9,,,goleiro1,GOL-TIME1,0.8619989827616508,0.9330539660063744,0.0,3
0.0005006509041906975,False,147,time0,0.9412959519601324,1,,,time0,TIME0,0.8619559774755916,0.9203190634662393,0.0,9
0.0011177887151681296,False,147,time0,0.9039637664644025,4,,,time0,TIME0,0.8520422125692491,0.9279204841935516,0.0,7
0.005684364777786722,False,147,time0,0.6293168862526053,3,,,time0,TIME0,0.7614435746946131,0.942727500235789,0.0,5
0.0062181813622504325,False,147,time0,0.48933438617869196,5,,,time0,TIME0,0.7222922991836159,0.9415381783525363,0.0,8
6.5451269602056145e-06,True,147,excluido,0.9976864443211816,10,,,excluir,EXCLUÍDO,0.6492828973430821,0.0,0.0,11
0.00021491945558247216,False,148,time0,0.9655351042543867,2,,,time0,TIME0,0.8780066665367221,0.9557215913265669,0.0,2
0.00024874031909079606,False,148,time1,0.9632119835426474,8,,,time1,TIME1,0.8766361971981103,0.9525146731072796,0.0,6
0.0006031093458378605,False,148,time1,0.9533037796003001,6,,,time1,TIME1,0.8713930981248376,0.9447127369838184,0.0,4
0.00010626331891419606,False,148,time0,0.9828304452474125,0,,,time0,TIME0,0.8655913185269917,0.8841547083807645,0.0,1
0.0003438737670153684,False,148,goleiro_time1,0.9347185226965485,9,,,goleiro1,GOL-TIME1,0.8631977375844315,0.9330539660063744,0.0,3
0.001016641451709562,False,148,time0,0.910589102633037,3,,,time0,TIME0,0.8545301128386827,0.942727500235789,0.0,5
0.0010992430902400361,False,148,time0,0.8876402359856504,1,,,time0,TIME0,0.8449229716195603,0.9203190634662393,0.0,9
0.001398726842313636,False,148,time0,0.8618603409340297,4,,,time0,TIME0,0.8389006565829289,0.9279204841935516,0.0,7
0.004092821230540606,False,148,time0,0.6931067500487921,5,,,time0,TIME0,0.7871031336175852,0.9415381783525363,0.0,8
0.003644034944783204,False,148,time1,0.6674922582786926,7,,,time1,TIME1,0.777999237772232,0.9327748065002721,0.0,10
0.0,True,148,excluido,1.0,10,,,excluir,EXCLUÍDO,0.6499955374134362,0.0,0.0,11
4.4676148698097107e-05,False,149,time0,0.9958463490872631,2,,,time0,TIME0,0.8875203512139134,0.9557215913265669,0.0,2
6.333797295651916e-06,False,149,time1,0.9960135504702254,8,,,time1,TIME1,0.886755503382586,0.9525146731072796,0.0,6
9.686341551342246e-06,False,149,time1,0.9990258220959474,6,,,time1,TIME1,0.885461054330493,0.9447127369838184,0.0,4
3.771511219251637e-05,False,149,time0,0.9968474092586928,3,,,time0,TIME0,0.8840143950916204,0.942727500235789,0.0,5
2.530767796778529e-05,False,149,goleiro_time1,0.9965858147765336,9,,,goleiro1,GOL-TIME1,0.8819861171305992,0.9330539660063744,0.0,3
8.636299376274054e-05,False,149,time0,0.9878318980545842,5,,,time0,TIME0,0.8788346399188414,0.9415381783525363,0.0,8
2.139109118546295e-05,False,149,time0,0.9975475475032369,1,,,time0,TIME0,0.8785896378222766,0.9203190634662393,0.0,9
3.3027650168287624e-05,False,149,time1,0.9926875858290951,7,,,time1,TIME1,0.8784731371764727,0.9327748065002721,0.0,10
0.000471789003344,False,149,time0,0.9753428972243873,4,,,time0,TIME0,0.87338990474726,0.9279204841935516,0.0,7
2.7079222718308923e-06,False,149,time0,0.9996111833259786,0,,,time0,TIME0,0.8708488043661252,0.8841547083807645,0.0,1
0.0,True,149,excluido,1.0,10,,,excluir,EXCLUÍDO,0.65,0.0,0.0,11
0.0003188390656799672,False,150,time0,0.9683334085060396,2,,,time0,TIME0,0.8787340928805013,0.9550870914660715,0.0,2
0.00032566553773607555,False,150,time1,0.9614941110095426,8,,,time1,TIME1,0.875972554353053,0.9521819346560438,0.0,6
0.00013052957699083713,False,150,goleiro_time1,0.96484753459024,9,,,goleiro1,GOL-TIME1,0.8719795726208037,0.930993969898892,0.0,3
0.000547613101192438,False,150,time1,0.9557067214720156,6,,,time1,TIME1,0.8717804791387349,0.9437799075969775,0.0,4
0.00042427663911973203,False,150,time0,0.9600631894546937,4,,,time0,TIME0,0.8698565074384602,0.9291708618568295,0.0,7
5.857386065774237e-05,False,150,time0,0.9954812279974996,0,,,time0,TIME0,0.8696386514203298,0.8843564020495821,0.0,1
0.00018506356802830306,False,150,time0,0.9292857380292495,3,,,time0,TIME0,0.8643599000795902,0.9435771250941052,0.0,5
0.0012234114871367188,False,150,time0,0.8691218395777984,5,,,time0,TIME0,0.84436191834239,0.9424889665595173,0.0,8
0.0013498632466920322,False,150,time1,0.8398103062340081,7,,,time1,TIME1,0.8331782747873906,0.9335869284813889,0.0,10
0.0015276848825759716,False,150,time0,0.8402894676025019,1,,,time0,TIME0,0.8290025682739792,0.9173262056110436,0.0,9
0.0,True,150,excluido,1.0,10,,,excluir,EXCLUÍDO,0.65,0.0,0.0,11
0.00040429762171570216,False,151,time0,0.9527365264990555,2,,,time0,TIME0,0.873866810106836,0.9550870914660715,0.0,2
0.0006449983562394324,False,151,time1,0.9465419346366756,6,,,time1,TIME1,0.8692003057454472,0.9437799075969775,0.0,4
0.0005307546320716546,False,151,time1,0.9266076527010351,8,,,time1,TIME1,0.8653125091907714,0.9521819346560438,0.0,6
0.00019082545927945753,False,151,time0,0.9737851138201636,0,,,time0,TIME0,0.8629394138859418,0.8843564020495821,0.0,1
0.000168777956184017,False,151,goleiro_time1,0.9260486600384502,9,,,goleiro1,GOL-TIME1,0.8603551363217825,0.930993969898892,0.0,3
0.0005487335763897033,False,151,time0,0.912859314795732,3,,,time0,TIME0,0.858996853673172,0.9435771250941052,0.0,5
0.0016066444440254138,False,151,time0,0.9000420624467502,4,,,time0,TIME0,0.8500385880060779,0.9291708618568295,0.0,7
0.0009285455986126918,False,151,time1,0.8674924635999752,7,,,time1,TIME1,0.8424870197243064,0.9335869284813889,0.0,10
0.0016662558958655009,False,151,time0,0.8105647078479439,1,,,time0,TIME0,0.8208814310730588,0.9173262056110436,0.0,9
0.0023656363630997564,False,151,time0,0.7743735974069156,5,,,time0,TIME0,0.8143430315447752,0.9424889665595173,0.0,8
0.0,True,151,excluido,1.0,10,,,excluir,EXCLUÍDO,0.65,0.0,0.0,11
0.0,False,152,time1,1.0,7,,,time1,TIME1,0.8827636328485657,0.9335869284813889,0.0,10
4.034917189407879e-05,False,152,time0,0.9947175165600818,0,,,time0,TIME0,0.8693151738520776,0.8843564020495821,0.0,1
0.0007217890579968396,False,152,time0,0.9387279816066315,2,,,time0,TIME0,0.8692245725194493,0.9550870914660715,0.0,2
0.0007082185032589032,False,152,time1,0.9122011685879527,8,,,time1,TIME1,0.8608899872976861,0.9521819346560438,0.0,6
0.0003838509279281719,False,152,goleiro_time1,0.9265793186256241,9,,,goleiro1,GOL-TIME1,0.860013422112603,0.930993969898892,0.0,3
0.0009553795743004524,False,152,time0,0.924840710277084,4,,,time0,TIME0,0.8583924883589615,0.9291708618568295,0.0,7
0.0008119138509001132,False,152,time0,0.8855476356356625,5,,,time0,TIME0,0.8494648548619405,0.9424889665595173,0.0,8
0.001909428134054339,False,152,time1,0.8689444276251572,6,,,time1,TIME1,0.8440230579335419,0.9437799075969775,0.0,4
0.002645390295187101,False,152,time0,0.821827010704302,3,,,time0,TIME0,0.8282676561327126,0.9435771250941052,0.0,5
0.0017769665160901498,False,152,time0,0.7858864962724059,1,,,time0,TIME0,0.8133476942334219,0.9173262056110436,0.0,9
0.0,True,152,excluido,1.0,10,,,excluir,EXCLUÍDO,0.65,0.0,0.0,11
0.0,False,153,time1,1.0,7,,,time1,TIME1,0.8833903613531237,0.9335614454124945,0.0,10
0.00015921378769996234,False,153,time0,0.9850141357191721,2,,,time0,TIME0,0.8833164131284995,0.9533634173011243,0.0,2
1.8061655525822347e-05,False,153,time0,0.9978991411528101,0,,,time0,TIME0,0.8705153033675166,0.8847806247741603,0.0,1
0.0005970501755621124,False,153,goleiro_time1,0.9468756554022824,9,,,goleiro1,GOL-TIME1,0.8651910711720289,0.928279991635474,0.0,3
0.0006412513138779902,False,153,time0,0.9400240582008405,4,,,time0,TIME0,0.8636843150863672,0.9301504455875658,0.0,7
0.0007049125281511523,False,153,time1,0.9084462970019467,8,,,time1,TIME1,0.859970186028741,0.952792112034226,0.0,6
0.00200230368697169,False,153,time1,0.8619456782247887,6,,,time1,TIME1,0.8422954148267718,0.9424898852624739,0.0,4
0.0015411005513781455,False,153,time0,0.8566361466294303,5,,,time0,TIME0,0.8408281825042576,0.9436233180427127,0.0,8
0.0026031511299448367,False,153,time0,0.8251988270504942,3,,,time0,TIME0,0.8278734686200022,0.9443675876202817,0.0,5
0.0014419776110800087,False,153,time0,0.8093855795976085,1,,,time0,TIME0,0.8205908845827452,0.9173262056110436,0.0,9
0.0,True,153,excluido,1.0,10,,,excluir,EXCLUÍDO,0.65,0.0,0.0,11
0.0,False,154,time1,1.0,7,,,time1,TIME1,0.8833903613531237,0.9335614454124945,0.0,10
7.640805124621354e-06,False,154,time0,0.9983559162113786,0,,,time0,TIME0,0.8706774878431338,0.8847806247741603,0.0,1
0.0005017750828512155,False,154,time1,0.9359005626171225,8,,,time1,TIME1,0.8681445925136685,0.952792112034226,0.0,6
0.0004123083141961591,False,154,time0,0.9318790082540613,4,,,time0,TIME0,0.8614733778886237,0.9301504455875658,0.0,7
0.000878466150931971,False,154,goleiro_time1,0.9204286019862297,9,,,goleiro1,GOL-TIME1,0.8572019621250497,0.928279991635474,0.0,3
0.0016635239575619272,False,154,time0,0.8990843633600931,3,,,time0,TIME0,0.8531432537437085,0.9443675876202817,0.0,5
0.0018926980178380689,False,154,time0,0.8684604499864627,2,,,time0,TIME0,0.8459748670490321,0.9533634173011243,0.0,2
0.0017837346205507474,False,154,time1,0.8686619199725065,6,,,time1,TIME1,0.8444477284846656,0.9424898852624739,0.0,4
0.0008432206970144827,False,154,time0,0.8741964429325086,1,,,time0,TIME0,0.8402844925682138,0.9173262056110436,0.0,9
0.0015709991682737478,False,154,time0,0.8340614260672129,5,,,time0,TIME0,0.8343442945561712,0.9436233180427127,0.0,8
0.0,True,154,excluido,1.0,10,,,excluir,EXCLUÍDO,0.65,0.0,0.0,11
0.0,False,155,time1,1.0,7,,,time1,TIME1,0.8833903613531237,0.9335614454124945,0.0,10
6.185386079035068e-05,False,155,time0,0.9933788055445101,0,,,time0,TIME0,0.869110926716288,0.8847806247741603,0.0,1
0.0001595678742995871,False,155,time0,0.9538968459815962,4,,,time0,TIME0,0.8683880800573609,0.9301504455875658,0.0,7
0.0008222618852844189,False,155,time1,0.8981522770196804,8,,,time1,TIME1,0.8564508589111631,0.952792112034226,0.0,6
0.0009145525954020748,False,155,goleiro_time1,0.9147806235565331,9,,,goleiro1,GOL-TIME1,0.8556113865855473,0.928279991635474,0.0,3
0.0006411747079942689,False,155,time0,0.8990704673004503,1,,,time0,TIME0,0.8480287481684312,0.9173262056110436,0.0,9
0.0017704220399311708,False,155,time1,0.8619277181090714,6,,,time1,TIME1,0.8425240499811357,0.9424898852624739,0.0,4
0.002462696119239495,False,155,time0,0.8529770342605778,3,,,time0,TIME0,0.8390908946850353,0.9443675876202817,0.0,5
0.0022270308517963657,False,155,time0,0.8416949553370671,2,,,time0,TIME0,0.8384761327335225,0.9533634173011243,0.0,2
0.012324454414406749,False,155,time0,0.3362529154704423,5,,,time0,TIME0,0.6676486313627721,0.9436233180427127,0.0,8
0.0,True,155,excluido,1.0,10,,,excluir,EXCLUÍDO,0.65,0.0,0.0,11
0.0,False,156,goleiro_time1,1.0,9,,,goleiro1,GOL-TIME1,0.8807422179006958,0.9254631059538803,0.0,3
0.00017445618975155783,False,156,time1,0.9617010488149806,8,,,time1,TIME1,0.8757123772005506,0.9521449911496135,0.0,6
0.0006708966240335789,False,156,time0,0.9457004400316511,2,,,time0,TIME0,0.870132413272108,0.9523806247342153,0.0,2
3.838190997054568e-05,False,156,time0,0.9924357247365873,0,,,time0,TIME0,0.8691214654699049,0.8857666193931867,0.0,1
0.0008044589823018095,False,156,time0,0.9260230098775903,4,,,time0,TIME0,0.8591306155760928,0.929979305498544,0.0,7
0.0004788873248225727,False,156,time0,0.9321620164919747,1,,,time0,TIME0,0.8581776328193624,0.9168407944847636,0.0,9
0.0007437071681741137,False,156,time1,0.9307172497607632,5,,,time1,TIME1,0.8544040292513981,0.9351274119386216,0.0,10
0.0010604605245219262,False,156,time0,0.885437386741479,3,,,time0,TIME0,0.8494309001149907,0.946285009249545,0.0,5
0.0020131415424204527,False,156,time1,0.8334977382178124,6,,,time1,TIME1,0.8335605813231319,0.9421970783915796,0.0,4
0.0,True,156,excluido,1.0,10,,,excluir,EXCLUÍDO,0.65,0.0,0.0,11
0.018954971866827736,False,156,time0,0.09517661330756057,7,,,time0,TIME0,0.5845361885842275,0.9445553666112867,0.0,8
0.0,False,157,time1,1.0,5,,,time1,TIME1,0.8832747799154457,0.9351274119386216,0.0,10
0.0003101991649393417,False,157,time1,0.9544378444982808,8,,,time1,TIME1,0.873987196945649,0.9521449911496135,0.0,6
1.6421649117971526e-05,False,157,time0,0.9975333431697995,0,,,time0,TIME0,0.8706495481443048,0.8857666193931867,0.0,1
0.00030337248995374,False,157,time0,0.9595437369413409,4,,,time0,TIME0,0.869698189764335,0.929979305498544,0.0,7
0.0007038414662855061,False,157,time0,0.9211202437940139,1,,,time0,TIME0,0.8545382112689386,0.9168407944847636,0.0,9
0.0010212369930148717,False,157,time0,0.8695439281104106,2,,,time0,TIME0,0.8471132691088533,0.9523806247342153,0.0,2
0.0015147548240512687,False,157,goleiro_time1,0.8572599579835313,9,,,goleiro1,GOL-TIME1,0.8361339266634478,0.9254631059538803,0.0,3
0.00184172902872346,False,157,time1,0.8373630869380818,6,,,time1,TIME1,0.8346596014658185,0.9421970783915796,0.0,4
0.003720404618574383,False,157,time0,0.8123561435008303,3,,,time0,TIME0,0.8244055734547007,0.946285009249545,0.0,5
0.0032595639150558753,False,157,time0,0.6633511677962526,7,,,time0,TIME0,0.7712856373186097,0.9445553666112867,0.0,8
0.0,True,157,excluido,1.0,10,,,excluir,EXCLUÍDO,0.65,0.0,0.0,11
0.0,False,158,time1,1.0,8,,,time1,TIME1,0.887824748356763,0.9521449911496135,0.0,6
0.0,False,158,time1,1.0,5,,,time1,TIME1,0.8837818529846554,0.9351274119386216,0.0,10
1.1606658590296006e-05,False,158,time0,0.998668059280318,0,,,time0,TIME0,0.8710129610273805,0.8857666193931867,0.0,1
0.000434229747343886,False,158,time0,0.9414620541912391,1,,,time0,TIME0,0.8608582802539584,0.9168407944847636,0.0,9
0.000367767040683321,False,158,time1,0.919720247474367,6,,,time1,TIME1,0.8601067693469133,0.9421970783915796,0.0,4
0.0005602887875972872,False,158,goleiro_time1,0.9281983360729651,9,,,goleiro1,GOL-TIME1,0.8585798449108091,0.9254631059538803,0.0,3
0.00198514640417202,False,158,time0,0.845030409762264,3,,,time0,TIME0,0.8345927239679267,0.946285009249545,0.0,5
0.002154853904266292,False,158,time0,0.7990015066796173,7,,,time0,TIME0,0.822061639750163,0.9445553666112867,0.0,8
0.0025442185787245904,False,158,time0,0.7915118003757488,4,,,time0,TIME0,0.8160262791742915,0.929979305498544,0.0,7
0.010692682936126482,False,158,time0,0.47918323215443864,2,,,time0,TIME0,0.7143026607159322,0.9523806247342153,0.0,2
0.0,True,158,excluido,1.0,10,,,excluir,EXCLUÍDO,0.65,0.0,0.0,11
0.0,False,159,time1,1.0,8,,,time1,TIME1,0.8880064072561498,0.9520256290245992,0.0,6
0.0,False,159,time0,1.0,7,,,time0,TIME0,0.8847653354299775,0.9449382160042727,0.0,8
0.00022307968173330582,False,159,time0,0.982119708624805,2,,,time0,TIME0,0.875249417982639,0.9518955375789543,0.0,2
0.0009897432488371715,False,159,time0,0.9513824418684439,3,,,time0,TIME0,0.8699732672982012,0.9498854712179046,0.0,5
2.265521509779908e-05,False,159,time0,0.9938133594900193,0,,,time0,TIME0,0.8697011777726347,0.8864004069327609,0.0,1
0.0004431998904686733,False,159,goleiro_time1,0.9456882674064065,9,,,goleiro1,GOL-TIME1,0.8638297776984173,0.9235841245960296,0.0,3
0.0004990106250963401,False,159,time0,0.9354867444010403,1,,,time0,TIME0,0.8591064828744078,0.916255949316075,0.0,9
0.0007726522701130648,False,159,time0,0.9254234214988926,4,,,time0,TIME0,0.8582472398568068,0.9301416840402359,0.0,7
0.0015232512790063165,False,159,time1,0.9033735277949403,6,,,time1,TIME1,0.8540968970726496,0.9417576592690308,0.0,4
0.0052861984424154495,False,159,time1,0.718467914975649,5,,,time1,TIME1,0.7913348588636354,0.9368173821173156,0.0,10
0.0,True,159,excluido,1.0,10,,,excluir,EXCLUÍDO,0.65,0.0,0.0,11
0.0,False,160,time1,1.0,8,,,time1,TIME1,0.8880064072561498,0.9520256290245992,0.0,6
0.0,False,160,time1,1.0,5,,,time1,TIME1,0.8806001193185911,0.9368173821173156,0.0,10
0.0005703453644968384,False,160,time0,0.9564816903915578,2,,,time0,TIME0,0.8741125333125996,0.9518955375789543,0.0,2
1.3917866980335453e-05,False,160,time0,0.9984446976548307,0,,,time0,TIME0,0.8711011559915827,0.8864004069327609,0.0,1
0.0006889290910054858,False,160,time0,0.914515744642688,1,,,time0,TIME0,0.852646895120789,0.916255949316075,0.0,9
0.0014071632301386665,False,160,time1,0.8822571820263673,6,,,time1,TIME1,0.8479607823588508,0.9417576592690308,0.0,4
0.0023146180621182754,False,160,time0,0.8754224425286912,3,,,time0,TIME0,0.8470184781776393,0.9498854712179046,0.0,5
0.0012169755782566562,False,160,time0,0.8843235383555345,4,,,time0,TIME0,0.8463853737365484,0.9301416840402359,0.0,7
0.0010880721260280188,False,160,goleiro_time1,0.8745897834173385,9,,,goleiro1,GOL-TIME1,0.8417850121030589,0.9235841245960296,0.0,3
0.0030202814293946436,False,160,time0,0.7578738940776266,7,,,time0,TIME0,0.8087917290412283,0.9449382160042727,0.0,8
0.0,True,160,excluido,1.0,10,,,excluir,EXCLUÍDO,0.65,0.0,0.0,11
0.0,False,161,time1,1.0,8,,,time1,TIME1,0.8880064072561498,0.9520256290245992,0.0,6
0.0,False,161,time1,1.0,5,,,time1,TIME1,0.8842043455293289,0.9368173821173156,0.0,10
0.000736606969597728,False,161,time0,0.9510978725433026,2,,,time0,TIME0,0.8724805121281536,0.9518955375789543,0.0,2
2.0566634630391566e-05,False,161,time0,0.99871270447754,0,,,time0,TIME0,0.8711890488794173,0.8864004069327609,0.0,1
0.0007372049520821146,False,161,time0,0.9431998196046211,3,,,time0,TIME0,0.8686542870242377,0.9498854712179046,0.0,5
0.0005110120275273212,False,161,time0,0.9385940677640038,1,,,time0,TIME0,0.8599998323697639,0.916255949316075,0.0,9
0.0010263294071845308,False,161,time1,0.9149372957635652,6,,,time1,TIME1,0.8586799345476693,0.9417576592690308,0.0,4
0.0008819901230479012,False,161,time0,0.9032049188561462,7,,,time0,TIME0,0.8549265433641539,0.9449382160042727,0.0,8
0.0008242854474592499,False,161,goleiro_time1,0.8961299278187563,9,,,goleiro1,GOL-TIME1,0.8488047698532946,0.9235841245960296,0.0,3
0.000689780177300393,False,161,time0,0.8705709644750741,4,,,time0,TIME0,0.8417939830092729,0.9301416840402359,0.0,7
0.00016174636045946059,True,161,excluido,0.8870378542681401,10,,,excluir,EXCLUÍDO,0.6158540325251656,0.0,0.0,11
0.0,False,162,time1,1.0,8,,,time1,TIME1,0.8878306965148068,0.951322786059227,0.0,6
0.0,False,162,time1,1.0,5,,,time1,TIME1,0.8845377638259228,0.9381510553036908,0.0,10
0.0005026170880512975,False,162,time1,0.9586940026989497,6,,,time1,TIME1,0.8719050391126587,0.940484992252783,0.0,4
8.486738437246719e-05,False,162,time0,0.9950989038483327,0,,,time0,TIME0,0.8700825271488678,0.886700828281247,0.0,1
0.000829167271547235,False,162,time0,0.937609996128649,2,,,time0,TIME0,0.8678809177330503,0.9503205604062926,0.0,2
0.000597515797284493,False,162,time0,0.9295094970937628,3,,,time0,TIME0,0.8661282705395981,0.9527138162371009,0.0,5
0.0005276933899328255,False,162,goleiro_time1,0.9325321443486329,9,,,goleiro1,GOL-TIME1,0.8595219915930933,0.9218322294490514,0.0,3
0.001015976553224759,False,162,time0,0.9065744164498896,7,,,time0,TIME0,0.8572271020519754,0.9451047077538322,0.0,8
0.0007895838445838101,False,162,time0,0.9158376494606497,4,,,time0,TIME0,0.8554306281425448,0.9290955695354662,0.0,7
0.0010356510749240898,False,162,time0,0.8812293031997288,1,,,time0,TIME0,0.8417918757718923,0.9157590342414956,0.0,9
2.072230057639395e-05,True,162,excluido,0.9921398193456572,10,,,excluir,EXCLUÍDO,0.6475092733546726,0.0,0.0,11
0.0,False,163,time1,1.0,8,,,time1,TIME1,0.8878306965148068,0.951322786059227,0.0,6
0.0,False,163,time1,1.0,5,,,time1,TIME1,0.8845377638259228,0.9381510553036908,0.0,10
3.7867921271745864e-05,False,163,time0,0.995672802829302,0,,,time0,TIME0,0.8702608915152797,0.886700828281247,0.0,1
0.0002475387228285835,False,163,goleiro_time1,0.9488000632164905,9,,,goleiro1,GOL-TIME1,0.8646041931965665,0.9218322294490514,0.0,3
0.0005942575613400413,False,163,time0,0.9305546772286571,1,,,time0,TIME0,0.8571735062984893,0.9157590342414956,0.0,9
0.0012072187282187116,False,163,time1,0.905148216443513,6,,,time1,TIME1,0.8549976500639788,0.940484992252783,0.0,4
0.001383861749605555,False,163,time0,0.8927741308321658,3,,,time0,TIME0,0.8541694489403999,0.9527138162371009,0.0,5
0.0012864454463460855,False,163,time0,0.8826172118316967,7,,,time0,TIME0,0.8495717548867511,0.9451047077538322,0.0,8
0.001161498408983604,False,163,time0,0.8902112463580196,4,,,time0,TIME0,0.8480136640615269,0.9290955695354662,0.0,7
0.007477653927670592,False,163,time0,0.6286060207474553,2,,,time0,TIME0,0.7646104312022242,0.9503205604062926,0.0,2
0.0,True,163,excluido,1.0,10,,,excluir,EXCLUÍDO,0.6499858711586979,0.0,0.0,11
0.0,False,164,time1,1.0,8,,,time1,TIME1,0.8878306965148068,0.951322786059227,0.0,6
0.0,False,164,time1,1.0,5,,,time1,TIME1,0.8845377638259228,0.9381510553036908,0.0,10
7.676214577277163e-05,False,164,time0,0.9895685255073172,0,,,time0,TIME0,0.8684177912990286,0.886700828281247,0.0,1
0.00047100153544524286,False,164,goleiro_time1,0.9413990220827116,9,,,goleiro1,GOL-TIME1,0.8622061914106657,0.9218322294490514,0.0,3
0.0009445616059420333,False,164,time1,0.9239252453928729,6,,,time1,TIME1,0.8612575608070786,0.940484992252783,0.0,4
0.0002654858325823704,False,164,time0,0.9320382026406699,4,,,time0,TIME0,0.8610207786650642,0.9290955695354662,0.0,7
0.000871106811392639,False,164,time0,0.9061305495748457,1,,,time0,TIME0,0.8497658555821781,0.9157590342414956,0.0,9
0.0018201578265149853,False,164,time0,0.8745240156409265,3,,,time0,TIME0,0.8485241138191837,0.9527138162371009,0.0,5
0.0014977503471600548,False,164,time0,0.8882972541472686,2,,,time0,TIME0,0.8476403275458939,0.9503205604062926,0.0,2
0.001359370696382709,False,164,time0,0.869571220156409,7,,,time0,TIME0,0.8457878812512083,0.9451047077538322,0.0,8
0.0,True,164,excluido,1.0,10,,,excluir,EXCLUÍDO,0.65,0.0,0.0,11
0.0,False,165,time1,1.0,8,,,time1,TIME1,0.8879567898009364,0.9518271592037457,0.0,6
0.0,False,165,time0,1.0,7,,,time0,TIME0,0.8853594918187951,0.9451453419016791,0.0,8
4.641002902123995e-05,False,165,time0,0.9920263233695865,0,,,time0,TIME0,0.8693209850621773,0.8872508468804965,0.0,1
0.0004712733595015205,False,165,goleiro_time1,0.9279662631940242,9,,,goleiro1,GOL-TIME1,0.8577282228798655,0.9201106935517678,0.0,3
0.00127731331475327,False,165,time0,0.919057518188706,4,,,time0,TIME0,0.8562240318339871,0.929513808764307,0.0,7
0.0014511695054086015,False,165,time0,0.8938763254216288,3,,,time0,TIME0,0.8552199761715398,0.9556377511541501,0.0,5
0.0016313510083701462,False,165,time1,0.8752833613263558,6,,,time1,TIME1,0.845480741417571,0.9394493830132009,0.0,4
0.0021315078807094007,False,165,time0,0.8616878178788203,2,,,time0,TIME0,0.8433907000017018,0.9497101013768854,0.0,2
0.0011211240643200359,False,165,time0,0.8720914479568681,1,,,time0,TIME0,0.8393851218440598,0.9158203946925615,0.0,9
0.004892190944079902,False,165,time1,0.7271472654796685,5,,,time1,TIME1,0.7953399682993451,0.9399152788113775,0.0,10
0.0,True,165,excluido,1.0,10,,,excluir,EXCLUÍDO,0.65,0.0,0.0,11
0.0,False,166,time1,1.0,8,,,time1,TIME1,0.8879567898009364,0.9518271592037457,0.0,6
0.0,False,166,time1,1.0,5,,,time1,TIME1,0.8816432349682445,0.9399152788113775,0.0,10
2.6073638511025797e-05,False,166,time0,0.9970043296949359,0,,,time0,TIME0,0.8708537901297229,0.8872508468804965,0.0,1
0.00019389746936452495,False,166,goleiro_time1,0.965511910015413,9,,,goleiro1,GOL-TIME1,0.8693045441022534,0.9201106935517678,0.0,3
0.0015012858862571033,False,166,time0,0.910803091576071,4,,,time0,TIME0,0.854060779748245,0.929513808764307,0.0,7
0.0017275345149578081,False,166,time0,0.8885500404009284,3,,,time0,TIME0,0.8533593672358413,0.9556377511541501,0.0,5
0.001986134467874906,False,166,time1,0.8493586371723859,6,,,time1,TIME1,0.8375740094156587,0.9394493830132009,0.0,4
0.0014461099658168574,False,166,time0,0.8244656588282993,1,,,time0,TIME0,0.8247548155732453,0.9158203946925615,0.0,9
0.004909156661437895,False,166,time0,0.6625726844510543,7,,,time0,TIME0,0.7772481188493576,0.9451453419016791,0.0,8
0.00815144397115204,False,166,time0,0.6270155300787544,2,,,time0,TIME0,0.762935004742628,0.9497101013768854,0.0,2
0.0,True,166,excluido,1.0,10,,,excluir,EXCLUÍDO,0.65,0.0,0.0,11
0.0,False,167,time1,1.0,8,,,time1,TIME1,0.8879567898009364,0.9518271592037457,0.0,6
0.0,False,167,time1,1.0,5,,,time1,TIME1,0.8849788197028444,0.9399152788113775,0.0,10
1.5784265018764292e-05,False,167,time0,0.9951746926955021,0,,,time0,TIME0,0.8703222367002932,0.8872508468804965,0.0,1
0.0012644177542424284,False,167,time0,0.9207876664279016,4,,,time0,TIME0,0.8572974887267975,0.929513808764307,0.0,7
0.0004270731851007358,False,167,goleiro_time1,0.9169114233785914,9,,,goleiro1,GOL-TIME1,0.8543296554696508,0.9201106935517678,0.0,3
0.0024558302027631257,False,167,time0,0.8507718344072625,2,,,time0,TIME0,0.8352688118860652,0.9497101013768854,0.0,2
0.00109584168753806,False,167,time0,0.8524760129886355,1,,,time0,TIME0,0.8334595311307251,0.9158203946925615,0.0,9
0.0020348935548074594,False,167,time1,0.829312714952705,6,,,time1,TIME1,0.8317010585397399,0.9394493830132009,0.0,4
0.0030445846713714393,False,167,time0,0.7847842048324694,7,,,time0,TIME0,0.8176799599273585,0.9451453419016791,0.0,8
0.005165530071954487,False,167,time0,0.7375726137961146,3,,,time0,TIME0,0.8023739922758213,0.9556377511541501,0.0,5
0.0,True,167,excluido,1.0,10,,,excluir,EXCLUÍDO,0.65,0.0,0.0,11
0.0,False,168,time1,1.0,8,,,time1,TIME1,0.8878421789563244,0.9513687158252979,0.0,6
0.0,False,168,time1,1.0,5,,,time1,TIME1,0.88525387182984,0.9410154873193597,0.0,10
1.8778480180110523e-05,False,168,time0,0.997746092368163,0,,,time0,TIME0,0.8712006596998403,0.8876037938906989,0.0,1
0.0008367192419080836,False,168,time0,0.9336119680950592,4,,,time0,TIME0,0.861383546177608,0.9296523551834666,0.0,7
0.0005235795017798673,False,168,goleiro_time1,0.932709610879466,9,,,goleiro1,GOL-TIME1,0.8580289567982632,0.9172057765724948,0.0,3
0.002561360641812263,False,168,time0,0.8300884477714211,2,,,time0,TIME0,0.8338397929090927,0.9503539326414475,0.0,2
0.003338062319231789,False,168,time0,0.8214562769436766,3,,,time0,TIME0,0.8313594040994495,0.95742934208653,0.0,5
0.002484848917375772,False,168,time0,0.8153424834371121,7,,,time0,TIME0,0.8283786793083479,0.9456956807067025,0.0,8
0.002166865098045325,False,168,time1,0.8074103291359317,6,,,time1,TIME1,0.8249153318210081,0.9391067457609633,0.0,4
0.0012507186944028588,False,168,time0,0.8213713974332878,1,,,time0,TIME0,0.8239530350473196,0.9158203946925615,0.0,9
0.0,True,168,excluido,1.0,10,,,excluir,EXCLUÍDO,0.65,0.0,0.0,11
0.0,False,169,time1,1.0,8,,,time1,TIME1,0.8878421789563244,0.9513687158252979,0.0,6
0.0,False,169,time0,1.0,7,,,time0,TIME0,0.8847297050057377,0.9456956807067025,0.0,8
4.4415737047737725e-06,False,169,time0,0.9993186258204718,0,,,time0,TIME0,0.8716767920633314,0.8876037938906989,0.0,1
0.0006943762766618094,False,169,time0,0.9412531399141487,4,,,time0,TIME0,0.864057164635877,0.9296523551834666,0.0,7
0.001062138751431531,False,169,time1,0.8979811645868956,6,,,time1,TIME1,0.8524084496635485,0.9391067457609633,0.0,4
0.0007060218422262859,False,169,goleiro_time1,0.892235057714133,9,,,goleiro1,GOL-TIME1,0.8458715869106735,0.9172057765724948,0.0,3
0.0025516908485269446,False,169,time0,0.8274269898753723,2,,,time0,TIME0,0.8321313793254863,0.9503539326414475,0.0,2
0.0009743371460999483,False,169,time0,0.8406016082386526,1,,,time0,TIME0,0.8300307475683333,0.9158203946925615,0.0,9
0.004798265028105222,False,169,time0,0.7559282885463735,3,,,time0,TIME0,0.8103065300169663,0.95742934208653,0.0,5
0.011415379799211606,False,169,time1,0.5144813587125886,5,,,time1,TIME1,0.7214374479448709,0.9410154873193597,0.0,10
0.0,True,169,excluido,1.0,10,,,excluir,EXCLUÍDO,0.65,0.0,0.0,11
0.0,False,170,time1,1.0,5,,,time1,TIME1,0.8774706583303774,0.9410154873193597,0.0,10
8.748979306741809e-06,False,170,time0,0.9990443453194857,0,,,time0,TIME0,0.8716005801765513,0.8876037938906989,0.0,1
0.0006766641846274524,False,170,time1,0.9374006676275886,6,,,time1,TIME1,0.8649720016535533,0.9391067457609633,0.0,4
0.0004139225929491873,False,170,goleiro_time1,0.9468924106354424,9,,,goleiro1,GOL-TIME1,0.8627706730000781,0.9172057765724948,0.0,3
0.0004435360431743275,False,170,time0,0.9177839163559052,4,,,time0,TIME0,0.8571522082932173,0.9296523551834666,0.0,7
0.0012445710468680312,False,170,time0,0.8328709896056032,1,,,time0,TIME0,0.8267492148153535,0.9158203946925615,0.0,9
0.005373756836749311,False,170,time0,0.7535107184085487,3,,,time0,TIME0,0.8085399329681905,0.95742934208653,0.0,5
0.00653597219563275,False,170,time0,0.6744392562729787,2,,,time0,TIME0,0.7810343926136296,0.9503539326414475,0.0,2
0.005835109328449925,False,170,time0,0.6137936038781867,7,,,time0,TIME0,0.7612788728630522,0.9456956807067025,0.0,8
0.005419816961420952,False,170,time1,0.516190037762737,8,,,time1,TIME1,0.7340767542101577,0.9513687158252979,0.0,6
0.0,True,170,excluido,1.0,10,,,excluir,EXCLUÍDO,0.65,0.0,0.0,11
0.0,False,171,time1,1.0,5,,,time1,TIME1,0.8851429611909237,0.9405718447636948,0.0,10
1.6728534000376984e-05,False,171,time0,0.9975704740771533,0,,,time0,TIME0,0.8712527946016155,0.8880541667992994,0.0,1
0.0001904858187231372,False,171,goleiro_time1,0.9768379683442149,9,,,goleiro1,GOL-TIME1,0.871000834941566,0.9133915212175806,0.0,3
0.00046415271577868465,False,171,time1,0.9488547260581058,6,,,time1,TIME1,0.868468590603048,0.9381750876015228,0.0,4
0.0004087121752791735,False,171,time0,0.9440478161146517,4,,,time0,TIME0,0.8651467711805132,0.9298820430644845,0.0,7
0.0011726327444220805,False,171,time0,0.9196739972725733,2,,,time0,TIME0,0.8583066344065411,0.951375899466991,0.0,2
0.0005809322468947601,False,171,time0,0.9152639116824743,1,,,time0,TIME0,0.8527568001941295,0.9172767051960524,0.0,9
0.001256774922200954,False,171,time1,0.8501484636400647,8,,,time1,TIME1,0.8375566779516714,0.9502396526112743,0.0,6
0.003418070518837868,False,171,time0,0.8239934972045155,3,,,time0,TIME0,0.8327596103730256,0.9600192015239668,0.0,5
0.003683744593891462,False,171,time0,0.7287234168565372,7,,,time0,TIME0,0.799253785499106,0.946422374071066,0.0,8
0.0,True,171,excluido,1.0,10,,,excluir,EXCLUÍDO,0.65,0.0,0.0,11
0.0,False,172,time1,1.0,5,,,time1,TIME1,0.8851429611909237,0.9405718447636948,0.0,10
0.0,False,172,time0,1.0,7,,,time0,TIME0,0.8840939494764768,0.946422374071066,0.0,8
1.0073779137575138e-05,False,172,time0,0.9983373123100429,0,,,time0,TIME0,0.8714967580648574,0.8880541667992994,0.0,1
0.00025425282267777606,False,172,goleiro_time1,0.9555545659335181,9,,,goleiro1,GOL-TIME1,0.8647154569233498,0.9133915212175806,0.0,3
0.0003718937133943572,False,172,time0,0.9459920178808456,1,,,time0,TIME0,0.8626357853106684,0.9172767051960524,0.0,9
0.0007602678889958502,False,172,time0,0.9366467911422918,4,,,time0,TIME0,0.862483666386238,0.9298820430644845,0.0,7
0.0008858704393540693,False,172,time1,0.9238091438815259,6,,,time1,TIME1,0.8605848055072743,0.9381750876015228,0.0,4
0.0016416195451254508,False,172,time0,0.8945605713590119,2,,,time0,TIME0,0.8543958013662845,0.951375899466991,0.0,2
0.0008570542483757379,False,172,time1,0.8758063525044231,8,,,time1,TIME1,0.8489619360965907,0.9502396526112743,0.0,6
0.01424476403375091,False,172,time0,0.48111663681525146,3,,,time0,TIME0,0.7132322142977403,0.9600192015239668,0.0,5
0.0,True,172,excluido,1.0,10,,,excluir,EXCLUÍDO,0.65,0.0,0.0,11
0.0,False,173,time0,1.0,7,,,time0,TIME0,0.8866055935177666,0.946422374071066,0.0,8
0.0,False,173,time1,1.0,5,,,time1,TIME1,0.8851429611909237,0.9405718447636948,0.0,10
1.8737979892330174e-05,False,173,time0,0.9975627941501918,0,,,time0,TIME0,0.8712590481472884,0.8880541667992994,0.0,1
0.00015575524766252855,False,173,goleiro_time1,0.9686108325657801,9,,,goleiro1,GOL-TIME1,0.8685325099861049,0.9133915212175806,0.0,3
0.0006496292580089499,False,173,time1,0.9291823167766174,8,,,time1,TIME1,0.865213808882318,0.9502396526112743,0.0,6
0.000894153615411657,False,173,time0,0.9225100385750348,4,,,time0,TIME0,0.8583055006352928,0.9298820430644845,0.0,7
0.0011124586705618144,False,173,time1,0.9150731617783352,6,,,time1,TIME1,0.8575461651212665,0.9381750876015228,0.0,4
0.001838048699432941,False,173,time0,0.8824201929560903,2,,,time0,TIME0,0.8506846968620976,0.951375899466991,0.0,2
0.0029374488571007923,False,173,time0,0.8790975399503507,3,,,time0,TIME0,0.8401435120627788,0.9600192015239668,0.0,5
0.0013498425478837154,False,173,time0,0.8238041695116131,1,,,time0,TIME0,0.8245664459515164,0.9172767051960524,0.0,9
0.0,True,173,excluido,1.0,10,,,excluir,EXCLUÍDO,0.65,0.0,0.0,11
0.0,False,174,time0,1.0,7,,,time0,TIME0,0.886706097250833,0.9468243890033321,0.0,8
0.0,False,174,time1,1.0,5,,,time1,TIME1,0.8851397037689976,0.9405588150759904,0.0,10
2.2969568736790037e-05,False,174,time0,0.9959952480868922,0,,,time0,TIME0,0.8708584369790281,0.8883351417866386,0.0,1
0.0005136461030827502,False,174,goleiro_time1,0.9429086986960968,9,,,goleiro1,GOL-TIME1,0.8596861196378105,0.9106768924653441,0.0,3
0.0009576935793125714,False,174,time1,0.9107647090063687,8,,,time1,TIME1,0.8595079693068599,0.9498051272457112,0.0,6
0.0009846956820855322,False,174,time1,0.9184731314796053,6,,,time1,TIME1,0.8586243357624739,0.9376652443401997,0.0,4
0.0022662449470819816,False,174,time0,0.9018263004083152,3,,,time0,TIME0,0.8575589023084156,0.9597455961907558,0.0,5
0.0006895878508731163,False,174,time0,0.9006752783729656,1,,,time0,TIME0,0.8489865253958917,0.9195196613125025,0.0,9
0.0015610048907286403,False,174,time0,0.8822348817261491,4,,,time0,TIME0,0.8453173547385227,0.9301349120148488,0.0,7
0.0023003399429695694,False,174,time0,0.8556872960955308,2,,,time0,TIME0,0.8424868228933132,0.9527788833895872,0.0,2
0.0,True,174,excluido,1.0,10,,,excluir,EXCLUÍDO,0.65,0.0,0.0,11
0.0,False,175,time0,1.0,7,,,time0,TIME0,0.886706097250833,0.9468243890033321,0.0,8
0.0,False,175,time1,1.0,5,,,time1,TIME1,0.8851397037689976,0.9405588150759904,0.0,10
0.0001693319663838239,False,175,time0,0.9829442817258357,0,,,time0,TIME0,0.8666860396859443,0.8883351417866386,0.0,1
0.0007578592681074792,False,175,time1,0.9386669143806097,6,,,time1,TIME1,0.8651688242086959,0.9376652443401997,0.0,4
0.0004727744796958463,False,175,time0,0.9492720468546295,1,,,time0,TIME0,0.8639748146820472,0.9195196613125025,0.0,9
0.0006016508915695013,False,175,goleiro_time1,0.936369894933946,9,,,goleiro1,GOL-TIME1,0.857553369928505,0.9106768924653441,0.0,3
0.0009302921112967927,False,175,time1,0.8983448984258463,8,,,time1,TIME1,0.8558460420169983,0.9498051272457112,0.0,6
0.0011645561505886737,False,175,time0,0.8995871443226113,4,,,time0,TIME0,0.8510665297903292,0.9301349120148488,0.0,7
0.001718690238851241,False,175,time0,0.881074961989578,2,,,time0,TIME0,0.8505264987525941,0.9527788833895872,0.0,2
0.0033154511033701432,False,175,time0,0.8014590978246108,3,,,time0,TIME0,0.8261102449993807,0.9597455961907558,0.0,5
0.0,True,175,excluido,1.0,10,,,excluir,EXCLUÍDO,0.65,0.0,0.0,11
0.0,False,176,time0,1.0,7,,,time0,TIME0,0.886706097250833,0.9468243890033321,0.0,8
0.0,False,176,time1,1.0,5,,,time1,TIME1,0.8851397037689976,0.9405588150759904,0.0,10
7.416155358373732e-05,False,176,time0,0.9918265719139348,0,,,time0,TIME0,0.86942512432083,0.8883351417866386,0.0,1
0.0005921216776906679,False,176,goleiro_time1,0.9300240635330985,9,,,goleiro1,GOL-TIME1,0.8559095126389296,0.9106768924653441,0.0,3
0.000815682809646832,False,176,time0,0.9103478816191166,1,,,time0,TIME0,0.8518822145185889,0.9195196613125025,0.0,9
0.001816610618972072,False,176,time0,0.8642844581436393,2,,,time0,TIME0,0.8457600414257292,0.9527788833895872,0.0,2
0.0016557769212256423,False,176,time1,0.8748021806701203,6,,,time1,TIME1,0.8447385094060786,0.9376652443401997,0.0,4
0.0039256471022407115,False,176,time0,0.8537259319804524,3,,,time0,TIME0,0.8420682225452828,0.9597455961907558,0.0,5
0.0014673662214517282,False,176,time1,0.823203773580219,8,,,time1,TIME1,0.8323799209681437,0.9498051272457112,0.0,6
0.0029210744762862804,False,176,time0,0.7689259230348552,4,,,time0,TIME0,0.8093415399953338,0.9301349120148488,0.0,7
0.0,True,176,excluido,1.0,10,,,excluir,EXCLUÍDO,0.65,0.0,0.0,11
0.005138319662056652,False,177,time0,0.785139699861051,3,,,time0,TIME0,0.9189677382623426,0.9594233806894887,1.0,5
0.0,False,177,time0,1.0,7,,,time0,TIME0,0.8864228554244934,0.9456914216979736,0.0,8
2.58231918085582e-05,False,177,time0,0.9943673255936136,0,,,time0,TIME0,0.8705820416893094,0.8893325691564491,0.0,1
0.0010825316435371496,False,177,time1,0.924887730719413,6,,,time1,TIME1,0.8602725756424665,0.9369917575179454,0.0,4
0.0007253713216097207,False,177,time0,0.9252042633168875,1,,,time0,TIME0,0.8575962320788197,0.9232393244627212,0.0,9
0.0005743215142562182,False,177,goleiro_time1,0.9312728926401804,9,,,goleiro1,GOL-TIME1,0.8558266852364553,0.9081694686228035,0.0,3
0.0013310801942567757,False,177,time1,0.8533469083700852,8,,,time1,TIME1,0.8420859895786744,0.9496289107595541,0.0,6
0.0026532045011856686,False,177,time0,0.8131165653081354,2,,,time0,TIME0,0.8291003530085402,0.9530115663821328,0.0,2
0.0020875143899975438,False,177,time0,0.8064996515162328,4,,,time0,TIME0,0.8219341593547531,0.9299836912599295,0.0,7
0.0,True,177,excluido,1.0,10,,,excluir,EXCLUÍDO,0.65,0.0,0.0,11
0.021489679748989757,False,177,time1,0.13134607779219204,5,,,time1,TIME1,0.5903688161117107,0.9406124785897834,0.0,10
0.007314969411480504,False,178,time0,0.7900947744938136,3,,,time0,TIME0,0.9154525236356604,0.9594233806894887,1.0,5
0.0,False,178,time0,1.0,7,,,time0,TIME0,0.8864228554244934,0.9456914216979736,0.0,8
2.3981901538765444e-05,False,178,time0,0.9969986023963211,0,,,time0,TIME0,0.8714089748877408,0.8893325691564491,0.0,1
0.0005667108972718054,False,178,time0,0.9361027065225452,4,,,time0,TIME0,0.8617735072184165,0.9299836912599295,0.0,7
0.0006154764272157712,False,178,time0,0.93260866429085,1,,,time0,TIME0,0.8599372775292201,0.9232393244627212,0.0,9
0.00045741713076938875,False,178,goleiro_time1,0.9397270968174484,9,,,goleiro1,GOL-TIME1,0.8584566654521175,0.9081694686228035,0.0,3
0.0016484236695711095,False,178,time1,0.8885864014011532,6,,,time1,TIME1,0.8489346423225865,0.9369917575179454,0.0,4
0.0010887232253072772,False,178,time1,0.8740404158059749,8,,,time1,TIME1,0.8483747327589862,0.9496289107595541,0.0,6
0.002489993585889956,False,178,time0,0.8222860218566718,2,,,time0,TIME0,0.8325480053008513,0.9530115663821328,0.0,2
0.004532130303101832,False,178,time1,0.6100488901018809,5,,,time1,TIME1,0.7521798360114498,0.9406124785897834,0.0,10
0.0,True,178,excluido,1.0,10,,,excluir,EXCLUÍDO,0.65,0.0,0.0,11
0.005538865954525366,False,179,time0,0.8238511050915324,3,,,time0,TIME0,0.9307239338743213,0.9594233806894887,1.0,5
0.0,False,179,time0,1.0,7,,,time0,TIME0,0.8864228554244934,0.9456914216979736,0.0,8
0.00036498541002007493,False,179,time1,0.9518731248028045,8,,,time1,TIME1,0.8721426217513671,0.9496289107595541,0.0,6
0.00041620326679203153,False,179,time0,0.9575896908606318,4,,,time0,TIME0,0.8691798706471885,0.9299836912599295,0.0,7
0.00017325102954011918,False,179,time0,0.9800842601864403,0,,,time0,TIME0,0.8660984477862587,0.8893325691564491,0.0,1
0.00047252589106655177,False,179,time0,0.9497711745541991,1,,,time0,TIME0,0.8651875911410556,0.9232393244627212,0.0,9
0.000652773751972406,False,179,goleiro_time1,0.9238993970020345,9,,,goleiro1,GOL-TIME1,0.8534682187849416,0.9081694686228035,0.0,3
0.0017464183218864888,False,179,time1,0.8800282243184768,6,,,time1,TIME1,0.8466013963594552,0.9369917575179454,0.0,4
0.0019382248438013132,False,179,time0,0.8519185261363134,2,,,time0,TIME0,0.8416217907133596,0.9530115663821328,0.0,2
0.0019365062339225414,False,179,time1,0.7702462005061107,5,,,time1,TIME1,0.8106587994618693,0.9406124785897834,0.0,10
0.0,True,179,excluido,1.0,10,,,excluir,EXCLUÍDO,0.65,0.0,0.0,11
0.0060585842153714365,False,180,time0,0.7887276350270201,3,,,time0,TIME0,0.9206349398587016,0.9596153155616868,1.0,5
0.0,False,180,time0,1.0,7,,,time0,TIME0,0.885823594144181,0.9432943765767239,0.0,8
5.047100330881976e-05,False,180,time0,0.9943561427154372,0,,,time0,TIME0,0.8706677153639889,0.8899656087590562,0.0,1
0.0002255060843185273,False,180,time1,0.9378433686592647,8,,,time1,TIME1,0.8682447383388661,0.9488615047401021,0.0,6
0.0004404510582847821,False,180,time0,0.9485807893990748,1,,,time0,TIME0,0.8654720888915006,0.9255628139271284,0.0,9
0.0009532004159366323,False,180,time0,0.9179443648579391,2,,,time0,TIME0,0.8618409615699555,0.9521499786119815,0.0,2
0.0003501825913002509,False,180,goleiro_time1,0.950868489782392,9,,,goleiro1,GOL-TIME1,0.8613366155095485,0.9065075476049991,0.0,3
0.0007451026635671759,False,180,time0,0.9279169247343628,4,,,time0,TIME0,0.8598504521667719,0.9296362873345406,0.0,7
0.0009931812803126885,False,180,time1,0.8955783640855239,5,,,time1,TIME1,0.8520781983115977,0.940214261245367,0.0,10
0.0020009276220776116,False,180,time1,0.854450678609874,6,,,time1,TIME1,0.83772231455155,0.9335890579857533,0.0,4
0.0,True,180,excluido,1.0,10,,,excluir,EXCLUÍDO,0.65,0.0,0.0,11
0.004244004108909341,False,181,time0,0.8290454483551775,3,,,time0,TIME0,0.9334370483452221,0.9596153155616868,1.0,5
0.0,False,181,time0,1.0,7,,,time0,TIME0,0.885823594144181,0.9432943765767239,0.0,8
8.890998085780988e-05,False,181,time0,0.9780254713696733,0,,,time0,TIME0,0.8657302132898258,0.8899656087590562,0.0,1
0.0007979873070985525,False,181,time1,0.9256278939796952,8,,,time1,TIME1,0.8636111768541693,0.9488615047401021,0.0,6
0.0007522644005124054,False,181,time0,0.9204301839792607,4,,,time0,TIME0,0.8574705091289303,0.9296362873345406,0.0,7
0.00044763374770019496,False,181,time0,0.8909598059025401,1,,,time0,TIME0,0.8481986633600485,0.9255628139271284,0.0,9
0.0008813798125967964,False,181,goleiro_time1,0.9029072786124743,9,,,goleiro1,GOL-TIME1,0.8463275601920237,0.9065075476049991,0.0,3
0.001927617922115928,False,181,time0,0.8687724218965087,2,,,time0,TIME0,0.8461807305134373,0.9521499786119815,0.0,2
0.0022148877538466865,False,181,time1,0.8315640112304858,6,,,time1,TIME1,0.8307026420529371,0.9335890579857533,0.0,4
0.002795385833090528,False,181,time1,0.7744799619098438,5,,,time1,TIME1,0.8136021351148242,0.940214261245367,0.0,10
0.0,True,181,excluido,1.0,10,,,excluir,EXCLUÍDO,0.65,0.0,0.0,11
0.0030992725463802944,False,182,time0,0.8628980109087745,3,,,time0,TIME0,0.9445369903009689,0.9596153155616868,1.0,5
0.0,False,182,time0,1.0,7,,,time0,TIME0,0.885823594144181,0.9432943765767239,0.0,8
5.4464576467663426e-05,False,182,time0,0.9928143074647143,0,,,time0,TIME0,0.8701931293028338,0.8899656087590562,0.0,1
0.000902628255446175,False,182,time1,0.9083707999471246,8,,,time1,TIME1,0.8587435254495218,0.9488615047401021,0.0,6
0.0006559361037312728,False,182,time0,0.9167770709425601,1,,,time0,TIME0,0.8555764734215574,0.9255628139271284,0.0,9
0.0003955671383225041,False,182,goleiro_time1,0.9281664270182711,9,,,goleiro1,GOL-TIME1,0.8542828253806724,0.9065075476049991,0.0,3
0.001154325967507603,False,182,time0,0.8943928648296307,4,,,time0,TIME0,0.8492240859684338,0.9296362873345406,0.0,7
0.0017712741408735446,False,182,time0,0.8572297882767506,2,,,time0,TIME0,0.8427163341713898,0.9521499786119815,0.0,2
0.001572143792080716,False,182,time1,0.8612490045709066,5,,,time1,TIME1,0.8409941459277763,0.940214261245367,0.0,10
0.0020989758477792226,False,182,time1,0.8208380005875482,6,,,time1,TIME1,0.8275332429114628,0.9335890579857533,0.0,4
0.0,True,182,excluido,1.0,10,,,excluir,EXCLUÍDO,0.65,0.0,0.0,11
0.0003894409759477798,False,183,time1,0.9546379123579657,8,,,time1,TIME1,0.8728875482156411,0.9489916565784968,0.0,6
3.845905805650698e-05,False,183,time0,0.9967889748731535,0,,,time0,TIME0,0.8715122667464472,0.8902336907377231,0.0,1
0.0003598627086235407,False,183,time0,0.9594027646108672,4,,,time0,TIME0,0.8691468528282137,0.9287816140894788,0.0,7
0.0005464857263924005,False,183,goleiro_time1,0.9413812840333424,9,,,goleiro1,GOL-TIME1,0.8578367141124859,0.9047262926160213,0.0,3
0.0003162141473179233,False,183,time0,0.906164020171531,1,,,time0,TIME0,0.8529611261932724,0.9281194354409945,0.0,9
0.0016450783768740315,False,183,time0,0.882514213588833,2,,,time0,TIME0,0.8503489278248872,0.951064223447951,0.0,2
0.0013922895129271202,False,183,time1,0.8765822918332777,5,,,time1,TIME1,0.8465243116084131,0.9398384789523228,0.0,10
0.0017026431833094245,False,183,time1,0.8455614364010519,6,,,time1,TIME1,0.8346398528183054,0.9312181743016092,0.0,4
0.017159248780601204,False,183,time0,0.4825844551108616,3,,,time0,TIME0,0.8092239947271685,0.9600999074843306,1.0,5
0.0,True,183,excluido,1.0,10,,,excluir,EXCLUÍDO,0.65,0.0,0.0,11
0.03415743648095874,False,183,time0,0.053306322870881606,7,,,time0,TIME0,0.546956175965924,0.9412226212974664,0.0,8
0.003892226238129872,False,184,time0,0.8175180264563208,3,,,time0,TIME0,0.9217635943944792,0.9600999074843306,1.0,5
0.0001747741929506549,False,184,time0,0.9729750369006748,1,,,time0,TIME0,0.8734330875976785,0.9281194354409945,0.0,9
7.954125884199141e-05,False,184,time0,0.9962520207441188,0,,,time0,TIME0,0.8712840308977128,0.8902336907377231,0.0,1
0.00048726998706425165,False,184,time1,0.9456184355872098,8,,,time1,TIME1,0.8704000056183064,0.9489916565784968,0.0,6
0.0004925240345753253,False,184,time0,0.9558457187046746,4,,,time0,TIME0,0.8683671430648372,0.9287816140894788,0.0,7
0.0007274148723396419,False,184,time1,0.9167664641976009,6,,,time1,TIME1,0.8562354596291557,0.9312181743016092,0.0,4
0.0016698770712087227,False,184,time0,0.8814151158349298,2,,,time0,TIME0,0.8505441370452556,0.951064223447951,0.0,2
0.0008345011210815496,False,184,goleiro_time1,0.9155492863309702,9,,,goleiro1,GOL-TIME1,0.8498085626815617,0.9047262926160213,0.0,3
0.002116586272137435,False,184,time1,0.8300265799117866,5,,,time1,TIME1,0.8314821002256017,0.9398384789523228,0.0,10
0.0028112415261201612,False,184,time0,0.8410966998767903,7,,,time0,TIME0,0.8135901193045203,0.9412226212974664,0.0,8
0.0,True,184,excluido,1.0,10,,,excluir,EXCLUÍDO,0.65,0.0,0.0,11
8.619181639359391e-05,False,185,time0,0.9920807393114872,0,,,time0,TIME0,0.8700997222119,0.8902336907377231,0.0,1
0.0006323249527913828,False,185,time1,0.9375400842320208,8,,,time1,TIME1,0.8676577515004267,0.9489916565784968,0.0,6
0.0004919973310754609,False,185,time0,0.9230211013803519,1,,,time0,TIME0,0.8582496411124323,0.9281194354409945,0.0,9
0.0009727662688922999,False,185,time1,0.9061278934740465,6,,,time1,TIME1,0.8534423554382373,0.9312181743016092,0.0,4
0.0012080850342256165,False,185,time0,0.8965875491524903,4,,,time0,TIME0,0.8495300887762001,0.9287816140894788,0.0,7
0.00972131789538543,False,185,time0,0.5703905815162877,3,,,time0,TIME0,0.8451318680841894,0.9600999074843306,1.0,5
0.0022320793317307246,False,185,time0,0.8451968862926532,2,,,time0,TIME0,0.8389102315161384,0.951064223447951,0.0,2
0.0013048764161104635,False,185,goleiro_time1,0.8712458353991664,9,,,goleiro1,GOL-TIME1,0.8357349157905194,0.9047262926160213,0.0,3
0.0029433248835088357,False,185,time0,0.8212159102682972,7,,,time0,TIME0,0.8285349463557159,0.9412226212974664,0.0,8
0.00208085221473245,False,185,time1,0.8147274263873707,5,,,time1,TIME1,0.8274569812853438,0.9398384789523228,0.0,10
0.0,True,185,excluido,1.0,10,,,excluir,EXCLUÍDO,0.65,0.0,0.0,11
0.007884418791532042,False,186,time0,0.7155537526532949,3,,,time0,TIME0,0.8891917935016931,0.9594992428675888,1.0,5
0.0,False,186,time0,1.0,7,,,time0,TIME0,0.8827084544796588,0.9388610676009321,0.0,8
0.0002626200622779641,False,186,time0,0.9902805474029456,0,,,time0,TIME0,0.8694871553966419,0.8910510433786722,0.0,1
0.0006227074138505898,False,186,time1,0.9351715706041152,8,,,time1,TIME1,0.8673865029853209,0.9497901852234207,0.0,6
0.0006197537750755839,False,186,time0,0.9326916385888028,1,,,time0,TIME0,0.8613232368335844,0.9297212366165397,0.0,9
0.000504378059461796,False,186,goleiro_time1,0.9496136519316639,9,,,goleiro1,GOL-TIME1,0.8588860501529714,0.9022119601082821,0.0,3
0.0010354793965727566,False,186,time1,0.9135311496515791,6,,,time1,TIME1,0.8549969388126631,0.9288402277613229,0.0,4
0.0012122467122742473,False,186,time0,0.8941893193949181,4,,,time0,TIME0,0.8493131509585032,0.9287355269258817,0.0,7
0.0022418108155820068,False,186,time0,0.8423382617357742,2,,,time0,TIME0,0.8381402809802607,0.9503397930711631,0.0,2
0.0024107810728271136,False,186,time1,0.7885548489714971,5,,,time1,TIME1,0.818891964294558,0.9390893548086537,0.0,10
0.0,True,186,excluido,1.0,10,,,excluir,EXCLUÍDO,0.65,0.0,0.0,11
3.8024925284094706e-05,False,187,time0,0.9965477526490993,0,,,time0,TIME0,0.8715333444993009,0.8910510433786722,0.0,1
0.00048448523636004606,False,187,time0,0.9634172139681468,1,,,time0,TIME0,0.8708751844441345,0.9297212366165397,0.0,9
0.0004075526361544477,False,187,time1,0.9442913905164858,8,,,time1,TIME1,0.8701551778485599,0.9497901852234207,0.0,6
0.0006314060880457128,False,187,time1,0.946430103424988,6,,,time1,TIME1,0.8652843170037054,0.9288402277613229,0.0,4
0.001208935410267297,False,187,time0,0.8884274407924057,4,,,time0,TIME0,0.8475265294550955,0.9287355269258817,0.0,7
0.0009303723699113935,False,187,goleiro_time1,0.894036164018215,9,,,goleiro1,GOL-TIME1,0.8424499224527771,0.9022119601082821,0.0,3
0.016553778603770646,False,187,time0,0.4902120201289451,3,,,time0,TIME0,0.8147599288523394,0.9594992428675888,1.0,5
0.0037862694442153083,False,187,time0,0.7320290775324807,2,,,time0,TIME0,0.8026868978088412,0.9503397930711631,0.0,2
0.0045042518493120486,False,187,time1,0.6680018941350978,5,,,time1,TIME1,0.7794398899295758,0.9390893548086537,0.0,10
0.006898949339288551,False,187,time0,0.627238966130811,7,,,time0,TIME0,0.7619113555178809,0.9388610676009321,0.0,8
0.0,True,187,excluido,1.0,10,,,excluir,EXCLUÍDO,0.65,0.0,0.0,11
0.007842272770927205,False,188,time0,0.6814114767152842,3,,,time0,TIME0,0.8794502849519716,0.9594992428675888,1.0,5
0.00035114194047983454,False,188,time0,0.9694469229290544,1,,,time0,TIME0,0.8728504676812439,0.9297212366165397,0.0,9
0.0001476695346850166,False,188,time0,0.9927519773289603,0,,,time0,TIME0,0.8703754943307782,0.8910510433786722,0.0,1
0.0006592909848469094,False,188,time1,0.9308982904041669,8,,,time1,TIME1,0.8658893206665373,0.9497901852234207,0.0,6
0.000637338985444254,False,188,time1,0.9428614759353674,6,,,time1,TIME1,0.8643208706289964,0.9288402277613229,0.0,4
0.0008945102639961347,False,188,time0,0.9150104686099164,4,,,time0,TIME0,0.8555743573199333,0.9287355269258817,0.0,7
0.0006528244336133582,False,188,goleiro_time1,0.8906932341278354,9,,,goleiro1,GOL-TIME1,0.8419054021769972,0.9022119601082821,0.0,3
0.002655840961162644,False,188,time0,0.7938674708036572,2,,,time0,TIME0,0.8225583248818779,0.9503397930711631,0.0,2
0.00272789452756079,False,188,time1,0.7765516287025181,5,,,time1,TIME1,0.8133306471925867,0.9390893548086537,0.0,10
0.008829582387815955,False,188,time0,0.5525455781586253,7,,,time0,TIME0,0.7366514945815748,0.9388610676009321,0.0,8
0.0,True,188,excluido,1.0,10,,,excluir,EXCLUÍDO,0.65,0.0,0.0,11
0.006655201795986203,False,189,time0,0.7243515049483114,3,,,time0,TIME0,0.9001492825649022,0.9600562778279116,1.0,5
0.0003700225512689958,False,189,time0,0.9690245282343524,1,,,time0,TIME0,0.8731366988766903,0.9311184184872876,0.0,9
4.345564511450084e-05,False,189,time0,0.9974051370201095,0,,,time0,TIME0,0.8720102511247385,0.891602486619764,0.0,1
0.0008702697272327697,False,189,time1,0.9158425114507986,5,,,time1,TIME1,0.8574977254135252,0.939256126180317,0.0,10
0.0009469810328259225,False,189,time1,0.887101456544122,8,,,time1,TIME1,0.8523379002506251,0.9498617685028191,0.0,6
0.0011453519179900696,False,189,time1,0.902496595459311,6,,,time1,TIME1,0.8509354856879565,0.9263093473159307,0.0,4
0.0019625191568804034,False,189,time0,0.8366483888420695,2,,,time0,TIME0,0.835853096541713,0.9484809523416221,0.0,2
0.001614856290366106,False,189,time0,0.849775709720161,4,,,time0,TIME0,0.8351186306300427,0.9287121984157147,0.0,7
0.005048676370108611,False,189,time0,0.727526220449635,7,,,time0,TIME0,0.7948480123244479,0.9385282659003644,0.0,8
0.0027050408109546486,False,189,goleiro_time1,0.7402240923491161,9,,,goleiro1,GOL-TIME1,0.793203472082198,0.9003613193745514,0.0,3
0.0,True,189,excluido,1.0,10,,,excluir,EXCLUÍDO,0.65,0.0,0.0,11
0.003971545289176698,False,190,time0,0.8351622694658493,3,,,time0,TIME0,0.9350688666898919,0.9600562778279116,1.0,5
1.4937215118309767e-05,False,190,time0,0.9928743885214579,0,,,time0,TIME0,0.8707095483610372,0.891602486619764,0.0,1
0.0003407398000193773,False,190,time0,0.9403720526230669,1,,,time0,TIME0,0.8642608229702126,0.9311184184872876,0.0,9
0.000911615190986533,False,190,time1,0.9215428663803739,6,,,time1,TIME1,0.8570131192570873,0.9263093473159307,0.0,4
0.0010383063058791956,False,190,time1,0.8810822862573197,8,,,time1,TIME1,0.8506542424206247,0.9498617685028191,0.0,6
0.0014698295825709173,False,190,time0,0.8780035657883183,2,,,time0,TIME0,0.848751610131878,0.9484809523416221,0.0,2
0.0013956804647601913,False,190,time1,0.8836704105956803,5,,,time1,TIME1,0.8481698953714354,0.939256126180317,0.0,10
0.0007334605985364588,False,190,goleiro_time1,0.914427567811292,9,,,goleiro1,GOL-TIME1,0.847401918751748,0.9003613193745514,0.0,3
0.001170655703833589,False,190,time0,0.8864886521387026,4,,,time0,TIME0,0.8467492478165424,0.9287121984157147,0.0,7
0.003995456877231421,False,190,time0,0.7772392605933873,7,,,time0,TIME0,0.8133214497076702,0.9385282659003644,0.0,8
0.0,True,190,excluido,1.0,10,,,excluir,EXCLUÍDO,0.65,0.0,0.0,11
0.005431644909867533,False,191,time0,0.7444609651369379,3,,,time0,TIME0,0.905978419327369,0.9600562778279116,1.0,5
5.035594862766438e-05,False,191,time0,0.9952835387710991,0,,,time0,TIME0,0.8713957445990257,0.891602486619764,0.0,1
0.0012149985376681647,False,191,time0,0.9032345483036319,2,,,time0,TIME0,0.8567989807435245,0.9484809523416221,0.0,2
0.0005825986024290069,False,191,time0,0.914151282823913,1,,,time0,TIME0,0.8562783723553032,0.9311184184872876,0.0,9
0.0010332831921314992,False,191,time1,0.9138998134805933,6,,,time1,TIME1,0.8546821089611119,0.9263093473159307,0.0,4
0.0009740969790446257,False,191,time0,0.9053191606435702,4,,,time0,TIME0,0.8524469338734373,0.9287121984157147,0.0,7
0.0010465173405019147,False,191,time1,0.8797858169083282,8,,,time1,TIME1,0.8504417714385049,0.9498617685028191,0.0,6
0.001211397959668513,False,191,goleiro_time1,0.8768692103658504,9,,,goleiro1,GOL-TIME1,0.8367207450309506,0.9003613193745514,0.0,3
0.002124002533399638,False,191,time1,0.8354136663701694,5,,,time1,TIME1,0.8327654613168742,0.939256126180317,0.0,10
0.005128641954521096,False,191,time0,0.7337425550549245,7,,,time0,TIME0,0.798857468224462,0.9385282659003644,0.0,8
0.00032027879970256926,True,191,excluido,0.9014071171523115,10,,,excluir,EXCLUÍDO,0.6199126006916211,0.0,0.0,11
0.007313742905622989,False,192,time0,0.6952931713586937,3,,,time0,TIME0,0.8902830804595813,0.9585090811711738,1.0,5
2.6140564023762022e-05,False,192,time0,0.9962535996195402,0,,,time0,TIME0,0.8719183998996982,0.8923644053588322,0.0,1
0.0005002589966067587,False,192,time0,0.9380298017554639,1,,,time0,TIME0,0.8636926020707003,0.932507546323998,0.0,9
0.00039640754545282634,False,192,goleiro_time1,0.9592140695269906,9,,,goleiro1,GOL-TIME1,0.8610120157306785,0.8984193762037945,0.0,3
0.0008213644803326656,False,192,time0,0.8951170320610795,4,,,time0,TIME0,0.85013953784513,0.92986284601566,0.0,7
0.001326896701287615,False,192,time1,0.8956001093319134,6,,,time1,TIME1,0.8480853323814299,0.9245075381814425,0.0,4
0.0012975089593913996,False,192,time1,0.8714317892387384,5,,,time1,TIME1,0.8440291607108882,0.9398691438151706,0.0,10
0.0014732055176214839,False,192,time1,0.8451064282430275,8,,,time1,TIME1,0.8392082723973022,0.9499155384918379,0.0,6
0.002469083122111672,False,192,time0,0.830921576817853,2,,,time0,TIME0,0.8333029892734076,0.9485482347224323,0.0,2
0.0049499065271288185,False,192,time0,0.7320590685847747,7,,,time0,TIME0,0.7996951030133805,0.9392587923725839,0.0,8
1.4741800357806919e-05,True,192,excluido,0.9974764025899443,10,,,excluir,EXCLUÍDO,0.6490169881071977,0.0,0.0,11
0.005594601757437632,False,193,time0,0.7716931978184568,3,,,time0,TIME0,0.9146407597801739,0.9585090811711738,1.0,5
4.2833301578597925e-05,False,193,time0,0.9951467375613082,0,,,time0,TIME0,0.8715751696309677,0.8923644053588322,0.0,1
0.0005153668944535752,False,193,time0,0.9499380416539865,1,,,time0,TIME0,0.8675487604323062,0.932507546323998,0.0,9
0.0010036232203200195,False,193,time0,0.9151506638509758,4,,,time0,TIME0,0.8558134326550504,0.92986284601566,0.0,7
0.0012554418783594554,False,193,time1,0.9068657723124788,6,,,time1,TIME1,0.851811937774313,0.9245075381814425,0.0,4
0.0007887275835868236,False,193,goleiro_time1,0.924566599539297,9,,,goleiro1,GOL-TIME1,0.8509097724497203,0.8984193762037945,0.0,3
0.001702910644381596,False,193,time1,0.8651178423494946,5,,,time1,TIME1,0.8421699707052867,0.9398691438151706,0.0,10
0.0020472499316545986,False,193,time0,0.8689915077507802,7,,,time0,TIME0,0.8416203384331384,0.9392587923725839,0.0,8
0.002017406511581174,False,193,time0,0.8473020880511246,2,,,time0,TIME0,0.8389467157608246,0.9485482347224323,0.0,2
0.0018370752466535729,False,193,time1,0.7962572837393431,8,,,time1,TIME1,0.8244377867223114,0.9499155384918379,0.0,6
0.0,True,193,excluido,1.0,10,,,excluir,EXCLUÍDO,0.6499899487724833,0.0,0.0,11
0.006799694494819768,False,194,time0,0.7442725973854558,3,,,time0,TIME0,0.9056920940644632,0.9585090811711738,1.0,5
1.2792465986697685e-05,False,194,time0,0.9990489712130276,0,,,time0,TIME0,0.8727656673871667,0.8923644053588322,0.0,1
0.00039146103758885137,False,194,time0,0.9378041537814057,1,,,time0,TIME0,0.863746410063795,0.932507546323998,0.0,9
0.0008803229557956813,False,194,time0,0.9175634138854386,4,,,time0,TIME0,0.8568157809142694,0.92986284601566,0.0,7
0.0014298516606725139,False,194,time1,0.8947869291096807,6,,,time1,TIME1,0.8481243292344047,0.9245075381814425,0.0,4
0.0015420148502102162,False,194,time1,0.8738086699026599,5,,,time1,TIME1,0.8454684128695348,0.9398691438151706,0.0,10
0.0019312736969377578,False,194,goleiro_time1,0.8198360536178492,9,,,goleiro1,GOL-TIME1,0.8180205430099218,0.8984193762037945,0.0,3
0.002954012368203062,False,194,time0,0.774180531808602,2,,,time0,TIME0,0.8160587907717223,0.9485482347224323,0.0,2
0.0042991591276117765,False,194,time0,0.7396937005400049,7,,,time0,TIME0,0.8010634468537616,0.9392587923725839,0.0,8
0.0026765905018527403,False,194,time1,0.7127859155446874,8,,,time1,TIME1,0.7975536363742046,0.9499155384918379,0.0,6
0.0,True,194,excluido,1.0,10,,,excluir,EXCLUÍDO,0.65,0.0,0.0,11
0.0,False,195,goleiro_time1,1.0,9,,,goleiro1,GOL-TIME1,0.8731139076865477,0.8977227408287487,0.0,3
5.008324943794692e-05,False,195,time0,0.9856468244922986,0,,,time0,TIME0,0.8690402676541569,0.8936918943891161,0.0,1
0.011179486439018007,False,195,time0,0.6034697299189438,3,,,time0,TIME0,0.857275088954582,0.957773360507786,1.0,5
0.0008516352191866099,False,195,time0,0.9092361079036875,4,,,time0,TIME0,0.8542072367490399,0.9302026230950384,0.0,7
0.0007209571485390494,False,195,time0,0.9036540053468967,1,,,time0,TIME0,0.853599885142532,0.9336199827141535,0.0,9
0.0013906986471643817,False,195,time0,0.8809331596703095,2,,,time0,TIME0,0.8486477593957714,0.947006768474291,0.0,2
0.0013136230831307524,False,195,time1,0.8294039238759973,8,,,time1,TIME1,0.8334862647940026,0.9503006984030548,0.0,6
0.003158406606587389,False,195,time1,0.7618744556059144,6,,,time1,TIME1,0.8056655329419482,0.924633249922423,0.0,4
0.003244484833197108,False,195,time0,0.721698118977177,7,,,time0,TIME0,0.7952673085232885,0.9393511063867823,0.0,8
0.007827811203516553,False,195,time1,0.5515587355898938,5,,,time1,TIME1,0.7381664197998473,0.9394394098344275,0.0,10
0.0,True,195,excluido,1.0,10,,,excluir,EXCLUÍDO,0.65,0.0,0.0,11
0.0,False,196,goleiro_time1,1.0,9,,,goleiro1,GOL-TIME1,0.8744306852071873,0.8977227408287487,0.0,3
7.117723440596288e-06,False,196,time0,0.9955703368291701,0,,,time0,TIME0,0.8720559213516993,0.8936918943891161,0.0,1
0.00039263901793128094,False,196,time0,0.9450360248285775,1,,,time0,TIME0,0.8663348844188425,0.9336199827141535,0.0,9
0.0010233153968852676,False,196,time0,0.9119798737584011,4,,,time0,TIME0,0.8548666412838055,0.9302026230950384,0.0,7
0.0014776692562208941,False,196,time1,0.862095494965705,8,,,time1,TIME1,0.8435745446037864,0.9503006984030548,0.0,6
0.001923036382945656,False,196,time1,0.8823535941275938,5,,,time1,TIME1,0.843425686029973,0.9394394098344275,0.0,10
0.0016352206708779159,False,196,time1,0.8500191224931511,6,,,time1,TIME1,0.8333806362909097,0.924633249922423,0.0,4
0.00257879248821637,False,196,time0,0.8082498298544974,2,,,time0,TIME0,0.8259246008392267,0.947006768474291,0.0,2
0.013792937458324862,False,196,time0,0.44489062862615014,3,,,time0,TIME0,0.8083367482585163,0.957773360507786,1.0,5
0.006896191121615595,False,196,time0,0.6560794991227564,7,,,time0,TIME0,0.7698364921500505,0.9393511063867823,0.0,8
0.0,True,196,excluido,1.0,10,,,excluir,EXCLUÍDO,0.65,0.0,0.0,11
0.003230436836093806,False,197,time0,0.7791093488810029,3,,,time0,TIME0,0.912680673459434,0.957773360507786,1.0,5
0.0,False,197,goleiro_time1,1.0,9,,,goleiro1,GOL-TIME1,0.8744306852071873,0.8977227408287487,0.0,3
0.00027872188341678553,False,197,time0,0.9608353916361724,1,,,time0,TIME0,0.8713211975401984,0.9336199827141535,0.0,9
0.00012007439583406816,False,197,time0,0.9857801981525888,0,,,time0,TIME0,0.8689633348902324,0.8936918943891161,0.0,1
0.0006786475667626097,False,197,time0,0.940373825084904,4,,,time0,TIME0,0.8636486027503412,0.9302026230950384,0.0,7
0.001673178429670501,False,197,time1,0.9037920334516094,5,,,time1,TIME1,0.8542450737962638,0.9394394098344275,0.0,10
0.0012050537749194227,False,197,time1,0.8273605855418463,8,,,time1,TIME1,0.8337061473896197,0.9503006984030548,0.0,6
0.002146396208844465,False,197,time0,0.8246308021316059,2,,,time0,TIME0,0.8318506120160615,0.947006768474291,0.0,2
0.0036194248734125363,False,197,time0,0.8061966719761139,7,,,time0,TIME0,0.8199315451812624,0.9393511063867823,0.0,8
0.0031161950397562144,False,197,time1,0.7347161622099981,6,,,time1,TIME1,0.7974709238646625,0.924633249922423,0.0,4
0.0,True,197,excluido,1.0,10,,,excluir,EXCLUÍDO,0.65,0.0,0.0,11
0.0033113277789957466,False,198,time0,0.8185364085588204,3,,,time0,TIME0,0.9307725673094981,0.9564244027633986,1.0,5
0.0,False,198,goleiro_time1,1.0,9,,,goleiro1,GOL-TIME1,0.8743985374762829,0.8975941499051315,0.0,3
1.1428427835870477e-05,False,198,time0,0.996617311038764,0,,,time0,TIME0,0.8726473072044945,0.8950453754677641,0.0,1
0.0004902900345159404,False,198,time0,0.9359438123311435,1,,,time0,TIME0,0.8638092237694456,0.9345433999402587,0.0,9
0.0014350260583574665,False,198,time1,0.8885942066097245,8,,,time1,TIME1,0.8520278996115341,0.9497407097386871,0.0,6
0.0017394659574459734,False,198,time0,0.8814086023478064,4,,,time0,TIME0,0.8445720698753033,0.9299124897913827,0.0,7
0.0023525948962832307,False,198,time1,0.8653936083603523,5,,,time1,TIME1,0.8413198315436119,0.9374206352548418,0.0,10
0.0022086915046982134,False,198,time0,0.8116589955522057,2,,,time0,TIME0,0.8275280202574598,0.9451355012811915,0.0,2
0.0025346112877232094,False,198,time1,0.7663694192462631,6,,,time1,TIME1,0.8083580095761861,0.9255558524040102,0.0,4
0.004613352021077855,False,198,time0,0.7575834789735572,7,,,time0,TIME0,0.8074363350896054,0.9401744750026674,0.0,8
0.0,True,198,excluido,1.0,10,,,excluir,EXCLUÍDO,0.65,0.0,0.0,11
0.003330585382051089,False,199,time0,0.8282067282601218,3,,,time0,TIME0,0.9341656441574894,0.9564244027633986,1.0,5
0.0,False,199,goleiro_time1,1.0,9,,,goleiro1,GOL-TIME1,0.8743985374762829,0.8975941499051315,0.0,3
0.00012384400141854677,False,199,time0,0.9855230402150662,0,,,time0,TIME0,0.8692141741762476,0.8950453754677641,0.0,1
0.00045196253818655964,False,199,time0,0.9354829260447749,1,,,time0,TIME0,0.8638434050205706,0.9345433999402587,0.0,9
0.0006207060217229021,False,199,time1,0.9238092447839753,8,,,time1,TIME1,0.8633122221541989,0.9497407097386871,0.0,6
0.0008599266138886766,False,199,time1,0.9176100530352816,6,,,time1,TIME1,0.8542900831995585,0.9255558524040102,0.0,4
0.0006625929013647943,False,199,time0,0.909326376711984,4,,,time0,TIME0,0.8538907164520838,0.9299124897913827,0.0,7
0.0024929602121525336,False,199,time1,0.8305843897439001,5,,,time1,TIME1,0.8310813617093817,0.9374206352548418,0.0,10
0.0027260639006017155,False,199,time0,0.7629934789548045,2,,,time0,TIME0,0.8123464903050883,0.9451355012811915,0.0,2
0.0050278911138276925,False,199,time0,0.7337735627993834,7,,,time0,TIME0,0.8003161191489898,0.9401744750026674,0.0,8
0.0,True,199,excluido,1.0,10,,,excluir,EXCLUÍDO,0.65,0.0,0.0,11
0.005547416591655126,False,200,time0,0.7440203387146945,3,,,time0,TIME0,0.9055629606483867,0.9564244027633986,1.0,5
0.0,False,200,goleiro_time1,1.0,9,,,goleiro1,GOL-TIME1,0.8743985374762829,0.8975941499051315,0.0,3
7.137766532987829e-05,False,200,time0,0.9922893545683377,0,,,time0,TIME0,0.871252172687733,0.8950453754677641,0.0,1
0.0003790865492844351,False,200,time1,0.9448313513072364,6,,,time1,TIME1,0.8640076750788418,0.9255558524040102,0.0,4
0.000507271834036278,False,200,time0,0.9306543167506303,1,,,time0,TIME0,0.8622019446496997,0.9345433999402587,0.0,9
0.0006379460997558392,False,200,time1,0.9142612307419018,8,,,time1,TIME1,0.8605846377332956,0.9497407097386871,0.0,6
0.0009606626407290681,False,200,time1,0.9268955736861255,5,,,time1,TIME1,0.8604517300500065,0.9374206352548418,0.0,10
0.0013635373462039257,False,200,time0,0.9065078058517433,4,,,time0,TIME0,0.8526726756036115,0.9299124897913827,0.0,7
0.0015746049209754787,False,200,time0,0.8573523647337293,2,,,time0,TIME0,0.8412681945813845,0.9451355012811915,0.0,2
0.004705446295445995,False,200,time0,0.7482565164968399,7,,,time0,TIME0,0.804609998330521,0.9401744750026674,0.0,8
0.0,True,200,excluido,1.0,10,,,excluir,EXCLUÍDO,0.65,0.0,0.0,11
0.006441469148179119,False,201,time0,0.7295709877197321,3,,,time0,TIME0,0.9003566283795593,0.9522394105036291,1.0,5
0.0,False,201,goleiro_time1,1.0,9,,,goleiro1,GOL-TIME1,0.8745109652171014,0.8980438608684053,0.0,3
3.410135645889346e-05,False,201,time0,0.9962529096669904,0,,,time0,TIME0,0.8727163533958626,0.8957731538047224,0.0,1
0.00034018182001135765,False,201,time0,0.9553086623495248,1,,,time0,TIME0,0.8695560595980001,0.9337423903447812,0.0,9
0.001539669492591382,False,201,time0,0.8838395397944186,4,,,time0,TIME0,0.8461462344366278,0.9312032202929479,0.0,7
0.001141563630209114,False,201,time1,0.868101943112018,8,,,time1,TIME1,0.845838970770272,0.948648132032774,0.0,6
0.002947224376652121,False,201,time1,0.8656542019132712,5,,,time1,TIME1,0.8384338801924213,0.9350177779555926,0.0,10
0.0017794550404665083,False,201,time0,0.844380441019758,2,,,time0,TIME0,0.8367753491448107,0.9414399486344427,0.0,2
0.0015073831058128454,False,201,time1,0.8442798335014753,6,,,time1,TIME1,0.8323772930713089,0.9249321915148762,0.0,4
0.003949480765370007,False,201,time0,0.7730451773196497,7,,,time0,TIME0,0.8128197319004632,0.9400540515223105,0.0,8
0.0,True,201,excluido,1.0,10,,,excluir,EXCLUÍDO,0.65,0.0,0.0,11
0.008068858972840017,False,202,time0,0.6876460657519393,3,,,time0,TIME0,0.8855335499278624,0.9522394105036291,1.0,5
0.0,False,202,goleiro_time1,1.0,9,,,goleiro1,GOL-TIME1,0.8745109652171014,0.8980438608684053,0.0,3
0.0001310054973850029,False,202,time0,0.9846950853674411,0,,,time0,TIME0,0.8691548322211359,0.8957731538047224,0.0,1
0.0007134127880341996,False,202,time1,0.9115987611571157,8,,,time1,TIME1,0.8595205207683966,0.948648132032774,0.0,6
0.001074470167950994,False,202,time1,0.9264665865679824,6,,,time1,TIME1,0.8573810684025922,0.9249321915148762,0.0,4
0.0007368636246743813,False,202,time0,0.9029158994531694,1,,,time0,TIME0,0.8533479970374902,0.9337423903447812,0.0,9
0.0014280646635544993,False,202,time1,0.8945345468036089,5,,,time1,TIME1,0.8494558335257236,0.9350177779555926,0.0,10
0.0014855582417377434,False,202,time0,0.8767937844067304,4,,,time0,TIME0,0.8439877482730783,0.9312032202929479,0.0,7
0.0016097798061616713,False,202,time0,0.8527437500001079,2,,,time0,TIME0,0.8392268395935676,0.9414399486344427,0.0,2
0.00474771813233668,False,202,time0,0.7294004610051831,7,,,time0,TIME0,0.7989518950639977,0.9400540515223105,0.0,8
0.0,True,202,excluido,1.0,10,,,excluir,EXCLUÍDO,0.65,0.0,0.0,11
0.0,False,203,goleiro_time1,1.0,9,,,goleiro1,GOL-TIME1,0.8745109652171014,0.8980438608684053,0.0,3
1.5963630910042976e-05,False,203,time0,0.9829544573456311,0,,,time0,TIME0,0.8687353608999681,0.8957731538047224,0.0,1
0.0007662040839986574,False,203,time1,0.9130325598094877,8,,,time1,TIME1,0.860181466178134,0.948648132032774,0.0,6
0.0008490617688173048,False,203,time1,0.9210517022419246,6,,,time1,TIME1,0.8562789141957569,0.9249321915148762,0.0,4
0.0007253451437050848,False,203,time0,0.9106786142865887,1,,,time0,TIME0,0.85580849319094,0.9337423903447812,0.0,9
0.0016695696330263708,False,203,time0,0.8582973718331649,2,,,time0,TIME0,0.8411272960047422,0.9414399486344427,0.0,2
0.003057167111674116,False,203,time0,0.8313479132716045,7,,,time0,TIME0,0.8304076160303517,0.9400540515223105,0.0,8
0.013388125587906948,False,203,time0,0.49053161342369705,3,,,time0,TIME0,0.8150410120471402,0.9522394105036291,1.0,5
0.0032239238140062887,False,203,time0,0.7820684906371066,4,,,time0,TIME0,0.8130790998505016,0.9312032202929479,0.0,7
0.00819835964656744,False,203,time1,0.6307108803062864,5,,,time1,TIME1,0.7607168548856805,0.9350177779555926,0.0,10
0.0,True,203,excluido,1.0,10,,,excluir,EXCLUÍDO,0.65,0.0,0.0,11
0.0027545716387502284,False,204,time0,0.7581921324180115,3,,,time0,TIME0,0.903597800637643,0.9492030357291799,1.0,5
0.0,False,204,goleiro_time1,1.0,9,,,goleiro1,GOL-TIME1,0.8742461790201326,0.8969847160805304,0.0,3
0.0003427626773071684,False,204,time0,0.9642787992790329,1,,,time0,TIME0,0.8723604882776013,0.9355200229461286,0.0,9
0.00012215082114190424,False,204,time0,0.9860969410332368,0,,,time0,TIME0,0.8696873222603239,0.8961717686205801,0.0,1
0.0006319464385540018,False,204,time1,0.9321005035913112,8,,,time1,TIME1,0.865540104908034,0.947281203181243,0.0,6
0.0005444946329364978,False,204,time1,0.9289875131174659,6,,,time1,TIME1,0.8589776859652068,0.9245600659557652,0.0,4
0.0012630556914833876,False,204,time0,0.8972426568561129,2,,,time0,TIME0,0.8527102278176351,0.9400483228668797,0.0,2
0.0018963219327294502,False,204,time0,0.8493568031337402,4,,,time0,TIME0,0.8349245008447534,0.9325110415041402,0.0,7
0.002752159212933858,False,204,time0,0.8237120113157507,7,,,time0,TIME0,0.8281006823254043,0.9383846619490517,0.0,8
0.005585034037687444,False,204,time1,0.6441234371075758,5,,,time1,TIME1,0.7621053571977773,0.9323851072015804,0.0,10
0.0,True,204,excluido,1.0,10,,,excluir,EXCLUÍDO,0.65,0.0,0.0,11
0.00807043451742601,False,205,time0,0.6666948591182735,3,,,time0,TIME0,0.8753539575441116,0.9492030357291799,1.0,5
0.0,False,205,goleiro_time1,1.0,9,,,goleiro1,GOL-TIME1,0.8742461790201326,0.8969847160805304,0.0,3
2.477879614664113e-05,False,205,time0,0.9945973349836683,0,,,time0,TIME0,0.8723029254081252,0.8961717686205801,0.0,1
0.0007629405718873798,False,205,time0,0.9506238420942841,1,,,time0,TIME0,0.8680238932853699,0.9355200229461286,0.0,9
0.0010024349666719915,False,205,time1,0.8919465683831804,8,,,time1,TIME1,0.8530725235310135,0.947281203181243,0.0,6
0.001406807088877922,False,205,time0,0.8894268061206838,2,,,time0,TIME0,0.8504343077396901,0.9400483228668797,0.0,2
0.0015976088054066634,False,205,time1,0.8713033358163974,6,,,time1,TIME1,0.8403144551364369,0.9245600659557652,0.0,4
0.003600741154964251,False,205,time0,0.7831353418467653,7,,,time0,TIME0,0.8156757842053268,0.9383846619490517,0.0,8
0.003603361380581762,False,205,time0,0.7171590530352372,4,,,time0,TIME0,0.7936260226105705,0.9325110415041402,0.0,7
0.006697641252638355,False,205,time1,0.6422139259227513,5,,,time1,TIME1,0.761737185724047,0.9323851072015804,0.0,10
0.007194411434663898,False,206,time0,0.6787707845446798,3,,,time0,TIME0,0.8835678759051607,0.9492030357291799,1.0,5
3.755006947707545e-06,False,206,time0,0.9941748524408955,0,,,time0,TIME0,0.8722728523987286,0.8961717686205801,0.0,1
0.00038764771338165954,False,206,time0,0.9496493101490548,1,,,time0,TIME0,0.8680044984985531,0.9355200229461286,0.0,9
0.0015281042363738796,False,206,time0,0.8826463451581991,4,,,time0,TIME0,0.844088647161551,0.9325110415041402,0.0,7
0.0014893867095583729,False,206,time1,0.8779176524024818,6,,,time1,TIME1,0.8429493423099191,0.9245600659557652,0.0,4
0.001705060479433634,False,206,time1,0.8192889330240406,8,,,time1,TIME1,0.8303809748660453,0.947281203181243,0.0,6
0.0025482089842808744,False,206,time0,0.7992865706015966,2,,,time0,TIME0,0.8216613656229375,0.9400483228668797,0.0,2
0.0025741190219856326,False,206,time1,0.792708791862546,5,,,time1,TIME1,0.8152118424316718,0.9323851072015804,0.0,10
0.004333882393210626,False,206,time0,0.7605819521362908,7,,,time0,TIME0,0.8079269406691368,0.9383846619490517,0.0,8
0.00807516277461994,False,206,goleiro_time1,0.31365584791475387,9,,,goleiro1,GOL-TIME1,0.6554960835258452,0.8969847160805304,0.0,3
0.0001952184642673589,False,207,time0,0.9781601789004556,0,,,time0,TIME0,0.867242189857226,0.8964125331090719,0.0,1
0.0009431900054968072,False,207,time0,0.8824606962099734,1,,,time0,TIME0,0.847631168889919,0.9365259671439903,0.0,9
0.0021946887608719177,False,207,time1,0.836331489373814,6,,,time1,TIME1,0.8296803954558516,0.9258929884605707,0.0,4
0.002015699265754027,False,207,time0,0.8265127090513731,4,,,time0,TIME0,0.8287811547420367,0.9333581644125553,0.0,7
0.011831786249158805,False,207,time0,0.4797445061004338,3,,,time0,TIME0,0.8173215114406147,0.9494114572271743,1.0,5
0.0010591629933417552,False,207,goleiro_time1,0.8275689239462353,9,,,goleiro1,GOL-TIME1,0.816087514244602,0.8960907121626738,0.0,3
0.002943760776060448,False,207,time1,0.6707548856848038,8,,,time1,TIME1,0.7843851111301245,0.9467228788468319,0.0,6
0.004880867478353669,False,207,time0,0.6510214867541168,2,,,time0,TIME0,0.7741894119659156,0.9397781751575416,0.0,2
0.007787808118360981,False,207,time0,0.5952822244495469,7,,,time0,TIME0,0.7529971849816905,0.935944467271516,0.0,8
0.005664589298664474,False,207,time1,0.5658465082597054,5,,,time1,TIME1,0.7452392552835261,0.9324540628566031,0.0,10
3.3471907219951654e-05,False,208,time0,0.997601382122393,3,,,time0,TIME0,0.9785418772469728,0.9494114572271743,1.0,5
4.056891916913784e-05,False,208,time1,0.9929144512948782,8,,,time1,TIME1,0.8824982752438083,0.9467228788468319,0.0,6
2.6344292551943574e-05,False,208,time0,0.9966611165253616,1,,,time0,TIME0,0.8824780374248011,0.9365259671439903,0.0,9
1.0442747761837578e-05,False,208,time0,0.9987185771840361,2,,,time0,TIME0,0.8812218757742913,0.9397781751575416,0.0,2
6.82482769305798e-05,False,208,time0,0.9954178520593113,4,,,time0,TIME0,0.8805571375203091,0.9333581644125553,0.0,7
2.130049267902375e-05,False,208,time1,0.9981031724444831,6,,,time1,TIME1,0.8793739926329671,0.9258929884605707,0.0,4
3.9055100027614e-05,False,208,time0,0.9978796788809979,7,,,time0,TIME0,0.8780230448154867,0.935944467271516,0.0,8
0.00019229021704520236,False,208,time1,0.9817795877871511,5,,,time1,TIME1,0.8737361927231786,0.9324540628566031,0.0,10
5.619490235390016e-06,False,208,time0,0.9991111268559207,0,,,time0,TIME0,0.8736945226737748,0.8964125331090719,0.0,1
1.1119231459705379e-05,False,208,goleiro_time1,0.9942070353876992,9,,,goleiro1,GOL-TIME1,0.8715600931329542,0.8960907121626738,0.0,3
0.00601693374858924,False,209,time0,0.6691026325589979,3,,,time0,TIME0,0.8785070084705426,0.9494114572271743,1.0,5
0.00021713298512922018,False,209,time0,0.9714466964465173,1,,,time0,TIME0,0.8752105129980768,0.9365259671439903,0.0,9
9.536114115760348e-05,False,209,time0,0.9891524196593159,0,,,time0,TIME0,0.8706936441375297,0.8964125331090719,0.0,1
0.0007068058095912837,False,209,goleiro_time1,0.9111848048252107,9,,,goleiro1,GOL-TIME1,0.8462538508584616,0.8960907121626738,0.0,3
0.0014011566186016835,False,209,time1,0.8850655106340165,6,,,time1,TIME1,0.8447493012427865,0.9258929884605707,0.0,4
0.0013762666059950065,False,209,time0,0.8759671792626734,4,,,time0,TIME0,0.8439521770416529,0.9333581644125553,0.0,7
0.0013706685929927864,False,209,time1,0.8062233524251939,8,,,time1,TIME1,0.8263443189841712,0.9467228788468319,0.0,6
0.002747647684438775,False,209,time0,0.7773426935395572,2,,,time0,TIME0,0.8137747210767194,0.9397781751575416,0.0,2
0.002706918517556169,False,209,time1,0.7618181488091722,5,,,time1,TIME1,0.8074636732639522,0.9324540628566031,0.0,10
0.009685268688477347,False,209,time0,0.47640910118295354,7,,,time0,TIME0,0.711510199696163,0.935944467271516,0.0,8
0.00018434017511705593,False,210,time0,0.9776464849377517,0,,,time0,TIME0,0.8673351561305583,0.8971649221356084,0.0,1
0.0005061261955818433,False,210,time0,0.9326384495162524,1,,,time0,TIME0,0.8629018674474893,0.9358330925840084,0.0,9
0.0011919680694733575,False,210,goleiro_time1,0.8538542310451948,9,,,goleiro1,GOL-TIME1,0.8280877574714629,0.8939723035038958,0.0,3
0.0013915589667512342,False,210,time1,0.8111981132980783,8,,,time1,TIME1,0.8278783726484996,0.9452039071654755,0.0,6
0.01079256564444754,False,210,time0,0.5083740138690166,3,,,time0,TIME0,0.8265923090851247,0.9486426957931504,1.0,5
0.003024184372339315,False,210,time0,0.7392109531900947,4,,,time0,TIME0,0.8015923326361531,0.9349098131855771,0.0,7
0.0036398911245299837,False,210,time0,0.670602976765956,7,,,time0,TIME0,0.7770921856706093,0.9347078640870884,0.0,8
0.004843141667971927,False,210,time0,0.6359536485449787,2,,,time0,TIME0,0.7697368421431434,0.9393926670750267,0.0,2
0.004752773917732799,False,210,time1,0.6410591204492762,5,,,time1,TIME1,0.7684358813520784,0.9303367369534299,0.0,10
0.005028518165961995,False,210,time1,0.6399443804751747,6,,,time1,TIME1,0.7667401191209401,0.9272125411003667,0.0,4
0.0011230016694568096,False,211,time0,0.9367515101105066,3,,,time0,TIME0,0.9604243112901577,0.9486426957931504,1.0,5
0.00015778978071309116,False,211,time0,0.9884741543262207,7,,,time0,TIME0,0.8776733734365384,0.9347078640870884,0.0,8
5.329582307563242e-05,False,211,time0,0.9856679144363781,2,,,time0,TIME0,0.8772213385119171,0.9393926670750267,0.0,2
0.00015214054069690578,False,211,time0,0.9836750192404209,4,,,time0,TIME0,0.87673248873851,0.9349098131855771,0.0,7
6.9618869069886e-05,False,211,time1,0.9855388520344954,5,,,time1,TIME1,0.8749157627589154,0.9303367369534299,0.0,10
0.00037898802701543717,False,211,time1,0.9593207289329665,8,,,time1,TIME1,0.8727939271053495,0.9452039071654755,0.0,6
0.0003813980430440745,False,211,time0,0.9637939621726164,1,,,time0,TIME0,0.8723086827827504,0.9358330925840084,0.0,9
0.00035959836759232863,False,211,time0,0.9731890296833284,0,,,time0,TIME0,0.8655503944873814,0.8971649221356084,0.0,1
0.0008075785666699629,False,211,time1,0.9364547063090892,6,,,time1,TIME1,0.8583752939684536,0.9272125411003667,0.0,4
0.00046423338025227204,False,211,goleiro_time1,0.9503412516276043,9,,,goleiro1,GOL-TIME1,0.857578911049838,0.8939723035038958,0.0,3
6.344039527671651e-05,False,212,time0,0.9922101158665723,0,,,time0,TIME0,0.8716297438899161,0.8971649221356084,0.0,1
0.0010076209313380625,False,212,time0,0.8698511877343419,1,,,time0,TIME0,0.8432226389603161,0.9358330925840084,0.0,9
0.0013846021378618662,False,212,goleiro_time1,0.8939331197455521,9,,,goleiro1,GOL-TIME1,0.8397596339289441,0.8939723035038958,0.0,3
0.001262918409681169,False,212,time1,0.8348737735411397,8,,,time1,TIME1,0.8346227006145621,0.9452039071654755,0.0,6
0.0017507366615039485,False,212,time0,0.8390432626270242,4,,,time0,TIME0,0.8327490099456349,0.9349098131855771,0.0,7
0.011023780262243576,False,212,time0,0.5316968707676635,3,,,time0,TIME0,0.8297999769056096,0.9486426957931504,1.0,5
0.002508179721220666,False,212,time0,0.7826364860512725,2,,,time0,TIME0,0.8156689523809941,0.9393926670750267,0.0,2
0.003245017320187531,False,212,time1,0.6953437078866307,6,,,time1,TIME1,0.7849986518685682,0.9272125411003667,0.0,4
0.004493574511092487,False,212,time1,0.6739013865785736,5,,,time1,TIME1,0.7775674056695248,0.9303367369534299,0.0,10
0.0052686450412448545,False,212,time0,0.6738009888134637,7,,,time0,TIME0,0.7775258661189312,0.9347078640870884,0.0,8
0.0068261098269628475,False,213,time0,0.6544476742948037,3,,,time0,TIME0,0.8749668247743826,0.9509999364848192,1.0,5
2.2413827294743402e-05,False,213,time0,0.9981231232044959,0,,,time0,TIME0,0.873889429986794,0.8980829686639167,0.0,1
0.00020114814016019384,False,213,time0,0.9566283294772601,1,,,time0,TIME0,0.8699529212541759,0.934813899166715,0.0,9
0.0009887037425077337,False,213,time0,0.913000381341541,4,,,time0,TIME0,0.8560289363262819,0.9348406870766918,0.0,7
0.0008763306224092108,False,213,time1,0.8978212650414465,8,,,time1,TIME1,0.8539681335690363,0.9427404924522176,0.0,6
0.000568957022368415,False,213,goleiro_time1,0.9381942555414134,9,,,goleiro1,GOL-TIME1,0.8527178999207258,0.8910338839528203,0.0,3
0.001040440008036516,False,213,time1,0.8886954863941584,6,,,time1,TIME1,0.8463005045065771,0.9289133762362413,0.0,4
0.001393290665582324,False,213,time1,0.8877201498588451,5,,,time1,TIME1,0.8449934360105009,0.9282767254147539,0.0,10
0.0020957488629767393,False,213,time0,0.8200193297271383,2,,,time0,TIME0,0.8285273415549018,0.9397771422922059,0.0,2
0.003127184686465967,False,213,time0,0.7992875109527173,7,,,time0,TIME0,0.8183864602722652,0.9329901301266623,0.0,8
0.00046450383453446986,True,213,excluido,0.9341369387521273,10,,,excluir,EXCLUÍDO,0.6295020982525152,0.0,0.0,14
7.948586543186673e-05,False,214,time0,0.9948780365463077,3,,,time0,TIME0,0.9815385711580437,0.9509999364848192,1.0,5
2.133360308320525e-06,False,214,time1,0.9993298800809508,8,,,time1,TIME1,0.884885801145989,0.9427404924522176,0.0,6
4.741673052977623e-05,False,214,time0,0.9954618372285057,2,,,time0,TIME0,0.8821431052354421,0.9397771422922059,0.0,2
1.0727263631073193e-05,False,214,time1,0.9987356373228804,6,,,time1,TIME1,0.8811363567869982,0.9289133762362413,0.0,4
3.0870904812117414e-06,False,214,time1,0.9995018531672256,5,,,time1,TIME1,0.8809671784216603,0.9282767254147539,0.0,10
7.684492198139871e-05,False,214,time0,0.9916826240694063,4,,,time0,TIME0,0.8805178032134295,0.9348406870766918,0.0,7
7.511178361921576e-05,False,214,time0,0.9942602851253649,7,,,time0,TIME0,0.8793172375182821,0.9329901301266623,0.0,8
0.0001353687097866689,False,214,time0,0.9807641028037356,1,,,time0,TIME0,0.8775842012026873,0.934813899166715,0.0,9
2.193693981471113e-06,False,214,time0,0.9997279179396261,0,,,time0,TIME0,0.8744223250876172,0.8980829686639167,0.0,1
1.9533737777966033e-05,False,214,goleiro_time1,0.9975886402720529,9,,,goleiro1,GOL-TIME1,0.8716410373530866,0.8910338839528203,0.0,3
1.2599576747154442e-05,True,214,excluido,0.9974630007714449,10,,,excluir,EXCLUÍDO,0.6489022049416053,0.0,0.0,14
0.0001796145560065398,False,215,time0,0.9903556225266569,0,,,time0,TIME0,0.8713427389273993,0.8980829686639167,0.0,1
0.0063689632519404035,False,215,time0,0.638160004615287,3,,,time0,TIME0,0.8691119018277474,0.9509999364848192,1.0,5
0.000544314279349326,False,215,time0,0.923981216972444,1,,,time0,TIME0,0.8599404025648472,0.934813899166715,0.0,9
0.0011120493617738248,False,215,time1,0.8766076311751757,8,,,time1,TIME1,0.8468994258055853,0.9427404924522176,0.0,6
0.0014440780328004279,False,215,time1,0.8581677829819194,6,,,time1,TIME1,0.8373876250366079,0.9289133762362413,0.0,4
0.0017548837286290614,False,215,time0,0.8499046089577287,4,,,time0,TIME0,0.8359420457759295,0.9348406870766918,0.0,7
0.002644774201245437,False,215,time0,0.7834388193769971,2,,,time0,TIME0,0.8158006634260755,0.9397771422922059,0.0,2
0.0025465871717704077,False,215,goleiro_time1,0.7727450945138459,9,,,goleiro1,GOL-TIME1,0.8005401857958976,0.8910338839528203,0.0,3
0.005305508401280064,False,215,time0,0.6996548320762165,7,,,time0,TIME0,0.7847112370983862,0.9329901301266623,0.0,8
0.0050145209012320184,False,215,time1,0.6672061785365079,5,,,time1,TIME1,0.7742530186023987,0.9282767254147539,0.0,10
0.0,True,215,excluido,1.0,10,,,excluir,EXCLUÍDO,0.6499914093794905,0.0,0.0,14
0.0021320330622380656,False,216,time0,0.8567797467559106,3,,,time0,TIME0,0.9400219080820117,0.9512800532166292,1.0,5
2.1610041011028793e-05,False,216,time0,0.9914682048308479,0,,,time0,TIME0,0.8723253982787665,0.900075501242713,0.0,1
0.000714596120642015,False,216,time0,0.9339418016350179,1,,,time0,TIME0,0.862561602015349,0.9339538072092319,0.0,9
0.0006476574935872843,False,216,time0,0.9248666069235258,4,,,time0,TIME0,0.8599445554660248,0.9356494918665874,0.0,7
0.0008644786268176731,False,216,time1,0.9240740241144024,6,,,time1,TIME1,0.8581601929972981,0.928792557300747,0.0,4
0.000900292435513526,False,216,time1,0.8998989628200215,8,,,time1,TIME1,0.8540271407111537,0.9401535746147804,0.0,6
0.0010063420696712754,False,216,goleiro_time1,0.9008938536066837,9,,,goleiro1,GOL-TIME1,0.8404659060494057,0.8887719108788257,0.0,3
0.0020912945605987675,False,216,time1,0.8627050449722891,5,,,time1,TIME1,0.8367193709026286,0.9277922225545461,0.0,10
0.002339345426736071,False,216,time0,0.8606140186338268,7,,,time0,TIME0,0.8364591299277779,0.9297583635680493,0.0,8
0.0017647183006629407,False,216,time0,0.8449272669924469,2,,,time0,TIME0,0.8362625052141104,0.9401865800970357,0.0,2
0.0,True,216,excluido,1.0,10,,,excluir,EXCLUÍDO,0.65,0.0,0.0,14
0.002234237689821481,False,217,time0,0.8572858749531985,3,,,time0,TIME0,0.942802526190296,0.9512800532166292,1.0,5
7.904655478660193e-05,False,217,time0,0.9913788330523708,0,,,time0,TIME0,0.8722990912022893,0.900075501242713,0.0,1
0.000758258024561817,False,217,time0,0.9318933955602801,4,,,time0,TIME0,0.8624625813967686,0.9356494918665874,0.0,7
0.0005499028561301075,False,217,time0,0.9190182811858616,1,,,time0,TIME0,0.8584794737990917,0.9339538072092319,0.0,9
0.0011098540705152874,False,217,time1,0.9042185837678459,6,,,time1,TIME1,0.8521553032912969,0.928792557300747,0.0,4
0.001255093854278443,False,217,time1,0.8513932640081878,8,,,time1,TIME1,0.8386278408212531,0.9401535746147804,0.0,6
0.0016403108528231483,False,217,time0,0.8505442323796888,2,,,time0,TIME0,0.8385675401373629,0.9401865800970357,0.0,2
0.00039114005386282143,False,217,goleiro_time1,0.8636377982140835,9,,,goleiro1,GOL-TIME1,0.8301538992255402,0.8887719108788257,0.0,3
0.002650496812956544,False,217,time1,0.8044082703971327,5,,,time1,TIME1,0.8203773336488897,0.9277922225545461,0.0,10
0.004347622749202083,False,217,time0,0.7629661234667684,7,,,time0,TIME0,0.8060042460698313,0.9297583635680493,0.0,8
0.0,True,217,excluido,1.0,10,,,excluir,EXCLUÍDO,0.65,0.0,0.0,14
0.001952813648004264,False,218,time0,0.8694143044342059,3,,,time0,TIME0,0.9466716897248698,0.9512800532166292,1.0,5
4.757917875993756e-05,False,218,time0,0.9794615328629227,0,,,time0,TIME0,0.8687396317194805,0.900075501242713,0.0,1
0.0006112841575460252,False,218,time1,0.9325517619068253,8,,,time1,TIME1,0.8636895359971044,0.9401535746147804,0.0,6
0.0005870434178531668,False,218,time0,0.9364283418980109,1,,,time0,TIME0,0.8635687971219081,0.9339538072092319,0.0,9
0.0009496354520630551,False,218,time1,0.9186015107299976,6,,,time1,TIME1,0.8567575078255427,0.928792557300747,0.0,4
0.00100866378600414,False,218,goleiro_time1,0.8932526096928836,9,,,goleiro1,GOL-TIME1,0.8386388571445174,0.8887719108788257,0.0,3
0.003204205966860138,False,218,time0,0.8140970236493433,7,,,time0,TIME0,0.8229096903490041,0.9297583635680493,0.0,8
0.0024118478731734007,False,218,time0,0.7879281764286054,2,,,time0,TIME0,0.8187009644444101,0.9401865800970357,0.0,2
0.00376944415406668,False,218,time1,0.7342834959691159,5,,,time1,TIME1,0.7979831511518077,0.9277922225545461,0.0,10
0.003978821123229536,False,218,time0,0.6928065150013812,4,,,time0,TIME0,0.7857267888260815,0.9356494918665874,0.0,7
0.00023802739211134727,False,219,time0,0.9774022729044052,1,,,time0,TIME0,0.8763349542130563,0.9343800291369978,0.0,9
5.0553697077340195e-05,False,219,time0,0.9934373875535888,0,,,time0,TIME0,0.8733092078422258,0.9014905980854275,0.0,1
0.0003330165825323688,False,219,time0,0.9380613733518604,4,,,time0,TIME0,0.8625717874125458,0.9360304767112531,0.0,7
0.0009366928119097675,False,219,time1,0.8971864020114971,8,,,time1,TIME1,0.8525533825103071,0.9378846941896926,0.0,6
0.0012697926462667633,False,219,time1,0.8942480819050211,6,,,time1,TIME1,0.8489120783611586,0.9280877319024102,0.0,4
0.0007598144937754408,False,219,goleiro_time1,0.9174257560588119,9,,,goleiro1,GOL-TIME1,0.8457593097666449,0.8875028452269919,0.0,3
0.002850559927165334,False,219,time0,0.8429057241256908,3,,,time0,TIME0,0.8371487028698652,0.950010447932419,0.0,5
0.0033421872670421327,False,219,time0,0.8016363264400809,7,,,time0,TIME0,0.8185058226614704,0.9267486995580532,0.0,8
0.002491908428588751,False,219,time0,0.780542471403093,2,,,time0,TIME0,0.8163444790938745,0.9399877755885837,0.0,2
0.002968934382634014,False,219,time1,0.767681046390543,5,,,time1,TIME1,0.808894198190476,0.9273514557684066,0.0,10
0.0001040156337971067,False,220,time0,0.9836936937736814,1,,,time0,TIME0,0.87846294682753,0.9343800291369978,0.0,9
8.164908748891592e-05,False,220,time0,0.9939392609023623,0,,,time0,TIME0,0.8733970293326316,0.9014905980854275,0.0,1
0.0003678603121516798,False,220,goleiro_time1,0.9510986734062706,9,,,goleiro1,GOL-TIME1,0.8561861770386688,0.8875028452269919,0.0,3
0.0013767218783132288,False,220,time1,0.8985228395892789,6,,,time1,TIME1,0.8500035829174535,0.9280877319024102,0.0,4
0.002717677230502544,False,220,time0,0.8541740347779724,3,,,time0,TIME0,0.8411127567486354,0.950010447932419,0.0,5
0.001672681252411912,False,220,time1,0.8589033965982851,5,,,time1,TIME1,0.8371009827557598,0.9273514557684066,0.0,10
0.0015334764903148015,False,220,time1,0.8344236455138881,8,,,time1,TIME1,0.8328789566179771,0.9378846941896926,0.0,6
0.001931513356669347,False,220,time0,0.8125365928207184,4,,,time0,TIME0,0.8249099940279048,0.9360304767112531,0.0,7
0.002229809971207132,False,220,time0,0.7840551096379436,2,,,time0,TIME0,0.8180071683033188,0.9399877755885837,0.0,2
0.0035244786279455347,False,220,time0,0.7890318943678624,7,,,time0,TIME0,0.8150682035748326,0.9267486995580532,0.0,8
0.00012819683904986772,False,221,time0,0.9869221163824564,0,,,time0,TIME0,0.8711918633063682,0.9014905980854275,0.0,1
0.0006475964118098004,False,221,time0,0.9191682908733488,1,,,time0,TIME0,0.8583768285853808,0.9343800291369978,0.0,9
0.0014536337797105103,False,221,time1,0.8976158216074801,6,,,time1,TIME1,0.8498382680849359,0.9280877319024102,0.0,4
0.0006674850241245644,False,221,goleiro_time1,0.9237281170210497,9,,,goleiro1,GOL-TIME1,0.8477695066997799,0.8875028452269919,0.0,3
0.0013865300695129787,False,221,time1,0.8476774721566005,8,,,time1,TIME1,0.8373790103932177,0.9378846941896926,0.0,6
0.001658388015015955,False,221,time1,0.8520011909671501,5,,,time1,TIME1,0.8353652270470593,0.9273514557684066,0.0,10
0.0017609807452553105,False,221,time0,0.825121341051311,2,,,time0,TIME0,0.8305767493753575,0.9399877755885837,0.0,2
0.0019446132671799433,False,221,time0,0.8015921824575177,4,,,time0,TIME0,0.8222192544180416,0.9360304767112531,0.0,7
0.004598677783558224,False,221,time0,0.775964278378681,3,,,time0,TIME0,0.8147975092242893,0.950010447932419,0.0,5
0.005505533973532593,False,221,time0,0.6800403673384179,7,,,time0,TIME0,0.7784449494348411,0.9267486995580532,0.0,8
0.0,False,222,time0,1.0,4,,,time0,TIME0,0.8828549105847355,0.936723133067615,0.0,7
2.265789281587866e-05,False,222,time0,0.9972275493503623,0,,,time0,TIME0,0.8747732160232491,0.9028477050806704,0.0,1
0.0005590053600169007,False,222,time0,0.9435273360395503,1,,,time0,TIME0,0.866080076858841,0.9349636785490711,0.0,9
0.0006651688883527658,False,222,time0,0.9263277912642581,2,,,time0,TIME0,0.8615179038518697,0.9401273862242734,0.0,2
0.0005430526159570961,False,222,goleiro_time1,0.9105294325567251,9,,,goleiro1,GOL-TIME1,0.8441711739392606,0.8877602478828803,0.0,3
0.0019097820430906572,False,222,time1,0.8710382467105277,6,,,time1,TIME1,0.8412455081797812,0.9279261328968351,0.0,4
0.0017258274720601543,False,222,time1,0.7864061477680236,8,,,time1,TIME1,0.8185299100667482,0.9378393002549907,0.0,6
0.0031832281304900773,False,222,time1,0.7524870033751477,5,,,time1,TIME1,0.8033906712320129,0.9263689682115481,0.0,10
0.005393409746457605,False,222,time0,0.7315358879744794,3,,,time0,TIME0,0.8003932921539825,0.9483359274718899,0.0,5
0.008805031165998345,False,222,time0,0.5592741758974257,7,,,time0,TIME0,0.7385401909782291,0.9243346224270503,0.0,8
0.0,False,223,time0,1.0,4,,,time0,TIME0,0.8841807832669037,0.936723133067615,0.0,7
2.440486843288613e-05,False,223,time0,0.9953648517697798,0,,,time0,TIME0,0.8742674496353816,0.9028477050806704,0.0,1
0.0006564350058905549,False,223,time0,0.951955137255764,7,,,time0,TIME0,0.8604501868973697,0.9243346224270503,0.0,8
0.0008754292095999647,False,223,time0,0.9055582168196356,1,,,time0,TIME0,0.8543814135910088,0.9349636785490711,0.0,9
0.0003174226178167215,False,223,goleiro_time1,0.9360242923306581,9,,,goleiro1,GOL-TIME1,0.8522864803775536,0.8877602478828803,0.0,3
0.0016390581690609973,False,223,time1,0.8820708104715627,6,,,time1,TIME1,0.8449280449050648,0.9279261328968351,0.0,4
0.001359947219073179,False,223,time0,0.8708360469668028,2,,,time0,TIME0,0.8444087756912113,0.9401273862242734,0.0,2
0.0012979022367494181,False,223,time1,0.8272901242444012,8,,,time1,TIME1,0.8311449175341341,0.9378393002549907,0.0,6
0.0027412428237711876,False,223,time1,0.7951366497661532,5,,,time1,TIME1,0.8173375485402596,0.9263689682115481,0.0,10
0.004676239059334071,False,223,time0,0.7587944345295389,3,,,time0,TIME0,0.8099718158859635,0.9483359274718899,0.0,5
0.0,False,224,time0,1.0,4,,,time0,TIME0,0.8841807832669037,0.936723133067615,0.0,7
9.204539372644075e-05,False,224,time0,0.9836157366054891,1,,,time0,TIME0,0.8780835984411126,0.9349636785490711,0.0,9
5.239018679630703e-05,False,224,time0,0.9927219341074279,0,,,time0,TIME0,0.8734292465500996,0.9028477050806704,0.0,1
0.001554344541828986,False,224,time0,0.8531738473193412,2,,,time0,TIME0,0.8390511256691209,0.9401273862242734,0.0,2
0.0012300628056739213,False,224,time1,0.8375761639755086,8,,,time1,TIME1,0.8343576182678059,0.9378393002549907,0.0,6
0.0005832830328775401,False,224,goleiro_time1,0.8640271896198075,9,,,goleiro1,GOL-TIME1,0.8300946793186079,0.8877602478828803,0.0,3
0.0028356856011653078,False,224,time1,0.7831661631371553,6,,,time1,TIME1,0.8134803962474902,0.9279261328968351,0.0,4
0.005833809362115834,False,224,time0,0.7049554239375742,3,,,time0,TIME0,0.7923350980939945,0.9483359274718899,0.0,5
0.006100718466065663,False,224,time1,0.6369561677225586,5,,,time1,TIME1,0.7638674654047837,0.9263689682115481,0.0,10
0.007890595965308146,False,224,time0,0.6441182265089219,7,,,time0,TIME0,0.7617778925179295,0.9243346224270503,0.0,8
0.0,False,225,time0,1.0,4,,,time0,TIME0,0.8842837325748658,0.9371349302994632,0.0,7
8.416711908190977e-05,False,225,time0,0.9903592302473394,0,,,time0,TIME0,0.8729518501537836,0.9039281672945608,0.0,1
0.0004290305415283771,False,225,time0,0.9443355291401215,1,,,time0,TIME0,0.8663596173122231,0.9351139333820367,0.0,9
0.0005584771852782098,False,225,time1,0.9202800864361154,8,,,time1,TIME1,0.859280309370673,0.9376269886698565,0.0,6
0.0012067018667992722,False,225,time0,0.8895422915543261,2,,,time0,TIME0,0.8500735285826465,0.9391537146878259,0.0,2
0.0005305838669030413,False,225,goleiro_time1,0.9219639702380169,9,,,goleiro1,GOL-TIME1,0.8470575630273962,0.8867956361238039,0.0,3
0.001277442885234743,False,225,time1,0.8858360475861851,5,,,time1,TIME1,0.8426247407280693,0.9259895667438713,0.0,10
0.002699414387823366,False,225,time1,0.782501447718413,6,,,time1,TIME1,0.8144597631674494,0.9291269655239942,0.0,4
0.0026435320698169375,False,225,time0,0.7916364966197802,7,,,time0,TIME0,0.8120795727791159,0.923687608017656,0.0,8
0.0052996307514360744,False,225,time0,0.6899225073815434,3,,,time0,TIME0,0.7871008652758984,0.9475961465792516,0.0,5
0.0,False,226,time0,1.0,4,,,time0,TIME0,0.8842837325748658,0.9371349302994632,0.0,7
2.5461783893307913e-05,False,226,time0,0.9967057699476722,0,,,time0,TIME0,0.8748959523680022,0.9039281672945608,0.0,1
0.0002683204785757415,False,226,time0,0.9689549380368898,1,,,time0,TIME0,0.8741003383853272,0.9351139333820367,0.0,9
0.000558115057597413,False,226,time1,0.9370383535259182,8,,,time1,TIME1,0.8648997560996988,0.9376269886698565,0.0,6
0.0010445972216362941,False,226,time0,0.9279433783078143,3,,,time0,TIME0,0.8612465759697057,0.9475961465792516,0.0,5
0.0011150707789995935,False,226,time0,0.896132559650157,2,,,time0,TIME0,0.8523433243476964,0.9391537146878259,0.0,2
0.0015824617421676397,False,226,time1,0.9038843379187919,5,,,time1,TIME1,0.8505765442026164,0.9259895667438713,0.0,10
0.0009998290475837582,False,226,goleiro_time1,0.9091690102834835,9,,,goleiro1,GOL-TIME1,0.8425405263885655,0.8867956361238039,0.0,3
0.0017078956073845518,False,226,time1,0.8432664158157513,6,,,time1,TIME1,0.8330289861688134,0.9291269655239942,0.0,4
0.009388886916638356,False,226,time0,0.5274349451999052,7,,,time0,TIME0,0.7224133539175494,0.923687608017656,0.0,8
0.0,False,227,time0,1.0,4,,,time0,TIME0,0.8842837325748658,0.9371349302994632,0.0,7
3.156709367720881e-05,False,227,time0,0.9973389906712506,0,,,time0,TIME0,0.8751227222649595,0.9039281672945608,0.0,1
0.0005131013388579819,False,227,time0,0.9422968089671244,1,,,time0,TIME0,0.8657375524956594,0.9351139333820367,0.0,9
0.0007415977160912427,False,227,time1,0.9320165129774854,8,,,time1,TIME1,0.8631287572854972,0.9376269886698565,0.0,6
0.00023676407991698436,False,227,goleiro_time1,0.9712532881711002,9,,,goleiro1,GOL-TIME1,0.8623321493236187,0.8867956361238039,0.0,3
0.000679267617829393,False,227,time1,0.9341720530142975,6,,,time1,TIME1,0.8612015458714981,0.9291269655239942,0.0,4
0.0022115994843372264,False,227,time0,0.843829035267101,3,,,time0,TIME0,0.8367700624256127,0.9475961465792516,0.0,5
0.0012671527364884019,False,227,time1,0.8527295169429946,5,,,time1,TIME1,0.8358026518413723,0.9259895667438713,0.0,10
0.0015391399480786112,False,227,time0,0.8372988184105764,2,,,time0,TIME0,0.8341744356941255,0.9391537146878259,0.0,2
0.010449308783091808,False,227,time0,0.5804580345568001,7,,,time0,TIME0,0.7325149761673969,0.923687608017656,0.0,8
0.0,False,228,time0,1.0,4,,,time0,TIME0,0.8845673776663613,0.9382695106654451,0.0,7
9.717713182697352e-06,False,228,time0,0.998681239924334,0,,,time0,TIME0,0.8758050972468535,0.9049036907960466,0.0,1
0.00010393622494975909,False,228,goleiro_time1,0.9822884782003937,9,,,goleiro1,GOL-TIME1,0.8663219745813882,0.8875211438527548,0.0,3
0.0007125510479408941,False,228,time1,0.917237126298217,8,,,time1,TIME1,0.8580168535165122,0.9359437173980507,0.0,6
0.0007660371744904168,False,228,time0,0.9129500881740505,1,,,time0,TIME0,0.8567790726360709,0.9350537422642013,0.0,9
0.001345854273087111,False,228,time1,0.8770635283807242,6,,,time1,TIME1,0.8440371461500211,0.9304630875457198,0.0,4
0.0017812747092329445,False,228,time0,0.8464521680416777,2,,,time0,TIME0,0.8364074770166874,0.9377442095647404,0.0,2
0.0029830852649904197,False,228,time0,0.8403998514779215,3,,,time0,TIME0,0.8342635867648737,0.9478226646321706,0.0,5
0.0023332782407453376,False,228,time1,0.8371107119589071,5,,,time1,TIME1,0.8294439049797651,0.9250231266798117,0.0,10
0.004363488182847394,False,228,time0,0.7383244880217036,7,,,time0,TIME0,0.7934050170530346,0.9229067487866098,0.0,8
3.824975847957963e-05,False,229,time0,0.9984732853183299,0,,,time0,TIME0,0.8757091387393436,0.9049036907960466,0.0,1
0.0004904984431055614,False,229,time1,0.9665552167592244,6,,,time1,TIME1,0.8712918266794116,0.9304630875457198,0.0,4
0.0006859362868382727,False,229,time1,0.9256963217341815,8,,,time1,TIME1,0.860845914143097,0.9359437173980507,0.0,6
0.000307895813725621,False,229,goleiro_time1,0.9641485834496389,9,,,goleiro1,GOL-TIME1,0.860672980957651,0.8875211438527548,0.0,3
0.0007939160341391877,False,229,time0,0.9053676700227158,1,,,time0,TIME0,0.8546123117502553,0.9350537422642013,0.0,9
0.002210697056880514,False,229,time0,0.8599824118199673,7,,,time0,TIME0,0.834499374544653,0.9229067487866098,0.0,8
0.001933686122754128,False,229,time0,0.8214887045101803,2,,,time0,TIME0,0.8286219940451598,0.9377442095647404,0.0,2
0.002751102964921223,False,229,time1,0.7954080621466268,5,,,time1,TIME1,0.8170884073537408,0.9250231266798117,0.0,10
0.004246332927774471,False,229,time0,0.6187283367825097,4,,,time0,TIME0,0.7634303490432912,0.9382695106654451,0.0,7
0.00636240375899892,False,229,time0,0.5769340468726262,3,,,time0,TIME0,0.7505588402516504,0.9478226646321706,0.0,5
3.448692883771331e-05,False,230,time0,0.9953442772960286,0,,,time0,TIME0,0.8747621310143648,0.9049036907960466,0.0,1
0.0007076714560773353,False,230,time0,0.9154128623771687,1,,,time0,TIME0,0.8576332939794475,0.9350537422642013,0.0,9
0.000875583436014874,False,230,time1,0.907387202675135,8,,,time1,TIME1,0.8550956323902483,0.9359437173980507,0.0,6
0.0010910191695944922,False,230,time0,0.8996756642617536,4,,,time0,TIME0,0.85095721448079,0.9382695106654451,0.0,7
0.0009467319368728947,False,230,time1,0.8961430704631128,6,,,time1,TIME1,0.8500215298427198,0.9304630875457198,0.0,4
0.000680701263967196,False,230,goleiro_time1,0.9009733335752806,9,,,goleiro1,GOL-TIME1,0.8411485640465877,0.8875211438527548,0.0,3
0.002195149816680699,False,230,time0,0.8027454178479302,3,,,time0,TIME0,0.8226786365605212,0.9478226646321706,0.0,5
0.0024077150111128185,False,230,time0,0.7850730571118334,2,,,time0,TIME0,0.8172444167831454,0.9377442095647404,0.0,2
0.003186107700000028,False,230,time1,0.7783026942698595,5,,,time1,TIME1,0.8096021217373606,0.9250231266798117,0.0,10
0.00415375608707126,False,230,time0,0.7575655241598631,7,,,time0,TIME0,0.8028837451088554,0.9229067487866098,0.0,8
1.8636797344505958e-05,False,231,time0,0.9977902013149054,0,,,time0,TIME0,0.8757327091123986,0.9057140559757837,0.0,1
0.0006352640313752443,False,231,time0,0.9246622353589502,1,,,time0,TIME0,0.8605599992422807,0.9353887421910132,0.0,9
0.0009195712447009185,False,231,time0,0.9002056249221635,4,,,time0,TIME0,0.8537045842899957,0.9383858682961999,0.0,7
0.001249823065084172,False,231,time1,0.8951776702331414,6,,,time1,TIME1,0.8498802787280018,0.9308562650348733,0.0,4
0.0011400149737809822,False,231,time1,0.8804086503713298,8,,,time1,TIME1,0.846689120963324,0.9356358975203214,0.0,6
0.0014958459553301652,False,231,time0,0.8560392046573635,3,,,time0,TIME0,0.8422153236783431,0.9489756272751095,0.0,5
0.0008494016249862117,False,231,goleiro_time1,0.8856900908422368,9,,,goleiro1,GOL-TIME1,0.8367391464100946,0.8888009979469189,0.0,3
0.0030465478112896393,False,231,time1,0.7797721256094917,5,,,time1,TIME1,0.8123267170425812,0.9250405531238607,0.0,10
0.0034490671872217256,False,231,time0,0.7689040317225508,7,,,time0,TIME0,0.807632816734768,0.9223627968388838,0.0,8
0.0032212163287066576,False,231,time0,0.7122271513065341,2,,,time0,TIME0,0.7941290243563885,0.9359089191460624,0.0,2
2.532836409300873e-05,False,232,time0,0.9974531928027806,0,,,time0,TIME0,0.8756360019869045,0.9057140559757837,0.0,1
0.0003250471862037987,False,232,time0,0.9694948999537457,4,,,time0,TIME0,0.8747435472980916,0.9383858682961999,0.0,7
0.00027139501259638185,False,232,goleiro_time1,0.9686116281590902,9,,,goleiro1,GOL-TIME1,0.8618431853989723,0.8888009979469189,0.0,3
0.0007110800627763235,False,232,time0,0.9053480815545493,3,,,time0,TIME0,0.8575989973816016,0.9489756272751095,0.0,5
0.0012226330496004137,False,232,time1,0.9005556261877438,6,,,time1,TIME1,0.8516630750476826,0.9308562650348733,0.0,4
0.0009066119643291802,False,232,time0,0.888821520217458,1,,,time0,TIME0,0.849447310753163,0.9353887421910132,0.0,9
0.0011723070425853311,False,232,time1,0.8831069386357053,8,,,time1,TIME1,0.8474253981143696,0.9356358975203214,0.0,6
0.0016654164780164585,False,232,time1,0.8567535743439264,5,,,time1,TIME1,0.835713377189678,0.9250405531238607,0.0,10
0.0015743782487314608,False,232,time0,0.8298709562818172,2,,,time0,TIME0,0.8303838171483577,0.9359089191460624,0.0,2
0.0035902951563670537,False,232,time0,0.7905911612898728,7,,,time0,TIME0,0.8139356044449301,0.9223627968388838,0.0,8
4.45533287930496e-06,False,233,time0,0.9987378550561931,0,,,time0,TIME0,0.8760280896339304,0.9057140559757837,0.0,1
9.477364124985513e-05,False,233,time0,0.9716173665780663,4,,,time0,TIME0,0.8757102253617852,0.9383858682961999,0.0,7
0.0006200168731636495,False,233,time1,0.9314910717407853,8,,,time1,TIME1,0.8623361454722127,0.9356358975203214,0.0,6
0.00030223293938410446,False,233,time0,0.915599788339066,1,,,time0,TIME0,0.857630832402827,0.9353887421910132,0.0,9
0.0003522206629338529,False,233,goleiro_time1,0.953913609144285,9,,,goleiro1,GOL-TIME1,0.8576296955064007,0.8888009979469189,0.0,3
0.0017364047660395176,False,233,time1,0.8736632891873188,6,,,time1,TIME1,0.8427913709357182,0.9308562650348733,0.0,4
0.0012657205615894253,False,233,time0,0.8441938244597942,2,,,time0,TIME0,0.8355483568994114,0.9359089191460624,0.0,2
0.002001903307081406,False,233,time0,0.81175401849376,3,,,time0,TIME0,0.8278088628596142,0.9489756272751095,0.0,5
0.0027132992296140536,False,233,time1,0.7968939367114484,5,,,time1,TIME1,0.8171209183179683,0.9250405531238607,0.0,10
0.0036368508348613377,False,233,time0,0.7320506089549641,7,,,time0,TIME0,0.7957253556777445,0.9223627968388838,0.0,8
0.00027326589569369003,False,234,time0,0.9725588124590693,4,,,time0,TIME0,0.8757556444390261,0.9378398430830122,0.0,7
1.4082744022869732e-05,False,234,time0,0.9939566872201411,0,,,time0,TIME0,0.874743503211967,0.9063241165994111,0.0,1
0.0006336632727997073,False,234,time0,0.9267041279243479,1,,,time0,TIME0,0.8608259126018412,0.935139002458276,0.0,9
0.0006738921677489516,False,234,goleiro_time1,0.9367265469979701,9,,,goleiro1,GOL-TIME1,0.8527769063716752,0.890477087169219,0.0,3
0.0013269877151653607,False,234,time1,0.8649016189871745,8,,,time1,TIME1,0.8412927409142381,0.9346742487728206,0.0,6
0.0016863180128970378,False,234,time1,0.8653064879302987,6,,,time1,TIME1,0.8409855375805478,0.93198035940538,0.0,4
0.0018410496207798862,False,234,time1,0.856942683732529,5,,,time1,TIME1,0.8354900277219393,0.9227418486695662,0.0,10
0.0015286767004744836,False,234,time0,0.8257209653704003,2,,,time0,TIME0,0.8296920277565398,0.9341807170548209,0.0,2
0.001963429092728368,False,234,time0,0.7968738628222148,3,,,time0,TIME0,0.8247231366245711,0.9503959595757941,0.0,5
0.002874104618696168,False,234,time0,0.7750608364700535,7,,,time0,TIME0,0.809737186807469,0.9230116978674867,0.0,8
0.00012864072195027846,False,235,time0,0.9866315300238353,4,,,time0,TIME0,0.8801444698743371,0.9378398430830122,0.0,7
5.332375758869473e-05,False,235,time0,0.9937572968443544,0,,,time0,TIME0,0.8746327969931386,0.9063241165994111,0.0,1
0.0004167458748909335,False,235,time0,0.9497711616622893,1,,,time0,TIME0,0.8681792992945951,0.935139002458276,0.0,9
0.00025720362043987576,False,235,goleiro_time1,0.9667378726375278,9,,,goleiro1,GOL-TIME1,0.8621016739378791,0.890477087169219,0.0,3
0.0008754211938849793,False,235,time0,0.9091053583159671,2,,,time0,TIME0,0.8548702698495688,0.9341807170548209,0.0,2
0.0010256649145587143,False,235,time0,0.8827279822673154,3,,,time0,TIME0,0.850845432186083,0.9503959595757941,0.0,5
0.0010914995037051374,False,235,time1,0.8880340910249813,8,,,time1,TIME1,0.8489189792748537,0.9346742487728206,0.0,6
0.002207746867906894,False,235,time1,0.844738982477271,6,,,time1,TIME1,0.834025957232873,0.93198035940538,0.0,4
0.0024064605009852277,False,235,time0,0.8213952801353176,7,,,time0,TIME0,0.8245785734247192,0.9230116978674867,0.0,8
0.0024828989678746366,False,235,time1,0.811676636638269,5,,,time1,TIME1,0.8214546679317174,0.9227418486695662,0.0,10
0.00017132959163279228,False,236,time0,0.9822349551191798,4,,,time0,TIME0,0.878774625728895,0.9378398430830122,0.0,7
1.5164764081154268e-05,False,236,time0,0.9985008114931327,0,,,time0,TIME0,0.8760713071962726,0.9063241165994111,0.0,1
0.00016268962747670012,False,236,goleiro_time1,0.9777518910956396,9,,,goleiro1,GOL-TIME1,0.8657303665758266,0.890477087169219,0.0,3
0.0006893013144285743,False,236,time0,0.9234066425753437,1,,,time0,TIME0,0.8599760644373318,0.935139002458276,0.0,9
0.0009807126834557537,False,236,time0,0.8898711911108509,2,,,time0,TIME0,0.8495179391866247,0.9341807170548209,0.0,2
0.0015071955989610347,False,236,time1,0.8259751425724245,8,,,time1,TIME1,0.8297664166684928,0.9346742487728206,0.0,6
0.0021843117583024434,False,236,time1,0.8330013807285918,5,,,time1,TIME1,0.828384644199329,0.9227418486695662,0.0,10
0.0025775966247123436,False,236,time0,0.8145205007764785,7,,,time0,TIME0,0.8225833565123428,0.9230116978674867,0.0,8
0.0017422164637981843,False,236,time0,0.7431776070973471,3,,,time0,TIME0,0.8070829712803739,0.9503959595757941,0.0,5
0.0019084772064487273,False,236,time1,0.7473682563259356,6,,,time1,TIME1,0.804371965012479,0.93198035940538,0.0,4
0.0002500110889440378,False,237,time0,0.9750710548892845,4,,,time0,TIME0,0.8766557525244296,0.9383728640486331,0.0,7
5.830470718530436e-06,False,237,time0,0.9981244857704852,0,,,time0,TIME0,0.8761179083675517,0.9068006726411045,0.0,1
0.00022862653113702716,False,237,time0,0.972943662703033,1,,,time0,TIME0,0.8748891513691797,0.9341208820931838,0.0,9
0.0006643092790191398,False,237,time0,0.9416107615592535,3,,,time0,TIME0,0.8679094848006985,0.9504862818685933,0.0,5
0.0004515415609527053,False,237,goleiro_time1,0.9318110715635585,9,,,goleiro1,GOL-TIME1,0.852193472456524,0.8933900193804578,0.0,3
0.001346215487585188,False,237,time0,0.8691888542938104,2,,,time0,TIME0,0.8424938891839693,0.9328525281537294,0.0,2
0.0021526994018359084,False,237,time1,0.8324466679156547,5,,,time1,TIME1,0.8274669740401139,0.9208622824846708,0.0,10
0.003002408617201592,False,237,time0,0.789662031791394,7,,,time0,TIME0,0.8147932412067544,0.9237476955324726,0.0,8
0.0019172859698939665,False,237,time1,0.7770693232454267,8,,,time1,TIME1,0.8146912121250138,0.9349403658537861,0.0,6
0.002738117100785862,False,237,time1,0.7417196268087669,6,,,time1,TIME1,0.8019655272465432,0.9342117960453931,0.0,4
0.0002568108250394037,False,238,time0,0.9755572748945442,4,,,time0,TIME0,0.8767383904405246,0.9383728640486331,0.0,7
3.9449344471499164e-05,False,238,time0,0.995755544401714,0,,,time0,TIME0,0.8753659124706318,0.9068006726411045,0.0,1
0.0009308622417082237,False,238,time0,0.9166350032635183,3,,,time0,TIME0,0.8614287383195345,0.9504862818685933,0.0,5
0.0007207146477945538,False,238,time0,0.9201433857858876,1,,,time0,TIME0,0.8585810827197804,0.9341208820931838,0.0,9
0.0010228265397359039,False,238,time0,0.8997148815966887,2,,,time0,TIME0,0.8519743607459729,0.9328525281537294,0.0,2
0.0006559254499328744,False,238,goleiro_time1,0.9255287929282391,9,,,goleiro1,GOL-TIME1,0.850120281375704,0.8933900193804578,0.0,3
0.0010465578249358285,False,238,time1,0.8954190505832147,6,,,time1,TIME1,0.849519055442472,0.9342117960453931,0.0,4
0.0024026125519332414,False,238,time0,0.828656914185483,7,,,time0,TIME0,0.8269274703888806,0.9237476955324726,0.0,8
0.0022368057625592143,False,238,time1,0.8268276973985234,5,,,time1,TIME1,0.8259349652874205,0.9208622824846708,0.0,10
0.001752726791044758,False,238,time1,0.7867887552844979,8,,,time1,TIME1,0.8179168775079905,0.9349403658537861,0.0,6
6.357740439242847e-05,False,239,time0,0.9658753821801057,4,,,time0,TIME0,0.8741481065139358,0.9383728640486331,0.0,7
8.17156800704522e-05,False,239,time0,0.9916162463409037,0,,,time0,TIME0,0.8740446520622076,0.9068006726411045,0.0,1
0.000306733737982229,False,239,time0,0.9463921508012028,3,,,time0,TIME0,0.8704371615502993,0.9504862818685933,0.0,5
0.0004196928169926605,False,239,goleiro_time1,0.9712691307603126,9,,,goleiro1,GOL-TIME1,0.8641146892003536,0.8933900193804578,0.0,3
0.0006304302001124251,False,239,time0,0.9263684657122905,1,,,time0,TIME0,0.8606310070709449,0.9341208820931838,0.0,9
0.0006649304461981363,False,239,time1,0.9088835144623679,8,,,time1,TIME1,0.8549923502990615,0.9349403658537861,0.0,6
0.0011770369232152068,False,239,time1,0.8325113718667889,6,,,time1,TIME1,0.8315319415076288,0.9342117960453931,0.0,4
0.002905398984646699,False,239,time0,0.7888954489108917,7,,,time0,TIME0,0.8138512140769093,0.9237476955324726,0.0,8
0.0026404211606846227,False,239,time1,0.7828959773861491,5,,,time1,TIME1,0.8123198413637708,0.9208622824846708,0.0,10
0.002404915395823229,False,239,time0,0.7716649734163775,2,,,time0,TIME0,0.8114507537208493,0.9328525281537294,0.0,2
9.353166994540888e-06,False,240,time0,0.9990685308393866,0,,,time0,TIME0,0.8762706046444404,0.9064315479397755,0.0,1
0.00026778870183854445,False,240,time0,0.9691722319184787,4,,,time0,TIME0,0.8749986590489284,0.9387498286967761,0.0,7
0.0002444550823469312,False,240,time1,0.9652417040937536,8,,,time1,TIME1,0.8730373180366365,0.9359085450818014,0.0,6
0.00032862617757860036,False,240,time0,0.9605842760619879,1,,,time0,TIME0,0.8709155212493607,0.9330644032437565,0.0,9
0.00017456171308807472,False,240,goleiro_time1,0.9756376392316783,9,,,goleiro1,GOL-TIME1,0.866195025930535,0.8960148590549583,0.0,3
0.00110680322851299,False,240,time0,0.9152580676083034,3,,,time0,TIME0,0.8599476309000885,0.9493073551280792,0.0,5
0.0008104610786575665,False,240,time0,0.921446526536998,2,,,time0,TIME0,0.8574907698081894,0.9329684227675971,0.0,2
0.0015404307825855033,False,240,time1,0.8774106005604446,6,,,time1,TIME1,0.8446616266784721,0.9354987265163003,0.0,4
0.0021548110861432054,False,240,time0,0.79889729893288,7,,,time0,TIME0,0.8177495452716564,0.9238726264551861,0.0,8
0.003018905973289045,False,240,time1,0.7474940926992006,5,,,time1,TIME1,0.8017774882896966,0.9222573619030223,0.0,10
0.0006007988413595009,False,241,time0,0.9493572218806507,3,,,time0,TIME0,0.871211292918991,0.9493073551280792,0.0,5
0.00018325078618154587,False,241,time0,0.9805702387072772,0,,,time0,TIME0,0.8704881596819938,0.9064315479397755,0.0,1
5.8721745525985966e-05,False,241,goleiro_time1,0.9853603190859855,9,,,goleiro1,GOL-TIME1,0.8694044776222404,0.8960148590549583,0.0,3
0.00036442007381792314,False,241,time0,0.953758047509001,1,,,time0,TIME0,0.8689544427740536,0.9330644032437565,0.0,9
0.0001502873505147949,False,241,time0,0.9345924937559109,4,,,time0,TIME0,0.8646498788521605,0.9387498286967761,0.0,7
0.0009760117202786737,False,241,time1,0.8979519230108656,8,,,time1,TIME1,0.8519149183419608,0.9359085450818014,0.0,6
0.0013236982280789406,False,241,time1,0.8805992542136569,6,,,time1,TIME1,0.8455759318068283,0.9354987265163003,0.0,4
0.0017974881669592685,False,241,time1,0.8226286297320821,5,,,time1,TIME1,0.8248026972962917,0.9222573619030223,0.0,10
0.002141610319674438,False,241,time0,0.7751622810091302,2,,,time0,TIME0,0.812636450814574,0.9329684227675971,0.0,2
0.002901482445425977,False,241,time0,0.7480629985843439,7,,,time0,TIME0,0.8018563921964058,0.9238726264551861,0.0,8
0.0,False,242,time0,1.0,2,,,time0,TIME0,0.8817819168375758,0.9329684227675971,0.0,2
6.879907830777388e-05,False,242,time0,0.9926885822458291,0,,,time0,TIME0,0.8742607765034389,0.9064315479397755,0.0,1
0.00042356587856944293,False,242,time0,0.9626827557708003,4,,,time0,TIME0,0.8727430270307013,0.9387498286967761,0.0,7
0.0006817090118309321,False,242,time1,0.9345178672377681,8,,,time1,TIME1,0.8635095886999467,0.9359085450818014,0.0,6
0.00036890512001413014,False,242,goleiro_time1,0.95305365230687,9,,,goleiro1,GOL-TIME1,0.8593725390140824,0.8960148590549583,0.0,3
0.0008085553677859705,False,242,time0,0.9053190441671379,1,,,time0,TIME0,0.853821222128034,0.9330644032437565,0.0,9
0.0012037743044641556,False,242,time1,0.8955122798753402,6,,,time1,TIME1,0.8513501337435068,0.9354987265163003,0.0,4
0.0018692846216894015,False,242,time0,0.8523393159682714,3,,,time0,TIME0,0.8404356243513078,0.9493073551280792,0.0,5
0.002127645726592883,False,242,time1,0.7917817072539465,5,,,time1,TIME1,0.8158051042117329,0.9222573619030223,0.0,10
0.0027799187500405676,False,242,time0,0.742666831281588,7,,,time0,TIME0,0.8008880753306227,0.9238726264551861,0.0,8
0.00023853869833590752,False,243,time0,0.9790851693227517,4,,,time0,TIME0,0.8782229004144604,0.9393790930433252,0.0,7
1.1919728066087166e-05,False,243,time0,0.9985248408394208,0,,,time0,TIME0,0.8760231849886628,0.9060759573359481,0.0,1
0.00034843760058734976,False,243,goleiro_time1,0.9579002320504255,9,,,goleiro1,GOL-TIME1,0.8614523320938325,0.8977090080544652,0.0,3
0.0007420095107655251,False,243,time1,0.912572028556093,8,,,time1,TIME1,0.8568323744256587,0.935675084969415,0.0,6
0.0009189002583313165,False,243,time0,0.9129331358634707,7,,,time0,TIME0,0.8529191719057531,0.9260576044083151,0.0,8
0.0008961118850220182,False,243,time0,0.8815946468131198,3,,,time0,TIME0,0.8488620769305026,0.9482437494579898,0.0,5
0.0013422651606038308,False,243,time1,0.8829284354639206,6,,,time1,TIME1,0.847001514190215,0.9356753334115908,0.0,4
0.0010660525511040938,False,243,time0,0.8703697960610935,1,,,time0,TIME0,0.8430938928947784,0.9328419501880507,0.0,9
0.002462311973708675,False,243,time1,0.7726406184488824,5,,,time1,TIME1,0.8094995326280829,0.9239110640089641,0.0,10
0.005327202781690973,False,243,time0,0.45215440605415375,2,,,time0,TIME0,0.710413332173637,0.9329684227675971,0.0,2
0.00011798268739876781,False,244,time0,0.9689308074584929,3,,,time0,TIME0,0.8770689470536017,0.9482437494579898,0.0,5
1.0016488019610743e-05,False,244,time0,0.9989572124356656,0,,,time0,TIME0,0.8761907706394111,0.9060759573359481,0.0,1
0.00026787441418327777,False,244,time0,0.9587964192832218,4,,,time0,TIME0,0.8719115696404968,0.9393790930433252,0.0,7
0.0004508920851093933,False,244,time0,0.9408033048736691,1,,,time0,TIME0,0.8645651598303872,0.9328419501880507,0.0,9
0.000587451914923183,False,244,time1,0.922667872592361,6,,,time1,TIME1,0.8593545511084104,0.9356753334115908,0.0,4
0.0004115511081580906,False,244,goleiro_time1,0.9503298082572036,9,,,goleiro1,GOL-TIME1,0.8591080790744261,0.8977090080544652,0.0,3
0.0009133917372356425,False,244,time1,0.8844039596052143,8,,,time1,TIME1,0.8481519229152573,0.935675084969415,0.0,6
0.0011245097399862811,False,244,time0,0.8846982644841781,7,,,time0,TIME0,0.8455828520566674,0.9260576044083151,0.0,8
0.000440099330740517,False,244,time0,0.8558880076807686,2,,,time0,TIME0,0.8357483138125062,0.9329684227675971,0.0,2
0.0018797225031068664,False,244,time1,0.8101915750546075,5,,,time1,TIME1,0.8217866097217397,0.9239110640089641,0.0,10
0.00017255763214460068,False,245,time0,0.9774044528281511,4,,,time0,TIME0,0.8777453564634422,0.9393790930433252,0.0,7
5.317341299303818e-06,False,245,time0,0.9979364207125642,0,,,time0,TIME0,0.8758906073868266,0.9060759573359481,0.0,1
0.0001517703846180302,False,245,time0,0.9537353583825572,3,,,time0,TIME0,0.8729094010476139,0.9482437494579898,0.0,5
0.0002532194042331373,False,245,goleiro_time1,0.9733007674679363,9,,,goleiro1,GOL-TIME1,0.8660776762928446,0.8977090080544652,0.0,3
0.00048695930201000676,False,245,time0,0.9370759120633557,1,,,time0,TIME0,0.8638647582599169,0.9328419501880507,0.0,9
0.0007414598762329176,False,245,time1,0.9160035362174146,8,,,time1,TIME1,0.8579183030311012,0.935675084969415,0.0,6
0.002103674883126116,False,245,time1,0.8314202317593444,5,,,time1,TIME1,0.8277696937227477,0.9239110640089641,0.0,10
0.0023874092772245732,False,245,time1,0.8035604630836743,6,,,time1,TIME1,0.8210679416365438,0.9356753334115908,0.0,4
0.002778389473379046,False,245,time0,0.7800249824403684,7,,,time0,TIME0,0.8117538086696443,0.9260576044083151,0.0,8
0.0014949525582359047,False,245,time0,0.729474554750369,2,,,time0,TIME0,0.7998596505355471,0.9329684227675971,0.0,2
0.0003883734399820797,False,246,time0,0.9782272219793304,3,,,time0,TIME0,0.8797132213696094,0.9475256980401521,0.0,5
9.433202069621736e-06,False,246,time0,0.998461647963642,0,,,time0,TIME0,0.8758809204021129,0.9054156291046191,0.0,1
0.0003624876016193979,False,246,time0,0.9646238580206454,4,,,time0,TIME0,0.8739611953522708,0.940228678266473,0.0,7
0.00043225727266899374,False,246,time1,0.9392024729425102,8,,,time1,TIME1,0.8649801776422242,0.9353948067033159,0.0,6
0.0008432186677195496,False,246,time0,0.9167754417351778,1,,,time0,TIME0,0.8572231040586614,0.9333406460649328,0.0,9
0.00048291293864594466,False,246,goleiro_time1,0.9398696170393923,9,,,goleiro1,GOL-TIME1,0.8562121740904078,0.8994817991839692,0.0,3
0.0011654564472857066,False,246,time0,0.8701371042582314,2,,,time0,TIME0,0.8430184832869816,0.9330640518512585,0.0,2
0.0016722869604064267,False,246,time1,0.8498679753203908,6,,,time1,TIME1,0.8369249227443769,0.9359167837147784,0.0,4
0.0030022961942623026,False,246,time0,0.7989535664190182,7,,,time0,TIME0,0.8183995076747431,0.9268785993242838,0.0,8
0.0020934880254918652,False,246,time1,0.7769021132607357,5,,,time1,TIME1,0.8116308484113712,0.9251583856986928,0.0,10
7.736556137726417e-06,False,247,time0,0.9993396879990054,0,,,time0,TIME0,0.8761384161942216,0.9054156291046191,0.0,1
0.0009093935188938662,False,247,time0,0.9464185406582419,3,,,time0,TIME0,0.8696043906024605,0.9475256980401521,0.0,5
0.0004440923743802141,False,247,time0,0.9488376622791721,4,,,time0,TIME0,0.8690718948256632,0.940228678266473,0.0,7
0.0003337602176605728,False,247,goleiro_time1,0.9643176108359417,9,,,goleiro1,GOL-TIME1,0.8637481575482655,0.8994817991839692,0.0,3
0.0006107926115808752,False,247,time0,0.9366718146026689,1,,,time0,TIME0,0.8636199574277813,0.9333406460649328,0.0,9
0.0010368437930209705,False,247,time1,0.8994265812434378,8,,,time1,TIME1,0.8522452056150076,0.9353948067033159,0.0,6
0.0010026695531662484,False,247,time0,0.8906307109307354,2,,,time0,TIME0,0.8491598490661951,0.9330640518512585,0.0,2
0.0018152660081494551,False,247,time0,0.8623349746931418,7,,,time0,TIME0,0.8378731084240403,0.9268785993242838,0.0,8
0.0025688714682183447,False,247,time1,0.8016043023207459,6,,,time1,TIME1,0.8214939437479147,0.9359167837147784,0.0,4
0.0016138621387784212,False,247,time1,0.7949177923268421,5,,,time1,TIME1,0.8179000407891946,0.9251583856986928,0.0,10
0.0,False,248,time0,0.0,novo,0.06031601868119507,True,time0,TIME0,0.0,,,12
2.693044012486547e-05,False,248,time0,0.9972790563269464,0,,,time0,TIME0,0.8754951785546841,0.9054156291046191,0.0,1
0.00042586296433505793,False,248,time0,0.9646664831534324,3,,,time0,TIME0,0.8753940965894337,0.9475256980401521,0.0,5
0.0007507762678056508,False,248,time0,0.9432283851884519,4,,,time0,TIME0,0.8671335690847352,0.940228678266473,0.0,7
0.0008126348593898141,False,248,time0,0.9235485215847818,1,,,time0,TIME0,0.8595156559538812,0.9333406460649328,0.0,9
0.0007966731864323042,False,248,time1,0.9161178889237894,8,,,time1,TIME1,0.8577704006546795,0.9353948067033159,0.0,6
0.0005791873576466057,False,248,goleiro_time1,0.9368926019935565,9,,,goleiro1,GOL-TIME1,0.8551986300115058,0.8994817991839692,0.0,3
0.0010141928029786373,False,248,time0,0.8852517735154662,2,,,time0,TIME0,0.8477009267619622,0.9330640518512585,0.0,2
0.001796656358966225,False,248,time1,0.8360764331362843,6,,,time1,TIME1,0.8324715053364518,0.9359167837147784,0.0,4
0.0022719848078000195,False,248,time0,0.8420096497568405,7,,,time0,TIME0,0.8319201823536866,0.9268785993242838,0.0,8
0.001249861723152646,False,248,time1,0.8355269138307652,5,,,time1,TIME1,0.8305218479964561,0.9251583856986928,0.0,10
0.0,False,249,time0,0.0,novo,0.05709979026933276,True,time0,TIME0,0.0,,,12
0.00021303685330692585,False,249,time0,0.9742175304693849,3,,,time0,TIME0,0.8778924942190518,0.9449127268212216,0.0,5
7.588695050282816e-06,False,249,time0,0.9986857986657744,0,,,time0,TIME0,0.8756678327861046,0.9043674487945143,0.0,1
0.00044412778557679524,False,249,time0,0.9652741770020233,4,,,time0,TIME0,0.8742757680110779,0.941226822214841,0.0,7
0.00027971352375199084,False,249,goleiro_time1,0.9673613370027703,9,,,goleiro1,GOL-TIME1,0.864895817857743,0.9009631534057585,0.0,3
0.0008125497811997473,False,249,time0,0.9287936521618114,1,,,time0,TIME0,0.861653207033885,0.9351516461555266,0.0,9
0.0006904175788388536,False,249,time0,0.9247566830403343,2,,,time0,TIME0,0.8597396300730658,0.9329296368934417,0.0,2
0.0010305709379887756,False,249,time1,0.8942053507668511,8,,,time1,TIME1,0.8509513282975611,0.9351715636624442,0.0,6
0.0011500494313657634,False,249,time1,0.8459970547272184,5,,,time1,TIME1,0.8345874588599189,0.9278239218033961,0.0,10
0.00189371652096495,False,249,time1,0.8276993823139973,6,,,time1,TIME1,0.8302847109365938,0.9365557369958328,0.0,4
0.002885509865008202,False,249,time0,0.7788476034309986,7,,,time0,TIME0,0.8125944645393264,0.9293187983754904,0.0,8
0.0,False,250,time0,0.0,novo,0.05709979026933276,True,time0,TIME0,0.0,,,12
7.304630382092464e-05,False,250,time0,0.9704376761176368,3,,,time0,TIME0,0.877110745224623,0.9449127268212216,0.0,5
1.98324499921061e-05,False,250,time0,0.9978930775988913,0,,,time0,TIME0,0.875433340049929,0.9043674487945143,0.0,1
0.0005486749804985123,False,250,time0,0.9547326888153981,4,,,time0,TIME0,0.8711453807744077,0.941226822214841,0.0,7
0.00035292315410728997,False,250,time0,0.9298894912331965,1,,,time0,TIME0,0.8621104776915944,0.9351516461555266,0.0,9
0.0006707670028197325,False,250,time1,0.9310239307114273,6,,,time1,TIME1,0.8619072724801837,0.9365557369958328,0.0,4
0.0011096134976009782,False,250,time0,0.923140710363201,7,,,time0,TIME0,0.8569169910169795,0.9293187983754904,0.0,8
0.0007455624003342508,False,250,goleiro_time1,0.9291809855789329,9,,,goleiro1,GOL-TIME1,0.8528258560086759,0.9009631534057585,0.0,3
0.0012186827226190566,False,250,time1,0.8713482104684385,8,,,time1,TIME1,0.843923594988049,0.9351715636624442,0.0,6
0.0012821184822251605,False,250,time1,0.8429124418248097,5,,,time1,TIME1,0.8334009917863401,0.9278239218033961,0.0,10
0.0017404185084875315,False,250,time0,0.7890050575969011,2,,,time0,TIME0,0.8174266040983629,0.9329296368934417,0.0,2
0.0,False,251,time0,0.0,novo,0.05709979026933276,True,time0,TIME0,0.0,,,12
0.00031153515125849324,False,251,time0,0.9784790531353152,3,,,time0,TIME0,0.8792860266616807,0.9449127268212216,0.0,5
8.76148087329986e-05,False,251,time0,0.9904336111042661,0,,,time0,TIME0,0.8730739111251119,0.9043674487945143,0.0,1
0.0007258595699706046,False,251,time0,0.9397344386229379,1,,,time0,TIME0,0.8647797675355196,0.9351516461555266,0.0,9
0.0008974159099459747,False,251,time0,0.9247124587909893,4,,,time0,TIME0,0.8616339519387702,0.941226822214841,0.0,7
0.0002988238507275696,False,251,time0,0.9153523331684058,2,,,time0,TIME0,0.856559726674361,0.9329296368934417,0.0,2
0.0005691677139148354,False,251,goleiro_time1,0.9339104470597942,9,,,goleiro1,GOL-TIME1,0.854125371403549,0.9009631534057585,0.0,3
0.0014303616224891809,False,251,time1,0.8651855476148289,6,,,time1,TIME1,0.8417479972305495,0.9365557369958328,0.0,4
0.0015984544126052514,False,251,time0,0.8675979044033465,7,,,time0,TIME0,0.8404268202053607,0.9293187983754904,0.0,8
0.0012936149453444336,False,251,time1,0.8516584270871773,8,,,time1,TIME1,0.837974954472064,0.9351715636624442,0.0,6
0.001572485525347436,False,251,time1,0.8285818520595399,5,,,time1,TIME1,0.8287636107414691,0.9278239218033961,0.0,10
0.0,False,252,time0,0.0,novo,0.05871892322655248,True,time0,TIME0,0.0,,,12
0.00021671738552693834,False,252,time0,0.9844025301191769,3,,,time0,TIME0,0.8809022604684795,0.9438155705203186,0.0,5
4.08439956461616e-06,False,252,time0,0.9982530838352959,0,,,time0,TIME0,0.8751376550274161,0.9028898883199237,0.0,1
0.00034792908464332243,False,252,time1,0.9545425506448008,5,,,time1,TIME1,0.8679969586130287,0.9311525096966713,0.0,10
0.0005766839179524896,False,252,time0,0.9384840415576585,1,,,time0,TIME0,0.8651946098448315,0.9376343384972665,0.0,9
0.00034897472958993263,False,252,goleiro_time1,0.96535180533195,9,,,goleiro1,GOL-TIME1,0.8639437224757309,0.899761040967242,0.0,3
0.0007297322764207737,False,252,time0,0.938939238890029,7,,,time0,TIME0,0.8628813004838669,0.9299281205576342,0.0,8
0.0008544322978575336,False,252,time0,0.9266013840036162,4,,,time0,TIME0,0.8623050118921667,0.9412870489487224,0.0,7
0.0007383786962713715,False,252,time1,0.9279024407540704,6,,,time1,TIME1,0.8613264121943596,0.9370384246860344,0.0,4
0.0012151218173353455,False,252,time1,0.8437074688983827,8,,,time1,TIME1,0.8356905802686998,0.9358069012895736,0.0,6
0.004240489775944343,False,252,time0,0.5502045707359399,2,,,time0,TIME0,0.7422450102492522,0.9349394503724062,0.0,2
0.0,False,253,time0,0.0,novo,0.05871892322655248,True,time0,TIME0,0.0,,,12
0.00024005770169183054,False,253,time0,0.9819015814200891,3,,,time0,TIME0,0.880218415554247,0.9438155705203186,0.0,5
0.0001313928136891558,False,253,time0,0.9836641913861229,0,,,time0,TIME0,0.8706125819488242,0.9028898883199237,0.0,1
0.0006719673307726119,False,253,time0,0.9411885746644135,1,,,time0,TIME0,0.8659586923819267,0.9376343384972665,0.0,9
0.0003598862991771371,False,253,goleiro_time1,0.9566404787822703,9,,,goleiro1,GOL-TIME1,0.8613626616196018,0.899761040967242,0.0,3
0.0011384053370401134,False,253,time0,0.9162569338978124,4,,,time0,TIME0,0.858970310102007,0.9412870489487224,0.0,7
0.0010563299961505173,False,253,time0,0.9166538359292049,7,,,time0,TIME0,0.8562913854396172,0.9299281205576342,0.0,8
0.000949749092579304,False,253,time1,0.9089499873630487,6,,,time1,TIME1,0.8559335676815201,0.9370384246860344,0.0,4
0.0007811064650011326,False,253,time1,0.8897508583680287,5,,,time1,TIME1,0.8486570344079567,0.9311525096966713,0.0,10
0.001400194631338687,False,253,time1,0.8298785682381805,8,,,time1,TIME1,0.8313934204955657,0.9358069012895736,0.0,6
0.0011297082862809368,False,253,time0,0.7990487681407483,2,,,time0,TIME0,0.8202820245015265,0.9349394503724062,0.0,2
0.0,False,254,time0,0.0,novo,0.05871892322655248,True,time0,TIME0,0.0,,,12
0.000368788181893615,False,254,time0,0.9728543427000852,3,,,time0,TIME0,0.8772440526220429,0.9438155705203186,0.0,5
0.000493304095547577,False,254,time0,0.9483062082878443,1,,,time0,TIME0,0.8678276894693249,0.9376343384972665,0.0,9
0.0001992917665216568,False,254,time0,0.9726331325085114,0,,,time0,TIME0,0.8672711124854071,0.9028898883199237,0.0,1
0.0008231379826393756,False,254,time0,0.9343816701309748,4,,,time0,TIME0,0.864618945136767,0.9412870489487224,0.0,7
0.001222886001213814,False,254,time0,0.9022076205353402,7,,,time0,TIME0,0.8519101682157832,0.9299281205576342,0.0,8
0.0006431368839973762,False,254,goleiro_time1,0.9130776800399094,9,,,goleiro1,GOL-TIME1,0.8477047158503203,0.899761040967242,0.0,3
0.0010851840334793492,False,254,time1,0.8733569778350592,8,,,time1,TIME1,0.8442349808922486,0.9358069012895736,0.0,6
0.0008447188747311556,False,254,time1,0.8684066182324737,6,,,time1,TIME1,0.8439417955117434,0.9370384246860344,0.0,4
0.001004623053933517,False,254,time1,0.8677618472366769,5,,,time1,TIME1,0.8420431567362152,0.9311525096966713,0.0,10
0.002471094762178771,False,254,time0,0.7113345145727915,2,,,time0,TIME0,0.792720091878222,0.9349394503724062,0.0,2
0.0,False,255,time0,0.0,novo,0.05985331489928569,True,time0,TIME0,0.0,,,12
2.8397965975729865e-05,False,255,time0,0.9971727452153079,0,,,time0,TIME0,0.8745478976538561,0.9022789662819175,0.0,1
4.2736786409119647e-05,False,255,goleiro_time1,0.993890420934779,9,,,goleiro1,GOL-TIME1,0.872475396527752,0.8990925510551561,0.0,3
0.0008469393799792359,False,255,time0,0.9399508363974303,3,,,time0,TIME0,0.866345096970569,0.941823212906056,0.0,5
0.00044219868708109616,False,255,time1,0.9421412096796308,5,,,time1,TIME1,0.8656026838604018,0.9349889586631939,0.0,10
0.0009001603284133867,False,255,time0,0.9281380980992504,4,,,time0,TIME0,0.8627914319867666,0.9413759109836333,0.0,7
0.0007239251445757063,False,255,time1,0.9253505403373085,8,,,time1,TIME1,0.8606363051716182,0.9358458002359639,0.0,6
0.0006608283786881629,False,255,time1,0.9025782560460357,6,,,time1,TIME1,0.8539837917235126,0.9358390522511092,0.0,4
0.0012200450897723372,False,255,time0,0.8822768569413589,1,,,time0,TIME0,0.8479855889059126,0.939852252248889,0.0,9
0.001810672901998065,False,255,time0,0.8636544631060302,7,,,time0,TIME0,0.8396010696310309,0.9314839719380301,0.0,8
0.0011335028648761848,False,255,time0,0.8547860529541712,2,,,time0,TIME0,0.8371996667199924,0.9354788553899309,0.0,2
0.0,False,256,time0,0.0,novo,0.05985331489928569,True,time0,TIME0,0.0,,,12
0.0007095891905214095,False,256,time0,0.9721831444658392,3,,,time0,TIME0,0.8759308004250803,0.941823212906056,0.0,5
3.22476589530493e-05,False,256,time0,0.9970011116897519,0,,,time0,TIME0,0.8746002772706423,0.9022789662819175,0.0,1
0.00026943818885866047,False,256,time1,0.9567149426886346,5,,,time1,TIME1,0.87026292403775,0.9349889586631939,0.0,10
0.0001337872675622756,False,256,goleiro_time1,0.9792169638073583,9,,,goleiro1,GOL-TIME1,0.8683537599264654,0.8990925510551561,0.0,3
0.0011435330609416068,False,256,time0,0.9157173888804172,4,,,time0,TIME0,0.8588458744036691,0.9413759109836333,0.0,7
0.0010373375204781733,False,256,time1,0.9003058982268918,8,,,time1,TIME1,0.8528960607076387,0.9358458002359639,0.0,6
0.0011238633080853685,False,256,time0,0.8966651905663146,7,,,time0,TIME0,0.8501558568840313,0.9314839719380301,0.0,8
0.001316861533449607,False,256,time0,0.8702225180193113,1,,,time0,TIME0,0.8445665031216502,0.939852252248889,0.0,9
0.0012257004303564151,False,256,time1,0.8621943995248124,6,,,time1,TIME1,0.8411123028421045,0.9358390522511092,0.0,4
0.0009692090163394683,False,256,time0,0.8503695767390687,2,,,time0,TIME0,0.837079235269026,0.9354788553899309,0.0,2
0.0,False,257,time0,0.0,novo,0.05985331489928569,True,time0,TIME0,0.0,,,12
0.0005207582237668674,False,257,time0,0.9660268238835088,3,,,time0,TIME0,0.8746537177113101,0.941823212906056,0.0,5
8.337105204587396e-05,False,257,time0,0.9905171360759775,0,,,time0,TIME0,0.8726128178162268,0.9022789662819175,0.0,1
0.0002696406110282289,False,257,goleiro_time1,0.9769409580881441,9,,,goleiro1,GOL-TIME1,0.8674140449869782,0.8990925510551561,0.0,3
0.00021442915256046866,False,257,time1,0.9397002068049316,5,,,time1,TIME1,0.8652604020232135,0.9349889586631939,0.0,10
0.0009640935696723196,False,257,time0,0.927024647696182,4,,,time0,TIME0,0.8624235392617223,0.9413759109836333,0.0,7
0.0007116953957323875,False,257,time0,0.9182913827438127,2,,,time0,TIME0,0.8576902916400366,0.9354788553899309,0.0,2
0.0011844851458726047,False,257,time0,0.9114883681896643,7,,,time0,TIME0,0.8547050090381892,0.9314839719380301,0.0,8
0.0009489201255991667,False,257,time1,0.9046837976600226,8,,,time1,TIME1,0.8544143794041746,0.9358458002359639,0.0,6
0.0010485148769692296,False,257,time0,0.89322800530833,1,,,time0,TIME0,0.8517539951988212,0.939852252248889,0.0,9
0.0023166297021853747,False,257,time1,0.7677721314575097,6,,,time1,TIME1,0.8112333900532674,0.9358390522511092,0.0,4
0.0,False,258,time0,0.0,novo,0.061134897418127165,True,time0,TIME0,0.0,,,12
0.00037919734878777786,False,258,time0,0.977525495881,3,,,time0,TIME0,0.8776956672048783,0.9396203604574656,0.0,5
1.3423957203665838e-05,False,258,time0,0.9984522992430253,0,,,time0,TIME0,0.8748248359029805,0.9014142442997133,0.0,1
0.0003631670349291586,False,258,time1,0.9565374156074218,8,,,time1,TIME1,0.8701266501512666,0.9358752893196163,0.0,6
0.00012873247144743749,False,258,goleiro_time1,0.9836103750767284,9,,,goleiro1,GOL-TIME1,0.8692535132630083,0.898221214497732,0.0,3
0.0014239659951135386,False,258,time0,0.9206658124090363,7,,,time0,TIME0,0.8575274423174271,0.9323610390010135,0.0,8
0.0007134026415595345,False,258,time0,0.9090938302574187,2,,,time0,TIME0,0.8548198431698254,0.9340879063272429,0.0,2
0.00034134006546056365,False,258,time1,0.8888704435761775,5,,,time1,TIME1,0.8504584565154281,0.936949091971605,0.0,10
0.0015655869372226455,False,258,time0,0.8873438118321433,4,,,time0,TIME0,0.8499032105511046,0.9421776637964097,0.0,7
0.0012733970799267877,False,258,time0,0.8664102795229092,1,,,time0,TIME0,0.8439482412231574,0.9414845357559265,0.0,9
0.0017006674617626393,False,258,time1,0.8050209032815715,6,,,time1,TIME1,0.8231678635323522,0.9347999960144665,0.0,4
0.0,False,259,time0,0.0,novo,0.061134897418127165,True,time0,TIME0,0.0,,,12
9.364494740811122e-05,False,259,time0,0.9931869459162782,0,,,time0,TIME0,0.8731639131932056,0.9014142442997133,0.0,1
0.00011428989062750389,False,259,goleiro_time1,0.9855992197635948,9,,,goleiro1,GOL-TIME1,0.8700366738942305,0.898221214497732,0.0,3
0.0006042272844164594,False,259,time0,0.928661228581102,2,,,time0,TIME0,0.8614090624140746,0.9340879063272429,0.0,2
0.0007842317821274717,False,259,time1,0.9112446726074442,8,,,time1,TIME1,0.856331425434071,0.9358752893196163,0.0,6
0.0014397680132921934,False,259,time0,0.9135178662174673,7,,,time0,TIME0,0.8557202042835264,0.9323610390010135,0.0,8
0.0013026115200357234,False,259,time0,0.9052940666148406,4,,,time0,TIME0,0.8553743206510516,0.9421776637964097,0.0,7
0.0004242413801202709,False,259,time1,0.8962613378273729,5,,,time1,TIME1,0.8525326012134302,0.936949091971605,0.0,10
0.0009580751882247252,False,259,time0,0.8905217058390182,1,,,time0,TIME0,0.8511763095771205,0.9414845357559265,0.0,9
0.002096239140632556,False,259,time0,0.8660144919309619,3,,,time0,TIME0,0.8412001492330177,0.9396203604574656,0.0,5
0.001674561698561592,False,259,time1,0.8065216550896795,6,,,time1,TIME1,0.8233779629397331,0.9347999960144665,0.0,4
0.0,False,260,time0,0.0,novo,0.061134897418127165,True,time0,TIME0,0.0,,,12
5.936659917447203e-06,False,260,time0,0.9982054483681745,0,,,time0,TIME0,0.8747423864184366,0.9014142442997133,0.0,1
0.0002822770813084976,False,260,time1,0.9699085309471883,5,,,time1,TIME1,0.8745142563181278,0.936949091971605,0.0,10
0.0001485678147702098,False,260,goleiro_time1,0.9816281499930151,9,,,goleiro1,GOL-TIME1,0.868885194793634,0.898221214497732,0.0,3
0.0008199236809302237,False,260,time0,0.9460691538584838,3,,,time0,TIME0,0.8670582960214468,0.9396203604574656,0.0,5
0.0005601101081784351,False,260,time0,0.9382881659421214,2,,,time0,TIME0,0.8644406385059418,0.9340879063272429,0.0,2
0.0010707077536804342,False,260,time0,0.9242549093183633,4,,,time0,TIME0,0.861667840037242,0.9421776637964097,0.0,7
0.0006652003424242276,False,260,time1,0.9242286002051352,8,,,time1,TIME1,0.860519552023691,0.9358752893196163,0.0,6
0.0008193844972665212,False,260,time0,0.9287245635043125,7,,,time0,TIME0,0.8603471024032519,0.9323610390010135,0.0,8
0.0009015954457900161,False,260,time0,0.920345245178197,1,,,time0,TIME0,0.8601932558342245,0.9414845357559265,0.0,9
0.00116740071476103,False,260,time1,0.8890959335695224,6,,,time1,TIME1,0.8481909439243871,0.9347999960144665,0.0,4
0.0,False,261,time0,0.0,novo,0.06216957864694472,True,time0,TIME0,0.0,,,12
0.00019161376426237456,False,261,time1,0.9679156289040545,5,,,time1,TIME1,0.8745370763841024,0.9381400927464673,0.0,10
6.344746610124875e-05,False,261,time0,0.9961618556573151,0,,,time0,TIME0,0.8738548801115795,0.9004425958555655,0.0,1
9.406527780420564e-05,False,261,goleiro_time1,0.992151892745763,9,,,goleiro1,GOL-TIME1,0.8717956183364146,0.89719479878913,0.0,3
0.0006076908850081325,False,261,time0,0.9136141373363846,2,,,time0,TIME0,0.8564468791255422,0.9330476328540265,0.0,2
0.0008424639729339607,False,261,time1,0.9060772317437799,8,,,time1,TIME1,0.8548540061816473,0.9357224973706223,0.0,6
0.0015954898156376072,False,261,time0,0.8995832145791848,4,,,time0,TIME0,0.8535771209039805,0.9423231553445502,0.0,7
0.0017580614015646724,False,261,time0,0.8911961265890372,3,,,time0,TIME0,0.8503122105355848,0.9407658437307326,0.0,5
0.001297755823120001,False,261,time1,0.8762748045126242,6,,,time1,TIME1,0.8441945539157767,0.9331204203112747,0.0,4
0.0023346100670098764,False,261,time0,0.8762323586132756,7,,,time0,TIME0,0.8425574411260119,0.9317915788434727,0.0,8
0.0013181450624947402,False,261,time0,0.8529865608645155,1,,,time0,TIME0,0.8399663198692656,0.9436698296494743,0.0,9
0.0,False,262,time0,0.0,novo,0.06216957864694472,True,time0,TIME0,0.0,,,12
7.906291597699936e-05,False,262,time1,0.9775580394493958,5,,,time1,TIME1,0.8776505817170592,0.9381400927464673,0.0,10
1.1594328245497929e-05,False,262,time0,0.9986506523690606,0,,,time0,TIME0,0.8746518165310222,0.9004425958555655,0.0,1
4.14745142284099e-05,False,262,goleiro_time1,0.9957732574673676,9,,,goleiro1,GOL-TIME1,0.8729532383510437,0.89719479878913,0.0,3
0.0005888305671683013,False,262,time0,0.9485933535385135,3,,,time0,TIME0,0.8683966399785853,0.9407658437307326,0.0,5
0.0006332663934431826,False,262,time0,0.9232032691046911,1,,,time0,TIME0,0.8618135972085776,0.9436698296494743,0.0,9
0.0006264770321181617,False,262,time0,0.920231286303555,2,,,time0,TIME0,0.8586128295320823,0.9330476328540265,0.0,2
0.0014231921234908328,False,262,time1,0.8780466194776196,6,,,time1,TIME1,0.8446870796988074,0.9331204203112747,0.0,4
0.0021164789224354785,False,262,time0,0.8705552672419425,4,,,time0,TIME0,0.8444678298530559,0.9423231553445502,0.0,7
0.002466568825689664,False,262,time0,0.8756461028604092,7,,,time0,TIME0,0.8433070640236112,0.9317915788434727,0.0,8
0.0012531493838736263,False,262,time1,0.8577977693221138,8,,,time1,TIME1,0.8398492855124171,0.9357224973706223,0.0,6
0.0,False,263,time0,0.0,novo,0.06216957864694472,True,time0,TIME0,0.0,,,12
0.0001340265721672516,False,263,time1,0.9846967962419845,5,,,time1,TIME1,0.8797413359796673,0.9381400927464673,0.0,10
5.6063343797547344e-05,False,263,time0,0.9929320147939305,0,,,time0,TIME0,0.8729085867356701,0.9004425958555655,0.0,1
9.155649218625035e-05,False,263,goleiro_time1,0.9853790554191991,9,,,goleiro1,GOL-TIME1,0.8697895394046078,0.89719479878913,0.0,3
0.0006300587376749363,False,263,time1,0.9430972835761534,6,,,time1,TIME1,0.8648833333219373,0.9331204203112747,0.0,4
0.000739552998516735,False,263,time0,0.9176232602384371,1,,,time0,TIME0,0.8603571900332062,0.9436698296494743,0.0,9
0.0007522960067809871,False,263,time0,0.917897193330665,2,,,time0,TIME0,0.8577381435526117,0.9330476328540265,0.0,2
0.001844221814619178,False,263,time0,0.8900106841715689,3,,,time0,TIME0,0.8495337651253433,0.9407658437307326,0.0,5
0.001923506570581636,False,263,time0,0.8888114403199999,7,,,time0,TIME0,0.8473714687309203,0.9317915788434727,0.0,8
0.0010994615438395753,False,263,time1,0.8820553692517449,8,,,time1,TIME1,0.8471747853669032,0.9357224973706223,0.0,6
0.0018340720930822014,False,263,time0,0.8774605100599254,4,,,time0,TIME0,0.846946920374235,0.9423231553445502,0.0,7
0.0,False,264,time0,0.0,novo,0.06304045909917089,True,time0,TIME0,0.0,,,12
0.0001984474529985885,False,264,time1,0.9793548678725869,5,,,time1,TIME1,0.8783210443854352,0.9390374970500492,0.0,10
4.868538547720499e-05,False,264,time0,0.9922179033812966,0,,,time0,TIME0,0.8725101332469747,0.8997299258656585,0.0,1
5.192982221611218e-05,False,264,goleiro_time1,0.9934230313574381,9,,,goleiro1,GOL-TIME1,0.8720459028879786,0.8964575191429536,0.0,3
0.0008667703095855289,False,264,time0,0.9432403610588599,1,,,time0,TIME0,0.8679557213313089,0.9452751913219379,0.0,9
0.0010029369127736733,False,264,time1,0.9232065089888224,6,,,time1,TIME1,0.8590166666264007,0.9340638664755436,0.0,4
0.0007811261998943562,False,264,time0,0.9219938916322346,2,,,time0,TIME0,0.8588633384596995,0.9335244201273895,0.0,2
0.0007789318218185385,False,264,time0,0.8910921934742383,3,,,time0,TIME0,0.8502089312203123,0.9414037585577165,0.0,5
0.0022631155713657763,False,264,time0,0.8945999905155368,7,,,time0,TIME0,0.8487534511708897,0.9311771409655685,0.0,8
0.0020705204654399814,False,264,time0,0.8611530314240016,4,,,time0,TIME0,0.8419408837449256,0.9428239881841958,0.0,7
0.0017197014365163633,False,264,time1,0.8163727458808616,8,,,time1,TIME1,0.8271743372761793,0.9370069479824117,0.0,6
0.0,False,265,time0,0.0,novo,0.06304045909917089,True,time0,TIME0,0.0,,,12
0.0002609938360510178,False,265,time1,0.9794680504412473,5,,,time1,TIME1,0.8781941747884314,0.9390374970500492,0.0,10
9.516232098654116e-05,False,265,time0,0.9922418952458975,0,,,time0,TIME0,0.872481287461342,0.8997299258656585,0.0,1
0.0006856028229484046,False,265,time0,0.9436163619920264,1,,,time0,TIME0,0.8685504129636332,0.9452751913219379,0.0,9
0.00012498025438391618,False,265,goleiro_time1,0.9800886184732293,9,,,goleiro1,GOL-TIME1,0.8679302216220655,0.8964575191429536,0.0,3
0.0005971087714533032,False,265,time0,0.9366616605533227,2,,,time0,TIME0,0.8637057321912599,0.9335244201273895,0.0,2
0.0013159995904268083,False,265,time1,0.8872336122827955,6,,,time1,TIME1,0.8480387029329837,0.9340638664755436,0.0,4
0.0021298339153191554,False,265,time0,0.8781385975042283,3,,,time0,TIME0,0.8448777407751347,0.9414037585577165,0.0,5
0.001055015723287149,False,265,time1,0.8724231900836118,8,,,time1,TIME1,0.8445638346111097,0.9370069479824117,0.0,6
0.0018840956336875175,False,265,time0,0.8596130500570245,4,,,time0,TIME0,0.8417470559357783,0.9428239881841958,0.0,7
0.004704537983033976,False,265,time0,0.7838978156069488,7,,,time0,TIME0,0.8089709760144789,0.9311771409655685,0.0,8
0.0,False,266,time0,0.0,novo,0.06304045909917089,True,time0,TIME0,0.0,,,12
0.00010290140502330719,False,266,time1,0.9842232178815811,5,,,time1,TIME1,0.8798225113635711,0.9390374970500492,0.0,10
4.915183477142555e-05,False,266,time0,0.9962427587731981,0,,,time0,TIME0,0.8737192453944826,0.8997299258656585,0.0,1
8.804524755447811e-05,False,266,goleiro_time1,0.9906356386683788,9,,,goleiro1,GOL-TIME1,0.8711077898358319,0.8964575191429536,0.0,3
0.0007108315248794023,False,266,time0,0.9200736968076533,2,,,time0,TIME0,0.8586470944208467,0.9335244201273895,0.0,2
0.0008556355682880659,False,266,time0,0.9103861212152575,1,,,time0,TIME0,0.8583277908556896,0.9452751913219379,0.0,9
0.0007814255208969761,False,266,time1,0.8934985001110333,8,,,time1,TIME1,0.8514022770778189,0.9370069479824117,0.0,6
0.0014577185474811797,False,266,time0,0.9078479926674731,7,,,time0,TIME0,0.8497054597681485,0.9311771409655685,0.0,8
0.0015089196879361257,False,266,time0,0.8846583070087684,4,,,time0,TIME0,0.8494371871370865,0.9428239881841958,0.0,7
0.0013682558627821763,False,266,time1,0.8598287749609955,6,,,time1,TIME1,0.8399514967564454,0.9340638664755436,0.0,4
0.002139333044900607,False,266,time0,0.8492012563243031,3,,,time0,TIME0,0.8352557083565305,0.9414037585577165,0.0,5
0.0,False,267,time0,0.0,novo,0.0625034882574449,True,time0,TIME0,0.0,,,12
0.00020459702836360248,False,267,time1,0.9733586004531731,5,,,time1,TIME1,0.8762431041967326,0.9380577519110425,0.0,10
4.032120250250982e-05,False,267,time0,0.9729000840955726,3,,,time0,TIME0,0.8752476343719622,0.9393924177627042,0.0,5
5.481397032275559e-05,False,267,goleiro_time1,0.9935526244196701,9,,,goleiro1,GOL-TIME1,0.8718438112621121,0.8956989010341609,0.0,3
0.00023520301942357456,False,267,time0,0.9865004440367016,0,,,time0,TIME0,0.8705585250243029,0.8998232683865741,0.0,1
0.0006589842569177839,False,267,time0,0.9328594159765197,1,,,time0,TIME0,0.8656406484819115,0.9465539816485226,0.0,9
0.00048475883604939005,False,267,time1,0.9314552561874718,8,,,time1,TIME1,0.8633944661240882,0.9385243929370166,0.0,6
0.0006737473775554808,False,267,time0,0.9278878264094181,2,,,time0,TIME0,0.8611378564537018,0.9338145840752803,0.0,2
0.002037040345917098,False,267,time0,0.8404436751733402,4,,,time0,TIME0,0.8347278702820051,0.9434262514931437,0.0,7
0.0026988502438319876,False,267,time1,0.7766400090116088,6,,,time1,TIME1,0.8131580507773295,0.9344408242397881,0.0,4
0.0055534460327601055,False,267,time0,0.7829014830958736,7,,,time0,TIME0,0.8096356910985092,0.9307683519963617,0.0,8
0.0,False,268,time0,0.0,novo,0.0625034882574449,True,time0,TIME0,0.0,,,12
0.00013122973447510125,False,268,time0,0.9708807284004409,3,,,time0,TIME0,0.8759157682727021,0.9393924177627042,0.0,5
8.573320842182545e-05,False,268,time0,0.9950151495267254,0,,,time0,TIME0,0.8732785722147112,0.8998232683865741,0.0,1
0.0003205590960651922,False,268,time0,0.9621145664981725,2,,,time0,TIME0,0.8715335601998662,0.9338145840752803,0.0,2
7.505874292290403e-05,False,268,goleiro_time1,0.9901193397622571,9,,,goleiro1,GOL-TIME1,0.8708271349870588,0.8956989010341609,0.0,3
0.0006217812943755343,False,268,time1,0.9516825099623111,5,,,time1,TIME1,0.869122567731393,0.9380577519110425,0.0,10
0.0008482260036991418,False,268,time1,0.9398954295071538,8,,,time1,TIME1,0.8652670857255733,0.9385243929370166,0.0,6
0.0006917395630229674,False,268,time0,0.9241829101139756,1,,,time0,TIME0,0.8631674130630772,0.9465539816485226,0.0,9
0.001980061396928867,False,268,time0,0.9086801790899255,7,,,time0,TIME0,0.851034623750343,0.9307683519963617,0.0,8
0.0016725705543733159,False,268,time1,0.8662847587850713,6,,,time1,TIME1,0.8412740760504238,0.9344408242397881,0.0,4
0.002074609900588997,False,268,time0,0.8446178572828249,4,,,time0,TIME0,0.8371306997387455,0.9434262514931437,0.0,7
0.0,False,269,time0,0.0,novo,0.0625034882574449,True,time0,TIME0,0.0,,,12
0.0001964872809242276,False,269,time0,0.9723327511235978,3,,,time0,TIME0,0.8762480594674807,0.9393924177627042,0.0,5
2.9852659706916263e-05,False,269,goleiro_time1,0.9963900617483614,9,,,goleiro1,GOL-TIME1,0.8727602239587645,0.8956989010341609,0.0,3
4.232008337771799e-05,False,269,time0,0.9929190493573872,0,,,time0,TIME0,0.8727062573561666,0.8998232683865741,0.0,1
0.0003645878711426969,False,269,time0,0.9596122975241351,2,,,time0,TIME0,0.8708651764481277,0.9338145840752803,0.0,2
0.0010116605472964724,False,269,time0,0.9179456195820197,4,,,time0,TIME0,0.859311318245529,0.9434262514931437,0.0,7
0.0011880297153321051,False,269,time1,0.9152394832145037,5,,,time1,TIME1,0.8576185415132509,0.9380577519110425,0.0,10
0.0008316913085849213,False,269,time1,0.9097945362612821,8,,,time1,TIME1,0.8565145901558018,0.9385243929370166,0.0,6
0.00131769699417353,False,269,time0,0.8607702839701423,1,,,time0,TIME0,0.8432339881885239,0.9465539816485226,0.0,9
0.0021657124585233714,False,269,time1,0.8123848056222354,6,,,time1,TIME1,0.8249967517798102,0.9344408242397881,0.0,4
0.005467248483608325,False,269,time0,0.6716864296479527,7,,,time0,TIME0,0.7741977132648243,0.9307683519963617,0.0,8
0.0,False,270,time0,0.0,novo,0.061501987016715165,True,time0,TIME0,0.0,,,12
0.00031878419861821575,False,270,time0,0.9796655245891881,3,,,time0,TIME0,0.8782458480108692,0.9391809652972672,0.0,5
3.388114308015448e-05,False,270,time0,0.9954637571037701,0,,,time0,TIME0,0.8736549388623756,0.9003763214855367,0.0,1
4.592724073203527e-05,False,270,goleiro_time1,0.9958521403586403,9,,,goleiro1,GOL-TIME1,0.8725246454208461,0.8953495221746491,0.0,3
0.0002824758253809999,False,270,time0,0.9530004033243071,2,,,time0,TIME0,0.8691652350172924,0.9351138621499446,0.0,2
0.0007008106128382989,False,270,time1,0.925810313425748,8,,,time1,TIME1,0.8618012172410288,0.9394370275889168,0.0,6
0.0007974198147705343,False,270,time0,0.9134639285611023,1,,,time0,TIME0,0.8597107898833571,0.9470067722491098,0.0,9
0.0012246404281481538,False,270,time1,0.9155013436543804,5,,,time1,TIME1,0.858156179034097,0.9385767476163946,0.0,10
0.0012233583196094738,False,270,time0,0.9029746660315039,4,,,time0,TIME0,0.8552810290572426,0.9425997851742706,0.0,7
0.0014460107332946329,False,270,time0,0.8885337293538701,7,,,time0,TIME0,0.843637798991828,0.9307963549787539,0.0,8
0.0016172645561278638,False,270,time1,0.848661589298339,6,,,time1,TIME1,0.8363717848201984,0.9347798768263458,0.0,4
0.0,False,271,time0,0.0,novo,0.061501987016715165,True,time0,TIME0,0.0,,,12
6.67545446381195e-05,False,271,time0,0.9871240891344636,0,,,time0,TIME0,0.8711283930290834,0.9003763214855367,0.0,1
0.0006307538219218679,False,271,time0,0.9569644353054992,3,,,time0,TIME0,0.8709946234816137,0.9391809652972672,0.0,5
0.00017406646365967197,False,271,goleiro_time1,0.9806256087524731,9,,,goleiro1,GOL-TIME1,0.8677674506172102,0.8953495221746491,0.0,3
0.0007400288681785274,False,271,time1,0.9295562930647667,8,,,time1,TIME1,0.8629624819800793,0.9394370275889168,0.0,6
0.0006299015687823742,False,271,time1,0.9296362757214885,6,,,time1,TIME1,0.8613367105949696,0.9347798768263458,0.0,4
0.0008752130896895984,False,271,time1,0.9234317820328317,5,,,time1,TIME1,0.8605130487974006,0.9385767476163946,0.0,10
0.0005344773228939005,False,271,time0,0.9246588223035079,2,,,time0,TIME0,0.8603995395681564,0.9351138621499446,0.0,2
0.000526801413345018,False,271,time0,0.9017370735324496,1,,,time0,TIME0,0.8565812682647564,0.9470067722491098,0.0,9
0.002333802001767549,False,271,time0,0.8273524251274444,4,,,time0,TIME0,0.8309769129497606,0.9425997851742706,0.0,7
0.0023148857261199402,False,271,time0,0.8315064033064576,7,,,time0,TIME0,0.829365291312399,0.9307963549787539,0.0,8
0.0,False,272,time0,0.0,novo,0.061501987016715165,True,time0,TIME0,0.0,,,12
3.3875321540315386e-05,False,272,time0,0.9916246975717566,2,,,time0,TIME0,0.8808924922347872,0.9351138621499446,0.0,2
0.0006138825175106331,False,272,time0,0.9765618050892152,3,,,time0,TIME0,0.8769435307414494,0.9391809652972672,0.0,5
6.081311151776637e-05,False,272,time0,0.9938559555707858,0,,,time0,TIME0,0.873141847321733,0.9003763214855367,0.0,1
7.546923123857333e-05,False,272,goleiro_time1,0.9914794541529816,9,,,goleiro1,GOL-TIME1,0.8710646909221981,0.8953495221746491,0.0,3
0.0003919071780798751,False,272,time1,0.9542664738517411,8,,,time1,TIME1,0.8705115392426227,0.9394370275889168,0.0,6
0.0006751601219554738,False,272,time1,0.9455064091869698,5,,,time1,TIME1,0.8675117837499084,0.9385767476163946,0.0,10
0.0006748043358213426,False,272,time0,0.9129272389729968,1,,,time0,TIME0,0.8598954146241573,0.9470067722491098,0.0,9
0.002066346814551246,False,272,time0,0.8468667393423088,4,,,time0,TIME0,0.8371279065983882,0.9425997851742706,0.0,7
0.0018562100773654678,False,272,time1,0.8351067273252204,6,,,time1,TIME1,0.8316210687310022,0.9347798768263458,0.0,4
0.005630532859380613,False,272,time0,0.6828830616464541,7,,,time0,TIME0,0.7801127341819796,0.9307963549787539,0.0,8
0.0009090148524593653,True,272,excluido,0.8497726060544849,10,,,excluir,EXCLUÍDO,0.6034856218237965,0.0,0.0,16
0.0,False,273,time0,0.0,novo,0.06264354616668422,True,time0,TIME0,0.0,,,12
3.5647596757745574e-05,False,273,time0,0.9965054502265539,0,,,time0,TIME0,0.8738719695135073,0.8998900840937355,0.0,1
1.2544837309029649e-05,False,273,goleiro_time1,0.9981678514206446,9,,,goleiro1,GOL-TIME1,0.8732931642043712,0.8956110375665736,0.0,3
0.0006592010870813767,False,273,time1,0.9286709321201226,5,,,time1,TIME1,0.8625278056279906,0.9385405771713351,0.0,10
0.0005281563735717933,False,273,time0,0.9304962746308044,2,,,time0,TIME0,0.8624779838409402,0.9366124429038152,0.0,2
0.0007732398017285465,False,273,time1,0.9136296880090745,8,,,time1,TIME1,0.8579328971537366,0.9392279855427785,0.0,6
0.000828354894053175,False,273,time0,0.9011051786185198,1,,,time0,TIME0,0.8562046223766573,0.9471376612183671,0.0,9
0.0013711768299087604,False,273,time1,0.8808330830120913,6,,,time1,TIME1,0.8458128355371919,0.9336392078135358,0.0,4
0.001690761762941358,False,273,time0,0.8603179758465089,7,,,time0,TIME0,0.8361935934656977,0.93229410157574,0.0,8
0.003836787118136814,False,273,time0,0.7703365128356329,3,,,time0,TIME0,0.8100226802667982,0.9386865077298657,0.0,5
0.004346278544238452,False,273,time0,0.6722933492157623,4,,,time0,TIME0,0.7820769414840183,0.9436289068096404,0.0,7
9.512516586462697e-06,True,273,excluido,0.9962676577881879,10,,,excluir,EXCLUÍDO,0.6482454683040512,0.0,0.0,16
0.0,False,274,time0,0.0,novo,0.06264354616668422,True,time0,TIME0,0.0,,,12
2.0424924843213673e-05,False,274,time0,0.9976555021385264,0,,,time0,TIME0,0.8742386410816236,0.8998900840937355,0.0,1
1.6128347828523947e-05,False,274,goleiro_time1,0.9975769230789711,9,,,goleiro1,GOL-TIME1,0.8731431348475915,0.8956110375665736,0.0,3
0.0007931212607786716,False,274,time0,0.9388168838589173,1,,,time0,TIME0,0.867220907795387,0.9471376612183671,0.0,9
0.0005254599986619206,False,274,time1,0.9410518846060728,8,,,time1,TIME1,0.8663656477922621,0.9392279855427785,0.0,6
0.0007545173237470406,False,274,time1,0.9393527235780562,5,,,time1,TIME1,0.8656889137742829,0.9385405771713351,0.0,10
0.000780834640944855,False,274,time0,0.9369887426140496,3,,,time0,TIME0,0.8629681285330887,0.9386865077298657,0.0,5
0.0005951531906587283,False,274,time0,0.9200403696288375,2,,,time0,TIME0,0.8594826152543198,0.9366124429038152,0.0,2
0.0007597874534204583,False,274,time0,0.9245467199016254,7,,,time0,TIME0,0.8590936951478523,0.93229410157574,0.0,8
0.0005110516495108883,False,274,time0,0.8840306777669079,4,,,time0,TIME0,0.8476738723990986,0.9436289068096404,0.0,7
0.0020250005390795097,False,274,time1,0.8331609238376648,6,,,time1,TIME1,0.8310675455403842,0.9336392078135358,0.0,4
1.3525356949463353e-05,True,274,excluido,0.9971103367745839,10,,,excluir,EXCLUÍDO,0.6491103756981473,0.0,0.0,16
0.0,False,275,time0,0.0,novo,0.06264354616668422,True,time0,TIME0,0.0,,,12
0.00023580092580940127,False,275,time0,0.9695829394160322,2,,,time0,TIME0,0.8745684375266509,0.9366124429038152,0.0,2
8.45444537916109e-06,False,275,goleiro_time1,0.9992304241080007,9,,,goleiro1,GOL-TIME1,0.873649748104476,0.8956110375665736,0.0,3
9.331289768314967e-05,False,275,time0,0.9941147062509093,0,,,time0,TIME0,0.8730556081521562,0.8998900840937355,0.0,1
0.0003502897634389008,False,275,time0,0.9621622447756613,7,,,time0,TIME0,0.8710460095523646,0.93229410157574,0.0,8
0.0008370378412125672,False,275,time1,0.9443216554593192,5,,,time1,TIME1,0.8670206207358355,0.9385405771713351,0.0,10
0.0008129654822667759,False,275,time0,0.9298312575857377,1,,,time0,TIME0,0.8649810068467261,0.9471376612183671,0.0,9
0.0006941373779158199,False,275,time1,0.9225750324742074,8,,,time1,TIME1,0.8608216042953882,0.9392279855427785,0.0,6
0.0015302350975182938,False,275,time0,0.873270928817239,3,,,time0,TIME0,0.8437931887522577,0.9386865077298657,0.0,5
0.0015374094668244812,False,275,time1,0.8699727254227131,6,,,time1,TIME1,0.8426703150434194,0.9336392078135358,0.0,4
0.0019170026803213174,False,275,time0,0.8246952934312144,4,,,time0,TIME0,0.8302166229328842,0.9436289068096404,0.0,7
7.181317263253035e-06,True,275,excluido,0.9975734046318877,10,,,excluir,EXCLUÍDO,0.6492585374271708,0.0,0.0,16
0.0,False,276,time0,0.0,novo,0.060440846447331165,True,time0,TIME0,0.0,,,12
7.237260326934974e-05,False,276,time0,0.990124727435762,2,,,time0,TIME0,0.8812929692391444,0.9377544714206149,0.0,2
2.515863735266187e-05,False,276,time0,0.9986143288105915,0,,,time0,TIME0,0.874285823028655,0.8992206876391435,0.0,1
3.201129999649951e-05,False,276,goleiro_time1,0.9960629001935507,9,,,goleiro1,GOL-TIME1,0.8726379777114066,0.8954825299460633,0.0,3
0.00026110189600620095,False,276,time0,0.9525093939939363,7,,,time0,TIME0,0.8689698872574754,0.9343433284316365,0.0,8
0.00046603184288665815,False,276,time0,0.9471638437840446,4,,,time0,TIME0,0.8688966616378129,0.9447700489407195,0.0,7
0.0007598991153741476,False,276,time0,0.9334569004785427,1,,,time0,TIME0,0.8665192673115807,0.9491041227184416,0.0,9
0.0006292529553894087,False,276,time1,0.9343218026873232,8,,,time1,TIME1,0.8642989746809472,0.9391767709628138,0.0,6
0.0007192429523767567,False,276,time1,0.9273014052434188,5,,,time1,TIME1,0.8620788414343963,0.9391769484215109,0.0,10
0.001097667748583535,False,276,time0,0.8853897720216968,3,,,time0,TIME0,0.8479939101419829,0.9405378255682642,0.0,5
0.0016623434152346446,False,276,time1,0.870300830003975,6,,,time1,TIME1,0.84268821547186,0.9335337973474963,0.0,4
1.541959953026118e-06,True,276,excluido,0.9953528653212497,10,,,excluir,EXCLUÍDO,0.6486005799660196,0.0,0.0,16
0.0,False,277,time0,0.0,novo,0.060440846447331165,True,time0,TIME0,0.0,,,12
0.00013288705964689603,False,277,time0,0.9819113445006813,2,,,time0,TIME0,0.8788457863901211,0.9377544714206149,0.0,2
0.00023184582998495162,False,277,time0,0.9722621437747926,7,,,time0,TIME0,0.8748882911927582,0.9343433284316365,0.0,8
2.319902650518091e-05,False,277,goleiro_time1,0.9972738255588408,9,,,goleiro1,GOL-TIME1,0.8729940622372068,0.8954825299460633,0.0,3
7.648380894806838e-05,False,277,time0,0.9942991997736322,0,,,time0,TIME0,0.8729565325452748,0.8992206876391435,0.0,1
0.0006850308154391605,False,277,time0,0.9311023342769985,1,,,time0,TIME0,0.8658438788409859,0.9491041227184416,0.0,9
0.0006883905161302631,False,277,time1,0.9285859226974439,8,,,time1,TIME1,0.8627009163518328,0.9391767709628138,0.0,6
0.0011032930556026043,False,277,time1,0.9007503610921709,5,,,time1,TIME1,0.8537421060780049,0.9391769484215109,0.0,10
0.0015395671146620114,False,277,time1,0.8810461382127612,6,,,time1,TIME1,0.8461485500588253,0.9335337973474963,0.0,4
0.0018682377084334582,False,277,time0,0.8520986910512863,4,,,time0,TIME0,0.8390660051956871,0.9447700489407195,0.0,7
0.0008867296428287085,False,277,time0,0.8490301747886848,3,,,time0,TIME0,0.838667345812095,0.9405378255682642,0.0,5
1.1174221388923466e-05,True,277,excluido,0.99283638453547,10,,,excluir,EXCLUÍDO,0.6478333630760871,0.0,0.0,16
0.0,False,278,time0,0.0,novo,0.060440846447331165,True,time0,TIME0,0.0,,,12
4.5947023186858845e-05,False,278,time0,0.9941472816005812,2,,,time0,TIME0,0.8825789293949785,0.9377544714206149,0.0,2
6.526933062821786e-06,False,278,time0,0.9988166157260213,0,,,time0,TIME0,0.8743927004485363,0.8992206876391435,0.0,1
4.3166033019826016e-05,False,278,goleiro_time1,0.9937335495400192,9,,,goleiro1,GOL-TIME1,0.8719296719048705,0.8954825299460633,0.0,3
0.0005475688118305249,False,278,time0,0.9447730119687742,1,,,time0,TIME0,0.8701134919888722,0.9491041227184416,0.0,9
0.0004605088630645864,False,278,time0,0.9464624300603371,7,,,time0,TIME0,0.8668325454439745,0.9343433284316365,0.0,8
0.0006401792373648775,False,278,time1,0.9224019128901263,5,,,time1,TIME1,0.8605528514738634,0.9391769484215109,0.0,10
0.0008067332638656148,False,278,time1,0.9104689718189388,8,,,time1,TIME1,0.8571163088903391,0.9391767709628138,0.0,6
0.0015828855604144002,False,278,time0,0.8715094851609904,3,,,time0,TIME0,0.8442532337735049,0.9405378255682642,0.0,5
0.0020736374624570953,False,278,time0,0.8324814500886111,4,,,time0,TIME0,0.8337610928668161,0.9447700489407195,0.0,7
0.002114916365337056,False,278,time1,0.8296816313682553,6,,,time1,TIME1,0.8299154506543909,0.9335337973474963,0.0,4
1.9364792633245724e-05,True,278,excluido,0.9955462157865221,10,,,excluir,EXCLUÍDO,0.6486318920272262,0.0,0.0,16
0.0,False,279,time0,0.0,novo,0.061711499515554435,True,time0,TIME0,0.0,,,12
0.00015124275525235252,False,279,time0,0.9888389678631174,2,,,time0,TIME0,0.8809980912588382,0.9384564280723411,0.0,2
5.0331429037481536e-05,False,279,time0,0.9948635749456458,0,,,time0,TIME0,0.8735185320393664,0.9005471289581872,0.0,1
7.417405277221537e-05,False,279,goleiro_time1,0.989328878524002,9,,,goleiro1,GOL-TIME1,0.8702383589067562,0.8942449947510163,0.0,3
0.0006936771845573851,False,279,time0,0.935259937718534,1,,,time0,TIME0,0.8674724785886272,0.950637682164198,0.0,9
0.0005847329641071805,False,279,time0,0.9277344575246818,4,,,time0,TIME0,0.8633126611950224,0.9465710099256093,0.0,7
0.0008987237905303041,False,279,time1,0.9041967714174539,8,,,time1,TIME1,0.8549767430744915,0.9384616124137576,0.0,6
0.001304383703300727,False,279,time1,0.9013658002054928,5,,,time1,TIME1,0.8536256793352514,0.9394580387001373,0.0,10
0.0019733683763807908,False,279,time0,0.8329374773802005,3,,,time0,TIME0,0.8331635805201205,0.9415560883975507,0.0,5
0.0016991151526036283,False,279,time0,0.8284490813540041,7,,,time0,TIME0,0.8300724379574886,0.9360745399587921,0.0,8
0.0027104874385548657,False,279,time1,0.7942530985530045,6,,,time1,TIME1,0.8187942137251416,0.9339357720985542,0.0,4
2.2133985938093723e-05,True,279,excluido,0.9946127180577775,10,,,excluir,EXCLUÍDO,0.6483357094798732,0.0,0.0,16
0.0,False,280,time0,0.0,novo,0.061711499515554435,True,time0,TIME0,0.0,,,12
0.00020805920844882238,False,280,time0,0.9737260257685654,2,,,time0,TIME0,0.8763018599078259,0.9384564280723411,0.0,2
2.7745208382018363e-05,False,280,time0,0.997325992360758,0,,,time0,TIME0,0.8742586847900129,0.9005471289581872,0.0,1
0.0001006272693150753,False,280,goleiro_time1,0.9882216132692611,9,,,goleiro1,GOL-TIME1,0.8698683620587071,0.8942449947510163,0.0,3
0.000899850150682875,False,280,time0,0.9128070375468744,1,,,time0,TIME0,0.8604676959829316,0.950637682164198,0.0,9
0.0008394097318626505,False,280,time0,0.9155380675282285,4,,,time0,TIME0,0.8602945719857349,0.9465710099256093,0.0,7
0.0010552003891260535,False,280,time1,0.9176349890938729,5,,,time1,TIME1,0.8588714965210642,0.9394580387001373,0.0,10
0.0004441409252614865,False,280,time0,0.8755893400206338,7,,,time0,TIME0,0.8452880104093875,0.9360745399587921,0.0,8
0.001413647131843895,False,280,time1,0.8536863608902348,8,,,time1,TIME1,0.8390761323936455,0.9384616124137576,0.0,6
0.002509664962182141,False,280,time1,0.8006909232312808,6,,,time1,TIME1,0.8212467754664057,0.9339357720985542,0.0,4
0.007068785090822589,False,280,time0,0.6642969585833302,3,,,time0,TIME0,0.7746669639841113,0.9415560883975507,0.0,5
1.4374750051410846e-05,True,280,excluido,0.9931199040637496,10,,,excluir,EXCLUÍDO,0.6478983892051875,0.0,0.0,16
0.0,False,281,time0,0.0,novo,0.061711499515554435,True,time0,TIME0,0.0,,,12
0.00017596656860401554,False,281,time0,0.9758087406224524,4,,,time0,TIME0,0.8786036430903629,0.9465710099256093,0.0,7
0.00019214358780319856,False,281,time0,0.980674495638889,2,,,time0,TIME0,0.8783910058406847,0.9384564280723411,0.0,2
2.6939191459264103e-05,False,281,time0,0.9972834877169902,0,,,time0,TIME0,0.8742617366724169,0.9005471289581872,0.0,1
4.664182840573712e-05,False,281,goleiro_time1,0.9951008251170556,9,,,goleiro1,GOL-TIME1,0.8719590973424042,0.8942449947510163,0.0,3
0.0005443838841655284,False,281,time0,0.9484724341085938,1,,,time0,TIME0,0.8713081743199224,0.950637682164198,0.0,9
0.0007259499750598704,False,281,time1,0.9187585116797069,8,,,time1,TIME1,0.8591110762075885,0.9384616124137576,0.0,6
0.0018452723806060007,False,281,time1,0.8329768221595069,6,,,time1,TIME1,0.8311567356073086,0.9339357720985542,0.0,4
0.0015911901455335313,False,281,time0,0.7573010591006741,7,,,time0,TIME0,0.8089028147769128,0.9360745399587921,0.0,8
0.003269889576463544,False,281,time1,0.7521863708027452,5,,,time1,TIME1,0.8056970726216999,0.9394580387001373,0.0,10
0.0032616297372976863,False,281,time0,0.7215222952983547,3,,,time0,TIME0,0.7919810606299991,0.9415560883975507,0.0,5
2.41016410375201e-05,True,281,excluido,0.9950885655379409,10,,,excluir,EXCLUÍDO,0.6484957246331432,0.0,0.0,16
0.0,False,282,time0,0.0,novo,0.061068994944526,True,time0,TIME0,0.0,,,12
0.0002653109834577043,False,282,time0,0.9647780619496333,4,,,time0,TIME0,0.8756431131682934,0.946974785262654,0.0,7
1.2782650857845882e-05,False,282,time0,0.9986387393083441,0,,,time0,TIME0,0.8749860478363237,0.9017045150750733,0.0,1
1.1295807070451166e-05,False,282,goleiro_time1,0.9935876240009165,9,,,goleiro1,GOL-TIME1,0.8708883437055527,0.8914365431265739,0.0,3
0.0003231848007790226,False,282,time0,0.9551700263507575,2,,,time0,TIME0,0.8708066721647707,0.9387502604523068,0.0,2
0.0009313460256202549,False,282,time0,0.9163557332033978,1,,,time0,TIME0,0.8615409616867324,0.9510163198660051,0.0,9
0.0009015046348417636,False,282,time1,0.8989692455027464,8,,,time1,TIME1,0.8529880654295191,0.9379721813273315,0.0,6
0.0011044401145634919,False,282,time1,0.8850550527570153,6,,,time1,TIME1,0.8473391192127931,0.9342156291532491,0.0,4
0.0017403740669284984,False,282,time0,0.8483693223905996,3,,,time0,TIME0,0.834913833241776,0.9415818073458855,0.0,5
0.0026082531832654276,False,282,time1,0.7834998067677938,5,,,time1,TIME1,0.8168681048953821,0.9400046470175487,0.0,10
0.0032581198687815405,False,282,time0,0.7753003378490385,7,,,time0,TIME0,0.8119106479797275,0.935922315877669,0.0,8
3.5488966138676985e-05,True,282,excluido,0.99028524570471,10,,,excluir,EXCLUÍDO,0.6470161271830979,0.0,0.0,16
0.0,False,283,time0,0.0,novo,0.061068994944526,True,time0,TIME0,0.0,,,12
0.00012100589294069618,False,283,time0,0.9900006667428031,2,,,time0,TIME0,0.8813887747296554,0.9387502604523068,0.0,2
8.005666804724435e-05,False,283,time0,0.9891481789868095,0,,,time0,TIME0,0.8720471680181449,0.9017045150750733,0.0,1
0.0004121186004861087,False,283,time0,0.9494902413624301,4,,,time0,TIME0,0.8708506443686633,0.946974785262654,0.0,7
0.00018454130361110455,False,283,goleiro_time1,0.9777187334967148,9,,,goleiro1,GOL-TIME1,0.8658887487294288,0.8914365431265739,0.0,3
0.0021436091751834596,False,283,time0,0.9111533043985003,3,,,time0,TIME0,0.856332716479122,0.9415818073458855,0.0,5
0.0013075257621102635,False,283,time0,0.8784646434743137,1,,,time0,TIME0,0.8496902449081558,0.9510163198660051,0.0,9
0.0011261715296069284,False,283,time1,0.8713867091991805,8,,,time1,TIME1,0.8447138298491149,0.9379721813273315,0.0,6
0.0022589066107452063,False,283,time0,0.8473634296258487,7,,,time0,TIME0,0.8351322870540787,0.935922315877669,0.0,8
0.002131387543519873,False,283,time1,0.808249255259297,6,,,time1,TIME1,0.8233394660719159,0.9342156291532491,0.0,4
0.00305648263049321,False,283,time1,0.7498255663079192,5,,,time1,TIME1,0.8065101698676278,0.9400046470175487,0.0,10
4.6092957236809415e-06,True,283,excluido,0.9947343427577006,10,,,excluir,EXCLUÍDO,0.6483947407362186,0.0,0.0,16
0.0,False,284,time0,0.0,novo,0.061068994944526,True,time0,TIME0,0.0,,,12
0.00040939472862989366,False,284,time0,0.9536139007219652,2,,,time0,TIME0,0.8701902483150452,0.9387502604523068,0.0,2
0.0003067209026917776,False,284,time0,0.9704085770003437,0,,,time0,TIME0,0.8661109744887374,0.9017045150750733,0.0,1
0.00021198845612906275,False,284,goleiro_time1,0.9751208412184922,9,,,goleiro1,GOL-TIME1,0.865171804245047,0.8914365431265739,0.0,3
0.00027113067156516975,False,284,time1,0.9286199021959037,8,,,time1,TIME1,0.8622069180992383,0.9379721813273315,0.0,6
0.0007925045073161544,False,284,time1,0.9266065176408786,6,,,time1,TIME1,0.8598886730451664,0.9342156291532491,0.0,4
0.0013260762573461963,False,284,time0,0.880388089318993,1,,,time0,TIME0,0.8504072327454228,0.9510163198660051,0.0,9
0.0008872013524358883,False,284,time0,0.873638955309496,4,,,time0,TIME0,0.847482858700413,0.946974785262654,0.0,7
0.0033654776879178594,False,284,time0,0.8252196903639633,3,,,time0,TIME0,0.8290032336144774,0.9415818073458855,0.0,5
0.0021835355529905643,False,284,time1,0.8148701480107292,5,,,time1,TIME1,0.8267542337810707,0.9400046470175487,0.0,10
0.004204495765858437,False,284,time0,0.6030350061102614,7,,,time0,TIME0,0.7566932769982585,0.935922315877669,0.0,8
0.0001796950555999139,True,284,excluido,0.9634817944091413,10,,,excluir,EXCLUÍDO,0.6387598526874201,0.0,0.0,16
0.0,False,285,time0,0.0,novo,0.05996054062174705,True,time0,TIME0,0.0,,,12
0.00013022079440059198,False,285,time0,0.9888245690114241,2,,,time0,TIME0,0.8813658569662085,0.9402044593534296,0.0,2
0.00045425751855868163,False,285,time0,0.9617280479655004,4,,,time0,TIME0,0.8738317964780165,0.9455122161084435,0.0,7
0.00016574712810299647,False,285,time0,0.9837595217934478,0,,,time0,TIME0,0.8706807477211961,0.9032070848261022,0.0,1
0.0001751100158958825,False,285,goleiro_time1,0.9858637425162026,9,,,goleiro1,GOL-TIME1,0.8677692911502324,0.8891473075575779,0.0,3
0.000515066913930102,False,285,time1,0.9418586188663748,8,,,time1,TIME1,0.8663869728236381,0.9384174961816744,0.0,6
0.0009868331384384789,False,285,time1,0.9241419664527617,6,,,time1,TIME1,0.8595787687000366,0.9342384410057195,0.0,4
0.000916339389590596,False,285,time0,0.8973443067863717,7,,,time0,TIME0,0.8493224811277593,0.9375996245387734,0.0,8
0.0015668037024644823,False,285,time0,0.8488233764855154,1,,,time0,TIME0,0.8409027595569878,0.9514055320173098,0.0,9
0.0024166520259978246,False,285,time0,0.85492491571827,3,,,time0,TIME0,0.8392700957606154,0.9425898482974209,0.0,5
0.0016458145036109832,False,285,time1,0.8492358760281031,5,,,time1,TIME1,0.8382026117096543,0.9418006711260016,0.0,10
1.1485081628394973e-05,True,285,excluido,0.9971652434785109,10,,,excluir,EXCLUÍDO,0.6490144175287826,0.0,0.0,16
0.0,False,286,time0,0.0,novo,0.05996054062174705,True,time0,TIME0,0.0,,,12
0.00016037114533263514,False,286,time0,0.975887092846605,4,,,time0,TIME0,0.8787885651527328,0.9455122161084435,0.0,7
0.00013418762208637316,False,286,time0,0.9792677608544827,2,,,time0,TIME0,0.8786944571868891,0.9402044593534296,0.0,2
0.00017674935644133342,False,286,goleiro_time1,0.9809321856303769,9,,,goleiro1,GOL-TIME1,0.8664017346918401,0.8891473075575779,0.0,3
0.0003160681395474928,False,286,time0,0.9696566172176339,0,,,time0,TIME0,0.8663046676388438,0.9032070848261022,0.0,1
0.0006531411050876555,False,286,time1,0.9166693142749424,8,,,time1,TIME1,0.8585870579503003,0.9384174961816744,0.0,6
0.001085076582312646,False,286,time0,0.8963736830042449,7,,,time0,TIME0,0.8517642357830395,0.9375996245387734,0.0,8
0.001137819581057698,False,286,time1,0.892949983472966,5,,,time1,TIME1,0.8516766939132989,0.9418006711260016,0.0,10
0.0012425841641991145,False,286,time1,0.8896655219346257,6,,,time1,TIME1,0.8487604642667321,0.9342384410057195,0.0,4
0.0012885099495461901,False,286,time0,0.8715567622070637,1,,,time0,TIME0,0.8479528048821661,0.9514055320173098,0.0,9
0.0028836039512071124,False,286,time0,0.7568404197695026,3,,,time0,TIME0,0.8092963884548074,0.9425898482974209,0.0,5
2.7367432934823964e-05,True,286,excluido,0.9914030759266431,10,,,excluir,EXCLUÍDO,0.64736969533237,0.0,0.0,16
0.0,False,287,time0,0.0,novo,0.05996054062174705,True,time0,TIME0,0.0,,,12
2.2396348406746128e-05,False,287,time0,0.9752224859798184,2,,,time0,TIME0,0.8774909012538442,0.9402044593534296,0.0,2
0.0003083513904380833,False,287,time0,0.9615309121146355,4,,,time0,TIME0,0.8744035058843028,0.9455122161084435,0.0,7
0.00010819501744402804,False,287,goleiro_time1,0.9916138076736718,9,,,goleiro1,GOL-TIME1,0.8694792490744688,0.8891473075575779,0.0,3
0.0004130817038613185,False,287,time0,0.9595404421108182,0,,,time0,TIME0,0.8632021598463454,0.9032070848261022,0.0,1
0.0008729540785701642,False,287,time0,0.922802139173821,7,,,time0,TIME0,0.8602844331208921,0.9375996245387734,0.0,8
0.0009213728527424508,False,287,time1,0.9059819278379587,8,,,time1,TIME1,0.8552275638500039,0.9384174961816744,0.0,6
0.0014867659766171284,False,287,time0,0.8420052363439743,1,,,time0,TIME0,0.8387552037970492,0.9514055320173098,0.0,9
0.001651635130267355,False,287,time1,0.8536975359081326,6,,,time1,TIME1,0.8378472331610736,0.9342384410057195,0.0,4
0.0025169211120741287,False,287,time1,0.8128412209932859,5,,,time1,TIME1,0.8260642397857395,0.9418006711260016,0.0,10
0.004390563847561677,False,287,time0,0.575614443571791,3,,,time0,TIME0,0.7529402948645021,0.9425898482974209,0.0,5
7.96110713438472e-06,True,287,excluido,0.9954990693788673,10,,,excluir,EXCLUÍDO,0.648618858580733,0.0,0.0,16
0.0,False,288,time0,0.0,novo,0.06062062207096597,True,time0,TIME0,0.0,,,12
0.00014203078358701626,False,288,time0,0.9751847874165446,2,,,time0,TIME0,0.8773386344456504,0.939986449245098,0.0,2
0.00010826585252028366,False,288,time0,0.9881080215310359,0,,,time0,TIME0,0.8724662292542491,0.9055701671394661,0.0,1
0.00034600528768063586,False,288,time1,0.9607710138415665,8,,,time1,TIME1,0.8718763615413088,0.9377983427877148,0.0,6
0.0002522585077161672,False,288,time0,0.9505067399213434,4,,,time0,TIME0,0.8710240014540007,0.9447601476799158,0.0,7
1.955756931033565e-05,False,288,goleiro_time1,0.9971108866603193,9,,,goleiro1,GOL-TIME1,0.8707568579659273,0.8869138321332115,0.0,3
0.0008500183277163556,False,288,time0,0.9197330836174323,7,,,time0,TIME0,0.8591830399284893,0.9369372377298015,0.0,8
0.0010960135688188866,False,288,time0,0.8829442113034213,1,,,time0,TIME0,0.8516333841573269,0.9522677964923362,0.0,9
0.0018693639671212823,False,288,time1,0.8469940789030392,5,,,time1,TIME1,0.8367569812923531,0.9416623284569829,0.0,10
0.0017338515071547958,False,288,time1,0.8447814820105107,6,,,time1,TIME1,0.8348188943448442,0.933288797870368,0.0,4
0.0038387324002596038,False,288,time0,0.5516305906109987,3,,,time0,TIME0,0.7457410451100679,0.9426653899311066,0.0,5
1.7533319077691436e-05,True,288,excluido,0.9947974615954023,10,,,excluir,EXCLUÍDO,0.6484138427576457,0.0,0.0,16
0.0,False,289,time0,0.0,novo,0.06062062207096597,True,time0,TIME0,0.0,,,12
3.9221105865454765e-05,False,289,time0,0.9962389276243545,0,,,time0,TIME0,0.875163858417387,0.9055701671394661,0.0,1
0.0002367880509633806,False,289,time0,0.9684802627895877,2,,,time0,TIME0,0.8751563948038208,0.939986449245098,0.0,2
1.0285827774982058e-05,False,289,goleiro_time1,0.9979477526898255,9,,,goleiro1,GOL-TIME1,0.8710847132613776,0.8869138321332115,0.0,3
0.0009206705137661336,False,289,time0,0.9320591762438044,1,,,time0,TIME0,0.8663767134787718,0.9522677964923362,0.0,9
0.0005480801941536451,False,289,time1,0.9352820733056916,8,,,time1,TIME1,0.8641825877468119,0.9377983427877148,0.0,6
0.0011483832787610102,False,289,time0,0.8906193261318718,4,,,time0,TIME0,0.8516595196674354,0.9447601476799158,0.0,7
0.0023857150188849974,False,289,time1,0.8272858923232421,5,,,time1,TIME1,0.8309932875338737,0.9416623284569829,0.0,10
0.0017538244366740268,False,289,time0,0.7910826230144125,3,,,time0,TIME0,0.8193061334751641,0.9426653899311066,0.0,5
0.002519451034067121,False,289,time1,0.7915178925231349,6,,,time1,TIME1,0.817866922660069,0.933288797870368,0.0,4
0.004193361024560974,False,289,time0,0.7360413691526473,7,,,time0,TIME0,0.7989546841796867,0.9369372377298015,0.0,8
3.849908589906074e-06,True,289,excluido,0.9976994813210319,10,,,excluir,EXCLUÍDO,0.6492960368937881,0.0,0.0,16
0.0,False,290,time0,0.0,novo,0.06062062207096597,True,time0,TIME0,0.0,,,12
0.00017869197511452371,False,290,time0,0.978435025021668,2,,,time0,TIME0,0.8781873843861514,0.939986449245098,0.0,2
0.00019341664061323997,False,290,time0,0.9818311575066181,0,,,time0,TIME0,0.870619717591017,0.9055701671394661,0.0,1
0.00015792713861386974,False,290,goleiro_time1,0.9865656764132977,9,,,goleiro1,GOL-TIME1,0.8674426453873942,0.8869138321332115,0.0,3
0.0005617978220418519,False,290,time0,0.9408782114723051,4,,,time0,TIME0,0.8671813096330129,0.9447601476799158,0.0,7
0.0006304278664232521,False,290,time1,0.9357812134467163,8,,,time1,TIME1,0.8644303231558303,0.9377983427877148,0.0,6
0.0007520694867340891,False,290,time0,0.9197417190091927,1,,,time0,TIME0,0.8631907620441177,0.9522677964923362,0.0,9
0.0010945585643519135,False,290,time0,0.9253822204129464,7,,,time0,TIME0,0.8584274538709482,0.9369372377298015,0.0,8
0.0015843411736698532,False,290,time1,0.8776316116415372,5,,,time1,TIME1,0.846666578705569,0.9416623284569829,0.0,10
0.0022097664222242323,False,290,time1,0.8108419037242641,6,,,time1,TIME1,0.824315457919128,0.933288797870368,0.0,4
0.002166989087965732,False,290,time0,0.7259709999291578,3,,,time0,TIME0,0.8009949979330513,0.9426653899311066,0.0,5
3.059856510882657e-05,True,290,excluido,0.9893404831341802,10,,,excluir,EXCLUÍDO,0.64675344641048,0.0,0.0,16
0.0,False,291,time0,0.0,novo,0.060931279820490514,True,time0,TIME0,0.0,,,12
0.00010916141842350394,False,291,time0,0.9804886825173643,2,,,time0,TIME0,0.8788276779624659,0.9396261615724179,0.0,2
0.00025390931377798967,False,291,time0,0.9776325617916549,0,,,time0,TIME0,0.8701425588841313,0.908573033941011,0.0,1
0.0004415155756742694,False,291,time1,0.9530337436642633,8,,,time1,TIME1,0.8694241905833459,0.9362057529286947,0.0,6
0.00010801101112597675,False,291,goleiro_time1,0.9890161729592877,9,,,goleiro1,GOL-TIME1,0.8675778166262553,0.8840222618324611,0.0,3
0.0005806811216467993,False,291,time0,0.94174820482889,7,,,time0,TIME0,0.8655364205259313,0.9369384844170952,0.0,8
0.0017744741360534188,False,291,time1,0.8683140473709027,5,,,time1,TIME1,0.8441913794019883,0.9421147730420518,0.0,10
0.0015246495646799119,False,291,time0,0.8673702279172241,4,,,time0,TIME0,0.8439798310525932,0.9448401017741576,0.0,7
0.0016465492098414818,False,291,time0,0.8594771311273509,1,,,time0,TIME0,0.8436227807281036,0.9532192791627339,0.0,9
0.001911207419851608,False,291,time1,0.8122421924023955,6,,,time1,TIME1,0.8250894611392438,0.9340171901545338,0.0,4
0.012823942634065574,False,291,time0,0.41617912052771283,3,,,time0,TIME0,0.6907757073058574,0.9421048645982704,0.0,5
3.029978313767318e-05,True,291,excluido,0.9908618785951915,10,,,excluir,EXCLUÍDO,0.6472269007067174,0.0,0.0,16
0.0,False,292,time0,0.0,novo,0.060931279820490514,True,time0,TIME0,0.0,,,12
0.0001393682725363383,False,292,time0,0.9807562546102313,2,,,time0,TIME0,0.8788375964917947,0.9396261615724179,0.0,2
0.0001444636418667434,False,292,time0,0.9899140414861157,0,,,time0,TIME0,0.873833283193654,0.908573033941011,0.0,1
4.865614143475622e-05,False,292,goleiro_time1,0.9949775564577772,9,,,goleiro1,GOL-TIME1,0.8693732462875676,0.8840222618324611,0.0,3
0.0003922671242686189,False,292,time0,0.9395325057594301,1,,,time0,TIME0,0.8689497165580728,0.9532192791627339,0.0,9
0.0004712033995587047,False,292,time1,0.9480798231709281,8,,,time1,TIME1,0.8679600970815629,0.9362057529286947,0.0,6
0.0008550470727574911,False,292,time1,0.9204061786951291,5,,,time1,TIME1,0.860244793943547,0.9421147730420518,0.0,10
0.0007725714534423574,False,292,time0,0.9130667286771513,4,,,time0,TIME0,0.858428855549612,0.9448401017741576,0.0,7
0.0012356465121468635,False,292,time0,0.904430491455538,7,,,time0,TIME0,0.8539269464312067,0.9369384844170952,0.0,8
0.0018193166837652498,False,292,time1,0.8199868877384259,6,,,time1,TIME1,0.8276933338654103,0.9340171901545338,0.0,4
0.005219183006547504,False,292,time0,0.5300682834850202,3,,,time0,TIME0,0.734121539029286,0.9421048645982704,0.0,5
2.3033520064140063e-05,True,292,excluido,0.9924572422850938,10,,,excluir,EXCLUÍDO,0.6476807772094213,0.0,0.0,16
0.0,False,293,time0,0.0,novo,0.060931279820490514,True,time0,TIME0,0.0,,,12
0.0,False,293,time0,1.0,3,,,time0,TIME0,0.881967682281467,0.9421048645982704,0.0,5
0.0002258307461416233,False,293,time0,0.9576536002384771,2,,,time0,TIME0,0.8719164373163178,0.9396261615724179,0.0,2
0.0004048165885286345,False,293,time0,0.9635196741605293,0,,,time0,TIME0,0.8656158056490338,0.908573033941011,0.0,1
0.00010635124445871568,False,293,goleiro_time1,0.980076016329317,9,,,goleiro1,GOL-TIME1,0.8648448892861091,0.8840222618324611,0.0,3
0.0009140202098763978,False,293,time0,0.937514318106213,7,,,time0,TIME0,0.8640054165944144,0.9369384844170952,0.0,8
0.00141925742208046,False,293,time0,0.9166399939114407,1,,,time0,TIME0,0.8611145611897753,0.9532192791627339,0.0,9
0.0010922765207349895,False,293,time1,0.8849291224388415,6,,,time1,TIME1,0.8474781932483996,0.9340171901545338,0.0,4
0.0016869374551753413,False,293,time1,0.8537776616356605,5,,,time1,TIME1,0.8394900175526574,0.9421147730420518,0.0,10
0.0016075443348634601,False,293,time1,0.8331369533865981,8,,,time1,TIME1,0.8317541912290033,0.9362057529286947,0.0,6
0.007258670276294833,False,293,time0,0.5606675745087026,4,,,time0,TIME0,0.7431492124116763,0.9448401017741576,0.0,7
0.00012919555655115192,True,293,excluido,0.9722320885662812,10,,,excluir,EXCLUÍDO,0.6414552569292803,0.0,0.0,16
0.0,False,294,time0,0.0,novo,0.06345464397600775,True,time0,TIME0,0.0,,,12
0.00012385568254750495,False,294,time0,0.9863284646983957,2,,,time0,TIME0,0.8806731507061055,0.9398434237539169,0.0,2
0.0003046260868986111,False,294,time0,0.9713464988519134,7,,,time0,TIME0,0.8748415381004863,0.9380914646689961,0.0,8
0.00032226111645788664,False,294,time1,0.9590293453881832,8,,,time1,TIME1,0.8702271370497956,0.9348434070398847,0.0,6
0.0002829103735247188,False,294,time0,0.9744953824465705,0,,,time0,TIME0,0.8700264066901917,0.9125196480045246,0.0,1
2.9121136932843714e-05,False,294,goleiro_time1,0.996244478921463,9,,,goleiro1,GOL-TIME1,0.8691007790227542,0.8812717984500531,0.0,3
0.0007840894270879206,False,294,time0,0.9318372596382135,1,,,time0,TIME0,0.8665508093478954,0.9541251732941793,0.0,9
0.0007088571223743236,False,294,time1,0.8933794223213464,5,,,time1,TIME1,0.8519094073074457,0.9432282594913706,0.0,10
0.001226613511611526,False,294,time1,0.8517725622802147,6,,,time1,TIME1,0.8375687270767521,0.9340652459731024,0.0,4
0.0022377562843058393,False,294,time0,0.8441041926093367,4,,,time0,TIME0,0.8339173930889157,0.9456454201206945,0.0,7
0.005438658559015026,False,294,time0,0.47219930064478743,3,,,time0,TIME0,0.7185335949991163,0.9421048645982704,0.0,5
5.042373659074714e-05,True,294,excluido,0.9901134656878934,10,,,excluir,EXCLUÍDO,0.6468659021749107,0.0,0.0,16
0.0,False,295,time0,0.0,novo,0.06345464397600775,True,time0,TIME0,0.0,,,12
0.0,False,295,time0,1.0,3,,,time0,TIME0,0.88181803985933,0.9421048645982704,0.0,5
9.579967813417507e-05,False,295,time0,0.9842063607898123,2,,,time0,TIME0,0.8800823174081517,0.9398434237539169,0.0,2
0.00010420533482406377,False,295,time0,0.9909494562219674,0,,,time0,TIME0,0.875142004312885,0.9125196480045246,0.0,1
0.0008642323718775515,False,295,time0,0.958893958959682,7,,,time0,TIME0,0.8710205309410012,0.9380914646689961,0.0,8
3.062063052044979e-05,False,295,goleiro_time1,0.9948711527540074,9,,,goleiro1,GOL-TIME1,0.8687197417159924,0.8812717984500531,0.0,3
0.00025666529922651975,False,295,time1,0.9460740569616968,8,,,time1,TIME1,0.8670437510606968,0.9348434070398847,0.0,6
0.0010151923321978947,False,295,time0,0.9131534325617326,1,,,time0,TIME0,0.8611987132308004,0.9541251732941793,0.0,9
0.00210343664390098,False,295,time0,0.8622799237914108,4,,,time0,TIME0,0.8430573186802127,0.9456454201206945,0.0,7
0.001455031963919359,False,295,time1,0.8550692732507457,6,,,time1,TIME1,0.8385563730266795,0.9340652459731024,0.0,4
0.003038042427436886,False,295,time1,0.7824530975797402,5,,,time1,TIME1,0.8158180741744734,0.9432282594913706,0.0,10
1.2569956175372396e-05,True,295,excluido,0.9962993479950433,10,,,excluir,EXCLUÍDO,0.6488390220343428,0.0,0.0,16
0.0,False,296,time0,0.0,novo,0.06345464397600775,True,time0,TIME0,0.0,,,12
0.0,False,296,time0,1.0,3,,,time0,TIME0,0.8855262161495676,0.9421048645982704,0.0,5
0.0001301362235342585,False,296,time0,0.982337103335551,2,,,time0,TIME0,0.8795129788547142,0.9398434237539169,0.0,2
0.0001975386205797436,False,296,time0,0.9809680499738856,0,,,time0,TIME0,0.8720986624964673,0.9125196480045246,0.0,1
0.0005301253477129262,False,296,time0,0.9612181226903381,7,,,time0,TIME0,0.8717405808721629,0.9380914646689961,0.0,8
1.1851429608497821e-05,False,296,goleiro_time1,0.9981585253625909,9,,,goleiro1,GOL-TIME1,0.869738066088846,0.8812717984500531,0.0,3
0.000769215050355521,False,296,time1,0.917409260924424,8,,,time1,TIME1,0.8577899724860307,0.9348434070398847,0.0,6
0.0015489998862991531,False,296,time0,0.8675198446443012,1,,,time0,TIME0,0.846890535768267,0.9541251732941793,0.0,9
0.0016207312006619363,False,296,time1,0.8399551517233957,6,,,time1,TIME1,0.8339024763592309,0.9340652459731024,0.0,4
0.006053541011603903,False,296,time1,0.7028870660381022,5,,,time1,TIME1,0.7889530105862202,0.9432282594913706,0.0,10
0.0071064512399333,False,296,time0,0.5634757940413981,4,,,time0,TIME0,0.7428186756129505,0.9456454201206945,0.0,7
1.824094373315438e-05,True,296,excluido,0.994993866018351,10,,,excluir,EXCLUÍDO,0.6484650540057911,0.0,0.0,16
0.0,False,297,time0,0.0,novo,0.0643560618371759,True,time0,TIME0,0.0,,,12
0.0,False,297,time0,1.0,3,,,time0,TIME0,0.8855262161495676,0.9421048645982704,0.0,5
0.00018379648895522073,False,297,time0,0.9793498996908196,2,,,time0,TIME0,0.8782551882780335,0.9391376561852627,0.0,2
0.00027914856804263897,False,297,time0,0.9746551690518616,0,,,time0,TIME0,0.8708292562824889,0.9154072901706423,0.0,1
5.981063982085609e-05,False,297,goleiro_time1,0.9896035147193867,9,,,goleiro1,GOL-TIME1,0.866155071885419,0.8774852641912547,0.0,3
0.0007001437357909363,False,297,time1,0.9398023277361028,8,,,time1,TIME1,0.8644716889684907,0.9333391606485869,0.0,6
0.0008521212353230675,False,297,time0,0.9211412963066935,1,,,time0,TIME0,0.8636675391582689,0.9543415763900183,0.0,9
0.0009561454302081728,False,297,time1,0.8847941875657536,5,,,time1,TIME1,0.8467118168597886,0.9437267369768735,0.0,10
0.0018620142667328823,False,297,time0,0.8730664765430175,7,,,time0,TIME0,0.8440527099968034,0.9389352098498167,0.0,8
0.0014443687292995824,False,297,time1,0.8528083779680266,6,,,time1,TIME1,0.8378371526472129,0.9338891761341812,0.0,4
0.00230247394952113,False,297,time0,0.8368670655191018,4,,,time0,TIME0,0.8308804100429664,0.9468113470043981,0.0,7
0.0,True,297,excluido,1.0,10,,,excluir,EXCLUÍDO,0.6499875629929092,0.0,0.0,16
0.0,False,298,time0,0.0,novo,0.0643560618371759,True,time0,TIME0,0.0,,,12
0.0,False,298,time0,1.0,3,,,time0,TIME0,0.8855262161495676,0.9421048645982704,0.0,5
3.245394312453712e-05,False,298,time0,0.9925302080198514,2,,,time0,TIME0,0.8823820389349348,0.9391376561852627,0.0,2
8.47244142028895e-05,False,298,time0,0.9953078765363677,0,,,time0,TIME0,0.8771211648554568,0.9154072901706423,0.0,1
0.0006436693202554264,False,298,time0,0.9547379933186496,7,,,time0,TIME0,0.8697391152851521,0.9389352098498167,0.0,8
2.177304571191003e-05,False,298,goleiro_time1,0.9972531099349677,9,,,goleiro1,GOL-TIME1,0.8684718994755989,0.8774852641912547,0.0,3
0.0008917965893469581,False,298,time1,0.914814403761255,8,,,time1,TIME1,0.8568063317585743,0.9333391606485869,0.0,6
0.0010461521688787184,False,298,time0,0.8800303614328631,1,,,time0,TIME0,0.8514212598449121,0.9543415763900183,0.0,9
0.0011743305540277888,False,298,time1,0.8737580301659452,6,,,time1,TIME1,0.844300007677407,0.9338891761341812,0.0,4
0.001268016302947147,False,298,time0,0.8547568226015794,4,,,time0,TIME0,0.8409990750104662,0.9468113470043981,0.0,7
0.004468717677457965,False,298,time1,0.784441197174165,5,,,time1,TIME1,0.8144848970809364,0.9437267369768735,0.0,10
0.0,True,298,excluido,1.0,10,,,excluir,EXCLUÍDO,0.65,0.0,0.0,16
0.0,False,299,time0,0.0,novo,0.0643560618371759,True,time0,TIME0,0.0,,,12
0.0,False,299,time0,1.0,3,,,time0,TIME0,0.8855262161495676,0.9421048645982704,0.0,5
0.00010500980440943161,False,299,time0,0.9821643160985345,2,,,time0,TIME0,0.8792805823431442,0.9391376561852627,0.0,2
7.158316949112622e-05,False,299,time0,0.9936265722272508,0,,,time0,TIME0,0.8767827704243915,0.9154072901706423,0.0,1
0.00038146407122795754,False,299,time0,0.9743362915985907,7,,,time0,TIME0,0.8763160743023688,0.9389352098498167,0.0,8
1.7292668479435644e-05,False,299,goleiro_time1,0.9980325002332177,9,,,goleiro1,GOL-TIME1,0.8687396438202782,0.8774852641912547,0.0,3
0.0006837493156889605,False,299,time1,0.9264336645412524,8,,,time1,TIME1,0.8604333625427069,0.9333391606485869,0.0,6
0.001410024028670487,False,299,time0,0.8612894846889727,1,,,time0,TIME0,0.8454405939002676,0.9543415763900183,0.0,9
0.0008914480579422124,False,299,time0,0.8147080174210088,4,,,time0,TIME0,0.828896274243076,0.9468113470043981,0.0,7
0.0018780254037543845,False,299,time1,0.8183488421693275,5,,,time1,TIME1,0.8278745782466658,0.9437267369768735,0.0,10
0.0021517531416086425,False,299,time1,0.7775270666750886,6,,,time1,TIME1,0.8140352834990762,0.9338891761341812,0.0,4
0.0,True,299,excluido,1.0,10,,,excluir,EXCLUÍDO,0.65,0.0,0.0,16
0.0,False,300,time0,0.0,novo,0.06461777997920892,True,time0,TIME0,0.0,,,12
0.0,False,300,time0,1.0,3,,,time0,TIME0,0.8855262161495676,0.9421048645982704,0.0,5
0.00025059144192869393,False,300,time0,0.9820143727362561,7,,,time0,TIME0,0.8789285430413923,0.9389959717119951,0.0,8
7.119516195838675e-05,False,300,time0,0.9929731504218813,0,,,time0,TIME0,0.8771648836312107,0.9175445734784429,0.0,1
0.00032398284637761806,False,300,time0,0.9705505190423916,2,,,time0,TIME0,0.875192458832142,0.938244263285983,0.0,2
2.6962975430033726e-05,False,300,goleiro_time1,0.9964607232236982,9,,,goleiro1,GOL-TIME1,0.8675076097762733,0.8744629807256769,0.0,3
0.0009165626120332278,False,300,time0,0.9051102378998492,1,,,time0,TIME0,0.8589594523798683,0.954390723284732,0.0,9
0.0008900972577700498,False,300,time1,0.9139338614026,8,,,time1,TIME1,0.8560792284455957,0.9315093840234457,0.0,6
0.0015624195122264464,False,300,time1,0.8233145841793358,6,,,time1,TIME1,0.8289358270072,0.9350607538424012,0.0,4
0.0030121141260777314,False,300,time1,0.7809164644355482,5,,,time1,TIME1,0.8148607404420953,0.9431482611107466,0.0,10
0.004143632340509426,False,300,time0,0.5955850509289717,4,,,time0,TIME0,0.7588092863834357,0.9479066472687716,0.0,7
0.0,True,300,excluido,1.0,10,,,excluir,EXCLUÍDO,0.65,0.0,0.0,16
0.0,False,301,time0,0.0,novo,0.06461777997920892,True,time0,TIME0,0.0,,,12
0.0,False,301,time0,1.0,3,,,time0,TIME0,0.8855262161495676,0.9421048645982704,0.0,5
0.0004313913217887021,False,301,time0,0.9767733772283567,7,,,time0,TIME0,0.8772165761244327,0.9389959717119951,0.0,8
0.0006784776640443429,False,301,time0,0.9450926825245228,2,,,time0,TIME0,0.8667924274697284,0.938244263285983,0.0,2
0.00049625433525357,False,301,time0,0.9557165153684578,0,,,time0,TIME0,0.8652919389939722,0.9175445734784429,0.0,1
0.00014947805501241447,False,301,goleiro_time1,0.9849701176636009,9,,,goleiro1,GOL-TIME1,0.8638751984208066,0.8744629807256769,0.0,3
0.0006816473719973417,False,301,time1,0.9339523772097887,8,,,time1,TIME1,0.8622139664832111,0.9315093840234457,0.0,6
0.0010730595035783074,False,301,time0,0.8804441161773582,1,,,time0,TIME0,0.851640994051843,0.954390723284732,0.0,9
0.0013519465208702672,False,301,time1,0.8761648106559304,5,,,time1,TIME1,0.8462664309532848,0.9431482611107466,0.0,10
0.0014309025310535765,False,301,time1,0.820678144785788,6,,,time1,TIME1,0.8282382070935022,0.9350607538424012,0.0,4
0.00629076234240167,False,301,time0,0.5788683155554499,4,,,time0,TIME0,0.7534263492961841,0.9479066472687716,0.0,7
0.0,True,301,excluido,1.0,10,,,excluir,EXCLUÍDO,0.65,0.0,0.0,16
0.0,False,302,time0,0.0,novo,0.06461777997920892,True,time0,TIME0,0.0,,,12
0.0,False,302,time0,1.0,3,,,time0,TIME0,0.8855262161495676,0.9421048645982704,0.0,5
0.0,False,302,time0,1.0,4,,,time0,TIME0,0.8826875056746463,0.9479066472687716,0.0,7
8.03928144113519e-05,False,302,time0,0.9895428591844773,7,,,time0,TIME0,0.8811930391337943,0.9389959717119951,0.0,8
0.00013325847135201144,False,302,time0,0.9880810446918579,2,,,time0,TIME0,0.880311122846678,0.938244263285983,0.0,2
0.00022757545782647114,False,302,time0,0.9790735225380948,0,,,time0,TIME0,0.8726536711516218,0.9175445734784429,0.0,1
1.4380380552156634e-06,False,302,goleiro_time1,0.9998119161015345,9,,,goleiro1,GOL-TIME1,0.8684553133654234,0.8744629807256769,0.0,3
0.0005106675039800682,False,302,time1,0.9466421325814117,8,,,time1,TIME1,0.8661375090934679,0.9315093840234457,0.0,6
0.001248204093586611,False,302,time0,0.8633215920270142,1,,,time0,TIME0,0.8460662830766277,0.954390723284732,0.0,9
0.004645853208725051,False,302,time1,0.7314875887057782,5,,,time1,TIME1,0.7987611818691555,0.9431482611107466,0.0,10
0.002921405860148842,False,302,time1,0.651788680507029,6,,,time1,TIME1,0.7738433977768602,0.9350607538424012,0.0,4
0.0,True,302,excluido,1.0,10,,,excluir,EXCLUÍDO,0.65,0.0,0.0,16
0.0,False,303,time0,0.0,novo,0.06470950130096109,True,time0,TIME0,0.0,,,12
0.0,False,303,time0,1.0,4,,,time0,TIME0,0.8872708396401581,0.9490833585606324,0.0,7
0.0,False,303,time0,1.0,3,,,time0,TIME0,0.8855262161495676,0.9421048645982704,0.0,5
0.00012676155679302496,False,303,time0,0.9884580537231616,7,,,time0,TIME0,0.8803756690991678,0.936357200709083,0.0,8
0.00021615483960531944,False,303,time0,0.9802031526638026,0,,,time0,TIME0,0.8740176040842074,0.9207068509757017,0.0,1
0.0003287572446650866,False,303,time0,0.9661203128290854,2,,,time0,TIME0,0.8736030899168493,0.9368105704669119,0.0,2
1.5824757379611307e-05,False,303,goleiro_time1,0.9957923895276796,9,,,goleiro1,GOL-TIME1,0.8670769492331354,0.8734537325706995,0.0,3
0.0006301408733873501,False,303,time1,0.9350968316294661,8,,,time1,TIME1,0.8622008173748329,0.9298301633568702,0.0,6
0.0008108188940866307,False,303,time0,0.911129803645473,1,,,time0,TIME0,0.8610797660933649,0.9551155843029167,0.0,9
0.005737589531148872,False,303,time1,0.6884972817353575,5,,,time1,TIME1,0.7799038535687255,0.9424887891008202,0.0,10
0.004512622285051756,False,303,time1,0.597530018158383,6,,,time1,TIME1,0.7545288225556647,0.9370586904706744,0.0,4
0.0,True,303,excluido,1.0,10,,,excluir,EXCLUÍDO,0.65,0.0,0.0,16
0.0,False,304,time0,0.0,novo,0.06470950130096109,True,time0,TIME0,0.0,,,12
0.0,False,304,time0,1.0,3,,,time0,TIME0,0.8855262161495676,0.9421048645982704,0.0,5
6.309359511421061e-05,False,304,time0,0.9967491142775589,7,,,time0,TIME0,0.8830068606096708,0.936357200709083,0.0,8
0.0001459541082626709,False,304,time0,0.9884199918102299,0,,,time0,TIME0,0.8763555387462207,0.9207068509757017,0.0,1
0.00020820403669157312,False,304,time0,0.9605612298097955,2,,,time0,TIME0,0.8720621058828831,0.9368105704669119,0.0,2
5.69961329943085e-06,False,304,goleiro_time1,0.9972395268037586,9,,,goleiro1,GOL-TIME1,0.8675180342625495,0.8734537325706995,0.0,3
0.0008250746909910735,False,304,time0,0.9176523192548459,1,,,time0,TIME0,0.8631337101846615,0.9551155843029167,0.0,9
0.0006927098196628159,False,304,time1,0.9278850521629277,8,,,time1,TIME1,0.8600796915789604,0.9298301633568702,0.0,6
0.002107639516636751,False,304,time1,0.843295497875122,5,,,time1,TIME1,0.8338704079552924,0.9424887891008202,0.0,10
0.0013288225021790478,False,304,time1,0.8345544291441143,6,,,time1,TIME1,0.8311744014216658,0.9370586904706744,0.0,4
0.00968958053435102,False,304,time0,0.5247148755499389,4,,,time0,TIME0,0.729270060545945,0.9490833585606324,0.0,7
0.0,True,304,excluido,1.0,10,,,excluir,EXCLUÍDO,0.65,0.0,0.0,16
0.0,False,305,time0,0.0,novo,0.06470950130096109,True,time0,TIME0,0.0,,,12
0.0,False,305,time0,1.0,3,,,time0,TIME0,0.8855262161495676,0.9421048645982704,0.0,5
4.704038510135494e-05,False,305,time0,0.9971636220668503,7,,,time0,TIME0,0.8831790362174028,0.936357200709083,0.0,8
0.00014298523709257402,False,305,time0,0.9758005242719883,2,,,time0,TIME0,0.8767680929626647,0.9368105704669119,0.0,2
0.0002701823313105977,False,305,time0,0.9749759658725858,0,,,time0,TIME0,0.8721585547168886,0.9207068509757017,0.0,1
1.729500851015528e-05,False,305,goleiro_time1,0.9980770860199284,9,,,goleiro1,GOL-TIME1,0.8677622162881631,0.8734537325706995,0.0,3
0.0006415606798905286,False,305,time1,0.9386878438292376,8,,,time1,TIME1,0.8632609338290884,0.9298301633568702,0.0,6
0.0008439172525002407,False,305,time0,0.9130267878814516,1,,,time0,TIME0,0.8615908853879795,0.9551155843029167,0.0,9
0.00116693113591353,False,305,time1,0.8427253099054142,6,,,time1,TIME1,0.8357680635610009,0.9370586904706744,0.0,4
0.002179914884971076,False,305,time1,0.8298591771192148,5,,,time1,TIME1,0.832434679802445,0.9424887891008202,0.0,10
0.006574617276619147,False,305,time0,0.5761980923773898,4,,,time0,TIME0,0.7431211655145273,0.9490833585606324,0.0,7
0.0,True,305,excluido,1.0,10,,,excluir,EXCLUÍDO,0.65,0.0,0.0,16
0.0,False,306,time0,0.0,novo,0.0643731888305602,True,time0,TIME0,0.0,,,12
0.0,False,306,time0,1.0,3,,,time0,TIME0,0.8855262161495676,0.9421048645982704,0.0,5
0.00016057444263564341,False,306,time0,0.9905406384040116,7,,,time0,TIME0,0.8806190707247108,0.9347211025058872,0.0,8
8.637477001489871e-05,False,306,time0,0.9886846075194727,2,,,time0,TIME0,0.8804350112396871,0.9358890408256052,0.0,2
0.0002825954776834879,False,306,time0,0.9752697525851419,0,,,time0,TIME0,0.872692111108747,0.9227328341395761,0.0,1
7.730872526527302e-06,False,306,goleiro_time1,0.999105702805254,9,,,goleiro1,GOL-TIME1,0.8680708292612093,0.8734475261445896,0.0,3
0.0008028504109407805,False,306,time0,0.9308787805248255,1,,,time0,TIME0,0.8671444620606945,0.9557735907538094,0.0,9
0.0007906675895427877,False,306,time1,0.9252338260621558,8,,,time1,TIME1,0.8588551433355728,0.9284880736467588,0.0,6
0.000932029492153695,False,306,time1,0.8668077272751064,6,,,time1,TIME1,0.843290986427187,0.9370586904706744,0.0,4
0.002666494150772502,False,306,time0,0.7620555451620072,4,,,time0,TIME0,0.807942677154533,0.9499310989426655,0.0,7
0.0038608906774922004,False,306,time1,0.7088068790150988,5,,,time1,TIME1,0.7933783493263835,0.9417907293063653,0.0,10
0.0,True,306,excluido,1.0,10,,,excluir,EXCLUÍDO,0.65,0.0,0.0,16
0.0,False,307,time0,0.0,novo,0.0643731888305602,True,time0,TIME0,0.0,,,12
0.0,False,307,time0,1.0,3,,,time0,TIME0,0.8855262161495676,0.9421048645982704,0.0,5
1.588855492445469e-05,False,307,time0,0.9981296614596408,7,,,time0,TIME0,0.8829966409817072,0.9347211025058872,0.0,8
0.0001697770034457278,False,307,time0,0.9807087837729054,2,,,time0,TIME0,0.8779682527316878,0.9358890408256052,0.0,2
0.00018276692617095469,False,307,time0,0.9785851645144417,0,,,time0,TIME0,0.8738035776156714,0.9227328341395761,0.0,1
4.741682565297622e-05,False,307,goleiro_time1,0.9941585508966061,9,,,goleiro1,GOL-TIME1,0.8665299416686019,0.8734475261445896,0.0,3
0.0013934345425930749,False,307,time0,0.8759786265831224,1,,,time0,TIME0,0.8500536639897833,0.9557735907538094,0.0,9
0.0011814064010649784,False,307,time1,0.8852832883257092,8,,,time1,TIME1,0.846363560256862,0.9284880736467588,0.0,6
0.0017600927257926222,False,307,time1,0.7499293018412322,6,,,time1,TIME1,0.8070787555076769,0.9370586904706744,0.0,4
0.0012908189827857232,False,307,time0,0.734276649982769,4,,,time0,TIME0,0.8042346718376502,0.9499310989426655,0.0,7
0.0031762311215610354,False,307,time1,0.7399205319215445,5,,,time1,TIME1,0.8040678086090994,0.9417907293063653,0.0,10
0.0,True,307,excluido,1.0,10,,,excluir,EXCLUÍDO,0.65,0.0,0.0,16
0.0,False,308,time0,0.0,novo,0.0643731888305602,True,time0,TIME0,0.0,,,12
0.0,False,308,time0,1.0,3,,,time0,TIME0,0.8855262161495676,0.9421048645982704,0.0,5
5.797766014796871e-05,False,308,time0,0.9960821481934599,7,,,time0,TIME0,0.882404553630326,0.9347211025058872,0.0,8
0.00015077354421455904,False,308,time0,0.9768034127932604,2,,,time0,TIME0,0.8766762018582305,0.9358890408256052,0.0,2
0.00021490809153084726,False,308,time0,0.972706975906908,0,,,time0,TIME0,0.8721361670264421,0.9227328341395761,0.0,1
1.58606996807257e-05,False,308,goleiro_time1,0.9945952410793943,9,,,goleiro1,GOL-TIME1,0.8666956995336893,0.8734475261445896,0.0,3
0.0007482924615400116,False,308,time0,0.9285237996069573,1,,,time0,TIME0,0.8663695055428895,0.9557735907538094,0.0,9
0.0011785297740326804,False,308,time1,0.8804923236459147,8,,,time1,TIME1,0.8451699239847206,0.9284880736467588,0.0,6
0.0017359165176786338,False,308,time0,0.8530455494680578,4,,,time0,TIME0,0.8399682383280647,0.9499310989426655,0.0,7
0.0010627572805271145,False,308,time1,0.8444974460220532,6,,,time1,TIME1,0.836137637471502,0.9370586904706744,0.0,4
0.0040662313790332865,False,308,time1,0.6754045106806387,5,,,time1,TIME1,0.7836015872188139,0.9417907293063653,0.0,10
0.0,True,308,excluido,1.0,10,,,excluir,EXCLUÍDO,0.65,0.0,0.0,16
0.0,False,309,time0,0.0,novo,0.06648898153754335,True,time0,TIME0,0.0,,,12
0.0,False,309,time0,1.0,3,,,time0,TIME0,0.8855262161495676,0.9421048645982704,0.0,5
1.468778623408201e-05,False,309,time0,0.9989884738918016,7,,,time0,TIME0,0.8830219206381866,0.9335529226783921,0.0,8
0.00012146699948185093,False,309,time0,0.9925781808354155,0,,,time0,TIME0,0.8784262821761152,0.9235616551473553,0.0,1
0.00016751937478346666,False,309,time0,0.9794727021357381,2,,,time0,TIME0,0.8774025327835548,0.9349140514953598,0.0,2
5.239459734201301e-05,False,309,goleiro_time1,0.9940214621632214,9,,,goleiro1,GOL-TIME1,0.8665593028634399,0.8737022764089964,0.0,3
0.000877946245570132,False,309,time0,0.9174832444927864,1,,,time0,TIME0,0.8629048412646724,0.9552497467607571,0.0,9
0.0010505747127909884,False,309,time1,0.8813376376315218,8,,,time1,TIME1,0.845116809042608,0.9270374906624773,0.0,6
0.0008678454300410412,False,309,time1,0.8684817338183046,6,,,time1,TIME1,0.8435185500246393,0.9370586904706744,0.0,4
0.0019410526662904722,False,309,time0,0.8516585846484722,4,,,time0,TIME0,0.8412332476045961,0.951086305396506,0.0,7
0.0035974768311350003,False,309,time1,0.7146584301595964,5,,,time1,TIME1,0.796010904651446,0.9408762929043304,0.0,10
0.0,True,309,excluido,1.0,10,,,excluir,EXCLUÍDO,0.65,0.0,0.0,16
0.0,False,310,time0,0.0,novo,0.06648898153754335,True,time0,TIME0,0.0,,,12
0.00016063140240779453,False,310,time0,0.9897559837294994,7,,,time0,TIME0,0.8800671218069439,0.9335529226783921,0.0,8
0.00012852905999658921,False,310,time0,0.9676541526402482,2,,,time0,TIME0,0.8738361394174603,0.9349140514953598,0.0,2
0.0002450804856791003,False,310,time0,0.9771301783307033,0,,,time0,TIME0,0.8736015749126339,0.9235616551473553,0.0,1
5.944557600395305e-05,False,310,goleiro_time1,0.9915361472912997,9,,,goleiro1,GOL-TIME1,0.8657747726147214,0.8737022764089964,0.0,3
0.0007303668369463281,False,310,time1,0.8983958256684316,6,,,time1,TIME1,0.8525328883004809,0.9370586904706744,0.0,4
0.0016443398149831598,False,310,time0,0.8563586306248002,1,,,time0,TIME0,0.8436843030952618,0.9552497467607571,0.0,9
0.0013538256479782406,False,310,time1,0.8485419079975304,8,,,time1,TIME1,0.8348757050247153,0.9270374906624773,0.0,6
0.0019633674021624042,False,310,time0,0.8249813755257404,4,,,time0,TIME0,0.8331330523433912,0.951086305396506,0.0,7
0.005296784868222011,False,310,time1,0.6183862762560409,5,,,time1,TIME1,0.7647608926118239,0.9408762929043304,0.0,10
0.0,True,310,excluido,1.0,10,,,excluir,EXCLUÍDO,0.65,0.0,0.0,16
0.035738789720769215,False,310,time0,0.0,3,,,time0,TIME0,0.5286690506847075,0.9421048645982704,0.0,5
0.0,False,311,time0,0.0,novo,0.06648898153754335,True,time0,TIME0,0.0,,,12
1.7790127936851374e-05,False,311,time0,0.998557438513774,7,,,time0,TIME0,0.8828218278802598,0.9335529226783921,0.0,8
0.00011160798712712227,False,311,time0,0.9863196978507434,2,,,time0,TIME0,0.879491277989144,0.9349140514953598,0.0,2
4.949985885243793e-05,False,311,time0,0.9958449098009691,0,,,time0,TIME0,0.8794521919034881,0.9235616551473553,0.0,1
8.716059545306945e-05,False,311,goleiro_time1,0.98542913168671,9,,,goleiro1,GOL-TIME1,0.8639256000121613,0.8737022764089964,0.0,3
0.0004648675349188398,False,311,time1,0.9253312970862557,6,,,time1,TIME1,0.8611861169850334,0.9370586904706744,0.0,4
0.001340196091490127,False,311,time0,0.8927056339571602,4,,,time0,TIME0,0.8529417573967838,0.951086305396506,0.0,7
0.0009461594727722907,False,311,time1,0.882626564013375,8,,,time1,TIME1,0.845378097653419,0.9270374906624773,0.0,6
0.001399700903881484,False,311,time0,0.856079473657295,3,,,time0,TIME0,0.8174907861376498,0.9421048645982704,0.0,5
0.005230318965421927,False,311,time1,0.6451505653005992,5,,,time1,TIME1,0.7731567991270445,0.9408762929043304,0.0,10
0.0043466982024306005,False,311,time0,0.6152012009314466,1,,,time0,TIME0,0.7675784073902826,0.9552497467607571,0.0,9
0.0,True,311,excluido,1.0,10,,,excluir,EXCLUÍDO,0.65,0.0,0.0,16
0.0,False,312,time0,0.0,novo,0.06211615733710718,True,time0,TIME0,0.0,,,12
2.8266036438897113e-05,False,312,time0,0.9975444441392813,7,,,time0,TIME0,0.8820188404448244,0.9312231786368657,0.0,8
2.5618082408590197e-05,False,312,time0,0.9938429298399878,0,,,time0,TIME0,0.879073727154139,0.9239486180704595,0.0,1
0.00018507330864398156,False,312,time0,0.976169145515873,2,,,time0,TIME0,0.8758344464096934,0.9330855639430766,0.0,2
0.0005075186977648795,False,312,time0,0.9340354447823395,1,,,time0,TIME0,0.8661721543897567,0.9562582151766804,0.0,9
0.0004392969475240022,False,312,time1,0.9319061069098575,6,,,time1,TIME1,0.8641354848094576,0.940119036901778,0.0,4
0.0007010005548440292,False,312,time1,0.9364705333849639,8,,,time1,TIME1,0.8612454115098518,0.9261839195088655,0.0,6
0.0002180527884237967,False,312,goleiro_time1,0.9759366500955049,9,,,goleiro1,GOL-TIME1,0.8610461921760109,0.8744179867019108,0.0,3
0.0009487669138317239,False,312,time0,0.9068003580708427,4,,,time0,TIME0,0.8589714132376333,0.9529083154646152,0.0,7
0.0018890028746945387,False,312,time0,0.8284452349705258,3,,,time0,TIME0,0.8307242395033627,0.940521865341742,0.0,5
0.0033434618671895604,False,312,time1,0.7747779220209027,5,,,time1,TIME1,0.8127591626924473,0.9386104959029304,0.0,10
0.0,True,312,excluido,1.0,10,,,excluir,EXCLUÍDO,0.65,0.0,0.0,16
0.0,False,313,time0,0.0,novo,0.06211615733710718,True,time0,TIME0,0.0,,,12
0.00017949855643493122,False,313,time0,0.990109054235938,7,,,time0,TIME0,0.8795376353894533,0.9312231786368657,0.0,8
0.00014469484197508067,False,313,time0,0.9836013886844196,2,,,time0,TIME0,0.8781460735747231,0.9330855639430766,0.0,2
5.9913391901480066e-05,False,313,time0,0.9816897224583293,0,,,time0,TIME0,0.8754150903461445,0.9239486180704595,0.0,1
0.0001258855735859083,False,313,goleiro_time1,0.9862417488149736,9,,,goleiro1,GOL-TIME1,0.864171693033609,0.8744179867019108,0.0,3
0.0006747833326187859,False,313,time1,0.9423722412858488,8,,,time1,TIME1,0.8635701715737294,0.9261839195088655,0.0,6
0.0012888977478078896,False,313,time0,0.8999217483350715,4,,,time0,TIME0,0.8563319249702347,0.9529083154646152,0.0,7
0.0007078296903497372,False,313,time1,0.9030628357551814,6,,,time1,TIME1,0.85497312139779,0.940119036901778,0.0,4
0.0002724165596656625,False,313,time0,0.8884187321206245,1,,,time0,TIME0,0.8548988334747091,0.9562582151766804,0.0,9
0.0011047538435601362,False,313,time0,0.9036061044130442,3,,,time0,TIME0,0.8535167988053227,0.940521865341742,0.0,5
0.00350636838824532,False,313,time1,0.7732987560097181,5,,,time1,TIME1,0.8126478379183152,0.9386104959029304,0.0,10
0.0,True,313,excluido,1.0,10,,,excluir,EXCLUÍDO,0.65,0.0,0.0,16
0.0,False,314,time0,0.0,novo,0.06211615733710718,True,time0,TIME0,0.0,,,12
0.0,False,314,time0,1.0,1,,,time0,TIME0,0.8888788152307617,0.9562582151766804,0.0,9
0.00032866787958947384,False,314,time0,0.9799232820244208,7,,,time0,TIME0,0.8761397112678841,0.9312231786368657,0.0,8
0.000199384251638229,False,314,time0,0.9841948045630292,0,,,time0,TIME0,0.8759691856179325,0.9239486180704595,0.0,1
0.0005908013676748739,False,314,time0,0.9528603228160166,2,,,time0,TIME0,0.8680984397523082,0.9330855639430766,0.0,2
0.0006838595064038233,False,314,time0,0.9268302945952618,4,,,time0,TIME0,0.8651138542121941,0.9529083154646152,0.0,7
0.0004270551243758319,False,314,time1,0.9343999467227435,6,,,time1,TIME1,0.864379433079765,0.940119036901778,0.0,4
0.0002955445862143745,False,314,goleiro_time1,0.9686032645641693,9,,,goleiro1,GOL-TIME1,0.858727088603128,0.8744179867019108,0.0,3
0.000741234370833486,False,314,time1,0.9130072995562853,8,,,time1,TIME1,0.8546340839094333,0.9261839195088655,0.0,6
0.000584006375056414,False,314,time0,0.8828696088166296,3,,,time0,TIME0,0.8485239540767335,0.940521865341742,0.0,5
0.003837503459248169,False,314,time1,0.7172111286720586,5,,,time1,TIME1,0.7956907493444538,0.9386104959029304,0.0,10
0.0,True,314,excluido,1.0,10,,,excluir,EXCLUÍDO,0.65,0.0,0.0,16
0.0,False,315,time0,0.0,novo,0.06001212568423653,True,time0,TIME0,0.0,,,12
3.43102692014742e-05,False,315,time0,0.9967246303597131,7,,,time0,TIME0,0.8807657655668769,0.9280881932950225,0.0,8
2.7410171788577294e-05,False,315,time0,0.9970200355401934,0,,,time0,TIME0,0.8799772882452637,0.9240834302220822,0.0,1
0.00033878409239386905,False,315,time1,0.9778562119140048,8,,,time1,TIME1,0.8741324521866233,0.9256462551485849,0.0,6
0.0002192979384285091,False,315,time0,0.9718266548292612,2,,,time0,TIME0,0.8738297952463769,0.931731472625147,0.0,2
0.0003327972157501097,False,315,time1,0.9525314927816353,6,,,time1,TIME1,0.8705795399928136,0.9418606562967906,0.0,4
1.5341889821073305e-05,False,315,goleiro_time1,0.9941027872575764,9,,,goleiro1,GOL-TIME1,0.8666754402039506,0.8746781013691095,0.0,3
0.0005802818071363549,False,315,time0,0.9031177929137215,3,,,time0,TIME0,0.855313079033742,0.9407046197475615,0.0,5
0.0005449375265556287,False,315,time0,0.8863187776914652,4,,,time0,TIME0,0.8530135985891887,0.9529459226574903,0.0,7
0.0034422207519767137,False,315,time1,0.722235370990484,5,,,time1,TIME1,0.796056195133813,0.9366933784647486,0.0,10
0.006238154900558143,False,315,time0,0.45643122354279986,1,,,time0,TIME0,0.7163191281208622,0.957256393599277,0.0,9
0.0,True,315,excluido,1.0,10,,,excluir,EXCLUÍDO,0.65,0.0,0.0,16
0.0,False,316,time0,0.0,novo,0.06001212568423653,True,time0,TIME0,0.0,,,12
0.00011399787508664278,False,316,time0,0.9907450183137083,0,,,time0,TIME0,0.878071790413389,0.9240834302220822,0.0,1
0.00024569777183153734,False,316,time0,0.9859251416294225,7,,,time0,TIME0,0.8774262065117262,0.9280881932950225,0.0,8
0.00027341281664684043,False,316,time0,0.9663044965739612,2,,,time0,TIME0,0.8725385003389285,0.931731472625147,0.0,2
0.00034113013489974305,False,316,time1,0.9533827794570642,6,,,time1,TIME1,0.8710056271432594,0.9418606562967906,0.0,4
2.000767802418543e-05,False,316,goleiro_time1,0.9947724091800463,9,,,goleiro1,GOL-TIME1,0.8670601171366505,0.8746781013691095,0.0,3
0.0005699030289338141,False,316,time1,0.9465350300635622,8,,,time1,TIME1,0.8646564458048999,0.9256462551485849,0.0,6
0.0016606170940351272,False,316,time0,0.8918861649014552,4,,,time0,TIME0,0.8529752776708366,0.9529459226574903,0.0,7
0.0023677654993434776,False,316,time0,0.8533178205137583,3,,,time0,TIME0,0.8373122597045343,0.9407046197475615,0.0,5
0.0036609113731641443,False,316,time1,0.6853049777059957,5,,,time1,TIME1,0.7858456835917795,0.9366933784647486,0.0,10
0.0052125666933478965,False,316,time0,0.6459640574550641,1,,,time0,TIME0,0.7708238075588553,0.957256393599277,0.0,9
0.0,True,316,excluido,1.0,10,,,excluir,EXCLUÍDO,0.65,0.0,0.0,16
0.0,False,317,time0,0.0,novo,0.06001212568423653,True,time0,TIME0,0.0,,,12
1.919550663039213e-05,False,317,time0,0.9980980533045508,7,,,time0,TIME0,0.8812793495154859,0.9280881932950225,0.0,8
0.00010640552175662721,False,317,time0,0.9902549414086754,0,,,time0,TIME0,0.8779766245174985,0.9240834302220822,0.0,1
0.00026311130384887413,False,317,time1,0.9656174765406746,6,,,time1,TIME1,0.8748463658678232,0.9418606562967906,0.0,4
0.0002027506870518905,False,317,time1,0.9740486301146839,8,,,time1,TIME1,0.8731610302596039,0.9256462551485849,0.0,6
0.00019447829162363436,False,317,time0,0.9646329948601695,2,,,time0,TIME0,0.8720237746082762,0.931731472625147,0.0,2
2.0384464190099986e-05,False,317,goleiro_time1,0.9967583259213643,9,,,goleiro1,GOL-TIME1,0.8676518731296217,0.8746781013691095,0.0,3
0.0003512537546306438,False,317,time0,0.8996578202129986,4,,,time0,TIME0,0.8565844687636579,0.9529459226574903,0.0,7
0.0014459470134337363,False,317,time0,0.8661948335894035,3,,,time0,TIME0,0.8428347846917258,0.9407046197475615,0.0,5
0.0015999414799321662,False,317,time0,0.7910617708823263,1,,,time0,TIME0,0.8226521760473064,0.957256393599277,0.0,9
0.0034583366006167597,False,317,time1,0.6944415305021497,5,,,time1,TIME1,0.7888699069381089,0.9366933784647486,0.0,10
0.0,True,317,excluido,1.0,10,,,excluir,EXCLUÍDO,0.65,0.0,0.0,16
0.0,False,318,time0,0.0,novo,0.060807133300158966,True,time0,TIME0,0.0,,,12
6.034028579837347e-05,False,318,time0,0.9952574501294388,7,,,time0,TIME0,0.8797005313631345,0.9248424382344894,0.0,8
0.0002407529381358821,False,318,time0,0.9764929053100424,2,,,time0,TIME0,0.8753894322395571,0.9309791192146591,0.0,2
0.0002196462161713881,False,318,time0,0.9787287338128589,0,,,time0,TIME0,0.8745086339025505,0.9246677417076097,0.0,1
0.00033762858649282265,False,318,time1,0.9570792258393932,6,,,time1,TIME1,0.8723821174201899,0.942536596473802,0.0,4
4.401621881510672e-05,False,318,goleiro_time1,0.9959007169537217,9,,,goleiro1,GOL-TIME1,0.8673582187826938,0.874581243822318,0.0,3
0.0009573556002414774,False,318,time0,0.9109366675718231,1,,,time0,TIME0,0.8609349156813821,0.9578132118582701,0.0,9
0.0011797991994780292,False,318,time0,0.9127107578177975,4,,,time0,TIME0,0.8600590228884275,0.9523628201032148,0.0,7
0.0011204917360189079,False,318,time1,0.8747819610348666,8,,,time1,TIME1,0.8419610685521636,0.9247644930342731,0.0,6
0.0019248631542443577,False,318,time0,0.8212429380813836,3,,,time0,TIME0,0.8293853632080073,0.9404010641870226,0.0,5
0.005309673732059574,False,318,time1,0.5835243886788687,5,,,time1,TIME1,0.7530994123005675,0.9365269177013884,0.0,10
0.0,True,318,excluido,1.0,10,,,excluir,EXCLUÍDO,0.65,0.0,0.0,16
0.0,False,319,time0,0.0,novo,0.060807133300158966,True,time0,TIME0,0.0,,,12
8.610703625622047e-05,False,319,time1,0.9890558659005756,6,,,time1,TIME1,0.8820625095859229,0.942536596473802,0.0,4
5.557255881799724e-05,False,319,time0,0.994016426443146,7,,,time0,TIME0,0.8792946685604679,0.9248424382344894,0.0,8
7.162382514679989e-05,False,319,time0,0.9887442061211241,2,,,time0,TIME0,0.8791746604866839,0.9309791192146591,0.0,2
0.00027027453739911667,False,319,time0,0.9781215342185984,0,,,time0,TIME0,0.8743183021097862,0.9246677417076097,0.0,1
8.222275014183976e-05,False,319,goleiro_time1,0.9875361869877959,9,,,goleiro1,GOL-TIME1,0.8647715908201404,0.874581243822318,0.0,3
0.0005018775622453328,False,319,time1,0.9405335822744864,8,,,time1,TIME1,0.8624686775907725,0.9247644930342731,0.0,6
0.00147795264725829,False,319,time0,0.902763119848947,1,,,time0,TIME0,0.8584761581617959,0.9578132118582701,0.0,9
0.0013630448363236825,False,319,time0,0.9054721068773484,4,,,time0,TIME0,0.858248737550412,0.9523628201032148,0.0,7
0.0024577142001789387,False,319,time0,0.769116719531018,3,,,time0,TIME0,0.8129253580410811,0.9404010641870226,0.0,5
0.005944302441923665,False,319,time1,0.6002703844352477,5,,,time1,TIME1,0.7583025021980451,0.9365269177013884,0.0,10
0.0,True,319,excluido,1.0,10,,,excluir,EXCLUÍDO,0.65,0.0,0.0,16
0.0,False,320,time0,0.0,novo,0.060807133300158966,True,time0,TIME0,0.0,,,12
5.212967923005434e-05,False,320,time1,0.9837339745862812,6,,,time1,TIME1,0.8806284854095174,0.942536596473802,0.0,4
4.231731529259842e-05,False,320,time0,0.987968908951099,0,,,time0,TIME0,0.8773238365441947,0.9246677417076097,0.0,1
0.00015435197753325413,False,320,time0,0.9861546662173871,7,,,time0,TIME0,0.8767953687875003,0.9248424382344894,0.0,8
0.0001517817994020284,False,320,time0,0.9708040131748978,2,,,time0,TIME0,0.8737910453553217,0.9309791192146591,0.0,2
0.0003242626607826944,False,320,time1,0.9614046301491712,8,,,time1,TIME1,0.8691937010679668,0.9247644930342731,0.0,6
9.602565914960648e-05,False,320,goleiro_time1,0.98626969389391,9,,,goleiro1,GOL-TIME1,0.8643546952207883,0.874581243822318,0.0,3
0.0008397951457028037,False,320,time0,0.9108922642678969,1,,,time0,TIME0,0.8614458996326384,0.9578132118582701,0.0,9
0.0011868111237248286,False,320,time0,0.9137192987612593,4,,,time0,TIME0,0.8609961803132176,0.9523628201032148,0.0,7
0.0022253921961379545,False,320,time0,0.8069226347610264,3,,,time0,TIME0,0.8249813514824915,0.9404010641870226,0.0,5
0.0033916633038745207,False,320,time1,0.7681128045275338,5,,,time1,TIME1,0.8093761483834518,0.9365269177013884,0.0,10
0.0,True,320,excluido,1.0,10,,,excluir,EXCLUÍDO,0.65,0.0,0.0,16
0.0,False,321,time0,0.0,novo,0.06230224620848068,True,time0,TIME0,0.0,,,12
0.00012116573796595126,False,321,time1,0.9855138534065756,6,,,time1,TIME1,0.8814330247115347,0.9438242722712367,0.0,4
4.04800455633917e-05,False,321,time0,0.9950014763985345,7,,,time0,TIME0,0.8789652807314423,0.9224552938293036,0.0,8
0.00014283485365494417,False,321,time0,0.9744864387939702,2,,,time0,TIME0,0.8745609107187258,0.9294382671306213,0.0,2
0.00011644964385852697,False,321,time0,0.9748959070656478,0,,,time0,TIME0,0.8736503848290806,0.925427544184206,0.0,1
6.094145173918635e-05,False,321,goleiro_time1,0.9927935714045937,9,,,goleiro1,GOL-TIME1,0.8662447972268619,0.8741727358935456,0.0,3
0.0008984659686090643,False,321,time0,0.9158677235354082,1,,,time0,TIME0,0.8631627903140469,0.9575179934575615,0.0,9
0.0007938382106785064,False,321,time1,0.9045874877325419,8,,,time1,TIME1,0.8516082064590556,0.925097233431694,0.0,6
0.001608639038015076,False,321,time0,0.8791330414771646,4,,,time0,TIME0,0.8497954072034264,0.9513994772894803,0.0,7
0.00232463121210626,False,321,time0,0.8130160752672932,3,,,time0,TIME0,0.8269971589936296,0.9413582454247893,0.0,5
0.0059915062772195535,False,321,time1,0.6637229073457641,5,,,time1,TIME1,0.7759547837110167,0.9363697957598793,0.0,10
0.0,True,321,excluido,1.0,10,,,excluir,EXCLUÍDO,0.65,0.0,0.0,16
0.0,False,322,time0,0.0,novo,0.06230224620848068,True,time0,TIME0,0.0,,,12
0.00022438454374142225,False,322,time0,0.9887122315081663,7,,,time0,TIME0,0.8768914578945801,0.9224552938293036,0.0,8
9.20920738514468e-05,False,322,time1,0.9627479730907403,6,,,time1,TIME1,0.8746761067178326,0.9438242722712367,0.0,4
0.00021778679859045153,False,322,time0,0.9776734318136688,0,,,time0,TIME0,0.8742660395079114,0.925427544184206,0.0,1
0.0003995072427306361,False,322,time1,0.9489290832693023,8,,,time1,TIME1,0.8653196941835176,0.925097233431694,0.0,6
0.0004276049111055595,False,322,time0,0.9438369816232735,2,,,time0,TIME0,0.8649048710499357,0.9294382671306213,0.0,2
0.00014319194614768847,False,322,goleiro_time1,0.9867944312727001,9,,,goleiro1,GOL-TIME1,0.8643610988341273,0.8741727358935456,0.0,3
0.0014333289590049846,False,322,time0,0.8683544669209489,1,,,time0,TIME0,0.8481248127926573,0.9575179934575615,0.0,9
0.0017325555994105715,False,322,time0,0.8630177520244233,3,,,time0,TIME0,0.8422229954288072,0.9413582454247893,0.0,5
0.0022719231172340557,False,322,time0,0.8452580897512286,4,,,time0,TIME0,0.8384452270968415,0.9513994772894803,0.0,7
0.004551846932671024,False,322,time1,0.7393708094393892,5,,,time1,TIME1,0.8007839069102143,0.9363697957598793,0.0,10
0.0,True,322,excluido,1.0,10,,,excluir,EXCLUÍDO,0.65,0.0,0.0,16
0.0,False,323,time0,0.0,novo,0.06230224620848068,True,time0,TIME0,0.0,,,12
8.097054833723511e-05,False,323,time1,0.9898643846296086,6,,,time1,TIME1,0.8828185695982036,0.9438242722712367,0.0,4
8.047870431939184e-05,False,323,time0,0.9952667725123672,0,,,time0,TIME0,0.8797412655252761,0.925427544184206,0.0,1
0.00015246723181493483,False,323,time0,0.992590959697482,7,,,time0,TIME0,0.8779956798139747,0.9224552938293036,0.0,8
0.00023567308022862124,False,323,time1,0.9675102794206473,8,,,time1,TIME1,0.8711969813973016,0.925097233431694,0.0,6
0.0003121963970124168,False,323,time0,0.9556047585481215,2,,,time0,TIME0,0.8684380946504807,0.9294382671306213,0.0,2
4.244889604436456e-05,False,323,goleiro_time1,0.9956886970550359,9,,,goleiro1,GOL-TIME1,0.8670864703028003,0.8741727358935456,0.0,3
0.0012559032385624767,False,323,time0,0.8873993558697667,1,,,time0,TIME0,0.854324762729205,0.9575179934575615,0.0,9
0.0016906749091182248,False,323,time0,0.8815930934545845,4,,,time0,TIME0,0.8503017059790927,0.9513994772894803,0.0,7
0.002017643939088337,False,323,time0,0.8438136821812691,3,,,time0,TIME0,0.8364547646915979,0.9413582454247893,0.0,5
0.004016199518318745,False,323,time1,0.727146271010353,5,,,time1,TIME1,0.797941367918763,0.9363697957598793,0.0,10
0.0,False,324,time0,0.0,novo,0.06249332636137739,True,time0,TIME0,0.0,,,12
2.5601551581819442e-05,False,324,time0,0.9940875243611871,0,,,time0,TIME0,0.879581834849884,0.9257875867937906,0.0,1
3.442966150054891e-05,False,324,time0,0.9971604020150938,7,,,time0,TIME0,0.8790188482742793,0.9199554386685465,0.0,8
0.00021043263375319877,False,324,time1,0.973597714915612,6,,,time1,TIME1,0.8777597110643252,0.9439894508264379,0.0,4
0.0003047772186387475,False,324,time0,0.9644943342972306,2,,,time0,TIME0,0.870953815870884,0.9282760392066598,0.0,2
0.00040061863683307607,False,324,time1,0.9621251815193552,8,,,time1,TIME1,0.8690075674144511,0.9243209882271584,0.0,6
0.0009102787988083948,False,324,time0,0.9194889325202268,1,,,time0,TIME0,0.8642499019907889,0.9583919043796483,0.0,9
0.00017073387942211185,False,324,goleiro_time1,0.9809168779024938,9,,,goleiro1,GOL-TIME1,0.8624517252451713,0.8739082700715585,0.0,3
0.0012500386776708049,False,324,time0,0.902910958342917,3,,,time0,TIME0,0.8543516706414858,0.9417760531136637,0.0,5
0.002124219870886964,False,324,time0,0.8347060273726427,4,,,time0,TIME0,0.8360372602430994,0.9524669936520543,0.0,7
0.002807205461427884,False,324,time1,0.7966420390068233,5,,,time1,TIME1,0.8190510339257913,0.9355372705452966,0.0,10
0.0,False,325,time0,0.0,novo,0.06249332636137739,True,time0,TIME0,0.0,,,12
0.0,False,325,time0,1.0,4,,,time0,TIME0,0.8866684166828633,0.9524669936520543,0.0,7
0.00020658823596734517,False,325,time0,0.9804694056080266,0,,,time0,TIME0,0.8752748391485818,0.9257875867937906,0.0,1
0.00026898339849798476,False,325,time0,0.9702021570856606,2,,,time0,TIME0,0.8728213644853486,0.9282760392066598,0.0,2
0.0004500647922975757,False,325,time1,0.9507266192386512,6,,,time1,TIME1,0.8706328059189061,0.9439894508264379,0.0,4
0.0006786796296225513,False,325,time0,0.955577897360226,7,,,time0,TIME0,0.8655705425702886,0.9199554386685465,0.0,8
0.0002706394553604464,False,325,time1,0.9487770283437998,8,,,time1,TIME1,0.8652700367689199,0.9243209882271584,0.0,6
0.0008985319206943873,False,325,time0,0.9198808672101692,1,,,time0,TIME0,0.8646134534729693,0.9583919043796483,0.0,9
0.0009626014291080724,False,325,goleiro_time1,0.9255337507278981,9,,,goleiro1,GOL-TIME1,0.8447167470812847,0.8739082700715585,0.0,3
0.001991187818117104,False,325,time0,0.85414913027607,3,,,time0,TIME0,0.8393507703070775,0.9417760531136637,0.0,5
0.0024442835145942607,False,325,time1,0.7959253620616233,5,,,time1,TIME1,0.8199944613723592,0.9355372705452966,0.0,10
0.0,False,326,time0,0.0,novo,0.06249332636137739,True,time0,TIME0,0.0,,,12
0.0,False,326,time0,1.0,4,,,time0,TIME0,0.8881167484130136,0.9524669936520543,0.0,7
0.00010911931055364385,False,326,time0,0.9892840098591251,0,,,time0,TIME0,0.878004295394202,0.9257875867937906,0.0,1
0.00028239308088010614,False,326,time1,0.9717317180289645,6,,,time1,TIME1,0.8771428265655501,0.9439894508264379,0.0,4
0.000566971966064938,False,326,time1,0.9506189070696098,8,,,time1,TIME1,0.8655321596478502,0.9243209882271584,0.0,6
8.070436825748996e-05,False,326,goleiro_time1,0.9890064170605671,9,,,goleiro1,GOL-TIME1,0.8643945495685865,0.8739082700715585,0.0,3
0.00017250357680082245,False,326,time0,0.933119674362991,2,,,time0,TIME0,0.8616085244026204,0.9282760392066598,0.0,2
0.0010662476678119034,False,326,time0,0.8980617524464694,1,,,time0,TIME0,0.8579136848008743,0.9583919043796483,0.0,9
0.0013995324724020437,False,326,time0,0.8756624024996895,3,,,time0,TIME0,0.8464668177823114,0.9417760531136637,0.0,5
0.0036447987713959912,False,326,time1,0.7132557263571321,5,,,time1,TIME1,0.7937011821768802,0.9355372705452966,0.0,10
0.016449282902207853,False,326,time0,0.5060462987387843,7,,,time0,TIME0,0.7052156982084609,0.9199554386685465,0.0,8
0.0,False,327,time0,0.0,novo,0.06141957349125238,True,time0,TIME0,0.0,,,12
0.0,False,327,time0,1.0,4,,,time0,TIME0,0.8882630777847054,0.9530523111388213,0.0,7
9.86646240375148e-05,False,327,time1,0.9825791157448731,6,,,time1,TIME1,0.8805300759361236,0.9438859924060659,0.0,4
2.062758482078206e-05,False,327,time0,0.9964253833605397,0,,,time0,TIME0,0.8802778447818902,0.9258207809487151,0.0,1
0.00017103250285459862,False,327,time0,0.9879890215288845,7,,,time0,TIME0,0.8651435701349177,0.9206364186725535,0.0,8
9.657086094109476e-05,False,327,goleiro_time1,0.9888607876050316,9,,,goleiro1,GOL-TIME1,0.8651369060472637,0.8745597115921218,0.0,3
0.0007173156802464974,False,327,time0,0.9168107519111068,1,,,time0,TIME0,0.8638251849644407,0.9589885770779023,0.0,9
0.0007604715794747517,False,327,time1,0.9421738588444466,8,,,time1,TIME1,0.8624767505862598,0.9226208682980315,0.0,6
0.0009674566187000617,False,327,time0,0.91615510681853,3,,,time0,TIME0,0.8592165192573116,0.9422291645990073,0.0,5
0.0005852095947545729,False,327,time0,0.9148709355871631,2,,,time0,TIME0,0.8553696311801788,0.9271003942514308,0.0,2
0.006498880742847069,False,327,time1,0.5901409072256414,5,,,time1,TIME1,0.752331557529998,0.9341871246148783,0.0,10
0.0,False,328,time0,0.0,novo,0.06141957349125238,True,time0,TIME0,0.0,,,12
3.332749117773418e-05,False,328,time0,0.9901157300104322,0,,,time0,TIME0,0.8784229764566793,0.9258207809487151,0.0,1
4.028376201099566e-05,False,328,time1,0.9653114765983286,6,,,time1,TIME1,0.8754668839140209,0.9438859924060659,0.0,4
0.000205877893959136,False,328,time0,0.9689632746297439,2,,,time0,TIME0,0.8720174242473284,0.9271003942514308,0.0,2
0.00022801358260250945,False,328,goleiro_time1,0.9823335849080876,9,,,goleiro1,GOL-TIME1,0.8629722088604992,0.8745597115921218,0.0,3
0.0007356335675507332,False,328,time1,0.9305869859490329,8,,,time1,TIME1,0.8590425439575718,0.9226208682980315,0.0,6
0.0010351657690408588,False,328,time0,0.8977073176954826,3,,,time0,TIME0,0.8535986019845814,0.9422291645990073,0.0,5
0.0011655349809996144,False,328,time0,0.8696107694721915,1,,,time0,TIME0,0.8490866624144209,0.9589885770779023,0.0,9
0.0057682359432272914,False,328,time1,0.6492977062771013,5,,,time1,TIME1,0.7721585944121365,0.9341871246148783,0.0,10
0.005143601510908308,False,328,time0,0.6084314149555639,4,,,time0,TIME0,0.7626094998676568,0.9530523111388213,0.0,7
0.016213548638737002,False,328,time0,0.5014771101475811,7,,,time0,TIME0,0.7048457770481855,0.9206364186725535,0.0,8
0.0,False,329,time0,0.0,novo,0.06141957349125238,True,time0,TIME0,0.0,,,12
8.766794296712364e-06,False,329,time0,0.9987336359852532,0,,,time0,TIME0,0.8810397816658817,0.9258207809487151,0.0,1
0.0002640035848309216,False,329,time0,0.9589577673461624,1,,,time0,TIME0,0.8765633736114555,0.9589885770779023,0.0,9
0.00012015519982168224,False,329,time1,0.9529010168665527,6,,,time1,TIME1,0.8716620177653616,0.9438859924060659,0.0,4
0.00023021942619469866,False,329,time1,0.9700056953279721,8,,,time1,TIME1,0.8711008434246049,0.9226208682980315,0.0,6
0.0002409942720357911,False,329,time0,0.9623303925870821,2,,,time0,TIME0,0.8701643907142018,0.9271003942514308,0.0,2
5.346296087955301e-05,False,329,time0,0.9943477257165063,7,,,time0,TIME0,0.8673951283477392,0.9206364186725535,0.0,8
0.0001314640419413047,False,329,goleiro_time1,0.9879712802755707,9,,,goleiro1,GOL-TIME1,0.8646717128071564,0.8745597115921218,0.0,3
0.0017248820235508618,False,329,time0,0.8901092966277196,4,,,time0,TIME0,0.8500325905820363,0.9530523111388213,0.0,7
0.0020182811376973043,False,329,time0,0.8107279219487044,3,,,time0,TIME0,0.8262227304006478,0.9422291645990073,0.0,5
0.004662575004832096,False,329,time1,0.7219915308395753,5,,,time1,TIME1,0.7948526724303357,0.9341871246148783,0.0,10
0.0,False,330,time0,0.0,novo,0.06371988663399597,True,time0,TIME0,0.0,,,12
1.4040645665329634e-05,False,330,time0,0.9988149058244573,0,,,time0,TIME0,0.8810077960406401,0.9255626714629441,0.0,1
5.184228350593917e-05,False,330,time0,0.9937877822089166,7,,,time0,TIME0,0.8779387206880843,0.9196239103307433,0.0,8
0.0003588033659361327,False,330,time0,0.9507627897873545,4,,,time0,TIME0,0.8723147462622016,0.9545744308633768,0.0,7
0.0005665205494070884,False,330,time0,0.9411584008034624,1,,,time0,TIME0,0.8713336969889589,0.9590242287425443,0.0,9
0.0002691754458972081,False,330,time1,0.9707936226093788,8,,,time1,TIME1,0.8712760003512043,0.9212512775660449,0.0,6
0.0006749435454537475,False,330,time1,0.9446180893308476,6,,,time1,TIME1,0.867968487499842,0.9424912380308395,0.0,4
0.00018677400999496957,False,330,goleiro_time1,0.986003520731356,9,,,goleiro1,GOL-TIME1,0.8643198081967336,0.8756179473985294,0.0,3
0.0008114987078891914,False,330,time0,0.8645131231362309,2,,,time0,TIME0,0.8399285675179671,0.9271003942514308,0.0,2
0.002282562913497356,False,330,time0,0.806772966610673,3,,,time0,TIME0,0.8255168626444502,0.9431108713828488,0.0,5
0.0028921827955364406,False,330,time1,0.8075926106560158,5,,,time1,TIME1,0.8221278912390537,0.934811535457897,0.0,10
0.0,False,331,time0,0.0,novo,0.06371988663399597,True,time0,TIME0,0.0,,,12
8.745760179115644e-05,False,331,time0,0.993641155783652,7,,,time0,TIME0,0.8778515303555442,0.9196239103307433,0.0,8
0.0003530539675319096,False,331,time0,0.9613645158941035,4,,,time0,TIME0,0.876485794376278,0.9545744308633768,0.0,7
0.0007037301087260568,False,331,time0,0.9332532153477199,1,,,time0,TIME0,0.8689882662617195,0.9590242287425443,0.0,9
0.0002159919633207582,False,331,time0,0.9556890974970396,2,,,time0,TIME0,0.8678600773144507,0.9271003942514308,0.0,2
0.0006472926263583278,False,331,time1,0.9428529112698169,6,,,time1,TIME1,0.8678547471078469,0.9424912380308395,0.0,4
0.00035238145919110785,False,331,time1,0.9595874116545996,8,,,time1,TIME1,0.8677997137393536,0.9212512775660449,0.0,6
0.00034110705166988,False,331,time0,0.9508053209148389,0,,,time0,TIME0,0.8660906595737504,0.9255626714629441,0.0,1
0.0007452622676136577,False,331,goleiro_time1,0.9256024146979382,9,,,goleiro1,GOL-TIME1,0.8452730522291607,0.8756179473985294,0.0,3
0.0027076872144767956,False,331,time0,0.7875369890335441,3,,,time0,TIME0,0.8189240122903122,0.9431108713828488,0.0,5
0.006175321435688158,False,331,time1,0.6561340787825528,5,,,time1,TIME1,0.7726530123270251,0.934811535457897,0.0,10
0.0,False,332,time0,0.0,novo,0.06371988663399597,True,time0,TIME0,0.0,,,12
0.00019149994618281898,False,332,time0,0.9773745961452522,4,,,time0,TIME0,0.881508605476649,0.9545744308633768,0.0,7
2.088417965274203e-05,False,332,time0,0.9968821406626623,0,,,time0,TIME0,0.8801919813790959,0.9255626714629441,0.0,1
9.515135011080955e-05,False,332,time0,0.9921018192433185,7,,,time0,TIME0,0.8773434153010704,0.9196239103307433,0.0,8
0.00012500923525217832,False,332,time1,0.973915287503626,6,,,time1,TIME1,0.8771746404605046,0.9424912380308395,0.0,4
0.0005167899375253532,False,332,time1,0.9623003747888444,8,,,time1,TIME1,0.8683161115793006,0.9212512775660449,0.0,6
0.0001998740600195926,False,332,time0,0.9494731109495922,2,,,time0,TIME0,0.8663822702129311,0.9271003942514308,0.0,2
6.289523787605489e-05,False,332,goleiro_time1,0.9876671315574868,9,,,goleiro1,GOL-TIME1,0.8646456338232832,0.8756179473985294,0.0,3
0.0009824499628479093,False,332,time0,0.8957198002695645,1,,,time0,TIME0,0.8573135507268547,0.9590242287425443,0.0,9
0.001101299983584142,False,332,time0,0.9082268920363917,3,,,time0,TIME0,0.8561420623961972,0.9431108713828488,0.0,5
0.00198320294841467,False,332,time1,0.7705517192076646,5,,,time1,TIME1,0.810048459717937,0.934811535457897,0.0,10
0.0,False,333,time0,0.0,novo,0.06625246602605539,True,time0,TIME0,0.0,,,12
0.00017284760570743544,False,333,time0,0.9802615166659608,4,,,time0,TIME0,0.8827457635876436,0.9557346592623568,0.0,7
1.5725402782613475e-05,False,333,time0,0.9961043365354618,0,,,time0,TIME0,0.8801764767158489,0.9255236006604202,0.0,1
4.784848522218888e-05,False,333,time0,0.9908264851065189,2,,,time0,TIME0,0.8788495485675181,0.9271003942514308,0.0,2
6.786932512647892e-05,False,333,time0,0.994503331968373,7,,,time0,TIME0,0.8772490334658289,0.9162718930024247,0.0,8
0.00032182930786232736,False,333,time1,0.9617785581182203,6,,,time1,TIME1,0.8735137820988212,0.9420824441763467,0.0,4
0.0006338253120001088,False,333,time0,0.9390192915328117,1,,,time0,TIME0,0.8708204907275308,0.959910145190942,0.0,9
0.00030554895950177377,False,333,time1,0.9625354525045806,8,,,time1,TIME1,0.8684165224912905,0.9208354208554099,0.0,6
5.546213980745447e-05,False,333,goleiro_time1,0.9922080156650676,9,,,goleiro1,GOL-TIME1,0.8667267252975077,0.8764879592254019,0.0,3
0.000972133636196932,False,333,time0,0.9286535116665581,3,,,time0,TIME0,0.863036554525823,0.9430650731999519,0.0,5
0.005380638987585144,False,333,time1,0.663679817683515,5,,,time1,TIME1,0.775424287465843,0.9345499968302049,0.0,10
0.0,False,334,time0,0.0,novo,0.06625246602605539,True,time0,TIME0,0.0,,,12
0.00011937997110798984,False,334,time0,0.9819166358282436,4,,,time0,TIME0,0.8833102523295157,0.9557346592623568,0.0,7
0.0,False,334,time0,1.0,2,,,time0,TIME0,0.8817424745956608,0.9271003942514308,0.0,2
2.198066636435764e-05,False,334,time0,0.9993246252400421,0,,,time0,TIME0,0.8811481305854534,0.9255236006604202,0.0,1
1.915969116021105e-05,False,334,time0,0.998194219199066,7,,,time0,TIME0,0.8784634821925599,0.9162718930024247,0.0,8
5.525805615265964e-05,False,334,time1,0.9920113431960486,8,,,time1,TIME1,0.8775526235837283,0.9208354208554099,0.0,6
0.0003038576182736643,False,334,time1,0.9649550585551357,6,,,time1,TIME1,0.8744168228567315,0.9420824441763467,0.0,4
0.0008350177288391224,False,334,time0,0.9430105333051878,1,,,time0,TIME0,0.8719134345025066,0.959910145190942,0.0,9
6.57891583061101e-05,False,334,goleiro_time1,0.9868464320278637,9,,,goleiro1,GOL-TIME1,0.8650455095257644,0.8764879592254019,0.0,3
0.0015210127637657058,False,334,time0,0.8846437472786074,3,,,time0,TIME0,0.8493830504783837,0.9430650731999519,0.0,5
0.00908160133726528,False,334,time1,0.5670033246465856,5,,,time1,TIME1,0.7429525976521376,0.9345499968302049,0.0,10
0.0,False,335,time0,0.0,novo,0.06625246602605539,True,time0,TIME0,0.0,,,12
4.8305076582117654e-05,False,335,time0,0.9948883385456909,0,,,time0,TIME0,0.8797650423385175,0.9255236006604202,0.0,1
1.661084916274201e-05,False,335,time0,0.9987370328630817,7,,,time0,TIME0,0.8786497627969416,0.9162718930024247,0.0,8
0.0001639813624832186,False,335,time0,0.9657618802293169,4,,,time0,TIME0,0.8784559098848339,0.9557346592623568,0.0,7
0.00022079236194955598,False,335,time1,0.9680272854980282,6,,,time1,TIME1,0.8754389620754235,0.9420824441763467,0.0,4
0.0010537326001010025,False,335,time0,0.9263376862254906,1,,,time0,TIME0,0.866769072715313,0.959910145190942,0.0,9
8.941310648717138e-05,False,335,goleiro_time1,0.9879984945199909,9,,,goleiro1,GOL-TIME1,0.8653521435979803,0.8764879592254019,0.0,3
0.00040139519727156825,False,335,time0,0.931394593667416,2,,,time0,TIME0,0.8605548933946959,0.9271003942514308,0.0,2
0.0005754121080855946,False,335,time1,0.9360140489502525,8,,,time1,TIME1,0.8600945246519094,0.9208354208554099,0.0,6
0.0016294483414409497,False,335,time0,0.8899068888614187,3,,,time0,TIME0,0.8510187789612345,0.9430650731999519,0.0,5
0.0057962069328660205,False,335,time1,0.7267677540517566,5,,,time1,TIME1,0.7941272603454379,0.9345499968302049,0.0,10
0.0,False,336,time0,0.0,novo,0.0674551466624157,True,time0,TIME0,0.0,,,12
0.00018780579232056862,False,336,time0,0.9781373572845846,4,,,time0,TIME0,0.8824253428688797,0.9566847916761172,0.0,7
1.3616321680222495e-05,False,336,time0,0.9985395071386441,0,,,time0,TIME0,0.8807744593435031,0.9250637209358716,0.0,1
5.143488352349606e-05,False,336,time0,0.9969373711357171,7,,,time0,TIME0,0.8768568266319816,0.9114049044887195,0.0,8
0.0003935055776000524,False,336,time1,0.9533032292474738,6,,,time1,TIME1,0.8708863770681702,0.9415633419957761,0.0,4
0.000623120730496072,False,336,time0,0.9390817961188347,1,,,time0,TIME0,0.8706099075219778,0.9594518022942418,0.0,9
4.29022690693605e-05,False,336,goleiro_time1,0.99540181110699,9,,,goleiro1,GOL-TIME1,0.8677476068572401,0.8770187459437102,0.0,3
0.0003663538396919681,False,336,time1,0.9592753150517224,8,,,time1,TIME1,0.8667852961270687,0.9185192183741137,0.0,6
0.0002788804728158008,False,336,time0,0.9477958937405981,2,,,time0,TIME0,0.8657166487216282,0.9271003942514308,0.0,2
0.0011309292115773862,False,336,time0,0.8929061464451482,3,,,time0,TIME0,0.8517147445025466,0.942550813110943,0.0,5
0.00445894418720157,False,336,time1,0.7845854615714237,5,,,time1,TIME1,0.8138247124693982,0.9337136339910729,0.0,10
0.0,False,337,time0,0.0,novo,0.0674551466624157,True,time0,TIME0,0.0,,,12
4.36285442135672e-05,False,337,time0,0.9915581131524981,0,,,time0,TIME0,0.8786552783851045,0.9250637209358716,0.0,1
0.00012168393111019041,False,337,time0,0.964194557466735,4,,,time0,TIME0,0.8782737554386544,0.9566847916761172,0.0,7
0.00018289943913008067,False,337,time1,0.9772642910443267,6,,,time1,TIME1,0.8781217969031714,0.9415633419957761,0.0,4
2.3316674878922554e-05,False,337,time0,0.9982433504217023,7,,,time0,TIME0,0.8772520684197495,0.9114049044887195,0.0,8
3.769564364425274e-05,False,337,goleiro_time1,0.9945914143255057,9,,,goleiro1,GOL-TIME1,0.8675491486580991,0.8770187459437102,0.0,3
0.0007662745512652064,False,337,time0,0.9245349406712633,1,,,time0,TIME0,0.8663201266392859,0.9594518022942418,0.0,9
0.000515938394639086,False,337,time1,0.9472478917954263,8,,,time1,TIME1,0.8631833900406987,0.9185192183741137,0.0,6
0.0008463552981651403,False,337,time0,0.8466690717659913,2,,,time0,TIME0,0.8346062972519419,0.9271003942514308,0.0,2
0.002385118812033677,False,337,time0,0.7996373664402859,3,,,time0,TIME0,0.8224435300942057,0.942550813110943,0.0,5
0.0038257274607518725,False,337,time1,0.8078036663525879,5,,,time1,TIME1,0.8218562307786335,0.9337136339910729,0.0,10
0.0,False,338,time0,0.0,novo,0.0674551466624157,True,time0,TIME0,0.0,,,12
9.514706956681021e-05,False,338,time0,0.9697416365918788,4,,,time0,TIME0,0.8799126020017899,0.9566847916761172,0.0,7
0.0001733972275569497,False,338,time1,0.979781736141332,6,,,time1,TIME1,0.8791518619789471,0.9415633419957761,0.0,4
0.00011655415254757734,False,338,time0,0.9883217736778023,0,,,time0,TIME0,0.8776007327139203,0.9250637209358716,0.0,1
0.000437464950790848,False,338,time0,0.9575173393662721,1,,,time0,TIME0,0.8764960444129376,0.9594518022942418,0.0,9
5.988143684783172e-05,False,338,time0,0.9912958372613536,7,,,time0,TIME0,0.8751481239793366,0.9114049044887195,0.0,8
0.000282441073705272,False,338,time1,0.9691616653491153,8,,,time1,TIME1,0.8699573944903506,0.9185192183741137,0.0,6
4.7893348494075215e-05,False,338,goleiro_time1,0.994310717296251,9,,,goleiro1,GOL-TIME1,0.8674932895320575,0.8770187459437102,0.0,3
0.0003365490776870177,False,338,time0,0.9445788540349871,2,,,time0,TIME0,0.8644112797889906,0.9271003942514308,0.0,2
0.0023068945656032134,False,338,time0,0.8148356898031408,3,,,time0,TIME0,0.8279275130980261,0.942550813110943,0.0,5
0.003977739914889225,False,338,time1,0.783235935952238,5,,,time1,TIME1,0.814351769279342,0.9337136339910729,0.0,10
0.0,False,339,time0,0.0,novo,0.06867707994590333,True,time0,TIME0,0.0,,,12
0.0001153686257646156,False,339,time0,0.9636177989896626,4,,,time0,TIME0,0.8782412430649886,0.9571012470468871,0.0,7
0.00014621305897921714,False,339,time0,0.985307892763661,0,,,time0,TIME0,0.8764080344617332,0.9241474624697568,0.0,1
1.587680879464319e-05,False,339,time0,0.9971194062715764,7,,,time0,TIME0,0.8758218871251722,0.9069541401806192,0.0,8
0.00035749269507127045,False,339,time1,0.9419635518839055,6,,,time1,TIME1,0.8674374644571619,0.9418308432356886,0.0,4
6.924304998983795e-05,False,339,goleiro_time1,0.9936534677663976,9,,,goleiro1,GOL-TIME1,0.8674181708392605,0.877686645784062,0.0,3
0.00041855656402729107,False,339,time1,0.9547813381471197,8,,,time1,TIME1,0.8656352315354319,0.9189133599519981,0.0,6
0.0008843257400510568,False,339,time0,0.9186869143393502,1,,,time0,TIME0,0.8644110645914652,0.9596575177025843,0.0,9
0.0006316476756074884,False,339,time0,0.9098042788185265,2,,,time0,TIME0,0.8534805345728314,0.9254132924528162,0.0,2
0.0022676973134655417,False,339,time0,0.838113366059013,3,,,time0,TIME0,0.834833828289627,0.9419524279211489,0.0,5
0.0035895946437561766,False,339,time1,0.786567921239406,5,,,time1,TIME1,0.814895027165341,0.9326865385443662,0.0,10
0.0,False,340,time0,0.0,novo,0.06867707994590333,True,time0,TIME0,0.0,,,12
8.472183319339656e-05,False,340,time0,0.9808298466644206,4,,,time0,TIME0,0.883372699581727,0.9571012470468871,0.0,7
0.0003373916155770196,False,340,time0,0.9658163951584725,1,,,time0,TIME0,0.878971947369246,0.9596575177025843,0.0,9
0.00014431957460959253,False,340,time0,0.9855608026564936,0,,,time0,TIME0,0.8765591636044547,0.9241474624697568,0.0,1
0.00023765519405444534,False,340,time1,0.970781712399153,6,,,time1,TIME1,0.8763850087357101,0.9418308432356886,0.0,4
9.609757863034194e-06,False,340,time0,0.9967043962146932,7,,,time0,TIME0,0.8757240668892157,0.9069541401806192,0.0,8
3.953171165036631e-05,False,340,goleiro_time1,0.9968305376842898,9,,,goleiro1,GOL-TIME1,0.8684146270360775,0.877686645784062,0.0,3
0.00041450297130003007,False,340,time1,0.9544865445203773,8,,,time1,TIME1,0.8655609040171299,0.9189133599519981,0.0,6
0.0005604299250598785,False,340,time0,0.9333003247364771,2,,,time0,TIME0,0.8604773748996184,0.9254132924528162,0.0,2
0.0022091848262964296,False,340,time0,0.8461961690358596,3,,,time0,TIME0,0.8372748914326735,0.9419524279211489,0.0,5
0.0030825201079197613,False,340,time1,0.7985828350904846,5,,,time1,TIME1,0.8189444597012695,0.9326865385443662,0.0,10
0.0,False,341,time0,0.0,novo,0.06867707994590333,True,time0,TIME0,0.0,,,12
0.00017198695636015638,False,341,time0,0.9840899056545095,1,,,time0,TIME0,0.8848617840833629,0.9596575177025843,0.0,9
0.00018600868677716897,False,341,time0,0.9734796776499544,4,,,time0,TIME0,0.8809659038264641,0.9571012470468871,0.0,7
5.445078360366557e-05,False,341,time0,0.9881385029103263,2,,,time0,TIME0,0.8773275409168428,0.9254132924528162,0.0,2
0.00013023099160763038,False,341,time0,0.9830198350700491,0,,,time0,TIME0,0.8757781616784425,0.9241474624697568,0.0,1
1.6425244774930965e-05,False,341,time0,0.996263110817134,7,,,time0,TIME0,0.875597641658852,0.9069541401806192,0.0,8
0.0001801010541005439,False,341,time1,0.980365738501016,8,,,time1,TIME1,0.8735086651856483,0.9189133599519981,0.0,6
7.864491292853125e-05,False,341,goleiro_time1,0.9915227628868714,9,,,goleiro1,GOL-TIME1,0.8667773339966369,0.877686645784062,0.0,3
0.0006064871579862401,False,341,time1,0.9331067124179911,6,,,time1,TIME1,0.8645557719397294,0.9418308432356886,0.0,4
0.001295099171658442,False,341,time0,0.9060324447140592,3,,,time0,TIME0,0.8554882023176219,0.9419524279211489,0.0,5
0.007331616123675028,False,341,time1,0.6330375042966099,5,,,time1,TIME1,0.7634672836695731,0.9326865385443662,0.0,10
0.0,False,342,time0,0.0,novo,0.06647937320626007,True,time0,TIME0,0.0,,,12
6.882178104483701e-05,False,342,time0,0.9858081063654557,4,,,time0,TIME0,0.8847624895350208,0.9570250643189457,0.0,7
7.069989350534402e-05,False,342,time0,0.9742134668666401,1,,,time0,TIME0,0.8820235162674823,0.9596988323189526,0.0,9
0.00014170813837575993,False,342,time0,0.985822479073042,0,,,time0,TIME0,0.8762521672942345,0.9228647504796639,0.0,1
2.1013433056881865e-05,False,342,time0,0.9981268366946753,7,,,time0,TIME0,0.8752145383871387,0.903283826068046,0.0,8
0.00028338018066789884,False,342,time1,0.9629407793926219,6,,,time1,TIME1,0.8738341050040602,0.9419570518610207,0.0,4
0.00017191481492528763,False,342,time1,0.9802932641624177,8,,,time1,TIME1,0.8737154400530831,0.919327412339735,0.0,6
0.0001660194975322873,False,342,time0,0.9696170799553364,2,,,time0,TIME0,0.8717036953867763,0.9243908981618929,0.0,2
7.671519930280562e-05,False,342,goleiro_time1,0.9941760983032095,9,,,goleiro1,GOL-TIME1,0.8676315567790707,0.8778877147727415,0.0,3
0.0010424975101691017,False,342,time0,0.9231165177420879,3,,,time0,TIME0,0.860735603200725,0.9408269922667943,0.0,5
0.009169451138351522,False,342,time1,0.6641145335361969,5,,,time1,TIME1,0.7727255583034058,0.9325903866373431,0.0,10
0.0,False,343,time0,0.0,novo,0.06647937320626007,True,time0,TIME0,0.0,,,12
0.0,False,343,time0,1.0,4,,,time0,TIME0,0.8892093421381149,0.9570250643189457,0.0,7
0.00013312807646947178,False,343,time0,0.9704635431577094,1,,,time0,TIME0,0.8808425608580643,0.9596988323189526,0.0,9
4.974310472866665e-05,False,343,time0,0.9940762674149399,0,,,time0,TIME0,0.8788288331292902,0.9228647504796639,0.0,1
0.00023237083395030971,False,343,time1,0.9700581999011295,6,,,time1,TIME1,0.8761733122195948,0.9419570518610207,0.0,4
2.9793705518338793e-05,False,343,time0,0.9981877385184615,7,,,time0,TIME0,0.8752276232115962,0.903283826068046,0.0,8
2.573274867001231e-05,False,343,time1,0.9785184284829423,8,,,time1,TIME1,0.8732592878452237,0.919327412339735,0.0,6
0.00039798106074388756,False,343,time0,0.9301927322076475,2,,,time0,TIME0,0.8595180598782977,0.9243908981618929,0.0,2
0.00045044421971767655,False,343,goleiro_time1,0.9645619686866328,9,,,goleiro1,GOL-TIME1,0.8581758417307981,0.8778877147727415,0.0,3
0.001127500819252801,False,343,time0,0.8964363148789845,3,,,time0,TIME0,0.8529422971826152,0.9408269922667943,0.0,5
0.001414606379558732,False,343,time1,0.8952825431158282,5,,,time1,TIME1,0.8446306522369158,0.9325903866373431,0.0,10
0.0,False,344,time0,0.0,novo,0.06647937320626007,True,time0,TIME0,0.0,,,12
0.0,False,344,time0,1.0,4,,,time0,TIME0,0.8892562660797365,0.9570250643189457,0.0,7
0.00023839390814243676,False,344,time0,0.9745512926064187,0,,,time0,TIME0,0.8726885397201664,0.9228647504796639,0.0,1
0.00030329930850521805,False,344,time0,0.9433915588078893,1,,,time0,TIME0,0.8725306941847493,0.9596988323189526,0.0,9
0.0001327832865772589,False,344,time0,0.9893251286529972,7,,,time0,TIME0,0.872395285070885,0.903283826068046,0.0,8
0.00047324020288297365,False,344,time0,0.9600485037684314,2,,,time0,TIME0,0.868630530762236,0.9243908981618929,0.0,2
0.0004100717521519214,False,344,time1,0.9643260344761172,8,,,time1,TIME1,0.8684745493499066,0.919327412339735,0.0,6
0.0004766060929236219,False,344,time0,0.9283799308572233,3,,,time0,TIME0,0.862802922054632,0.9408269922667943,0.0,5
0.0003687780607851366,False,344,goleiro_time1,0.9636206883808073,9,,,goleiro1,GOL-TIME1,0.8576854898215129,0.8778877147727415,0.0,3
0.0010173876234564323,False,344,time1,0.9118657331795939,6,,,time1,TIME1,0.8573872466597185,0.9419570518610207,0.0,4
0.004827832666997249,False,344,time1,0.7853598955012596,5,,,time1,TIME1,0.8117987716562849,0.9325903866373431,0.0,10
0.0,False,345,time0,0.0,novo,0.06432116182155645,True,time0,TIME0,0.0,,,12
0.00028168460328661666,False,345,time0,0.9712571884514438,4,,,time0,TIME0,0.8801980296604162,0.957076030884483,0.0,7
1.237034331097687e-05,False,345,time0,0.9980561200264708,0,,,time0,TIME0,0.8798047054595499,0.922219749380087,0.0,1
0.0001378887262837691,False,345,time1,0.9754292725687758,6,,,time1,TIME1,0.8773277293022614,0.9420916720285926,0.0,4
0.00019432094516776556,False,345,time1,0.988304779506085,8,,,time1,TIME1,0.8755512476131982,0.9175962672584066,0.0,6
4.3507804335826034e-05,False,345,time0,0.9960358325079705,7,,,time0,TIME0,0.8733223189409747,0.8985396876184677,0.0,8
0.0006771174276507417,False,345,time0,0.9451194757609436,1,,,time0,TIME0,0.8725509765715407,0.9595512422948314,0.0,9
0.00012746664800059496,False,345,time0,0.9635124896701222,2,,,time0,TIME0,0.8696253648323615,0.9240756659240419,0.0,2
4.232029264875796e-05,False,345,goleiro_time1,0.9939825328077119,9,,,goleiro1,GOL-TIME1,0.8674771493632816,0.8782718739829368,0.0,3
0.0013539596829085664,False,345,time0,0.8901260960371522,3,,,time0,TIME0,0.8503666241920499,0.9406480258503779,0.0,5
0.005797363225118854,False,345,time1,0.7459875583549389,5,,,time1,TIME1,0.8003209864828442,0.93024243045019,0.0,10
0.0,False,346,time0,0.0,novo,0.06432116182155645,True,time0,TIME0,0.0,,,12
0.00020815203600891457,False,346,time0,0.9751130991201576,4,,,time0,TIME0,0.8813963301853533,0.957076030884483,0.0,7
8.02887559721148e-05,False,346,time0,0.9920108151858007,0,,,time0,TIME0,0.8780374484827509,0.922219749380087,0.0,1
0.0005546975220007195,False,346,time0,0.9558305522532651,1,,,time0,TIME0,0.8760380426168939,0.9595512422948314,0.0,9
1.7089244345494046e-05,False,346,time0,0.9990003348700399,7,,,time0,TIME0,0.8743006961233686,0.8985396876184677,0.0,8
0.00024277759105673959,False,346,time1,0.9728631876886211,8,,,time1,TIME1,0.870919578006947,0.9175962672584066,0.0,6
1.648022122836239e-05,False,346,goleiro_time1,0.9962569192275775,9,,,goleiro1,GOL-TIME1,0.8684073308265599,0.8782718739829368,0.0,3
0.0005186182815276279,False,346,time1,0.9443446906772974,6,,,time1,TIME1,0.868040475501338,0.9420916720285926,0.0,4
0.001085155927744527,False,346,time0,0.9212620245917539,3,,,time0,TIME0,0.8602686121817944,0.9406480258503779,0.0,5
0.00039700451328974654,False,346,time0,0.9239325090497742,2,,,time0,TIME0,0.8576509644766961,0.9240756659240419,0.0,2
0.0018573647461823542,False,346,time1,0.9134209951521084,5,,,time1,TIME1,0.8521717830085173,0.93024243045019,0.0,10
0.0,False,347,time0,0.0,novo,0.06432116182155645,True,time0,TIME0,0.0,,,12
0.0001060335012630319,False,347,time0,0.9821259613869043,4,,,time0,TIME0,0.883731157942522,0.957076030884483,0.0,7
7.410780897574571e-05,False,347,time0,0.9944053977022744,0,,,time0,TIME0,0.8787076446974504,0.922219749380087,0.0,1
0.0004255512646333465,False,347,time0,0.9506952130242916,1,,,time0,TIME0,0.8746214503870486,0.9595512422948314,0.0,9
1.4732184987675084e-05,False,347,time0,0.9972123464265881,7,,,time0,TIME0,0.8737676775528047,0.8985396876184677,0.0,8
0.00018132218232648674,False,347,time1,0.9812008990959947,8,,,time1,TIME1,0.8734783905239115,0.9175962672584066,0.0,6
7.635964780590109e-05,False,347,goleiro_time1,0.9872546034153497,9,,,goleiro1,GOL-TIME1,0.8656333869080924,0.8782718739829368,0.0,3
0.0006743539338109595,False,347,time1,0.909612529571172,6,,,time1,TIME1,0.8575558236354324,0.9420916720285926,0.0,4
0.001387926325891641,False,347,time0,0.9003159145632563,3,,,time0,TIME0,0.8537877167924428,0.9406480258503779,0.0,5
0.0007762211911117614,False,347,time0,0.8871953270301193,2,,,time0,TIME0,0.8462116865635465,0.9240756659240419,0.0,2
0.0036800882102811525,False,347,time1,0.820085986213401,5,,,time1,TIME1,0.8239934192212347,0.93024243045019,0.0,10
0.0,False,348,time0,0.0,novo,0.06281331053181016,True,time0,TIME0,0.0,,,12
7.742880086600096e-05,False,348,time0,0.9860678135125027,4,,,time0,TIME0,0.884794321821627,0.9564810322766284,0.0,7
0.0002710878534420831,False,348,time0,0.9839124430903189,1,,,time0,TIME0,0.8843943841629354,0.9590287192831373,0.0,9
0.0001352024597992815,False,348,time1,0.9842715740037241,8,,,time1,TIME1,0.8743453843388651,0.9172297085738085,0.0,6
2.55276915878043e-05,False,348,time0,0.9980361546448633,7,,,time0,TIME0,0.8730852536019729,0.8948888298443402,0.0,8
0.00027041214896176186,False,348,time0,0.973365855971544,0,,,time0,TIME0,0.8721048915971582,0.9220374308403242,0.0,1
0.00017868200620316528,False,348,goleiro_time1,0.9863211741203609,9,,,goleiro1,GOL-TIME1,0.8652312945486976,0.8782874009927455,0.0,3
0.0005022932633123613,False,348,time1,0.9333818293429961,6,,,time1,TIME1,0.8650267172017,0.9427326132855098,0.0,4
0.0013944541618321692,False,348,time0,0.8817010207989374,3,,,time0,TIME0,0.8476923392070275,0.9386852211846277,0.0,5
0.0008017980693208913,False,348,time0,0.8707395550857233,2,,,time0,TIME0,0.8412358251651372,0.9237306176698472,0.0,2
0.004107075809868088,False,348,time1,0.7837917959839203,5,,,time1,TIME1,0.8135131217211715,0.9297160219229363,0.0,10
0.0,False,349,time0,0.0,novo,0.06281331053181016,True,time0,TIME0,0.0,,,12
0.0002700694010475753,False,349,time0,0.9821546883787607,1,,,time0,TIME0,0.8841239110023371,0.9590287192831373,0.0,9
0.0001962436387013323,False,349,time0,0.9745446219473117,4,,,time0,TIME0,0.8812101014988951,0.9564810322766284,0.0,7
7.749428684764408e-06,False,349,time0,0.9987521546915306,0,,,time0,TIME0,0.8799387828838116,0.9220374308403242,0.0,1
9.556816094850453e-05,False,349,time1,0.9873428930588598,8,,,time1,TIME1,0.8752960403408616,0.9172297085738085,0.0,6
1.601483097243499e-05,False,349,time0,0.9987490278248655,7,,,time0,TIME0,0.873306618792557,0.8948888298443402,0.0,8
0.00023796899914964973,False,349,goleiro_time1,0.9800050235326424,9,,,goleiro1,GOL-TIME1,0.863316445150789,0.8782874009927455,0.0,3
0.0008472241407907115,False,349,time0,0.9185356025125873,3,,,time0,TIME0,0.8590630908955088,0.9386852211846277,0.0,5
0.0005571752911139329,False,349,time0,0.923445100374258,2,,,time0,TIME0,0.857238215679484,0.9237306176698472,0.0,2
0.0016675093913456254,False,349,time1,0.8067477029794864,6,,,time1,TIME1,0.8253960925591824,0.9427326132855098,0.0,4
0.005627988935252583,False,349,time1,0.7012321581263651,5,,,time1,TIME1,0.7866452872457779,0.9297160219229363,0.0,10
0.0,False,350,time0,0.0,novo,0.06281331053181016,True,time0,TIME0,0.0,,,12
0.0,False,350,time0,1.0,4,,,time0,TIME0,0.8889864555882243,0.9564810322766284,0.0,7
0.0003730744840173197,False,350,time0,0.968447647465237,1,,,time0,TIME0,0.8798049807225112,0.9590287192831373,0.0,9
7.081673016111246e-05,False,350,time0,0.9931359378992254,0,,,time0,TIME0,0.8783425340297505,0.9220374308403242,0.0,1
0.00012792964432265606,False,350,time1,0.9833785208283042,8,,,time1,TIME1,0.8741628418430424,0.9172297085738085,0.0,6
0.00010051865764533224,False,350,time0,0.9913756308431995,7,,,time0,TIME0,0.8709739900547863,0.8948888298443402,0.0,8
0.0002968330870320935,False,350,goleiro_time1,0.9713893709932878,9,,,goleiro1,GOL-TIME1,0.8606511743211144,0.8782874009927455,0.0,3
0.0006970978655612247,False,350,time1,0.9199677381618768,6,,,time1,TIME1,0.8602300769475776,0.9427326132855098,0.0,4
0.0009817263162747955,False,350,time0,0.900658631745119,3,,,time0,TIME0,0.8536824199409141,0.9386852211846277,0.0,5
0.0009630716167440523,False,350,time0,0.876603890956426,2,,,time0,TIME0,0.8427338298118275,0.9237306176698472,0.0,2
0.0057577481411544736,False,350,time1,0.7161374798856708,5,,,time1,TIME1,0.7918865917442763,0.9297160219229363,0.0,10
0.0,False,351,time0,0.0,novo,0.05901502417028881,True,time0,TIME0,0.0,,,12
0.0003834969174271071,False,351,time0,0.9709172665838666,1,,,time0,TIME0,0.8803069539898122,0.95812293199983,0.0,9
9.186034105318961e-05,False,351,time0,0.9881113544417741,0,,,time0,TIME0,0.8766640756544144,0.9216907386698783,0.0,1
0.00013825252813288568,False,351,time1,0.9770477233391082,8,,,time1,TIME1,0.8723310228408483,0.9178990769512202,0.0,6
5.6188259583767857e-05,False,351,time0,0.9951474759606592,7,,,time0,TIME0,0.8710259122806083,0.8904990617747354,0.0,8
0.0003477058875668772,False,351,time0,0.9404386541422906,4,,,time0,TIME0,0.8704357058742822,0.9554291123563514,0.0,7
0.0005029685112013226,False,351,time0,0.9341873878327863,2,,,time0,TIME0,0.8605264595412724,0.9245346855256172,0.0,2
0.0005392366790326781,False,351,goleiro_time1,0.9566485064965036,9,,,goleiro1,GOL-TIME1,0.8559216518208093,0.8783324024991009,0.0,3
0.001452971011985387,False,351,time0,0.8452362424801215,3,,,time0,TIME0,0.8358128426157343,0.9357088281993173,0.0,5
0.0016132227079450276,False,351,time1,0.8301356478723817,6,,,time1,TIME1,0.8321106334799296,0.9418107194194447,0.0,4
0.004802475815091231,False,351,time1,0.7599234220533552,5,,,time1,TIME1,0.8046422348046647,0.9269786098626212,0.0,10
0.0,False,352,time0,0.0,novo,0.05901502417028881,True,time0,TIME0,0.0,,,12
0.00012864497078654446,False,352,time0,0.9829910480832251,4,,,time0,TIME0,0.8834856792680527,0.9554291123563514,0.0,7
0.0001336293884164869,False,352,time0,0.9897700557016442,0,,,time0,TIME0,0.8770842241551549,0.9216907386698783,0.0,1
0.0006529755653534946,False,352,time0,0.9510129762002486,1,,,time0,TIME0,0.8740508270014594,0.95812293199983,0.0,9
0.00020236437271211078,False,352,time1,0.9765584009142144,8,,,time1,TIME1,0.8721179645317546,0.9178990769512202,0.0,6
5.51153523280419e-05,False,352,time0,0.9952832885310767,7,,,time0,TIME0,0.8711000951368375,0.8904990617747354,0.0,8
0.00031688721371483166,False,352,goleiro_time1,0.9579050148501731,9,,,goleiro1,GOL-TIME1,0.8564000859363101,0.8783324024991009,0.0,3
0.0007095009161918232,False,352,time0,0.9095143900145081,2,,,time0,TIME0,0.8532019226923255,0.9245346855256172,0.0,2
0.0013542935019250477,False,352,time1,0.864141446085781,6,,,time1,TIME1,0.8432848572941961,0.9418107194194447,0.0,4
0.0028153518630069864,False,352,time0,0.7654668499434553,3,,,time0,TIME0,0.8100754175298339,0.9357088281993173,0.0,5
0.004745488748923268,False,352,time1,0.7569733377959512,5,,,time1,TIME1,0.804334779051612,0.9269786098626212,0.0,10
0.0,False,353,time0,0.0,novo,0.05901502417028881,True,time0,TIME0,0.0,,,12
8.432085085617913e-05,False,353,time0,0.9734202798346736,4,,,time0,TIME0,0.8807091242053322,0.9554291123563514,0.0,7
2.457784680128581e-05,False,353,time0,0.9981118207697812,0,,,time0,TIME0,0.8797260188858924,0.9216907386698783,0.0,1
3.0186418478704196e-05,False,353,time1,0.9912441565869959,8,,,time1,TIME1,0.8766987874018531,0.9178990769512202,0.0,6
0.0005898506937311288,False,353,time0,0.9548213376348239,1,,,time0,TIME0,0.8753049687620856,0.95812293199983,0.0,9
5.748975423060482e-05,False,353,time0,0.9967826395113627,7,,,time0,TIME0,0.8715317061789893,0.8904990617747354,0.0,8
0.00022174298516092767,False,353,goleiro_time1,0.9765420821968005,9,,,goleiro1,GOL-TIME1,0.8622783806871197,0.8783324024991009,0.0,3
0.0006727132488576155,False,353,time0,0.909030334113385,2,,,time0,TIME0,0.8530780174764868,0.9245346855256172,0.0,2
0.0010259823977509849,False,353,time1,0.892487835470666,6,,,time1,TIME1,0.8516706020567614,0.9418107194194447,0.0,4
0.002053132857665414,False,353,time0,0.8403145385844645,3,,,time0,TIME0,0.833580750735849,0.9357088281993173,0.0,5
0.00494030309178781,False,353,time1,0.7362932638164389,5,,,time1,TIME1,0.7964711917882656,0.9269786098626212,0.0,10
0.0,False,354,time0,0.0,novo,0.05412096683579293,True,time0,TIME0,0.0,,,12
1.3676644057493084e-05,False,354,time0,0.9982707829324101,0,,,time0,TIME0,0.8793309190982115,0.9195194120001802,0.0,1
0.0004961844260431276,False,354,time0,0.959835626379728,1,,,time0,TIME0,0.8765011605004419,0.9564595558008563,0.0,9
0.00030720222608370256,False,354,time0,0.9592931655111422,4,,,time0,TIME0,0.8758237745718841,0.9539975610011591,0.0,7
1.586983784947094e-05,False,354,time0,0.9981179944004621,7,,,time0,TIME0,0.8710851820635821,0.8867803515676187,0.0,8
0.0003303882143689388,False,354,time1,0.9599835343287705,8,,,time1,TIME1,0.8671392565503452,0.9186639652549952,0.0,6
0.00021026588912517147,False,354,goleiro_time1,0.9849346410930658,9,,,goleiro1,GOL-TIME1,0.8646179027311682,0.8784057758160857,0.0,3
0.0007267153236438578,False,354,time1,0.9297283025966776,6,,,time1,TIME1,0.8633057362722062,0.9415992199988263,0.0,4
0.0007362961830787364,False,354,time0,0.9103246117860797,2,,,time0,TIME0,0.853303100758003,0.9245963012852949,0.0,2
0.002447857711759783,False,354,time0,0.8256708155647421,3,,,time0,TIME0,0.8284469486739119,0.9331504516171583,0.0,5
0.0045761554508146444,False,354,time1,0.7580168137016259,5,,,time1,TIME1,0.8041893006527359,0.9262458880858706,0.0,10
0.0,False,355,time0,0.0,novo,0.05412096683579293,True,time0,TIME0,0.0,,,12
0.00036243273455764647,False,355,time0,0.9678624545430101,1,,,time0,TIME0,0.8789187501667003,0.9564595558008563,0.0,9
8.482370379903401e-05,False,355,time0,0.9918715177696102,0,,,time0,TIME0,0.8773095949918337,0.9195194120001802,0.0,1
0.00013876676415200545,False,355,time1,0.9850721582042871,8,,,time1,TIME1,0.8749232168487475,0.9186639652549952,0.0,6
0.0004029167118799709,False,355,time0,0.9489340670601055,4,,,time0,TIME0,0.8727018104290821,0.9539975610011591,0.0,7
0.00041932665608818425,False,355,time1,0.9547823303642369,6,,,time1,TIME1,0.8711694175166055,0.9415992199988263,0.0,4
3.781360592455434e-05,False,355,time0,0.9973249327943714,7,,,time0,TIME0,0.870841071785309,0.8867803515676187,0.0,8
0.000631462857571464,False,355,time0,0.9458958965774252,3,,,time0,TIME0,0.8652190748023656,0.9331504516171583,0.0,5
0.0005252168383965719,False,355,time0,0.9349288143638651,2,,,time0,TIME0,0.8609604070802859,0.9245963012852949,0.0,2
0.0005970146629007846,False,355,goleiro_time1,0.9318184706893242,9,,,goleiro1,GOL-TIME1,0.84814346594417,0.8784057758160857,0.0,3
0.0009700625377882951,False,355,time1,0.8484227533524568,5,,,time1,TIME1,0.8327323835392437,0.9262458880858706,0.0,10
0.0,False,356,time0,0.0,novo,0.05412096683579293,True,time0,TIME0,0.0,,,12
0.00023856903629515612,False,356,time0,0.9757839288621253,4,,,time0,TIME0,0.8807366688696745,0.9539975610011591,0.0,7
5.7247405683229295e-05,False,356,time0,0.9929052211985212,0,,,time0,TIME0,0.8776100822132356,0.9195194120001802,0.0,1
0.0006012240801127146,False,356,time0,0.9470507182652684,1,,,time0,TIME0,0.8725096577377128,0.9564595558008563,0.0,9
0.0002094443163884463,False,356,time0,0.9854378586644446,7,,,time0,TIME0,0.8670190010221073,0.8867803515676187,0.0,8
0.0003409909252673381,False,356,time1,0.9591764271762471,8,,,time1,TIME1,0.8669192606685828,0.9186639652549952,0.0,6
0.000547931751229295,False,356,time1,0.9399587046535474,6,,,time1,TIME1,0.866706500599586,0.9415992199988263,0.0,4
0.0006345417545762103,False,356,time0,0.9248882622251822,2,,,time0,TIME0,0.8577966437389908,0.9245963012852949,0.0,2
0.0003820067046930462,False,356,goleiro_time1,0.9529299167950506,9,,,goleiro1,GOL-TIME1,0.8547786613169772,0.8784057758160857,0.0,3
0.0025160337013999208,False,356,time1,0.8467866582929501,5,,,time1,TIME1,0.8321945517081075,0.9262458880858706,0.0,10
0.0024043313647415065,False,356,time0,0.8238588693664531,3,,,time0,TIME0,0.8270393592900489,0.9331504516171583,0.0,5
0.0,False,357,time0,0.0,novo,0.05197593020231539,True,time0,TIME0,0.0,,,12
0.00025870910361830754,False,357,time0,0.978367521641847,1,,,time0,TIME0,0.8817196781679442,0.9548821923531088,0.0,9
7.305456685623001e-05,False,357,time0,0.9924385428309637,0,,,time0,TIME0,0.8770671464062791,0.9179408673776692,0.0,1
0.0001249116642151802,False,357,time1,0.9792953966887687,8,,,time1,TIME1,0.8736740332191817,0.9205854170430252,0.0,6
3.038148445414043e-05,False,357,time0,0.998491758051439,7,,,time0,TIME0,0.870260278615532,0.8836132107098726,0.0,8
0.0006586704771887661,False,357,time1,0.9417870925858473,6,,,time1,TIME1,0.8667279047346068,0.9408266754526391,0.0,4
0.0012071464853190962,False,357,time0,0.9032931228692782,3,,,time0,TIME0,0.8519891755345128,0.9316782671152487,0.0,5
0.0005828371967807563,False,357,goleiro_time1,0.9346085946958478,9,,,goleiro1,GOL-TIME1,0.8494837921632545,0.8790934047936607,0.0,3
0.002128386013384448,False,357,time0,0.8807434958567069,4,,,time0,TIME0,0.8493149056172974,0.9532723114553119,0.0,7
0.0011119015276379546,False,357,time0,0.8680509848284407,2,,,time0,TIME0,0.8404167152396356,0.925357767033059,0.0,2
0.0037819214768918265,False,357,time1,0.7588342463337212,5,,,time1,TIME1,0.8052568714911008,0.9276412761761323,0.0,10
0.0,False,358,time0,0.0,novo,0.05197593020231539,True,time0,TIME0,0.0,,,12
0.0001398898774326836,False,358,time0,0.9885283124180819,1,,,time0,TIME0,0.885068124574518,0.9548821923531088,0.0,9
3.020925755902063e-05,False,358,time0,0.9957370758040193,0,,,time0,TIME0,0.8781362231478482,0.9179408673776692,0.0,1
9.8357807326736e-05,False,358,time1,0.9908233967609676,8,,,time1,TIME1,0.8772026980218053,0.9205854170430252,0.0,6
2.5447894320723416e-05,False,358,time0,0.9975191516309178,7,,,time0,TIME0,0.8701299525539595,0.8836132107098726,0.0,8
0.0004949609133956385,False,358,time1,0.9451875373475902,6,,,time1,TIME1,0.8679798102213259,0.9408266754526391,0.0,4
0.0006223993161473846,False,358,time0,0.9175510420437166,2,,,time0,TIME0,0.8556511991862625,0.925357767033059,0.0,2
0.0015878532744104253,False,358,time0,0.8671350536992322,3,,,time0,TIME0,0.8412467211938577,0.9316782671152487,0.0,5
0.0009840128243405722,False,358,goleiro_time1,0.8972617322932541,9,,,goleiro1,GOL-TIME1,0.8375551929217069,0.8790934047936607,0.0,3
0.001566717457429829,False,358,time0,0.8304778563667495,4,,,time0,TIME0,0.8336104510957755,0.9532723114553119,0.0,7
0.004210980174887399,False,358,time1,0.7020786164558228,5,,,time1,TIME1,0.7884023888416496,0.9276412761761323,0.0,10
0.0,False,359,time0,0.0,novo,0.05197593020231539,True,time0,TIME0,0.0,,,12
0.00013564653294609221,False,359,time0,0.9736916382676117,1,,,time0,TIME0,0.8805286959439143,0.9548821923531088,0.0,9
0.00015521483373877285,False,359,time0,0.9819810900702147,0,,,time0,TIME0,0.8738514064042242,0.9179408673776692,0.0,1
0.00020282081187491957,False,359,time1,0.9725597537502121,8,,,time1,TIME1,0.8716441982861134,0.9205854170430252,0.0,6
0.00039393517933737204,False,359,time1,0.9497294235762181,6,,,time1,TIME1,0.8696753450595376,0.9408266754526391,0.0,4
0.00011175674712880574,False,359,time0,0.9924286952001495,7,,,time0,TIME0,0.868469979948617,0.8836132107098726,0.0,8
0.0006150612334724759,False,359,time0,0.9234262807151222,4,,,time0,TIME0,0.8636879299509476,0.9532723114553119,0.0,7
0.000610582579555308,False,359,time0,0.9262552378805449,2,,,time0,TIME0,0.8583765690770331,0.925357767033059,0.0,2
0.0006127561066256889,False,359,time0,0.8659408034929026,3,,,time0,TIME0,0.8411919010158989,0.9316782671152487,0.0,5
0.0009390777407797954,False,359,goleiro_time1,0.9013542704912881,9,,,goleiro1,GOL-TIME1,0.8392551760191873,0.8790934047936607,0.0,3
0.0036306050709164987,False,359,time1,0.7294158548990929,5,,,time1,TIME1,0.7966503219712162,0.9276412761761323,0.0,10
0.0,False,360,time0,0.0,novo,0.04945823321918419,True,time0,TIME0,0.0,,,12
0.0,False,360,time0,1.0,4,,,time0,TIME0,0.8875926959601865,0.9520482235683982,0.0,7
5.812050982815976e-05,False,360,time0,0.9868822196178221,1,,,time0,TIME0,0.8845085316845133,0.9544958618601798,0.0,9
6.613758824610908e-05,False,360,time0,0.9930822358402877,0,,,time0,TIME0,0.8768042391153954,0.9162310477328439,0.0,1
0.0004154084934315155,False,360,time1,0.9440626617947434,6,,,time1,TIME1,0.8678049151684941,0.9401126526392438,0.0,4
0.000540384397514419,False,360,time1,0.9405659219303592,8,,,time1,TIME1,0.8621169022692484,0.9226746682861519,0.0,6
0.000625524227414737,False,360,time0,0.9115872765712861,3,,,time0,TIME0,0.8553470870345539,0.9302378829806344,0.0,5
0.00046798610463952663,False,360,goleiro_time1,0.9397375005195899,9,,,goleiro1,GOL-TIME1,0.8514671186592666,0.8811703811419369,0.0,3
0.0007337559624139594,False,360,time0,0.8955564877143992,2,,,time0,TIME0,0.8488778467124145,0.9238636436018679,0.0,2
0.004275660298146429,False,360,time1,0.689157555877106,5,,,time1,TIME1,0.7843762038027187,0.9297880651700458,0.0,10
0.016886482319756715,False,360,time0,0.541255542719286,7,,,time0,TIME0,0.7072858597310989,0.8874009956146334,0.0,8
0.0,False,361,time0,0.0,novo,0.04945823321918419,True,time0,TIME0,0.0,,,12
0.00022806269153988846,False,361,time0,0.9786463280154467,1,,,time0,TIME0,0.8818634675604452,0.9544958618601798,0.0,9
0.0005178683555851315,False,361,time1,0.9670659656501622,8,,,time1,TIME1,0.8701291039239876,0.9226746682861519,0.0,6
0.0004475645994753524,False,361,time0,0.9714081911312417,0,,,time0,TIME0,0.8697422089925011,0.9162310477328439,0.0,1
0.0007055752451439023,False,361,time1,0.9235524777017782,6,,,time1,TIME1,0.8612471169307359,0.9401126526392438,0.0,4
0.0006129576156125374,False,361,time0,0.9122905739960887,2,,,time0,TIME0,0.8536862061002648,0.9238636436018679,0.0,2
0.00031394098186633126,False,361,goleiro_time1,0.932953561538278,9,,,goleiro1,GOL-TIME1,0.8497830113038889,0.8811703811419369,0.0,3
0.0014916526202805795,False,361,time0,0.85438427350212,3,,,time0,TIME0,0.8365189436623707,0.9302378829806344,0.0,5
0.002069287668768174,False,361,time0,0.7859580530950347,4,,,time0,TIME0,0.8205074232566605,0.9520482235683982,0.0,7
0.004858285484339058,False,361,time1,0.7019355496681808,5,,,time1,TIME1,0.7881809910952619,0.9297880651700458,0.0,10
0.01691305147245572,False,361,time0,0.5430003408585607,7,,,time0,TIME0,0.6963297153598982,0.8874009956146334,0.0,8
0.0,False,362,time0,0.0,novo,0.04945823321918419,True,time0,TIME0,0.0,,,12
0.00039678195036796794,False,362,time0,0.974424062054358,1,,,time0,TIME0,0.8802793092149421,0.9544958618601798,0.0,9
8.62914801409917e-05,False,362,time0,0.9901769148107551,0,,,time0,TIME0,0.8757262036995326,0.9162310477328439,0.0,1
0.00026991205459170656,False,362,time1,0.9687390179546229,8,,,time1,TIME1,0.8708206863748706,0.9226746682861519,0.0,6
0.00047145193745562594,False,362,time1,0.9414396781879646,6,,,time1,TIME1,0.8668716364957967,0.9401126526392438,0.0,4
9.017465648470592e-05,False,362,time0,0.9940814828244384,7,,,time0,TIME0,0.8584042952489795,0.8874009956146334,0.0,8
0.00057698034720983,False,362,time0,0.9013480186363567,2,,,time0,TIME0,0.8507344120883105,0.9238636436018679,0.0,2
0.000529185885623686,False,362,goleiro_time1,0.9366679646470223,9,,,goleiro1,GOL-TIME1,0.8506556964415091,0.8811703811419369,0.0,3
0.001135732248289597,False,362,time0,0.8597108120069604,4,,,time0,TIME0,0.8436253863672869,0.9520482235683982,0.0,7
0.0019334034419699587,False,362,time0,0.8006151096086155,3,,,time0,TIME0,0.8206822931410194,0.9302378829806344,0.0,5
0.007693368790768247,False,362,time1,0.5926694908472173,5,,,time1,TIME1,0.7512751880924146,0.9297880651700458,0.0,10
0.0,False,363,time0,0.0,novo,0.0491143706413959,True,time0,TIME0,0.0,,,12
0.00027885317879895174,False,363,time0,0.9743483956148599,1,,,time0,TIME0,0.8806937876371712,0.9552282022405472,0.0,9
5.6410315181813215e-05,False,363,time0,0.9947012941839928,0,,,time0,TIME0,0.8768020064387333,0.9138631503581575,0.0,1
0.00019708133164968161,False,363,time0,0.9898624633057279,7,,,time0,TIME0,0.8684289795501672,0.8873630469498442,0.0,8
0.0005969476454356217,False,363,time1,0.9495023618046432,8,,,time1,TIME1,0.8652694089516684,0.9249232830876526,0.0,6
0.0006272170145154863,False,363,time1,0.9354141156870245,6,,,time1,TIME1,0.8647447861628599,0.9392782859579956,0.0,4
0.000752439883791738,False,363,time0,0.9108184135117127,2,,,time0,TIME0,0.8529092156703187,0.9237796555359322,0.0,2
0.0010163149381548396,False,363,time0,0.8868557825506002,4,,,time0,TIME0,0.8521228669251959,0.9501838268569718,0.0,7
0.0005220499207241059,False,363,goleiro_time1,0.8963253344893353,9,,,goleiro1,GOL-TIME1,0.8396489438752213,0.8860242558276732,0.0,3
0.0025736429493943467,False,363,time0,0.7472030545189395,3,,,time0,TIME0,0.8032475894385551,0.9282594116221994,0.0,5
0.006917646451083394,False,363,time1,0.6501450324955323,5,,,time1,TIME1,0.7706782557151781,0.9298100750323657,0.0,10
0.0,False,364,time0,0.0,novo,0.0491143706413959,True,time0,TIME0,0.0,,,12
0.00038191419421028735,False,364,time0,0.9623598068243049,1,,,time0,TIME0,0.876934749971449,0.9552282022405472,0.0,9
8.070536388031648e-05,False,364,time0,0.9922467223782759,0,,,time0,TIME0,0.8760436410029082,0.9138631503581575,0.0,1
0.00013363080892294,False,364,time1,0.9742700188095673,8,,,time1,TIME1,0.873062765226437,0.9249232830876526,0.0,6
0.0003784047822855015,False,364,time0,0.9803864232755257,7,,,time0,TIME0,0.8654890459179905,0.8873630469498442,0.0,8
0.0005244822843631931,False,364,time1,0.9255394159014665,6,,,time1,TIME1,0.8619012321726627,0.9392782859579956,0.0,4
0.00032249960934488945,False,364,goleiro_time1,0.9387528472651431,9,,,goleiro1,GOL-TIME1,0.8527024552905437,0.8860242558276732,0.0,3
0.001099433133710513,False,364,time0,0.8862510128645238,2,,,time0,TIME0,0.8455420131242031,0.9237796555359322,0.0,2
0.001804199857020728,False,364,time0,0.8151962809209621,4,,,time0,TIME0,0.8295789600616766,0.9501838268569718,0.0,7
0.0020847697686006386,False,364,time0,0.7987713028797797,3,,,time0,TIME0,0.8193555406268307,0.9282594116221994,0.0,5
0.007369643487283815,False,364,time1,0.6665071044361295,5,,,time1,TIME1,0.7747668647655932,0.9298100750323657,0.0,10
0.0,False,365,time0,0.0,novo,0.0491143706413959,True,time0,TIME0,0.0,,,12
0.0,False,365,time0,1.0,4,,,time0,TIME0,0.8863158204480924,0.9501838268569718,0.0,7
4.326364210610412e-05,False,365,time0,0.9971563691479293,0,,,time0,TIME0,0.8774899033252064,0.9138631503581575,0.0,1
0.0005324699950785337,False,365,time1,0.9100362573307718,6,,,time1,TIME1,0.8570943733298366,0.9392782859579956,0.0,4
0.00031414845190704557,False,365,time0,0.9125814708768824,2,,,time0,TIME0,0.8538880451268387,0.9237796555359322,0.0,2
0.0007984282221551237,False,365,time1,0.9013111473815252,8,,,time1,TIME1,0.850343075269048,0.9249232830876526,0.0,6
0.0012067660939839022,False,365,time0,0.8769892796897312,1,,,time0,TIME0,0.8500412407858875,0.9552282022405472,0.0,9
0.000529091726338794,False,365,goleiro_time1,0.9244218596455165,9,,,goleiro1,GOL-TIME1,0.84820136572627,0.8860242558276732,0.0,3
0.004264587653273916,False,365,time1,0.8008040930753756,5,,,time1,TIME1,0.8166974808121321,0.9298100750323657,0.0,10
0.002599531679502308,False,365,time0,0.6934588235221656,3,,,time0,TIME0,0.7864788647445562,0.9282594116221994,0.0,5
0.018041237178748414,False,365,time0,0.5445892784292435,7,,,time0,TIME0,0.7062587513054072,0.8873630469498442,0.0,8
0.0,False,366,time0,0.0,novo,0.04810071120951798,True,time0,TIME0,0.0,,,12
0.0,False,366,time0,1.0,4,,,time0,TIME0,0.8874000386606773,0.9496001546427091,0.0,7
0.0,False,366,time0,1.0,2,,,time0,TIME0,0.8807307217576829,0.9237796555359322,0.0,2
1.5191729922963395e-05,False,366,time0,0.9957858997875543,0,,,time0,TIME0,0.8766804215935493,0.9119822018695329,0.0,1
0.0002726783387120217,False,366,time1,0.9692118980875932,8,,,time1,TIME1,0.8719335805029937,0.9273098594498214,0.0,6
0.0008625218791785117,False,366,time0,0.9394629700590837,1,,,time0,TIME0,0.869084038645493,0.9554820702457321,0.0,9
0.0004528886576616152,False,366,time1,0.9330614055616728,6,,,time1,TIME1,0.8643122739794259,0.9395778276181158,0.0,4
0.0002682901406164929,False,366,time0,0.9886732525979581,7,,,time0,TIME0,0.8571957115076727,0.8918440923185271,0.0,8
0.0017738862493113237,False,366,goleiro_time1,0.8293526864354346,9,,,goleiro1,GOL-TIME1,0.8184688324008396,0.8903494736260311,0.0,3
0.00476494238186914,False,366,time1,0.7632030064916879,5,,,time1,TIME1,0.8065409140240976,0.9291044282694705,0.0,10
0.002733752087384943,False,366,time0,0.6969858423210603,3,,,time0,TIME0,0.7880252510497301,0.9269125908405752,0.0,5
0.0,False,367,time0,0.0,novo,0.04810071120951798,True,time0,TIME0,0.0,,,12
0.00015630164800633665,False,367,time0,0.9843956789023379,0,,,time0,TIME0,0.8730618168471787,0.9119822018695329,0.0,1
0.0006575828765694159,False,367,time0,0.935136593376372,1,,,time0,TIME0,0.8681810668821823,0.9554820702457321,0.0,9
0.0007777875531381836,False,367,time0,0.9435940182936895,7,,,time0,TIME0,0.8548017224327753,0.8918440923185271,0.0,8
0.00044828936216067937,False,367,time0,0.89987147264328,3,,,time0,TIME0,0.8497141353159501,0.9269125908405752,0.0,5
0.0009068349838423187,False,367,time1,0.8923219917043904,8,,,time1,TIME1,0.8482611172281306,0.9273098594498214,0.0,6
0.0009578021465914878,False,367,time1,0.8643446561944449,6,,,time1,TIME1,0.8429828613292212,0.9395778276181158,0.0,4
0.0010517838681768264,False,367,goleiro_time1,0.8879606533507233,9,,,goleiro1,GOL-TIME1,0.8375254951554385,0.8903494736260311,0.0,3
0.00187969936914463,False,367,time0,0.8043742804386615,2,,,time0,TIME0,0.8192667672010333,0.9237796555359322,0.0,2
0.002925902574790914,False,367,time1,0.7886487420774426,5,,,time1,TIME1,0.8149495652916428,0.9291044282694705,0.0,10
0.005488509000762556,False,367,time0,0.5926517552461041,4,,,time0,TIME0,0.756463846369659,0.9496001546427091,0.0,7
0.0,False,368,time0,0.0,novo,0.04810071120951798,True,time0,TIME0,0.0,,,12
9.679772343151271e-05,False,368,time0,0.9910866498989803,0,,,time0,TIME0,0.8750798944828952,0.9119822018695329,0.0,1
0.0,False,368,goleiro_time1,1.0,9,,,goleiro1,GOL-TIME1,0.8718702430418417,0.8903494736260311,0.0,3
0.0019176350086224454,False,368,time0,0.9041582317498456,1,,,time0,TIME0,0.857231926092547,0.9554820702457321,0.0,9
0.0007172295874089641,False,368,time1,0.909127153968924,8,,,time1,TIME1,0.8537368167302507,0.9273098594498214,0.0,6
0.0015006078988199824,False,368,time0,0.8726098130123141,4,,,time0,TIME0,0.8450368618286227,0.9496001546427091,0.0,7
0.001241521016583707,False,368,time1,0.8348688400230662,6,,,time1,TIME1,0.8337332289615156,0.9395778276181158,0.0,4
0.0012033286712968651,False,368,time0,0.8226446227034847,2,,,time0,TIME0,0.825956462644298,0.9237796555359322,0.0,2
0.005686735805986458,False,368,time1,0.645614375055747,5,,,time1,TIME1,0.7689081126909676,0.9291044282694705,0.0,10
0.005108793826640245,False,368,time0,0.574567374408087,3,,,time0,TIME0,0.7462736893289954,0.9269125908405752,0.0,5
0.018091823442838655,False,368,time0,0.5235994218561008,7,,,time0,TIME0,0.7012565779915763,0.8918440923185271,0.0,8
0.0,False,369,time0,0.0,novo,0.047174068938018454,True,time0,TIME0,0.0,,,12
0.0001941327407458216,False,369,time0,0.9812507514435841,1,,,time0,TIME0,0.8815526420620454,0.9550864147611964,0.0,9
1.2909588804759413e-05,False,369,time0,0.9985480334744997,0,,,time0,TIME0,0.8772855592767383,0.9112302046730973,0.0,1
0.0007407407448410297,False,369,time1,0.9067081740136063,8,,,time1,TIME1,0.8536557940704275,0.929934899479861,0.0,6
0.0016361728160604874,False,369,time0,0.8738004072129173,4,,,time0,TIME0,0.8473417687953538,0.948418058074096,0.0,7
0.0011897635449228746,False,369,time1,0.8488364045671467,6,,,time1,TIME1,0.837649953942817,0.9384972417544427,0.0,4
0.0011324676200661062,False,369,time0,0.8270791908654425,2,,,time0,TIME0,0.8279494969088841,0.9237796555359322,0.0,2
0.0023567559655433817,False,369,time0,0.8049446484989428,3,,,time0,TIME0,0.8189524461962541,0.9261666839880152,0.0,5
0.0018013898923269797,False,369,goleiro_time1,0.787655017714311,9,,,goleiro1,GOL-TIME1,0.8060180261648264,0.8903494736260311,0.0,3
0.006175558863195321,False,369,time1,0.6246481480439999,5,,,time1,TIME1,0.7634668414185158,0.9281932437465746,0.0,10
0.01867139007570824,False,369,time0,0.4693163202529532,7,,,time0,TIME0,0.6722525885563737,0.8939088244051063,0.0,8
0.0,False,370,time0,0.0,novo,0.047174068938018454,True,time0,TIME0,0.0,,,12
2.4960337188426142e-05,False,370,time0,0.9985067839085606,0,,,time0,TIME0,0.8773276834647916,0.9112302046730973,0.0,1
0.000290502980516601,False,370,time0,0.9613405752579147,1,,,time0,TIME0,0.8767204231436041,0.9550864147611964,0.0,9
0.0009124042823212366,False,370,time0,0.922049285176798,4,,,time0,TIME0,0.8622488552298289,0.948418058074096,0.0,7
0.0005085684013013557,False,370,time1,0.9326309648986018,8,,,time1,TIME1,0.8616427495719378,0.929934899479861,0.0,6
0.001114940193870654,False,370,time1,0.869471759064355,6,,,time1,TIME1,0.8441064265689355,0.9384972417544427,0.0,4
0.0017711807933066257,False,370,time0,0.8636089055399137,3,,,time0,TIME0,0.8383719362027455,0.9261666839880152,0.0,5
0.0009714297752494151,False,370,goleiro_time1,0.887300951926962,9,,,goleiro1,GOL-TIME1,0.8372889074853052,0.8903494736260311,0.0,3
0.0011106710646553199,False,370,time0,0.8324604351197235,2,,,time0,TIME0,0.8296192150521946,0.9237796555359322,0.0,2
0.005662038069074685,False,370,time1,0.6610734621457482,5,,,time1,TIME1,0.7746870059253436,0.9281932437465746,0.0,10
0.018047331557291248,False,370,time0,0.4822825382441625,7,,,time0,TIME0,0.676719859203021,0.8939088244051063,0.0,8
0.0,False,371,time0,0.0,novo,0.047174068938018454,True,time0,TIME0,0.0,,,12
0.00010255653903253432,False,371,time0,0.9866769480180714,0,,,time0,TIME0,0.873633328797032,0.9112302046730973,0.0,1
0.000778129337137277,False,371,time0,0.9351916754138918,4,,,time0,TIME0,0.8667885535070107,0.948418058074096,0.0,7
0.0007515734255877131,False,371,time1,0.9105274793851893,6,,,time1,TIME1,0.8568483915245189,0.9384972417544427,0.0,4
0.001309885223328882,False,371,time0,0.9003429929554309,1,,,time0,TIME0,0.8568206334503643,0.9550864147611964,0.0,9
0.0003104615020418074,False,371,time0,0.9851546224768328,7,,,time0,TIME0,0.8562289177394924,0.8939088244051063,0.0,8
0.0006871434129291777,False,371,time1,0.9020218180855535,8,,,time1,TIME1,0.8523353030599025,0.929934899479861,0.0,6
0.0007837648920957579,False,371,goleiro_time1,0.9200472322652655,9,,,goleiro1,GOL-TIME1,0.8477362050972779,0.8903494736260311,0.0,3
0.0011213868580138616,False,371,time0,0.8400842776446855,2,,,time0,TIME0,0.8314169524096426,0.9237796555359322,0.0,2
0.0031006281153955497,False,371,time0,0.7640486586362151,3,,,time0,TIME0,0.8068551711255176,0.9261666839880152,0.0,5
0.006574719147224785,False,371,time1,0.6390903087171105,5,,,time1,TIME1,0.7671581821043254,0.9281932437465746,0.0,10
0.0,False,372,time0,0.0,novo,0.04628712473743113,True,time0,TIME0,0.0,,,12
3.9731695495241784e-05,False,372,time0,0.9950105166313438,0,,,time0,TIME0,0.8761754626145519,0.9111899585410537,0.0,1
0.00016181676431054295,False,372,time0,0.9923485848511852,7,,,time0,TIME0,0.870789208540385,0.8933332903180248,0.0,8
0.0006553229522672617,False,372,time0,0.9247474003487655,4,,,time0,TIME0,0.8634186805592077,0.9466998687802415,0.0,7
0.00047914174767479966,False,372,time1,0.924778382183666,6,,,time1,TIME1,0.8609060207957172,0.9364823800739724,0.0,4
0.000546568267963801,False,372,time1,0.9209276484929321,8,,,time1,TIME1,0.858518417297081,0.9313750832815286,0.0,6
0.001919626558669708,False,372,time0,0.8940147134422841,1,,,time0,TIME0,0.8531651607801674,0.955454574656218,0.0,9
0.0007368149723283622,False,372,goleiro_time1,0.8883264771359094,9,,,goleiro1,GOL-TIME1,0.839004545496999,0.8950186269727647,0.0,3
0.0013212780909418248,False,372,time0,0.7923216492730584,2,,,time0,TIME0,0.8171090279438926,0.9233998514501209,0.0,2
0.002810382728504508,False,372,time0,0.7947145030211074,3,,,time0,TIME0,0.8167154116771616,0.9278068689985385,0.0,5
0.005435293582157098,False,372,time1,0.7326589703374697,5,,,time1,TIME1,0.7954243396432923,0.9279585419709677,0.0,10
0.0,False,373,time0,0.0,novo,0.04628712473743113,True,time0,TIME0,0.0,,,12
3.7876970658837786e-05,False,373,time0,0.9960106878574686,0,,,time0,TIME0,0.8765573982760786,0.9111899585410537,0.0,1
0.00039695766194298055,False,373,time0,0.961021627880561,1,,,time0,TIME0,0.8756120019519971,0.955454574656218,0.0,9
0.0004067433533351606,False,373,time1,0.9364084047250057,6,,,time1,TIME1,0.8645115140567409,0.9364823800739724,0.0,4
0.0005724532946085096,False,373,time0,0.9735698440658731,7,,,time0,TIME0,0.8643832250540198,0.8933332903180248,0.0,8
0.0007957391019746366,False,373,time0,0.9282163300442902,4,,,time0,TIME0,0.8642962491312292,0.9466998687802415,0.0,7
0.0005659973971733566,False,373,time1,0.9193021964426037,8,,,time1,TIME1,0.8579998468160064,0.9313750832815286,0.0,6
0.0009016393800253159,False,373,goleiro_time1,0.8735993219853992,9,,,goleiro1,GOL-TIME1,0.8348198467925737,0.8950186269727647,0.0,3
0.002374614369742409,False,373,time0,0.7888313035565018,3,,,time0,TIME0,0.8158628765813897,0.9278068689985385,0.0,5
0.0017093295071842214,False,373,time0,0.7858194507042905,2,,,time0,TIME0,0.8145598007831898,0.9233998514501209,0.0,2
0.0076371857312527444,False,373,time1,0.6937711805813938,5,,,time1,TIME1,0.7811617082051407,0.9279585419709677,0.0,10
0.0,False,374,time0,0.0,novo,0.04628712473743113,True,time0,TIME0,0.0,,,12
0.0,False,374,time0,1.0,2,,,time0,TIME0,0.8796845109258137,0.9233998514501209,0.0,2
0.00016059459607094693,False,374,time0,0.9830673928027214,0,,,time0,TIME0,0.8724373472021967,0.9111899585410537,0.0,1
0.00017210597450797782,False,374,time0,0.9878454566112341,7,,,time0,TIME0,0.869126889807689,0.8933332903180248,0.0,8
0.0004939716321157928,False,374,time1,0.9505725753346177,6,,,time1,TIME1,0.8685426096927785,0.9364823800739724,0.0,4
0.0005482991043445443,False,374,time0,0.9417145264404131,4,,,time0,TIME0,0.8685195215309811,0.9466998687802415,0.0,7
0.0012153271819825666,False,374,time1,0.8438619693674371,8,,,time1,TIME1,0.8344544943330185,0.9313750832815286,0.0,6
0.0037921998557275565,False,374,time0,0.820277543381009,1,,,time0,TIME0,0.8287864705268617,0.955454574656218,0.0,9
0.001116682850894382,False,374,goleiro_time1,0.8495432046988222,9,,,goleiro1,GOL-TIME1,0.8273667136153744,0.8950186269727647,0.0,3
0.005079151103835697,False,374,time1,0.8093855783885874,5,,,time1,TIME1,0.8183786495633196,0.9279585419709677,0.0,10
0.002453043574961107,False,374,time0,0.7562595610222349,3,,,time0,TIME0,0.8063226504362571,0.9278068689985385,0.0,5
0.0,False,375,time0,0.0,novo,0.044432834645849684,True,time0,TIME0,0.0,,,12
1.4495469319125347e-05,False,375,time0,0.9991306037000928,0,,,time0,TIME0,0.8775156576451002,0.9116023567383411,0.0,1
7.665357849385524e-05,False,375,time0,0.9964978887629953,7,,,time0,TIME0,0.8718057212506507,0.8922290434014208,0.0,8
0.00045536941998485485,False,375,time0,0.9457098118304011,4,,,time0,TIME0,0.8699067921023298,0.946770669688165,0.0,7
0.00018095325650766428,False,375,time0,0.94300595380274,1,,,time0,TIME0,0.868645263938749,0.9544495253809597,0.0,9
0.0009559308322690063,False,375,time1,0.8664294418743133,6,,,time1,TIME1,0.8425721968033164,0.9357839335758973,0.0,4
0.004725211222234592,False,375,time1,0.8246052404660358,5,,,time1,TIME1,0.8246240221973153,0.9274426695386833,0.0,10
0.0013836282792235113,False,375,goleiro_time1,0.828324060935014,9,,,goleiro1,GOL-TIME1,0.8211006857004315,0.8971486349922131,0.0,3
0.0020946532466424037,False,375,time0,0.7814403092124013,3,,,time0,TIME0,0.8143018546610774,0.9280776221999458,0.0,5
0.002585376535626543,False,375,time1,0.7511948618348129,8,,,time1,TIME1,0.8053840694086151,0.9334070871108158,0.0,6
0.002429104997283775,False,375,time0,0.738319006148016,2,,,time0,TIME0,0.7984014694031342,0.9230810111267234,0.0,2
0.0,False,376,time0,0.0,novo,0.044432834645849684,True,time0,TIME0,0.0,,,12
0.00037439763504601995,False,376,time0,0.9577806922430698,1,,,time0,TIME0,0.8754551963454889,0.9544495253809597,0.0,9
0.00013434429633829537,False,376,time0,0.9830282423982201,0,,,time0,TIME0,0.8725925419631564,0.9116023567383411,0.0,1
8.97641174366633e-05,False,376,time0,0.9940896350025645,7,,,time0,TIME0,0.8710891939862051,0.8922290434014208,0.0,8
0.0006657019841316693,False,376,time0,0.9348513137661786,4,,,time0,TIME0,0.8663932643733874,0.946770669688165,0.0,7
0.0006792939479311489,False,376,time1,0.9102099259591381,6,,,time1,TIME1,0.8561237464294618,0.9357839335758973,0.0,4
0.0009052098229952123,False,376,time1,0.9073418243889632,8,,,time1,TIME1,0.8535251911631251,0.9334070871108158,0.0,6
0.0004977011718084377,False,376,goleiro_time1,0.9338370580429322,9,,,goleiro1,GOL-TIME1,0.853381775155176,0.8971486349922131,0.0,3
0.004118575012535521,False,376,time1,0.8497065331739062,5,,,time1,TIME1,0.8324243012893612,0.9274426695386833,0.0,10
0.0016800465783712963,False,376,time0,0.8157928650584289,2,,,time0,TIME0,0.823418742291947,0.9230810111267234,0.0,2
0.0021558993970157824,False,376,time0,0.7305865053579651,3,,,time0,TIME0,0.7982023991096505,0.9280776221999458,0.0,5
0.0,False,377,time0,0.0,novo,0.044432834645849684,True,time0,TIME0,0.0,,,12
3.874264568184941e-05,False,377,time0,0.9958065378498031,0,,,time0,TIME0,0.8765380403976852,0.9116023567383411,0.0,1
7.34916262524285e-05,False,377,time0,0.9959314405337253,7,,,time0,TIME0,0.8716596702543891,0.8922290434014208,0.0,8
0.0002547542868219112,False,377,time0,0.9422864491602068,1,,,time0,TIME0,0.8707527128242594,0.9544495253809597,0.0,9
0.0007801775552455442,False,377,time0,0.9446015732314766,4,,,time0,TIME0,0.8690330805749709,0.946770669688165,0.0,7
0.0007196784390693822,False,377,time1,0.9045945769285302,6,,,time1,TIME1,0.8546376363948845,0.9357839335758973,0.0,4
0.0006690650331594112,False,377,goleiro_time1,0.9110801375989276,9,,,goleiro1,GOL-TIME1,0.8468830618380027,0.8971486349922131,0.0,3
0.0009590385959941749,False,377,time0,0.8883892831939281,2,,,time0,TIME0,0.8458111472390517,0.9230810111267234,0.0,2
0.0018510315196259024,False,377,time1,0.8338083479713875,8,,,time1,TIME1,0.8311640668449382,0.9334070871108158,0.0,6
0.004670747787245328,False,377,time1,0.7912554931427991,5,,,time1,TIME1,0.8144605195664397,0.9274426695386833,0.0,10
0.0034616459747935234,False,377,time0,0.641165125648977,3,,,time0,TIME0,0.770310325245239,0.9280776221999458,0.0,5
0.0,False,378,time0,0.0,novo,0.04163911800781428,True,time0,TIME0,0.0,,,12
3.3063441064975375e-06,False,378,time0,0.9988483291762615,0,,,time0,TIME0,0.8776929088716028,0.9122773520432026,0.0,1
1.935308296732755e-05,False,378,time0,0.9985862127955267,7,,,time0,TIME0,0.8724230643266384,0.8916189049092706,0.0,8
0.00046602108762351316,False,378,time0,0.9484088277342203,2,,,time0,TIME0,0.8646589611076332,0.9239047034825438,0.0,2
0.0009155836801575405,False,378,time0,0.9232822684802003,4,,,time0,TIME0,0.8627113955071688,0.9468342481220123,0.0,7
0.000186145334424721,False,378,goleiro_time1,0.9536176026690775,9,,,goleiro1,GOL-TIME1,0.8606585989181893,0.9004556794652155,0.0,3
0.0009969534351989267,False,378,time0,0.9004232969907193,1,,,time0,TIME0,0.8570689755219605,0.9537426892805743,0.0,9
0.0012777788350109042,False,378,time1,0.8874518675421784,8,,,time1,TIME1,0.8482959453448338,0.9347068656836511,0.0,6
0.0010679327943242806,False,378,time1,0.8470391740509619,6,,,time1,TIME1,0.8368459405488602,0.9357839335758973,0.0,4
0.0021918783903191828,False,378,time0,0.7787754310225279,3,,,time0,TIME0,0.8128146549404602,0.9288951885954082,0.0,5
0.005587348245629057,False,378,time1,0.7116556845371772,5,,,time1,TIME1,0.7899308394229105,0.9285627837635142,0.0,10
0.0,False,379,time0,0.0,novo,0.04163911800781428,True,time0,TIME0,0.0,,,12
0.00012893392970191273,False,379,time0,0.9832882324474748,0,,,time0,TIME0,0.8728500609014518,0.9122773520432026,0.0,1
0.0001429944450183326,False,379,time0,0.993012002038233,7,,,time0,TIME0,0.8705932060333335,0.8916189049092706,0.0,8
0.0008709034760403507,False,379,time0,0.9127364201364064,4,,,time0,TIME0,0.859479978488271,0.9468342481220123,0.0,7
0.0009141807271055995,False,379,time1,0.9195539597882019,8,,,time1,TIME1,0.858033790309103,0.9347068656836511,0.0,6
0.0005743307982805367,False,379,goleiro_time1,0.9242401044401747,9,,,goleiro1,GOL-TIME1,0.8514614617083355,0.9004556794652155,0.0,3
0.0006986941089555357,False,379,time0,0.8892851143129987,2,,,time0,TIME0,0.8467236419479904,0.9239047034825438,0.0,2
0.001021104682985239,False,379,time0,0.8357996235567008,1,,,time0,TIME0,0.8371132823466507,0.9537426892805743,0.0,9
0.001707823770343923,False,379,time1,0.7650004861681045,6,,,time1,TIME1,0.8114366634169358,0.9357839335758973,0.0,4
0.003851581084057493,False,379,time0,0.6675057126388741,3,,,time0,TIME0,0.7776346530133877,0.9288951885954082,0.0,5
0.0061108470829353365,False,379,time1,0.6304446088175548,5,,,time1,TIME1,0.7651648853255417,0.9285627837635142,0.0,10
0.0,False,380,time0,0.0,novo,0.04163911800781428,True,time0,TIME0,0.0,,,12
0.00010368364748761183,False,380,time0,0.9902232096127391,0,,,time0,TIME0,0.8749399868220917,0.9122773520432026,0.0,1
2.1670292045899394e-05,False,380,time0,0.9976539647460126,7,,,time0,TIME0,0.8720764940126298,0.8916189049092706,0.0,8
0.0014516861638985475,False,380,time1,0.8983997193094134,8,,,time1,TIME1,0.8514173194014789,0.9347068656836511,0.0,6
0.001180244122392093,False,380,time0,0.8792979402438309,4,,,time0,TIME0,0.8490110321215708,0.9468342481220123,0.0,7
0.0007407311056900978,False,380,goleiro_time1,0.8915568502326576,9,,,goleiro1,GOL-TIME1,0.8412136482782449,0.9004556794652155,0.0,3
0.001119723952281001,False,380,time0,0.8595535176100549,2,,,time0,TIME0,0.8375034350681245,0.9239047034825438,0.0,2
0.0011981101364471193,False,380,time0,0.8260574812668937,1,,,time0,TIME0,0.8344025318338644,0.9537426892805743,0.0,9
0.0011962172101336011,False,380,time1,0.8019335804459361,6,,,time1,TIME1,0.822586130645113,0.9357839335758973,0.0,4
0.003227858819810901,False,380,time0,0.745436005565055,3,,,time0,TIME0,0.8013814280099893,0.9288951885954082,0.0,5
0.006593621217807863,False,380,time1,0.610283443389795,5,,,time1,TIME1,0.7588983269505563,0.9285627837635142,0.0,10
0.0,False,381,time0,0.0,novo,0.04033374997602723,True,time0,TIME0,0.0,,,12
8.922300594277437e-05,False,381,time0,0.9924514201386182,0,,,time0,TIME0,0.8755108197682702,0.9119430535624364,0.0,1
0.00019820539616235958,False,381,time1,0.9654211991118744,8,,,time1,TIME1,0.8722227412739119,0.9355122797831912,0.0,6
5.862938089880037e-05,False,381,time0,0.9966521890665802,7,,,time0,TIME0,0.8716451167072958,0.8910016325774996,0.0,8
0.0005321180646047752,False,381,time0,0.9257675353556205,2,,,time0,TIME0,0.8576918033685987,0.9235655016803295,0.0,2
0.0010450011527927113,False,381,time0,0.8957438743016948,4,,,time0,TIME0,0.8542121478074146,0.9462409204107582,0.0,7
0.0011383669833658792,False,381,time0,0.8582339148265656,1,,,time0,TIME0,0.8438491429288972,0.9530190780213013,0.0,9
0.0010077683596149461,False,381,goleiro_time1,0.8617685428868576,9,,,goleiro1,GOL-TIME1,0.833109853804952,0.9038952193339376,0.0,3
0.002571180805852118,False,381,time0,0.8000874083907638,3,,,time0,TIME0,0.8194331724714787,0.92942102896433,0.0,5
0.001672624533618534,False,381,time1,0.7438613536354745,6,,,time1,TIME1,0.8051192706304293,0.9357839335758973,0.0,4
0.0056393968196480305,False,381,time1,0.6735717644141532,5,,,time1,TIME1,0.7781217330436212,0.9283561153502757,0.0,10
0.0004080134636675491,True,381,excluido,0.9241903065197348,10,,,excluir,EXCLUÍDO,0.6266079796273585,0.0,0.0,18
0.0,False,382,time0,0.0,novo,0.04033374997602723,True,time0,TIME0,0.0,,,12
1.5091237018339071e-05,False,382,time0,0.9976439548407103,0,,,time0,TIME0,0.8772006662135723,0.9119430535624364,0.0,1
0.00011578104191047128,False,382,time0,0.9942571005554072,7,,,time0,TIME0,0.8708831843208138,0.8910016325774996,0.0,8
0.0009403139872529892,False,382,time1,0.9500037167565483,8,,,time1,TIME1,0.867255438659525,0.9355122797831912,0.0,6
0.0007041071517246113,False,382,time0,0.9161261987510838,2,,,time0,TIME0,0.854970909312152,0.9235655016803295,0.0,2
0.0015221220778408393,False,382,time0,0.8734734682541706,1,,,time0,TIME0,0.847105358502333,0.9530190780213013,0.0,9
0.001881298250622354,False,382,time0,0.8298201081260949,4,,,time0,TIME0,0.8332186858318875,0.9462409204107582,0.0,7
0.0015520468726410777,False,382,time0,0.8418700538258743,3,,,time0,TIME0,0.8324082079169288,0.92942102896433,0.0,5
0.0017098447451677143,False,382,time1,0.7563935410244107,6,,,time1,TIME1,0.8092770011088448,0.9357839335758973,0.0,4
0.001973076563769423,False,382,goleiro_time1,0.7629577585112375,9,,,goleiro1,GOL-TIME1,0.8024092609049757,0.9038952193339376,0.0,3
0.006824329729447605,False,382,time1,0.6599307826510392,5,,,time1,TIME1,0.7728778592532157,0.9283561153502757,0.0,10
1.408995753220194e-05,True,382,excluido,0.9936674981709186,10,,,excluir,EXCLUÍDO,0.6478125280901803,0.0,0.0,18
0.0,False,383,time0,0.0,novo,0.04033374997602723,True,time0,TIME0,0.0,,,12
1.136325813886731e-05,False,383,time0,0.997479644822006,0,,,time0,TIME0,0.8772162062959374,0.9119430535624364,0.0,1
0.0005486815757070446,False,383,time1,0.9662009033393434,8,,,time1,TIME1,0.8729702229064138,0.9355122797831912,0.0,6
4.5036801969294176e-05,False,383,time0,0.9964393390100874,7,,,time0,TIME0,0.8715760230582721,0.8910016325774996,0.0,8
0.0011984780476184751,False,383,time0,0.9136016506128777,2,,,time0,TIME0,0.8534407111948696,0.9235655016803295,0.0,2
0.0018418235938673388,False,383,time0,0.8508609120538966,3,,,time0,TIME0,0.8350725759797316,0.92942102896433,0.0,5
0.0022328910497039314,False,383,time0,0.8183653657732235,4,,,time0,TIME0,0.8297945688108552,0.9462409204107582,0.0,7
0.0013970104646592904,False,383,goleiro_time1,0.8436413726160187,9,,,goleiro1,GOL-TIME1,0.8270922311563802,0.9038952193339376,0.0,3
0.005064897742085173,False,383,time1,0.7598560933455636,5,,,time1,TIME1,0.804068553119603,0.9283561153502757,0.0,10
0.0021550951874338277,False,383,time1,0.7369637882797779,6,,,time1,TIME1,0.8027494976339595,0.9357839335758973,0.0,4
0.006737007545043947,False,383,time0,0.648374029958135,1,,,time0,TIME0,0.7730325462604276,0.9530190780213013,0.0,9
3.214464686901204e-05,True,383,excluido,0.9935689299647609,10,,,excluir,EXCLUÍDO,0.6480280318232698,0.0,0.0,18
0.0,False,384,time0,0.0,novo,0.038584813621563296,True,time0,TIME0,0.0,,,12
0.00011818911742582894,False,384,time0,0.9870224427076398,0,,,time0,TIME0,0.8738357229892598,0.9116389574454034,0.0,1
0.0005456426558124787,False,384,time1,0.9580122221260904,8,,,time1,TIME1,0.8708847571698083,0.9366512497700722,0.0,6
0.00023826634158971,False,384,time0,0.9804316075787963,7,,,time0,TIME0,0.8665133125611324,0.8911053317103252,0.0,8
0.0008539945789404819,False,384,time0,0.8985588239464325,2,,,time0,TIME0,0.8492904299029971,0.9235679591875074,0.0,2
0.0007678489797389874,False,384,goleiro_time1,0.8991179865567722,9,,,goleiro1,GOL-TIME1,0.8439876133711128,0.9038263518958796,0.0,3
0.0018687003876781858,False,384,time0,0.8538163239378064,4,,,time0,TIME0,0.8406668969081582,0.9458796033337338,0.0,7
0.0014396796374978606,False,384,time1,0.8439621436397942,6,,,time1,TIME1,0.8351360389317404,0.9350151870586159,0.0,4
0.0014252136056383574,False,384,time0,0.8369134934394756,3,,,time0,TIME0,0.8318208062965582,0.9313033013823666,0.0,5
0.004595038040166365,False,384,time0,0.7480934297436007,1,,,time0,TIME0,0.8009941670751861,0.9534659202816747,0.0,9
0.009736781122775017,False,384,time1,0.6403647106090142,5,,,time1,TIME1,0.7622008316323835,0.9287063123678654,0.0,10
6.226413507882001e-06,True,384,excluido,0.9984138323205269,10,,,excluir,EXCLUÍDO,0.6494991146982112,0.0,0.0,18
0.0,False,385,time0,0.0,novo,0.038584813621563296,True,time0,TIME0,0.0,,,12
3.891755822198212e-05,False,385,time0,0.9957600088027458,0,,,time0,TIME0,0.8764958026538899,0.9116389574454034,0.0,1
0.00016585031775034038,False,385,time0,0.9888922005603809,7,,,time0,TIME0,0.8691053843436081,0.8911053317103252,0.0,8
0.00039425136885412273,False,385,time1,0.945590492631349,8,,,time1,TIME1,0.8669461210165587,0.9366512497700722,0.0,6
0.001195552413113545,False,385,time0,0.9206559168275461,1,,,time0,TIME0,0.8607744462701323,0.9534659202816747,0.0,9
0.001044139311234659,False,385,goleiro_time1,0.9025093869319326,9,,,goleiro1,GOL-TIME1,0.8449398790265474,0.9038263518958796,0.0,3
0.0017200190211733805,False,385,time1,0.8270053358123948,6,,,time1,TIME1,0.8300753386073842,0.9350151870586159,0.0,4
0.002659137347851836,False,385,time0,0.8158995775925275,4,,,time0,TIME0,0.8282829554079656,0.9458796033337338,0.0,7
0.0044881319420821365,False,385,time1,0.8151636995059448,5,,,time1,TIME1,0.8189223419014976,0.9287063123678654,0.0,10
0.0016620414561486117,False,385,time0,0.7978782962997866,2,,,time0,TIME0,0.8181754459152104,0.9235679591875074,0.0,2
0.005200982260293277,False,385,time0,0.5968642210517436,3,,,time0,TIME0,0.7545255739127914,0.9313033013823666,0.0,5
0.0,True,385,excluido,1.0,10,,,excluir,EXCLUÍDO,0.6499957547180628,0.0,0.0,18
0.0,False,386,time0,0.0,novo,0.038584813621563296,True,time0,TIME0,0.0,,,12
6.361921262420861e-06,False,386,time0,0.9940298277837029,0,,,time0,TIME0,0.8760837063616213,0.9116389574454034,0.0,1
4.701757455799851e-06,False,386,time0,0.9946859139940553,7,,,time0,TIME0,0.8710676520825589,0.8911053317103252,0.0,8
0.0009860648473768387,False,386,time0,0.9194953584026728,1,,,time0,TIME0,0.8624303493551884,0.9534659202816747,0.0,9
0.0010413531907563737,False,386,time0,0.9224862327682996,4,,,time0,TIME0,0.8611481183209251,0.9458796033337338,0.0,7
0.0006550294654875742,False,386,time1,0.8940251007230774,8,,,time1,TIME1,0.851104494791879,0.9366512497700722,0.0,6
0.0010450685253844873,False,386,time1,0.8932221555067941,6,,,time1,TIME1,0.8502801407418357,0.9350151870586159,0.0,4
0.001232431195790245,False,386,goleiro_time1,0.872890772117543,9,,,goleiro1,GOL-TIME1,0.8360771959595953,0.9038263518958796,0.0,3
0.0013930133624297273,False,386,time0,0.8292142716411067,2,,,time0,TIME0,0.8282035633557104,0.9235679591875074,0.0,2
0.005087794276814401,False,386,time1,0.8156219600527962,5,,,time1,TIME1,0.8207179843969229,0.9287063123678654,0.0,10
0.003125208153201208,False,386,time0,0.7358648824098595,3,,,time0,TIME0,0.7990957493069082,0.9313033013823666,0.0,5
0.0,True,386,excluido,1.0,10,,,excluir,EXCLUÍDO,0.65,0.0,0.0,18
0.0,False,387,time0,0.0,novo,0.039775788117159205,True,time0,TIME0,0.0,,,12
3.103736843035811e-05,False,387,time0,0.9964286395540948,0,,,time0,TIME0,0.8766595197845373,0.9111201803757336,0.0,1
0.00016801561349314925,False,387,time0,0.985249158139729,7,,,time0,TIME0,0.8670560120081994,0.8869852808709562,0.0,8
0.0010004694930646181,False,387,time1,0.9337722480878217,6,,,time1,TIME1,0.8623391443142053,0.9350237050760736,0.0,4
0.0010879807062912862,False,387,time0,0.9147279704480801,4,,,time0,TIME0,0.8594700975989104,0.945003793133493,0.0,7
0.0018786879685500145,False,387,time0,0.8819407774656767,1,,,time0,TIME0,0.849801457605845,0.9543670742284658,0.0,9
0.0007647481156165912,False,387,goleiro_time1,0.9042691832686196,9,,,goleiro1,GOL-TIME1,0.8461467111711015,0.9040890295627779,0.0,3
0.001975467681988997,False,387,time1,0.8446423621430842,8,,,time1,TIME1,0.8341661512185148,0.9374499558736931,0.0,6
0.0018811074968986504,False,387,time0,0.8260982731560244,3,,,time0,TIME0,0.8283405113572955,0.934204050253433,0.0,5
0.001409516907866726,False,387,time0,0.8239209733295935,2,,,time0,TIME0,0.8259695768026101,0.9230853562846517,0.0,2
0.004982051776444764,False,387,time1,0.8016994864005383,5,,,time1,TIME1,0.8175786921544794,0.9291234163500535,0.0,10
0.0,True,387,excluido,1.0,10,,,excluir,EXCLUÍDO,0.65,0.0,0.0,18
0.0,False,388,time0,0.0,novo,0.039775788117159205,True,time0,TIME0,0.0,,,12
2.611086338995332e-05,False,388,time0,0.9957890408105211,0,,,time0,TIME0,0.8764762546359186,0.9111201803757336,0.0,1
0.0003233294387753733,False,388,time0,0.9749532295985633,7,,,time0,TIME0,0.8638118468075053,0.8869852808709562,0.0,8
0.00021760231031485363,False,388,goleiro_time1,0.9582011862581215,9,,,goleiro1,GOL-TIME1,0.8628833265581968,0.9040890295627779,0.0,3
0.0011428371142443287,False,388,time0,0.9160544727406793,4,,,time0,TIME0,0.859626510246629,0.945003793133493,0.0,7
0.00186734847139381,False,388,time0,0.8833983683820406,1,,,time0,TIME0,0.8495377995308462,0.9543670742284658,0.0,9
0.0019743085487232575,False,388,time1,0.8708908438577329,6,,,time1,TIME1,0.8425085945446679,0.9350237050760736,0.0,4
0.004107956523869018,False,388,time1,0.8224134566931124,5,,,time1,TIME1,0.8244290291775325,0.9291234163500535,0.0,10
0.001458487954655033,False,388,time0,0.8038009705528684,2,,,time0,TIME0,0.8203392540318695,0.9230853562846517,0.0,2
0.0014214056336965513,False,388,time0,0.7851075063038694,3,,,time0,TIME0,0.8174469171767447,0.934204050253433,0.0,5
0.0029450473490479803,False,388,time1,0.7369311272164766,8,,,time1,TIME1,0.8020276972239542,0.9374499558736931,0.0,6
0.0,True,388,excluido,1.0,10,,,excluir,EXCLUÍDO,0.65,0.0,0.0,18
0.0,False,389,time0,0.0,novo,0.039775788117159205,True,time0,TIME0,0.0,,,12
7.4985087443768854e-06,False,389,time0,0.9984245679731333,0,,,time0,TIME0,0.8772813380190858,0.9111201803757336,0.0,1
5.1991525465169224e-05,False,389,time0,0.9958412005133456,7,,,time0,TIME0,0.8702637235253956,0.8869852808709562,0.0,8
0.0008467445169332929,False,389,time0,0.9342702725872162,4,,,time0,TIME0,0.8655338629699142,0.945003793133493,0.0,7
0.0003483427310492312,False,389,goleiro_time1,0.9594862704146954,9,,,goleiro1,GOL-TIME1,0.8633380626383722,0.9040890295627779,0.0,3
0.0012520716253347011,False,389,time1,0.8846124540164273,6,,,time1,TIME1,0.8474048376293133,0.9350237050760736,0.0,4
0.0022965435380088817,False,389,time0,0.8566704327364811,1,,,time0,TIME0,0.843211688802092,0.9543670742284658,0.0,9
0.001644389431244272,False,389,time1,0.8210621547628502,8,,,time1,TIME1,0.828296325656087,0.9374499558736931,0.0,6
0.0013646583287249242,False,389,time0,0.8245193956994924,2,,,time0,TIME0,0.8266417519623825,0.9230853562846517,0.0,2
0.004079013501957373,False,389,time1,0.7857090095203919,5,,,time1,TIME1,0.8137611253364445,0.9291234163500535,0.0,10
0.0029998334419315937,False,389,time0,0.7435676521628335,3,,,time0,TIME0,0.8020625512904647,0.934204050253433,0.0,5
0.0,True,389,excluido,1.0,10,,,excluir,EXCLUÍDO,0.65,0.0,0.0,18
0.0,False,390,time0,0.0,novo,0.04112449814885055,True,time0,TIME0,0.0,,,12
4.209473889503314e-06,False,390,time0,0.9986876336796646,0,,,time0,TIME0,0.8773518769312572,0.9110262671933782,0.0,1
0.0002448625394032943,False,390,time1,0.9659867221704346,8,,,time1,TIME1,0.8733858363080237,0.9391026910572652,0.0,6
0.0003835163986584641,False,390,time0,0.9714958161196132,7,,,time0,TIME0,0.8629183919179421,0.8882060192478688,0.0,8
0.0011252409964153936,False,390,time0,0.9077304311453771,4,,,time0,TIME0,0.8571367578639132,0.9447839391986815,0.0,7
0.0006903845520638188,False,390,goleiro_time1,0.9250225933458043,9,,,goleiro1,GOL-TIME1,0.8528332242429065,0.9048518497989853,0.0,3
0.0011995617925774527,False,390,time0,0.8656123069583836,3,,,time0,TIME0,0.8412554336214177,0.9362468085749999,0.0,5
0.0016204621161538181,False,390,time0,0.8265902648397611,2,,,time0,TIME0,0.8267387099705001,0.9241523472712014,0.0,2
0.003363054100979357,False,390,time1,0.8010692110626103,5,,,time1,TIME1,0.8186155717350593,0.9281724151926359,0.0,10
0.006833602795573519,False,390,time0,0.622468809812003,1,,,time0,TIME0,0.7662481003143029,0.9556193376583388,0.0,9
0.004812361322427929,False,390,time1,0.5385734615086704,6,,,time1,TIME1,0.7372802737669811,0.9350237050760736,0.0,4
0.0,False,391,time0,0.0,novo,0.04112449814885055,True,time0,TIME0,0.0,,,12
0.00036507244140651467,False,391,goleiro_time1,0.9493243873513896,9,,,goleiro1,GOL-TIME1,0.860294326153788,0.9048518497989853,0.0,3
0.0014380181522714532,False,391,time0,0.9116204442146818,4,,,time0,TIME0,0.8578533113594953,0.9447839391986815,0.0,7
0.0005645041404968963,False,391,time0,0.9149879505688219,2,,,time0,TIME0,0.8542667165375273,0.9241523472712014,0.0,2
0.0007098249438602526,False,391,time0,0.9233589211387945,0,,,time0,TIME0,0.8536378281849186,0.9110262671933782,0.0,1
0.0006665707252924937,False,391,time0,0.9408520504223553,7,,,time0,TIME0,0.8534135978698235,0.8882060192478688,0.0,8
0.001592973895779653,False,391,time1,0.9034042345821869,8,,,time1,TIME1,0.853354808214181,0.9391026910572652,0.0,6
0.0006694475045219117,False,391,time1,0.8965737521113345,6,,,time1,TIME1,0.8491778678911625,0.9350237050760736,0.0,4
0.004032548330017102,False,391,time1,0.7671666500674981,5,,,time1,TIME1,0.8079428018290155,0.9281724151926359,0.0,10
0.004499237867391551,False,391,time0,0.7278706100684702,1,,,time0,TIME0,0.8009832288658729,0.9556193376583388,0.0,9
0.002538770936476907,False,391,time0,0.7330431126742191,3,,,time0,TIME0,0.8006685975150388,0.9362468085749999,0.0,5
0.0,False,392,time0,0.0,novo,0.04112449814885055,True,time0,TIME0,0.0,,,12
5.243560812429995e-05,False,392,time0,0.9678027827011745,2,,,time0,TIME0,0.8709110330132631,0.9241523472712014,0.0,2
0.0003292996498344953,False,392,time0,0.9692713139162399,0,,,time0,TIME0,0.8675576833060259,0.9110262671933782,0.0,1
0.0003154539480698286,False,392,goleiro_time1,0.9627614816745986,9,,,goleiro1,GOL-TIME1,0.8645850234450367,0.9048518497989853,0.0,3
0.0003774774705996728,False,392,time0,0.9759959560030546,7,,,time0,TIME0,0.8641941524643582,0.8882060192478688,0.0,8
0.0011135016266926384,False,392,time0,0.9258719719102346,4,,,time0,TIME0,0.8627125502587901,0.9447839391986815,0.0,7
0.0016877010788586356,False,392,time1,0.8320482261006766,8,,,time1,TIME1,0.8322360117388844,0.9391026910572652,0.0,6
0.0011569549190933262,False,392,time0,0.8288389543777036,3,,,time0,TIME0,0.8304479388460078,0.9362468085749999,0.0,5
0.0025489508945083857,False,392,time0,0.8158013495027294,1,,,time0,TIME0,0.8299907955226888,0.9556193376583388,0.0,9
0.0012109778956173785,False,392,time1,0.8201989176656644,6,,,time1,TIME1,0.8281700158219901,0.9350237050760736,0.0,4
0.002755560311241594,False,392,time1,0.8295956125725873,5,,,time1,TIME1,0.8275451295830486,0.9281724151926359,0.0,10
0.0003227806666931123,True,392,excluido,0.9371468401242209,10,,,excluir,EXCLUÍDO,0.6306305373402545,0.0,0.0,19
0.0,False,393,time0,0.0,novo,0.03977144837600877,True,time0,TIME0,0.0,,,12
1.843796449035031e-05,False,393,time0,0.9981113710922852,0,,,time0,TIME0,0.8772645694996641,0.9123388253386961,0.0,1
7.431672488909978e-05,False,393,time0,0.9812662040308937,2,,,time0,TIME0,0.875543933121186,0.9252685541546101,0.0,2
0.00016128666174166566,False,393,goleiro_time1,0.9617146048961911,9,,,goleiro1,GOL-TIME1,0.8647000125890711,0.9063489396468378,0.0,3
0.0005252034450500139,False,393,time0,0.9585872098050672,7,,,time0,TIME0,0.859842625441045,0.8916085336273605,0.0,8
0.0005140042736384277,False,393,time0,0.9079417824616298,1,,,time0,TIME0,0.8590879035457052,0.9570164808512348,0.0,9
0.00138203447098312,False,393,time0,0.8882273748158914,4,,,time0,TIME0,0.8511088407084537,0.9447626685498445,0.0,7
0.0007453732700464938,False,393,time1,0.8815680299553981,6,,,time1,TIME1,0.8471543260090401,0.9350237050760736,0.0,4
0.0009868870162189505,False,393,time1,0.8704826777752369,8,,,time1,TIME1,0.8436857703340988,0.940128623921977,0.0,6
0.0015485748504754327,False,393,time0,0.8472595966153239,3,,,time0,TIME0,0.8365914682466391,0.9373105174065214,0.0,5
0.007274204123148091,False,393,time1,0.6261080799845948,5,,,time1,TIME1,0.7601435655697935,0.9282408787579526,0.0,10
1.4638460098729706e-05,True,393,excluido,0.99689489252232,10,,,excluir,EXCLUÍDO,0.6488430558590463,0.0,0.0,19
0.0,False,394,time0,0.0,novo,0.03977144837600877,True,time0,TIME0,0.0,,,12
1.5650043012811897e-05,False,394,time0,0.9992199597037684,0,,,time0,TIME0,0.8778135632260915,0.9123388253386961,0.0,1
6.314711142652226e-05,False,394,time0,0.9635994721688406,2,,,time0,TIME0,0.8702975473952714,0.9252685541546101,0.0,2
0.0002616297917168386,False,394,goleiro_time1,0.9667632368488769,9,,,goleiro1,GOL-TIME1,0.8660911621933964,0.9063489396468378,0.0,3
0.0006492557155441549,False,394,time1,0.9130713579895576,8,,,time1,TIME1,0.8574134008860144,0.940128623921977,0.0,6
0.0010750003212522446,False,394,time0,0.9032040859054389,4,,,time0,TIME0,0.8559010945291206,0.9447626685498445,0.0,7
0.0008568579140909685,False,394,time0,0.9333743374744222,7,,,time0,TIME0,0.8519024344036636,0.8916085336273605,0.0,8
0.0018420204354758414,False,394,time0,0.8194781624699784,3,,,time0,TIME0,0.8282525163419017,0.9373105174065214,0.0,5
0.0035014696702770176,False,394,time0,0.7755108458182666,1,,,time0,TIME0,0.8159925268614546,0.9570164808512348,0.0,9
0.0024871485143938667,False,394,time1,0.6880974932145738,6,,,time1,TIME1,0.7866735190614174,0.9350237050760736,0.0,4
0.006683634653151687,False,394,time1,0.6784681238805116,5,,,time1,TIME1,0.7772600863397039,0.9282408787579526,0.0,10
3.319585652282138e-05,True,394,excluido,0.9934470695934822,10,,,excluir,EXCLUÍDO,0.6479905218522175,0.0,0.0,19
0.0,False,395,time0,0.0,novo,0.03977144837600877,True,time0,TIME0,0.0,,,12
0.00011640141005458783,False,395,time0,0.9952191237722755,0,,,time0,TIME0,0.8764546823276924,0.9123388253386961,0.0,1
0.0002795377360784183,False,395,goleiro_time1,0.9684348728770957,9,,,goleiro1,GOL-TIME1,0.8667055140728455,0.9063489396468378,0.0,3
0.000811561007243635,False,395,time0,0.911427008452368,4,,,time0,TIME0,0.858444476121492,0.9447626685498445,0.0,7
0.0005535404180299134,False,395,time0,0.9242452809989224,2,,,time0,TIME0,0.8577028734789829,0.9252685541546101,0.0,2
0.002056276235516657,False,395,time0,0.8873405877607634,1,,,time0,TIME0,0.852495661863991,0.9570164808512348,0.0,9
0.0008487486993415136,False,395,time0,0.9358302954297646,7,,,time0,TIME0,0.8523020428551753,0.8916085336273605,0.0,8
0.0009974239272291466,False,395,time1,0.876088945207902,8,,,time1,TIME1,0.8466839535754258,0.940128623921977,0.0,6
0.0014279199748257752,False,395,time0,0.8614225754310605,3,,,time0,TIME0,0.8409297119432722,0.9373105174065214,0.0,5
0.002426794239143549,False,395,time1,0.7288262185366233,6,,,time1,TIME1,0.7996543634715472,0.9350237050760736,0.0,4
0.005748367522397111,False,395,time1,0.7470458949697124,5,,,time1,TIME1,0.7984698963369337,0.9282408787579526,0.0,10
6.635717698250149e-05,True,395,excluido,0.9865574237461139,10,,,excluir,EXCLUÍDO,0.6458392899149111,0.0,0.0,19
0.0,False,396,time0,0.0,novo,0.04106125602099797,True,time0,TIME0,0.0,,,12
3.556914548394448e-05,False,396,time0,0.9959083645971305,0,,,time0,TIME0,0.87699960564593,0.9133676304450823,0.0,1
0.0003896517182265736,False,396,time0,0.9481866240267655,2,,,time0,TIME0,0.8655172561461825,0.9262056070698259,0.0,2
9.161777055168079e-05,False,396,goleiro_time1,0.9574201283593098,9,,,goleiro1,GOL-TIME1,0.8639694029543804,0.9083105230216613,0.0,3
0.0007433214499397205,False,396,time0,0.9296590338392948,3,,,time0,TIME0,0.8623755145674199,0.9386628899221596,0.0,5
0.0016999725297128278,False,396,time0,0.911964688515477,1,,,time0,TIME0,0.8612200355708,0.9576871666622979,0.0,9
0.0007901996341312341,False,396,time0,0.9430888251983949,7,,,time0,TIME0,0.8557596319876004,0.8944296937158727,0.0,8
0.0012518350095455115,False,396,time0,0.8777905490126969,4,,,time0,TIME0,0.8479832796996274,0.9444887534089658,0.0,7
0.0016656603992674071,False,396,time1,0.8256557465263648,6,,,time1,TIME1,0.8292642214303647,0.9344398304710848,0.0,4
0.004047174270317326,False,396,time1,0.8230264269223556,5,,,time1,TIME1,0.8239538173947555,0.92820449972506,0.0,10
0.0059898045104887256,False,396,time1,0.6583465425630296,8,,,time1,TIME1,0.7742528029285423,0.9425816709828492,0.0,6
3.780040916594307e-05,True,396,excluido,0.9939753455686369,10,,,excluir,EXCLUÍDO,0.6480919794916269,0.0,0.0,19
0.0,False,397,time0,0.0,novo,0.04106125602099797,True,time0,TIME0,0.0,,,12
2.1786053809508e-05,False,397,time0,0.9975860710803303,0,,,time0,TIME0,0.8775591800681887,0.9133676304450823,0.0,1
0.0012735602352394021,False,397,time0,0.9307548684935665,1,,,time0,TIME0,0.8671544369968138,0.9576871666622979,0.0,9
0.0003033429129800913,False,397,time0,0.9514042222503795,2,,,time0,TIME0,0.86659202449763,0.9262056070698259,0.0,2
0.0005560779498789041,False,397,goleiro_time1,0.9423397179386569,9,,,goleiro1,GOL-TIME1,0.8588342787307626,0.9083105230216613,0.0,3
0.0009024164985199147,False,397,time0,0.9305684822082814,7,,,time0,TIME0,0.8517795495076181,0.8944296937158727,0.0,8
0.0016670871965348113,False,397,time0,0.8520201695254567,3,,,time0,TIME0,0.8376267754947937,0.9386628899221596,0.0,5
0.0014542012720385284,False,397,time1,0.8426955350335504,6,,,time1,TIME1,0.8349346301695069,0.9344398304710848,0.0,4
0.001928622220178278,False,397,time0,0.8209436172529041,4,,,time0,TIME0,0.8301609993329633,0.9444887534089658,0.0,7
0.003836661301850967,False,397,time1,0.8310326341706538,5,,,time1,TIME1,0.8277166111520168,0.92820449972506,0.0,10
0.00530405583196701,False,397,time1,0.6978902384956727,8,,,time1,TIME1,0.782531642321894,0.9425816709828492,0.0,6
1.2602681726940625e-05,True,397,excluido,0.9983250238231495,10,,,excluir,EXCLUÍDO,0.6494688364217509,0.0,0.0,19
0.0,False,398,time0,0.0,novo,0.04106125602099797,True,time0,TIME0,0.0,,,12
4.127094106812165e-05,False,398,time0,0.9955360303906589,0,,,time0,TIME0,0.8769226238285707,0.9133676304450823,0.0,1
0.00024263609846753497,False,398,time1,0.9609976144855412,8,,,time1,TIME1,0.870049531623019,0.9425816709828492,0.0,6
0.0009487293718754631,False,398,time0,0.9351857488560683,1,,,time0,TIME0,0.8688899760053885,0.9576871666622979,0.0,9
0.0004327122913253494,False,398,time0,0.9371451595690605,2,,,time0,TIME0,0.862123921978601,0.9262056070698259,0.0,2
1.272965296697415e-05,False,398,goleiro_time1,0.9484836568995887,9,,,goleiro1,GOL-TIME1,0.8612336477179396,0.9083105230216613,0.0,3
0.000895185511885096,False,398,time0,0.9263459267204762,7,,,time0,TIME0,0.8503279421801653,0.8944296937158727,0.0,8
0.0010706573257013487,False,398,time1,0.871518503951909,6,,,time1,TIME1,0.8436044991453404,0.9344398304710848,0.0,4
0.003030776739858713,False,398,time1,0.8553723349912575,5,,,time1,TIME1,0.8351804182769971,0.92820449972506,0.0,10
0.001760517051363116,False,398,time0,0.8395536085349351,3,,,time0,TIME0,0.8342188308876672,0.9386628899221596,0.0,5
0.0032536288361652813,False,398,time0,0.7506157605526624,4,,,time0,TIME0,0.8074450428823666,0.9444887534089658,0.0,7
0.0,True,398,excluido,1.0,10,,,excluir,EXCLUÍDO,0.6499914072624589,0.0,0.0,19
0.0,False,399,time0,0.0,novo,0.03862935780207222,True,time0,TIME0,0.0,,,12
0.0,False,399,time1,1.0,8,,,time1,TIME1,0.8858840486224284,0.9441979293037162,0.0,6
0.00011116301348068503,False,399,time0,0.9867092618630033,0,,,time0,TIME0,0.8743199129979258,0.913852756608417,0.0,1
2.660831492043572e-05,False,399,time0,0.9474377724170944,2,,,time0,TIME0,0.8654680081611759,0.926160807340416,0.0,2
0.00023037700094624743,False,399,goleiro_time1,0.9572258386544485,9,,,goleiro1,GOL-TIME1,0.8641583111786663,0.9094404781310418,0.0,3
0.0003969380538806903,False,399,time0,0.9509939230246277,7,,,time0,TIME0,0.8590918943757682,0.898235736362184,0.0,8
0.0013849433638048528,False,399,time0,0.8897728429317727,4,,,time0,TIME0,0.8503807720021204,0.9439282953141168,0.0,7
0.001957543934493126,False,399,time0,0.8379013048946562,1,,,time0,TIME0,0.8383745072890216,0.9579036410056488,0.0,9
0.0028941934209560736,False,399,time1,0.8490541589984717,5,,,time1,TIME1,0.8326988026260069,0.9262062793046921,0.0,10
0.00207890693260966,False,399,time0,0.8222574592525177,3,,,time0,TIME0,0.8294105742289172,0.9395740952136382,0.0,5
0.00178500090058895,False,399,time1,0.8148584130450426,6,,,time1,TIME1,0.8258431293722889,0.9341620674450781,0.0,4
2.3669930735934114e-05,True,399,excluido,0.9943280106146635,10,,,excluir,EXCLUÍDO,0.6482607464764101,0.0,0.0,19
0.0,False,400,time0,0.0,novo,0.03862935780207222,True,time0,TIME0,0.0,,,12
6.764911491851328e-06,False,400,time0,0.9975426549616447,0,,,time0,TIME0,0.8776400579081145,0.913852756608417,0.0,1
0.00028815922096752663,False,400,time0,0.9610776467243806,2,,,time0,TIME0,0.8693871608767565,0.926160807340416,0.0,2
0.0003614255193838303,False,400,time0,0.963618105732957,7,,,time0,TIME0,0.8630544813427774,0.898235736362184,0.0,8
0.00018940804750111867,False,400,goleiro_time1,0.9377671255438386,9,,,goleiro1,GOL-TIME1,0.858318004619004,0.9094404781310418,0.0,3
0.0012450268265099867,False,400,time1,0.8643038700724744,6,,,time1,TIME1,0.8413245786824782,0.9341620674450781,0.0,4
0.0019453062713995686,False,400,time0,0.8570704118993258,4,,,time0,TIME0,0.8409526303357923,0.9439282953141168,0.0,7
0.0022877922036102466,False,400,time1,0.8722221915889494,5,,,time1,TIME1,0.8399550348977729,0.9262062793046921,0.0,10
0.002539749056634621,False,400,time0,0.8259249100724574,3,,,time0,TIME0,0.8296664017164473,0.9395740952136382,0.0,5
0.0023257083618567053,False,400,time1,0.7964254689063628,8,,,time1,TIME1,0.8212771324221567,0.9441979293037162,0.0,6
0.002706655318003357,False,400,time0,0.7906354336587856,1,,,time0,TIME0,0.8210485572398735,0.9579036410056488,0.0,9
1.9764294219316732e-05,True,400,excluido,0.996226258085602,10,,,excluir,EXCLUÍDO,0.6488460062401381,0.0,0.0,19
0.0,False,401,time0,0.0,novo,0.03862935780207222,True,time0,TIME0,0.0,,,12
6.069566607351803e-05,False,401,time0,0.9893847673733169,0,,,time0,TIME0,0.8751804894004733,0.913852756608417,0.0,1
0.0005991117870169375,False,401,time0,0.9476098032365959,1,,,time0,TIME0,0.8709942559827839,0.9579036410056488,0.0,9
0.00040931244072035984,False,401,time0,0.9571892026014858,7,,,time0,TIME0,0.8612982096198978,0.898235736362184,0.0,8
0.0003835077995211854,False,401,goleiro_time1,0.9454958177974476,9,,,goleiro1,GOL-TIME1,0.8605182635494012,0.9094404781310418,0.0,3
0.0005319791593666102,False,401,time0,0.9328910809083526,2,,,time0,TIME0,0.8603663872565186,0.926160807340416,0.0,2
0.0006744773149428869,False,401,time0,0.9243708118830954,3,,,time0,TIME0,0.8601894740169151,0.9395740952136382,0.0,5
0.0013927213468888661,False,401,time0,0.8915430717281312,4,,,time0,TIME0,0.8516067685169488,0.9439282953141168,0.0,7
0.0013956050764534296,False,401,time1,0.8277381884086817,6,,,time1,TIME1,0.8304392592769468,0.9341620674450781,0.0,4
0.0020305549222406696,False,401,time1,0.8154894570583975,8,,,time1,TIME1,0.8277776557510942,0.9441979293037162,0.0,6
0.005260145948206394,False,401,time1,0.7326141240507953,5,,,time1,TIME1,0.7945096581966415,0.9262062793046921,0.0,10
0.0,True,401,excluido,1.0,10,,,excluir,EXCLUÍDO,0.6499865243448505,0.0,0.0,19
0.0,False,402,time0,0.0,novo,0.04049962890958447,True,time0,TIME0,0.0,,,12
0.0,False,402,goleiro_time1,1.0,9,,,goleiro1,GOL-TIME1,0.8773484190036339,0.9104396063768662,0.0,3
5.625610144999728e-05,False,402,time0,0.9904876755999662,0,,,time0,TIME0,0.8755514866536047,0.9140998963520026,0.0,1
0.0004363902361943223,False,402,time0,0.9583786474974089,7,,,time0,TIME0,0.8624512612737913,0.9017016751964426,0.0,8
0.0006757883409343624,False,402,time0,0.9220199100179434,3,,,time0,TIME0,0.8607841549261188,0.9397422385670706,0.0,5
0.00042473467635230057,False,402,time0,0.9206124389362838,2,,,time0,TIME0,0.8568810737195613,0.9255591401718064,0.0,2
0.0014737695601481158,False,402,time0,0.8882147797181204,4,,,time0,TIME0,0.8508923419014283,0.9437622176795256,0.0,7
0.0012000937722441431,False,402,time0,0.8756829853772881,1,,,time0,TIME0,0.850108971773589,0.9586152169884221,0.0,9
0.0008111839642450804,False,402,time1,0.8847525194512051,6,,,time1,TIME1,0.8479507734595353,0.9347063024505544,0.0,4
0.0014213564232944257,False,402,time1,0.8633502648013068,8,,,time1,TIME1,0.8436526662103445,0.9455220906092616,0.0,6
0.004272699556839158,False,402,time1,0.7805063488276415,5,,,time1,TIME1,0.8106416495853987,0.9243158118051644,0.0,10
0.0,True,402,excluido,1.0,10,,,excluir,EXCLUÍDO,0.65,0.0,0.0,19
0.0,False,403,time0,0.0,novo,0.04049962890958447,True,time0,TIME0,0.0,,,12
0.0,False,403,time1,1.0,8,,,time1,TIME1,0.8854114160000692,0.9455220906092616,0.0,6
2.414512026684665e-05,False,403,time0,0.9973178239178866,0,,,time0,TIME0,0.8776764636454806,0.9140998963520026,0.0,1
0.0,False,403,goleiro_time1,1.0,9,,,goleiro1,GOL-TIME1,0.8776099015942166,0.9104396063768662,0.0,3
0.00033294040787382065,False,403,time0,0.9471920345913992,1,,,time0,TIME0,0.8728155197571921,0.9586152169884221,0.0,9
0.0004595515939123091,False,403,time0,0.9657377492477489,7,,,time0,TIME0,0.8645616388505675,0.9017016751964426,0.0,8
0.0004919880470511422,False,403,time0,0.9448204767551427,2,,,time0,TIME0,0.864241476944549,0.9255591401718064,0.0,2
0.0009216884081045349,False,403,time0,0.9261014249290621,4,,,time0,TIME0,0.8625486360841672,0.9437622176795256,0.0,7
0.0005440858314722416,False,403,time0,0.9196334735160357,3,,,time0,TIME0,0.8599204115738861,0.9397422385670706,0.0,5
0.0012652457065750993,False,403,time1,0.81707682790647,6,,,time1,TIME1,0.8269330975990112,0.9347063024505544,0.0,4
0.0043967077409008785,False,403,time1,0.7924431864034607,5,,,time1,TIME1,0.8144683317324237,0.9243158118051644,0.0,10
0.0,True,403,excluido,1.0,10,,,excluir,EXCLUÍDO,0.65,0.0,0.0,19
0.0,False,404,time0,0.0,novo,0.04049962890958447,True,time0,TIME0,0.0,,,12
0.0,False,404,time1,1.0,8,,,time1,TIME1,0.8863805226523154,0.9455220906092616,0.0,6
0.0,False,404,goleiro_time1,1.0,9,,,goleiro1,GOL-TIME1,0.8776099015942166,0.9104396063768662,0.0,3
3.7431860669147226e-05,False,404,time0,0.9866386823654945,0,,,time0,TIME0,0.8744458112819256,0.9140998963520026,0.0,1
0.00035618385057184797,False,404,time0,0.9532597508149874,7,,,time0,TIME0,0.8609016203284368,0.9017016751964426,0.0,8
0.0011032164497188828,False,404,time0,0.8982433546086801,1,,,time0,TIME0,0.8574051354087007,0.9586152169884221,0.0,9
0.001806053009153559,False,404,time0,0.8592359017499546,4,,,time0,TIME0,0.841465774784409,0.9437622176795256,0.0,7
0.0029765077113240324,False,404,time0,0.8553953953428574,5,,,time0,TIME0,0.8337261235327673,0.9243158118051644,0.0,10
0.0007515386231796119,False,404,time0,0.8433639923899734,2,,,time0,TIME0,0.8329163310173819,0.9255591401718064,0.0,2
0.0028934547576004556,False,404,time1,0.6565201751218356,6,,,time1,TIME1,0.7766905504823367,0.9347063024505544,0.0,4
0.006857215671414101,False,404,time0,0.5206292868053921,3,,,time0,TIME0,0.7305465763878043,0.9397422385670706,0.0,5
0.0,True,404,excluido,1.0,10,,,excluir,EXCLUÍDO,0.65,0.0,0.0,19
0.0,False,405,time0,0.0,novo,0.04143546725547509,True,time0,TIME0,0.0,,,12
0.0,False,405,time1,1.0,8,,,time1,TIME1,0.8866760002558157,0.9467040010232627,0.0,6
0.00012111021138334657,False,405,time0,0.9815948419250782,1,,,time0,TIME0,0.8834075186328999,0.9589525692527743,0.0,9
0.0,False,405,goleiro_time1,1.0,9,,,goleiro1,GOL-TIME1,0.8778059175943105,0.9112236703772418,0.0,3
0.00011165846583858107,False,405,time0,0.9927324532665829,0,,,time0,TIME0,0.8760812494178439,0.9137041664642696,0.0,1
0.00021957138592073312,False,405,time0,0.961528834484839,3,,,time0,TIME0,0.8682988555743529,0.939330374610474,0.0,5
0.0003335146222413044,False,405,time0,0.9574573228692651,2,,,time0,TIME0,0.8679724789722091,0.9262856059657977,0.0,2
0.0007593446105337009,False,405,time0,0.9272297776370477,7,,,time0,TIME0,0.8534091428440155,0.9048493025750718,0.0,8
0.0016989096864916601,False,405,time0,0.8758938181475652,4,,,time0,TIME0,0.8463471862353792,0.9427996583502393,0.0,7
0.003306159367730846,False,405,time0,0.8410795216925163,5,,,time0,TIME0,0.8299302765072809,0.9239454555044497,0.0,10
0.0019047477682208292,False,405,time1,0.7822415718685638,6,,,time1,TIME1,0.8162972527831092,0.9362645937126478,0.0,4
4.625034570542486e-05,True,405,excluido,0.9762896627100113,10,,,excluir,EXCLUÍDO,0.642813318717563,0.0,0.0,19
0.0,False,406,time0,0.0,novo,0.04143546725547509,True,time0,TIME0,0.0,,,12
0.0,False,406,time1,1.0,8,,,time1,TIME1,0.8866760002558157,0.9467040010232627,0.0,6
0.0,False,406,goleiro_time1,1.0,9,,,goleiro1,GOL-TIME1,0.8778059175943105,0.9112236703772418,0.0,3
2.60005363318372e-05,False,406,time0,0.9954627481019672,0,,,time0,TIME0,0.8769652420247258,0.9137041664642696,0.0,1
0.0004750479495416783,False,406,time0,0.9420838999377972,2,,,time0,TIME0,0.8636209465147247,0.9262856059657977,0.0,2
0.000282823418236839,False,406,time0,0.9503827659565552,7,,,time0,TIME0,0.8603718358313234,0.9048493025750718,0.0,8
0.000682951802780285,False,406,time0,0.9167515104838296,4,,,time0,TIME0,0.8592283840946826,0.9427996583502393,0.0,7
0.0013055028594562857,False,406,time0,0.884647824283475,3,,,time0,TIME0,0.8482778689682227,0.939330374610474,0.0,5
0.001406894652954282,False,406,time0,0.8585720825028812,1,,,time0,TIME0,0.8451359266751514,0.9589525692527743,0.0,9
0.003045286807418263,False,406,time0,0.8541058614280542,5,,,time0,TIME0,0.8338514565889525,0.9239454555044497,0.0,10
0.0020222364364512473,False,406,time1,0.7925573464490334,6,,,time1,TIME1,0.8197329899935648,0.9362645937126478,0.0,4
0.0,True,406,excluido,1.0,10,,,excluir,EXCLUÍDO,0.6499684656733826,0.0,0.0,19
0.0,False,407,time0,0.0,novo,0.04143546725547509,True,time0,TIME0,0.0,,,12
0.0,False,407,time1,1.0,8,,,time1,TIME1,0.8866760002558157,0.9467040010232627,0.0,6
1.1062810719020847e-05,False,407,time0,0.9994540304011726,0,,,time0,TIME0,0.8782355366922061,0.9137041664642696,0.0,1
0.0,False,407,goleiro_time1,1.0,9,,,goleiro1,GOL-TIME1,0.8778059175943105,0.9112236703772418,0.0,3
0.00021591383546583703,False,407,time0,0.9730413723537754,2,,,time0,TIME0,0.8730891191265082,0.9262856059657977,0.0,2
0.0003937558403976667,False,407,time0,0.9478636386719363,7,,,time0,TIME0,0.8598065836064809,0.9048493025750718,0.0,8
0.0015687466508980993,False,407,time0,0.9031904809408542,4,,,time0,TIME0,0.8542715865638291,0.9427996583502393,0.0,7
0.0008870671145760692,False,407,time0,0.8986576657177447,3,,,time0,TIME0,0.8533054621755056,0.939330374610474,0.0,5
0.00238001574406562,False,407,time0,0.88109294500916,5,,,time0,TIME0,0.8426908419945502,0.9239454555044497,0.0,10
0.0017734095679315582,False,407,time1,0.8304545112026567,6,,,time1,TIME1,0.8313868578465354,0.9362645937126478,0.0,4
0.0023822792196339067,False,407,time0,0.7015573753429153,1,,,time0,TIME0,0.7954589202205359,0.9589525692527743,0.0,9
0.0,True,407,excluido,1.0,10,,,excluir,EXCLUÍDO,0.65,0.0,0.0,19
0.0,False,408,time0,0.0,novo,0.04222158971446888,True,time0,TIME0,0.0,,,12
0.0,False,408,time1,1.0,8,,,time1,TIME1,0.8868104863931271,0.9472419455725083,0.0,6
0.0,False,408,goleiro_time1,1.0,9,,,goleiro1,GOL-TIME1,0.8780183126161334,0.9120732504645337,0.0,3
1.3311584996750035e-05,False,408,time0,0.998433735909069,0,,,time0,TIME0,0.8777770669177392,0.9130768966611236,0.0,1
0.0001616286867195323,False,408,time0,0.9845741248852414,7,,,time0,TIME0,0.8717126176435814,0.9074638659734495,0.0,8
0.00028851394172181794,False,408,time0,0.952748596240466,3,,,time0,TIME0,0.8702506770700802,0.9404256036427554,0.0,5
0.00024171127266799927,False,408,time0,0.9536573664648064,2,,,time0,TIME0,0.8672555262760662,0.926187300420849,0.0,2
0.0008460960557374474,False,408,time0,0.9288697677557889,1,,,time0,TIME0,0.8656448056537474,0.9598154777405239,0.0,9
0.0011748201214303792,False,408,time0,0.9221853353002413,4,,,time0,TIME0,0.8607275635811182,0.9416412505267537,0.0,7
0.0014700026814287036,False,408,time1,0.8565136279202069,6,,,time1,TIME1,0.8390981608152486,0.9369273400109213,0.0,4
0.0032324513171738114,False,408,time0,0.836131465674942,5,,,time0,TIME0,0.8278206781229857,0.9224358853522409,0.0,10
0.0,True,408,excluido,1.0,10,,,excluir,EXCLUÍDO,0.65,0.0,0.0,19
0.0,False,409,time0,0.0,novo,0.04222158971446888,True,time0,TIME0,0.0,,,12
0.0,False,409,time1,1.0,8,,,time1,TIME1,0.8868104863931271,0.9472419455725083,0.0,6
0.0,False,409,goleiro_time1,1.0,9,,,goleiro1,GOL-TIME1,0.8780183126161334,0.9120732504645337,0.0,3
1.4624283571158584e-05,False,409,time0,0.9981678346856413,0,,,time0,TIME0,0.8777024543520278,0.9130768966611236,0.0,1
5.483901943208501e-05,False,409,time0,0.9822503888805628,2,,,time0,TIME0,0.8760354303126776,0.926187300420849,0.0,2
0.0003584114329860071,False,409,time0,0.9720724922031626,7,,,time0,TIME0,0.8679216364581679,0.9074638659734495,0.0,8
0.0019633136258466796,False,409,time0,0.8854165263140897,4,,,time0,TIME0,0.8487120926625559,0.9416412505267537,0.0,7
0.0004962757950474867,False,409,time1,0.8781759673029794,6,,,time1,TIME1,0.8465614440468665,0.9369273400109213,0.0,4
0.0010091802415645927,False,409,time0,0.8458608361030676,1,,,time0,TIME0,0.842672291212421,0.9598154777405239,0.0,9
0.0028172232787942145,False,409,time0,0.8565484683470612,5,,,time0,TIME0,0.8344322818727913,0.9224358853522409,0.0,10
0.002218721497834142,False,409,time0,0.7646052951716888,3,,,time0,TIME0,0.8107696418845503,0.9404256036427554,0.0,5
0.0,True,409,excluido,1.0,10,,,excluir,EXCLUÍDO,0.65,0.0,0.0,19
0.0,False,410,time0,0.0,novo,0.04222158971446888,True,time0,TIME0,0.0,,,12
0.0,False,410,time1,1.0,8,,,time1,TIME1,0.8868104863931271,0.9472419455725083,0.0,6
3.84529670009346e-05,False,410,time0,0.9951253641298738,2,,,time0,TIME0,0.8800371870164616,0.926187300420849,0.0,2
4.21195739771626e-06,False,410,time0,0.9996129149976076,0,,,time0,TIME0,0.8781384777069892,0.9130768966611236,0.0,1
0.0,False,410,goleiro_time1,1.0,9,,,goleiro1,GOL-TIME1,0.8780183126161334,0.9120732504645337,0.0,3
0.0002755800782691157,False,410,time0,0.9578872673646499,7,,,time0,TIME0,0.8635493681925404,0.9074638659734495,0.0,8
0.0015950430663581037,False,410,time0,0.9138182248612254,4,,,time0,TIME0,0.8578143444020954,0.9416412505267537,0.0,7
0.0009728547461513795,False,410,time1,0.8948771802216005,6,,,time1,TIME1,0.851468433459379,0.9369273400109213,0.0,4
0.0019122245024720361,False,410,time0,0.8748574159115896,1,,,time0,TIME0,0.8500569766539319,0.9598154777405239,0.0,9
0.0018694960742214218,False,410,time0,0.8934014036121908,5,,,time0,TIME0,0.8462235225193503,0.9224358853522409,0.0,10
0.00285898251578482,False,410,time0,0.7867477568522507,3,,,time0,TIME0,0.8150812969226844,0.9404256036427554,0.0,5
0.0,True,410,excluido,1.0,10,,,excluir,EXCLUÍDO,0.65,0.0,0.0,19
0.0,False,411,time0,0.0,novo,0.045497786682042074,True,time0,TIME0,0.0,,,12
0.0,False,411,time1,1.0,8,,,time1,TIME1,0.8867425206483998,0.9469700825935989,0.0,6
0.0,False,411,goleiro_time1,1.0,9,,,goleiro1,GOL-TIME1,0.8781515587981963,0.9126062351927853,0.0,3
7.96128739284869e-05,False,411,time0,0.989599145023318,0,,,time0,TIME0,0.8748399341743001,0.9123578736804043,0.0,1
0.0001420848769800745,False,411,time0,0.9764849384549557,7,,,time0,TIME0,0.870104367514299,0.9096114712774273,0.0,8
0.00016864871546297047,False,411,time0,0.9504531014223093,2,,,time0,TIME0,0.8661931758750967,0.9253312027796234,0.0,2
0.0001887932979673479,False,411,time0,0.9388097876196403,3,,,time0,TIME0,0.8650117828952748,0.9418808711446742,0.0,5
0.0013074686374578992,False,411,time0,0.9210253786663616,5,,,time0,TIME0,0.8550887719276976,0.9214163851377675,0.0,10
0.0019717536664025895,False,411,time0,0.8754026028887434,1,,,time0,TIME0,0.8510946992342917,0.9612460318464268,0.0,9
0.0009574924761847094,False,411,time1,0.8846698038044216,6,,,time1,TIME1,0.8485771138988253,0.937713836956186,0.0,4
0.0012203929109238564,False,411,time0,0.8655170453459257,4,,,time0,TIME0,0.8437112822315904,0.9421698241469129,0.0,7
0.0,False,412,time0,0.0,novo,0.045497786682042074,True,time0,TIME0,0.0,,,12
0.0,False,412,time1,1.0,8,,,time1,TIME1,0.8867425206483998,0.9469700825935989,0.0,6
0.0,False,412,goleiro_time1,1.0,9,,,goleiro1,GOL-TIME1,0.8781515587981963,0.9126062351927853,0.0,3
0.00011862805391984047,False,412,time0,0.9817531939125644,2,,,time0,TIME0,0.8755581922075737,0.9253312027796234,0.0,2
0.00047064859032401796,False,412,time0,0.9621399667079606,3,,,time0,TIME0,0.8732698092957505,0.9418808711446742,0.0,5
0.000736606665203488,False,412,time0,0.9465451887114211,1,,,time0,TIME0,0.8727397178081033,0.9612460318464268,0.0,9
0.00011213850823807951,False,412,time0,0.9848515917963038,7,,,time0,TIME0,0.8726884391924857,0.9096114712774273,0.0,8
0.00017758400544728322,False,412,time0,0.9807684688959588,0,,,time0,TIME0,0.8720655592620283,0.9123578736804043,0.0,1
0.0007208185984274976,False,412,time1,0.9204020378782405,6,,,time1,TIME1,0.8595870639228592,0.937713836956186,0.0,4
0.0013436083509199945,False,412,time0,0.912894983084149,5,,,time0,TIME0,0.8526637435471003,0.9214163851377675,0.0,10
0.0018904887244444936,False,412,time0,0.8151090519826226,4,,,time0,TIME0,0.8266426596998547,0.9421698241469129,0.0,7
0.0,False,413,time0,0.0,novo,0.045497786682042074,True,time0,TIME0,0.0,,,12
2.6316893899574516e-05,False,413,time0,0.9924799603835156,2,,,time0,TIME0,0.8789623830520692,0.9253312027796234,0.0,2
0.0,False,413,goleiro_time1,1.0,9,,,goleiro1,GOL-TIME1,0.8781515587981963,0.9126062351927853,0.0,3
8.721852548186041e-06,False,413,time0,0.9990628296592616,0,,,time0,TIME0,0.877685158684882,0.9123578736804043,0.0,1
0.0004778202708144191,False,413,time0,0.9700764475848198,3,,,time0,TIME0,0.8755832951255504,0.9418808711446742,0.0,5
0.00020490305872259473,False,413,time0,0.9808705769088103,7,,,time0,TIME0,0.8713694919464837,0.9096114712774273,0.0,8
0.0009056467301942907,False,413,time0,0.9330315585111844,1,,,time0,TIME0,0.8692809061073278,0.9612460318464268,0.0,9
0.0013419459525108673,False,413,time0,0.918363481091776,5,,,time0,TIME0,0.8546003615975604,0.9214163851377675,0.0,10
0.0014559512345240155,False,413,time0,0.8665666253213529,4,,,time0,TIME0,0.8435784939695365,0.9421698241469129,0.0,7
0.001203592581102904,False,413,time1,0.8509401446709061,6,,,time1,TIME1,0.8380847421480893,0.937713836956186,0.0,4
0.004020387577201506,False,413,time1,0.6378738564949341,8,,,time1,TIME1,0.7717086064513321,0.9469700825935989,0.0,6
0.0,False,414,time0,0.0,novo,0.04871558242482832,True,time0,TIME0,0.0,,,12
0.0,False,414,goleiro_time1,1.0,9,,,goleiro1,GOL-TIME1,0.8781537269171285,0.9126149076685135,0.0,3
0.00040904984995602747,False,414,time0,0.9556602817680374,3,,,time0,TIME0,0.8722177009435248,0.9446781912172517,0.0,5
0.00019087502480819648,False,414,time0,0.9796421153189752,0,,,time0,TIME0,0.8716323293579266,0.9121962543063322,0.0,1
0.00035953830046231135,False,414,time0,0.9726901493173488,7,,,time0,TIME0,0.8691992758413504,0.9116110405258291,0.0,8
0.00014554166675062857,False,414,time0,0.9554824832089357,2,,,time0,TIME0,0.8675604780788936,0.9246082985225073,0.0,2
0.0005480914060081501,False,414,time1,0.9378673192835686,8,,,time1,TIME1,0.8653552663692607,0.9476030740466113,0.0,6
0.0012760981729473795,False,414,time0,0.9292843018085915,5,,,time0,TIME0,0.8577727766194965,0.9210798823544226,0.0,10
0.0021447849486676495,False,414,time0,0.8442198250148976,1,,,time0,TIME0,0.8408694039450044,0.9616180414474862,0.0,9
0.0013907153888475792,False,414,time1,0.8279188837844823,6,,,time1,TIME1,0.8314186433777878,0.9379919813163758,0.0,4
0.0024507585888665306,False,414,time0,0.8001517298675612,4,,,time0,TIME0,0.8221223406167422,0.9400105698580599,0.0,7
0.0,False,415,time0,0.0,novo,0.04871558242482832,True,time0,TIME0,0.0,,,12
0.00011978076954035397,False,415,time1,0.9846759892275536,8,,,time1,TIME1,0.8818895297567066,0.9476030740466113,0.0,6
0.0,False,415,goleiro_time1,1.0,9,,,goleiro1,GOL-TIME1,0.8781537269171285,0.9126149076685135,0.0,3
4.9956887779086635e-05,False,415,time0,0.9974086775786983,0,,,time0,TIME0,0.8771036516846432,0.9121962543063322,0.0,1
2.645554706125955e-05,False,415,time0,0.9965990684919374,7,,,time0,TIME0,0.8766246865193605,0.9116110405258291,0.0,8
0.00027282059228682615,False,415,time0,0.9590045648082595,1,,,time0,TIME0,0.876547617939254,0.9616180414474862,0.0,9
0.00034330832934846995,False,415,time0,0.9450036053859994,2,,,time0,TIME0,0.8640299287335087,0.9246082985225073,0.0,2
0.0014270321582925804,False,415,time0,0.8846689773091561,4,,,time0,TIME0,0.8483809619805166,0.9400105698580599,0.0,7
0.0019061187598775752,False,415,time0,0.8799854221478033,5,,,time0,TIME0,0.842003581742364,0.9210798823544226,0.0,10
0.0019230071610986206,False,415,time1,0.7807669200721837,6,,,time1,TIME1,0.81661679448206,0.9379919813163758,0.0,4
0.0030235343891722695,False,415,time0,0.7601993592685906,3,,,time0,TIME0,0.8096963737527381,0.9446781912172517,0.0,5
0.0,False,416,time0,0.0,novo,0.04871558242482832,True,time0,TIME0,0.0,,,12
0.00024778256798097214,False,416,time1,0.9644028615396881,8,,,time1,TIME1,0.8758547984685228,0.9476030740466113,0.0,6
4.634964481388937e-05,False,416,time0,0.9927381395634611,0,,,time0,TIME0,0.875787912651819,0.9121962543063322,0.0,1
0.0005651444337806364,False,416,time0,0.9509157626107084,1,,,time0,TIME0,0.8749571776819147,0.9616180414474862,0.0,9
8.157872802866024e-05,False,416,time0,0.9900517265727454,7,,,time0,TIME0,0.8747865500849473,0.9116110405258291,0.0,8
0.0006432343916189076,False,416,time0,0.9363800227491365,3,,,time0,TIME0,0.8648694855204553,0.9446781912172517,0.0,5
0.00021530304305718566,False,416,time0,0.9455291269016052,2,,,time0,TIME0,0.8642784460501802,0.9246082985225073,0.0,2
0.001550690288978356,False,416,time0,0.876540714287963,4,,,time0,TIME0,0.8464690333391955,0.9400105698580599,0.0,7
0.002626690139449858,False,416,time0,0.8375582853768215,5,,,time0,TIME0,0.8285872002382394,0.9210798823544226,0.0,10
0.0018329395435800846,False,416,time1,0.8092700016017494,6,,,time1,TIME1,0.825478315366295,0.9379919813163758,0.0,4
0.014102081871856582,False,416,goleiro_time1,0.09541642942760904,9,,,goleiro1,GOL-TIME1,0.5843435254947302,0.9126149076685135,0.0,3
0.0,False,417,time0,0.0,novo,0.04891876211470647,True,time0,TIME0,0.0,,,12
0.00017642754831423697,False,417,time1,0.9840307373438442,8,,,time1,TIME1,0.8819102643821995,0.9476713283808075,0.0,6
8.502307409926957e-06,False,417,time0,0.9993222611916645,0,,,time0,TIME0,0.8776641791282165,0.9116272523545346,0.0,1
7.074069501659098e-05,False,417,time0,0.9933554773119805,7,,,time0,TIME0,0.8763669440309776,0.913949981810533,0.0,8
0.00031677484150791584,False,417,time0,0.9382876035033779,1,,,time0,TIME0,0.8715135768590747,0.9621730106771376,0.0,9
0.0003035317896059818,False,417,time0,0.9494423036776575,2,,,time0,TIME0,0.8658122718719465,0.9252721157592158,0.0,2
0.0007872646141372385,False,417,time0,0.9367399611947187,4,,,time0,TIME0,0.8639221990483084,0.9372873313605387,0.0,7
0.00022050067616912147,False,417,goleiro_time1,0.9418655861727342,9,,,goleiro1,GOL-TIME1,0.8515094046673517,0.9144919124216859,0.0,3
0.0020431487265949715,False,417,time0,0.8853426589743294,5,,,time0,TIME0,0.8428378645777808,0.9188930289411297,0.0,10
0.0024235041432686486,False,417,time1,0.7879455851501855,6,,,time1,TIME1,0.818182702686966,0.9377981609137147,0.0,4
0.0034930915232165645,False,417,time0,0.7241094043297098,3,,,time0,TIME0,0.7986493361165345,0.9463932146236955,0.0,5
0.0,False,418,time0,0.0,novo,0.04891876211470647,True,time0,TIME0,0.0,,,12
2.3374952107393465e-05,False,418,time0,0.9918249197037534,7,,,time0,TIME0,0.8759601622636037,0.913949981810533,0.0,8
9.563760722604036e-05,False,418,time0,0.9885479187209503,0,,,time0,TIME0,0.8743186514632935,0.9116272523545346,0.0,1
0.00037127208962400084,False,418,time1,0.9587869301193932,8,,,time1,TIME1,0.8739958785400483,0.9476713283808075,0.0,6
7.875292215134107e-05,False,418,time0,0.9729192540031577,2,,,time0,TIME0,0.8729506737294398,0.9252721157592158,0.0,2
0.0006545325418908517,False,418,time0,0.9436567355182066,1,,,time0,TIME0,0.8726182695603351,0.9621730106771376,0.0,9
8.982552897457371e-05,False,418,goleiro_time1,0.9752847049609081,9,,,goleiro1,GOL-TIME1,0.8710376313200714,0.9144919124216859,0.0,3
0.0006157248129155724,False,418,time0,0.9492856657681988,4,,,time0,TIME0,0.8684300235829917,0.9372873313605387,0.0,7
0.0006653079457880507,False,418,time1,0.9259740005036489,6,,,time1,TIME1,0.860427067829453,0.9377981609137147,0.0,4
0.0018451808594045216,False,418,time0,0.8954621224332538,5,,,time0,TIME0,0.846548733603111,0.9188930289411297,0.0,10
0.0011686504560455284,False,418,time0,0.874659435394848,3,,,time0,TIME0,0.8463452778795837,0.9463932146236955,0.0,5
0.0,False,419,time0,0.0,novo,0.04891876211470647,True,time0,TIME0,0.0,,,12
5.8742736045449356e-05,False,419,time0,0.9823517454559592,2,,,time0,TIME0,0.8758896804625941,0.9252721157592158,0.0,2
0.00011020002425331525,False,419,time0,0.9914937568299369,7,,,time0,TIME0,0.8757758154550175,0.913949981810533,0.0,8
0.0001101886348355037,False,419,time0,0.9884394829982122,0,,,time0,TIME0,0.87420134949447,0.9116272523545346,0.0,1
0.0007409421016307584,False,419,time0,0.9344744771886132,1,,,time0,TIME0,0.8699675378632952,0.9621730106771376,0.0,9
0.00039034008043403956,False,419,time1,0.9415874056270214,8,,,time1,TIME1,0.8690036599438536,0.9476713283808075,0.0,6
0.0004240077575411073,False,419,goleiro_time1,0.9400126857536995,9,,,goleiro1,GOL-TIME1,0.8599076327116684,0.9144919124216859,0.0,3
0.0010366008864174884,False,419,time0,0.920943476584707,4,,,time0,TIME0,0.8593543156298323,0.9372873313605387,0.0,7
0.0004476924957885058,False,419,time0,0.8995453309891532,3,,,time0,TIME0,0.8550315005044562,0.9463932146236955,0.0,5
0.0008974118513561087,False,419,time1,0.8891571503665834,6,,,time1,TIME1,0.8502150937258041,0.9377981609137147,0.0,4
0.001884088531155252,False,419,time0,0.8908673261362731,5,,,time0,TIME0,0.8452440730959294,0.9188930289411297,0.0,10
0.0,False,420,time0,0.0,novo,0.05056873670712614,True,time0,TIME0,0.0,,,12
0.0002042874721046641,False,420,time1,0.9748905577895108,8,,,time1,TIME1,0.878563662802109,0.9467365824400386,0.0,6
5.422319659154108e-06,False,420,time0,0.9994508960143809,0,,,time0,TIME0,0.8776075519044821,0.911401440311476,0.0,1
0.00029221679618609365,False,420,time0,0.9652605532886316,2,,,time0,TIME0,0.8706156490985095,0.9258895449755646,0.0,2
0.0002769173328976004,False,420,time0,0.9747993347787279,7,,,time0,TIME0,0.870227300615839,0.9126737049695777,0.0,8
0.0009170196092521432,False,420,time0,0.9244823100777327,1,,,time0,TIME0,0.8666447138753313,0.9611531095822655,0.0,9
0.0003778612610038796,False,420,time1,0.9349640339294503,6,,,time1,TIME1,0.86397323479218,0.9370074448667634,0.0,4
0.0013245260789468648,False,420,time0,0.9078864369012226,4,,,time0,TIME0,0.8546460791277554,0.9356909845602431,0.0,7
0.0014055617105775298,False,420,time0,0.9235888809953945,5,,,time0,TIME0,0.8544839185679305,0.9163952622886045,0.0,10
0.0005902601547162383,False,420,goleiro_time1,0.9091216399176894,9,,,goleiro1,GOL-TIME1,0.8507593274233616,0.9159669238455492,0.0,3
0.0005017506805796459,False,420,time0,0.849583096425332,3,,,time0,TIME0,0.8410994948071984,0.9474179913713509,0.0,5
0.0,False,421,time0,0.0,novo,0.05056873670712614,True,time0,TIME0,0.0,,,12
0.0004250065004085782,False,421,time0,0.9790225252459039,0,,,time0,TIME0,0.8708783325747796,0.911401440311476,0.0,1
0.00021878602341546897,False,421,time1,0.9431093632193281,8,,,time1,TIME1,0.8692325811643911,0.9467365824400386,0.0,6
0.0009645349413202508,False,421,time0,0.9159563117717656,1,,,time0,TIME0,0.863758546468333,0.9611531095822655,0.0,9
0.00042208365618418085,False,421,time0,0.9427140654199767,2,,,time0,TIME0,0.8635760899879954,0.9258895449755646,0.0,2
0.0005514760162945554,False,421,time0,0.9518138859498839,7,,,time0,TIME0,0.8627538672018704,0.9126737049695777,0.0,8
0.0011662879508845102,False,421,time0,0.9208843927141293,4,,,time0,TIME0,0.8589138559738826,0.9356909845602431,0.0,7
0.000998901456869876,False,421,time1,0.8926525940473882,6,,,time1,TIME1,0.8506633857783299,0.9370074448667634,0.0,4
0.0008054954446888478,False,421,goleiro_time1,0.8966186944957072,9,,,goleiro1,GOL-TIME1,0.8469834148189657,0.9159669238455492,0.0,3
0.0016340309967234348,False,421,time0,0.8929524463415236,5,,,time0,TIME0,0.8448512175021918,0.9163952622886045,0.0,10
0.0012735083867538635,False,421,time0,0.8618453901794116,3,,,time0,TIME0,0.8433283416211483,0.9474179913713509,0.0,5
0.0,False,422,time0,0.0,novo,0.05056873670712614,True,time0,TIME0,0.0,,,12
1.1845414651485427e-05,False,422,time0,0.9987903080439243,1,,,time0,TIME0,0.8892492628232491,0.9611531095822655,0.0,9
2.2541864707310092e-05,False,422,time0,0.9978354222067477,3,,,time0,TIME0,0.8853281461361222,0.9474179913713509,0.0,5
4.403555102011704e-05,False,422,time1,0.9956111732730747,8,,,time1,TIME1,0.8852023274258157,0.9467365824400386,0.0,6
1.4320441045765984e-05,False,422,time1,0.9983899973661443,6,,,time1,TIME1,0.8830834967459047,0.9370074448667634,0.0,4
3.14949554131134e-05,False,422,time0,0.9968384170451121,4,,,time0,TIME0,0.8821438390360398,0.9356909845602431,0.0,7
4.337820848816625e-05,False,422,time0,0.9944497958592909,2,,,time0,TIME0,0.8794516966682886,0.9258895449755646,0.0,2
1.0805401989181003e-06,False,422,time0,0.9999129703262678,5,,,time0,TIME0,0.8779581718494966,0.9163952622886045,0.0,10
2.538376067390675e-05,False,422,goleiro_time1,0.9967692000600603,9,,,goleiro1,GOL-TIME1,0.8774428114943891,0.9159669238455492,0.0,3
3.086517958451831e-05,False,422,time0,0.9972711024634774,7,,,time0,TIME0,0.8769246779458417,0.9126737049695777,0.0,8
1.771240118475683e-05,False,422,time0,0.9974000444468052,0,,,time0,TIME0,0.8767727404555087,0.911401440311476,0.0,1
0.0,False,423,time0,0.0,novo,0.05031132538952432,True,time0,TIME0,0.0,,,12
5.9127820125175947e-05,False,423,time1,0.9957643183787366,8,,,time1,TIME1,0.8848496427618275,0.9449731004781093,0.0,6
2.106441116514058e-05,False,423,time0,0.9976232181197688,0,,,time0,TIME0,0.8771523543225224,0.9116362632141868,0.0,1
0.00015493510811534982,False,423,time0,0.9803211372770397,2,,,time0,TIME0,0.875376397432241,0.9261132955349767,0.0,2
0.00020431486758625984,False,423,time0,0.9824247309001662,7,,,time0,TIME0,0.8728484770686,0.9138131966371479,0.0,8
0.0005132858017673931,False,423,time0,0.9347377791436328,1,,,time0,TIME0,0.8696050926527974,0.960030028801968,0.0,9
0.0011029343777231935,False,423,time1,0.912698688523788,6,,,time1,TIME1,0.8565308411764974,0.9378646014546014,0.0,4
0.0013729843229055986,False,423,time0,0.898186189320748,4,,,time0,TIME0,0.8512152466491937,0.9358089449047821,0.0,7
0.001350770544456584,False,423,time0,0.9122822078810111,5,,,time0,TIME0,0.8503341546322573,0.9151918733522861,0.0,10
0.000713091702843423,False,423,goleiro_time1,0.8999866526853718,9,,,goleiro1,GOL-TIME1,0.8481410634447447,0.9171356219062958,0.0,3
0.0013642094486857408,False,423,time0,0.8601871679250094,3,,,time0,TIME0,0.8430492691541112,0.9486200686274281,0.0,5
0.0,False,424,time0,0.0,novo,0.05031132538952432,True,time0,TIME0,0.0,,,12
1.4654520065660534e-05,False,424,time0,0.9982195144965568,0,,,time0,TIME0,0.8773407608327328,0.9116362632141868,0.0,1
0.0001758968876892531,False,424,time1,0.9620980267454413,8,,,time1,TIME1,0.8745827015697986,0.9449731004781093,0.0,6
0.0003912021756539584,False,424,time1,0.9660505917401394,6,,,time1,TIME1,0.8734396971251156,0.9378646014546014,0.0,4
6.041672046033488e-05,False,424,time0,0.9735326647427303,2,,,time0,TIME0,0.8734212747405861,0.9261132955349767,0.0,2
0.0002480767903800729,False,424,time0,0.9771989745943372,7,,,time0,TIME0,0.8712992200496985,0.9138131966371479,0.0,8
0.0007192578676945144,False,424,time0,0.9334255928191256,1,,,time0,TIME0,0.8691972184197864,0.960030028801968,0.0,9
0.001027275160088063,False,424,time0,0.9345245391013348,4,,,time0,TIME0,0.8630259151808416,0.9358089449047821,0.0,7
0.0009599503582075793,False,424,time0,0.9336654252663502,5,,,time0,TIME0,0.8577562158294231,0.9151918733522861,0.0,10
0.0010589406840818432,False,424,goleiro_time1,0.8540633363520593,9,,,goleiro1,GOL-TIME1,0.8340273584863254,0.9171356219062958,0.0,3
0.0016992310253443035,False,424,time0,0.7998383571692588,3,,,time0,TIME0,0.8251035689886937,0.9486200686274281,0.0,5
0.0,False,425,time0,0.0,novo,0.05031132538952432,True,time0,TIME0,0.0,,,12
1.291024991099931e-05,False,425,time0,0.9973272170884607,0,,,time0,TIME0,0.8770772149181891,0.9116362632141868,0.0,1
0.0002995012040100239,False,425,time1,0.9705034670926276,6,,,time1,TIME1,0.8752638526872315,0.9378646014546014,0.0,4
0.00025165532516351465,False,425,time1,0.9639423878293036,8,,,time1,TIME1,0.8751157236446063,0.9449731004781093,0.0,6
0.00011403369214221053,False,425,time0,0.9791524049456345,7,,,time0,TIME0,0.8719896410933814,0.9138131966371479,0.0,8
0.000292430506308727,False,425,time0,0.9521407745993765,2,,,time0,TIME0,0.8666691755165257,0.9261132955349767,0.0,2
0.0009565098915781426,False,425,time0,0.9068746265571759,1,,,time0,TIME0,0.8609347038406027,0.960030028801968,0.0,9
0.001069764841789808,False,425,time0,0.9418805442461267,5,,,time0,TIME0,0.8601110985312952,0.9151918733522861,0.0,10
0.0011056947261558296,False,425,time0,0.9119332606523748,4,,,time0,TIME0,0.8562359872828031,0.9358089449047821,0.0,7
0.0014344054999669501,False,425,time0,0.8382478312676578,3,,,time0,TIME0,0.837108039632768,0.9486200686274281,0.0,5
0.0011087903141114,False,425,goleiro_time1,0.8525999493382282,9,,,goleiro1,GOL-TIME1,0.8332728217256473,0.9171356219062958,0.0,3
0.0,False,426,time0,0.0,novo,0.051417647081261175,True,time0,TIME0,0.0,,,12
1.736522211483766e-05,False,426,time0,0.9972042140029698,2,,,time0,TIME0,0.8806325261080219,0.9267238205768604,0.0,2
1.6381619690031102e-05,False,426,time0,0.9980508740708064,0,,,time0,TIME0,0.877304400742728,0.9116750427967708,0.0,1
0.00028844651839766847,False,426,time1,0.9678198547462123,8,,,time1,TIME1,0.8757047016983237,0.9426121188216691,0.0,6
0.0002974591752513025,False,426,time0,0.9721266805837615,7,,,time0,TIME0,0.8693906619804048,0.9126032893585936,0.0,8
0.000500171889121759,False,426,time1,0.9404504029849746,6,,,time1,TIME1,0.866027241323325,0.9386167822984461,0.0,4
0.0012004469710272347,False,426,time0,0.8978968281020173,1,,,time0,TIME0,0.8575823991956617,0.9605510915557736,0.0,9
0.0007573152141359374,False,426,time0,0.911875326265825,4,,,time0,TIME0,0.8567199283614939,0.9364870388056505,0.0,7
0.001776919436447704,False,426,time0,0.9026488057296772,5,,,time0,TIME0,0.8471276623857841,0.9137478208485191,0.0,10
0.0008757059039640816,False,426,goleiro_time1,0.8256181150321864,9,,,goleiro1,GOL-TIME1,0.8253046432349648,0.9147367087099215,0.0,3
0.0034086639251053623,False,426,time0,0.6862610261903523,3,,,time0,TIME0,0.7885144309743539,0.9488650038360582,0.0,5
0.0,False,427,time0,0.0,novo,0.051417647081261175,True,time0,TIME0,0.0,,,12
9.172828468542354e-06,False,427,time0,0.9983140118172803,0,,,time0,TIME0,0.8773975763230341,0.9116750427967708,0.0,1
0.00020435242222561397,False,427,time1,0.973348075716711,8,,,time1,TIME1,0.8773894804444343,0.9426121188216691,0.0,6
0.00011461637881603963,False,427,time0,0.9686600422138959,2,,,time0,TIME0,0.8720851887576027,0.9267238205768604,0.0,2
0.0003147156398408238,False,427,time0,0.9703200477645393,7,,,time0,TIME0,0.8689482173012386,0.9126032893585936,0.0,8
0.0004473242294905366,False,427,time1,0.9443379943428768,6,,,time1,TIME1,0.8674078409307656,0.9386167822984461,0.0,4
0.0008117057467047324,False,427,time0,0.9237214934785394,1,,,time0,TIME0,0.8661343214208463,0.9605510915557736,0.0,9
0.0009154896223373953,False,427,time0,0.9187242522503295,4,,,time0,TIME0,0.8586854366718268,0.9364870388056505,0.0,7
0.000975339211937872,False,427,time0,0.933733240353993,5,,,time0,TIME0,0.8565054351271675,0.9137478208485191,0.0,10
0.0007940893866588406,False,427,goleiro_time1,0.9010067491656971,9,,,goleiro1,GOL-TIME1,0.8481656485969733,0.9147367087099215,0.0,3
0.00019797247115332925,False,427,time0,0.8375546886140766,3,,,time0,TIME0,0.8358440070000324,0.9488650038360582,0.0,5
0.0,False,428,time0,0.0,novo,0.051417647081261175,True,time0,TIME0,0.0,,,12
0.0004204234392671065,False,428,time0,0.9639177659779187,1,,,time0,TIME0,0.878457757935055,0.9605510915557736,0.0,9
1.5142457690757749e-05,False,428,time0,0.9981937219446491,0,,,time0,TIME0,0.8773512384292355,0.9116750427967708,0.0,1
5.785706929657419e-05,False,428,time1,0.9686727676074234,8,,,time1,TIME1,0.8760893305729094,0.9426121188216691,0.0,6
0.0002684086514405811,False,428,time0,0.9702973803872506,2,,,time0,TIME0,0.8722679279193559,0.9267238205768604,0.0,2
0.00019088287564296858,False,428,time0,0.9807011951072079,7,,,time0,TIME0,0.8721007534079401,0.9126032893585936,0.0,8
0.0002828078687644148,False,428,time0,0.927824855336013,3,,,time0,TIME0,0.8651609925852211,0.9488650038360582,0.0,5
0.0007232295022726682,False,428,time1,0.9314824739133014,6,,,time1,TIME1,0.8632286567391811,0.9386167822984461,0.0,4
0.000531993161501648,False,428,goleiro_time1,0.9340629488902812,9,,,goleiro1,GOL-TIME1,0.8582377981673844,0.9147367087099215,0.0,3
0.0009355277936887226,False,428,time0,0.9007936858293126,4,,,time0,TIME0,0.852984271744575,0.9364870388056505,0.0,7
0.0011654827266550892,False,428,time0,0.9147578006106923,5,,,time0,TIME0,0.8516529652048956,0.9137478208485191,0.0,10
0.0,False,429,time0,0.0,novo,0.052699674216210024,True,time0,TIME0,0.0,,,12
0.00010213123052230734,False,429,time1,0.9803653204190149,8,,,time1,TIME1,0.8788422253066192,0.9394226577334273,0.0,6
1.565725018059744e-05,False,429,time0,0.9985936347667934,0,,,time0,TIME0,0.8774287167651256,0.9115088583140338,0.0,1
0.00016784356733210942,False,429,time0,0.9809685257347439,7,,,time0,TIME0,0.8721954957504552,0.9123962305508917,0.0,8
0.000737950667237625,False,429,time0,0.9355346751545682,1,,,time0,TIME0,0.8697274248259166,0.961036645111661,0.0,9
0.0005824499565751633,False,429,time1,0.9420023168752991,6,,,time1,TIME1,0.8667976203764869,0.9397506723890292,0.0,4
0.0006458376726237281,False,429,time0,0.937088877311346,4,,,time0,TIME0,0.8647110674986024,0.9379248897792549,0.0,7
0.00042872766925962434,False,429,time0,0.9368724442275256,2,,,time0,TIME0,0.8618969710457552,0.9263001676788415,0.0,2
0.0006682720861643349,False,429,time0,0.9324210785427297,5,,,time0,TIME0,0.856876811614484,0.9130317456367181,0.0,10
0.0005680474416470636,False,429,goleiro_time1,0.9256306897484743,9,,,goleiro1,GOL-TIME1,0.854294316493398,0.9114758629182462,0.0,3
0.0014808884282378853,False,429,time0,0.8757852343255503,3,,,time0,TIME0,0.8477246434585998,0.9496194229236257,0.0,5
0.0,False,430,time0,0.0,novo,0.052699674216210024,True,time0,TIME0,0.0,,,12
0.00040311614083951314,False,430,time0,0.9638956743807441,1,,,time0,TIME0,0.8788321355102963,0.961036645111661,0.0,9
0.0,False,430,goleiro_time1,1.0,9,,,goleiro1,GOL-TIME1,0.8774816606557112,0.9114758629182462,0.0,3
1.9208463995616776e-05,False,430,time0,0.9979291574586038,0,,,time0,TIME0,0.8772272054418222,0.9115088583140338,0.0,1
0.0002477951749757435,False,430,time1,0.9663055452199956,8,,,time1,TIME1,0.8744180153724105,0.9394226577334273,0.0,6
0.00020263671677521496,False,430,time0,0.9809898019123078,7,,,time0,TIME0,0.8721280324155445,0.9123962305508917,0.0,8
0.000649237959213491,False,430,time0,0.9496362065149846,3,,,time0,TIME0,0.8710624541373985,0.9496194229236257,0.0,5
0.00043526544874532443,False,430,time0,0.9361387964754834,2,,,time0,TIME0,0.8620072584442988,0.9263001676788415,0.0,2
0.0013493226425218764,False,430,time0,0.9448418461189454,5,,,time0,TIME0,0.8599775405840488,0.9130317456367181,0.0,10
0.0011647751115119462,False,430,time1,0.902120442921635,6,,,time1,TIME1,0.8540798347935163,0.9397506723890292,0.0,4
0.0011926813666423128,False,430,time0,0.888901880198705,4,,,time0,TIME0,0.8496831606258161,0.9379248897792549,0.0,7
0.0,False,431,time0,0.0,novo,0.052699674216210024,True,time0,TIME0,0.0,,,12
6.343882336583676e-06,False,431,time0,0.9988497778532829,0,,,time0,TIME0,0.8775175167014517,0.9115088583140338,0.0,1
0.0004651330174284517,False,431,time0,0.9510796264799274,1,,,time0,TIME0,0.8748868133154972,0.961036645111661,0.0,9
9.691611376621424e-05,False,431,time0,0.9887330926915222,7,,,time0,TIME0,0.8745569719885751,0.9123962305508917,0.0,8
0.0003423134421413718,False,431,time1,0.9666789179015665,8,,,time1,TIME1,0.8744424257632248,0.9394226577334273,0.0,6
0.00010179340364833336,False,431,time0,0.974722177957324,2,,,time0,TIME0,0.8736647753628146,0.9263001676788415,0.0,2
0.0007581838030996419,False,431,time0,0.929409207447036,4,,,time0,TIME0,0.8623050491898562,0.9379248897792549,0.0,7
0.0008817386934057004,False,431,time0,0.9211330738523841,5,,,time0,TIME0,0.8534446136558365,0.9130317456367181,0.0,10
0.001713908814130067,False,431,time0,0.8573493822272226,3,,,time0,TIME0,0.8418156562863407,0.9496194229236257,0.0,5
0.0015559026344785563,False,431,time1,0.8562364272342261,6,,,time1,TIME1,0.8400095529088856,0.9397506723890292,0.0,4
0.0027201194869544295,False,431,goleiro_time1,0.7237041721867402,9,,,goleiro1,GOL-TIME1,0.7906527545654289,0.9114758629182462,0.0,3
0.0,False,432,time0,0.0,novo,0.0542963398126971,True,time0,TIME0,0.0,,,12
5.645136639146015e-06,False,432,time0,0.9992068604270442,0,,,time0,TIME0,0.8775334312109012,0.9111082909474462,0.0,1
0.00036501551968364356,False,432,time0,0.9651425799440532,3,,,time0,TIME0,0.8760719063776612,0.9515023720465373,0.0,5
9.390646010951042e-05,False,432,time0,0.9863846930520516,7,,,time0,TIME0,0.8741032287844787,0.9131837212648599,0.0,8
0.0006754308806319116,False,432,time0,0.9460781816901089,1,,,time0,TIME0,0.8732225338779056,0.9608447074503494,0.0,9
0.0003273197682330975,False,432,time0,0.9587330927215583,2,,,time0,TIME0,0.8686555011932042,0.925955730147223,0.0,2
0.0006543591893711987,False,432,time1,0.9438481885069424,8,,,time1,TIME1,0.8665285364599816,0.9369632886683757,0.0,6
0.0010044299665206405,False,432,time0,0.93345949244249,5,,,time0,TIME0,0.8575202040770219,0.9140783554410814,0.0,10
0.0010666935039086872,False,432,time0,0.903234891173383,4,,,time0,TIME0,0.8543878908242183,0.9383927065775297,0.0,7
0.0017396877593821522,False,432,time1,0.8459986326898535,6,,,time1,TIME1,0.8372016077240023,0.940553389059203,0.0,4
0.0016793089296631447,False,432,goleiro_time1,0.5793405519564192,9,,,goleiro1,GOL-TIME1,0.7471505591762948,0.9114758629182462,0.0,3
0.0,False,433,time0,0.0,novo,0.0542963398126971,True,time0,TIME0,0.0,,,12
7.912239968472342e-06,False,433,time0,0.9990221183643457,0,,,time0,TIME0,0.8774678395784753,0.9111082909474462,0.0,1
0.0,False,433,goleiro_time1,1.0,9,,,goleiro1,GOL-TIME1,0.8767239823684276,0.9114758629182462,0.0,3
0.00015903896394148297,False,433,time0,0.9836584707550153,7,,,time0,TIME0,0.8732002049998862,0.9131837212648599,0.0,8
0.0009623134721570773,False,433,time0,0.9351441449900444,1,,,time0,TIME0,0.8695294072214599,0.9608447074503494,0.0,9
0.0007034482396598607,False,433,time0,0.9574966780073206,5,,,time0,TIME0,0.8648719781188775,0.9140783554410814,0.0,10
0.00044132340144411274,False,433,time0,0.9447381523026985,2,,,time0,TIME0,0.8643911673602596,0.925955730147223,0.0,2
0.0006069711448277647,False,433,time1,0.934927427181587,6,,,time1,TIME1,0.8642512809388747,0.940553389059203,0.0,4
0.0006680205043250142,False,433,time1,0.9173286351554004,8,,,time1,TIME1,0.8584458180752477,0.9369632886683757,0.0,6
0.0009223835430838398,False,433,time0,0.9145842135123781,4,,,time0,TIME0,0.8579072405042553,0.9383927065775297,0.0,7
0.0036727766606374935,False,433,time0,0.6327074729909866,3,,,time0,TIME0,0.7716896222547124,0.9515023720465373,0.0,5
0.0,False,434,time0,0.0,novo,0.0542963398126971,True,time0,TIME0,0.0,,,12
0.0,False,434,goleiro_time1,1.0,9,,,goleiro1,GOL-TIME1,0.8778689657295615,0.9114758629182462,0.0,3
0.00011182708756442144,False,434,time0,0.9809878380443382,0,,,time0,TIME0,0.8718901261050461,0.9111082909474462,0.0,1
0.00023547938402726477,False,434,time0,0.9572198449216515,4,,,time0,TIME0,0.8710761950223449,0.9383927065775297,0.0,7
0.0007681632160593652,False,434,time0,0.9692568665562902,5,,,time0,TIME0,0.8684883247949582,0.9140783554410814,0.0,10
0.0004486118171255357,False,434,time0,0.9673916600232914,7,,,time0,TIME0,0.8678629189461449,0.9131837212648599,0.0,8
0.000742252062242394,False,434,time0,0.9274745142326826,1,,,time0,TIME0,0.8675964322153147,0.9608447074503494,0.0,9
0.00035102941607579875,False,434,time0,0.953183082546817,2,,,time0,TIME0,0.8669942623387565,0.925955730147223,0.0,2
0.0007295283322800055,False,434,time1,0.926079487451165,8,,,time1,TIME1,0.8612581883046508,0.9369632886683757,0.0,6
0.001064194427198677,False,434,time0,0.9218850997140353,3,,,time0,TIME0,0.8602497917127647,0.9515023720465373,0.0,5
0.0012728830595202544,False,434,time1,0.8757721719470096,6,,,time1,TIME1,0.8462538106215842,0.940553389059203,0.0,4
0.0,False,435,time0,0.0,novo,0.05458726217229393,True,time0,TIME0,0.0,,,12
0.0005542578752534814,False,435,time0,0.9651707876888622,1,,,time0,TIME0,0.8792072483130331,0.9611814955709725,0.0,9
0.0,False,435,goleiro_time1,1.0,9,,,goleiro1,GOL-TIME1,0.8778689657295615,0.9114758629182462,0.0,3
4.8973172791826756e-06,False,435,time0,0.9979607321409639,0,,,time0,TIME0,0.877193658818639,0.9115465757094943,0.0,1
0.00011952336616119413,False,435,time0,0.9878763467033318,7,,,time0,TIME0,0.8745331124299534,0.9145063919173502,0.0,8
0.0003815306321017605,False,435,time1,0.9619604182620741,8,,,time1,TIME1,0.872285933935423,0.9384256194192349,0.0,6
0.0006192279847584393,False,435,time0,0.9701153650091341,5,,,time0,TIME0,0.868935899519182,0.9142826874838662,0.0,10
0.00034525214023243335,False,435,time0,0.9562609884116048,2,,,time0,TIME0,0.8681193850939126,0.9262957565389238,0.0,2
0.0009906044816067438,False,435,time0,0.9163851269683378,4,,,time0,TIME0,0.8581448001189633,0.938752571132518,0.0,7
0.0012710729284400035,False,435,time1,0.873318165592922,6,,,time1,TIME1,0.8457747425250608,0.9412881745401516,0.0,4
0.00308919364723648,False,435,time0,0.805727477782742,3,,,time0,TIME0,0.8246974313782067,0.952976694923475,0.0,5
0.0,False,436,time0,0.0,novo,0.05458726217229393,True,time0,TIME0,0.0,,,12
0.0003619854272220363,False,436,time0,0.9723552274063519,1,,,time0,TIME0,0.8815170196355641,0.9611814955709725,0.0,9
0.0,False,436,goleiro_time1,1.0,9,,,goleiro1,GOL-TIME1,0.8778689657295615,0.9114758629182462,0.0,3
9.88930513045725e-06,False,436,time0,0.9981445994589806,0,,,time0,TIME0,0.8773117203751156,0.9115465757094943,0.0,1
9.229800289632134e-05,False,436,time0,0.98146498100554,2,,,time0,TIME0,0.8757547747768959,0.9262957565389238,0.0,2
0.00010072777014663295,False,436,time0,0.9842478942698363,7,,,time0,TIME0,0.8737436692598362,0.9145063919173502,0.0,8
0.0004420513095365858,False,436,time1,0.9645322420846206,6,,,time1,TIME1,0.8735838706072434,0.9412881745401516,0.0,4
0.00040883340028523453,False,436,time1,0.959034626329622,8,,,time1,TIME1,0.8719259300541498,0.9384256194192349,0.0,6
0.0006238959211604844,False,436,time0,0.9657087940001663,5,,,time0,TIME0,0.8676654988586932,0.9142826874838662,0.0,10
0.0009757338083375971,False,436,time0,0.9218763661026209,4,,,time0,TIME0,0.8602863884543581,0.938752571132518,0.0,7
0.0009221237933324136,False,436,time0,0.8718827058943969,3,,,time0,TIME0,0.8468113337614627,0.952976694923475,0.0,5
0.0,False,437,time0,0.0,novo,0.05458726217229393,True,time0,TIME0,0.0,,,12
0.0006189466737483499,False,437,time0,0.9701862694248286,1,,,time0,TIME0,0.8805513860710559,0.9611814955709725,0.0,9
1.9099666439287083e-06,False,437,time0,0.9991035920319065,0,,,time0,TIME0,0.8776101865495708,0.9115465757094943,0.0,1
0.0004443461377115878,False,437,time1,0.9747183784776186,8,,,time1,TIME1,0.8764047266424619,0.9384256194192349,0.0,6
0.00015121248070857057,False,437,time0,0.9796235516754189,2,,,time0,TIME0,0.875223212566206,0.9262957565389238,0.0,2
0.00014767113275477637,False,437,time0,0.9834028366138872,7,,,time0,TIME0,0.8734774742420188,0.9145063919173502,0.0,8
0.0008349490372056397,False,437,time0,0.9524264478750062,4,,,time0,TIME0,0.8692851046593395,0.938752571132518,0.0,7
0.0008693114941653991,False,437,time0,0.966833117971047,5,,,time0,TIME0,0.867661836581644,0.9142826874838662,0.0,10
0.001442310922772757,False,437,time1,0.872538627162766,6,,,time1,TIME1,0.8450822462283283,0.9412881745401516,0.0,4
0.003911890106030804,False,437,time0,0.7214752894455431,3,,,time0,TIME0,0.7990826845824959,0.952976694923475,0.0,5
0.008702874835634335,False,437,goleiro_time1,0.13953612377053845,9,,,goleiro1,GOL-TIME1,0.6058843201676685,0.9114758629182462,0.0,3
0.0,False,438,time0,0.0,novo,0.05357439923459262,True,time0,TIME0,0.0,,,12
0.0002623688609314433,False,438,time0,0.9834235467939654,1,,,time0,TIME0,0.8847367636584865,0.9607701302390207,0.0,9
1.3094066775343967e-05,False,438,time0,0.9963864423820195,7,,,time0,TIME0,0.8775343846299747,0.9149148603065491,0.0,8
1.665393521617529e-05,False,438,time0,0.9974360065515646,0,,,time0,TIME0,0.8771954665265106,0.9119691663966764,0.0,1
0.0006415954822986299,False,438,time1,0.9444166414470309,8,,,time1,TIME1,0.8676124409267489,0.9402852844597207,0.0,6
0.00095368491010189,False,438,time0,0.9611959907204413,5,,,time0,TIME0,0.8655819044227999,0.912713343046585,0.0,10
0.0012398874341626287,False,438,time0,0.918157091112173,4,,,time0,TIME0,0.8587833438448851,0.939358119510352,0.0,7
0.0006385343923569208,False,438,time0,0.9174834276187888,2,,,time0,TIME0,0.8556455536699684,0.9253976570074838,0.0,2
0.0017761856433999251,False,438,time0,0.8365893066326384,3,,,time0,TIME0,0.8339857493754413,0.9536705700823149,0.0,5
0.0016210460457707937,False,438,time1,0.8321604514284314,6,,,time1,TIME1,0.8332244261927724,0.9411862380897685,0.0,4
0.0015350032303576566,False,438,goleiro_time1,0.7354191415878719,9,,,goleiro1,GOL-TIME1,0.7922111363749464,0.9114758629182462,0.0,3
0.0,False,439,time0,0.0,novo,0.05357439923459262,True,time0,TIME0,0.0,,,12
0.0004852181669574784,False,439,time0,0.9717404576272004,1,,,time0,TIME0,0.8811150288184737,0.9607701302390207,0.0,9
0.00014782606942291218,False,439,time1,0.9796721537072932,8,,,time1,TIME1,0.8783188361005192,0.9402852844597207,0.0,6
3.960503578368821e-06,False,439,time0,0.9985615657289663,0,,,time0,TIME0,0.8775443063096834,0.9119691663966764,0.0,1
7.363683498797919e-05,False,439,time0,0.9899133803816529,7,,,time0,TIME0,0.875589806527878,0.9149148603065491,0.0,8
9.141925477485842e-05,False,439,time0,0.9819821560956601,2,,,time0,TIME0,0.8753649739378079,0.9253976570074838,0.0,2
0.0009750287298131204,False,439,time0,0.9604081228905056,5,,,time0,TIME0,0.86537815599496,0.912713343046585,0.0,10
0.0009376958923951577,False,439,time0,0.9303981440475599,4,,,time0,TIME0,0.8628894234833131,0.939358119510352,0.0,7
0.0014470290334920209,False,439,time0,0.8226443119553001,3,,,time0,TIME0,0.8333980998153508,0.9536705700823149,0.0,5
0.0021317323207289923,False,439,time1,0.7887701592712103,6,,,time1,TIME1,0.8196115066872353,0.9411862380897685,0.0,4
0.06052957548724762,False,439,goleiro_time1,0.0,9,,,goleiro1,GOL-TIME1,0.4825946031958778,0.9114758629182462,0.0,3
0.0,False,440,time0,0.0,novo,0.05357439923459262,True,time0,TIME0,0.0,,,12
0.0002429399346513809,False,440,time0,0.9872304406669611,1,,,time0,TIME0,0.8859742410241249,0.9607701302390207,0.0,9
0.00014336740406083442,False,440,time1,0.9862443750278925,8,,,time1,TIME1,0.8807476156578238,0.9402852844597207,0.0,6
2.1707983028506846e-05,False,440,time0,0.9975018389287054,0,,,time0,TIME0,0.8772072790485087,0.9119691663966764,0.0,1
0.00016234290975430086,False,440,time0,0.9849080728567198,7,,,time0,TIME0,0.8739721006359839,0.9149148603065491,0.0,8
0.00024363775844647205,False,440,time0,0.9712472798411849,2,,,time0,TIME0,0.8723431978986264,0.9253976570074838,0.0,2
0.0007851763681864177,False,440,time0,0.9332030285663873,3,,,time0,TIME0,0.8662281616258571,0.9536705700823149,0.0,5
0.001002345373300699,False,440,time0,0.9515680308034519,5,,,time0,TIME0,0.8625190165952499,0.912713343046585,0.0,10
0.001259592801144941,False,440,time0,0.9193354006080311,4,,,time0,TIME0,0.8592535358877396,0.939358119510352,0.0,7
0.0009069181849345724,False,440,time1,0.8916060868751928,6,,,time1,TIME1,0.8510981057437881,0.9411862380897685,0.0,4
0.0,False,440,goleiro_time1,1.0,9,,,goleiro1,GOL-TIME1,0.8365988006246199,0.9114758629182462,0.0,3
0.0,False,441,time0,0.0,novo,0.05187271213322597,True,time0,TIME0,0.0,,,12
7.52646846508719e-05,False,441,time0,0.9942377023193828,1,,,time0,TIME0,0.8881989857993212,0.9604510788812948,0.0,9
0.0,False,441,goleiro_time1,1.0,9,,,goleiro1,GOL-TIME1,0.8778689657295615,0.9114758629182462,0.0,3
1.5637363090253874e-05,False,441,time0,0.9980571408536177,0,,,time0,TIME0,0.8774162756486868,0.912153871211525,0.0,1
0.0001810163295308011,False,441,time0,0.9773887245109241,7,,,time0,TIME0,0.8717016422552344,0.915204011528025,0.0,8
0.00041098288021065925,False,441,time0,0.9536436369179088,2,,,time0,TIME0,0.8669166251015031,0.9252475050713908,0.0,2
0.000571399177355554,False,441,time1,0.940611654728579,8,,,time1,TIME1,0.866678209546196,0.9412576871360008,0.0,6
0.000860342619349945,False,441,time0,0.9092897996760351,3,,,time0,TIME0,0.8604532905140234,0.9544276215110747,0.0,5
0.0007395327562997782,False,441,time0,0.9171235733686044,4,,,time0,TIME0,0.8588076459967662,0.9402886955617145,0.0,7
0.0008123751603707613,False,441,time0,0.9374957347279307,5,,,time0,TIME0,0.8582914700981182,0.9117941131918476,0.0,10
0.0013744606349693682,False,441,time1,0.8485464246693271,6,,,time1,TIME1,0.8376811980204415,0.9410039566909782,0.0,4
0.0,False,442,time0,0.0,novo,0.05187271213322597,True,time0,TIME0,0.0,,,12
0.00015746188470119565,False,442,time0,0.9644296041685877,1,,,time0,TIME0,0.8791473129999938,0.9604510788812948,0.0,9
0.0,False,442,goleiro_time1,1.0,9,,,goleiro1,GOL-TIME1,0.8778689657295615,0.9114758629182462,0.0,3
1.116745020247119e-05,False,442,time0,0.9987072640173856,0,,,time0,TIME0,0.8776288374184297,0.912153871211525,0.0,1
5.5492864601049673e-05,False,442,time0,0.9930703262573745,7,,,time0,TIME0,0.876584566615328,0.915204011528025,0.0,8
4.08659603857315e-05,False,442,time0,0.9717421041885481,2,,,time0,TIME0,0.8724917280235581,0.9252475050713908,0.0,2
0.0008570641919209098,False,442,time0,0.9208116568150484,3,,,time0,TIME0,0.8637762819249093,0.9544276215110747,0.0,5
0.0008563741301789373,False,442,time0,0.9435450150909392,5,,,time0,TIME0,0.8601161096536968,0.9117941131918476,0.0,10
0.0008242209666127533,False,442,time1,0.9052532575003469,8,,,time1,TIME1,0.8553550651578095,0.9412576871360008,0.0,6
0.0013678809505433013,False,442,time0,0.8618801725403193,4,,,time0,TIME0,0.841964174071882,0.9402886955617145,0.0,7
0.0012301804033152896,False,442,time1,0.8411200713851021,6,,,time1,TIME1,0.8358406508161595,0.9410039566909782,0.0,4
0.0,False,443,time0,0.0,novo,0.05187271213322597,True,time0,TIME0,0.0,,,12
0.0001767658444626642,False,443,time0,0.9853021090821004,1,,,time0,TIME0,0.8853214206556211,0.9604510788812948,0.0,9
0.0,False,443,goleiro_time1,1.0,9,,,goleiro1,GOL-TIME1,0.8778689657295615,0.9114758629182462,0.0,3
3.919451576028558e-05,False,443,time0,0.9964082136305539,7,,,time0,TIME0,0.8776544389640388,0.915204011528025,0.0,8
5.741894372784254e-06,False,443,time0,0.9981530090965658,0,,,time0,TIME0,0.877469543287367,0.912153871211525,0.0,1
0.00016337566867808643,False,443,time1,0.9670201183818677,8,,,time1,TIME1,0.8747410587174154,0.9412576871360008,0.0,6
0.000470032800776594,False,443,time0,0.956919659253489,2,,,time0,TIME0,0.867616339074019,0.9252475050713908,0.0,2
0.000591511976028043,False,443,time0,0.9295533160892028,3,,,time0,TIME0,0.8666965664936257,0.9544276215110747,0.0,5
0.0006878013103464617,False,443,time0,0.9620680248276299,5,,,time0,TIME0,0.8656991489047365,0.9117941131918476,0.0,10
0.000769965229959884,False,443,time1,0.9038941632874743,6,,,time1,TIME1,0.855382846924102,0.9410039566909782,0.0,4
0.0011275360275198889,False,443,time0,0.8892456222521602,4,,,time0,TIME0,0.8506448257498156,0.9402886955617145,0.0,7
0.0,False,444,time0,0.0,novo,0.05124181805081873,True,time0,TIME0,0.0,,,12
0.0,False,444,goleiro_time1,1.0,9,,,goleiro1,GOL-TIME1,0.8778689657295615,0.9114758629182462,0.0,3
0.00039960452205648763,False,444,time0,0.9618398200204686,3,,,time0,TIME0,0.8767821982208878,0.9554854213251667,0.0,5
9.373510517705715e-05,False,444,time0,0.9826039222928536,2,,,time0,TIME0,0.8752514691290797,0.9237050700955297,0.0,2
0.00016780176385648927,False,444,time1,0.9636751439926947,8,,,time1,TIME1,0.8740346152958582,0.9408607433245598,0.0,6
0.0001359225551062625,False,444,time0,0.9833406764669808,7,,,time0,TIME0,0.8735213150949607,0.9148674493823402,0.0,8
0.00012982681947244011,False,444,time0,0.9852188213330909,0,,,time0,TIME0,0.8733936965705593,0.9121539780596633,0.0,1
0.00039251198406847407,False,444,time0,0.9468892949471212,1,,,time0,TIME0,0.8732472283425498,0.9595861075251544,0.0,9
0.0006071072597853968,False,444,time0,0.9557909394106815,5,,,time0,TIME0,0.8633973380657026,0.9101696917709168,0.0,10
0.0011309104405992558,False,444,time0,0.8958986658059732,4,,,time0,TIME0,0.8525318843357133,0.939989200230426,0.0,7
0.002461857411643679,False,444,time1,0.7616847740834933,6,,,time1,TIME1,0.8101644827186669,0.9408222034934737,0.0,4
0.0,False,445,time0,0.0,novo,0.05124181805081873,True,time0,TIME0,0.0,,,12
0.0003669428425462762,False,445,time0,0.9651272450912436,1,,,time0,TIME0,0.8790584782339649,0.9595861075251544,0.0,9
0.0,False,445,goleiro_time1,1.0,9,,,goleiro1,GOL-TIME1,0.8778689657295615,0.9114758629182462,0.0,3
0.00012476552961381633,False,445,time0,0.9884254860300857,2,,,time0,TIME0,0.8772000002314974,0.9237050700955297,0.0,2
4.32279043198697e-05,False,445,time0,0.997044004767992,0,,,time0,TIME0,0.8770428890798814,0.9121539780596633,0.0,1
5.480402043603714e-05,False,445,time0,0.994246820003337,7,,,time0,TIME0,0.8768855803239415,0.9148674493823402,0.0,8
0.000580454094276168,False,445,time1,0.9552648735166895,8,,,time1,TIME1,0.8707843596679969,0.9408607433245598,0.0,6
0.00116376827683093,False,445,time0,0.9320669568715289,3,,,time0,TIME0,0.8667996769728193,0.9554854213251667,0.0,5
0.001503182668230994,False,445,time0,0.8941689459944278,5,,,time0,TIME0,0.8437519590191794,0.9101696917709168,0.0,10
0.0015079712969491804,False,445,time1,0.8610499061536265,6,,,time1,TIME1,0.8411636169135424,0.9408222034934737,0.0,4
0.0019450116177752946,False,445,time0,0.8405510525612928,4,,,time0,TIME0,0.8348219516550279,0.939989200230426,0.0,7
0.0,False,446,time0,0.0,novo,0.05124181805081873,True,time0,TIME0,0.0,,,12
0.0004516735665880981,False,446,time0,0.9688824532936614,1,,,time0,TIME0,0.8796433238857594,0.9595861075251544,0.0,9
0.0,False,446,goleiro_time1,1.0,9,,,goleiro1,GOL-TIME1,0.8778689657295615,0.9114758629182462,0.0,3
9.810465912538883e-05,False,446,time0,0.9902652207676517,2,,,time0,TIME0,0.8777680236153843,0.9237050700955297,0.0,2
3.095458905095769e-05,False,446,time0,0.9966781964970884,0,,,time0,TIME0,0.8769904262477435,0.9121539780596633,0.0,1
7.762376537669055e-05,False,446,time0,0.9929506678095038,7,,,time0,TIME0,0.8764479777793758,0.9148674493823402,0.0,8
0.000646577857950546,False,446,time1,0.9624643193352649,8,,,time1,TIME1,0.8732657542578188,0.9408607433245598,0.0,6
0.0010735053396750912,False,446,time0,0.8826157618655862,3,,,time0,TIME0,0.8522184917430469,0.9554854213251667,0.0,5
0.0012931203047045108,False,446,time0,0.8943359324381775,4,,,time0,TIME0,0.8516677364224765,0.939989200230426,0.0,7
0.0013559102411981822,False,446,time0,0.9017046402171243,5,,,time0,TIME0,0.8464512733969487,0.9101696917709168,0.0,10
0.002825020438715345,False,446,time1,0.7642072550042474,6,,,time1,TIME1,0.8108781406128525,0.9408222034934737,0.0,4
0.0,False,447,time0,0.0,novo,0.05060227189230093,True,time0,TIME0,0.0,,,12
0.0003829520010052188,False,447,time0,0.964608703959403,1,,,time0,TIME0,0.8786643275001605,0.9591612436814833,0.0,9
0.0,False,447,goleiro_time1,1.0,9,,,goleiro1,GOL-TIME1,0.8778689657295615,0.9114758629182462,0.0,3
0.00031371217886263364,False,447,time1,0.9768911931603188,8,,,time1,TIME1,0.8776027793611767,0.9402257960614933,0.0,6
2.776154737700248e-05,False,447,time0,0.9970369084467267,0,,,time0,TIME0,0.8770767291486453,0.9119959433945977,0.0,1
0.00012381236978377836,False,447,time0,0.9855301439518147,2,,,time0,TIME0,0.8763599714999287,0.9233240605041129,0.0,2
8.336769102614115e-05,False,447,time0,0.9911304689719795,7,,,time0,TIME0,0.8755175608624739,0.9134277208280832,0.0,8
0.00041578084368553743,False,447,time0,0.9431753860759847,3,,,time0,TIME0,0.8709235666983226,0.9556037346677273,0.0,5
0.0008269150585658263,False,447,time0,0.9328184781262363,4,,,time0,TIME0,0.8636519205274399,0.9396557628072455,0.0,7
0.0009363965348495471,False,447,time0,0.9154445103427552,5,,,time0,TIME0,0.850627812760031,0.9097681737230024,0.0,10
0.00174978654561631,False,447,time1,0.8239240976483568,6,,,time1,TIME1,0.829294766291277,0.939094638754551,0.0,4
0.0,False,448,time0,0.0,novo,0.05060227189230093,True,time0,TIME0,0.0,,,12
0.0,False,448,time1,1.0,6,,,time1,TIME1,0.8835806234075357,0.939094638754551,0.0,4
0.0,False,448,goleiro_time1,1.0,9,,,goleiro1,GOL-TIME1,0.8778689657295615,0.9114758629182462,0.0,3
5.787402104350488e-06,False,448,time0,0.9980680799658503,0,,,time0,TIME0,0.877396434700925,0.9119959433945977,0.0,1
0.0004542592434593747,False,448,time0,0.960260064823523,1,,,time0,TIME0,0.8773806853902966,0.9591612436814833,0.0,9
7.941972944169038e-05,False,448,time0,0.986575084677815,2,,,time0,TIME0,0.8766173126176333,0.9233240605041129,0.0,2
0.00010862867777121372,False,448,time0,0.988755039046233,7,,,time0,TIME0,0.8748427323584844,0.9134277208280832,0.0,8
0.00040144798430601336,False,448,time1,0.9621334066255838,8,,,time1,TIME1,0.8731960283667803,0.9402257960614933,0.0,6
0.0008138182427300029,False,448,time0,0.9344362181653074,3,,,time0,TIME0,0.8679116932178221,0.9556037346677273,0.0,5
0.0008062256357381206,False,448,time0,0.9356555526661354,4,,,time0,TIME0,0.8648496102386041,0.9396557628072455,0.0,7
0.0011081731040575229,False,448,time0,0.9118052563885766,5,,,time0,TIME0,0.8495135679089667,0.9097681737230024,0.0,10
0.0,False,449,time0,0.0,novo,0.05060227189230093,True,time0,TIME0,0.0,,,12
0.0,False,449,time1,1.0,6,,,time1,TIME1,0.8847736596886377,0.939094638754551,0.0,4
5.294309198160745e-06,False,449,time0,0.9966738151020363,2,,,time0,TIME0,0.8797734514387061,0.9233240605041129,0.0,2
0.0004242664672788803,False,449,time0,0.964465566113487,1,,,time0,TIME0,0.8787063065299462,0.9591612436814833,0.0,9
0.0,False,449,goleiro_time1,1.0,9,,,goleiro1,GOL-TIME1,0.8778689657295615,0.9114758629182462,0.0,3
1.3358498173596049e-05,False,449,time0,0.9986033753482907,0,,,time0,TIME0,0.8775586202835731,0.9119959433945977,0.0,1
7.221298019822797e-05,False,449,time0,0.9629873541036846,3,,,time0,TIME0,0.8772231327722986,0.9556037346677273,0.0,5
4.597260181533486e-05,False,449,time0,0.994464798877337,7,,,time0,TIME0,0.8766029983668471,0.9134277208280832,0.0,8
0.00041538584142682567,False,449,time1,0.963311221137095,8,,,time1,TIME1,0.8731311692558308,0.9402257960614933,0.0,6
0.0006908515435602792,False,449,time0,0.9440659234352933,4,,,time0,TIME0,0.8670823981968814,0.9396557628072455,0.0,7
0.0009311602436691373,False,449,time0,0.9138815409363994,5,,,time0,TIME0,0.8505226540186973,0.9097681737230024,0.0,10
0.0,False,450,time0,0.0,novo,0.0478297271891901,True,time0,TIME0,0.0,,,12
9.545732815204182e-06,False,450,time0,0.9959017790742152,2,,,time0,TIME0,0.8794237096939603,0.922672215629188,0.0,2
0.0,False,450,goleiro_time1,1.0,9,,,goleiro1,GOL-TIME1,0.8778689657295615,0.9114758629182462,0.0,3
0.00047692200341231927,False,450,time0,0.9623734886836456,1,,,time0,TIME0,0.877581368727362,0.9573982848921565,0.0,9
2.368538508515837e-05,False,450,time0,0.9974744875232128,0,,,time0,TIME0,0.8771327475590599,0.9116969173406209,0.0,1
7.096978973143524e-05,False,450,time0,0.9926910664340131,7,,,time0,TIME0,0.8754632471659355,0.9109668717297432,0.0,8
0.0005665220206459148,False,450,time1,0.9323806287167229,8,,,time1,TIME1,0.8634259383374128,0.938406138825064,0.0,6
0.000702395948772345,False,450,time0,0.9424668158152818,5,,,time0,TIME0,0.8596389285743745,0.9113167847885593,0.0,10
0.0008142332335438048,False,450,time0,0.9130725129393178,4,,,time0,TIME0,0.8578563379562806,0.9392760558147444,0.0,7
0.0017963795631373615,False,450,time0,0.8540083400421574,3,,,time0,TIME0,0.8423012231217437,0.9556384959311546,0.0,5
0.00696077627387176,False,450,time1,0.4902733479377739,6,,,time1,TIME1,0.7207380114817713,0.9389198774173044,0.0,4
0.0,False,451,time0,0.0,novo,0.0478297271891901,True,time0,TIME0,0.0,,,12
0.0,False,451,goleiro_time1,1.0,9,,,goleiro1,GOL-TIME1,0.8778689657295615,0.9114758629182462,0.0,3
0.0001236505081466836,False,451,time0,0.9882801135544469,7,,,time0,TIME0,0.8740364240882409,0.9109668717297432,0.0,8
4.3453980458501096e-05,False,451,time0,0.9866664520930111,0,,,time0,TIME0,0.8738707299745972,0.9116969173406209,0.0,1
0.0004017483706884732,False,451,time1,0.964546895513148,8,,,time1,TIME1,0.8729578116360315,0.938406138825064,0.0,6
0.0008872846549928886,False,451,time0,0.9487450478734584,1,,,time0,TIME0,0.8728531452338573,0.9573982848921565,0.0,9
0.001029912025924025,False,451,time0,0.9140516798357827,2,,,time0,TIME0,0.8532425046798982,0.922672215629188,0.0,2
0.0012358095659947314,False,451,time0,0.908880119796785,5,,,time0,TIME0,0.8489777703034633,0.9113167847885593,0.0,10
0.0012857537611681666,False,451,time0,0.882435721375851,4,,,time0,TIME0,0.8480507569932034,0.9392760558147444,0.0,7
0.001447255604271292,False,451,time0,0.8549954427880729,3,,,time0,TIME0,0.843573041543582,0.9556384959311546,0.0,5
0.0017451029329109073,False,451,time1,0.8211196275293373,6,,,time1,TIME1,0.8252326433325265,0.9389198774173044,0.0,4
0.0,False,452,time0,0.0,novo,0.0478297271891901,True,time0,TIME0,0.0,,,12
5.35767218851886e-05,False,452,time0,0.9749267335986286,1,,,time0,TIME0,0.8812057665974827,0.9573982848921565,0.0,9
0.0,False,452,goleiro_time1,1.0,9,,,goleiro1,GOL-TIME1,0.8778689657295615,0.9114758629182462,0.0,3
6.208664628535436e-05,False,452,time0,0.9930240668442073,2,,,time0,TIME0,0.8778587973361172,0.922672215629188,0.0,2
2.4785570503866737e-05,False,452,time0,0.9959159409163355,7,,,time0,TIME0,0.8764138527247597,0.9109668717297432,0.0,8
6.468925508622836e-05,False,452,time0,0.9943273475775023,0,,,time0,TIME0,0.8760937538058096,0.9116969173406209,0.0,1
0.0007927843978197908,False,452,time1,0.9543360808329677,8,,,time1,TIME1,0.8698607693018079,0.938406138825064,0.0,6
0.0007420001760088332,False,452,time0,0.9493891140960486,4,,,time0,TIME0,0.868590410155219,0.9392760558147444,0.0,7
0.0007824401683634845,False,452,time0,0.925225199111725,5,,,time0,TIME0,0.8543641896284692,0.9113167847885593,0.0,10
0.0022256208976769057,False,452,time1,0.7863182421918934,6,,,time1,TIME1,0.8182727227336676,0.9389198774173044,0.0,4
0.0041585302063306745,False,452,time0,0.6955071457431434,3,,,time0,TIME0,0.7900207989828811,0.9556384959311546,0.0,5
0.0,False,453,time0,0.0,novo,0.04770945408277916,True,time0,TIME0,0.0,,,12
0.0001348053521470768,False,453,time0,0.9921841838538464,1,,,time0,TIME0,0.8864681462803632,0.9560277824745141,0.0,9
0.00014875782019140683,False,453,time1,0.9861075300250246,8,,,time1,TIME1,0.8794284275844062,0.9368187707800744,0.0,6
0.0,False,453,goleiro_time1,1.0,9,,,goleiro1,GOL-TIME1,0.8778689657295615,0.9114758629182462,0.0,3
1.2946395141607005e-05,False,453,time0,0.9988264485215269,0,,,time0,TIME0,0.8776471426882404,0.9121850646126288,0.0,1
3.890440981766417e-06,False,453,time0,0.9985790439312098,7,,,time0,TIME0,0.8766137294927439,0.9082313104231894,0.0,8
0.0002796134034132331,False,453,time0,0.9771866846375166,2,,,time0,TIME0,0.8731421829316393,0.9218932927019338,0.0,2
0.0004477968522804362,False,453,time0,0.9649700353411796,5,,,time0,TIME0,0.8668433520180346,0.9128780309133452,0.0,10
0.0013845639871171253,False,453,time0,0.9222385389689987,4,,,time0,TIME0,0.8594195609307806,0.937850416621646,0.0,7
0.0007726585609273571,False,453,time0,0.9012171257056334,3,,,time0,TIME0,0.8561032130913953,0.9556232554234051,0.0,5
0.0017248327116839894,False,453,time1,0.8351056081814707,6,,,time1,TIME1,0.8328688353246724,0.9372086475374631,0.0,4
0.0,False,454,time0,0.0,novo,0.04770945408277916,True,time0,TIME0,0.0,,,12
6.687620086935385e-05,False,454,time0,0.9931293492936399,1,,,time0,TIME0,0.8868383794533763,0.9560277824745141,0.0,9
3.742020490637571e-05,False,454,time0,0.9962532584571286,2,,,time0,TIME0,0.8790992745930593,0.9218932927019338,0.0,2
0.0,False,454,goleiro_time1,1.0,9,,,goleiro1,GOL-TIME1,0.8778689657295615,0.9114758629182462,0.0,3
2.6457373426699266e-05,False,454,time0,0.9977299830509426,0,,,time0,TIME0,0.8773143588699361,0.9121850646126288,0.0,1
3.113185113413004e-05,False,454,time0,0.9950985645673274,7,,,time0,TIME0,0.8755399694377406,0.9082313104231894,0.0,8
0.0005309793764854862,False,454,time0,0.9547122208527431,3,,,time0,TIME0,0.8746688955699936,0.9556232554234051,0.0,5
0.0005949765912671826,False,454,time1,0.9545124371774881,8,,,time1,TIME1,0.8696863218291289,0.9368187707800744,0.0,6
0.0008172181741931524,False,454,time0,0.9432293086050392,4,,,time0,TIME0,0.8662954010999875,0.937850416621646,0.0,7
0.000555076746491327,False,454,time0,0.961330080326374,5,,,time0,TIME0,0.8659634878916574,0.9128780309133452,0.0,10
0.002243046859125707,False,454,time1,0.7873303369833166,6,,,time1,TIME1,0.8177767515954596,0.9372086475374631,0.0,4
0.0,False,455,time0,0.0,novo,0.04770945408277916,True,time0,TIME0,0.0,,,12
1.029841415972676e-05,False,455,time0,0.9904194500008209,1,,,time0,TIME0,0.8860837760381319,0.9560277824745141,0.0,9
0.0,False,455,time1,1.0,6,,,time1,TIME1,0.8827728117531437,0.9372086475374631,0.0,4
0.0,False,455,goleiro_time1,1.0,9,,,goleiro1,GOL-TIME1,0.8778689657295615,0.9114758629182462,0.0,3
8.186687839682861e-06,False,455,time0,0.9990259942494483,0,,,time0,TIME0,0.87773373542841,0.9121850646126288,0.0,1
3.11177697297589e-05,False,455,time0,0.996748764938901,7,,,time0,TIME0,0.8760120105938076,0.9082313104231894,0.0,8
0.0004293482783825142,False,455,time0,0.9684333147886567,4,,,time0,TIME0,0.8743344426990475,0.937850416621646,0.0,7
0.0002610624769521271,False,455,time0,0.9781628145104837,2,,,time0,TIME0,0.8735322185025522,0.9218932927019338,0.0,2
0.0004809271720892411,False,455,time1,0.966049211968458,8,,,time1,TIME1,0.872883897915558,0.9368187707800744,0.0,6
0.00017966155955042578,False,455,time0,0.9811822407183713,5,,,time0,TIME0,0.8721531997582916,0.9128780309133452,0.0,10
0.006645998943464972,False,455,time0,0.5580569579140304,3,,,time0,TIME0,0.7454756752352226,0.9556232554234051,0.0,5
0.0,False,456,time0,0.0,novo,0.0474947934262534,True,time0,TIME0,0.0,,,12
9.456173212647486e-05,False,456,time0,0.9910678561887842,1,,,time0,TIME0,0.8859399766975116,0.9550529000618573,0.0,9
0.0,False,456,goleiro_time1,1.0,9,,,goleiro1,GOL-TIME1,0.8778689657295615,0.9114758629182462,0.0,3
1.0463999077407597e-05,False,456,time0,0.9988697322932983,0,,,time0,TIME0,0.8776977905387254,0.9122210012056597,0.0,1
0.0002643233509799917,False,456,time0,0.9728461221443631,4,,,time0,TIME0,0.8759149486097042,0.9377690695666586,0.0,7
0.00017185443071793705,False,456,time0,0.982857466644785,2,,,time0,TIME0,0.875275256925376,0.9226640184297913,0.0,2
5.832723156636751e-05,False,456,time0,0.9933261384594898,7,,,time0,TIME0,0.8744843965978348,0.9062693913989104,0.0,8
0.00023976467150350293,False,456,time1,0.9536845631614147,8,,,time1,TIME1,0.8692048831074576,0.934564122542489,0.0,6
0.0005394011533869991,False,456,time0,0.9378462796273762,3,,,time0,TIME0,0.8656005754951387,0.9556285978303136,0.0,5
0.0006095985744422882,False,456,time0,0.9503320592339936,5,,,time0,TIME0,0.8620243932157224,0.9111403490443988,0.0,10
0.006547796491348451,False,456,time1,0.5181246214352999,6,,,time1,TIME1,0.7293713905093732,0.9374038121691686,0.0,4
0.0,False,457,time0,0.0,novo,0.0474947934262534,True,time0,TIME0,0.0,,,12
0.0,False,457,goleiro_time1,1.0,9,,,goleiro1,GOL-TIME1,0.8778689657295615,0.9114758629182462,0.0,3
2.3160817101133535e-05,False,457,time0,0.9972104083995897,0,,,time0,TIME0,0.8771879267220981,0.9122210012056597,0.0,1
8.621247715263069e-05,False,457,time0,0.9883661765665199,2,,,time0,TIME0,0.8769511142819904,0.9226640184297913,0.0,2
0.00039825871902309754,False,457,time0,0.9684337530514854,4,,,time0,TIME0,0.8744980183132767,0.9377690695666586,0.0,7
5.501016509349831e-05,False,457,time0,0.9927747588717338,7,,,time0,TIME0,0.874332149462264,0.9062693913989104,0.0,8
0.0005263823639413501,False,457,time0,0.9469689223559763,1,,,time0,TIME0,0.871982328046199,0.9550529000618573,0.0,9
0.00047582861930240984,False,457,time1,0.9595222916315218,8,,,time1,TIME1,0.870901284938193,0.934564122542489,0.0,6
0.00014862077936796155,False,457,time0,0.9170821544232052,3,,,time0,TIME0,0.8635267370211531,0.9556285978303136,0.0,5
0.0007851075243558151,False,457,time0,0.9352792096384446,5,,,time0,TIME0,0.8575067289669631,0.9111403490443988,0.0,10
0.014577922311801977,False,457,time1,0.24587018942064398,6,,,time1,TIME1,0.6368170758721914,0.9374038121691686,0.0,4
0.0,False,458,time0,0.0,novo,0.0474947934262534,True,time0,TIME0,0.0,,,12
9.681092019012399e-05,False,458,time0,0.9896766447900598,4,,,time0,TIME0,0.8810214472854588,0.9377690695666586,0.0,7
5.2557498200067596e-06,False,458,time0,0.9994901263201401,0,,,time0,TIME0,0.8778825096116974,0.9122210012056597,0.0,1
0.0,False,458,goleiro_time1,1.0,9,,,goleiro1,GOL-TIME1,0.8778689657295615,0.9114758629182462,0.0,3
2.7811423641528033e-06,False,458,time0,0.9996093783062685,7,,,time0,TIME0,0.876412017449341,0.9062693913989104,0.0,8
0.00016473429431883448,False,458,time0,0.9836259555952347,2,,,time0,TIME0,0.875455564061837,0.9226640184297913,0.0,2
0.00047047949932372434,False,458,time0,0.9555770001173528,1,,,time0,TIME0,0.8749696772400962,0.9550529000618573,0.0,9
0.0005323850690855869,False,458,time1,0.9484622436946487,8,,,time1,TIME1,0.8676325760593965,0.934564122542489,0.0,6
0.0005522614041660062,False,458,time0,0.9454186270032504,5,,,time0,TIME0,0.8606511063714779,0.9111403490443988,0.0,10
0.006955170549548794,False,458,time0,0.5433908872877814,3,,,time0,TIME0,0.7408723005947934,0.9556285978303136,0.0,5
0.013197605638979655,False,458,time1,0.3301316414910652,6,,,time1,TIME1,0.6526855483932976,0.9374038121691686,0.0,4
0.0,False,459,time0,0.0,novo,0.04789167860929644,True,time0,TIME0,0.0,,,12
0.00011170549474865374,False,459,time0,0.9682889128372345,1,,,time0,TIME0,0.8787528588597326,0.9544761694280655,0.0,9
0.0,False,459,goleiro_time1,1.0,9,,,goleiro1,GOL-TIME1,0.8778689657295615,0.9114758629182462,0.0,3
1.4872442560666537e-05,False,459,time0,0.9983997777695897,0,,,time0,TIME0,0.87752984636377,0.9121477452516034,0.0,1
5.003107119198173e-05,False,459,time0,0.9760260243457407,4,,,time0,TIME0,0.877326975391646,0.9386461903657298,0.0,7
1.6348477181769606e-05,False,459,time0,0.9981650836555164,7,,,time0,TIME0,0.8755579700212163,0.9045453868105274,0.0,8
0.0,False,459,time1,1.0,6,,,time1,TIME1,0.8749893464650299,0.9359508557846093,0.0,4
0.000288210181636532,False,459,time0,0.970244641991468,2,,,time0,TIME0,0.8714175879467828,0.9227875760023648,0.0,2
0.0003122126313718809,False,459,time1,0.9606501140303437,8,,,time1,TIME1,0.8708488432483367,0.9324670221361324,0.0,6
0.0011274103126987887,False,459,time0,0.9148542709251762,5,,,time0,TIME0,0.8509117781166662,0.9120444719216263,0.0,10
0.008172909852953492,False,459,time0,0.5277882148547962,3,,,time0,TIME0,0.7297002977232141,0.9564208055427469,0.0,5
0.0,False,460,time0,0.0,novo,0.04789167860929644,True,time0,TIME0,0.0,,,12
0.0002509965906620707,False,460,time0,0.9693155062880316,1,,,time0,TIME0,0.8789613104708845,0.9544761694280655,0.0,9
0.000149654261228067,False,460,time0,0.9793240671895116,4,,,time0,TIME0,0.8781906929095202,0.9386461903657298,0.0,7
0.0,False,460,goleiro_time1,1.0,9,,,goleiro1,GOL-TIME1,0.8778689657295615,0.9114758629182462,0.0,3
1.0512777461666654e-05,False,460,time0,0.9988612385944001,0,,,time0,TIME0,0.8776757325448257,0.9121477452516034,0.0,1
0.0001594283602729422,False,460,time0,0.9828550905575519,2,,,time0,TIME0,0.8753204981737088,0.9227875760023648,0.0,2
8.495373721341373e-05,False,460,time0,0.987515813458312,7,,,time0,TIME0,0.872244826214883,0.9045453868105274,0.0,8
0.0006587875675064012,False,460,time1,0.9539938647977028,8,,,time1,TIME1,0.8681886316111381,0.9324670221361324,0.0,6
0.000540867369708477,False,460,time0,0.9460050487310914,5,,,time0,TIME0,0.8608793191011896,0.9120444719216263,0.0,10
0.0013449925329938053,False,460,time0,0.8546973693045815,3,,,time0,TIME0,0.8396318043965874,0.9564208055427469,0.0,5
0.009414460903102207,False,460,time1,0.4090802239806269,6,,,time1,TIME1,0.6917342297035869,0.9359508557846093,0.0,4
0.0,False,461,time0,0.0,novo,0.04789167860929644,True,time0,TIME0,0.0,,,12
0.00017194364359642982,False,461,time0,0.9833153139633498,1,,,time0,TIME0,0.8832707812175643,0.9544761694280655,0.0,9
0.00017911850754325718,False,461,time0,0.9806520402297937,4,,,time0,TIME0,0.878651297848862,0.9386461903657298,0.0,7
0.0,False,461,goleiro_time1,1.0,9,,,goleiro1,GOL-TIME1,0.8778689657295615,0.9114758629182462,0.0,3
1.9549119199403635e-05,False,461,time0,0.9966207962976072,0,,,time0,TIME0,0.8769990829183858,0.9121477452516034,0.0,1
8.294904113991313e-05,False,461,time0,0.9914457613743154,7,,,time0,TIME0,0.8733816797490124,0.9045453868105274,0.0,8
0.00014254867233701548,False,461,time0,0.9733649949019825,2,,,time0,TIME0,0.872485059607684,0.9227875760023648,0.0,2
0.0005775380989221697,False,461,time1,0.9547150216499086,8,,,time1,TIME1,0.868540872523525,0.9324670221361324,0.0,6
0.0005574324027819462,False,461,time0,0.9546229418191758,5,,,time0,TIME0,0.8638453305257645,0.9120444719216263,0.0,10
0.004685084755947091,False,461,time1,0.641202045784986,6,,,time1,TIME1,0.7630206099977221,0.9359508557846093,0.0,4
0.009129780857564964,False,461,time0,0.5455641962185759,3,,,time0,TIME0,0.7373349968277442,0.9564208055427469,0.0,5
0.0,False,462,time0,0.0,novo,0.04822194245100153,True,time0,TIME0,0.0,,,12
5.883102305812892e-05,False,462,time0,0.9907739474906582,1,,,time0,TIME0,0.8850859261899018,0.9522476021942221,0.0,9
0.0,False,462,goleiro_time1,1.0,9,,,goleiro1,GOL-TIME1,0.8778689657295615,0.9114758629182462,0.0,3
3.0388778818192625e-06,False,462,time0,0.9996500604418369,0,,,time0,TIME0,0.8777959207469105,0.9116761468942771,0.0,1
2.6079702615024852e-05,False,462,time0,0.9963082349911692,7,,,time0,TIME0,0.8745846118166615,0.9031235522381333,0.0,8
0.000266219194404976,False,462,time0,0.979503778134261,2,,,time0,TIME0,0.8741537452215683,0.9229386236536902,0.0,2
0.0004731465509218149,False,462,time0,0.9495852563168188,4,,,time0,TIME0,0.8686804489357678,0.9377434304463373,0.0,7
0.0004412644504263086,False,462,time0,0.9655344500062963,5,,,time0,TIME0,0.8670726413923314,0.9121876101066557,0.0,10
0.0009606893259574373,False,462,time1,0.9273178697778032,8,,,time1,TIME1,0.8594792827751347,0.9296853570600885,0.0,6
0.0023153589576983195,False,462,time1,0.7820387546705182,6,,,time1,TIME1,0.8120725236822879,0.9331761115977499,0.0,4
0.009059401662416049,False,462,time0,0.5124516635763108,3,,,time0,TIME0,0.7227130348705605,0.9582948832994478,0.0,5
0.0,False,463,time0,0.0,novo,0.04822194245100153,True,time0,TIME0,0.0,,,12
0.0,False,463,time1,1.0,6,,,time1,TIME1,0.8817153740646433,0.9331761115977499,0.0,4
0.00027850330298631295,False,463,time0,0.9744114813427704,1,,,time0,TIME0,0.8799348532715339,0.9522476021942221,0.0,9
4.6062096892654226e-05,False,463,time0,0.9934991889775284,2,,,time0,TIME0,0.8785377180936048,0.9229386236536902,0.0,2
0.0,False,463,goleiro_time1,1.0,9,,,goleiro1,GOL-TIME1,0.8778689657295615,0.9114758629182462,0.0,3
9.37223602536458e-06,False,463,time0,0.99810478306753,0,,,time0,TIME0,0.8773374075156029,0.9116761468942771,0.0,1
5.290229601921381e-06,False,463,time0,0.998585350731779,7,,,time0,TIME0,0.8753374676323495,0.9031235522381333,0.0,8
0.0004324689788628807,False,463,time0,0.9543496084617084,4,,,time0,TIME0,0.8700826996213997,0.9377434304463373,0.0,7
0.0006653172805447426,False,463,time1,0.9524379041516564,8,,,time1,TIME1,0.8668549243079315,0.9296853570600885,0.0,6
0.0008970286190080085,False,463,time0,0.9310583808314744,5,,,time0,TIME0,0.8560629970978809,0.9121876101066557,0.0,10
0.001407362709830582,False,463,time0,0.8117530651349645,3,,,time0,TIME0,0.8252766899504359,0.9582948832994478,0.0,5
0.0,False,464,time0,0.0,novo,0.04822194245100153,True,time0,TIME0,0.0,,,12
0.0,False,464,time1,1.0,6,,,time1,TIME1,0.8832940278994375,0.9331761115977499,0.0,4
0.0,False,464,goleiro_time1,1.0,9,,,goleiro1,GOL-TIME1,0.8778689657295615,0.9114758629182462,0.0,3
7.990649388065443e-05,False,464,time0,0.9912192457051835,0,,,time0,TIME0,0.8751513893376905,0.9116761468942771,0.0,1
0.000202858645542327,False,464,time0,0.9753284575848167,2,,,time0,TIME0,0.872984039407437,0.9229386236536902,0.0,2
0.00011501125424381803,False,464,time0,0.9863980579150704,7,,,time0,TIME0,0.8715168743346411,0.9031235522381333,0.0,8
0.0006512580208545625,False,464,time0,0.9402049544438914,3,,,time0,TIME0,0.8700542162672773,0.9582948832994478,0.0,5
0.00048697381146877783,False,464,time0,0.9470572096208146,4,,,time0,TIME0,0.8679423115439315,0.9377434304463373,0.0,7
0.0006527987123000822,False,464,time0,0.9349507987311336,1,,,time0,TIME0,0.8673843042229494,0.9522476021942221,0.0,9
0.0008814840168916068,False,464,time0,0.9523141722203095,5,,,time0,TIME0,0.8627089368428215,0.9121876101066557,0.0,10
0.002042494481908567,False,464,time1,0.8489520173100779,8,,,time1,TIME1,0.8339738770853944,0.9296853570600885,0.0,6
0.0,False,465,time0,0.0,novo,0.049627118333535725,True,time0,TIME0,0.0,,,12
0.0,False,465,time0,1.0,3,,,time0,TIME0,0.8892224610717743,0.9586660025257914,0.0,5
0.0,False,465,time1,1.0,6,,,time1,TIME1,0.8829066444367422,0.9316265777469686,0.0,4
1.7638141673301752e-05,False,465,time0,0.998417377676785,2,,,time0,TIME0,0.8800529487835484,0.9227305190965824,0.0,2
0.00010994437114103514,False,465,time0,0.9847384996457833,4,,,time0,TIME0,0.879370027120078,0.9372589409026548,0.0,7
0.00021418297371890706,False,465,time0,0.9720837689166172,1,,,time0,TIME0,0.8787324939728312,0.9507942146977661,0.0,9
0.0,False,465,goleiro_time1,1.0,9,,,goleiro1,GOL-TIME1,0.8778689657295615,0.9114758629182462,0.0,3
2.5413399477635462e-05,False,465,time0,0.9960513550226475,0,,,time0,TIME0,0.8767761160953041,0.9120845623858992,0.0,1
1.2399072102759055e-05,False,465,time0,0.9977970001767141,7,,,time0,TIME0,0.8746686970005453,0.9016945838261183,0.0,8
0.0007684743577049699,False,465,time1,0.933359919543275,8,,,time1,TIME1,0.860085534182282,0.9265893719289122,0.0,6
0.0008446999515559052,False,465,time0,0.9324866175147263,5,,,time0,TIME0,0.8563919047821413,0.9115146867274941,0.0,10
0.0,False,466,time0,0.0,novo,0.049627118333535725,True,time0,TIME0,0.0,,,12
0.0,False,466,time0,1.0,3,,,time0,TIME0,0.8896665006314479,0.9586660025257914,0.0,5
0.0,False,466,time1,1.0,6,,,time1,TIME1,0.8829066444367422,0.9316265777469686,0.0,4
0.0005031301952751107,False,466,time0,0.9749305499828874,1,,,time0,TIME0,0.8795053754912063,0.9507942146977661,0.0,9
0.0,False,466,goleiro_time1,1.0,9,,,goleiro1,GOL-TIME1,0.8778689657295615,0.9114758629182462,0.0,3
7.426162794628171e-06,False,466,time0,0.9994262614335931,0,,,time0,TIME0,0.8778208332513228,0.9120845623858992,0.0,1
0.00010253927734251034,False,466,time0,0.9872897443477607,2,,,time0,TIME0,0.8767001841829578,0.9227305190965824,0.0,2
4.238300975258817e-06,False,466,time0,0.9994413795848024,7,,,time0,TIME0,0.8752408631678916,0.9016945838261183,0.0,8
0.0003448063295018362,False,466,time0,0.9606822970015316,4,,,time0,TIME0,0.8720256688450491,0.9372589409026548,0.0,7
0.0006776842097255333,False,466,time1,0.9405906044572562,8,,,time1,TIME1,0.8629097255659155,0.9265893719289122,0.0,6
0.0014706870611448633,False,466,time0,0.884720199516524,5,,,time0,TIME0,0.8415108760210344,0.9115146867274941,0.0,10
0.0,False,467,time0,0.0,novo,0.049627118333535725,True,time0,TIME0,0.0,,,12
0.0,False,467,time1,1.0,6,,,time1,TIME1,0.8829066444367422,0.9316265777469686,0.0,4
0.0,False,467,goleiro_time1,1.0,9,,,goleiro1,GOL-TIME1,0.8778689657295615,0.9114758629182462,0.0,3
8.081177186259322e-06,False,467,time0,0.999530277377655,0,,,time0,TIME0,0.8778630313139484,0.9120845623858992,0.0,1
1.0286090156475351e-05,False,467,time0,0.9986215422195251,7,,,time0,TIME0,0.8749937158235233,0.9016945838261183,0.0,8
0.00024977936882887396,False,467,time0,0.9713747229897688,2,,,time0,TIME0,0.8717416472155055,0.9227305190965824,0.0,2
0.0005287510584519138,False,467,time0,0.9552200065575742,4,,,time0,TIME0,0.8699250002275136,0.9372589409026548,0.0,7
0.0010014152459681507,False,467,time0,0.9396077723337931,1,,,time0,TIME0,0.8683081911155865,0.9507942146977661,0.0,9
0.0012241361483572991,False,467,time0,0.8907275443366427,3,,,time0,TIME0,0.8549372746055086,0.9586660025257914,0.0,5
0.0012449226222151764,False,467,time0,0.8945974055863771,5,,,time0,TIME0,0.8449348435632313,0.9115146867274941,0.0,10
0.0012838777794673393,False,467,time1,0.8803839423564476,8,,,time1,TIME1,0.8437721034917391,0.9265893719289122,0.0,6
0.0,False,468,time0,0.0,novo,0.05169148629962683,True,time0,TIME0,0.0,,,12
0.0,False,468,time1,1.0,6,,,time1,TIME1,0.8826998860808029,0.9307995443232115,0.0,4
0.0,False,468,goleiro_time1,1.0,9,,,goleiro1,GOL-TIME1,0.8778689657295615,0.9114758629182462,0.0,3
8.162949210971898e-05,False,468,time0,0.9909242905865504,2,,,time0,TIME0,0.877636369588312,0.922432377175044,0.0,2
6.255432266885474e-05,False,468,time0,0.996831055849099,0,,,time0,TIME0,0.877047448334805,0.9123685647371532,0.0,1
2.4876379470385906e-06,False,468,time0,0.9992615214352373,7,,,time0,TIME0,0.8749976443339028,0.9009176696504935,0.0,8
0.0006141778813881337,False,468,time0,0.956401490719659,1,,,time0,TIME0,0.8730191007100477,0.9478106939231421,0.0,9
0.0005942472626682563,False,468,time0,0.9483674440725667,4,,,time0,TIME0,0.8678356575694692,0.9364249198927421,0.0,7
0.0004891415550485996,False,468,time1,0.9522305862960913,8,,,time1,TIME1,0.8656539094331982,0.9244543715558105,0.0,6
0.000869106636841911,False,468,time0,0.9232401991535513,5,,,time0,TIME0,0.853642425696232,0.9110726308008028,0.0,10
0.008714006735918892,False,468,time0,0.49408466969305453,3,,,time0,TIME0,0.7232033419487452,0.9586624765369807,0.0,5
0.0,False,469,time0,0.0,novo,0.05169148629962683,True,time0,TIME0,0.0,,,12
0.0,False,469,time1,1.0,6,,,time1,TIME1,0.8826998860808029,0.9307995443232115,0.0,4
0.0,False,469,goleiro_time1,1.0,9,,,goleiro1,GOL-TIME1,0.8778689657295615,0.9114758629182462,0.0,3
5.765951030060501e-06,False,469,time0,0.9992498029296433,0,,,time0,TIME0,0.8778163137898557,0.9123685647371532,0.0,1
6.0824278981444634e-05,False,469,time0,0.9897450897192542,2,,,time0,TIME0,0.8773879063002492,0.922432377175044,0.0,2
4.488081894595851e-05,False,469,time0,0.9948583009480315,7,,,time0,TIME0,0.8736166380986553,0.9009176696504935,0.0,8
0.0006811254373405698,False,469,time0,0.9530603095933764,1,,,time0,TIME0,0.8721718981570917,0.9478106939231421,0.0,9
0.0009182197342755293,False,469,time0,0.946521327056317,4,,,time0,TIME0,0.8669682779320124,0.9364249198927421,0.0,7
0.0016327280879116913,False,469,time0,0.9174268282321293,3,,,time0,TIME0,0.8565519532132888,0.9586624765369807,0.0,5
0.001026500172353144,False,469,time1,0.8896274856250455,8,,,time1,TIME1,0.8466437908351009,0.9244543715558105,0.0,6
0.0021419443416204127,False,469,time0,0.8162388153819954,5,,,time0,TIME0,0.8197933718598496,0.9110726308008028,0.0,10
0.0,False,470,time0,0.0,novo,0.05169148629962683,True,time0,TIME0,0.0,,,12
0.0,False,470,time1,1.0,6,,,time1,TIME1,0.8826998860808029,0.9307995443232115,0.0,4
2.1841494781232685e-05,False,470,time0,0.9959554659354437,2,,,time0,TIME0,0.8793281033599847,0.922432377175044,0.0,2
1.1378255104038303e-05,False,470,time0,0.9993558851938066,0,,,time0,TIME0,0.8778808478654027,0.9123685647371532,0.0,1
0.0,False,470,goleiro_time1,1.0,9,,,goleiro1,GOL-TIME1,0.8778689657295615,0.9114758629182462,0.0,3
1.916981385407614e-05,False,470,time0,0.9967176677228161,7,,,time0,TIME0,0.8741872288633423,0.9009176696504935,0.0,8
0.0005212303392330337,False,470,time0,0.9618051366446758,4,,,time0,TIME0,0.8718672580380709,0.9364249198927421,0.0,7
8.920645450597696e-05,False,470,time0,0.9790525226369278,5,,,time0,TIME0,0.870001507561244,0.9110726308008028,0.0,10
0.00040476821521066874,False,470,time0,0.9448973780197759,1,,,time0,TIME0,0.8697995385139449,0.9478106939231421,0.0,9
0.0007061406067122407,False,470,time1,0.923838769906119,8,,,time1,TIME1,0.8571886815036827,0.9244543715558105,0.0,6
0.0019240565095084835,False,470,time0,0.8927330616459045,3,,,time0,TIME0,0.8552887502717896,0.9586624765369807,0.0,5
0.0,False,471,time0,0.0,novo,0.05362792758327961,True,time0,TIME0,0.0,,,12
0.0,False,471,time1,1.0,6,,,time1,TIME1,0.8821142178318062,0.9284568713272248,0.0,4
7.589408474282705e-06,False,471,time0,0.9996199564397115,0,,,time0,TIME0,0.87795813548125,0.9123676387199557,0.0,1
0.0,False,471,goleiro_time1,1.0,9,,,goleiro1,GOL-TIME1,0.8778689657295615,0.9114758629182462,0.0,3
0.00022369681568862288,False,471,time0,0.9696780947296606,1,,,time0,TIME0,0.8765494942296579,0.9445034232668037,0.0,9
3.910851646056567e-06,False,471,time0,0.9992544602608462,7,,,time0,TIME0,0.8747381027322022,0.8999087388695374,0.0,8
0.00031495768399395933,False,471,time0,0.9787900487766446,2,,,time0,TIME0,0.8736193827484084,0.9219050816131784,0.0,2
0.0012048849375809957,False,471,time0,0.9362494267431993,3,,,time0,TIME0,0.8685399456189526,0.9583380499503431,0.0,5
0.0004115954228861903,False,471,time1,0.9601346591239214,8,,,time1,TIME1,0.8678089564498408,0.9228572432824839,0.0,6
0.0006726249237956559,False,471,time0,0.9462318530453251,4,,,time0,TIME0,0.8670406644212799,0.935616440175847,0.0,7
0.0006632824050506601,False,471,time0,0.935972969033277,5,,,time0,TIME0,0.8581518860325057,0.9134198416613755,0.0,10
0.0,False,472,time0,0.0,novo,0.05362792758327961,True,time0,TIME0,0.0,,,12
0.0,False,472,time1,1.0,6,,,time1,TIME1,0.8821142178318062,0.9284568713272248,0.0,4
6.069170894839865e-05,False,472,time0,0.9921887719171595,2,,,time0,TIME0,0.8779003502559091,0.9219050816131784,0.0,2
7.718482729729236e-06,False,472,time0,0.9993136703871633,0,,,time0,TIME0,0.8778757743378983,0.9123676387199557,0.0,1
0.0,False,472,goleiro_time1,1.0,9,,,goleiro1,GOL-TIME1,0.8778689657295615,0.9114758629182462,0.0,3
0.00038430749392191397,False,472,time0,0.9735413886287083,4,,,time0,TIME0,0.8754019229078874,0.935616440175847,0.0,7
7.617048105425059e-06,False,472,time0,0.9995375128045757,7,,,time0,TIME0,0.874825784942448,0.8999087388695374,0.0,8
0.00028450281199103036,False,472,time1,0.9662287258967475,8,,,time1,TIME1,0.8700296866855121,0.9228572432824839,0.0,6
0.00045912579710298887,False,472,time0,0.9483127546986941,1,,,time0,TIME0,0.8700192455518327,0.9445034232668037,0.0,9
0.00022847818967742365,False,472,time0,0.972311666081327,5,,,time0,TIME0,0.8695007167909403,0.9134198416613755,0.0,10
0.0035508667675365115,False,472,time0,0.8165833202524062,3,,,time0,TIME0,0.8295838050025297,0.9583380499503431,0.0,5
0.0,False,473,time0,0.0,novo,0.05362792758327961,True,time0,TIME0,0.0,,,12
0.0,False,473,time1,1.0,6,,,time1,TIME1,0.8821142178318062,0.9284568713272248,0.0,4
0.0,False,473,goleiro_time1,1.0,9,,,goleiro1,GOL-TIME1,0.8778689657295615,0.9114758629182462,0.0,3
9.568691909291266e-05,False,473,time0,0.98742292263469,2,,,time0,TIME0,0.8765334692400262,0.9219050816131784,0.0,2
0.00010646147956440514,False,473,time0,0.990163468611877,0,,,time0,TIME0,0.8749735365850563,0.9123676387199557,0.0,1
0.0002120175638282582,False,473,time0,0.9573070193371738,1,,,time0,TIME0,0.8728766176824809,0.9445034232668037,0.0,9
2.879381800169478e-05,False,473,time0,0.9930560240052598,7,,,time0,TIME0,0.8728474568265697,0.8999087388695374,0.0,8
0.00020655740336745666,False,473,time0,0.9729804574741339,5,,,time0,TIME0,0.8699286877579342,0.9134198416613755,0.0,10
0.00060422317509422,False,473,time1,0.9550233642134145,8,,,time1,TIME1,0.8662010782094393,0.9228572432824839,0.0,6
0.0006137039395565277,False,473,time0,0.9309983303758753,4,,,time0,TIME0,0.8622814479943869,0.935616440175847,0.0,7
0.005739046970769764,False,473,time0,0.7112555936654321,3,,,time0,TIME0,0.7961063936785522,0.9583380499503431,0.0,5
0.0,False,474,time0,0.0,novo,0.05410842455489251,True,time0,TIME0,0.0,,,12
0.0,False,474,time1,1.0,6,,,time1,TIME1,0.8814974347372657,0.9259897389490626,0.0,4
0.0,False,474,goleiro_time1,1.0,9,,,goleiro1,GOL-TIME1,0.8778689657295615,0.9114758629182462,0.0,3
7.26126038590723e-06,False,474,time0,0.9993328350176593,0,,,time0,TIME0,0.8778355562809501,0.9124412570871544,0.0,1
9.624043465207964e-05,False,474,time0,0.9884653436555072,2,,,time0,TIME0,0.8766831712353353,0.9213711614667464,0.0,2
0.0002452643398000316,False,474,time0,0.9732909916193234,4,,,time0,TIME0,0.8752686005439317,0.9350434492268911,0.0,7
0.0002509487500340249,False,474,time0,0.964369847292269,1,,,time0,TIME0,0.8745187825897416,0.9419516443681355,0.0,9
1.2743736749425287e-05,False,474,time0,0.9923704903133856,7,,,time0,TIME0,0.8725760255294999,0.8995554612003034,0.0,8
0.0001144137917662579,False,474,time1,0.9724807091811335,8,,,time1,TIME1,0.8718448495672635,0.9221847103124556,0.0,6
0.0008204450575308891,False,474,time0,0.9200973885050577,5,,,time0,TIME0,0.8533948806722045,0.914204144264558,0.0,10
0.006566467222309165,False,474,time0,0.6012810911501989,3,,,time0,TIME0,0.7576323457668598,0.9587457497972189,0.0,5
0.0,False,475,time0,0.0,novo,0.05410842455489251,True,time0,TIME0,0.0,,,12
0.00012657807048180024,False,475,time0,0.9843536103558495,1,,,time0,TIME0,0.8804950991636233,0.9419516443681355,0.0,9
2.9387329200248853e-07,False,475,time0,0.9985956308677194,2,,,time0,TIME0,0.879855466811574,0.9213711614667464,0.0,2
6.037617340364787e-06,False,475,time0,0.999233644444133,0,,,time0,TIME0,0.8778704776935515,0.9124412570871544,0.0,1
0.0,False,475,goleiro_time1,1.0,9,,,goleiro1,GOL-TIME1,0.8778689657295615,0.9114758629182462,0.0,3
3.0620738723089772e-06,False,475,time0,0.9989042967532111,7,,,time0,TIME0,0.8745481282513525,0.8995554612003034,0.0,8
0.00021737979812544835,False,475,time1,0.9711915383844749,8,,,time1,TIME1,0.8716357927348521,0.9221847103124556,0.0,6
0.0005901270329686325,False,475,time0,0.9425275370827393,4,,,time0,TIME0,0.8657453322657707,0.9350434492268911,0.0,7
0.0007935460429405254,False,475,time0,0.9283880165701617,3,,,time0,TIME0,0.8632383281612342,0.9587457497972189,0.0,5
0.0007262123121623362,False,475,time0,0.9235462877306806,5,,,time0,TIME0,0.8548330865006558,0.914204144264558,0.0,10
0.03560031712828394,False,475,time1,0.0,6,,,time1,TIME1,0.5248605665786321,0.9259897389490626,0.0,4
0.0,False,476,time0,0.0,novo,0.05410842455489251,True,time0,TIME0,0.0,,,12
2.1975212634225157e-05,False,476,time0,0.997121859527521,2,,,time0,TIME0,0.8794444616965854,0.9213711614667464,0.0,2
0.00016975400899751805,False,476,time0,0.9807812223393395,1,,,time0,TIME0,0.8793848465574281,0.9419516443681355,0.0,9
3.6427298639917272e-06,False,476,time0,0.9995841488779942,0,,,time0,TIME0,0.8779757594641903,0.9124412570871544,0.0,1
0.0,False,476,goleiro_time1,1.0,9,,,goleiro1,GOL-TIME1,0.8778689657295615,0.9114758629182462,0.0,3
5.376318079641284e-06,False,476,time0,0.9989108383716933,7,,,time0,TIME0,0.8745537971224859,0.8995554612003034,0.0,8
0.00015389085830900607,False,476,time1,0.9803134068379291,8,,,time1,TIME1,0.8743901001353526,0.9221847103124556,0.0,6
0.0005307772587101578,False,476,time0,0.949213338222006,4,,,time0,TIME0,0.8680008556916612,0.9350434492268911,0.0,7
0.0007697523061890372,False,476,time0,0.9138920040161344,3,,,time0,TIME0,0.8631378954084143,0.9587457497972189,0.0,5
0.0008814187750595103,False,476,time0,0.9131718759137559,5,,,time0,TIME0,0.8515646916002628,0.914204144264558,0.0,10
0.0026455905865969895,False,476,time1,0.6011637159304797,6,,,time1,TIME1,0.736967562253585,0.9259897389490626,0.0,4
0.0,False,477,time0,0.0,novo,0.05599769770276919,True,time0,TIME0,0.0,,,12
0.0,False,477,goleiro_time1,1.0,9,,,goleiro1,GOL-TIME1,0.8778689657295615,0.9114758629182462,0.0,3
0.00015094821577591846,False,477,time0,0.9821201490395459,2,,,time0,TIME0,0.8744011465214444,0.9200807864253089,0.0,2
0.00029700999081787923,False,477,time0,0.9709971625147717,4,,,time0,TIME0,0.8743283438705799,0.9338371290340399,0.0,7
0.00037154934204422426,False,477,time0,0.9485164940705239,3,,,time0,TIME0,0.8737643617575276,0.9592777466771639,0.0,5
1.379346961555486e-05,False,477,time0,0.994871517384965,7,,,time0,TIME0,0.873147089128346,0.8988246507941686,0.0,8
0.00021236067955215135,False,477,time0,0.9599239430332197,1,,,time0,TIME0,0.8724664270884295,0.9390955936348699,0.0,9
0.000190004102155319,False,477,time0,0.9800509221874258,0,,,time0,TIME0,0.871838063904649,0.9125014419722844,0.0,1
0.0005951621195564336,False,477,time1,0.9437183045576617,8,,,time1,TIME1,0.8628984262024257,0.922511447265439,0.0,6
0.0011796232596073366,False,477,time0,0.8938034726298822,5,,,time0,TIME0,0.8459607150304758,0.9169262542018763,0.0,10
0.0015635097509292095,False,477,time1,0.7696856340426089,6,,,time1,TIME1,0.8098399518757509,0.9259897389490626,0.0,4
0.0,False,478,time0,0.0,novo,0.05599769770276919,True,time0,TIME0,0.0,,,12
9.954695196207048e-06,False,478,time0,0.9950596321263637,2,,,time0,TIME0,0.878431067788646,0.9200807864253089,0.0,2
0.0,False,478,goleiro_time1,1.0,9,,,goleiro1,GOL-TIME1,0.8778689657295615,0.9114758629182462,0.0,3
5.018020851569179e-05,False,478,time0,0.9946442346095254,0,,,time0,TIME0,0.8763181790537345,0.9125014419722844,0.0,1
3.061963687935661e-06,False,478,time0,0.9993219533245777,7,,,time0,TIME0,0.8744916973261393,0.8988246507941686,0.0,8
0.00029036443040504926,False,478,time0,0.963951096821073,1,,,time0,TIME0,0.8733946878779797,0.9390955936348699,0.0,9
0.0003474224204309215,False,478,time1,0.9648773173786754,8,,,time1,TIME1,0.869547820506846,0.922511447265439,0.0,6
0.000629770425597328,False,478,time0,0.9429938728452985,4,,,time0,TIME0,0.8655412337065242,0.9338371290340399,0.0,7
0.0008263081979161078,False,478,time0,0.9138012068700236,5,,,time0,TIME0,0.8523329440911451,0.9169262542018763,0.0,10
0.001601202991127276,False,478,time0,0.8688250165248381,3,,,time0,TIME0,0.8481729013254982,0.9592777466771639,0.0,5
0.0007516941179038543,False,478,time1,0.6236252446811692,6,,,time1,TIME1,0.7673410387484119,0.9259897389490626,0.0,4
0.0,False,479,time0,0.0,novo,0.05599769770276919,True,time0,TIME0,0.0,,,12
0.0,False,479,time1,1.0,6,,,time1,TIME1,0.880984916020513,0.9259897389490626,0.0,4
0.0,False,479,goleiro_time1,1.0,9,,,goleiro1,GOL-TIME1,0.8778689657295615,0.9114758629182462,0.0,3
3.692253934869335e-05,False,479,time0,0.995350239992101,0,,,time0,TIME0,0.876681157494158,0.9125014419722844,0.0,1
0.00022570571620756283,False,479,time0,0.9761304507022895,4,,,time0,TIME0,0.8758175619508198,0.9338371290340399,0.0,7
1.614918773625403e-05,False,479,time0,0.9969535535961749,7,,,time0,TIME0,0.8737649447329879,0.8988246507941686,0.0,8
0.0002695174835581681,False,479,time0,0.9605559045656341,1,,,time0,TIME0,0.8726591704229409,0.9390955936348699,0.0,9
0.0003960582023301075,False,479,time1,0.9614702956426454,8,,,time1,TIME1,0.8684875838052026,0.922511447265439,0.0,6
0.0002310120180631617,False,479,time0,0.9498240488901786,2,,,time0,TIME0,0.8646030855260339,0.9200807864253089,0.0,2
0.0015960400589586947,False,479,time0,0.8773385316697839,3,,,time0,TIME0,0.851139691963162,0.9592777466771639,0.0,5
0.0008967769864363144,False,479,time0,0.9034566917916546,5,,,time0,TIME0,0.8491417116250701,0.9169262542018763,0.0,10
0.0,False,480,time0,0.0,novo,0.05617269937463165,True,time0,TIME0,0.0,,,12
7.131901236476744e-05,False,480,time0,0.9931665312473299,1,,,time0,TIME0,0.8818897827972734,0.9369336996392443,0.0,9
3.1204420623398716e-05,False,480,time0,0.9957957801624222,2,,,time0,TIME0,0.8782452747940861,0.9188543891882144,0.0,2
0.0,False,480,goleiro_time1,1.0,9,,,goleiro1,GOL-TIME1,0.8778689657295615,0.9114758629182462,0.0,3
0.0001603422912953063,False,480,time0,0.9900677163244933,0,,,time0,TIME0,0.8750849906739638,0.9133304411193454,0.0,1
7.0019299692543526e-06,False,480,time0,0.9991321781152513,7,,,time0,TIME0,0.8742673182557578,0.898179652186358,0.0,8
0.000322780311566499,False,480,time0,0.9654289653380776,4,,,time0,TIME0,0.8725016705454702,0.9330262940717615,0.0,7
0.0006929893043074657,False,480,time0,0.9407568106178044,5,,,time0,TIME0,0.8613791345173134,0.9203178093278945,0.0,10
0.0009646025168415202,False,480,time1,0.9122736811210339,8,,,time1,TIME1,0.8531280792895797,0.9231926293157737,0.0,6
0.0025431247887556943,False,480,time1,0.7405011255981319,6,,,time1,TIME1,0.7995145570865876,0.9256403990115828,0.0,4
0.006018925298636503,False,480,time0,0.6781420087876329,3,,,time0,TIME0,0.7827773253036747,0.9592503550350641,0.0,5
0.0,False,481,time0,0.0,novo,0.05617269937463165,True,time0,TIME0,0.0,,,12
0.0,False,481,goleiro_time1,1.0,9,,,goleiro1,GOL-TIME1,0.8778689657295615,0.9114758629182462,0.0,3
7.89642859017081e-05,False,481,time0,0.9736637482426496,4,,,time0,TIME0,0.8751064366501704,0.9330262940717615,0.0,7
0.0002744081350791118,False,481,time0,0.9825008522679399,5,,,time0,TIME0,0.8742465012394591,0.9203178093278945,0.0,10
0.00010418681116625333,False,481,time0,0.9803548123138612,2,,,time0,TIME0,0.8736522438336243,0.9188543891882144,0.0,2
0.00012558913164547453,False,481,time0,0.9825741031099233,0,,,time0,TIME0,0.8728063968886646,0.9133304411193454,0.0,1
0.0008482966231628108,False,481,time0,0.9606365109602031,3,,,time0,TIME0,0.8725747661541358,0.9592503550350641,0.0,5
8.878994172097527e-05,False,481,time0,0.992521266727825,7,,,time0,TIME0,0.8721556191942335,0.898179652186358,0.0,8
0.0005342962083211288,False,481,time0,0.9539088615803887,1,,,time0,TIME0,0.8695840871817764,0.9369336996392443,0.0,9
0.001063764013743384,False,481,time1,0.9069087349802809,8,,,time1,TIME1,0.8518344932789006,0.9231926293157737,0.0,6
0.006330131069961181,False,481,time1,0.4083470773046688,6,,,time1,TIME1,0.6952596550133391,0.9256403990115828,0.0,4
0.0,False,482,time0,0.0,novo,0.05617269937463165,True,time0,TIME0,0.0,,,12
0.00027157754767560675,False,482,time0,0.9767235369872589,3,,,time0,TIME0,0.8821851040683706,0.9592503550350641,0.0,5
0.0,False,482,goleiro_time1,1.0,9,,,goleiro1,GOL-TIME1,0.8778689657295615,0.9114758629182462,0.0,3
0.00027120994089849075,False,482,time0,0.9753983698581133,4,,,time0,TIME0,0.8754627139325106,0.9330262940717615,0.0,7
4.649407988074684e-05,False,482,time0,0.9958068968749744,7,,,time0,TIME0,0.8732157190396799,0.898179652186358,0.0,8
0.0002737419936511624,False,482,time0,0.9716327311143373,0,,,time0,TIME0,0.8693019598892356,0.9133304411193454,0.0,1
0.00048250332546371523,False,482,time0,0.9471146877180137,1,,,time0,TIME0,0.8677882016409648,0.9369336996392443,0.0,9
0.0003522064071369485,False,482,time0,0.9488455945485641,2,,,time0,TIME0,0.8637601403076327,0.9188543891882144,0.0,2
0.00044638344835959,False,482,time0,0.9449277184560678,5,,,time0,TIME0,0.862973987808549,0.9203178093278945,0.0,10
0.0007625320748173636,False,482,time1,0.9271094903314416,8,,,time1,TIME1,0.8580172860611317,0.9231926293157737,0.0,6
0.0007334105256839866,False,482,time1,0.7399981143765093,6,,,time1,TIME1,0.7987345424510061,0.9256403990115828,0.0,4
0.0,False,483,time0,0.0,novo,0.05647834675040364,True,time0,TIME0,0.0,,,12
0.0,False,483,time1,1.0,6,,,time1,TIME1,0.8811438134633535,0.9265754643780064,0.0,4
0.00016034542401935914,False,483,time0,0.9829308431812601,4,,,time0,TIME0,0.8781222170074199,0.9338973557722114,0.0,7
0.0,False,483,goleiro_time1,1.0,9,,,goleiro1,GOL-TIME1,0.8778689657295615,0.9114758629182462,0.0,3
7.705065443832663e-05,False,483,time0,0.9909547434930778,2,,,time0,TIME0,0.8764883419783698,0.9178956349959555,0.0,2
1.111489225639939e-05,False,483,time0,0.9984791598062794,7,,,time0,TIME0,0.8739268816135659,0.8976821007191702,0.0,8
0.0006626815308209937,False,483,time0,0.9483741298056153,3,,,time0,TIME0,0.8730907865335094,0.9578229380438967,0.0,5
0.00027855669880923797,False,483,time0,0.9714176747357024,0,,,time0,TIME0,0.8700961217494345,0.915775055462702,0.0,1
0.000550177318269798,False,483,time0,0.9515152261728455,1,,,time0,TIME0,0.8682501226931965,0.9336910723420822,0.0,9
0.0005591090062556047,False,483,time0,0.9423490041888137,5,,,time0,TIME0,0.8623673789026358,0.9215552288223285,0.0,10
0.0010424857402584903,False,483,time1,0.8924826285984695,8,,,time1,TIME1,0.8475628530570859,0.923920717762083,0.0,6
0.0,False,484,time0,0.0,novo,0.05647834675040364,True,time0,TIME0,0.0,,,12
0.0,False,484,time1,1.0,6,,,time1,TIME1,0.8816438660945016,0.9265754643780064,0.0,4
0.0,False,484,goleiro_time1,1.0,9,,,goleiro1,GOL-TIME1,0.8778689657295615,0.9114758629182462,0.0,3
6.19787956012112e-05,False,484,time0,0.9901673140614504,2,,,time0,TIME0,0.8764430571860037,0.9178956349959555,0.0,2
0.0007667649811181432,False,484,time0,0.9497748656483818,3,,,time0,TIME0,0.8735721455381786,0.9578229380438967,0.0,5
1.7313056551965796e-05,False,484,time0,0.9960958898668111,7,,,time0,TIME0,0.8732279384138721,0.8976821007191702,0.0,8
0.00016059010625590764,False,484,time0,0.9756902055118765,0,,,time0,TIME0,0.8714036096531982,0.915775055462702,0.0,1
0.0004814841120836076,False,484,time0,0.960300131709057,4,,,time0,TIME0,0.8708939259636865,0.9338973557722114,0.0,7
0.0007033547906281953,False,484,time0,0.9344335167667626,1,,,time0,TIME0,0.8630022280995244,0.9336910723420822,0.0,9
0.000748215196135437,False,484,time0,0.9287312493551079,5,,,time0,TIME0,0.8580826499487617,0.9215552288223285,0.0,10
0.0013362938587986822,False,484,time1,0.8570935842396992,8,,,time1,TIME1,0.8366187300995983,0.923920717762083,0.0,6
0.0,False,485,time0,0.0,novo,0.05647834675040364,True,time0,TIME0,0.0,,,12
0.0,False,485,goleiro_time1,1.0,9,,,goleiro1,GOL-TIME1,0.8778689657295615,0.9114758629182462,0.0,3
0.0004317925641293329,False,485,time0,0.9705931637260038,4,,,time0,TIME0,0.8741882589501793,0.9338973557722114,0.0,7
1.7354083188119398e-05,False,485,time0,0.9974340864451783,7,,,time0,TIME0,0.8736211912143117,0.8976821007191702,0.0,8
0.00028189643631143697,False,485,time0,0.9710037287246827,5,,,time0,TIME0,0.8711156959360089,0.9215552288223285,0.0,10
0.00020618047451674212,False,485,time0,0.9711104412764013,0,,,time0,TIME0,0.870033095598011,0.915775055462702,0.0,1
0.0003455306609619899,False,485,time0,0.9509875160547302,1,,,time0,TIME0,0.8680705396029215,0.9336910723420822,0.0,9
0.0005074434616552379,False,485,time0,0.9357754643868359,2,,,time0,TIME0,0.8594232922907583,0.9178956349959555,0.0,2
0.0008078924985961005,False,485,time1,0.9063563589104395,8,,,time1,TIME1,0.8517025428668711,0.923920717762083,0.0,6
0.012921347979132405,False,485,time0,0.5122194270571847,3,,,time0,TIME0,0.723059918975756,0.9578229380438967,0.0,5
0.005429518208777732,False,485,time1,0.476133870672717,6,,,time1,TIME1,0.7158461574187158,0.9265754643780064,0.0,4
0.0,False,486,time0,0.0,novo,0.05731213228631016,True,time0,TIME0,0.0,,,12
0.0,False,486,goleiro_time1,1.0,9,,,goleiro1,GOL-TIME1,0.8778689657295615,0.9114758629182462,0.0,3
3.417915772416132e-05,False,486,time0,0.996330581889456,7,,,time0,TIME0,0.8731651821807036,0.8973217103087667,0.0,8
0.0002557049100332829,False,486,time1,0.9694285895728967,8,,,time1,TIME1,0.8715894321518485,0.9254837331844152,0.0,6
0.0002684002805989824,False,486,time0,0.9665188281448636,0,,,time0,TIME0,0.8692550385538103,0.9188812436869409,0.0,1
0.0005243268911036973,False,486,time0,0.9438768121100898,5,,,time0,TIME0,0.8631996341280876,0.9227358970254504,0.0,10
0.0007184270743489374,False,486,time0,0.9235612810999967,1,,,time0,TIME0,0.8586002627287418,0.9298459996258753,0.0,9
0.000697168383560147,False,486,time0,0.9081900948674129,2,,,time0,TIME0,0.8500422712849446,0.9161534759790073,0.0,2
0.0015290982864968178,False,486,time0,0.8922314806080363,3,,,time0,TIME0,0.8483769367914522,0.9594988125900519,0.0,5
0.0024211262154661397,False,486,time0,0.8624332988775174,4,,,time0,TIME0,0.8390050108820255,0.9353473563425476,0.0,7
0.003638570459387576,False,486,time1,0.5910700054492638,6,,,time1,TIME1,0.7546045741361563,0.92774587033959,0.0,4
0.0,False,487,time0,0.0,novo,0.05731213228631016,True,time0,TIME0,0.0,,,12
0.0,False,487,goleiro_time1,1.0,9,,,goleiro1,GOL-TIME1,0.8778689657295615,0.9114758629182462,0.0,3
6.26730047147029e-05,False,487,time0,0.9935688070057873,7,,,time0,TIME0,0.872314309857694,0.8973217103087667,0.0,8
0.0006267423116982804,False,487,time0,0.9621657694393012,4,,,time0,TIME0,0.8706932765890407,0.9353473563425476,0.0,7
0.00036010936942264894,False,487,time0,0.9663351980875384,5,,,time0,TIME0,0.8700239839357695,0.9227358970254504,0.0,10
0.00035867922381860535,False,487,time1,0.9594599326743443,8,,,time1,TIME1,0.8687916915533248,0.9254837331844152,0.0,6
0.0002876546875148053,False,487,time0,0.9675757622734971,2,,,time0,TIME0,0.8687652266388329,0.9161534759790073,0.0,2
0.0005331646734664787,False,487,time0,0.9535863706458024,0,,,time0,TIME0,0.8651272014927442,0.9188812436869409,0.0,1
0.0004239917261111365,False,487,time0,0.941819578371679,1,,,time0,TIME0,0.8643217013868428,0.9298459996258753,0.0,9
0.0010272009893582614,False,487,time0,0.9108858035474217,3,,,time0,TIME0,0.8614502555309111,0.9594988125900519,0.0,5
0.002179414054981607,False,487,time1,0.7976740998270732,6,,,time1,TIME1,0.8176907318178469,0.92774587033959,0.0,4
0.0,False,488,time0,0.0,novo,0.05731213228631016,True,time0,TIME0,0.0,,,12
0.0,False,488,goleiro_time1,1.0,9,,,goleiro1,GOL-TIME1,0.8778689657295615,0.9114758629182462,0.0,3
2.160368519588312e-05,False,488,time0,0.9971201985296219,7,,,time0,TIME0,0.8734164950359966,0.8973217103087667,0.0,8
0.0003677282557839137,False,488,time0,0.9638157878716738,4,,,time0,TIME0,0.8724697626828913,0.9353473563425476,0.0,7
0.0001709664873538089,False,488,time0,0.9785378996461968,2,,,time0,TIME0,0.8721950364386981,0.9161534759790073,0.0,2
0.00022979593770836474,False,488,time0,0.9589515770440744,0,,,time0,TIME0,0.866931334718197,0.9188812436869409,0.0,1
0.00029847430467535744,False,488,time1,0.9527895231766516,8,,,time1,TIME1,0.8667641453642301,0.9254837331844152,0.0,6
0.0004919456855194156,False,488,time0,0.9466274944569071,5,,,time0,TIME0,0.8640389110412612,0.9227358970254504,0.0,10
0.0014613926874221534,False,488,time0,0.8782879537665178,3,,,time0,TIME0,0.8517365094313374,0.9594988125900519,0.0,5
0.0010915418145044907,False,488,time0,0.8884028286680961,1,,,time0,TIME0,0.8475281507077206,0.9298459996258753,0.0,9
0.0021722906209782388,False,488,time1,0.7108597172915793,6,,,time1,TIME1,0.793016874121561,0.92774587033959,0.0,4
0.0,False,489,time0,0.0,novo,0.058045231201526715,True,time0,TIME0,0.0,,,12
0.0,False,489,goleiro_time1,1.0,9,,,goleiro1,GOL-TIME1,0.8778689657295615,0.9114758629182462,0.0,3
0.00016065334415925778,False,489,time0,0.9844431856984038,2,,,time0,TIME0,0.8738115828735077,0.9149066710272731,0.0,2
2.4314574320686882e-05,False,489,time0,0.9977852334850692,7,,,time0,TIME0,0.8734518225843508,0.8966326454766369,0.0,8
5.251674821388729e-05,False,489,time1,0.9746218045523974,8,,,time1,TIME1,0.8732595925518319,0.9246064891509099,0.0,6
0.0003091035739711926,False,489,time0,0.9767019141453257,0,,,time0,TIME0,0.8732034812531306,0.9224377496730771,0.0,1
0.00024643757666555527,False,489,time0,0.9729882478475258,5,,,time0,TIME0,0.872245123075786,0.9232367209602262,0.0,10
0.0010467159070111105,False,489,time0,0.9139036000094303,3,,,time0,TIME0,0.8628522464639757,0.9596678463566763,0.0,5
0.0007127995858378153,False,489,time0,0.9227625851908633,4,,,time0,TIME0,0.8602078650161689,0.9371080000887158,0.0,7
0.0013849196210541366,False,489,time0,0.8703289664136055,1,,,time0,TIME0,0.8410725271676819,0.9260951617031377,0.0,9
0.003174668767392106,False,489,time1,0.609743671186993,6,,,time1,TIME1,0.7610248796343678,0.9294366309503225,0.0,4
0.0,False,490,time0,0.0,novo,0.058045231201526715,True,time0,TIME0,0.0,,,12
0.0,False,490,goleiro_time1,1.0,9,,,goleiro1,GOL-TIME1,0.8778689657295615,0.9114758629182462,0.0,3
0.00020591459883123692,False,490,time0,0.9782700856811679,4,,,time0,TIME0,0.8772225843594053,0.9371080000887158,0.0,7
8.332933101036047e-05,False,490,time0,0.988352413655088,2,,,time0,TIME0,0.8750098937940584,0.9149066710272731,0.0,2
2.779628319886373e-05,False,490,time0,0.9970155112043527,7,,,time0,TIME0,0.8732071672131242,0.8966326454766369,0.0,8
0.00020634734597570277,False,490,time1,0.9737776902264088,8,,,time1,TIME1,0.87296080818688,0.9246064891509099,0.0,6
0.0001560006401523036,False,490,time0,0.9577710235172799,0,,,time0,TIME0,0.8676941858827822,0.9224377496730771,0.0,1
0.0011087439447221806,False,490,time0,0.9266971272152694,5,,,time0,TIME0,0.8569893108690398,0.9232367209602262,0.0,10
0.0007331928838024205,False,490,time0,0.9147212046628558,1,,,time0,TIME0,0.8547838273913414,0.9260951617031377,0.0,9
0.001737406628947948,False,490,time0,0.8709779846514387,3,,,time0,TIME0,0.8490709221843953,0.9596678463566763,0.0,5
0.003567803668906456,False,490,time1,0.5191273895778463,6,,,time1,TIME1,0.7343248942765215,0.9294366309503225,0.0,4
0.0,False,491,time0,0.0,novo,0.058045231201526715,True,time0,TIME0,0.0,,,12
0.0,False,491,goleiro_time1,1.0,9,,,goleiro1,GOL-TIME1,0.8778689657295615,0.9114758629182462,0.0,3
0.00034405270009608713,False,491,time0,0.9691404026532506,4,,,time0,TIME0,0.8746100374346759,0.9371080000887158,0.0,7
9.250154910503626e-06,False,491,time0,0.9991714090140007,7,,,time0,TIME0,0.8738771943801915,0.8966326454766369,0.0,8
0.00014919716254440497,False,491,time0,0.9785567793658065,2,,,time0,TIME0,0.8720379206865274,0.9149066710272731,0.0,2
0.0002872669653516658,False,491,time0,0.9621229320303681,0,,,time0,TIME0,0.8687969335155115,0.9224377496730771,0.0,1
0.00038803566384047907,False,491,time1,0.9432255926029698,8,,,time1,TIME1,0.8636174580720728,0.9246064891509099,0.0,6
0.0008072844711017954,False,491,time0,0.9374245211649515,5,,,time0,TIME0,0.861052316181013,0.9232367209602262,0.0,10
0.0015490000892286464,False,491,time0,0.8952187165701697,3,,,time0,TIME0,0.856157016558271,0.9596678463566763,0.0,5
0.0015751888505924543,False,491,time0,0.855098421809555,1,,,time0,TIME0,0.8359062305274192,0.9260951617031377,0.0,9
0.0026501956655884847,False,491,time1,0.5833981103710395,6,,,time1,TIME1,0.7539285451633263,0.9294366309503225,0.0,4
0.0,False,492,time0,0.0,novo,0.06015185828930092,True,time0,TIME0,0.0,,,12
0.0,False,492,goleiro_time1,1.0,9,,,goleiro1,GOL-TIME1,0.8778689657295615,0.9114758629182462,0.0,3
0.00029005635806803065,False,492,time0,0.9702604302531793,4,,,time0,TIME0,0.875340631146062,0.9383783220833394,0.0,7
0.00034737432614100896,False,492,time0,0.9797108687277633,0,,,time0,TIME0,0.8749674872064809,0.9262913045331667,0.0,1
7.57294185567194e-06,False,492,time0,0.9981724131761209,7,,,time0,TIME0,0.8734697191232674,0.896106019047312,0.0,8
0.00016231722649030488,False,492,time0,0.9795440186392093,2,,,time0,TIME0,0.8722167015965174,0.9141863721118276,0.0,2
0.00042889691245703794,False,492,time0,0.9667891719962003,5,,,time0,TIME0,0.8706656416370898,0.9251085499805094,0.0,10
0.00026461080060725354,False,492,time1,0.9667239505778328,8,,,time1,TIME1,0.8706045639357434,0.9239106681987452,0.0,6
0.0011413054024288875,False,492,time0,0.9118827990065528,3,,,time0,TIME0,0.8614922742230322,0.9580713213624268,0.0,5
0.0009255491417145993,False,492,time0,0.9148895679503599,1,,,time0,TIME0,0.8544471972062673,0.9251872676793744,0.0,9
0.0022743560389292495,False,492,time1,0.6755430063683671,6,,,time1,TIME1,0.7826905961101043,0.9294366309503225,0.0,4
0.0,False,493,time0,0.0,novo,0.06015185828930092,True,time0,TIME0,0.0,,,12
0.0,False,493,goleiro_time1,1.0,9,,,goleiro1,GOL-TIME1,0.8778689657295615,0.9114758629182462,0.0,3
0.0003463138166090144,False,493,time0,0.9587741984384001,4,,,time0,TIME0,0.8717029074509506,0.9383783220833394,0.0,7
6.274702324738468e-05,False,493,time0,0.9923779341679665,7,,,time0,TIME0,0.8716432819517854,0.896106019047312,0.0,8
0.00038256864182618526,False,493,time0,0.968284685623045,5,,,time0,TIME0,0.8713582300007638,0.9251085499805094,0.0,10
5.722173510232663e-05,False,493,time0,0.966898035804506,2,,,time0,TIME0,0.8684914491370532,0.9141863721118276,0.0,2
0.001063460938545138,False,493,time0,0.9579928887957894,0,,,time0,TIME0,0.8674845397462518,0.9262913045331667,0.0,1
0.00047959493996571563,False,493,time1,0.9513629124668002,8,,,time1,TIME1,0.8657035535907385,0.9239106681987452,0.0,6
0.00029401987546645234,False,493,time0,0.9481534029851102,1,,,time0,TIME0,0.8650449528647155,0.9251872676793744,0.0,9
0.0016278378929821076,False,493,time0,0.8859635909345029,3,,,time0,TIME0,0.8533300052090028,0.9580713213624268,0.0,5
0.0007005370131489549,False,493,time1,0.7161248104461742,6,,,time1,TIME1,0.79493687377985,0.9294366309503225,0.0,4
0.0,False,494,time0,0.0,novo,0.06015185828930092,True,time0,TIME0,0.0,,,12
0.0,False,494,goleiro_time1,1.0,9,,,goleiro1,GOL-TIME1,0.8778689657295615,0.9114758629182462,0.0,3
8.044845514179655e-05,False,494,time0,0.9799988102392854,0,,,time0,TIME0,0.874812860896891,0.9262913045331667,0.0,1
0.0002845881692091504,False,494,time1,0.9714297796715745,8,,,time1,TIME1,0.8718910483865958,0.9239106681987452,0.0,6
0.0005004361033220377,False,494,time0,0.9521898825872459,5,,,time0,TIME0,0.8663320945478187,0.9251085499805094,0.0,10
0.00029270765726420374,False,494,time0,0.9685952880936283,7,,,time0,TIME0,0.8641403898796189,0.896106019047312,0.0,8
0.0005878765448879168,False,494,time0,0.924564040950506,1,,,time0,TIME0,0.8578157059826335,0.9251872676793744,0.0,9
0.0008656313678043732,False,494,time0,0.9029279001801476,4,,,time0,TIME0,0.8543201708009734,0.9383783220833394,0.0,7
0.0007479277465081752,False,494,time0,0.9166905990509236,2,,,time0,TIME0,0.8523625551370051,0.9141863721118276,0.0,2
0.0023149961197642963,False,494,time0,0.8527741002628997,3,,,time0,TIME0,0.842639350155114,0.9580713213624268,0.0,5
0.0044552825274244345,False,494,time1,0.5957082909948417,6,,,time1,TIME1,0.7543446628536431,0.9294366309503225,0.0,4
0.0,False,495,time0,0.0,novo,0.0625125465291212,True,time0,TIME0,0.0,,,12
5.9610963540993914e-05,False,495,time0,0.9866438302893727,4,,,time0,TIME0,0.8799814273045123,0.9384817510810872,0.0,7
0.00014676685356643742,False,495,time0,0.9873881860629307,0,,,time0,TIME0,0.8783843974086857,0.9296362161024434,0.0,1
0.0,False,495,goleiro_time1,1.0,9,,,goleiro1,GOL-TIME1,0.8778689657295615,0.9114758629182462,0.0,3
2.8457490903507245e-05,False,495,time0,0.9964772437298876,7,,,time0,TIME0,0.8727390961259172,0.8960235998478019,0.0,8
0.00020091208242711066,False,495,time0,0.9731842437181017,2,,,time0,TIME0,0.8698921312828275,0.9141401363680687,0.0,2
0.0004157708494079923,False,495,time1,0.9585042441715682,8,,,time1,TIME1,0.867657888752604,0.92269102997918,0.0,6
0.0005559238249287415,False,495,time0,0.9475072566182569,5,,,time0,TIME0,0.8655603635162903,0.9275660033331236,0.0,10
0.0006244342931062138,False,495,time0,0.9370252511878987,1,,,time0,TIME0,0.861368751142238,0.9256409555321762,0.0,9
0.002404651384552443,False,495,time0,0.8275562652983098,3,,,time0,TIME0,0.8351796654412191,0.9580110263831207,0.0,5
0.002377645933442843,False,495,time1,0.7459163652625597,6,,,time1,TIME1,0.8027405625223023,0.9303856090785937,0.0,4
0.0,False,496,time0,0.0,novo,0.0625125465291212,True,time0,TIME0,0.0,,,12
6.21278409724946e-05,False,496,time0,0.9854905564794516,0,,,time0,TIME0,0.8779061067910053,0.9296362161024434,0.0,1
0.0,False,496,goleiro_time1,1.0,9,,,goleiro1,GOL-TIME1,0.8778689657295615,0.9114758629182462,0.0,3
0.00030930528588753446,False,496,time0,0.9791695922261182,5,,,time0,TIME0,0.8751210712596764,0.9275660033331236,0.0,10
1.3976491408486307e-05,False,496,time0,0.9984642874557071,7,,,time0,TIME0,0.8735212089764646,0.8960235998478019,0.0,8
0.0005763954536777612,False,496,time0,0.9356465328670336,4,,,time0,TIME0,0.8644153987827596,0.9384817510810872,0.0,7
0.0005694353779165004,False,496,time0,0.9463969956008782,1,,,time0,TIME0,0.8644035841107954,0.9256409555321762,0.0,9
0.0006616770298291505,False,496,time1,0.9342399914794931,8,,,time1,TIME1,0.8601737434457238,0.92269102997918,0.0,6
0.0007229526049790581,False,496,time0,0.913837471103456,2,,,time0,TIME0,0.8516603107631855,0.9141401363680687,0.0,2
0.0022638759481771777,False,496,time0,0.8464049828674038,3,,,time0,TIME0,0.8408540900203385,0.9580110263831207,0.0,5
0.0014806631765003203,False,496,time1,0.7427835877871993,6,,,time1,TIME1,0.8033452671384586,0.9303856090785937,0.0,4
0.0,False,497,time0,0.0,novo,0.0625125465291212,True,time0,TIME0,0.0,,,12
0.00014276825473186121,False,497,time0,0.9950553621899211,0,,,time0,TIME0,0.8807370037129908,0.9296362161024434,0.0,1
0.0,False,497,goleiro_time1,1.0,9,,,goleiro1,GOL-TIME1,0.8778689657295615,0.9114758629182462,0.0,3
1.459238876220356e-05,False,497,time0,0.998311763861167,7,,,time0,TIME0,0.8734790341003538,0.8960235998478019,0.0,8
0.00046277000494370033,False,497,time0,0.9581127177814315,5,,,time0,TIME0,0.868640572458302,0.9275660033331236,0.0,10
0.0005418856191734915,False,497,time0,0.9426695504862056,4,,,time0,TIME0,0.866746098616658,0.9384817510810872,0.0,7
0.00029903781451206954,False,497,time0,0.9416784009561415,1,,,time0,TIME0,0.8632857262289169,0.9256409555321762,0.0,9
0.0006348880537565296,False,497,time1,0.9401525446174587,8,,,time1,TIME1,0.861842280160001,0.92269102997918,0.0,6
0.0005163936669573083,False,497,time0,0.9363617886505007,2,,,time0,TIME0,0.8587568798980959,0.9141401363680687,0.0,2
0.002342249144855725,False,497,time0,0.8334561033716028,3,,,time0,TIME0,0.8372352414567539,0.9580110263831207,0.0,5
0.0019660308517619888,False,497,time1,0.7669552642092965,6,,,time1,TIME1,0.8104087566505292,0.9303856090785937,0.0,4
0.0,False,498,time0,0.0,novo,0.0652851313927737,True,time0,TIME0,0.0,,,12
0.0001688356896248613,False,498,time0,0.9866530357800982,4,,,time0,TIME0,0.8803433936552452,0.9392859257849955,0.0,7
0.00023817352671271115,False,498,time0,0.9862706897442329,0,,,time0,TIME0,0.8787386725841044,0.9326527933674449,0.0,1
0.0,False,498,goleiro_time1,1.0,9,,,goleiro1,GOL-TIME1,0.8778689657295615,0.9114758629182462,0.0,3
0.000266225434486895,False,498,time0,0.975358652192679,5,,,time0,TIME0,0.874533551220233,0.9306554123592476,0.0,10
1.2939187973821463e-05,False,498,time0,0.9952311362340945,7,,,time0,TIME0,0.8726101242209521,0.8962851458561005,0.0,8
0.0002257078976996158,False,498,time0,0.9758505519147794,2,,,time0,TIME0,0.8706498557574481,0.9142341983524039,0.0,2
0.0006552043907108002,False,498,time1,0.9417990100667636,8,,,time1,TIME1,0.8624274146466905,0.9222696775365966,0.0,6
0.0015084635024351836,False,498,time0,0.8912612068686249,3,,,time0,TIME0,0.8549356314126644,0.9581714736910716,0.0,5
0.0008960420772763224,False,498,time0,0.9115393539903709,1,,,time0,TIME0,0.8537422702742259,0.9261572048597875,0.0,9
0.0010472986190511262,False,498,time1,0.8679991697297319,6,,,time1,TIME1,0.841541427227396,0.9313890621566121,0.0,4
9.567240329259493e-05,False,499,time0,0.9936716090893167,0,,,time0,TIME0,0.8810792962165432,0.9326527933674449,0.0,1
1.0433536665305682e-05,False,499,time0,0.9980370675548201,7,,,time0,TIME0,0.8734627637532824,0.8962851458561005,0.0,8
0.0008442158125172608,False,499,time0,0.9294527736435227,3,,,time0,TIME0,0.8671580207410019,0.9581714736910716,0.0,5
0.0006837231377843245,False,499,time0,0.9421066287047652,4,,,time0,TIME0,0.8664539615925737,0.9392859257849955,0.0,7
0.00031565695366169024,False,499,time0,0.9450678277678182,5,,,time0,TIME0,0.8658617097572028,0.9306554123592476,0.0,10
0.0007528571068299662,False,499,time0,0.9370389113580397,1,,,time0,TIME0,0.8617201147143398,0.9261572048597875,0.0,9
0.0005011278899647031,False,499,time0,0.9431058755991057,2,,,time0,TIME0,0.8606611584772607,0.9142341983524039,0.0,2
0.0009218389817885647,False,499,time1,0.9196540701531531,8,,,time1,TIME1,0.8554437381850682,0.9222696775365966,0.0,6
0.0023734765440734666,False,499,time1,0.7536928263843842,6,,,time1,TIME1,0.8056179539870003,0.9313890621566121,0.0,4
0.04419509872829823,False,499,time0,0.0,9,,,time0,TIME0,0.4910262423987365,0.8453465069568438,0.0,12
1.495262666209403e-05,False,500,time0,0.9948704260946657,0,,,time0,TIME0,0.8815546223783688,0.9326527933674449,0.0,1
0.00019205995548577162,False,500,time0,0.9830003111227681,4,,,time0,TIME0,0.8791713238636658,0.9392859257849955,0.0,7
1.829215647863972e-05,False,500,time0,0.9977328324407772,7,,,time0,TIME0,0.8733661827686172,0.8962851458561005,0.0,8
0.0002965590814837629,False,500,time0,0.9697850165946214,5,,,time0,TIME0,0.873316670291393,0.9306554123592476,0.0,10
0.00024146856899401046,False,500,time0,0.9494807182285849,2,,,time0,TIME0,0.862939162338628,0.9142341983524039,0.0,2
0.0010023073240207048,False,500,time1,0.9108975235209968,8,,,time1,TIME1,0.8528660944821382,0.9222696775365966,0.0,6
0.0009210421791331157,False,500,time0,0.9037843839346728,1,,,time0,TIME0,0.8516652704503227,0.9261572048597875,0.0,9
0.0018144021372964699,False,500,time0,0.85366345381597,3,,,time0,TIME0,0.8430264167080315,0.9581714736910716,0.0,5
0.0005507069642473153,False,500,time0,0.9589898917085802,9,,,time0,TIME0,0.8183953648901002,0.8453465069568438,0.0,12
0.004331518670472648,False,500,time1,0.621113070576574,6,,,time1,TIME1,0.7639006395148077,0.9313890621566121,0.0,4
0.00023329030748445962,False,501,time0,0.9814089208506506,0,,,time0,TIME0,0.8777766024898959,0.9348699278505042,0.0,1
3.5847311086887754e-05,False,501,time0,0.9948720576203938,7,,,time0,TIME0,0.8723795225913935,0.8959494649847867,0.0,8
0.00013286348177639305,False,501,time0,0.9618121876398372,5,,,time0,TIME0,0.871563766062111,0.9330110040260273,0.0,10
0.0003054971871147952,False,501,time0,0.9470497899925,4,,,time0,TIME0,0.8687901327231962,0.9401317712627899,0.0,7
0.0006087349572511695,False,501,time1,0.9470670854844279,8,,,time1,TIME1,0.8639737081522592,0.9227648227930674,0.0,6
0.0006042134852109149,False,501,time0,0.9372919662793449,1,,,time0,TIME0,0.8620159789947605,0.9268135426164923,0.0,9
0.0010736174582201402,False,501,time0,0.9139879298192118,3,,,time0,TIME0,0.8619756022250263,0.9572895165221094,0.0,5
0.0006583496456598562,False,501,time0,0.9174997006652325,2,,,time0,TIME0,0.8526704791307865,0.9134066300155141,0.0,2
0.0008146989567309321,False,501,time0,0.9387668094009171,9,,,time0,TIME0,0.8417772107210186,0.8443530167476625,0.0,12
0.001753566310358547,False,501,time1,0.8185996919124068,6,,,time1,TIME1,0.8255672968549201,0.9334490075820523,0.0,4
2.092770168750857e-05,False,502,time0,0.9986368811387633,0,,,time0,TIME0,0.883124251427094,0.9348699278505042,0.0,1
4.1312230878461884e-05,False,502,time0,0.9932901417924007,7,,,time0,TIME0,0.8718843811420672,0.8959494649847867,0.0,8
0.0005384442900937084,False,502,time0,0.9375807724000353,1,,,time0,TIME0,0.8623808345518374,0.9268135426164923,0.0,9
0.0009052358994351015,False,502,time0,0.9192775600531949,4,,,time0,TIME0,0.8594800526681199,0.9401317712627899,0.0,7
0.0008641108171110638,False,502,time1,0.9200724389154282,8,,,time1,TIME1,0.8557471495633315,0.9227648227930674,0.0,6
0.0008847272360535542,False,502,time0,0.909270698964979,5,,,time0,TIME0,0.8547169528619163,0.9330110040260273,0.0,10
0.0010092903308147089,False,502,time0,0.8712107478652118,2,,,time0,TIME0,0.8384991429259875,0.9134066300155141,0.0,2
0.0022227673031420974,False,502,time0,0.8351482855504698,3,,,time0,TIME0,0.8370624136501327,0.9572895165221094,0.0,5
0.001319080567458861,False,502,time1,0.8458876033520473,6,,,time1,TIME1,0.8353572057103332,0.9334490075820523,0.0,4
0.0032322560990012553,False,502,time0,0.7813323106293412,9,,,time0,TIME0,0.7904669900767303,0.8443530167476625,0.0,12
0.00014494330377344192,False,503,time0,0.9944266576298771,0,,,time0,TIME0,0.8818017254261201,0.9348699278505042,0.0,1
1.5026944832855768e-05,False,503,time0,0.9983589361906686,7,,,time0,TIME0,0.8734603356575765,0.8959494649847867,0.0,8
0.0004364529414077525,False,503,time0,0.9516508956917111,1,,,time0,TIME0,0.8667051019051787,0.9268135426164923,0.0,9
0.0004177673458616542,False,503,time0,0.9477544813883216,2,,,time0,TIME0,0.8615690873857415,0.9134066300155141,0.0,2
0.0006177409174315246,False,503,time1,0.9288306407996193,6,,,time1,TIME1,0.8609437740632819,0.9334490075820523,0.0,4
0.001403742549134827,False,503,time0,0.8904946459965473,4,,,time0,TIME0,0.8505546849506447,0.9401317712627899,0.0,7
0.0016339054848318276,False,503,time0,0.8747884803084837,3,,,time0,TIME0,0.8496376957182095,0.9572895165221094,0.0,5
0.0011362606766901545,False,503,time0,0.8798745452854746,5,,,time0,TIME0,0.845886786578413,0.9330110040260273,0.0,10
0.0014382163129216623,False,503,time1,0.8690030619506675,8,,,time1,TIME1,0.8396931318640046,0.9227648227930674,0.0,6
0.0008080083713367758,False,503,time0,0.9382943874956261,9,,,time0,TIME0,0.8395385960079951,0.8443530167476625,0.0,12
0.00010886444379315028,False,504,time0,0.9908311432437993,0,,,time0,TIME0,0.8812661691484439,0.9368141320717713,0.0,1
0.00021526780942391114,False,504,time1,0.9763155971983865,6,,,time1,TIME1,0.8761900725710168,0.9353615864352307,0.0,4
0.0002994264752241156,False,504,time0,0.974385585333588,5,,,time0,TIME0,0.8751081095473099,0.934870451745313,0.0,10
3.831534275519607e-05,False,504,time0,0.9958298731596933,7,,,time0,TIME0,0.8723642836391624,0.8947110162299098,0.0,8
0.0003539969555210958,False,504,time0,0.9543482292498837,4,,,time0,TIME0,0.8702563250251709,0.9407988241893808,0.0,7
0.0004035079976910787,False,504,time1,0.9592320978073028,8,,,time1,TIME1,0.8674622743602409,0.9230663906417955,0.0,6
0.0006371873971127576,False,504,time0,0.923990131265429,1,,,time0,TIME0,0.8581359006216328,0.9270906710708573,0.0,9
0.0003668570033706096,False,504,time0,0.9351604886191999,2,,,time0,TIME0,0.8578898858560982,0.9126135675179754,0.0,2
0.0016573658591581945,False,504,time0,0.8807802928137463,3,,,time0,TIME0,0.8508651696389329,0.9553230802048109,0.0,5
0.0010419216977318583,False,504,time0,0.9163968860460769,9,,,time0,TIME0,0.8346590774364808,0.8436664606536828,0.0,12
2.002383152892958e-05,False,505,time0,0.9983391325142037,0,,,time0,TIME0,0.8836264886046756,0.9368141320717713,0.0,1
3.0644934498045996e-05,False,505,time0,0.9968252734165064,7,,,time0,TIME0,0.8726900650372724,0.8947110162299098,0.0,8
0.00022847539939689073,False,505,time1,0.9671148868222894,8,,,time1,TIME1,0.8705673726428884,0.9230663906417955,0.0,6
0.000261979768994224,False,505,time1,0.9477537029740325,6,,,time1,TIME1,0.867614118696332,0.9353615864352307,0.0,4
0.0007226106687828447,False,505,time0,0.9227738981145736,4,,,time0,TIME0,0.8611081845596078,0.9407988241893808,0.0,7
0.0006229594522812705,False,505,time0,0.915736075921379,2,,,time0,TIME0,0.8521332253074481,0.9126135675179754,0.0,2
0.0016806579034698676,False,505,time0,0.8740302181235644,3,,,time0,TIME0,0.849480024213978,0.9553230802048109,0.0,5
0.0011360815914123158,False,505,time0,0.8832796004071551,5,,,time0,TIME0,0.8468308488875849,0.934870451745313,0.0,10
0.00015955141164444302,False,505,time0,0.9510640758535936,9,,,time0,TIME0,0.8454589980378702,0.8436664606536828,0.0,12
0.0012396141895998978,False,505,time0,0.8616066526581367,1,,,time0,TIME0,0.8387135164276224,0.9270906710708573,0.0,9
0.0001808628133691184,False,506,time0,0.9850510943703006,0,,,time0,TIME0,0.8794445850456627,0.9368141320717713,0.0,1
6.05984311384932e-05,False,506,time0,0.9950388412454202,7,,,time0,TIME0,0.8721070099809541,0.8947110162299098,0.0,8
0.0002085372215533878,False,506,time1,0.9698391143329961,8,,,time1,TIME1,0.8715052181246998,0.9230663906417955,0.0,6
0.00035699691295294783,False,506,time0,0.9556079151368952,4,,,time0,TIME0,0.8712820663243608,0.9407988241893808,0.0,7
0.00042324771049013257,False,506,time1,0.9397282967139067,6,,,time1,TIME1,0.8651755310459257,0.9353615864352307,0.0,4
0.00025499919735413965,False,506,time0,0.95184916557659,2,,,time0,TIME0,0.8631983743002205,0.9126135675179754,0.0,2
0.0014298801722663226,False,506,time0,0.8524197201551084,1,,,time0,TIME0,0.8360556303008209,0.9270906710708573,0.0,9
0.0019675455174999927,False,506,time0,0.8005120431151529,5,,,time0,TIME0,0.8200592998017708,0.934870451745313,0.0,10
0.0031417310784048174,False,506,time0,0.7766909466375245,3,,,time0,TIME0,0.8179600217077392,0.9553230802048109,0.0,5
0.002785404543032992,False,506,time0,0.7957434235203789,9,,,time0,TIME0,0.7952232906546322,0.8436664606536828,0.0,12
0.00010301048596750351,False,507,time0,0.9907540229229457,0,,,time0,TIME0,0.881551256351697,0.9380084138289972,0.0,1
0.00034167555864536467,False,507,time0,0.9666872175774143,4,,,time0,TIME0,0.8746545146850803,0.9407151977132403,0.0,7
5.2470299555334535e-05,False,507,time0,0.9963200233173759,7,,,time0,TIME0,0.8722748548677116,0.8940145618275213,0.0,8
0.0003066431299634698,False,507,time1,0.9661663547411213,8,,,time1,TIME1,0.8703088916337054,0.9233614689841732,0.0,6
0.0002579681573058898,False,507,time0,0.9667859888692015,2,,,time0,TIME0,0.8676557554362421,0.9126001340429368,0.0,2
0.0017295924229493804,False,507,time0,0.8460906200822443,3,,,time0,TIME0,0.8395254064728319,0.9545393846715609,0.0,5
0.0016467957691758434,False,507,time0,0.8475923992767537,1,,,time0,TIME0,0.8350830385622401,0.9298859914512292,0.0,9
0.0015333838530011093,False,507,time0,0.8222684451366726,5,,,time0,TIME0,0.8292203639355534,0.937239201470113,0.0,10
0.0015190535809726249,False,507,time0,0.8510592272026761,9,,,time0,TIME0,0.8121785848517351,0.8437056209049085,0.0,12
0.005464020281228882,False,507,time1,0.4357222469737927,6,,,time1,TIME1,0.7060519060120451,0.9353615864352307,0.0,4
0.00011545470591905552,False,508,time0,0.9908545573078774,0,,,time0,TIME0,0.8815880972487808,0.9380084138289972,0.0,1
1.8001127048285123e-05,False,508,time0,0.9971408214661691,2,,,time0,TIME0,0.8771034932651212,0.9126001340429368,0.0,2
8.633883246994431e-05,False,508,time0,0.992705230247755,7,,,time0,TIME0,0.8712119694505512,0.8940145618275213,0.0,8
0.00032483928493791115,False,508,time1,0.9626020415784307,8,,,time1,TIME1,0.8692128937143762,0.9233614689841732,0.0,6
0.0007437590166596522,False,508,time0,0.9210456467892006,4,,,time0,TIME0,0.8602893790019958,0.9407151977132403,0.0,7
0.0009291021327480717,False,508,time0,0.9094090662249994,1,,,time0,TIME0,0.8539388534201783,0.9298859914512292,0.0,9
0.0004562312108105337,False,508,time1,0.8999557341805522,6,,,time1,TIME1,0.8497478904049609,0.9353615864352307,0.0,4
0.0012549366853858808,False,508,time0,0.8597297600260139,5,,,time0,TIME0,0.8406519630185448,0.937239201470113,0.0,10
0.002014999767790616,False,508,time0,0.8361810118192236,9,,,time0,TIME0,0.8078179891632031,0.8437056209049085,0.0,12
0.007273393216892857,False,508,time0,0.5812394197651725,3,,,time0,TIME0,0.7521686855746748,0.9545393846715609,0.0,5
6.0548802194287604e-05,False,509,time0,0.9906973041410414,0,,,time0,TIME0,0.8815959915032813,0.9380084138289972,0.0,1
0.00043324188657049346,False,509,time0,0.9570629696997386,4,,,time0,TIME0,0.8716060806131881,0.9407151977132403,0.0,7
6.503156543369495e-05,False,509,time0,0.991165592849837,7,,,time0,TIME0,0.8707070951622985,0.8940145618275213,0.0,8
0.0002962276468888279,False,509,time0,0.9674931815032537,2,,,time0,TIME0,0.8679290443354097,0.9126001340429368,0.0,2
0.0004417668531193502,False,509,time1,0.9574223360514067,8,,,time1,TIME1,0.8675851469441769,0.9233614689841732,0.0,6
0.0005380291978151597,False,509,time1,0.9083520489295905,6,,,time1,TIME1,0.8556305790698582,0.9353615864352307,0.0,4
0.0009565258215433668,False,509,time0,0.9036221527827597,5,,,time0,TIME0,0.8542496108040486,0.937239201470113,0.0,10
0.0013306102095502889,False,509,time0,0.8781617372204866,1,,,time0,TIME0,0.8444355513383837,0.9298859914512292,0.0,9
0.0023122013747825455,False,509,time0,0.8273517012092754,3,,,time0,TIME0,0.8282572938506227,0.9545393846715609,0.0,5
0.0014191752356356726,False,509,time0,0.8771835784257644,9,,,time0,TIME0,0.8220776801592002,0.8437056209049085,0.0,12
0.0,False,510,time1,1.0,6,,,time1,TIME1,0.8834735585193882,0.9353615864352307,0.0,4
9.517251819357957e-05,False,510,time0,0.9949807925342059,0,,,time0,TIME0,0.8828845688235921,0.9383294212521038,0.0,1
5.473864543146067e-05,False,510,time0,0.9923391338308674,2,,,time0,TIME0,0.8757151308304711,0.9129112820469611,0.0,2
3.7100448269625596e-05,False,510,time0,0.9946609062598185,7,,,time0,TIME0,0.8717171600267052,0.8935987330558937,0.0,8
0.0005770126637316382,False,510,time1,0.9448244600565385,8,,,time1,TIME1,0.8632916043088985,0.9218568021320721,0.0,6
0.0008981543703720996,False,510,time0,0.9086939300356344,4,,,time0,TIME0,0.8564993479120412,0.9405071957664739,0.0,7
0.0010240145904544386,False,510,time0,0.9007353808051876,1,,,time0,TIME0,0.8523654721169998,0.9331698671240922,0.0,9
0.00026805218041941,False,510,time0,0.9734175457112454,9,,,time0,TIME0,0.8521737121424315,0.8448654378736723,0.0,12
0.0014184911603137527,False,510,time0,0.8541868682236073,5,,,time0,TIME0,0.8394951872049203,0.9402434709489726,0.0,10
0.0027486375745071007,False,510,time0,0.8057048159008015,3,,,time0,TIME0,0.824461093060521,0.9539490130500761,0.0,5
0.0,False,511,time1,1.0,6,,,time1,TIME1,0.8838403966088078,0.9353615864352307,0.0,4
0.0002767188424869647,False,511,time0,0.9744952715009488,4,,,time0,TIME0,0.8766650120035976,0.9405071957664739,0.0,7
0.00034667274815029174,False,511,time0,0.9711652736326882,0,,,time0,TIME0,0.8753901930744716,0.9383294212521038,0.0,1
0.00014906719888703858,False,511,time0,0.983990029356332,7,,,time0,TIME0,0.8683745946935651,0.8935987330558937,0.0,8
0.0005051754201733517,False,511,time1,0.9486629261767641,8,,,time1,TIME1,0.8644861463631526,0.9218568021320721,0.0,6
0.000730435731509304,False,511,time0,0.9265638970990074,1,,,time0,TIME0,0.8603799170283113,0.9331698671240922,0.0,9
0.0007080409399522643,False,511,time0,0.9199228336764151,5,,,time0,TIME0,0.8599087758825279,0.9402434709489726,0.0,10
0.00046325343372911827,False,511,time0,0.9313988493280344,2,,,time0,TIME0,0.8569310038165963,0.9129112820469611,0.0,2
0.0006314909633062863,False,511,time0,0.9468736944234929,9,,,time0,TIME0,0.8444442633434676,0.8448654378736723,0.0,12
0.0026683278216739757,False,511,time0,0.824874630581813,3,,,time0,TIME0,0.831820548961653,0.9539490130500761,0.0,5
0.0,False,512,time1,1.0,6,,,time1,TIME1,0.8838403966088078,0.9353615864352307,0.0,4
0.0003326302047771224,False,512,time0,0.9850446536009675,0,,,time0,TIME0,0.8795950477274572,0.9383294212521038,0.0,1
8.046385241710082e-05,False,512,time0,0.988518641396729,7,,,time0,TIME0,0.8698262322690813,0.8935987330558937,0.0,8
0.00040129555889035714,False,512,time1,0.9602956755113979,8,,,time1,TIME1,0.8680381025851829,0.9218568021320721,0.0,6
0.0007594446547738986,False,512,time0,0.9502260293468702,1,,,time0,TIME0,0.8671144412121856,0.9331698671240922,0.0,9
0.0006254376779858439,False,512,time0,0.9350277190832241,4,,,time0,TIME0,0.864504570130923,0.9405071957664739,0.0,7
0.001275797837297293,False,512,time0,0.905688965150328,3,,,time0,TIME0,0.8579920174841618,0.9539490130500761,0.0,5
0.0009360836175708758,False,512,time0,0.9081691201510933,5,,,time0,TIME0,0.8564807764708398,0.9402434709489726,0.0,10
0.0002432094503846722,False,512,time0,0.9757193491980002,9,,,time0,TIME0,0.8533809534634316,0.8448654378736723,0.0,12
0.0015073937596112438,False,512,time0,0.8039129679024992,2,,,time0,TIME0,0.817066776137515,0.9129112820469611,0.0,2
0.0,False,513,time1,1.0,6,,,time1,TIME1,0.8838403966088078,0.9353615864352307,0.0,4
0.00014669192185103578,False,513,time0,0.9796889263715071,0,,,time0,TIME0,0.8781869855585227,0.9385650170206248,0.0,1
0.00015655126396619105,False,513,time0,0.984327596184524,7,,,time0,TIME0,0.868478693370498,0.8935056457761605,0.0,8
0.0005449518838172798,False,513,time0,0.9342426182057126,1,,,time0,TIME0,0.863117443575523,0.935808726636027,0.0,9
0.0009435198673881691,False,513,time0,0.9126047306247852,5,,,time0,TIME0,0.8583452049815936,0.9417285205509774,0.0,10
0.0007794168740399029,False,513,time1,0.9298500319193728,8,,,time1,TIME1,0.8583321970213781,0.9214682385690414,0.0,6
0.00043474397067991245,False,513,time0,0.9102382151884794,4,,,time0,TIME0,0.8576350222310537,0.9420153970905766,0.0,7
0.00047603058488061834,False,513,time0,0.9787660342586196,9,,,time0,TIME0,0.8543143627124725,0.8453983033926357,0.0,12
0.0006554698224880388,False,513,time0,0.912278758270687,2,,,time0,TIME0,0.8503213215433367,0.9148245760411129,0.0,2
0.0017373987146977092,False,513,time0,0.8731562260391433,3,,,time0,TIME0,0.8481024464771565,0.9527318345893951,0.0,5
0.0,False,514,time1,1.0,6,,,time1,TIME1,0.8838403966088078,0.9353615864352307,0.0,4
0.00016468446244513558,False,514,time0,0.9859183848312028,0,,,time0,TIME0,0.8800551769101213,0.9385650170206248,0.0,1
0.00022610130188856778,False,514,time0,0.9773267806636509,5,,,time0,TIME0,0.8779104987330606,0.9417285205509774,0.0,10
0.00015023527373357636,False,514,time0,0.9839844015975607,7,,,time0,TIME0,0.868400265646267,0.8935056457761605,0.0,8
0.0005758248666749702,False,514,time0,0.9361172760833325,1,,,time0,TIME0,0.8639287051371313,0.935808726636027,0.0,9
0.00012880849390886563,False,514,time0,0.988476347043686,9,,,time0,TIME0,0.8574887828943953,0.8453983033926357,0.0,12
0.0011096377476754278,False,514,time1,0.889951245195025,8,,,time1,TIME1,0.8460322084384212,0.9214682385690414,0.0,6
0.0010132671400949417,False,514,time0,0.8851709041802029,2,,,time0,TIME0,0.8421992083207269,0.9148245760411129,0.0,2
0.003073433736927685,False,514,time0,0.833801259569372,4,,,time0,TIME0,0.8304793242527725,0.9420153970905766,0.0,7
0.0029076845795297556,False,514,time0,0.7908374756629999,3,,,time0,TIME0,0.8213620432914508,0.9527318345893951,0.0,5
0.0,False,515,time0,1.0,3,,,time0,TIME0,0.886200446434033,0.9527318345893951,0.0,5
0.0,False,515,time1,1.0,6,,,time1,TIME1,0.8838403966088078,0.9353615864352307,0.0,4
0.00026082190403781797,False,515,time0,0.9777701223119682,0,,,time0,TIME0,0.877447147907505,0.9385650170206248,0.0,1
6.178561306513466e-05,False,515,time0,0.9904184349106042,7,,,time0,TIME0,0.8703552136865567,0.8935056457761605,0.0,8
0.0005396659763757577,False,515,time0,0.949253983679174,5,,,time0,TIME0,0.8694660117665632,0.9417285205509774,0.0,10
0.00053144657091144,False,515,time0,0.9509895060155139,1,,,time0,TIME0,0.8685698169022003,0.935808726636027,0.0,9
0.00048530588323095805,False,515,time0,0.9460010188545347,2,,,time0,TIME0,0.8617049333972034,0.9148245760411129,0.0,2
0.000244492776500312,False,515,time0,0.9782247980977399,9,,,time0,TIME0,0.8544458214160237,0.8453983033926357,0.0,12
0.0016349822287232863,False,515,time1,0.8420711003086772,8,,,time1,TIME1,0.8309510911703902,0.9214682385690414,0.0,6
0.0023266381847950133,False,515,time0,0.8266734470754927,4,,,time0,TIME0,0.830581382689725,0.9420153970905766,0.0,7
0.0,False,516,time0,1.0,3,,,time0,TIME0,0.8878023842289653,0.9512095369158613,0.0,5
0.0,False,516,time1,1.0,6,,,time1,TIME1,0.8838403966088078,0.9353615864352307,0.0,4
0.00016949924370177112,False,516,time0,0.9831395689061518,5,,,time0,TIME0,0.8802201907350713,0.9427662949485982,0.0,10
0.000288109782269721,False,516,time0,0.9822502880663396,0,,,time0,TIME0,0.8787554935648749,0.938578199333808,0.0,1
0.0005161002309099941,False,516,time0,0.9476718946839525,1,,,time0,TIME0,0.8681082918085246,0.93745729113232,0.0,9
0.0001486608072105153,False,516,time0,0.9811888035319226,7,,,time0,TIME0,0.867557640041,0.8937294921766021,0.0,8
0.0005397658176864622,False,516,time0,0.9412093737643734,2,,,time0,TIME0,0.8606059556325488,0.9177125743676912,0.0,2
0.0007028813053879492,False,516,time1,0.9247989811231517,8,,,time1,TIME1,0.8569928339289371,0.9233385413188886,0.0,6
0.00012853554105728154,False,516,time0,0.9850038287471512,9,,,time0,TIME0,0.8568713594696881,0.8463762963943303,0.0,12
0.003466315382434395,False,516,time0,0.8019988110547512,4,,,time0,TIME0,0.8223644616558485,0.9431091302489236,0.0,7
0.0,False,517,time0,1.0,3,,,time0,TIME0,0.8878023842289653,0.9512095369158613,0.0,5
1.806197735931563e-05,False,517,time0,0.997809981397384,5,,,time0,TIME0,0.8848908561267154,0.9427662949485982,0.0,10
0.0,False,517,time1,1.0,6,,,time1,TIME1,0.8838403966088078,0.9353615864352307,0.0,4
1.7529644151398675e-05,False,517,time0,0.9987871905515234,1,,,time0,TIME0,0.8836439333606312,0.93745729113232,0.0,9
4.9462992270897015e-05,False,517,time0,0.9955652337063583,0,,,time0,TIME0,0.8830912671860731,0.938578199333808,0.0,1
0.0001760458252542432,False,517,time0,0.9902819216269736,4,,,time0,TIME0,0.8804574763213595,0.9431091302489236,0.0,7
1.0662403084469979e-06,False,517,time1,0.9996623619333987,8,,,time1,TIME1,0.8802536061830069,0.9233385413188886,0.0,6
2.3943518138531433e-06,False,517,time0,0.9997732886465733,2,,,time0,TIME0,0.8789915457849552,0.9177125743676912,0.0,2
2.3232724394208984e-07,False,517,time0,0.999976950676486,7,,,time0,TIME0,0.8733237475248892,0.8937294921766021,0.0,8
3.5895310253600266e-06,False,517,time0,0.9996773626935633,9,,,time0,TIME0,0.8614084734052946,0.8463762963943303,0.0,12
0.0,False,518,time0,1.0,3,,,time0,TIME0,0.8878023842289653,0.9512095369158613,0.0,5
0.0,False,518,time1,1.0,6,,,time1,TIME1,0.8838403966088078,0.9353615864352307,0.0,4
0.00013722952250787193,False,518,time0,0.979500999776647,5,,,time0,TIME0,0.8793160429695459,0.9427662949485982,0.0,10
0.00015157252836206107,False,518,time0,0.9540937260709919,0,,,time0,TIME0,0.870633093349559,0.938578199333808,0.0,1
0.00033353412883884803,False,518,time0,0.965333725507637,7,,,time0,TIME0,0.8625017653646215,0.8937294921766021,0.0,8
0.0007707449358055223,False,518,time0,0.9253783256998492,1,,,time0,TIME0,0.860762918501379,0.93745729113232,0.0,9
0.0007622126637949067,False,518,time1,0.9208676027923689,8,,,time1,TIME1,0.8558824932131996,0.9233385413188886,0.0,6
0.0005865096625534101,False,518,time0,0.9480120301058793,9,,,time0,TIME0,0.8450663306109822,0.8463762963943303,0.0,12
0.0013709554338315684,False,518,time0,0.8604161619456904,2,,,time0,TIME0,0.8353735552218997,0.9177125743676912,0.0,2
0.00502741585295438,False,518,time0,0.7106857077491082,4,,,time0,TIME0,0.7911036261988016,0.9431091302489236,0.0,7
0.0,False,519,time0,1.0,3,,,time0,TIME0,0.8873086024624042,0.9492344098496164,0.0,5
0.0,False,519,time1,1.0,6,,,time1,TIME1,0.8838403966088078,0.9353615864352307,0.0,4
0.000123126747124472,False,519,time0,0.9830577190624258,0,,,time0,TIME0,0.8794538166510024,0.9388506977021859,0.0,1
0.00047087277668174295,False,519,time0,0.95404941264946,5,,,time0,TIME0,0.871420121812527,0.9436616451221801,0.0,10
0.0003739451783745172,False,519,time1,0.9500666615925122,8,,,time1,TIME1,0.8652726027311577,0.9234878195854319,0.0,6
0.00025124796957189815,False,519,time0,0.9690506580379302,7,,,time0,TIME0,0.8640339138623894,0.8948978092544102,0.0,8
0.00021122285388320883,False,519,time0,0.9807427523143315,9,,,time0,TIME0,0.8558426947343694,0.848291742197161,0.0,12
0.0008054436469356826,False,519,time0,0.901999186645906,1,,,time0,TIME0,0.8539805025618616,0.9383663507015707,0.0,9
0.0012639623804594595,False,519,time0,0.8952200618161489,2,,,time0,TIME0,0.8457404282093923,0.9204266239253298,0.0,2
0.001659204603297001,False,519,time0,0.8611107035444547,4,,,time0,TIME0,0.8391480977505431,0.9442338849833859,0.0,7
0.0,False,520,time0,1.0,3,,,time0,TIME0,0.8873086024624042,0.9492344098496164,0.0,5
1.9268481978647415e-05,False,520,time0,0.9977156354911731,5,,,time0,TIME0,0.8849043805620666,0.9436616451221801,0.0,10
3.292372886499717e-06,False,520,time0,0.9995407751616531,0,,,time0,TIME0,0.8844875644306076,0.9388506977021859,0.0,1
3.0998496731030844e-06,False,520,time0,0.9995583141699064,1,,,time0,TIME0,0.8839050278774648,0.9383663507015707,0.0,9
0.0,False,520,time1,1.0,6,,,time1,TIME1,0.8838403966088078,0.9353615864352307,0.0,4
9.86601151978355e-05,False,520,time0,0.9903042716479012,4,,,time0,TIME0,0.8819821531580114,0.9442338849833859,0.0,7
1.4248499369617207e-05,False,520,time1,0.998504327734508,8,,,time1,TIME1,0.880157413019365,0.9234878195854319,0.0,6
2.3536036112328336e-06,False,520,time0,0.9996902250644528,2,,,time0,TIME0,0.8791512765652396,0.9204266239253298,0.0,2
4.755903562964737e-06,False,520,time0,0.9995169395672417,7,,,time0,TIME0,0.8734052103088814,0.8948978092544102,0.0,8
1.9228500112306984e-05,False,520,time0,0.9984854175305056,9,,,time0,TIME0,0.8614455183457419,0.848291742197161,0.0,12
0.0,False,521,time0,1.0,4,,,time0,TIME0,0.8859912029854843,0.9442338849833859,0.0,7
0.0,False,521,time1,1.0,6,,,time1,TIME1,0.8838403966088078,0.9353615864352307,0.0,4
0.0001112390486252065,False,521,time0,0.9812071184490444,0,,,time0,TIME0,0.8788959747555487,0.9388506977021859,0.0,1
0.00022344224063927591,False,521,time0,0.9825927052711457,7,,,time0,TIME0,0.8681491515183106,0.8948978092544102,0.0,8
0.0005411709522304563,False,521,time0,0.9429413934708766,5,,,time0,TIME0,0.867949952587439,0.9436616451221801,0.0,10
0.0006913426836664425,False,521,time1,0.9246285180033874,8,,,time1,TIME1,0.8571696232810002,0.9234878195854319,0.0,6
0.0012078344163013888,False,521,time0,0.9016494440381146,2,,,time0,TIME0,0.8486784662907965,0.9204266239253298,0.0,2
0.0010286666476236328,False,521,time0,0.9290332221760116,9,,,time0,TIME0,0.8391403422955324,0.848291742197161,0.0,12
0.002522971049057932,False,521,time0,0.7417902648069162,1,,,time0,TIME0,0.8031127716336501,0.9383663507015707,0.0,9
0.01401936294007898,False,521,time0,0.38227482130951457,3,,,time0,TIME0,0.6796875169051328,0.9492344098496164,0.0,5
0.0,False,522,time0,1.0,4,,,time0,TIME0,0.8862072562957612,0.944829025183045,0.0,7
1.0647838929858918e-05,False,522,time0,0.9988992513168884,0,,,time0,TIME0,0.8843973165183185,0.9392769505413894,0.0,1
5.7391428549553496e-05,False,522,time0,0.9943917887250993,5,,,time0,TIME0,0.8841284321198997,0.9447739208224173,0.0,10
0.0,False,522,time1,1.0,6,,,time1,TIME1,0.8838403966088078,0.9353615864352307,0.0,4
2.0902774652952462e-05,False,522,time0,0.9986398167800128,1,,,time0,TIME0,0.8829454019982572,0.9403596783415049,0.0,9
2.3081583042665898e-06,False,522,time0,0.9997235786947272,2,,,time0,TIME0,0.8796886585796189,0.9223826215587032,0.0,2
3.283553618282426e-05,False,522,time1,0.9964855719184776,8,,,time1,TIME1,0.8788521001978817,0.9216240473050392,0.0,6
0.00013287550534887117,False,522,time0,0.985385529303095,3,,,time0,TIME0,0.8733691795265939,0.9495495086252168,0.0,5
3.432134788349914e-05,False,522,time0,0.9966696309741346,7,,,time0,TIME0,0.8729331618919021,0.8964860572451052,0.0,8
0.0002266599667836273,False,522,time0,0.9810455396138971,9,,,time0,TIME0,0.8562277059729548,0.8507879252395318,0.0,12
0.0,False,523,time0,1.0,4,,,time0,TIME0,0.8862072562957612,0.944829025183045,0.0,7
0.0,False,523,time1,1.0,6,,,time1,TIME1,0.8838403966088078,0.9353615864352307,0.0,4
5.907905363131689e-05,False,523,time0,0.9942278542348952,2,,,time0,TIME0,0.878768511505654,0.9223826215587032,0.0,2
0.00018918944170445942,False,523,time0,0.9780092395611619,0,,,time0,TIME0,0.8779163384999755,0.9392769505413894,0.0,1
9.842748824149846e-05,False,523,time0,0.9902145035749585,7,,,time0,TIME0,0.8710212194617803,0.8964860572451052,0.0,8
0.0004211178386269982,False,523,time0,0.9480209479917677,5,,,time0,TIME0,0.8699663173418626,0.9447739208224173,0.0,10
0.0002758417304845415,False,523,time1,0.9428179461678912,8,,,time1,TIME1,0.862797795393659,0.9216240473050392,0.0,6
0.0005192184455040677,False,523,time0,0.9651390799420226,9,,,time0,TIME0,0.8513672378776935,0.8507879252395318,0.0,12
0.0012494502836049768,False,523,time0,0.878807517543571,1,,,time0,TIME0,0.8467445062889476,0.9403596783415049,0.0,9
0.0014900871207045036,False,523,time0,0.8641286834178507,3,,,time0,TIME0,0.8442111575080765,0.9495495086252168,0.0,5
0.0,False,524,time1,1.0,6,,,time1,TIME1,0.8838403966088078,0.9353615864352307,0.0,4
0.00043968251356127537,False,524,time0,0.9576125828604711,0,,,time0,TIME0,0.8712778320969858,0.9392769505413894,0.0,1
0.00029239808832217203,False,524,time0,0.9511609724073682,5,,,time0,TIME0,0.8711198192430174,0.9447739208224173,0.0,10
0.0003886434376729176,False,524,time0,0.9562087780276488,7,,,time0,TIME0,0.8603896078936828,0.8964860572451052,0.0,8
0.00029325242148897206,False,524,time0,0.9810892006829568,9,,,time0,TIME0,0.8565515282273637,0.8507879252395318,0.0,12
0.0009693479215776333,False,524,time1,0.8963754401774622,8,,,time1,TIME1,0.8478047292573421,0.9216240473050392,0.0,6
0.0006961627664560906,False,524,time0,0.8567337629144055,2,,,time0,TIME0,0.8364749586745193,0.9223826215587032,0.0,2
0.0019964305015765533,False,524,time0,0.8166050555921507,1,,,time0,TIME0,0.8277233265051751,0.9403596783415049,0.0,9
0.0035445913758856504,False,524,time0,0.7539896031125055,3,,,time0,TIME0,0.8087025570050159,0.9495495086252168,0.0,5
0.0062874314576986156,False,524,time0,0.4291810634375347,4,,,time0,TIME0,0.7049588434625012,0.944829025183045,0.0,7
4.48532998042028e-06,False,525,time0,0.9995650831141596,5,,,time0,TIME0,0.886021009796143,0.9454136988371118,0.0,10
1.9913071660253524e-05,False,525,time0,0.9980385030441176,0,,,time0,TIME0,0.88395967966897,0.93951094796398,0.0,1
3.355847250271148e-05,False,525,time0,0.996479894030762,3,,,time0,TIME0,0.8838514293628428,0.9494992187681852,0.0,5
0.0,False,525,time1,1.0,6,,,time1,TIME1,0.8838403966088078,0.9353615864352307,0.0,4
7.286064870074026e-05,False,525,time0,0.9922572473446772,1,,,time0,TIME0,0.8816573482118161,0.9418287333931947,0.0,9
7.513296438507912e-05,False,525,time0,0.9887492148751816,4,,,time0,TIME0,0.8787064955813683,0.9459438825866475,0.0,7
4.9402360743226475e-05,False,525,time1,0.9936617224119151,8,,,time1,TIME1,0.8778613173672147,0.9218898449414602,0.0,6
8.57179950513745e-05,False,525,time0,0.9820032015306442,2,,,time0,TIME0,0.874912393650076,0.9236679690448338,0.0,2
4.865023349134381e-06,False,525,time0,0.9991426633960885,7,,,time0,TIME0,0.8741030167986799,0.8985263427244505,0.0,8
0.00027712617271239445,False,525,time0,0.9753378845868318,9,,,time0,TIME0,0.8547743381547935,0.8509341145231143,0.0,12
0.0,False,526,time0,1.0,4,,,time0,TIME0,0.8864347436254902,0.9459438825866475,0.0,7
0.0,False,526,time1,1.0,6,,,time1,TIME1,0.8838403966088078,0.9353615864352307,0.0,4
4.669732962215513e-05,False,526,time0,0.9951129508909945,0,,,time0,TIME0,0.8833246119733501,0.93951094796398,0.0,1
6.44940432552188e-05,False,526,time0,0.9767989965432513,5,,,time0,TIME0,0.8792876474620757,0.9454136988371118,0.0,10
2.8815182672411443e-05,False,526,time0,0.9958628069083912,7,,,time0,TIME0,0.8733428012565548,0.8985263427244505,0.0,8
0.00018832247617670133,False,526,time0,0.9723056826118852,2,,,time0,TIME0,0.8723578064225097,0.9236679690448338,0.0,2
0.0003926461204635465,False,526,time0,0.9546782987669928,1,,,time0,TIME0,0.8711876993410208,0.9418287333931947,0.0,9
0.00032892121169567437,False,526,time0,0.9734254469580645,9,,,time0,TIME0,0.8540582742641573,0.8509341145231143,0.0,12
0.0011161608147728635,False,526,time1,0.9094938248773329,8,,,time1,TIME1,0.8515536472936875,0.9218898449414602,0.0,6
0.005143136802368648,False,526,time0,0.6642679446074666,3,,,time0,TIME0,0.7784898008729939,0.9494992187681852,0.0,5
