distancia,excluido,frame,grupo_metrica,iou,logical_id,papel,rotulo,score,tracker_id
0.0,False,1,time1,1.0,5,time1,TIME1,0.65,1
0.0,False,1,time0,1.0,4,time0,TIME0,0.65,6
0.0,False,1,time0,1.0,3,time0,TIME0,0.65,8
0.0,False,1,goleiro_time1,1.0,9,goleiro1,GOL-TIME1,0.65,9
0.0,False,1,time1,1.0,8,time1,TIME1,0.65,10
0.0,False,1,time0,0.999999882346574,1,time0,TIME0,0.6499999647039721,5
0.0,False,1,time1,0.9999998152584341,6,time1,TIME1,0.6499999445775302,7
0.0,False,1,time1,0.9999995004658156,7,time1,TIME1,0.6499998501397447,4
0.0,False,1,time0,0.9999994540853162,0,time0,TIME0,0.6499998362255949,2
0.0,False,1,time0,0.999997834804223,2,time0,TIME0,0.6499993504412669,3
9.735369634001264e-06,False,2,time0,0.9990239258453002,0,time0,TIME0,0.649691689665536,2
0.0004286810462085383,False,2,time0,0.9777429169537081,3,time0,TIME0,0.6426408825125989,8
0.00020627711968792704,False,2,time0,0.9662507048143476,2,time0,TIME0,0.6395470432993462,3
0.00033028654669279466,False,2,time1,0.9506708614851105,6,time1,TIME1,0.6346758025757946,7
0.0005189737125351458,False,2,time1,0.9485741264385549,7,time1,TIME1,0.6337465979343515,4
0.0007129474707060589,False,2,time0,0.9441530745495706,4,time0,TIME0,0.6321116877523842,6
0.00027656344922746893,False,2,goleiro_time1,0.9393270226796676,9,goleiro1,GOL-TIME1,0.6313581194983111,9
0.001206916972062172,False,2,time1,0.9102872481825779,5,time1,TIME1,0.6211660792719472,1
0.0013744328336287859,False,2,time0,0.889695082232818,1,time0,TIME0,0.6147219269799814,5
0.001743452710271378,False,2,time1,0.7484961096925078,8,time1,TIME1,0.5717751581414114,10
1.76267189623702e-05,False,3,time0,0.9987432552447858,0,time0,TIME0,0.6495891384256096,2
0.0001907537237035754,False,3,time0,0.9816072410189158,2,time0,TIME0,0.6442130579692272,3
0.0001691246231740429,False,3,goleiro_time1,0.9737284030124184,9,goleiro1,GOL-TIME1,0.6418873938500058,9
0.00027927651508816566,False,3,time0,0.9720751749799894,3,time0,TIME0,0.6409465513676527,8
0.00041109007771549585,False,3,time0,0.9661563316846109,4,time0,TIME0,0.6392645602503058,6
0.0006041987728226505,False,3,time1,0.9472934604440796,7,time1,TIME1,0.6334881263089475,4
0.0004975926045295213,False,3,time1,0.9319416464524888,6,time1,TIME1,0.6289475895311768,7
0.001461810925107848,False,3,time1,0.8946984816179239,5,time1,TIME1,0.6167285682731609,1
0.0015018292299754186,False,3,time0,0.8612828478548493,1,time0,TIME0,0.6066658061960977,5
0.0013994404438768314,False,3,time1,0.7852590484627147,8,time1,TIME1,0.5839432559811786,10
2.4794215617358722e-05,False,4,time0,0.9983628552007102,0,time0,TIME0,0.6494728155781468,2
0.0002853208461447161,False,4,time0,0.9806130249040532,4,time0,TIME0,0.6437047491467383,6
0.0001274055408569245,False,4,goleiro_time1,0.9773467481834271,9,goleiro1,GOL-TIME1,0.6429883384967002,9
0.00017990428859060125,False,4,time0,0.9750576520687254,2,time0,TIME0,0.6421076493182195,3
0.000559756199142117,False,4,time0,0.9510058249555344,3,time0,TIME0,0.6344696573985609,8
0.0015541849377825043,False,4,time0,0.9262783135090507,7,time0,TIME0,0.625789967530576,4
0.0007283856363032238,False,4,time1,0.9031531919248184,6,time1,TIME1,0.6201263527783069,7
0.0016605423145168456,False,4,time1,0.8913751579507988,5,time1,TIME1,0.6155779939364813,1
0.0022308822506497384,False,4,time0,0.7970279754328153,1,time0,TIME0,0.5865810711783093,5
1.8029787668440654e-05,False,5,time0,0.9987268599129969,0,time0,TIME0,0.6495782429277087,2
9.10820303478177e-05,False,5,goleiro_time1,0.9810298872315731,9,goleiro1,GOL-TIME1,0.6441230927156009,9
0.0004210704038579389,False,5,time0,0.9620858674897234,2,time0,TIME0,0.6380779032729,3
0.0005913204613187396,False,5,time0,0.9485407152185338,3,time0,TIME0,0.6339068879190537,8
0.0005018609220268821,False,5,time0,0.9483265743608524,4,time0,TIME0,0.6336550244660871,6
0.0012391301012936267,False,5,time0,0.9176324816089848,7,time0,TIME0,0.6238341552905295,4
0.0019440158427516633,False,5,time1,0.8833496093444569,5,time1,TIME1,0.6129793666596174,1
0.0009888950035551705,False,5,time1,0.8784990006185025,6,time1,TIME1,0.6124100202887185,7
0.0023982753398729046,False,5,time0,0.7701221408217391,1,time0,TIME0,0.5785389257290909,5
1.1764720848244681e-05,False,6,time0,0.998602819495905,0,time0,TIME0,0.6495584795177877,2
0.00036717471485856005,False,6,time0,0.9702631261286725,2,time0,TIME0,0.6406525738471127,3
0.00018819674867250763,False,6,goleiro_time1,0.963575140885631,9,goleiro1,GOL-TIME1,0.6387871076821756,9
0.0004402793292010756,False,6,time0,0.954710408840313,3,time0,TIME0,0.6357972531665916,8
0.0009095176102790202,False,6,time0,0.9427612356540007,7,time0,TIME0,0.6317418058070765,4
0.0007242739296423185,False,6,time0,0.9413022476305414,4,time0,TIME0,0.6315435356012896,6
0.0002923654674061238,False,6,time1,0.9362357856105047,6,time1,TIME1,0.6301145005935278,7
0.0018589814854554887,False,6,time1,0.8898730630745024,5,time1,TIME1,0.6151829227319877,1
0.001086805338666083,False,6,time0,0.8817470927923563,1,time0,TIME0,0.612601203541022,5
0.00023092026856600268,False,7,time0,0.9867374649400237,0,time0,TIME0,0.6456606874737802,2
5.660247038732991e-05,False,7,goleiro_time1,0.985723569409855,9,goleiro1,GOL-TIME1,0.6455699597156468,9
0.0004353659495768821,False,7,time0,0.9612878060456745,2,time0,TIME0,0.6377848433337124,3
5.2202080668336376e-05,False,7,time1,0.952566774439731,6,time1,TIME1,0.6355066286764275,7
0.0012121702078552725,False,7,time0,0.9464311302507716,4,time0,TIME0,0.6321464160435171,6
0.00108797756088414,False,7,time0,0.9130332155876995,3,time0,TIME0,0.622455648532342,8
0.001730484906860921,False,7,time1,0.9015651300886176,5,time1,TIME1,0.6186566479956896,1
0.0010274975708127218,False,7,time0,0.882744462675333,1,time0,TIME0,0.6137534976212714,5
0.001315187466594615,False,7,time0,0.8732577009221212,7,time0,TIME0,0.610226172667962,4
0.011651904675988362,False,7,time1,0.22538351200067142,8,time1,TIME1,0.39972149334231044,10
1.16517834509823e-05,False,8,time0,0.9981793210645264,0,time0,TIME0,0.6492871777007454,2
0.0001686863842501646,False,8,time0,0.9855637898563586,3,time0,TIME0,0.6448011760138644,8
0.00015041676879914805,False,8,goleiro_time1,0.974906032164562,9,goleiro1,GOL-TIME1,0.6422252986174151,9
0.0001798106619956292,False,8,time1,0.9710836802894279,6,time1,TIME1,0.6410048671989843,7
0.000577204837961795,False,8,time0,0.9657663547434915,4,time0,TIME0,0.6387533787084116,6
0.000809037173135442,False,8,time0,0.9326517155376236,2,time0,TIME0,0.6287235269990081,3
0.0008323666579386292,False,8,time0,0.9116981847157094,7,time0,TIME0,0.6223386817673353,4
0.0018080609964897792,False,8,time1,0.8894964267830939,5,time1,TIME1,0.6151516702922295,1
0.0023391686751474054,False,8,time0,0.7741209884346126,1,time0,TIME0,0.5791615948161893,5
0.0012987266378159561,False,8,time1,0.7075367807654213,8,time1,TIME1,0.5538555071840117,10
4.190572671858263e-05,False,9,time0,0.9975582489394064,0,time0,TIME0,0.6491953956866864,2
0.00015826078006704434,False,9,goleiro_time1,0.976370402980721,9,goleiro1,GOL-TIME1,0.6427425157846695,9
0.000390602214607012,False,9,time0,0.9715836967606815,4,time0,TIME0,0.6409885742627655,6
0.0003405661431054844,False,9,time0,0.967951895066696,3,time0,TIME0,0.6398420292168643,8
0.0004270469057313532,False,9,time1,0.9604971511473209,6,time1,TIME1,0.6374601075314088,7
0.001119304598483093,False,9,time0,0.9101113098297086,2,time0,TIME0,0.6217642252413156,3
0.0009519447896968281,False,9,time0,0.899180912423413,7,time0,TIME0,0.6187923644650513,4
0.0020935746763855053,False,9,time1,0.8827070288146855,5,time1,TIME1,0.612710051485222,1
0.0011829161964951429,False,9,time1,0.829906421831258,8,time1,TIME1,0.5975411916772876,10
0.0025910711430675746,False,9,time0,0.7517293737441086,1,time0,TIME0,0.5728686964902691,5
2.2611720014605864e-05,False,10,time0,0.9976562735256833,0,time0,TIME0,0.6492392200399713,2
0.0002011672535818442,False,10,time0,0.975738957787871,4,time0,TIME0,0.6424063927156158,6
0.00018287451685168458,False,10,time0,0.9744445059577297,3,time0,TIME0,0.6419141518756883,8
0.00017536078601723006,False,10,goleiro_time1,0.9734357949289643,9,goleiro1,GOL-TIME1,0.6418544169052585,9
0.00025384118020061364,False,10,time1,0.9594483249074489,6,time1,TIME1,0.6373168283761168,7
0.0005567311799178422,False,10,time1,0.9404621363224789,8,time1,TIME1,0.631111222708259,10
0.0009294468084924445,False,10,time0,0.9220897350141029,2,time0,TIME0,0.6256477963413185,3
0.0010479743742638208,False,10,time0,0.8921108115649214,7,time0,TIME0,0.6164332166132327,4
0.002569200213997493,False,10,time1,0.8593974767257329,5,time1,TIME1,0.6051593077418763,1
0.0015778900450777928,False,10,time0,0.8375095090296566,1,time0,TIME0,0.599123923038176,5
1.9514223253489077e-05,False,11,time0,0.9980962644385446,0,time0,TIME0,0.6493848405191147,2
6.240033723271876e-05,False,11,time0,0.9943961617108137,4,time0,TIME0,0.6481078697581751,6
0.00016139360558463562,False,11,time0,0.9861217130888322,3,time0,TIME0,0.6456271889316503,8
9.20927587384867e-05,False,11,goleiro_time1,0.9798109815160799,9,goleiro1,GOL-TIME1,0.6438006276691626,9
0.00028851323146859137,False,11,time1,0.9626754266321181,6,time1,TIME1,0.6385154890851888,7
0.0007936579585560812,False,11,time1,0.9155446655160087,8,time1,TIME1,0.6237563285717189,10
0.0011866629851947183,False,11,time0,0.9062268610341454,2,time0,TIME0,0.6205899361081529,3
0.00112921800862512,False,11,time0,0.8995872631659598,7,time0,TIME0,0.6186083972102748,4
0.003346194515746361,False,11,time1,0.8098959060885089,5,time1,TIME1,0.5893959394425833,1
0.0013348516388897874,False,11,time0,0.7452621023408639,1,time0,TIME0,0.570428744902166,5
4.157933365324688e-05,False,12,time0,0.9968089028051095,0,time0,TIME0,0.648989516185826,2
7.874584498526217e-05,False,12,goleiro_time1,0.9820484863317608,9,goleiro1,GOL-TIME1,0.6444933841835442,9
0.0002637004335341156,False,12,time0,0.9747983429054388,4,time0,TIME0,0.6419792631795508,6
0.00037319144750402145,False,12,time0,0.9744900658543991,3,time0,TIME0,0.6418626575932384,8
0.0005023572368351247,False,12,time0,0.9430477938147035,1,time0,TIME0,0.631384689729894,5
0.0012736242594945388,False,12,time0,0.891036165839737,2,time0,TIME0,0.6160776301133635,3
0.0009583473166752427,False,12,time1,0.8813819088195405,6,time1,TIME1,0.6130830921685678,7
0.0014951541686874998,False,12,time1,0.8454545750140686,8,time1,TIME1,0.6017205029591297,10
0.0015590497665254252,False,12,time0,0.8352058935051642,7,time0,TIME0,0.5986199188962216,4
0.0032970113061728066,False,12,time1,0.795927303627193,5,time1,TIME1,0.5855689653950891,1
0.00010129665127337087,False,13,time0,0.9952131708828417,0,time0,TIME0,0.6483957383179927,2
0.00039322632125108264,False,13,time0,0.9708144868819485,4,time0,TIME0,0.6405522769924908,6
0.0007657449560200623,False,13,time0,0.9567817711951194,3,time0,TIME0,0.6360456955319881,8
0.0006040385092553155,False,13,goleiro_time1,0.9395221962415332,9,goleiro1,GOL-TIME1,0.6308718092037853,9
0.0009496641665863573,False,13,time1,0.8877304674699855,6,time1,TIME1,0.6152307464613437,7
0.0015417497228272174,False,13,time0,0.8757640632793303,1,time0,TIME0,0.6104770229746753,5
0.0012760514991639203,False,13,time0,0.8690999353187303,7,time0,TIME0,0.609326204583872,4
0.0017595701823473705,False,13,time0,0.8570809208831346,2,time0,TIME0,0.6051877803435257,3
0.00217063674560783,False,13,time1,0.851209177090061,5,time1,TIME1,0.6026034843945874,1
0.0020336652225845043,False,13,time1,0.7964038681418101,8,time1,TIME1,0.5866930436204814,10
0.00016794490524782695,False,14,time0,0.9873331485999569,0,time0,TIME0,0.6459142565190881,2
0.0006389389323018177,False,14,time0,0.9597419202136739,3,time0,TIME0,0.637211994550088,8
0.00010594298202592603,False,14,goleiro_time1,0.9552708812258677,9,goleiro1,GOL-TIME1,0.6361445968445555,9
0.0008867816942437404,False,14,time0,0.9090376072378458,7,time0,TIME0,0.6216386883955746,4
0.0010877314074087651,False,14,time0,0.9040422045088644,2,time0,TIME0,0.619750350547641,3
0.0008250105652711901,False,14,time1,0.8977156821659948,6,time1,TIME1,0.6184740699271314,7
0.001877132513983857,False,14,time1,0.8629240418131112,5,time1,TIME1,0.6067693529502611,1
0.0016283609437510926,False,14,time0,0.8586039836362184,1,time0,TIME0,0.6059267715975184,5
0.001939960093898536,False,14,time1,0.7900915902438354,8,time1,TIME1,0.5851336943510504,10
0.00481942895082064,False,14,time0,0.6383220852148626,4,time0,TIME0,0.5340436327725986,6
2.5946943920965562e-05,False,15,time0,0.9972002159209522,0,time0,TIME0,0.6490324988418597,2
4.789830441279444e-06,False,15,goleiro_time1,0.984890880818148,9,goleiro1,GOL-TIME1,0.6453931548787541,9
0.00024843475800625706,False,15,time1,0.9668823734365293,6,time1,TIME1,0.6394457293072472,7
0.00037677886045279515,False,15,time0,0.9655085536295521,3,time0,TIME0,0.6388347030301089,8
0.0008437400950525882,False,15,time0,0.9206901061901794,2,time0,TIME0,0.6252674343123769,3
0.0017593980981370507,False,15,time1,0.8795960672537141,5,time1,TIME1,0.6119782344618228,1
0.0018743702377210347,False,15,time0,0.8473571591780303,7,time0,TIME0,0.6017673971348632,4
0.0019422536030318314,False,15,time0,0.8413353169343076,1,time0,TIME0,0.600413759217755,5
0.0018090153738967768,False,15,time0,0.8286836555121778,4,time0,TIME0,0.5937368682882753,6
0.001972437538795016,False,15,time1,0.7630042560713624,8,time1,TIME1,0.5769927487695918,10
1.38199202066974e-05,False,16,time0,0.9984517015000416,0,time0,TIME0,0.6495143985571292,2
1.7319699322098095e-05,False,16,goleiro_time1,0.9899496969614615,9,goleiro1,GOL-TIME1,0.6469578116072903,9
0.0002325901500001955,False,16,time0,0.9802890328448316,3,time0,TIME0,0.6435371013903638,8
0.00015406265080817927,False,16,time1,0.9718944350078992,6,time1,TIME1,0.6413361428883857,7
2.0964573025209488e-05,False,16,time0,0.9739711600998854,4,time0,TIME0,0.6409246052865758,6
0.0003996093669981402,False,16,time0,0.9566629305830266,2,time0,TIME0,0.6363142091542717,3
0.0013302311372568015,False,16,time0,0.8779107572073883,7,time0,TIME0,0.6117765886088377,4
0.0020091543837360616,False,16,time1,0.8635898178737457,5,time1,TIME1,0.6070740815286411,1
0.0012106067375741297,False,16,time1,0.8368782340453337,8,time1,TIME1,0.5994375975105853,10
0.002066041202734334,False,16,time0,0.8342818635407293,1,time0,TIME0,0.597918381707538,5
3.607057157879959e-05,False,17,time0,0.9975513470397774,0,time0,TIME0,0.6492159463797591,2
6.757940863756415e-05,False,17,goleiro_time1,0.9884583686630041,9,goleiro1,GOL-TIME1,0.646437108526844,9
0.0002852184682153454,False,17,time1,0.9592864726976156,6,time1,TIME1,0.6373988882411752,7
0.00039631911892612016,False,17,time0,0.9571018655297704,3,time0,TIME0,0.6366567171301808,8
0.0004039941406584695,False,17,time0,0.9505080862720736,2,time0,TIME0,0.6346605183013037,3
0.0012541550009776828,False,17,time0,0.8663327012122356,7,time0,TIME0,0.6084565293871875,4
0.002148679977362082,False,17,time1,0.8517601774146079,5,time1,TIME1,0.6032402870649277,1
0.003154431014884116,False,17,time0,0.836184090777848,4,time0,TIME0,0.5958458239095492,6
0.0020623836015470644,False,17,time0,0.82595386449767,1,time0,TIME0,0.5957397287212625,5
0.0013682882300363579,False,17,time1,0.8159987955673459,8,time1,TIME1,0.593434416474786,10
5.481273847731577e-06,False,18,time0,0.9983737785831591,0,time0,TIME0,0.6494788671788071,2
4.469512260572081e-05,False,18,goleiro_time1,0.9948433430195704,9,goleiro1,GOL-TIME1,0.6483491454648381,9
0.0002016054544564425,False,18,time0,0.971933630336623,3,time0,TIME0,0.6412619012418159,8
0.0002423656949177105,False,18,time1,0.9687160104651602,6,time1,TIME1,0.6402496654897467,7
0.0006424710723298533,False,18,time0,0.9416512402848727,2,time0,TIME0,0.6315949804266501,3
0.0013361485612814782,False,18,time0,0.9171069762864499,4,time0,TIME0,0.6226739267617745,6
0.0008538802281710064,False,18,time1,0.8750957512139949,8,time1,TIME1,0.6113625080719799,10
0.001967941230011931,False,18,time1,0.8621705787317787,5,time1,TIME1,0.6067349480138925,1
0.001606408741418944,False,18,time0,0.8565222976350798,7,time0,TIME0,0.6050857785671325,4
0.0021006859346192758,False,18,time0,0.7940485655636468,1,time0,TIME0,0.5862773544130697,5
4.610337401990112e-05,False,19,time0,0.9962690271849132,0,time0,TIME0,0.6488048561822042,2
0.00010395891500372888,False,19,time1,0.9884419942604988,6,time1,TIME1,0.6463267289245244,7
0.00013043511331170521,False,19,time0,0.981314090207136,3,time0,TIME0,0.6441354470312056,8
0.00047921815062902776,False,19,time0,0.9559968038901857,2,time0,TIME0,0.6362519418752692,3
0.000301135116191529,False,19,goleiro_time1,0.9539158360413098,9,goleiro1,GOL-TIME1,0.635689310275066,9
0.0007365517727755498,False,19,time0,0.9429893260541548,4,time0,TIME0,0.631808840456071,6
0.0012847282569737667,False,19,time0,0.8782220868849253,7,time0,TIME0,0.6120584892084553,4
0.0010896571068354515,False,19,time1,0.8467669935814577,8,time1,TIME1,0.6028387809808713,10
0.0016732643703109144,False,19,time0,0.8415551270904834,1,time0,TIME0,0.6002997840130844,5
0.0021160170549087243,False,19,time1,0.836212190621426,5,time1,TIME1,0.5979343763382851,1
4.467045715996466e-05,False,20,time0,0.994900804023266,0,time0,TIME0,0.6483842549506683,2
3.483945224608498e-05,False,20,time1,0.994516543456262,6,time1,TIME1,0.648273958065473,7
7.258664949395635e-05,False,20,goleiro_time1,0.9885131703255248,9,goleiro1,GOL-TIME1,0.6463317483526692,9
0.0001748405762611512,False,20,time0,0.9802369365433843,3,time0,TIME0,0.6438641942192046,8
0.0003782619960207771,False,20,time0,0.9654480019437398,2,time0,TIME0,0.6390854155344288,3
0.0005357567933491676,False,20,time0,0.9440249404609564,4,time0,TIME0,0.6324811289527009,6
0.0014278219598805105,False,20,time0,0.8723677458584437,1,time0,TIME0,0.6099977521496052,5
0.0012120544365793438,False,20,time0,0.8659076799991049,7,time0,TIME0,0.6074615293484238,4
0.0013140148385175712,False,20,time1,0.8414769010874553,8,time1,TIME1,0.6010258139792065,10
0.0023386091985343727,False,20,time1,0.8359773508779507,5,time1,TIME1,0.5984069313858997,1
7.265541088445229e-05,False,21,time0,0.9941274831431718,0,time0,TIME0,0.6481277049861425,2
3.23084014577865e-05,False,21,goleiro_time1,0.9884091783638405,9,goleiro1,GOL-TIME1,0.6464241390917161,9
0.00013648253904302847,False,21,time1,0.9819567280220555,6,time1,TIME1,0.6443768280960446,7
0.00043799332845903224,False,21,time0,0.9637640264531651,3,time0,TIME0,0.6385088091679275,8
0.0005500013276667321,False,21,time0,0.9542453494054589,2,time0,TIME0,0.6356384953083885,3
0.0005772100633962474,False,21,time0,0.9382999169418288,4,time0,TIME0,0.6307304525178384,6
0.0008532625107933961,False,21,time0,0.9109000723143819,7,time0,TIME0,0.6217003788053093,4
0.0007645321986357182,False,21,time1,0.9089536352893712,8,time1,TIME1,0.6216037343112527,10
0.0010686801836481106,False,21,time0,0.9000591342240275,1,time0,TIME0,0.6187672044445631,5
0.002519430944047284,False,21,time1,0.8097277786053673,5,time1,TIME1,0.59033660529166,1
2.3261111832424556e-05,False,22,goleiro_time1,0.9952196905958823,9,goleiro1,GOL-TIME1,0.6485078171628402,9
0.00013976479676624975,False,22,time0,0.9906910684337228,0,time0,TIME0,0.6469451025132499,2
0.0001279628232948109,False,22,time1,0.9820409981902166,6,time1,TIME1,0.6444900475910156,7
0.0003977694813809339,False,22,time0,0.9626678449508222,2,time0,TIME0,0.6383002690685371,3
0.0005387934302869339,False,22,time0,0.9590236920270617,3,time0,TIME0,0.6370460176544666,8
0.0005042531563586689,False,22,time0,0.9461226693181094,4,time0,TIME0,0.6333224478972842,6
0.0012703842872044844,False,22,time1,0.8698818420046622,8,time1,TIME1,0.6094157367121935,10
0.0014407742391847299,False,22,time0,0.8682466050322724,1,time0,TIME0,0.608902113994576,5
0.001368180373010668,False,22,time0,0.8594016182058468,7,time0,TIME0,0.6061434415619146,4
0.0019436879086904878,False,22,time1,0.8328867392047344,5,time1,TIME1,0.5977055196283263,1
1.840040985099617e-05,False,23,goleiro_time1,0.99698880243153,9,goleiro1,GOL-TIME1,0.6490518206045914,9
6.442724774418923e-05,False,23,time1,0.9919205450835191,6,time1,TIME1,0.6474560182710852,7
0.00025399266706736335,False,23,time0,0.981461206952328,0,time0,TIME0,0.6440476503848647,2
0.0004288000643563597,False,23,time0,0.9567430761584576,4,time0,TIME0,0.63656696987814,6
0.000608129517107904,False,23,time0,0.953700952639037,3,time0,TIME0,0.6355087476943496,8
0.0008562752020509528,False,23,time1,0.9127063494252136,8,time1,TIME1,0.6227294990994715,10
0.0012357866349619884,False,23,time0,0.8956630301536818,2,time0,TIME0,0.617001686759858,3
0.001285700187781935,False,23,time1,0.8847962408564692,5,time1,TIME1,0.6136639407039733,1
0.0016596497291405583,False,23,time0,0.8481319663510918,1,time0,TIME0,0.6027682269013522,5
0.0014645658959089116,False,23,time0,0.8200454785791962,7,time0,TIME0,0.5942663456908799,4
4.90712051763448e-05,False,24,goleiro_time1,0.9909794526491303,9,goleiro1,GOL-TIME1,0.6472219762531497,9
0.00014519322412753625,False,24,time0,0.9903730146896796,0,time0,TIME0,0.646826214184114,2
0.00014939278657594778,False,24,time1,0.977695056618962,6,time1,TIME1,0.6430757557961038,7
0.0004191448819945593,False,24,time1,0.9487036260474851,8,time1,TIME1,0.6333727650494929,10
0.0006596396177164016,False,24,time0,0.9307928594771708,4,time0,TIME0,0.6284017032906075,6
0.0009954583521570267,False,24,time0,0.9158320281762998,2,time0,TIME0,0.6236462932387703,3
0.001189105546040844,False,24,time0,0.9161437193244655,3,time0,TIME0,0.6233557949469193,8
0.0015653330724265252,False,24,time1,0.86721368367072,5,time1,TIME1,0.6084000225625135,1
0.0016358337208771802,False,24,time0,0.848157539707355,1,time0,TIME0,0.6027871250831014,5
0.0023008955639222295,False,24,time0,0.7967856628890169,7,time0,TIME0,0.5860253491618392,4
0.00044540471941339604,False,25,time0,0.9832736873097567,0,time0,TIME0,0.6443724192830458,2
0.00018838308867973188,False,25,goleiro_time1,0.9710208935035354,9,goleiro1,GOL-TIME1,0.6410047874866089,9
0.00031373810310540294,False,25,time1,0.957874396059492,6,time1,TIME1,0.6369596877476776,7
0.0005507571385645342,False,25,time0,0.9424688401834022,4,time0,TIME0,0.6321578869016691,6
0.001271105904482665,False,25,time0,0.905898664174571,3,time0,TIME0,0.6204027929299488,8
0.0012821001171060167,False,25,time1,0.8949501091373592,5,time1,TIME1,0.6168765462761934,1
0.0014602800250103803,False,25,time0,0.878282059102554,2,time0,TIME0,0.6117977315544902,3
0.001679678768664687,False,25,time0,0.8389122299509405,1,time0,TIME0,0.6001073265960356,5
0.0027326120294915743,False,25,time0,0.742213999865621,7,time0,TIME0,0.5691600605582194,4
9.044857959292986e-05,False,26,goleiro_time1,0.9900485723204446,9,goleiro1,GOL-TIME1,0.6468504531314055,9
0.0003516679083602858,False,26,time0,0.9823550845408733,0,time0,TIME0,0.6442929630712046,2
0.00019121872395438285,False,26,time1,0.973197586653807,6,time1,TIME1,0.6416334882948511,7
0.0004736783783913853,False,26,time0,0.9324805478007837,4,time0,TIME0,0.6289458519815966,6
0.000744838905958257,False,26,time0,0.9311329306156925,2,time0,TIME0,0.6279773403023432,3
0.001132685059018179,False,26,time0,0.9122875495424434,3,time0,TIME0,0.6225612461490584,8
0.001561966573597397,False,26,time1,0.8781925636989208,5,time1,TIME1,0.6118432403325231,1
0.0031632663620929776,False,26,time0,0.8239198334366351,7,time0,TIME0,0.5926912150087134,4
0.0020513545865156117,False,26,time0,0.7990253825875863,1,time0,TIME0,0.5875084968785892,5
2.8479236067023852e-05,False,27,goleiro_time1,0.9950599461021795,9,goleiro1,GOL-TIME1,0.6484352479095845,9
0.0003699925430701738,False,27,time0,0.9808852356373569,0,time0,TIME0,0.6439138102487274,2
0.0003308416349555348,False,27,time0,0.9649074646408259,4,time0,TIME0,0.6390246537203894,6
0.0005672337451112971,False,27,time0,0.948975777899367,2,time0,TIME0,0.6338386417813477,3
0.0007623507065827252,False,27,time0,0.9411344418091011,3,time0,TIME0,0.6313825500537805,8
0.00046500304108799197,False,27,time1,0.9253291651205263,6,time1,TIME1,0.6269281158833815,7
0.001309109626805483,False,27,time1,0.902969240602205,5,time1,TIME1,0.6194802453100017,1
0.0025091474919742215,False,27,time0,0.8777721714954739,7,time0,TIME0,0.6105684821115679,4
0.0019293075130771577,False,27,time0,0.8020106180870756,1,time0,TIME0,0.5887613442258158,5
3.617701443958298e-05,False,28,goleiro_time1,0.9915348509770177,9,goleiro1,GOL-TIME1,0.6474136443499184,9
0.0003412882677073984,False,28,time0,0.9806809709905919,0,time0,TIME0,0.6438483095839822,2
0.0002437702967717847,False,28,time0,0.9727567836263146,4,time0,TIME0,0.641336671331169,6
0.0005900828958038393,False,28,time0,0.9479911015101478,2,time0,TIME0,0.6336814348295776,3
0.0012991741988134331,False,28,time0,0.9379322726557852,7,time0,TIME0,0.6293731219311398,4
0.0009739787726147775,False,28,time1,0.9242207705058008,5,time1,TIME1,0.6261424066493084,1
0.00011904220764948253,False,28,time1,0.906951754828174,6,time1,TIME1,0.621723798106379,7
0.0012356059262482032,False,28,time0,0.9047546865073338,3,time0,TIME0,0.6199804302334672,8
0.001032020057500443,False,28,time0,0.8838102464642305,1,time0,TIME0,0.6135708196474673,5
2.0688867942372496e-05,False,29,goleiro_time1,0.9968440733617285,9,goleiro1,GOL-TIME1,0.6490237357622249,9
0.0001644803914734341,False,29,time0,0.9934082515908939,0,time0,TIME0,0.6477395374655535,2
0.0001971554389640167,False,29,time0,0.9750984197370376,4,time0,TIME0,0.6422043939126854,6
0.0011246471232532463,False,29,time0,0.9522673830766597,7,time0,TIME0,0.6345208772778572,4
0.0006794527909920308,False,29,time0,0.9441410902649762,2,time0,TIME0,0.6325160617877437,3
0.000461201765819465,False,29,time1,0.9421383822257191,6,time1,TIME1,0.6319873556267814,7
0.0006865855597520913,False,29,time0,0.895014330648295,1,time0,TIME0,0.6176173879113152,5
0.0015030090620494745,False,29,time1,0.8862376713734563,5,time1,TIME1,0.6141295435389154,1
0.0030166086084953765,False,29,time0,0.7841870240384531,3,time0,TIME0,0.581299371255577,8
6.136175676909412e-05,False,30,goleiro_time1,0.9920655219589543,9,goleiro1,GOL-TIME1,0.6475358753015631,9
0.0005258763085174289,False,30,time0,0.973108589534436,0,time0,TIME0,0.6412029946053031,2
0.0003802302345424967,False,30,time0,0.9580761410738347,4,time0,TIME0,0.6369004361425586,6
0.0005088232807449426,False,30,time0,0.9566046084543631,2,time0,TIME0,0.6364009422573804,3
0.00038279777459030947,False,30,time1,0.9491376566436627,6,time1,TIME1,0.6341502062998519,7
0.0005456045050677381,False,30,time0,0.9425676984494358,3,time0,TIME0,0.6305892864334486,8
0.0008308869975382201,False,30,time0,0.9389114387419147,7,time0,TIME0,0.6305782898434709,4
0.001433066774099639,False,30,time0,0.8591893037257757,1,time0,TIME0,0.6059423864000033,5
0.0022241589936071605,False,30,time1,0.8526874133879011,5,time1,TIME1,0.603288200517496,1
0.0003662450187511851,False,31,time0,0.9746035357834354,0,time0,TIME0,0.6419227842330238,2
0.00014594288372507265,False,31,goleiro_time1,0.9701073318377408,9,goleiro1,GOL-TIME1,0.6408256392458324,9
0.0003977577875688824,False,31,time0,0.9617054333224605,7,time0,TIME0,0.6377488232430155,4
0.0004454004578940367,False,31,time1,0.9433473155758295,6,time1,TIME1,0.6324641609391284,7
0.0006815827389537252,False,31,time0,0.9396116988938992,2,time0,TIME0,0.6310726227200633,3
0.0006010051699218154,False,31,time0,0.9198426309713278,4,time0,TIME0,0.6252165343975534,6
0.0008482473112959385,False,31,time0,0.8996418187545172,3,time0,TIME0,0.6181731366896432,8
0.0013207696510963575,False,31,time0,0.8743344513073334,1,time0,TIME0,0.6107825995961547,5
0.002286850407831834,False,31,time1,0.8449219223655335,5,time1,TIME1,0.6013050643947752,1
3.0241634325522248e-05,False,32,goleiro_time1,0.9929443614476328,9,goleiro1,GOL-TIME1,0.6477752965682081,9
0.0001325780868102509,False,32,time0,0.9877195337788784,3,time0,TIME0,0.645545266041346,8
0.0001736546943515762,False,32,time1,0.9780523547894698,6,time1,TIME1,0.6430575968637822,7
0.00031387330488031516,False,32,time0,0.9739732171021129,0,time0,TIME0,0.6417985588633841,2
0.0001857345670809984,False,32,time0,0.9591808373310865,4,time0,TIME0,0.6372845577658427,6
0.0008943961161561525,False,32,time0,0.9294572740336701,2,time0,TIME0,0.6278498642385127,3
0.0007995104451429015,False,32,time0,0.9271892306526596,7,time0,TIME0,0.6271139164091244,4
0.001388821042027608,False,32,time0,0.8658900492755508,1,time0,TIME0,0.6082912686269899,5
0.0023705707966588797,False,32,time1,0.8270502650290921,5,time1,TIME1,0.5958380178281593,1
2.070396557959681e-05,False,33,goleiro_time1,0.9928568323151545,9,goleiro1,GOL-TIME1,0.6478248269998844,9
0.0001397197971511101,False,33,time1,0.9772448009958553,6,time1,TIME1,0.6430224613553046,7
0.0003039310026516795,False,33,time0,0.9694971437654096,3,time0,TIME0,0.6404096076246434,8
0.0006537413705288418,False,33,time0,0.9703457920326446,0,time0,TIME0,0.6402411858158097,2
0.0002633204226917215,False,33,time0,0.9687202371337376,4,time0,TIME0,0.640086731753325,6
0.0014194568003076287,False,33,time0,0.880828235493936,1,time0,TIME0,0.612920932845927,5
0.001493714789791511,False,33,time0,0.8811517577554241,2,time0,TIME0,0.6125789686676135,3
0.002541675669244027,False,33,time1,0.8011603567186241,5,time1,TIME1,0.5878042771114108,1
0.0035583487779545443,False,33,time0,0.6718891261761595,7,time0,TIME0,0.5464056897462509,4
9.640320947189426e-06,False,34,goleiro_time1,0.997162689488807,9,goleiro1,GOL-TIME1,0.6491273297720108,9
0.00021425795616668202,False,34,time1,0.9779396809203269,6,time1,TIME1,0.6430517754949797,7
0.00025876054624485954,False,34,time0,0.9688094592460003,4,time0,TIME0,0.6400814892514926,6
0.0005219253220152186,False,34,time0,0.9639006511680641,0,time0,TIME0,0.6385849522751808,2
0.00030888014859906744,False,34,time0,0.9554082289830926,3,time0,TIME0,0.6363338562438363,8
0.0007975080383677473,False,34,time0,0.9150055494400716,1,time0,TIME0,0.6232950932113667,5
0.0009713131922555133,False,34,time0,0.9150116615820689,2,time0,TIME0,0.6232596666122682,3
0.0018214005667319647,False,34,time1,0.8432789898904257,5,time1,TIME1,0.6007446486676342,1
0.001645523096858602,False,34,time0,0.816805370407788,7,time0,TIME0,0.5922410635100859,4
1.2146099086638519e-05,False,35,goleiro_time1,0.9964781525373672,9,goleiro1,GOL-TIME1,0.6489175971745338,9
0.00010899421720411669,False,35,time0,0.9819278163097712,4,time0,TIME0,0.6443759245566465,6
0.0002581149260619203,False,35,time0,0.9711267855828193,0,time0,TIME0,0.6409078854456249,2
0.00018009117397083877,False,35,time1,0.9700502735237199,6,time1,TIME1,0.6407821470298831,7
0.00025040261603517675,False,35,time0,0.96037378126713,3,time0,TIME0,0.6377293769735287,8
0.0008957945032944944,False,35,time0,0.9116175210752818,2,time0,TIME0,0.6225374733775461,3
0.0010021395013297444,False,35,time0,0.8856650229559355,7,time0,TIME0,0.6140738240035526,4
0.001260761066237879,False,35,time1,0.8816916526209985,5,time1,TIME1,0.6128936445342272,1
0.0020956372517554234,False,35,time0,0.82656617428774,1,time0,TIME0,0.5951567637005658,5
0.0056673755206075056,False,35,time1,0.4729843130786504,8,time1,TIME1,0.4826417941671852,10
1.510593830889678e-05,False,36,goleiro_time1,0.9974531398468046,9,goleiro1,GOL-TIME1,0.6492196748038266,9
5.517576824312581e-05,False,36,time1,0.9904348609286923,6,time1,TIME1,0.6469927214387081,7
0.00037833185449884617,False,36,time0,0.9721210178527787,0,time0,TIME0,0.6411763831215789,2
0.00040505845511846345,False,36,time0,0.9571392805219823,3,time0,TIME0,0.6364848200535587,8
0.0005211543928701656,False,36,time0,0.9465972646951119,4,time0,TIME0,0.6332243401279214,6
0.0006589303791373123,False,36,time0,0.9367415368687332,2,time0,TIME0,0.630145443535712,3
0.0002232108502845387,False,36,time1,0.9333136085913183,8,time1,TIME1,0.6259184932385276,10
0.0009249819537808211,False,36,time0,0.8871025830640509,7,time0,TIME0,0.6145734100716607,4
0.0017935328682053256,False,36,time1,0.8479571796829303,5,time1,TIME1,0.6022515511399026,1
0.0023628663755161884,False,36,time0,0.8077418316951014,1,time0,TIME0,0.5897110649175219,5
1.0173647399852893e-05,False,37,goleiro_time1,0.9978877637910674,9,goleiro1,GOL-TIME1,0.6493528065791367,9
6.145145794668012e-05,False,37,time1,0.9849066449283858,6,time1,TIME1,0.6453374061216473,7
0.00040574937931078234,False,37,time0,0.9767409948230832,0,time0,TIME0,0.6425634688208054,2
0.0001611458794056876,False,37,time1,0.9560142850380043,8,time1,TIME1,0.636396133196687,10
0.0006036662350998536,False,37,time0,0.9397206244504422,4,time0,TIME0,0.6312509873328459,6
0.0008088885272815985,False,37,time0,0.9216738322011215,2,time0,TIME0,0.6254444211271565,3
0.0006448632559292668,False,37,time0,0.9086487585791605,7,time0,TIME0,0.6217393872083423,4
0.0010569220429472248,False,37,time0,0.8916088333329892,3,time0,TIME0,0.6160765004740636,8
0.0015634367977763676,False,37,time1,0.8679851073441884,5,time1,TIME1,0.6087802606695678,1
0.0029431617281962213,False,37,time0,0.7519638613523489,1,time0,TIME0,0.5724792072850797,5
2.1040406825624324e-05,False,38,goleiro_time1,0.9959517672361242,9,goleiro1,GOL-TIME1,0.6487546608858219,9
9.396924776304728e-05,False,38,time1,0.9885258950311272,6,time1,TIME1,0.6464007946596912,7
0.0003518994762783297,False,38,time0,0.9743353515828963,0,time0,TIME0,0.6419398494057591,2
0.00020791535680425815,False,38,time1,0.960109791954523,8,time1,TIME1,0.6377103262303122,10
0.0007773917898938721,False,38,time0,0.930162088109946,2,time0,TIME0,0.6282998849818687,3
0.0008069912379839745,False,38,time0,0.9211693353258796,4,time0,TIME0,0.6254530119709072,6
0.0011333524941216481,False,38,time1,0.9077625442471364,5,time1,TIME1,0.620923715736167,1
0.0008103919811650973,False,38,time0,0.893505754054613,7,time0,TIME0,0.6170601210594675,4
0.001091124997325249,False,38,time0,0.8875967460778242,3,time0,TIME0,0.6150253156765728,8
0.0018530171847178593,False,38,time0,0.8265363024275546,1,time0,TIME0,0.595499783625364,5
8.901840703731296e-06,False,39,goleiro_time1,0.998331903605877,9,goleiro1,GOL-TIME1,0.6494801697809177,9
0.00013811669220330686,False,39,time1,0.9780189119746118,6,time1,TIME1,0.6432230157984656,7
0.0007125494245049476,False,39,time0,0.9665223578109441,0,time0,TIME0,0.639062129660575,2
0.0005684880523093948,False,39,time0,0.9380192953100489,3,time0,TIME0,0.6304940650976352,8
0.0003954987003508881,False,39,time1,0.9226119182851034,8,time1,TIME1,0.6262755694768012,10
0.0009506114414610895,False,39,time0,0.913910244811539,2,time0,TIME0,0.6231903424019349,3
0.0007186096094281622,False,39,time0,0.9008726077818208,7,time0,TIME0,0.6195415177385357,4
0.0010791820893207122,False,39,time0,0.8899797759509939,4,time0,TIME0,0.6158250564076171,6
0.0014493843346560266,False,39,time1,0.8654669447125731,5,time1,TIME1,0.6080819970365678,1
0.0014839711301706312,False,39,time0,0.8529706794611415,1,time0,TIME0,0.6042426618009202,5
6.707629569129597e-05,False,40,goleiro_time1,0.98925525374621,9,goleiro1,GOL-TIME1,0.6466638182500217,9
0.0006003704571991411,False,40,time0,0.9676354315017494,0,time0,TIME0,0.6396254145369559,2
0.0003177814986256255,False,40,time0,0.959608566403411,3,time0,TIME0,0.6370552873594512,8
0.0002692111868542159,False,40,time1,0.9504688101259039,8,time1,TIME1,0.6347978673447277,10
0.0005026138411794046,False,40,time1,0.9275918494731413,6,time1,TIME1,0.62744792265662,7
0.0007183464098753499,False,40,time0,0.9079718167904842,7,time0,TIME0,0.6216167354132118,4
0.0008764435526722331,False,40,time0,0.9081157995672392,4,time0,TIME0,0.6214335312998215,6
0.0011889998197748338,False,40,time0,0.8869918315427292,2,time0,TIME0,0.614616234887257,3
0.0011795291003224445,False,40,time0,0.8843308396852393,1,time0,TIME0,0.6138131495775783,5
0.001191348931589294,False,40,time1,0.8843900975192533,5,time1,TIME1,0.6137346178239805,1
7.888794636294667e-05,False,41,goleiro_time1,0.9868492142482927,9,goleiro1,GOL-TIME1,0.6459716654288646,9
4.5208068120094124e-05,False,41,time0,0.9754396124217857,3,time0,TIME0,0.6423673416394691,8
0.00018961745805511266,False,41,time1,0.9727413117933241,8,time1,TIME1,0.641425562625124,10
0.00043715335255388324,False,41,time0,0.9725930038127357,0,time0,TIME0,0.6412041720141927,2
0.000784280941797224,False,41,time1,0.914367492168202,6,time1,TIME1,0.623269092288288,7
0.0007931241017915779,False,41,time0,0.9112677716670108,4,time0,TIME0,0.6225434587933424,6
0.0009199807564184013,False,41,time0,0.9094651436755762,2,time0,TIME0,0.6217791091157943,3
0.0009669273785815308,False,41,time0,0.8866951287521386,7,time0,TIME0,0.6148622518057107,4
0.0012541089359827033,False,41,time1,0.8801966474636606,5,time1,TIME1,0.6128761021021428,1
0.0017205543491767103,False,41,time0,0.8387800041818598,1,time0,TIME0,0.5996375568822893,5
1.3927534668227278e-05,False,42,goleiro_time1,0.9981682443117113,9,goleiro1,GOL-TIME1,0.6493864870386539,9
0.0003965911205457044,False,42,time0,0.9680413099807452,0,time0,TIME0,0.6400236389944229,2
0.0003061611470506916,False,42,time0,0.9675104344506524,2,time0,TIME0,0.63954330519763,3
0.00014777491850750683,False,42,time1,0.9649551595890784,8,time1,TIME1,0.6392585426597741,10
0.00023167498871777827,False,42,time0,0.9542183973952194,3,time0,TIME0,0.6359270941436124,8
0.001050670191117587,False,42,time0,0.8986072696246461,1,time0,TIME0,0.6181702757622769,5
0.0010660441295301218,False,42,time1,0.8936477817128058,5,time1,TIME1,0.6169272235189817,1
0.0010662702944504066,False,42,time0,0.8667149642367615,4,time0,TIME0,0.6088524880350447,6
0.0014844423324540776,False,42,time0,0.8634976891494609,7,time0,TIME0,0.6073232413056631,4
0.0012542203442745259,False,42,time1,0.8521154178837936,6,time1,TIME1,0.6039982433472182,7
1.9169407995089535e-05,False,43,goleiro_time1,0.9950645592258625,9,goleiro1,GOL-TIME1,0.648479431876911,9
0.00010128366378579956,False,43,time1,0.9898255044162305,8,time1,TIME1,0.6467437649411785,10
0.00028148096354008845,False,43,time0,0.982745455556346,0,time0,TIME0,0.6444892503846607,2
0.00020421719508451506,False,43,time0,0.9822962332325956,3,time0,TIME0,0.6443191324618083,8
0.00041659187677170424,False,43,time0,0.9610483536292126,2,time0,TIME0,0.6377741209844552,3
0.0006099335603033559,False,43,time1,0.9421469611436483,5,time1,TIME1,0.6317082772782812,1
0.0010164542492519912,False,43,time0,0.9047604461515447,1,time0,TIME0,0.6202904692460411,5
0.0006973267192972957,False,43,time0,0.8970435421379724,4,time0,TIME0,0.6181737762475845,6
0.0008916244036718916,False,43,time1,0.8916978623422324,6,time1,TIME1,0.6164376056372621,7
0.001036692813477954,False,43,time0,0.8450743937705215,7,time0,TIME0,0.6019866494673181,4
3.29147738084119e-05,False,44,goleiro_time1,0.9911280573292801,9,goleiro1,GOL-TIME1,0.6472898825172808,9
0.0001473631618825044,False,44,time0,0.9664031818098223,2,time0,TIME0,0.6395677563132992,3
0.0003657337632589982,False,44,time0,0.9580593352094868,0,time0,TIME0,0.6370130393974176,2
0.00025574742376212957,False,44,time0,0.9570868667611652,4,time0,TIME0,0.636528520449112,6
0.00048410347525077227,False,44,time0,0.9475323411412863,3,time0,TIME0,0.6333542877865921,8
0.00039118982232105366,False,44,time1,0.9339357647517502,8,time1,TIME1,0.6295522524667531,10
0.0006832640098057295,False,44,time1,0.9257166169201859,5,time1,TIME1,0.6269020954502171,1
0.0007432863431373793,False,44,time1,0.906607746211687,6,time1,TIME1,0.621044026514612,7
0.0022903407951166224,False,44,time0,0.7969335237750559,1,time0,TIME0,0.5860052861686328,5
7.965131638437424e-06,False,45,goleiro_time1,0.9918323850598827,9,goleiro1,GOL-TIME1,0.6475153183073116,9
0.0001422089429990418,False,45,time1,0.9760808937070171,8,time1,TIME1,0.642514629810848,10
0.00010785002462232186,False,45,time0,0.9754379571593234,3,time0,TIME0,0.642182387564694,8
0.00021801385132726942,False,45,time0,0.971907305959894,0,time0,TIME0,0.6412557028147364,2
0.0002202128460490597,False,45,time0,0.9653123965340005,2,time0,TIME0,0.6393419012946128,3
0.00028866882765758045,False,45,time1,0.9635037097983005,6,time1,TIME1,0.6384766198898557,7
0.0001680988399515896,False,45,goleiro_time1,0.9399250073850424,4,goleiro1,GOL-TIME1,0.6317101536077887,6
0.000713179317652156,False,45,time1,0.9336331828016302,5,time1,TIME1,0.6293749024841903,1
0.0021089954915109927,False,45,time0,0.8076154704660539,1,time0,TIME0,0.590077742066365,5
1.4791470522065837e-05,False,46,goleiro_time1,0.9977712759574506,9,goleiro1,GOL-TIME1,0.6493027348339588,9
0.00011989837986481562,False,46,time0,0.9887995488481656,2,time0,TIME0,0.646451264975432,3
0.00030836412426378794,False,46,time0,0.9768119684476692,0,time0,TIME0,0.6426073626705263,2
0.00022305789217896255,False,46,time0,0.9738848190918443,3,time0,TIME0,0.6418385763745902,8
0.000206527598098128,False,46,time1,0.9649637600773289,8,time1,TIME1,0.6392293262581186,10
0.00017086975340097066,False,46,time1,0.9625402399804704,6,time1,TIME1,0.6383768278537767,7
0.0004381032655120284,False,46,goleiro_time1,0.9397469682684044,4,goleiro1,GOL-TIME1,0.6313312526104573,6
0.001018624174323866,False,46,time1,0.9167631425707009,5,time1,TIME1,0.6237929084400475,1
0.001607091599163904,False,46,time0,0.8368491261322866,1,time0,TIME0,0.5988016680807325,5
9.793366249032217e-06,False,47,goleiro_time1,0.9966124074710624,9,goleiro1,GOL-TIME1,0.64896845766468,9
0.00016157371819303418,False,47,time0,0.9818856444318208,3,time0,TIME0,0.6443739830829751,8
0.0001600914958077721,False,47,time0,0.9734087912602072,0,time0,TIME0,0.6417489987372091,2
0.0002368648597765953,False,47,goleiro_time1,0.9700197181726886,4,goleiro1,GOL-TIME1,0.6406329537054999,6
0.00013935681970306008,False,47,time0,0.9684637064258402,2,time0,TIME0,0.6403733027773049,3
0.00012987312544619287,False,47,time1,0.9262474728412101,6,time1,TIME1,0.6277278587805533,7
0.0008180576427745681,False,47,time1,0.9286960869989808,5,time1,TIME1,0.6276425396197258,1
0.002051002503844733,False,47,time0,0.7866260477316978,1,time0,TIME0,0.5838171754892622,5
9.804650238630456e-06,False,48,goleiro_time1,0.9974259578290136,9,goleiro1,GOL-TIME1,0.6492146085436059,9
0.0001968533910963305,False,48,time0,0.9826985665123983,0,time0,TIME0,0.6445399819844466,2
0.00020632848621591904,False,48,time1,0.9634815123089957,6,time1,TIME1,0.638646091751744,7
0.0005646865233790012,False,48,time0,0.9627205437021473,3,time0,TIME0,0.6379146655552745,8
0.0004625632705223993,False,48,time0,0.9403900522406365,2,time0,TIME0,0.6314074362061431,3
0.0006497425433985856,False,48,goleiro_time1,0.9346662433071602,4,goleiro1,GOL-TIME1,0.6294849977134854,6
0.0007719133530955801,False,48,time1,0.9302211631065231,5,time1,TIME1,0.6282925579895785,1
0.0018094307705695655,False,48,time0,0.7999269833138146,1,time0,TIME0,0.5879792154333658,5
3.4711597152984927e-06,False,49,goleiro_time1,0.9971323899355784,9,goleiro1,GOL-TIME1,0.6491278822531495,9
0.0002921092689208304,False,49,time0,0.9738364136597761,0,time0,TIME0,0.6418075828052248,2
0.0003837108051130471,False,49,time0,0.9734116789861096,3,time0,TIME0,0.6415086054405248,8
0.0002594409942020867,False,49,goleiro_time1,0.9706926477382536,4,goleiro1,GOL-TIME1,0.6407001863485703,6
0.00033921425218729525,False,49,time1,0.9683209074477054,6,time1,TIME1,0.6400782311740363,7
0.0007524654021755207,False,49,time1,0.9358517176502207,5,time1,TIME1,0.6297722635231999,1
0.0005506126527653034,False,49,time0,0.9268979921447035,2,time0,TIME0,0.6272809121339555,3
0.0005386087644480294,False,49,time1,0.9129228263401583,8,time1,TIME1,0.6231145751872647,10
0.001232331557409034,False,49,time0,0.8593560402927085,1,time0,TIME0,0.6062248349251328,5
4.460743407650782e-06,False,50,goleiro_time1,0.9980483362853872,9,goleiro1,GOL-TIME1,0.6494091538808766,9
8.034532256837265e-05,False,50,time0,0.992797381025344,0,time0,TIME0,0.6476176400271847,2
0.0001873124199899789,False,50,time1,0.9790782604031192,6,time1,TIME1,0.6434429877876955,7
0.00015811299666354742,False,50,time0,0.9785373169314213,3,time0,TIME0,0.6432623451441879,8
4.6371608760765945e-05,False,50,time1,0.9704727211814937,8,time1,TIME1,0.6407247811989525,10
0.00034464781620138096,False,50,goleiro_time1,0.9646252779910537,4,goleiro1,GOL-TIME1,0.6390067203807637,6
0.0004102793997559423,False,50,time0,0.9597109933422037,2,time0,TIME0,0.6373391994952349,3
0.0011326636499566357,False,50,time1,0.9124545802300777,5,time1,TIME1,0.6224335825009476,1
0.000761642279721609,False,50,time0,0.9053176717225568,1,time0,TIME0,0.6205680572711425,5
5.868576993175158e-05,False,51,goleiro_time1,0.9889156624302576,9,goleiro1,GOL-TIME1,0.6465823246054255,9
0.0002050133889514842,False,51,time0,0.9825308692484758,3,time0,TIME0,0.6445355087522314,8
0.0001660328020971919,False,51,time0,0.9686431409563037,2,time0,TIME0,0.64027524633573,3
0.0002441193862326369,False,51,time1,0.9601144331907784,8,time1,TIME1,0.6376615600888338,10
0.0003945088102825626,False,51,time0,0.9534008783022825,0,time0,TIME0,0.635351973281533,2
0.0002603770064899407,False,51,time1,0.9509146823339981,6,time1,TIME1,0.6349526952014487,7
0.0002623097577165192,False,51,goleiro_time1,0.9386096735612217,4,goleiro1,GOL-TIME1,0.6312777603719275,6
0.0009564385618612471,False,51,time0,0.89422259135709,1,time0,TIME0,0.6172114076468196,5
0.0014453680555893465,False,51,time1,0.8871376672268297,5,time1,TIME1,0.6146090023706359,1
6.182730239291483e-05,False,52,goleiro_time1,0.9883640620169515,9,goleiro1,GOL-TIME1,0.6463714042253653,9
0.00016932515556270495,False,52,time0,0.9836757968775564,0,time0,TIME0,0.6445799746093488,2
0.0003400122216873308,False,52,time0,0.9704884950182867,3,time0,TIME0,0.6407346568228347,8
0.00034101144651234826,False,52,time1,0.9594552612680431,6,time1,TIME1,0.6374340522657227,7
0.00042864543208246384,False,52,time0,0.9528373087796634,2,time0,TIME0,0.635276456120758,3
0.0005925027792790885,False,52,goleiro_time1,0.9337900334394619,4,goleiro1,GOL-TIME1,0.6292843651000618,6
0.0010493681954885632,False,52,time0,0.8907774348400824,1,time0,TIME0,0.6162141997531401,5
0.001820902983614389,False,52,time1,0.8478977862415099,5,time1,TIME1,0.6023965186733301,1
5.826974544584314e-05,False,53,time0,0.994399320273323,0,time0,TIME0,0.6481810213269196,2
7.962543653243162e-05,False,53,goleiro_time1,0.9841266576100858,9,goleiro1,GOL-TIME1,0.6450707791605341,9
0.00020853335320992174,False,53,time0,0.9783193592778476,2,time0,TIME0,0.6430916804713689,3
0.0003888100174207316,False,53,time0,0.9439826825781679,3,time0,TIME0,0.6325986902608145,8
0.0004984601788457593,False,53,time1,0.9293422218299624,8,time1,TIME1,0.6281195642797542,10
0.0010079277607319347,False,53,time0,0.8979599008155154,1,time0,TIME0,0.6184333972470626,5
0.00035377708141510344,False,53,goleiro_time1,0.8871214961927714,4,goleiro1,GOL-TIME1,0.6151922822864323,6
0.0011220720494479947,False,53,time1,0.8721311841871202,6,time1,TIME1,0.6100866077924796,7
0.0017505136419908099,False,53,time1,0.845203911571839,5,time1,TIME1,0.601727438047723,1
0.00013490581492935444,False,54,goleiro_time1,0.9763542924465328,9,goleiro1,GOL-TIME1,0.6427147462618882,9
0.00015438661506114205,False,54,goleiro_time1,0.9730858026242022,4,goleiro1,GOL-TIME1,0.6416422702470473,6
0.00021059822421973294,False,54,time0,0.9658066808761671,0,time0,TIME0,0.639367536906534,2
0.0003042358281168053,False,54,time1,0.9534428758257911,8,time1,TIME1,0.6355910760455769,10
0.00039915751911511735,False,54,time0,0.9510739074041199,2,time0,TIME0,0.6348144108866716,3
0.0006197050212648182,False,54,time0,0.9385621134079812,3,time0,TIME0,0.6308476747142704,8
0.0014699518475906315,False,54,time1,0.8660206855055954,5,time1,TIME1,0.6080354640162436,1
0.0015225448814401336,False,54,time0,0.8566447396409346,1,time0,TIME0,0.605234141299544,5
0.0015258678518929485,False,54,time1,0.8253568138001354,6,time1,TIME1,0.5959389502264316,7
3.344806300448871e-05,False,55,time1,0.9870423051673696,8,time1,TIME1,0.6458874505125647,10
0.00016555642511166622,False,55,time0,0.9768961817415116,0,time0,TIME0,0.6428520560824479,2
0.00018623173165649418,False,55,goleiro_time1,0.9759658597238555,9,goleiro1,GOL-TIME1,0.6424691284241585,9
0.0002735435793390867,False,55,time0,0.9763181214802449,3,time0,TIME0,0.6423792552246945,8
0.0004069900141342688,False,55,time0,0.9653712217631615,2,time0,TIME0,0.6390434032315546,3
0.0005973350885707079,False,55,goleiro_time1,0.941809552001223,4,goleiro1,GOL-TIME1,0.6314897739023382,6
0.0009167158238006706,False,55,time1,0.9112159967605679,5,time1,TIME1,0.6221534695180035,1
0.0011205827498966536,False,55,time0,0.8942511610347728,1,time0,TIME0,0.6169822996986418,5
0.0011790230956308968,False,55,time1,0.8480436182017964,6,time1,TIME1,0.6030209831062551,7
2.442699250381601e-05,False,56,time0,0.9957945148649788,0,time0,TIME0,0.6486115722595249,2
0.00017563647841697372,False,56,goleiro_time1,0.9780386591850619,9,goleiro1,GOL-TIME1,0.6431597719828402,9
0.00019896356611552132,False,56,time1,0.9712417745303763,8,time1,TIME1,0.6410750308672971,10
0.0002642979340609557,False,56,time0,0.9636009717857454,3,time0,TIME0,0.638695183879856,8
0.000608029117741093,False,56,time0,0.9483296233233852,2,time0,TIME0,0.6338069503364162,3
0.000832502722163888,False,56,time1,0.9192755713307142,5,time1,TIME1,0.6249458740012026,1
0.0010104752361260972,False,56,time1,0.8733052522571214,6,time1,TIME1,0.6107840454971128,7
0.0015571551153112143,False,56,time0,0.8492969535896943,1,time0,TIME0,0.6030254874097464,5
0.004384381397618748,False,56,goleiro_time1,0.6750673440103282,4,goleiro1,GOL-TIME1,0.545942421886716,6
0.00011822192858827716,False,57,time1,0.9882070379879381,8,time1,TIME1,0.646144997576144,10
0.0001642368126660054,False,57,goleiro_time1,0.9694655933044202,9,goleiro1,GOL-TIME1,0.6406758763799831,9
0.00034878220023316263,False,57,time0,0.9661832954942767,0,time0,TIME0,0.6393003159182707,2
0.0002725997542657406,False,57,time0,0.9491649881753561,3,time0,TIME0,0.6341362181691926,8
0.0007721679788773003,False,57,time0,0.9402044971117511,2,time0,TIME0,0.6312473637230132,3
0.000536903801577682,False,57,time1,0.9395120089199711,6,time1,TIME1,0.6310178138173836,7
0.0010103567253020092,False,57,time1,0.8990506015530211,5,time1,TIME1,0.6186678821224242,1
0.0017536736600605037,False,57,time0,0.845847483715814,1,time0,TIME0,0.6020030812059463,5
0.00046499319900756685,False,57,goleiro_time1,0.7796949743406745,4,goleiro1,GOL-TIME1,0.5801930363314757,6
0.00010243456572396668,False,58,goleiro_time1,0.9913612517961922,9,goleiro1,GOL-TIME1,0.6472689459873794,9
9.623662972408025e-05,False,58,time0,0.9905490794824116,0,time0,TIME0,0.6469049860788205,2
0.00014686797586956833,False,58,time1,0.9772473786311044,8,time1,TIME1,0.6428779302279195,10
0.0005189111595188356,False,58,time0,0.95091090025414,3,time0,TIME0,0.634263473915993,8
0.00034921791522146803,False,58,time1,0.9486880166845236,5,time1,TIME1,0.6338365979681613,1
0.0007792739609442451,False,58,time0,0.9354699805350692,2,time0,TIME0,0.6298332945227714,3
0.00047636095409571346,False,58,time1,0.9331528962350406,6,time1,TIME1,0.6294160974283765,7
0.0002855225326948713,False,58,goleiro_time1,0.863954378776644,4,goleiro1,GOL-TIME1,0.6085598739076177,6
0.0022056932214346812,False,58,time0,0.8077312412291945,1,time0,TIME0,0.5900040301896394,5
0.00018785652469389402,False,59,time0,0.9806720143833699,0,time0,TIME0,0.6439324390472962,2
3.4109720958945486e-05,False,59,goleiro_time1,0.9775575837211328,4,goleiro1,GOL-TIME1,0.6430183352230104,6
0.00014539732046542442,False,59,goleiro_time1,0.9703755217255373,9,goleiro1,GOL-TIME1,0.6408628850054321,9
4.5101241595737455e-05,False,59,time1,0.9646431693519941,8,time1,TIME1,0.6392555215508896,10
0.0006189657998530936,False,59,time0,0.9503443271760341,2,time0,TIME0,0.634431290367582,3
0.0004775451491538754,False,59,time1,0.9344932441591804,6,time1,TIME1,0.6298375509656187,7
0.0007174414457999711,False,59,time1,0.9240284852233529,5,time1,TIME1,0.6263029947774946,1
0.0008144352498543866,False,59,time0,0.9230114867701213,3,time0,TIME0,0.6257846460743888,8
0.002188381306361115,False,59,time0,0.793379408707356,1,time0,TIME0,0.5859263402297248,5
8.448550911535343e-05,False,60,time1,0.9835137770618485,8,time1,TIME1,0.6449118735466647,10
0.00012656985183732153,False,60,time1,0.978784612833046,6,time1,TIME1,0.6432693216141386,7
0.00019950646592556995,False,60,goleiro_time1,0.9660340702025839,9,goleiro1,GOL-TIME1,0.6395409499612941,9
0.0005041596058622569,False,60,time0,0.9507153069768134,0,time0,TIME0,0.6345347993790086,2
0.000493934090159532,False,60,time0,0.9442322816608121,3,time0,TIME0,0.6325186927954146,8
0.000726100345814407,False,60,time0,0.9377277979455617,2,time0,TIME0,0.6305808346430388,3
0.0008906400941646318,False,60,time1,0.926241704403692,5,time1,TIME1,0.6267665679625081,1
0.0008587909189794136,False,60,goleiro_time1,0.8888682154232286,4,goleiro1,GOL-TIME1,0.6152895446181696,6
0.0017979579487362618,False,60,time0,0.8181098940070539,1,time0,TIME0,0.5935074912484171,5
0.0002958695016993371,False,61,time0,0.9870717993679524,0,time0,TIME0,0.6455798682945108,2
0.00015977056281411549,False,61,time0,0.9841927888272024,3,time0,TIME0,0.644877677471225,8
5.085645519825297e-05,False,61,goleiro_time1,0.9810353613180294,9,goleiro1,GOL-TIME1,0.6441309623634236,9
0.00015629771624740393,False,61,time1,0.9691441728540281,6,time1,TIME1,0.6405792563578412,7
0.000594349640597627,False,61,time0,0.9527100599393238,2,time0,TIME0,0.6351743447009207,3
0.0007337433807853746,False,61,time1,0.9468132069642864,5,time1,TIME1,0.6330343447491228,1
0.00020784097046186976,False,61,time1,0.943640298428923,8,time1,TIME1,0.632818448797996,10
0.0007402664478828104,False,61,goleiro_time1,0.9017080903032413,4,goleiro1,GOL-TIME1,0.6194587092055657,6
0.0011958940449155182,False,61,time0,0.8699716462697995,1,time0,TIME0,0.6094903540047591,5
9.191275393638144e-05,False,62,time0,0.9899646833626298,3,time0,TIME0,0.6468228497854653,8
4.543983262608463e-05,False,62,goleiro_time1,0.9889272095504616,9,goleiro1,GOL-TIME1,0.6466069200822002,9
5.416758915421642e-05,False,62,time1,0.988293044120653,8,time1,TIME1,0.6463250545033062,10
0.00015870301416532202,False,62,time0,0.985549699263579,0,time0,TIME0,0.6453890873747409,2
9.363176967413993e-05,False,62,goleiro_time1,0.9744970804768178,4,goleiro1,GOL-TIME1,0.6417627021137488,6
0.00039268041554791445,False,62,time0,0.9643177915974175,2,time0,TIME0,0.638727481486566,3
0.0005379881045927662,False,62,time1,0.9553775198578357,5,time1,TIME1,0.6359634329085937,1
0.00043883086921026157,False,62,time1,0.9417353581515266,6,time1,TIME1,0.6319264284881654,7
0.001007748066665616,False,62,time0,0.895957310166001,1,time0,TIME0,0.617442916738005,5
3.6888497926191994e-05,False,63,goleiro_time1,0.9924299644535175,9,goleiro1,GOL-TIME1,0.6476856407995198,9
0.00011082617588799091,False,63,time0,0.9913998455755332,0,time0,TIME0,0.6471565481752373,2
3.911886427933738e-05,False,63,goleiro_time1,0.9832107846087207,4,goleiro1,GOL-TIME1,0.6448786461949779,6
0.00025351065878839854,False,63,time0,0.9771197433624137,3,time0,TIME0,0.6427080955496859,8
0.0002117027440855873,False,63,time1,0.9744166165143083,5,time1,TIME1,0.6417845935372624,1
0.00019307507222673327,False,63,time1,0.9632891509556665,8,time1,TIME1,0.6386770425034434,10
0.00046458323069872414,False,63,time0,0.9599809864498006,2,time0,TIME0,0.6375124241318246,3
0.0003959605932438294,False,63,time1,0.9484531775873793,6,time1,TIME1,0.6340043213338222,7
0.0013950302786636527,False,63,time0,0.860059997588846,1,time0,TIME0,0.6063556409345713,5
7.506739279255601e-05,False,64,goleiro_time1,0.9942295874565059,4,goleiro1,GOL-TIME1,0.6481397725985253,6
4.4293892948183404e-05,False,64,goleiro_time1,0.9932142260345104,9,goleiro1,GOL-TIME1,0.6479171032355006,9
7.519027294229685e-05,False,64,time0,0.9927964792953679,0,time0,TIME0,0.6477024505087168,2
0.00011665401922446842,False,64,time0,0.9866416661343861,3,time0,TIME0,0.6457677250965961,8
0.00011806369431587518,False,64,time1,0.9845203069463914,8,time1,TIME1,0.6451649078354932,10
0.0004897683535210353,False,64,time1,0.9358922756226867,6,time1,TIME1,0.630256531348758,7
0.0008250965059116034,False,64,time0,0.9353395362582094,2,time0,TIME0,0.6295943344144159,3
0.000912698834480764,False,64,time1,0.9166459980333858,5,time1,TIME1,0.6236803246821807,1
0.0017522758817106418,False,64,time0,0.8279685393132844,1,time0,TIME0,0.596305738249069,5
2.5257841337926396e-05,False,65,goleiro_time1,0.9937261952719242,4,goleiro1,GOL-TIME1,0.6480563767461808,6
4.6698689883914914e-05,False,65,time0,0.991665280063404,0,time0,TIME0,0.6474345594555198,2
0.00011124266330680594,False,65,time0,0.9905727658496072,3,time0,TIME0,0.6470126261150981,8
8.480850311167638e-05,False,65,time1,0.9866721917412151,8,time1,TIME1,0.6458245486596073,10
6.79610112081713e-05,False,65,goleiro_time1,0.9809710382870835,9,goleiro1,GOL-TIME1,0.6442133582500151,9
0.0006316441243413557,False,65,time0,0.9502041190591153,2,time0,TIME0,0.6343500383069431,3
0.0006423591567142975,False,65,time1,0.933388572958601,5,time1,TIME1,0.6291751762196687,1
0.0006203601791339426,False,65,time1,0.9194604123558878,6,time1,TIME1,0.6251838716122822,7
0.0012383272107533787,False,65,time0,0.87238182067615,1,time0,TIME0,0.6100122093439118,5
3.068074838284041e-05,False,66,time0,0.9967651732022723,0,time0,TIME0,0.64894924362259,2
4.59287214831817e-05,False,66,goleiro_time1,0.9916433920834441,9,goleiro1,GOL-TIME1,0.6474359626179844,9
7.09510821687715e-05,False,66,goleiro_time1,0.9879509881793275,4,goleiro1,GOL-TIME1,0.6462686607702912,6
0.00014280035564108288,False,66,time0,0.9860410048668499,3,time0,TIME0,0.6456199100016584,8
0.0001636742667443865,False,66,time1,0.9801708028231513,8,time1,TIME1,0.6437856055492966,10
0.0005492854938791104,False,66,time0,0.9518994219873799,2,time0,TIME0,0.6349658488078445,3
0.0005805720470441496,False,66,time1,0.9390566441315245,5,time1,TIME1,0.6311074396663596,1
0.000663866081005769,False,66,time1,0.912994493499617,6,time1,TIME1,0.6232648509224372,7
0.0012309821777433244,False,66,time0,0.874196633769159,1,time0,TIME0,0.6110618044718916,5
8.299312123078625e-06,False,67,time0,0.998972165119273,0,time0,TIME0,0.6496641904419874,2
4.545715773157527e-05,False,67,goleiro_time1,0.9914278188868572,9,goleiro1,GOL-TIME1,0.6473726173595737,9
0.00012784291733045625,False,67,time1,0.9774081096294909,8,time1,TIME1,0.642995915113376,10
0.0001865302282580476,False,67,goleiro_time1,0.9754776494600572,4,goleiro1,GOL-TIME1,0.6423832296119395,6
0.0003287560778205001,False,67,time0,0.9680718322648373,2,time0,TIME0,0.6398593162346617,3
0.00045915278672559797,False,67,time0,0.9570698220723503,3,time0,TIME0,0.6364866434649397,8
0.00043238004501244126,False,67,time1,0.9564368900592837,5,time1,TIME1,0.6364289484721545,1
0.0004643460061210545,False,67,time1,0.9470691922155571,6,time1,TIME1,0.6334812374615859,7
0.0016921425966785293,False,67,time0,0.815727357820589,1,time0,TIME0,0.5928637357796165,5
2.1040243530797682e-05,False,68,goleiro_time1,0.9960070755316912,9,goleiro1,GOL-TIME1,0.648743122844943,9
0.00014438985162974158,False,68,time0,0.9944534289261141,0,time0,TIME0,0.6481032529228697,2
0.00011577993848135145,False,68,time1,0.9842060245696852,8,time1,TIME1,0.6450750391392126,10
0.00016047675745080534,False,68,time0,0.9841096244419095,3,time0,TIME0,0.6448778874983428,8
0.0002505136692003861,False,68,goleiro_time1,0.9684610533311321,4,goleiro1,GOL-TIME1,0.6402631955725149,6
0.0004857983931112012,False,68,time1,0.9480183649723894,5,time1,TIME1,0.6339233867651298,1
0.0007439006614459768,False,68,time0,0.9421193825631843,2,time0,TIME0,0.6316252802451329,3
0.00039134810732582896,False,68,time1,0.9274361514192699,6,time1,TIME1,0.6275219836729246,7
0.0017892705371280171,False,68,time0,0.8059781970869819,1,time0,TIME0,0.5899637835143209,5
3.42094259263966e-05,False,69,time0,0.9968060314457138,0,time0,TIME0,0.6489354847995382,2
2.9115756130497887e-05,False,69,goleiro_time1,0.9952615257576625,9,goleiro1,GOL-TIME1,0.6485179582198204,9
6.649374218994685e-05,False,69,goleiro_time1,0.9910432560632132,4,goleiro1,GOL-TIME1,0.6471112529315115,6
0.00012263517579313535,False,69,time1,0.9758273670157529,8,time1,TIME1,0.642475090551175,10
0.0004307440781698164,False,69,time0,0.958681357397326,3,time0,TIME0,0.6370240227055246,8
0.00038657824958577305,False,69,time1,0.9516441081089203,5,time1,TIME1,0.6350660070054881,1
0.000756946288317115,False,69,time0,0.9303165974083857,2,time0,TIME0,0.6281219064516839,3
0.0002563743236993118,False,69,time1,0.9134221794408557,6,time1,TIME1,0.6236991879040561,7
0.0015340895403140658,False,69,time0,0.8275435942535029,1,time0,TIME0,0.5966053093631757,5
3.018965266750369e-05,False,70,time0,0.9971001369439431,0,time0,TIME0,0.6490852112618744,2
2.83359710155262e-05,False,70,time1,0.9957946329429842,8,time1,TIME1,0.6486251645851793,10
1.031700361108386e-05,False,70,goleiro_time1,0.9950589368620025,9,goleiro1,GOL-TIME1,0.6484925373305126,9
9.249383619890412e-05,False,70,goleiro_time1,0.9930490206221965,4,goleiro1,GOL-TIME1,0.6477955042665802,6
0.0004177676756220808,False,70,time0,0.9582697809123645,3,time0,TIME0,0.6370568075942966,8
0.0004193621941156987,False,70,time1,0.9334007489404925,5,time1,TIME1,0.6295287068763475,1
0.0005448719803292923,False,70,time1,0.9246524506951744,6,time1,TIME1,0.6265966815000484,7
0.000836605195532848,False,70,time0,0.9000008097044239,1,time0,TIME0,0.6187163150982096,5
0.0015516532908888192,False,70,time0,0.8607460400529305,2,time0,TIME0,0.6062517525278122,3
6.579482685613588e-06,False,71,time0,0.9968267975977217,0,time0,TIME0,0.6490203279789684,2
3.0301099008606306e-05,False,71,goleiro_time1,0.991801023096443,9,goleiro1,GOL-TIME1,0.6474990894976194,9
1.786814005854587e-05,False,71,time1,0.9909094025563666,8,time1,TIME1,0.6472389659642366,10
0.00018406184463389935,False,71,goleiro_time1,0.9730512210851379,4,goleiro1,GOL-TIME1,0.6416479018664073,6
0.0004252924026984536,False,71,time0,0.9579546490400223,3,time0,TIME0,0.6369571746334668,8
0.00026780909625262125,False,71,time1,0.9525345978353226,6,time1,TIME1,0.6353209885654773,7
0.0005480882606010038,False,71,time1,0.9457166797491363,5,time1,TIME1,0.6330508751134567,1
0.0005255482729915068,False,71,time0,0.9208817065897811,1,time0,TIME0,0.6255737495113505,5
0.0009563767698305368,False,71,time0,0.9064850575018888,2,time0,TIME0,0.6205870064379336,3
6.9097127830287385e-06,False,72,time0,0.9979791508362923,0,time0,TIME0,0.6493833987278994,2
1.1613232396108314e-05,False,72,goleiro_time1,0.9917664748896016,9,goleiro1,GOL-TIME1,0.6475034880001882,9
4.679529383504651e-05,False,72,time1,0.9893289640795785,8,time1,TIME1,0.646733979808578,10
0.00013269056048191335,False,72,goleiro_time1,0.9828776817908175,4,goleiro1,GOL-TIME1,0.644707221988379,6
0.0002048602025502281,False,72,time1,0.9758723005738089,5,time1,TIME1,0.6422005955768937,1
7.555284453136029e-05,False,72,time1,0.9749698285702448,6,time1,TIME1,0.6421898328761568,7
0.0003141016259264662,False,72,time0,0.9617648246380135,3,time0,TIME0,0.638018573885163,8
0.000859829715055625,False,72,time0,0.9083026854287801,1,time0,TIME0,0.6214722833560471,5
0.0012823978146726902,False,72,time0,0.8727069053799978,2,time0,TIME0,0.6104200029506234,3
5.991667048110622e-05,False,73,time1,0.9933184189098707,8,time1,TIME1,0.6478701140239118,10
6.894506071201777e-05,False,73,time0,0.9925622535384462,0,time0,TIME0,0.647659046479869,2
6.088946373962113e-05,False,73,goleiro_time1,0.9909072860045414,9,goleiro1,GOL-TIME1,0.6471674000948173,9
0.00021933132033015725,False,73,goleiro_time1,0.972372203318617,4,goleiro1,GOL-TIME1,0.6414524915302691,6
0.00041753808626659664,False,73,time1,0.9617949209234615,5,time1,TIME1,0.6379903188117152,1
0.0007918883626421172,False,73,time0,0.9198250787168568,3,time0,TIME0,0.6248883606009611,8
0.0008529116456994775,False,73,time0,0.9189828396400667,2,time0,TIME0,0.6244895921990092,3
0.0009862534703408627,False,73,time0,0.895924385741468,1,time0,TIME0,0.6176607761870416,5
0.0008580247586774532,False,73,time1,0.872831362992819,6,time1,TIME1,0.6104926847986906,7
8.746454578475536e-05,False,74,goleiro_time1,0.9930470143600338,4,goleiro1,GOL-TIME1,0.6476934678097476,6
7.600189579230357e-05,False,74,time1,0.9863525756025713,8,time1,TIME1,0.6457611120508641,10
0.00015054425925331482,False,74,time0,0.9845415354911873,0,time0,TIME0,0.6451698881781577,2
7.118766625022793e-05,False,74,goleiro_time1,0.9737283538368605,9,goleiro1,GOL-TIME1,0.6420460043585208,9
0.0005808284991913096,False,74,time0,0.9473524229548421,3,time0,TIME0,0.6334982115419591,8
0.0007338218637669091,False,74,time1,0.9348902543720848,5,time1,TIME1,0.6295612115694339,1
0.000935969368266147,False,74,time0,0.9134234635818816,2,time0,TIME0,0.6230886453601038,3
0.0008434018623196277,False,74,time1,0.8832171246989174,6,time1,TIME1,0.6141402666233344,7
0.0011602432900675332,False,74,time0,0.864540324135191,1,time0,TIME0,0.6078696561446486,5
3.512519916806707e-05,False,75,time0,0.9963038600438595,0,time0,TIME0,0.648780530997002,2
2.298532906564091e-05,False,75,time1,0.9944772563288728,8,time1,TIME1,0.6482598171855897,10
3.1741429136594945e-05,False,75,goleiro_time1,0.9933377967583922,4,goleiro1,GOL-TIME1,0.6479284172610079,6
5.1238691923526666e-05,False,75,goleiro_time1,0.9882536623417704,9,goleiro1,GOL-TIME1,0.646395587727522,9
0.0003536612594068015,False,75,time0,0.9615815067189041,3,time0,TIME0,0.6379566086365559,8
0.0006177616669722146,False,75,time0,0.9321626595591893,2,time0,TIME0,0.6288287765904234,3
0.0007273059499341122,False,75,time1,0.9057484294876695,6,time1,TIME1,0.6209541951840097,7
0.00117945137832651,False,75,time1,0.8940088706666977,5,time1,TIME1,0.616813276256122,1
0.0016548341107997628,False,75,time0,0.8366373204952958,1,time0,TIME0,0.598575145181302,5
2.1366291774533484e-06,False,76,time0,0.9995908150953424,0,time0,TIME0,0.6498499000586245,2
2.0177255738185643e-05,False,76,time1,0.9948793618376597,8,time1,TIME1,0.6484309410052935,10
3.6535112067473785e-05,False,76,goleiro_time1,0.9948335973785558,9,goleiro1,GOL-TIME1,0.6483912188878069,9
0.0003728197821370394,False,76,time0,0.9764351735432251,3,time0,TIME0,0.642416951103626,8
0.0004421742340771533,False,76,time0,0.948412968158737,2,time0,TIME0,0.6339791254820448,3
0.0003599156732212925,False,76,goleiro_time1,0.943232161986405,4,goleiro1,GOL-TIME1,0.632408775712674,6
0.000755510765081499,False,76,time1,0.9066625414065415,6,time1,TIME1,0.6212794637494418,7
0.00106669583759786,False,76,time1,0.9025280163084664,5,time1,TIME1,0.6196610910472277,1
0.0013617128071296502,False,76,time0,0.869259352231695,1,time0,TIME0,0.609148019828648,5
1.0258931690186255e-05,False,77,goleiro_time1,0.9969021760084319,9,goleiro1,GOL-TIME1,0.6490330246487956,9
1.4558226850315556e-05,False,77,goleiro_time1,0.9958349500486879,4,goleiro1,GOL-TIME1,0.6484954008240965,6
3.6476116658842994e-05,False,77,time1,0.9935481984164165,8,time1,TIME1,0.6480177175002981,10
0.00011765574261887216,False,77,time0,0.9861660037868435,0,time0,TIME0,0.6456630015108216,2
0.0001578397013684434,False,77,time0,0.9835043453799527,3,time0,TIME0,0.6447597423008171,8
0.0005499868689403343,False,77,time0,0.9378850149525874,2,time0,TIME0,0.6307625488192508,3
0.00040679882918539194,False,77,time1,0.9244377836995901,5,time1,TIME1,0.6264790031046029,1
0.001575855879836937,False,77,time0,0.8616296470360321,1,time0,TIME0,0.6067897448360728,5
0.0013705796084099737,False,77,time1,0.8550565278501411,6,time1,TIME1,0.6048488317882331,7
3.4187341490133375e-05,False,78,time0,0.9970210456183058,0,time0,TIME0,0.6490140808284396,2
2.4139515924980855e-05,False,78,goleiro_time1,0.9955760645184345,9,goleiro1,GOL-TIME1,0.6486355611521355,9
6.237354419805628e-05,False,78,time1,0.987200149201068,8,time1,TIME1,0.6460592956658583,10
3.714421445393877e-06,False,78,time0,0.9854589827577591,3,time0,TIME0,0.6455291300244971,8
0.00043766351730004365,False,78,time0,0.9658518297302761,2,time0,TIME0,0.6392546730052864,3
0.0010207419465159623,False,78,time1,0.9031035915662331,5,time1,TIME1,0.6195216809107228,1
0.0011788411693401518,False,78,time0,0.8947330863873599,1,time0,TIME0,0.6170230447568381,5
0.0014341093243714763,False,78,goleiro_time1,0.8621497814529345,4,goleiro1,GOL-TIME1,0.6063675390573614,6
0.0015410636182103645,False,78,time1,0.8478330436204319,6,time1,TIME1,0.6027707549484842,7
1.834521302881811e-05,False,79,time0,0.9984757843022706,0,time0,TIME0,0.6495106256697598,2
1.5735647551251875e-05,False,79,time0,0.9944857038959204,3,time0,TIME0,0.6483189929456279,8
3.8341913835725256e-05,False,79,goleiro_time1,0.9943833055534073,9,goleiro1,GOL-TIME1,0.6482393205709585,9
3.7050267610860087e-05,False,79,time1,0.9929849434882911,8,time1,TIME1,0.6478124577058757,10
0.00039352302953647635,False,79,goleiro_time1,0.9632064593639637,4,goleiro1,GOL-TIME1,0.6378939184331517,6
0.00030475248660675135,False,79,time0,0.9548290639137907,2,time0,TIME0,0.6359078936494127,3
0.000603407195601654,False,79,time1,0.9375664362859809,5,time1,TIME1,0.6304338046626691,1
0.0013721295838798118,False,79,time1,0.8688989978307357,6,time1,TIME1,0.6092637466073456,7
0.0021918382102795093,False,79,time0,0.8071876577095375,1,time0,TIME0,0.589472834760527,5
2.6626172715846266e-05,False,80,time1,0.992155624013477,8,time1,TIME1,0.6475979851763296,10
6.0377155550687715e-05,False,80,goleiro_time1,0.9909676270467042,9,goleiro1,GOL-TIME1,0.6472203739214912,9
0.00015202066009873782,False,80,time0,0.9833030578044453,3,time0,TIME0,0.6447559437677159,8
0.00018809168192735067,False,80,time0,0.9785556340284435,2,time0,TIME0,0.6433141301539314,3
0.00027106832147835285,False,80,time0,0.971361854520439,0,time0,TIME0,0.6409806166228922,2
0.0007901652883144927,False,80,time1,0.9217858364217405,6,time1,TIME1,0.6253714690397558,7
0.0008735625626558293,False,80,time1,0.9088572865240002,5,time1,TIME1,0.621624426693277,1
0.0011733443166903428,False,80,goleiro_time1,0.8908252738029109,4,goleiro1,GOL-TIME1,0.6151132545917507,6
0.002319720115438866,False,80,time0,0.7818029544045798,1,time0,TIME0,0.5823028184480552,5
1.7838970529270422e-05,False,81,time1,0.9958563498735874,8,time1,TIME1,0.6487158097413748,10
3.1207740423078204e-05,False,81,goleiro_time1,0.9949288649120746,9,goleiro1,GOL-TIME1,0.6484273854450154,9
6.802212469338842e-05,False,81,time0,0.9922324258769128,0,time0,TIME0,0.6474694372352365,2
8.12157315559702e-05,False,81,time0,0.9880893974927453,2,time0,TIME0,0.6462086996488996,3
0.0003531762579178105,False,81,time0,0.9626477437803531,3,time0,TIME0,0.6383310367727605,8
0.00035023791495336225,False,81,goleiro_time1,0.9632187099423747,4,goleiro1,GOL-TIME1,0.6380856757866594,6
0.0012318332640382317,False,81,time1,0.8788011214033116,6,time1,TIME1,0.6122026922147398,7
0.0025429527045453745,False,81,time1,0.7728663635526968,5,time1,TIME1,0.5784018457743234,1
0.002540987129473255,False,81,time0,0.7449585364477868,1,time0,TIME0,0.5709098059462143,5
5.0454510531329e-06,False,82,time1,0.998724594015119,8,time1,TIME1,0.6496015464093364,10
2.0945064842279197e-05,False,82,time0,0.9977396538355403,0,time0,TIME0,0.6492702632265454,2
2.52595408724328e-05,False,82,goleiro_time1,0.9973396097413855,9,goleiro1,GOL-TIME1,0.6491489723387877,9
3.692061151850698e-05,False,82,time0,0.9962807629914417,2,time0,TIME0,0.6488187315701859,3
3.404526547863554e-05,False,82,goleiro_time1,0.9955936537376494,4,goleiro1,GOL-TIME1,0.6484299559546504,6
9.132514622233978e-05,False,82,time0,0.9895243099908347,3,time0,TIME0,0.6465873659339473,8
0.0003219208544299931,False,82,time1,0.9661117252348368,6,time1,TIME1,0.6389197493298249,7
0.0004761630978397443,False,82,time0,0.9419192256708498,1,time0,TIME0,0.630733438628468,5
0.000708297493564171,False,82,time1,0.934193362504958,5,time1,TIME1,0.6283577199714709,1
8.14100016672999e-06,False,83,time1,0.9943019576062235,8,time1,TIME1,0.6482775470401941,10
6.005598157825782e-05,False,83,time0,0.9924757296977373,0,time0,TIME0,0.6476589802319059,2
5.463730751574315e-05,False,83,goleiro_time1,0.9912030378295111,9,goleiro1,GOL-TIME1,0.6472791084955765,9
0.00016239937488581206,False,83,time0,0.9820534182737439,3,time0,TIME0,0.6444191176765209,8
0.0006738448851770122,False,83,time0,0.9150511804344557,2,time0,TIME0,0.6234652443197908,3
0.000873860767546236,False,83,time1,0.8939483585974342,6,time1,TIME1,0.6169460318448419,7
0.0009368609389949679,False,83,time1,0.8799674230064229,5,time1,TIME1,0.6120196766904362,1
0.001473852050987143,False,83,goleiro_time1,0.8518831254321014,4,goleiro1,GOL-TIME1,0.6031989368697291,6
0.0017014438700040115,False,83,time0,0.8054824935216659,1,time0,TIME0,0.5892599249634702,5
1.0048555635712407e-05,False,84,goleiro_time1,0.9982172761239948,9,goleiro1,GOL-TIME1,0.6494256453525786,9
2.0498126901762254e-05,False,84,time1,0.9896046229774279,8,time1,TIME1,0.646848838892716,10
5.1630459993438887e-05,False,84,time0,0.9869743762321226,0,time0,TIME0,0.6460329966000034,2
0.0001960699564212527,False,84,time0,0.9802888371048595,3,time0,TIME0,0.6437908125574816,8
0.00019398682175704435,False,84,goleiro_time1,0.9705464472975982,4,goleiro1,GOL-TIME1,0.6399293218519508,6
0.00016675771697963882,False,84,time0,0.9638445360813135,2,time0,TIME0,0.6385354033904171,3
0.00029531218121217075,False,84,time1,0.9616285151441714,5,time1,TIME1,0.6374570223051927,1
0.0005374125458173892,False,84,time1,0.9377305521795718,6,time1,TIME1,0.6305807156855336,7
0.001256320157206465,False,84,time0,0.8472070068559552,1,time0,TIME0,0.6026961966325164,5
2.6438710651208845e-06,False,85,goleiro_time1,0.9995595179498058,9,goleiro1,GOL-TIME1,0.6498568016246546,9
9.674771399450717e-06,False,85,time1,0.9975036044449835,8,time1,TIME1,0.6492336120421316,10
1.5104850733643615e-05,False,85,time0,0.997462719377184,0,time0,TIME0,0.6491997070574453,2
6.174072125628834e-05,False,85,goleiro_time1,0.9936239232198536,4,goleiro1,GOL-TIME1,0.6479404462217329,6
4.700389901261397e-05,False,85,time0,0.9915044204070637,2,time0,TIME0,0.6473252535196035,3
7.048140819807143e-05,False,85,time1,0.9916651640306455,5,time1,TIME1,0.6472739454408433,1
6.046373034576755e-05,False,85,time0,0.9909483374576045,3,time0,TIME0,0.6471222813662154,8
0.00010852312906851018,False,85,time1,0.9870200248306342,6,time1,TIME1,0.6457132728814459,7
0.00026221260522160103,False,85,time0,0.9666462112876988,1,time0,TIME0,0.6390773262880481,5
5.26626212264512e-06,False,86,goleiro_time1,0.9970076434889318,9,goleiro1,GOL-TIME1,0.6490926457605523,9
4.71573390757367e-05,False,86,time0,0.995845338526133,0,time0,TIME0,0.6486703250112696,2
0.00013607903911178474,False,86,time1,0.9875241647572126,8,time1,TIME1,0.6460401904749798,10
0.00046070027630914324,False,86,time0,0.9618950647268889,3,time0,TIME0,0.637874864342447,8
0.0001529083244348127,False,86,time0,0.9601414769865769,2,time0,TIME0,0.6378120126813323,3
0.0006886970411298953,False,86,time1,0.9222158952557593,6,time1,TIME1,0.625643106794633,7
0.0009670062166896785,False,86,goleiro_time1,0.9115483053720279,4,goleiro1,GOL-TIME1,0.6219357436505975,6
0.0014248274308126042,False,86,time1,0.8760404114886075,5,time1,TIME1,0.610500185340533,1
0.0019518945803291008,False,86,time0,0.7937085714650874,1,time0,TIME0,0.5851846516717794,5
2.6419450977638516e-05,False,87,goleiro_time1,0.9947710895644956,9,goleiro1,GOL-TIME1,0.6483898838670583,9
5.113034342797024e-05,False,87,time0,0.990552475723636,0,time0,TIME0,0.6470693119262148,2
0.00010058875076062796,False,87,time0,0.9885958140993647,2,time0,TIME0,0.6464512446618311,3
0.0001207128754354619,False,87,time0,0.9877534349888217,3,time0,TIME0,0.6459607573798783,8
0.00014427421986783963,False,87,time1,0.9830632011593803,6,time1,TIME1,0.6444127741496707,7
0.00023701733592462485,False,87,time1,0.9665520616813201,8,time1,TIME1,0.6396569013560299,10
0.00035014885427198946,False,87,time0,0.955912290463184,1,time0,TIME0,0.635362793571242,5
0.0004138724693643418,False,87,time1,0.9525590628533771,5,time1,TIME1,0.6346512518160228,1
0.0014857042495081741,False,87,goleiro_time1,0.8566236291141569,4,goleiro1,GOL-TIME1,0.60402011052736,6
1.7024733376650778e-05,False,88,goleiro_time1,0.9957599457674199,9,goleiro1,GOL-TIME1,0.648684173679705,9
6.058927315241463e-06,False,88,time0,0.9952660313448882,0,time0,TIME0,0.6485422559506301,2
2.2267634034072872e-05,False,88,time1,0.978244477746567,8,time1,TIME1,0.6433062704949601,10
0.00035223225528115777,False,88,time0,0.9764726077847378,3,time0,TIME0,0.642459225933518,8
0.00013741238734752342,False,88,goleiro_time1,0.9758336053773111,4,goleiro1,GOL-TIME1,0.6415466876954523,6
0.0005818042856598508,False,88,time1,0.9519497780613875,5,time1,TIME1,0.6345684557469499,1
0.0004681966439888271,False,88,time0,0.9419766323948504,2,time0,TIME0,0.6319162247066947,3
0.0010007006297574888,False,88,time1,0.8985001310492822,6,time1,TIME1,0.6180456542155133,7
0.001077934072936907,False,88,time0,0.8862844790003473,1,time0,TIME0,0.6143372775892565,5
5.49277440114845e-05,False,89,time0,0.9942933949704507,0,time0,TIME0,0.6481975415247616,2
5.2777493588139944e-05,False,89,time1,0.9908514846714117,8,time1,TIME1,0.6471581587727046,10
9.413710850328777e-05,False,89,goleiro_time1,0.9855277484645131,9,goleiro1,GOL-TIME1,0.6455192245796748,9
0.0012521012530407232,False,89,time0,0.9201017924575988,3,time0,TIME0,0.6242566651073046,8
0.0010273737838218079,False,89,time1,0.9140536142083187,5,time1,TIME1,0.6229662471168719,1
0.0010056188289571482,False,89,time0,0.8937280690506254,2,time0,TIME0,0.6168203170317138,3
0.0013735321310727664,False,89,goleiro_time1,0.8615775778688596,4,goleiro1,GOL-TIME1,0.6063236144652562,6
0.002412635036677918,False,89,time1,0.7894788073113354,6,time1,TIME1,0.5836870708350302,7
0.0025956695253857905,False,89,time0,0.7279992505613003,1,time0,TIME0,0.5643763882656054,5
3.826639473456371e-06,False,90,time0,0.9989075656094285,0,time0,TIME0,0.6496319922805962,2
2.909900176420717e-05,False,90,time1,0.9969065670792256,8,time1,TIME1,0.6490293370261144,10
2.6869424933621652e-05,False,90,goleiro_time1,0.9960505314091791,9,goleiro1,GOL-TIME1,0.648744650044011,9
0.0003021113338852434,False,90,time0,0.981708567542148,3,time0,TIME0,0.6435901795709079,8
0.00023642561888834383,False,90,time1,0.9771133828655042,5,time1,TIME1,0.6423797837794846,1
0.0002686577220274222,False,90,time0,0.9706140991900278,2,time0,TIME0,0.6404372112752972,3
0.00039266415582226365,False,90,goleiro_time1,0.9580951573508135,4,goleiro1,GOL-TIME1,0.6364023646959525,6
0.0009515558753229155,False,90,time1,0.9318558954975085,6,time1,TIME1,0.6276951599601722,7
0.0005704557581411944,False,90,time0,0.9308739025171628,1,time0,TIME0,0.6273618421271593,5
7.305912642828264e-05,False,91,time0,0.9863070074418443,0,time0,TIME0,0.6457767059913707,2
0.00012342582714831867,False,91,goleiro_time1,0.9745950149225249,9,goleiro1,GOL-TIME1,0.6421814097223595,9
0.0005913828114055565,False,91,time0,0.9557205712049746,3,time0,TIME0,0.6359393788685126,8
0.0005093192404265719,False,91,time0,0.934064547702757,2,time0,TIME0,0.6295052956984849,3
0.0008432863954379391,False,91,time1,0.9335615142641976,5,time1,TIME1,0.6288833243156977,1
0.00043099302192572427,False,91,time1,0.9101466374375605,8,time1,TIME1,0.6223452538037838,10
0.0010915689055918465,False,91,goleiro_time1,0.8828016927572282,4,goleiro1,GOL-TIME1,0.612836271089188,6
0.0005273866112713267,False,91,time1,0.7986132561411631,6,time1,TIME1,0.5881059005372367,7
0.002221963296489636,False,91,time0,0.7534331990824125,1,time0,TIME0,0.5725702148395438,5
3.531609240579729e-05,False,92,goleiro_time1,0.9945432544032645,9,goleiro1,GOL-TIME1,0.6482663126339194,9
5.278042655347282e-05,False,92,time0,0.9940334493014878,0,time0,TIME0,0.6481403178348005,2
0.00010664353268608341,False,92,time1,0.9810659779927307,8,time1,TIME1,0.643990536322823,10
0.00012711381702721,False,92,goleiro_time1,0.97533272168395,4,goleiro1,GOL-TIME1,0.6418266652360599,6
0.0003863816362729504,False,92,time0,0.9641383861544803,3,time0,TIME0,0.6387189684405081,8
0.0004489835839572644,False,92,time1,0.963919123748033,6,time1,TIME1,0.6386980383530176,7
0.0008571697152574266,False,92,time1,0.9235639801676245,5,time1,TIME1,0.6262382304875089,1
0.0005160925195892486,False,92,time0,0.9119594580818962,2,time0,TIME0,0.6224273085112395,3
0.0012634002657630138,False,92,time0,0.8487669869943161,1,time0,TIME0,0.6026489402841604,5
1.4777141797374738e-05,False,93,goleiro_time1,0.9973307030979435,9,goleiro1,GOL-TIME1,0.6491565804879731,9
5.6000828830517097e-05,False,93,time0,0.9934874983589002,0,time0,TIME0,0.647988565361902,2
5.581611225923925e-05,False,93,time1,0.9927338541803372,8,time1,TIME1,0.6477069674145135,10
8.10565016607417e-05,False,93,goleiro_time1,0.9904666714624969,4,goleiro1,GOL-TIME1,0.6470348978614567,6
0.00027920503317415015,False,93,time0,0.9799704876091219,3,time0,TIME0,0.6436271163454815,8
0.0009927034828207098,False,93,time1,0.9229767861581886,5,time1,TIME1,0.6258958743513001,1
0.0010316087194175204,False,93,time1,0.8799191668298321,6,time1,TIME1,0.6126267067619354,7
0.00027112930179109,False,93,time0,0.8730756648358038,2,time0,TIME0,0.6115046574017611,3
0.0012063036176686677,False,93,time0,0.8476578067998212,1,time0,TIME0,0.602911985903716,5
1.7001945028707665e-05,False,94,goleiro_time1,0.9972813356163152,9,goleiro1,GOL-TIME1,0.6491638603918239,9
2.5807742215493945e-05,False,94,time0,0.9972835769642713,0,time0,TIME0,0.6491114708344592,2
1.2684115113061254e-05,False,94,time1,0.9952400392343194,8,time1,TIME1,0.64851812194593,10
0.00010520949337238712,False,94,goleiro_time1,0.9885130023868022,4,goleiro1,GOL-TIME1,0.646335907726096,6
0.0002621374452105194,False,94,time0,0.9811925599366795,3,time0,TIME0,0.644107821709801,8
0.00046111587591142505,False,94,time1,0.9086321571082899,6,time1,TIME1,0.621690465025696,7
0.001393623672880832,False,94,time1,0.9047765582898338,5,time1,TIME1,0.6198507046433581,1
0.0010938715465523407,False,94,time0,0.8748761073528085,1,time0,TIME0,0.6113694780799187,5
0.0011066153158021926,False,94,time0,0.8122663797918379,2,time0,TIME0,0.5921038839580453,3
9.783294287540454e-06,False,95,goleiro_time1,0.9984371803939768,9,goleiro1,GOL-TIME1,0.649505547620421,9
4.1410610462659865e-05,False,95,time0,0.9945015534785991,0,time0,TIME0,0.6482859796006681,2
3.535293362115154e-05,False,95,time1,0.9917015030488465,8,time1,TIME1,0.6474484876175045,10
0.00020684445981882521,False,95,goleiro_time1,0.9753268298106438,4,goleiro1,GOL-TIME1,0.6423218941582219,6
0.000320857224857039,False,95,time0,0.9742534832121341,3,time0,TIME0,0.6419369171891071,8
0.0007397972748942969,False,95,time1,0.9220332055234673,6,time1,TIME1,0.6252916211872795,7
0.00038609005195726256,False,95,time0,0.9090485574587196,2,time0,TIME0,0.6213800715047731,3
0.0009318321432214591,False,95,time0,0.8938867865322806,1,time0,TIME0,0.616912498671472,5
0.0017116280895548494,False,95,time1,0.8799414474401569,5,time1,TIME1,0.6121951521422204,1
1.937872342588355e-05,False,96,time1,0.9971805055066697,8,time1,TIME1,0.6491070429191508,10
2.6611561792328545e-05,False,96,goleiro_time1,0.9958590694256272,9,goleiro1,GOL-TIME1,0.6487120330898786,9
4.2908369637252884e-05,False,96,goleiro_time1,0.9950582524506483,4,goleiro1,GOL-TIME1,0.6483665595125215,6
8.024570321180152e-05,False,96,time0,0.9910512378777279,0,time0,TIME0,0.6472090665046792,2
9.739640348603264e-05,False,96,time0,0.964576691271842,3,time0,TIME0,0.6391318965599602,8
0.000748796842795613,False,96,time0,0.9227730082230802,1,time0,TIME0,0.6259389609724361,5
0.000894064123505111,False,96,time0,0.8807465433836623,2,time0,TIME0,0.6130116490432275,3
0.001252521215627111,False,96,time1,0.8797735565096491,6,time1,TIME1,0.6123465242037168,7
0.002202615795668761,False,96,time1,0.8253658849429231,5,time1,TIME1,0.5951381576088622,1
2.1380213847544648e-05,False,97,time0,0.997714481989094,0,time0,TIME0,0.6492547331010738,2
2.7539209580130497e-05,False,97,goleiro_time1,0.9953947056775986,9,goleiro1,GOL-TIME1,0.6485814496248918,9
3.0032024012808282e-05,False,97,time1,0.9922903592808,8,time1,TIME1,0.6476275869835124,10
3.95839279456115e-05,False,97,time0,0.9777778276609141,3,time0,TIME0,0.6432229770078701,8
0.0007158287651167027,False,97,goleiro_time1,0.9272967168183608,4,goleiro1,GOL-TIME1,0.6270788157019902,6
0.0006757294406489316,False,97,time0,0.9129644042449757,2,time0,TIME0,0.6230859267013505,3
0.0011808021784986726,False,97,time0,0.8794346792741013,1,time0,TIME0,0.6124593273793606,5
0.0016784238526781094,False,97,time1,0.8549599772679263,6,time1,TIME1,0.6045854677599127,7
0.0019881316999479813,False,97,time1,0.832066785950151,5,time1,TIME1,0.5974423204805244,1
1.9378114637403645e-05,False,98,goleiro_time1,0.9967983402606861,9,goleiro1,GOL-TIME1,0.6490066527054168,9
8.436702524283859e-06,False,98,time0,0.995594997953379,0,time0,TIME0,0.6486563791398291,2
4.0473111082112784e-05,False,98,time1,0.9906038577691396,8,time1,TIME1,0.6470963020345103,10
0.00010645222090627326,False,98,time0,0.9758267852748417,3,time0,TIME0,0.6426006148231842,8
0.00029303361276281954,False,98,goleiro_time1,0.9661470635220208,4,goleiro1,GOL-TIME1,0.6389056095829762,6
0.0005739412751181441,False,98,time0,0.9302782314812247,2,time0,TIME0,0.6283825576388925,3
0.0012176891798198516,False,98,time0,0.8786217687263577,1,time0,TIME0,0.612329835700659,5
0.0013834818655940942,False,98,time1,0.8632250305128475,6,time1,TIME1,0.6075075582631868,7
0.0016485607484438348,False,98,time1,0.8398080490115085,5,time1,TIME1,0.6002095916256747,1
5.197659429354489e-05,False,99,goleiro_time1,0.9951795576923175,4,goleiro1,GOL-TIME1,0.6483029855376536,6
5.089486277563364e-05,False,99,time1,0.9893663386370157,8,time1,TIME1,0.6467529751610764,10
7.586402422624506e-05,False,99,goleiro_time1,0.9892500306464436,9,goleiro1,GOL-TIME1,0.6466674488171488,9
0.00012659526875635757,False,99,time0,0.9865139108818614,0,time0,TIME0,0.6457564276051632,2
0.0001902323217367234,False,99,time0,0.9838033081573018,3,time0,TIME0,0.6447926454430919,8
0.0008033634166998471,False,99,time1,0.9180278792421099,5,time1,TIME1,0.6241006514122416,1
0.0002868861681574852,False,99,time0,0.9077855253401276,2,time0,TIME0,0.6218562665082076,3
0.0010164629752202033,False,99,time0,0.8929278643582674,1,time0,TIME0,0.6167475435323366,5
0.0009889327484409246,False,99,time1,0.8717812027206652,6,time1,TIME1,0.6103635512987281,7
9.210546402723138e-06,False,100,goleiro_time1,0.9978719916564862,9,goleiro1,GOL-TIME1,0.6492956262760057,9
2.528120518122942e-05,False,100,time0,0.9974039450903297,0,time0,TIME0,0.64912530816347,2
3.0135448297378815e-05,False,100,time1,0.995337151395723,8,time1,TIME1,0.6485370670975711,10
0.0002858872223605211,False,100,time0,0.9843346696480454,3,time0,TIME0,0.6449623667498694,8
0.0002027313072852802,False,100,goleiro_time1,0.9766897929260284,4,goleiro1,GOL-TIME1,0.6426758654658987,6
0.00032830790803454335,False,100,time0,0.9527548480982856,2,time0,TIME0,0.6353843996240274,3
0.0007987061340962003,False,100,time1,0.9207462457647496,5,time1,TIME1,0.6254634985070133,1
0.0009136591983078141,False,100,time1,0.8888355922837149,6,time1,TIME1,0.6154584671886891,7
0.0014136440879014955,False,100,time0,0.8689300624419973,1,time0,TIME0,0.6091229793951287,5
2.5238217421769456e-05,False,101,time1,0.9956690611151268,8,time1,TIME1,0.6486729401562747,10
2.5418693083714636e-05,False,101,time0,0.9941669798760399,0,time0,TIME0,0.6482226748398582,2
4.229508500076189e-05,False,101,goleiro_time1,0.9919386087723522,9,goleiro1,GOL-TIME1,0.6475091261552843,9
0.00015136395489222693,False,101,goleiro_time1,0.9718393027870345,4,goleiro1,GOL-TIME1,0.6412421249203,6
0.00031769989560313154,False,101,time0,0.9685776290502822,3,time0,TIME0,0.6401761336050507,8
0.0009011622927865637,False,101,time1,0.8907875279645621,6,time1,TIME1,0.6164083482823907,7
0.001098601427182216,False,101,time1,0.8876506154704494,5,time1,TIME1,0.6150507775255541,1
0.001841441680560945,False,101,time0,0.8394665564043762,1,time0,TIME0,0.5998406702943053,5
0.002756042674647172,False,101,time0,0.7171709102140524,2,time0,TIME0,0.5606803281156558,3
3.787897775835747e-05,False,102,time0,0.9962518822780668,0,time0,TIME0,0.6487980239115941,2
4.035855738314399e-05,False,102,time1,0.9940774937422904,8,time1,TIME1,0.6481756548693688,10
9.51879598597105e-05,False,102,goleiro_time1,0.9868810941381875,9,goleiro1,GOL-TIME1,0.6458997203024547,9
0.0003207585757571077,False,102,time0,0.975755842247157,3,time0,TIME0,0.6424028839227152,8
0.00033732873280028277,False,102,goleiro_time1,0.961845224871774,4,goleiro1,GOL-TIME1,0.6380093381750503,6
0.0005896001265392746,False,102,time0,0.921671348450495,2,time0,TIME0,0.6244821545198095,3
0.00144547428917909,False,102,time1,0.8583774720870927,5,time1,TIME1,0.6058106551062674,1
0.0019974412933826888,False,102,time0,0.8119176815682944,1,time0,TIME0,0.5915832090502124,5
0.0042077901232526966,False,102,time1,0.5012987856772684,6,time1,TIME1,0.49315258904024784,7
6.251549972016746e-05,False,103,time1,0.991401007012449,8,time1,TIME1,0.6473218580706862,10
8.960727830452776e-05,False,103,time0,0.9868412089321696,0,time0,TIME0,0.6458921269690009,2
9.159837176043048e-05,False,103,goleiro_time1,0.9843840274595529,9,goleiro1,GOL-TIME1,0.6451800405617383,9
0.00029871939277089255,False,103,time0,0.9746335992840615,3,time0,TIME0,0.6420868752547313,8
0.0005869155215400135,False,103,goleiro_time1,0.9369110203091918,4,goleiro1,GOL-TIME1,0.6300126794612213,6
0.000779016240487752,False,103,time0,0.8910692203110786,2,time0,TIME0,0.6156926406538615,3
0.001060675325390586,False,103,time1,0.8894196297364836,5,time1,TIME1,0.6155312534062825,1
0.0005773049836667394,False,103,time1,0.8849790156541415,6,time1,TIME1,0.6124893332711892,7
0.0026300711477377572,False,103,time0,0.738499397567047,1,time0,TIME0,0.5687129595465727,5
1.4723939391623038e-05,False,104,time1,0.9970691816209305,8,time1,TIME1,0.6490547497906202,10
8.075151765694927e-05,False,104,time0,0.9948979515653128,0,time0,TIME0,0.6483409486664181,2
6.047421926395257e-05,False,104,goleiro_time1,0.9852720505908178,9,goleiro1,GOL-TIME1,0.6454593695669877,9
0.00022335898881464892,False,104,time0,0.9741473266002575,3,time0,TIME0,0.6417398971006973,8
0.00045725047492301473,False,104,goleiro_time1,0.9572458064824975,4,goleiro1,GOL-TIME1,0.6363133611562064,6
0.0008424769096891587,False,104,time1,0.9112578195711616,5,time1,TIME1,0.6223744010374065,1
0.0014498958184438935,False,104,time0,0.8420879263396741,1,time0,TIME0,0.6004947441265024,5
0.0026955061687118694,False,104,time0,0.6924945404684261,2,time0,TIME0,0.5538757000120048,3
0.003950436969142444,False,104,time1,0.5593277539217553,6,time1,TIME1,0.5111204960079124,7
1.0151962481029609e-05,False,105,time1,0.9959949711614894,8,time1,TIME1,0.6487749417825006,10
0.00011104726757094309,False,105,time0,0.9749136282536114,0,time0,TIME0,0.6422477073436477,2
0.00016520932689646705,False,105,goleiro_time1,0.9737505873300026,9,goleiro1,GOL-TIME1,0.6418616672075365,9
0.0004185117673416447,False,105,goleiro_time1,0.9576174143626495,4,goleiro1,GOL-TIME1,0.6368514323210115,6
0.0004665788393358528,False,105,time0,0.9572385709018904,3,time0,TIME0,0.6365815071007741,8
0.0002698748423958724,False,105,time0,0.9438661776980454,2,time0,TIME0,0.6312477588524625,3
0.0010237134430863789,False,105,time1,0.9142413961197825,5,time1,TIME1,0.6230053970097237,1
0.0007766390736708428,False,105,time0,0.9108497831845288,1,time0,TIME0,0.6220864264162095,5
0.0009672746924093167,False,105,time1,0.8955472884853145,6,time1,TIME1,0.6157483856349468,7
6.419654227649189e-05,False,106,time0,0.9876842962766498,0,time0,TIME0,0.6461278510063839,2
4.78244158818193e-05,False,106,time1,0.9846631259179113,8,time1,TIME1,0.6453170778971793,10
0.00016131178694955506,False,106,goleiro_time1,0.9752554104270819,9,goleiro1,GOL-TIME1,0.6422935543075974,9
0.0005257548044833146,False,106,goleiro_time1,0.9550261586031444,4,goleiro1,GOL-TIME1,0.6359233167075158,6
0.0006570376050209142,False,106,time0,0.9426992716100719,3,time0,TIME0,0.6320819232178101,8
0.0010729036537274518,False,106,time1,0.9156980655101693,6,time1,TIME1,0.62336840402619,7
0.0011123784119472136,False,106,time1,0.9008878049252951,5,time1,TIME1,0.6191906091233559,1
0.0011018525605944022,False,106,time0,0.8800088024944126,1,time0,TIME0,0.6127792191481496,5
0.0016977762238068238,False,106,time0,0.8190506696797417,2,time0,TIME0,0.5931953742611994,3
7.255250660670834e-05,False,107,time1,0.988911278377735,8,time1,TIME1,0.646575493921697,10
0.00012462402434151843,False,107,time0,0.9865019572439668,0,time0,TIME0,0.645790854907841,2
0.0002961134736826591,False,107,time1,0.970670050179602,6,time1,TIME1,0.6403967765083529,7
0.00023754918876038188,False,107,goleiro_time1,0.9633578527187239,9,goleiro1,GOL-TIME1,0.6387380360375591,9
0.0005062777839133397,False,107,goleiro_time1,0.9545292150282418,4,goleiro1,GOL-TIME1,0.6356001940347535,6
0.0005251004583321634,False,107,time0,0.9443764374361917,1,time0,TIME0,0.6324242566748688,5
0.0008802705999864095,False,107,time0,0.9268437646601524,3,time0,TIME0,0.6270996254468604,8
0.001182038526436613,False,107,time1,0.8904444046607941,5,time1,TIME1,0.6158866905501387,1
0.001108766469895937,False,107,time0,0.8852538305279294,2,time0,TIME0,0.6141557383127306,3
4.4300836941782317e-05,False,108,time0,0.994572154847925,0,time0,TIME0,0.648220058033523,2
7.989681033889594e-05,False,108,time1,0.9859399321109461,8,time1,TIME1,0.6456659363684187,10
0.00013928069577688528,False,108,goleiro_time1,0.9688139867635277,9,goleiro1,GOL-TIME1,0.6404121524143039,9
0.00044423462795501855,False,108,goleiro_time1,0.9568274011217426,4,goleiro1,GOL-TIME1,0.6365263072525397,6
0.00028776665386273453,False,108,time1,0.9533174036764519,6,time1,TIME1,0.6356288841340637,7
0.0008909155709517888,False,108,time0,0.908939765796739,2,time0,TIME0,0.6212432430401466,3
0.0012852523223902182,False,108,time0,0.9065750925038553,3,time0,TIME0,0.6205014200333142,8
0.0010414340581594544,False,108,time1,0.8939665309884455,5,time1,TIME1,0.6171425648843846,1
0.0009801403208198963,False,108,time0,0.8936177381052851,1,time0,TIME0,0.6168537393965661,5
6.619904417484616e-05,False,109,time0,0.9938497494536699,0,time0,TIME0,0.6480538965752246,2
6.521600931846619e-05,False,109,time1,0.9901835229729745,8,time1,TIME1,0.6469167956579689,10
0.0002310916678892826,False,109,time1,0.9717551018892466,6,time1,TIME1,0.6411709114516868,7
0.0003197435224316127,False,109,goleiro_time1,0.9711054301258221,4,goleiro1,GOL-TIME1,0.6409186634228151,6
0.00026994016032652883,False,109,goleiro_time1,0.9593699224851872,9,goleiro1,GOL-TIME1,0.6374700615354734,9
0.0010672897107600074,False,109,time0,0.9447713745498332,3,time0,TIME0,0.632168308622991,8
0.0009572572809019728,False,109,time1,0.9136001240722686,5,time1,TIME1,0.6229029639394958,1
0.0008842574542765609,False,109,time0,0.9097116069106328,2,time0,TIME0,0.6220808096069905,3
0.0013949883737232858,False,109,time0,0.851395612273216,1,time0,TIME0,0.6037450162406418,5
8.69579576709144e-05,False,110,time0,0.9916632303242484,0,time0,TIME0,0.6473181841436859,2
0.00010282824259942526,False,110,time1,0.9810151092230304,8,time1,TIME1,0.6441449271739547,10
0.00022522652357531757,False,110,goleiro_time1,0.9768756516840728,4,goleiro1,GOL-TIME1,0.6427919681992624,6
0.00017340704427118818,False,110,time1,0.9714111746858799,6,time1,TIME1,0.6409969685075835,7
0.00020524777251624762,False,110,goleiro_time1,0.9686482349663676,9,goleiro1,GOL-TIME1,0.6402590670668198,9
0.0006466475134991218,False,110,time1,0.9417261786565563,5,time1,TIME1,0.6317169999788029,1
0.0006892118225220284,False,110,time0,0.9193179807505676,2,time0,TIME0,0.6247803494434682,3
0.0010636262246174323,False,110,time0,0.9114111161889005,3,time0,TIME0,0.6220876922262877,8
0.0012854549474892799,False,110,time0,0.8537684116670738,1,time0,TIME0,0.6048044378515218,5
8.286057656392692e-05,False,111,time1,0.9882592646398387,8,time1,TIME1,0.6463882542542597,10
0.0001232632679410907,False,111,time0,0.9871065074378591,0,time0,TIME0,0.6459908668004362,2
0.0002091229775358031,False,111,goleiro_time1,0.9833436810378766,4,goleiro1,GOL-TIME1,0.6446915014652468,6
4.4075401299364155e-05,False,111,time1,0.9784116099803175,6,time1,TIME1,0.6433609041972531,7
0.00026216869635248784,False,111,goleiro_time1,0.9605366695147561,9,goleiro1,GOL-TIME1,0.6377203060628315,9
0.0006725653132569985,False,111,time0,0.9350677497333569,3,time0,TIME0,0.629294104063129,8
0.0010366935237311806,False,111,time0,0.8960357304435609,2,time0,TIME0,0.6174509051556556,3
0.0013574192249103734,False,111,time1,0.8876439939774758,5,time1,TIME1,0.6145631137123925,1
0.0016904539189000194,False,111,time0,0.8126199096265526,1,time0,TIME0,0.5919723858377333,5
0.00010625094021510466,False,112,time0,0.9923588446363578,0,time0,TIME0,0.6474937655377812,2
9.350990417186561e-05,False,112,time1,0.9786822700526144,8,time1,TIME1,0.6435103006451186,10
0.0001392429635742245,False,112,goleiro_time1,0.9779066952870136,4,goleiro1,GOL-TIME1,0.6431855693740298,6
0.0002810372582029843,False,112,goleiro_time1,0.9706268902376378,9,goleiro1,GOL-TIME1,0.6407865768050112,9
0.0002164172274401585,False,112,time1,0.9560648887615198,6,time1,TIME1,0.6365046842000222,7
0.0005576400503859671,False,112,time0,0.9469185509167559,3,time0,TIME0,0.6333696494011982,8
0.0009790174104687115,False,112,time0,0.9034983447678837,2,time0,TIME0,0.6194880586622875,3
0.0014150365900845317,False,112,time1,0.8865461544730732,5,time1,TIME1,0.6146017271027604,1
0.0016906285397290054,False,112,time0,0.8068292158119481,1,time0,TIME0,0.5904662079635394,5
0.00012538082452060036,False,113,time0,0.9915734651886039,0,time0,TIME0,0.6472933428036878,2
9.788637674760954e-05,False,113,time1,0.9842207875968652,8,time1,TIME1,0.645146161457333,10
0.00015080787734820703,False,113,goleiro_time1,0.9772671520563704,9,goleiro1,GOL-TIME1,0.6429326193436916,9
0.00018739900746815206,False,113,time1,0.9731158989684068,6,time1,TIME1,0.6416541639238372,7
0.0004122646082565393,False,113,goleiro_time1,0.9577173138140396,4,goleiro1,GOL-TIME1,0.6367338720789846,6
0.0006366670351595588,False,113,time0,0.942246369927911,3,time0,TIME0,0.6320215053635619,8
0.0014396802462863405,False,113,time0,0.8915691223623741,2,time0,TIME0,0.6156000605879571,3
0.0018852876415311715,False,113,time1,0.8517060186610301,5,time1,TIME1,0.6034380517996019,1
0.001764409847833122,False,113,time0,0.7801502049860463,1,time0,TIME0,0.5823375685241807,5
0.00019845633116392044,False,114,time0,0.97848073178168,0,time0,TIME0,0.6432461528638718,2
0.0001354066956511963,False,114,time1,0.9770592691593761,8,time1,TIME1,0.6429411685679617,10
0.0004792569608946217,False,114,time0,0.9618926085699652,3,time0,TIME0,0.6379928359537599,8
0.0005739900796612831,False,114,time0,0.954705279242397,2,time0,TIME0,0.6352994132574257,3
0.00028875070970812766,False,114,goleiro_time1,0.9445466652151709,9,goleiro1,GOL-TIME1,0.6329937480021606,9
0.0006015680963362343,False,114,goleiro_time1,0.9324773712603188,4,goleiro1,GOL-TIME1,0.6289769442095439,6
0.00035467867178765614,False,114,time1,0.9276842590025435,6,time1,TIME1,0.6277746188975326,7
0.0013578833246615544,False,114,time0,0.8182708561996216,1,time0,TIME0,0.5939670624948115,5
0.002622518111997069,False,114,time1,0.799159943582902,5,time1,TIME1,0.5868534913752315,1
0.0001299696437864445,False,115,time0,0.9852178214002926,0,time0,TIME0,0.6453373802814784,2
0.00017642352777365094,False,115,time0,0.9810219125692075,3,time0,TIME0,0.6438930424408652,8
0.00021824184261299385,False,115,goleiro_time1,0.9775104093087683,9,goleiro1,GOL-TIME1,0.643006447369051,9
0.0004590225567232716,False,115,time0,0.9684879372369873,2,time0,TIME0,0.6400307281103138,3
0.00024008159663966682,False,115,time1,0.9657216888929032,8,time1,TIME1,0.639392928266315,10
0.0007712682402363741,False,115,time0,0.8923389248885913,1,time0,TIME0,0.616580799592629,5
0.0011300353071593925,False,115,goleiro_time1,0.8770739044790924,4,goleiro1,GOL-TIME1,0.6116815297535572,6
0.002313472930987574,False,115,time1,0.8101944585143062,5,time1,TIME1,0.5907428753239296,1
0.0018862446570215824,False,115,time1,0.8049509926280458,6,time1,TIME1,0.5885707849266046,7
5.165947256943436e-05,False,116,time1,0.9903075118481717,8,time1,TIME1,0.6468838902636516,10
0.0002643567836140132,False,116,time0,0.9739589199495325,2,time0,TIME0,0.6418123574690326,3
0.0002881436461289157,False,116,goleiro_time1,0.9724959420517781,9,goleiro1,GOL-TIME1,0.6414259736251869,9
0.0002686419696255047,False,116,time0,0.9715225809120966,3,time0,TIME0,0.6411269444762583,8
0.00031318879833322196,False,116,time0,0.9648188530464017,0,time0,TIME0,0.6388872478111457,2
0.0005604472247991825,False,116,goleiro_time1,0.933044681321567,4,goleiro1,GOL-TIME1,0.6290152207604367,6
0.0004854967384194083,False,116,time0,0.9257783346166831,1,time0,TIME0,0.6270315019209186,5
0.0009312232532768074,False,116,time1,0.8924662836848309,6,time1,TIME1,0.6153918269562627,7
0.002516468376374573,False,116,time1,0.7668895996221805,5,time1,TIME1,0.5776254612510887,1
0.000108485878823396,False,117,time0,0.9882865813353718,0,time0,TIME0,0.6462454325339384,2
0.00015613106040102993,False,117,time0,0.9841873735569313,2,time0,TIME0,0.6450340607174444,3
0.00017366300177770825,False,117,time1,0.9754045893086442,8,time1,TIME1,0.642362674558023,10
0.000302161000878729,False,117,goleiro_time1,0.955825351770139,9,goleiro1,GOL-TIME1,0.636455571698782,9
0.0004916081630396815,False,117,time0,0.9531097932559247,3,time0,TIME0,0.6352112662131807,8
0.00042005976424892323,False,117,goleiro_time1,0.949158556780814,4,goleiro1,GOL-TIME1,0.634206794968758,6
0.0006134484005920875,False,117,time0,0.9121435742878761,1,time0,TIME0,0.6228153756217933,5
0.001868709113646398,False,117,time1,0.8001795745963262,5,time1,TIME1,0.5878228875750614,1
0.0019325131902828442,False,117,time1,0.7921349367120072,6,time1,TIME1,0.58395169740367,7
0.00022917390807902178,False,118,time0,0.9749635999864289,0,time0,TIME0,0.6420518904711926,2
0.000197410064745737,False,118,time1,0.9732091005183685,8,time1,TIME1,0.6417578025287713,10
0.0001292448176856509,False,118,time0,0.9662247135881467,2,time0,TIME0,0.6397134780193376,3
0.0004244066915587518,False,118,goleiro_time1,0.9504553648809807,4,goleiro1,GOL-TIME1,0.6347275083338535,6
0.00046209536584321893,False,118,goleiro_time1,0.9458142747129485,9,goleiro1,GOL-TIME1,0.6331767372377225,9
0.000277815169074527,False,118,time0,0.9228940307356037,3,time0,TIME0,0.6262993544747774,8
0.0005813251183937922,False,118,time0,0.9204487012895115,1,time0,TIME0,0.6254840437456295,5
0.0010173315134515343,False,118,time1,0.8649283279822136,6,time1,TIME1,0.6065642560286455,7
0.0016635515559730162,False,118,time1,0.8130642808013487,5,time1,TIME1,0.5920262287092257,1
0.00025121225398107706,False,119,time0,0.9748323988530531,0,time0,TIME0,0.6420902063930328,2
0.00034845094320153433,False,119,time0,0.9662673459829382,2,time0,TIME0,0.639387462304059,3
0.00029499682877957996,False,119,time1,0.9610012986630668,8,time1,TIME1,0.6379403828772308,10
0.0003318585907450294,False,119,goleiro_time1,0.9605960891868879,9,goleiro1,GOL-TIME1,0.6377745204596914,9
0.0003973924383823794,False,119,goleiro_time1,0.94949876030104,4,goleiro1,GOL-TIME1,0.6342913253206273,6
0.00037948396133087977,False,119,time0,0.9233344892175,3,time0,TIME0,0.6265106219193511,8
0.0009824327138409786,False,119,time0,0.8831147893950123,1,time0,TIME0,0.6136712928711389,5
0.0007635296762064346,False,119,time1,0.8761122340865888,6,time1,TIME1,0.6119375540033367,7
0.002347782017490595,False,119,time1,0.7564217423917581,5,time1,TIME1,0.5741497168644059,1
0.0002491259104942559,False,120,time0,0.972969921267603,0,time0,TIME0,0.6415185267138674,2
0.00037630948453478834,False,120,goleiro_time1,0.9545134097908287,9,goleiro1,GOL-TIME1,0.6359666126715517,9
0.00032776141890908194,False,120,time0,0.9474435495610521,2,time0,TIME0,0.6339083645635615,3
0.000442791697792897,False,120,time1,0.9437919153534102,8,time1,TIME1,0.6325807420432222,10
0.0005612890778021445,False,120,time0,0.9279997172168748,3,time0,TIME0,0.6276457617919026,8
0.0007824657882120139,False,120,goleiro_time1,0.9235498386662946,4,goleiro1,GOL-TIME1,0.6260405390739217,6
0.0007435009918089191,False,120,time0,0.9172985471768083,1,time0,TIME0,0.6242566289219917,5
0.0015677112031585274,False,120,time1,0.8250982872533881,5,time1,TIME1,0.5955487889018263,1
0.0024406977504476198,False,120,time1,0.7954251872217158,6,time1,TIME1,0.5852079755939728,7
0.0006210342601783175,False,121,time0,0.9475280249733238,2,time0,TIME0,0.6334873209497558,3
0.000800918268502682,False,121,time0,0.9369336016885558,3,time0,TIME0,0.630158935502137,8
0.00041810613665072135,False,121,goleiro_time1,0.9307547523741468,9,goleiro1,GOL-TIME1,0.6286780373108514,9
0.0007682585421888436,False,121,time0,0.9149288566073167,0,time0,TIME0,0.6230866393855649,2
0.0007377486509270432,False,121,time1,0.8990897944737358,8,time1,TIME1,0.6188529060368902,10
0.0011704604856610326,False,121,goleiro_time1,0.8862191383809882,4,goleiro1,GOL-TIME1,0.6145351760184152,6
0.0012132451253812915,False,121,time0,0.8684340744051412,1,time0,TIME0,0.6091048173925941,5
0.003146018978598282,False,121,time1,0.7454549814535466,5,time1,TIME1,0.5691565379421507,1
0.002411214327295313,False,121,time1,0.6906355998024334,6,time1,TIME1,0.5517425708629713,7
0.00018928721567095083,False,122,goleiro_time1,0.9752959273425642,9,goleiro1,GOL-TIME1,0.6421737862936092,9
0.001135665991810034,False,122,time0,0.9249993693807766,3,time0,TIME0,0.6261692838749555,8
0.000937597877449893,False,122,goleiro_time1,0.9202745843541719,4,goleiro1,GOL-TIME1,0.6250163979024754,6
0.0009383292353437522,False,122,time0,0.9087205357279027,0,time0,TIME0,0.6214942403114457,2
0.0008098196185292399,False,122,time1,0.8943006516689627,8,time1,TIME1,0.6173228058971478,10
0.0014345201551306656,False,122,time0,0.8812990861587812,2,time0,TIME0,0.6125268727280265,3
0.0011442841029963163,False,122,time0,0.8749950049948714,1,time0,TIME0,0.6114112205218882,5
0.002602348543798829,False,122,time1,0.73206929706443,6,time1,TIME1,0.5639273643882806,7
0.006661193492205428,False,122,time1,0.7031549342733056,5,time1,TIME1,0.5522569580225353,1
0.0001765153406862766,False,123,goleiro_time1,0.9760423041590249,9,goleiro1,GOL-TIME1,0.6426180069238447,9
0.0005013985471763943,False,123,time0,0.9532845771297174,0,time0,TIME0,0.6352313203484505,2
0.0005276465132198728,False,123,time1,0.9291844584931055,8,time1,TIME1,0.6279424135509102,10
0.0007890270060541903,False,123,goleiro_time1,0.9268020432515862,4,goleiro1,GOL-TIME1,0.6271731024667273,6
0.001154284671355716,False,123,time0,0.9186755274251547,3,time0,TIME0,0.6244684508491198,8
0.0013610202087690117,False,123,time0,0.8480051035764379,1,time0,TIME0,0.6029899111790533,5
0.001919523064628124,False,123,time0,0.846643486847981,2,time0,TIME0,0.6017962224706408,3
0.003022692434704561,False,123,time1,0.8299916594066304,5,time1,TIME1,0.5937152520586924,1
0.00015792072096864406,False,124,goleiro_time1,0.9790885841817373,9,goleiro1,GOL-TIME1,0.6435050683876262,9
0.00029005828589821704,False,124,time0,0.9706149313636337,0,time0,TIME0,0.6407499839520939,2
0.0005605452904768205,False,124,goleiro_time1,0.9531915642703788,4,goleiro1,GOL-TIME1,0.6352705592935992,6
0.0010108289422329222,False,124,time0,0.9398712736476105,3,time0,TIME0,0.6304232637024979,8
0.0007150917251970311,False,124,time1,0.9080489949408912,8,time1,TIME1,0.6216163063527368,10
0.002032274343837415,False,124,time0,0.8482956513627549,2,time0,TIME0,0.6024688160411013,3
0.0014940883829886794,False,124,time0,0.8270442029701252,1,time0,TIME0,0.5966031990986179,5
0.0024449320772548526,False,124,time1,0.7156424824685821,6,time1,TIME1,0.5620281953899674,7
9.008194941400039e-05,False,125,goleiro_time1,0.9831423896275434,9,goleiro1,GOL-TIME1,0.6447957114815649,9
0.0003555393465011219,False,125,goleiro_time1,0.9621273474014603,4,goleiro1,GOL-TIME1,0.6381241163110232,6
0.001167659348400243,False,125,time0,0.92882725026563,3,time0,TIME0,0.627105724027921,8
0.0009190316551782293,False,125,time1,0.9142765094978409,6,time1,TIME1,0.6223280157794143,7
0.0012987019818825201,False,125,time0,0.9007275417337931,2,time0,TIME0,0.6184899800993084,3
0.0018252582563996296,False,125,time0,0.8354721593750303,0,time0,TIME0,0.5975978813620788,2
0.0016767780944874327,False,125,time0,0.8017005347092272,1,time0,TIME0,0.5887894995625037,5
5.17893347620541e-05,False,126,goleiro_time1,0.993679380109045,9,goleiro1,GOL-TIME1,0.6480157696865234,9
0.00042347803546503,False,126,time0,0.9549937785004413,3,time0,TIME0,0.6356042379295932,8
0.0006533951728132691,False,126,time0,0.9492180713634263,2,time0,TIME0,0.6337151399731691,3
0.0006095378477914176,False,126,time0,0.9376584406521311,0,time0,TIME0,0.629083353458994,2
0.0006135082647926116,False,126,goleiro_time1,0.9323136935931412,4,goleiro1,GOL-TIME1,0.6289397349067751,6
0.0009185686715392615,False,126,time1,0.9122794516272464,6,time1,TIME1,0.6228236809667368,7
0.0009009682921909672,False,126,time0,0.8828300555956826,1,time0,TIME0,0.613495250069373,5
0.0010910304321813705,False,126,time1,0.8627673853445365,8,time1,TIME1,0.6075818697877364,10
9.619216279886051e-05,False,127,goleiro_time1,0.9787352637047282,9,goleiro1,GOL-TIME1,0.6434464847720491,9
0.0003153813754097866,False,127,time1,0.9420484404841104,8,time1,TIME1,0.6317604983570861,10
0.0006260061342289552,False,127,time1,0.9303962746386772,6,time1,TIME1,0.6283444897185979,7
0.0013600304201654327,False,127,time0,0.9105153082811811,3,time0,TIME0,0.6212746461869126,8
0.0007237018714007012,False,127,time0,0.9052225152398811,1,time0,TIME0,0.620729133242737,5
0.0010369472870625544,False,127,time0,0.9061013253956197,0,time0,TIME0,0.620589720871811,2
0.0012981221108554104,False,127,goleiro_time1,0.8626793446126714,4,goleiro1,GOL-TIME1,0.6071082676261256,6
0.0015020971983713233,False,127,time0,0.8582309472350215,2,time0,TIME0,0.604796351952422,3
4.003595973348765e-05,False,128,goleiro_time1,0.9880335875104082,9,goleiro1,GOL-TIME1,0.646290790598685,9
0.0004821263839299074,False,128,time1,0.9388053394728821,8,time1,TIME1,0.6310411078628666,10
0.0006382132564337709,False,128,time0,0.9342179073603809,0,time0,TIME0,0.6285430868611356,2
0.0006799942068801597,False,128,time0,0.917731649559294,1,time0,TIME0,0.6246390438810312,5
0.0007247115470946237,False,128,time1,0.9164806349433678,6,time1,TIME1,0.6242117375712282,7
0.0011862499222111027,False,128,time0,0.9127949771414082,3,time0,TIME0,0.6225823929642458,8
0.0011856027800569637,False,128,goleiro_time1,0.8535732049686529,4,goleiro1,GOL-TIME1,0.6044552667120588,6
0.0013136502756828548,False,128,time0,0.842324455570887,2,time0,TIME0,0.6012356813746315,3
5.620738568851154e-05,False,129,goleiro_time1,0.9829622434885379,9,goleiro1,GOL-TIME1,0.6448048000285245,9
0.00021745072198335727,False,129,time1,0.953054887399967,6,time1,TIME1,0.6352312710501096,7
0.0005693399503222753,False,129,time1,0.9301004648454942,8,time1,TIME1,0.6284504174903581,10
0.000535852119478646,False,129,time0,0.9297918902407555,1,time0,TIME0,0.6282388764626518,5
0.001039383151235401,False,129,time0,0.9064736853199976,3,time0,TIME0,0.6207783056148941,8
0.000849688212163127,False,129,time0,0.9024932088897295,2,time0,TIME0,0.6194968597601107,3
0.0010862512396846227,False,129,time0,0.8965691720782821,0,time0,TIME0,0.61767254727084,2
0.0011435824742732257,False,129,goleiro_time1,0.8771701496058693,4,goleiro1,GOL-TIME1,0.6110795009967657,6
7.959701372027604e-05,False,130,goleiro_time1,0.9881626104213018,9,goleiro1,GOL-TIME1,0.6463134294555818,9
0.00015167197649687222,False,130,time0,0.9832941120971509,0,time0,TIME0,0.6440416836162571,2
0.0001181776138601774,False,130,time1,0.9757421137510736,6,time1,TIME1,0.6425241775871932,7
0.00048683389158314633,False,130,time0,0.9401248451822461,1,time0,TIME0,0.6315521698610912,5
0.00046661638129211365,False,130,time0,0.923925059305381,2,time0,TIME0,0.6261390482474058,3
0.0011177954118414084,False,130,goleiro_time1,0.8815062405093401,4,goleiro1,GOL-TIME1,0.6133908674209584,6
0.0020693237902179814,False,130,time0,0.8506797682561893,3,time0,TIME0,0.6025862794119909,8
0.0011885938593234838,False,130,time1,0.8452096809664843,8,time1,TIME1,0.6019701737204641,10
8.314228709145632e-05,False,131,time0,0.991244610769992,0,time0,TIME0,0.647211265248409,2
7.170439449718731e-05,False,131,goleiro_time1,0.984899769898024,9,goleiro1,GOL-TIME1,0.6453532376988913,9
0.0005077940730872898,False,131,time1,0.9591418337565848,6,time1,TIME1,0.6369685199310127,7
0.00039116886985087027,False,131,time0,0.9528537922239723,2,time0,TIME0,0.6352549274854432,3
0.00048133673453909726,False,131,time0,0.9390798017127024,3,time0,TIME0,0.6302026352917489,8
0.0006583215906574072,False,131,time0,0.9219315543847115,1,time0,TIME0,0.6258578321139506,5
0.0006623358404291543,False,131,goleiro_time1,0.9081176973344818,4,goleiro1,GOL-TIME1,0.6213979775256194,6
0.0009643795987931283,False,131,time1,0.8984937124382877,8,time1,TIME1,0.6185118925480579,10
9.024247932629534e-05,False,132,time0,0.9817820787418232,2,time0,TIME0,0.6442414820824249,3
0.00014026827752222455,False,132,goleiro_time1,0.9761148555504829,9,goleiro1,GOL-TIME1,0.6426274107931919,9
0.00036039042677087177,False,132,time0,0.9586613392515778,3,time0,TIME0,0.6371309432442787,8
0.0004610231371329862,False,132,time0,0.9505112748997125,0,time0,TIME0,0.6343639275109244,2
0.000748057266257275,False,132,goleiro_time1,0.9289011383370035,4,goleiro1,GOL-TIME1,0.6276277538256685,6
0.0005419668417031855,False,132,time1,0.9278106494677484,8,time1,TIME1,0.6272919757549058,10
0.0006794911446662648,False,132,time1,0.9249637036904866,6,time1,TIME1,0.6265716448800573,7
0.0008393153696482652,False,132,time0,0.9048984759704302,1,time0,TIME0,0.620567124446066,5
0.00010679773373480601,False,133,time0,0.9804564307539464,2,time0,TIME0,0.6440205381786489,3
0.00012798791045342032,False,133,time0,0.9809704744011984,0,time0,TIME0,0.6439401569907162,2
0.0001887684264213251,False,133,goleiro_time1,0.9678424253519606,9,goleiro1,GOL-TIME1,0.6399820187513849,9
0.00037678258928223454,False,133,time1,0.9503721675640018,6,time1,TIME1,0.634561354884015,7
0.0005869154200752668,False,133,time1,0.9320341153647833,8,time1,TIME1,0.6289252892619027,10
0.0011442040473112088,False,133,time0,0.904728868693385,3,time0,TIME0,0.6197774990470842,8
0.000921326280423738,False,133,time0,0.9013563313348362,1,time0,TIME0,0.6194658586955867,5
0.002069212381926159,False,133,goleiro_time1,0.867660123900049,4,goleiro1,GOL-TIME1,0.6074813795156748,6
4.256330071698671e-05,False,134,time0,0.9968762606427379,0,time0,TIME0,0.6489461190941687,2
0.00011552869908555063,False,134,goleiro_time1,0.984223514134843,9,goleiro1,GOL-TIME1,0.6449682467301616,9
0.00014802907501477384,False,134,time0,0.9840255777327356,2,time0,TIME0,0.6449536295566058,3
8.700114360370766e-05,False,134,time1,0.9695759450945389,6,time1,TIME1,0.6404837131235759,7
0.0004204300852080121,False,134,goleiro_time1,0.9583072696811235,4,goleiro1,GOL-TIME1,0.6359816830152834,6
0.0012411954162117045,False,134,time0,0.8739690837514578,1,time0,TIME0,0.6108244091429332,5
0.0012638570600524359,False,134,time1,0.8714344711136868,8,time1,TIME1,0.6098162148473784,10
0.0020703674566020323,False,134,time0,0.8127843600291917,3,time0,TIME0,0.5904843596205808,8
0.00012654023681439282,False,135,time0,0.99089629594214,0,time0,TIME0,0.6470939728627532,2
0.00016565570836626407,False,135,goleiro_time1,0.9696147362191756,9,goleiro1,GOL-TIME1,0.6406759081421706,9
0.0002624406218735121,False,135,time0,0.967676057745314,2,time0,TIME0,0.6399378605001135,3
0.00047096678376951496,False,135,time1,0.9300597694399557,6,time1,TIME1,0.6282879359325174,7
0.0009022183378697056,False,135,goleiro_time1,0.9219807836892524,4,goleiro1,GOL-TIME1,0.6254371031178634,6
0.0015834711134673223,False,135,time0,0.8992806256028064,3,time0,TIME0,0.616273784814444,8
0.0012658496247471651,False,135,time1,0.8787747921034459,8,time1,TIME1,0.6121419770808593,10
0.0013930708929410782,False,135,time0,0.8572771814643534,1,time0,TIME0,0.6057523858763083,5
5.963861902600293e-05,False,136,time0,0.9933068518089943,0,time0,TIME0,0.6478754721020057,2
0.00012030295785899251,False,136,goleiro_time1,0.9847619010889372,9,goleiro1,GOL-TIME1,0.6452338569152969,9
0.0001722019982075895,False,136,time0,0.9703029813827588,2,time0,TIME0,0.6408671938354311,3
0.0004665550458527632,False,136,goleiro_time1,0.9627071565169855,4,goleiro1,GOL-TIME1,0.6380623210476155,6
0.0005357929147989753,False,136,time0,0.9395189926151576,3,time0,TIME0,0.6306458228291741,8
0.0006971142013854355,False,136,time1,0.937088922725311,6,time1,TIME1,0.6303069327984452,7
0.0013306380108908714,False,136,time1,0.8747619806316933,8,time1,TIME1,0.6111531871292698,10
0.0014064677907651218,False,136,time0,0.8493914720317673,1,time0,TIME0,0.6034183255824621,5
1.6148322115134166e-05,False,137,time0,0.9969236140845873,0,time0,TIME0,0.6490116920899761,2
0.00010505876114969063,False,137,goleiro_time1,0.9843148695192786,9,goleiro1,GOL-TIME1,0.6451227441870959,9
0.0006054056959840622,False,137,time1,0.9691122297981094,6,time1,TIME1,0.6400804765289266,7
0.0004199260590790241,False,137,time0,0.959003688474097,2,time0,TIME0,0.637150449066259,3
0.0003862763919644868,False,137,goleiro_time1,0.9452658043201624,4,goleiro1,GOL-TIME1,0.6330471658641093,6
0.001561116603414703,False,137,time0,0.918378718015408,3,time0,TIME0,0.6233772243623351,8
0.001096338864796649,False,137,time1,0.8728184782507262,8,time1,TIME1,0.61068863903253,10
0.0016727641491099256,False,137,time0,0.8148648226729114,1,time0,TIME0,0.5927491341912288,5
3.916960933575613e-05,False,138,time0,0.9982255591769024,0,time0,TIME0,0.6494040216313903,2
8.448987209945942e-05,False,138,goleiro_time1,0.9903068004790926,9,goleiro1,GOL-TIME1,0.6469470741034917,9
0.000250304905484152,False,138,time0,0.982895730406833,2,time0,TIME0,0.6444731695475057,3
0.0003293190803334789,False,138,goleiro_time1,0.9658049430535209,4,goleiro1,GOL-TIME1,0.6394032625909083,6
0.0006646803863300152,False,138,time1,0.9554777105191988,6,time1,TIME1,0.6359270978116878,7
0.0010342197117430864,False,138,time1,0.8719436777642452,8,time1,TIME1,0.6104440224434093,10
0.0013248487368412143,False,138,time0,0.860669285518657,3,time0,TIME0,0.6060082712565736,8
0.0011108451781605727,False,138,time0,0.8565166139616212,1,time0,TIME0,0.6055341907054425,5
1.4809900642062962e-05,False,139,time0,0.9972009505578096,0,time0,TIME0,0.6491214823898184,2
6.810282087470917e-05,False,139,goleiro_time1,0.991127586339401,9,goleiro1,GOL-TIME1,0.6472585239519363,9
0.00042906955472346434,False,139,time0,0.9791508455891297,2,time0,TIME0,0.6432305041393478,3
0.00043175715293275176,False,139,goleiro_time1,0.9559226861771534,4,goleiro1,GOL-TIME1,0.6361681168144577,6
0.0007227517555130627,False,139,time1,0.9537075755981524,6,time1,TIME1,0.6353064153273007,7
0.0012159029944198102,False,139,time0,0.9128271577607876,3,time0,TIME0,0.6223259471640488,8
0.0010554433971942821,False,139,time0,0.8609199571947808,1,time0,TIME0,0.6072646636554072,5
0.000828545850706372,False,139,time1,0.8565772924652693,8,time1,TIME1,0.6060180968278726,10
4.1436556900842486e-05,False,140,goleiro_time1,0.9944091961941727,9,goleiro1,GOL-TIME1,0.6482104384934799,9
8.056446739649845e-05,False,140,time0,0.9912297614336836,0,time0,TIME0,0.6472312131197564,2
0.0004088366471571274,False,140,time0,0.9691400423412413,2,time0,TIME0,0.6402882468848585,3
0.0004824314376907131,False,140,time1,0.9652013214986113,6,time1,TIME1,0.6389002421392564,7
0.0006101798152434775,False,140,goleiro_time1,0.935229732702959,4,goleiro1,GOL-TIME1,0.6298897923625703,6
0.0012079187335058558,False,140,time0,0.9202909046130154,3,time0,TIME0,0.6242010594308156,8
0.0006806803114970126,False,140,time0,0.9031140101469375,1,time0,TIME0,0.620042371228019,5
0.0009122522881307536,False,140,time1,0.8948224323876542,8,time1,TIME1,0.6170733510322046,10
6.192682662628597e-05,False,141,time0,0.9952245681009498,0,time0,TIME0,0.6484820879465717,2
9.593611651068712e-05,False,141,goleiro_time1,0.9839934296170344,9,goleiro1,GOL-TIME1,0.6450235476393313,9
0.0006972207393694189,False,141,time1,0.959955495950876,6,time1,TIME1,0.6371897677828873,7
0.0004492330857692788,False,141,time0,0.9459312933917828,2,time0,TIME0,0.6332350238088826,3
0.0004563732614558449,False,141,time0,0.9356208964122403,1,time0,TIME0,0.6300802673978705,5
0.0004222226375209058,False,141,time1,0.9177410937929901,8,time1,TIME1,0.6246032655690856,10
0.002010336042175557,False,141,time0,0.8553723714110532,3,time0,TIME0,0.6028593840860632,8
0.0015654294639358434,False,141,goleiro_time1,0.8432333545394165,4,goleiro1,GOL-TIME1,0.6008874747210541,6
7.18533891360974e-05,False,142,time0,0.9915724819206215,0,time0,TIME0,0.6473301755396368,2
0.00016228893050908262,False,142,goleiro_time1,0.9788255966592212,9,goleiro1,GOL-TIME1,0.6434495161078383,9
0.0006770239786190763,False,142,time0,0.9488605494736294,3,time0,TIME0,0.6327664995970106,8
0.0008824529037573757,False,142,time1,0.9449029111880849,6,time1,TIME1,0.6325386695680146,7
0.00038332267709092094,False,142,time0,0.9377589954286285,2,time0,TIME0,0.6306122235649666,3
0.00035216229533834205,False,142,time1,0.9303389151985394,8,time1,TIME1,0.6287181635048094,10
0.0006269141422467336,False,142,time0,0.9205990416899975,1,time0,TIME0,0.6254928819070015,5
0.0007281845331753618,False,142,goleiro_time1,0.9155823918827578,4,goleiro1,GOL-TIME1,0.6234016504344205,6
2.7659771894565024e-05,False,143,time0,0.9934460464540388,0,time0,TIME0,0.6479419751327805,2
7.737283671667636e-05,False,143,goleiro_time1,0.9833599378303498,9,goleiro1,GOL-TIME1,0.6448745946415906,9
0.0005420986444090849,False,143,goleiro_time1,0.9419228237669047,4,goleiro1,GOL-TIME1,0.6317794597378995,6
0.0005672068062210614,False,143,time1,0.9399106530090716,6,time1,TIME1,0.6311727959472759,7
0.0007328452655803948,False,143,time0,0.9322020271768543,2,time0,TIME0,0.6286706299141719,3
0.0006196411999391748,False,143,time1,0.9295244756747612,8,time1,TIME1,0.627967056102217,10
0.0005728483983319679,False,143,time0,0.9210740426350141,1,time0,TIME0,0.6257461085959938,5
0.001326325353299224,False,143,time0,0.906190847105021,3,time0,TIME0,0.6200681182058128,8
5.376235798073297e-05,False,144,time0,0.9918999419179398,0,time0,TIME0,0.6474899671014454,2
0.0002641000524387999,False,144,goleiro_time1,0.9630260698606398,9,goleiro1,GOL-TIME1,0.6385173568255751,9
0.00046407854504888286,False,144,time0,0.9427284506858263,1,time0,TIME0,0.6322370482084219,5
0.0007370256131424093,False,144,time0,0.927541917917858,2,time0,TIME0,0.6274314992775096,3
0.0007211691591271763,False,144,time1,0.9235044347500675,6,time1,TIME1,0.6261740776056708,7
0.0007349918537605399,False,144,goleiro_time1,0.9136403805452483,4,goleiro1,GOL-TIME1,0.6232162228685292,6
0.001126239916846171,False,144,time1,0.8890644295726676,8,time1,TIME1,0.6151582918305831,10
0.004049440181039533,False,144,time0,0.727780086607168,3,time0,TIME0,0.5614858607632081,8
2.62509544973448e-05,False,145,time0,0.9967588789762674,0,time0,TIME0,0.6489801823422782,2
0.00026049508608885563,False,145,goleiro_time1,0.9534285041307505,9,goleiro1,GOL-TIME1,0.6357108840066229,9
0.00047577514738092485,False,145,time1,0.9489206415758583,6,time1,TIME1,0.634030029493779,7
0.00033818955971086844,False,145,time0,0.9539983387765687,3,time0,TIME0,0.6332991066221307,8
0.00048496628072391767,False,145,goleiro_time1,0.9316930519222427,4,goleiro1,GOL-TIME1,0.6288573907435366,6
0.0004483790062643454,False,145,time1,0.9300097114625164,8,time1,TIME1,0.6278215541588407,10
0.0007538149340383501,False,145,time0,0.9229900347582489,2,time0,TIME0,0.6260778993753944,3
0.0006869881211344286,False,145,time0,0.9200623708509781,1,time0,TIME0,0.6252367429648764,5
0.0001399627798531522,False,146,time0,0.9838226048803826,0,time0,TIME0,0.6449062417535675,2
0.0003516574574913808,False,146,time1,0.9675242613270071,6,time1,TIME1,0.6398026587691578,7
0.0005988789254233737,False,146,time0,0.9340022747174954,2,time0,TIME0,0.6294738749443196,3
0.0004593019399031747,False,146,goleiro_time1,0.9321973427775265,9,goleiro1,GOL-TIME1,0.6291035145910229,9
0.0006042246463330465,False,146,time0,0.9292915466010805,1,time0,TIME0,0.6281816487518684,5
0.0008439720941958055,False,146,goleiro_time1,0.9165720153923212,4,goleiro1,GOL-TIME1,0.6238058110791561,6
0.0012760585002314392,False,146,time1,0.8758354818967423,8,time1,TIME1,0.6107215126944658,10
0.004605111054354874,False,146,time0,0.6884866852730596,3,time0,TIME0,0.5489900890725907,8
0.0001791594993009041,False,147,time0,0.9801666316578342,0,time0,TIME0,0.6438548468785575,2
0.0005144840496929662,False,147,time0,0.9395753494674955,1,time0,TIME0,0.631341666815836,5
0.0005040193308500121,False,147,goleiro_time1,0.9373597429018191,9,goleiro1,GOL-TIME1,0.6307148789600103,9
0.0007393050694082937,False,147,time1,0.9379500301187788,6,time1,TIME1,0.6304130910027992,7
0.0006214585857488113,False,147,time1,0.9324709270426303,8,time1,TIME1,0.6286169452373863,10
0.0006963272408104116,False,147,time0,0.9268787954906329,2,time0,TIME0,0.6270727292386533,3
0.001071391017284381,False,147,goleiro_time1,0.9063719828081769,4,goleiro1,GOL-TIME1,0.6207496123428571,6
0.0030801580086177297,False,147,time0,0.7679673533357364,3,time0,TIME0,0.5723539833296744,8
3.333276100301336e-05,False,148,time0,0.9906256649155982,0,time0,TIME0,0.6470132129711819,2
0.00032868893352440393,False,148,time0,0.9563063864408812,2,time0,TIME0,0.6363207178407415,3
0.000648959996540041,False,148,time1,0.9508263942919173,6,time1,TIME1,0.6345232644058939,7
0.00038805222796036977,False,148,goleiro_time1,0.9418557074971192,9,goleiro1,GOL-TIME1,0.6320853276606353,9
0.0009609944304506164,False,148,time0,0.8996348147179124,1,time0,TIME0,0.6186673701186503,5
0.001334977252246141,False,148,goleiro_time1,0.8699392120044456,4,goleiro1,GOL-TIME1,0.6094814649255532,6
0.0018274022064963618,False,148,time0,0.849707071746083,3,time0,TIME0,0.6022187723157575,8
0.002968774271263799,False,148,time1,0.7229784514592973,8,time1,TIME1,0.5625699313680699,10
4.2355072861445864e-05,False,149,time0,0.9952625905798332,0,time0,TIME0,0.6485307460732262,2
0.00013391239896108276,False,149,time1,0.9889021660084579,6,time1,TIME1,0.6461950570011423,7
0.00011400024682509574,False,149,time0,0.9872767056367813,2,time0,TIME0,0.6459302513617414,3
8.986500510256756e-05,False,149,goleiro_time1,0.9849664515264521,9,goleiro1,GOL-TIME1,0.6451992725574482,9
0.00021269390246324602,False,149,time0,0.9775024409777828,1,time0,TIME0,0.6425469014278093,5
0.0004338884199361526,False,149,time0,0.9614607897319672,3,time0,TIME0,0.6370905311454784,8
0.0006345141561651213,False,149,goleiro_time1,0.9519821648621767,4,goleiro1,GOL-TIME1,0.634477752358028,6
0.0007139797730384845,False,149,time1,0.9193890187911048,8,time1,TIME1,0.6236289990992077,10
5.679696562356623e-05,False,150,time0,0.9941073663194137,0,time0,TIME0,0.6481162634433164,2
0.0002551027674942835,False,150,time0,0.9766667340496452,2,time0,TIME0,0.6425193926232339,3
0.0001154639265279074,False,150,goleiro_time1,0.9721114127500603,9,goleiro1,GOL-TIME1,0.641435811776246,9
0.00046881588333763717,False,150,time1,0.962445497739365,6,time1,TIME1,0.6380755816858829,7
0.0004768240899318012,False,150,goleiro_time1,0.9602500307081093,4,goleiro1,GOL-TIME1,0.6375283197719248,6
0.0001653321626553812,False,150,time0,0.944429627365532,3,time0,TIME0,0.6329296394898795,8
0.001252565657186144,False,150,time0,0.8679789324839764,1,time0,TIME0,0.6085454497825229,5
0.0012290102103921655,False,150,time1,0.8548482413056909,8,time1,TIME1,0.6049782228555877,10
0.00016281798038121344,False,151,time0,0.9778433586430767,0,time0,TIME0,0.6431260976648535,2
0.00033777776503658604,False,151,time0,0.9606048219702434,2,time0,TIME0,0.6376329299347816,3
0.0006064787871446415,False,151,time1,0.9515149634773014,6,time1,TIME1,0.6347813622805228,7
0.0001582707109291228,False,151,goleiro_time1,0.935139505688059,9,goleiro1,GOL-TIME1,0.6303361959375253,9
0.00045294659403195283,False,151,time0,0.9193491338630176,3,time0,TIME0,0.6251494368550556,8
0.001355564144947356,False,151,goleiro_time1,0.9155769432906568,4,goleiro1,GOL-TIME1,0.6228413850907819,6
0.0009956746749968863,False,151,time1,0.8641302001362362,8,time1,TIME1,0.6081453348768167,10
0.0016175284659339026,False,151,time0,0.8193973722097208,1,time0,TIME0,0.5940979870376231,5
1.9959617027392928e-05,False,152,time0,0.9968271174981275,0,time0,TIME0,0.6489253715377005,2
0.000609529476949819,False,152,time0,0.9488195808690645,2,time0,TIME0,0.6337420127612341,3
0.00026781140457560757,False,152,goleiro_time1,0.9372318517892372,9,goleiro1,GOL-TIME1,0.6306550805624079,9
0.0010603284174217867,False,152,goleiro_time1,0.922636101902338,4,goleiro1,GOL-TIME1,0.6255907723295667,6
0.001626485063515012,False,152,time1,0.8866576544842548,6,time1,TIME1,0.6138210800670864,7
0.0020885675940677797,False,152,time0,0.8422576248352134,3,time0,TIME0,0.5994150687842046,8
0.0017876111826612892,False,152,time0,0.7882949193166113,1,time0,TIME0,0.5847246994665092,5
1.7212806211501435e-05,False,153,time0,0.9984592831572889,0,time0,TIME0,0.6495191249037859,2
0.0002867024408674872,False,153,time0,0.9749373572936819,2,time0,TIME0,0.642000268013197,3
0.00048781738937243293,False,153,goleiro_time1,0.9576807279891352,9,goleiro1,GOL-TIME1,0.6365751629109341,9
0.0007262374246871323,False,153,goleiro_time1,0.9359918795318821,4,goleiro1,GOL-TIME1,0.6298562490528758,6
0.0015889371208341494,False,153,time0,0.8873703647647652,3,time0,TIME0,0.612498603453971,8
0.001973420326331076,False,153,time1,0.8641303482907756,6,time1,TIME1,0.6072017013333598,7
0.0015489494583200676,False,153,time0,0.8017912910010256,1,time0,TIME0,0.5889447933623321,5
6.313018028961824e-06,False,154,time0,0.9989467153702137,0,time0,TIME0,0.6496658818987961,2
0.00044941557011613035,False,154,goleiro_time1,0.9400954593036288,4,goleiro1,GOL-TIME1,0.6313479397866764,6
0.0008068375188927985,False,154,goleiro_time1,0.9277704980690066,9,goleiro1,GOL-TIME1,0.6273798989265943,9
0.0017048013384706878,False,154,time0,0.889354276871579,3,time0,TIME0,0.614880888524821,8
0.0015535219671278877,False,154,time0,0.8891235125819547,2,time0,TIME0,0.6144589572516079,3
0.0018931663791086093,False,154,time1,0.8632318448590571,6,time1,TIME1,0.6071932641421358,7
0.0009670060137601852,False,154,time0,0.8579500470391074,1,time0,TIME0,0.6060413092885923,5
4.959949089210239e-05,False,155,time0,0.994583786399664,0,time0,TIME0,0.6483004944722217,2
0.00021480682971368974,False,155,goleiro_time1,0.950362982515963,4,goleiro1,GOL-TIME1,0.6347496723498262,6
0.0009163944849480274,False,155,goleiro_time1,0.9183876104729713,9,goleiro1,GOL-TIME1,0.6245955842479745,9
0.0006550061793282178,False,155,time0,0.8980977032160944,1,time0,TIME0,0.6184933444744714,5
0.0023235144911046206,False,155,time0,0.8653737512710945,3,time0,TIME0,0.6068839770858241,8
0.0018367534004771963,False,155,time1,0.8592192352371817,6,time1,TIME1,0.6060247985050231,7
0.0021182050407055025,False,155,time0,0.8486695577099361,2,time0,TIME0,0.6022488034163072,3
4.914393954582679e-05,False,156,time0,0.9928660004912622,0,time0,TIME0,0.6478147740620467,2
0.0006552446214828473,False,156,goleiro_time1,0.9394248570796706,4,goleiro1,GOL-TIME1,0.630930863209846,6
0.00048663816608685684,False,156,time0,0.9282096090771734,1,time0,TIME0,0.6278707677029323,5
0.0010689641834739862,False,156,time0,0.9186692285690171,2,time0,TIME0,0.6239116369680557,3
0.001054009091535626,False,156,time0,0.8988508448396313,3,time0,TIME0,0.6174315264675013,8
0.00200651508274618,False,156,time1,0.8365345038194052,6,time1,TIME1,0.5989723572246225,7
4.866414525934164e-06,False,157,time0,0.9991639909207828,0,time0,TIME0,0.6497082473940545,2
0.0003700172497359833,False,157,goleiro_time1,0.9652624712199235,4,goleiro1,GOL-TIME1,0.6390227508740978,6
0.0006037578577660793,False,157,time0,0.926156889594206,1,time0,TIME0,0.6269723445551036,5
0.0007968675928868872,False,157,time0,0.8893775958946756,2,time0,TIME0,0.6152413937621583,3
0.0015843181411723634,False,157,goleiro_time1,0.8556513855841337,9,goleiro1,GOL-TIME1,0.6047861602249605,9
0.0018911417515539383,False,157,time1,0.8342048605903325,6,time1,TIME1,0.5981909919745451,7
0.003095994423345499,False,157,time0,0.8351945116606387,3,time0,TIME0,0.5960944663451682,8
8.764822075699338e-06,False,158,time0,0.9990110323420597,0,time0,TIME0,0.6496863964384263,2
0.0004215810505616459,False,158,time0,0.9424998100562728,1,time0,TIME0,0.6321355409249227,5
0.000611554916222463,False,158,goleiro_time1,0.9247393290879636,9,goleiro1,GOL-TIME1,0.6261479133058607,9
0.0006920716064063822,False,158,time1,0.9237824539059069,6,time1,TIME1,0.6256858762945554,7
0.0011457857812467486,False,158,time0,0.8727362491618161,3,time0,TIME0,0.6082940317337284,8
0.0020459229756978987,False,158,goleiro_time1,0.8307269952065391,4,goleiro1,GOL-TIME1,0.5961635851500474,6
0.008395909073142702,False,158,time0,0.551964982661666,2,time0,TIME0,0.5019435967672532,3
2.1732558107223015e-05,False,159,time0,0.9950256326535507,0,time0,TIME0,0.6484679978068673,2
0.000434456419587904,False,159,goleiro_time1,0.9525014799668658,9,goleiro1,GOL-TIME1,0.6350893718215636,9
0.0005237569636217596,False,159,time0,0.9461972162381767,3,time0,TIME0,0.6323893850850125,8
0.00047037037398870135,False,159,time0,0.9384614414509324,1,time0,TIME0,0.6310495580124076,5
0.0012835007364687847,False,159,time1,0.9130626439947631,6,time1,TIME1,0.6220618214252104,7
0.0011328586651996985,False,159,goleiro_time1,0.8964675221972753,4,goleiro1,GOL-TIME1,0.6172866295315007,6
0.0022009101732775606,False,159,time0,0.8718272055885964,2,time0,TIME0,0.6053215272493887,3
1.1994880150235443e-05,False,160,time0,0.9979626021331552,0,time0,TIME0,0.6493620385689798,2
0.0007968017422663108,False,160,time0,0.9488062932093916,2,time0,TIME0,0.6328676938510167,3
0.0006292115070404018,False,160,time0,0.9208199824181934,1,time0,TIME0,0.625557303302362,5
0.0019105267943310743,False,160,time0,0.8987057327782524,3,time0,TIME0,0.6168223805244639,8
0.0009459486290287503,False,160,goleiro_time1,0.8926375819634372,9,goleiro1,GOL-TIME1,0.6165710292678054,9
0.001292350187277431,False,160,time1,0.8906446157980565,6,time1,TIME1,0.6154695740775139,7
0.0012105744717846947,False,160,goleiro_time1,0.8868116926809744,4,goleiro1,GOL-TIME1,0.6148125381753169,6
1.4929652823910946e-05,False,161,time0,0.9987725920152829,0,time0,TIME0,0.6496105910212533,2
0.0006797575910909699,False,161,time0,0.9567273421703175,2,time0,TIME0,0.6360129632841485,3
0.0005309231650158417,False,161,time0,0.935198668574618,1,time0,TIME0,0.62996495649147,5
0.001038826921494261,False,161,time0,0.9365421189047871,3,time0,TIME0,0.6293858230067104,8
0.0010900554574308026,False,161,time1,0.9096319761640697,6,time1,TIME1,0.6217600986120471,7
0.0003048972260678488,False,161,goleiro_time1,0.9041179623358028,4,goleiro1,GOL-TIME1,0.6199519802141749,6
0.0008679847411381927,False,161,goleiro_time1,0.8930998688054878,9,goleiro1,GOL-TIME1,0.6170817871358647,9
6.62840652909929e-05,False,162,time0,0.995982995394187,0,time0,TIME0,0.6486991963507467,2
0.0006278541623920802,False,162,time1,0.9480657312780206,6,time1,TIME1,0.6335264874345508,7
0.0008075529975538069,False,162,time0,0.9469112526290993,2,time0,TIME0,0.6330705644558752,3
0.0005822614858082594,False,162,goleiro_time1,0.9445646348625917,4,goleiro1,GOL-TIME1,0.6323644919096088,6
0.000655983538500332,False,162,time0,0.9437205000437947,3,time0,TIME0,0.6321703623925204,8
0.0006059262608667543,False,162,goleiro_time1,0.9305298226659945,9,goleiro1,GOL-TIME1,0.6284218421559954,9
0.0008795340673904711,False,162,time0,0.9003745468889923,1,time0,TIME0,0.6188875615486168,5
1.444083055305387e-05,False,163,time0,0.9969763329978862,0,time0,TIME0,0.6490263880269822,2
0.0002872921793412085,False,163,goleiro_time1,0.9481660158111889,9,goleiro1,GOL-TIME1,0.6339358101757436,9
0.0008318779022540121,False,163,time0,0.94849168114665,2,time0,TIME0,0.6329502541426751,3
0.0006517791945257345,False,163,time0,0.9240483502467359,1,time0,TIME0,0.6264232797281536,5
0.001033175132176316,False,163,time1,0.916543017155227,6,time1,TIME1,0.6236463284800067,7
0.0010335972255223836,False,163,goleiro_time1,0.902661065941691,4,goleiro1,GOL-TIME1,0.6195509344056555,6
0.0011904795816399896,False,163,time0,0.9035997173313295,3,time0,TIME0,0.6195039655384638,8
6.357308579914914e-05,False,164,time0,0.9912699332279971,0,time0,TIME0,0.6472802875370978,2
0.00041159362188693727,False,164,goleiro_time1,0.9487613143687029,9,goleiro1,GOL-TIME1,0.6341165655426054,9
0.0004429920399351591,False,164,goleiro_time1,0.9433489189153874,4,goleiro1,GOL-TIME1,0.6321917384295273,6
0.0009651479913195152,False,164,time1,0.9224836766149316,6,time1,TIME1,0.6258172291090088,7
0.000825069161162381,False,164,time0,0.9104328150605812,1,time0,TIME0,0.6222522630366389,5
0.0017062646630468861,False,164,time0,0.8805939785787285,3,time0,TIME0,0.6122661549338082,8
0.006835977882363121,False,164,time0,0.7164650423987683,2,time0,TIME0,0.5536143237530361,3
4.465755528327334e-05,False,165,time0,0.9953880829452945,0,time0,TIME0,0.6485340928181533,2
0.00043135819354892066,False,165,goleiro_time1,0.933671433427346,9,goleiro1,GOL-TIME1,0.6295333174796266,9
0.0010889573044778006,False,165,goleiro_time1,0.9287593029809957,4,goleiro1,GOL-TIME1,0.6271309123991164,6
0.0015064916365487712,False,165,time0,0.8950373650756313,3,time0,TIME0,0.6167822442325849,8
0.0014827008930073091,False,165,time1,0.8860900968746986,6,time1,TIME1,0.6141118536384809,7
0.001064405676801204,False,165,time0,0.8801946758747738,1,time0,TIME0,0.6129250763401384,5
0.0023659005773000352,False,165,time0,0.834650890498151,2,time0,TIME0,0.5945794997320311,3
1.6292853890578283e-05,False,166,time0,0.9972672942393184,0,time0,TIME0,0.6491375457065014,2
0.00024484161229929756,False,166,goleiro_time1,0.9607090607741646,9,goleiro1,GOL-TIME1,0.6378619285566157,9
0.0014318837966184367,False,166,goleiro_time1,0.9136863934142984,4,goleiro1,GOL-TIME1,0.6225641697311929,6
0.0016606984687619413,False,166,time0,0.8888723796705098,3,time0,TIME0,0.614624191549263,8
0.0019103971223848545,False,166,time1,0.8554249156742512,6,time1,TIME1,0.6045661039379714,7
0.0013931045792369664,False,166,time0,0.8337407178839948,1,time0,TIME0,0.5986278033857665,5
0.0064079330201160835,False,166,time0,0.6675938774120573,2,time0,TIME0,0.5391864199185645,3
1.1000424961003913e-05,False,167,time0,0.9958739009977913,0,time0,TIME0,0.6487350470430449,2
0.00030140924857079295,False,167,goleiro_time1,0.9270685915442697,9,goleiro1,GOL-TIME1,0.6275133485426523,9
0.001337298562720019,False,167,goleiro_time1,0.9175833304987455,4,goleiro1,GOL-TIME1,0.623980798601647,6
0.0011868688571656729,False,167,time0,0.8443623181726179,1,time0,TIME0,0.6020832943781749,5
0.002057224930897842,False,167,time1,0.8312654706489453,6,time1,TIME1,0.5973976140808626,7
0.0029473808352914565,False,167,time0,0.8140619883843718,2,time0,TIME0,0.5885525925398049,3
0.004355897808079938,False,167,time0,0.7641030743071536,3,time0,TIME0,0.5728563489436745,8
1.5595166438740457e-05,False,168,time0,0.9986744946948287,0,time0,TIME0,0.6495824003765622,2
0.00034066309267090925,False,168,goleiro_time1,0.9557604272382562,9,goleiro1,GOL-TIME1,0.6360287921135175,9
0.0009610814872032428,False,168,goleiro_time1,0.9296935264062329,4,goleiro1,GOL-TIME1,0.6277353654723624,6
0.0025845031270873725,False,168,time0,0.8366453376354814,2,time0,TIME0,0.5976033913493528,3
0.001241920584756018,False,168,time0,0.8267089992292955,1,time0,TIME0,0.5966827616767093,5
0.002184323122354068,False,168,time1,0.8090370411332676,6,time1,TIME1,0.5906298502019063,7
0.0036162660729198025,False,168,time0,0.8072995289013117,3,time0,TIME0,0.5883185368681136,8
3.54805691381983e-06,False,169,time0,0.9995656615018026,0,time0,TIME0,0.6498534209127105,2
0.0007520422434496133,False,169,goleiro_time1,0.9393709175774969,4,goleiro1,GOL-TIME1,0.63097046631947,6
0.0005925822261757161,False,169,goleiro_time1,0.9079044078470918,9,goleiro1,GOL-TIME1,0.6215237012417396,9
0.0013032721570011671,False,169,time1,0.8788601631645978,6,time1,TIME1,0.6118467122834568,7
0.0010360897070238614,False,169,time0,0.836036900468003,1,time0,TIME0,0.5997225304878805,5
0.0023956524761719806,False,169,time0,0.827315564397576,2,time0,TIME0,0.5946801951799155,3
0.004541346143110635,False,169,time0,0.7643990413299323,3,time0,TIME0,0.5740326048139861,8
1.1542544760812675e-05,False,170,time0,0.9986944458913747,0,time0,TIME0,0.6495900945594975,2
0.00045530671477142466,False,170,goleiro_time1,0.9385107877640441,9,goleiro1,GOL-TIME1,0.6310045551155508,9
0.0007802491386243064,False,170,time1,0.9307391361125251,6,time1,TIME1,0.6280990654657018,7
0.0004977342493158459,False,170,goleiro_time1,0.9227010797574688,4,goleiro1,GOL-TIME1,0.6261770824779831,6
0.0010400083770042633,False,170,time0,0.8757767759150527,1,time0,TIME0,0.6110161255433733,5
0.005160424365903017,False,170,time0,0.7530259899737284,3,time0,TIME0,0.5694398531087992,8
0.00573666376680043,False,170,time0,0.7077528784468539,2,time0,TIME0,0.5544304992975476,3
9.604955726821608e-06,False,171,time0,0.9981399378182375,0,time0,TIME0,0.6494192718132247,2
0.00023249829903828983,False,171,goleiro_time1,0.9705733849081872,9,goleiro1,GOL-TIME1,0.6407803729882281,9
0.0004825664872685054,False,171,time1,0.9512273213853755,6,time1,TIME1,0.6346711313173995,7
0.00040071652494740745,False,171,goleiro_time1,0.9400906193993056,4,goleiro1,GOL-TIME1,0.6315224796319868,6
0.0006723093177011985,False,171,time0,0.9075988069609305,1,time0,TIME0,0.6213575099702255,5
0.0018641401561047106,False,171,time0,0.8606504988217761,2,time0,TIME0,0.6036705495403796,3
0.003971681657796197,False,171,time0,0.8041339355728645,3,time0,TIME0,0.5867710884234529,8
1.090801277221833e-05,False,172,time0,0.9986128210637706,0,time0,TIME0,0.6495726459230985,2
0.00023421077029988935,False,172,goleiro_time1,0.9632023166442579,9,goleiro1,GOL-TIME1,0.6386578331131311,9
0.0006603548934479167,False,172,goleiro_time1,0.9443363238729383,4,goleiro1,GOL-TIME1,0.6324539459474232,6
0.000426804760113471,False,172,time0,0.9396995617944887,1,time0,TIME0,0.6313493835559786,5
0.0007608607982429043,False,172,time1,0.9334443636731473,6,time1,TIME1,0.6291509594085883,7
0.0015652747301972008,False,172,time0,0.8955184707735642,2,time0,TIME0,0.6164685954720039,3
0.011929031685784915,False,172,time0,0.5374637290076659,3,time0,TIME0,0.49406672171396854,8
1.866643614823467e-05,False,173,time0,0.9978697473112552,0,time0,TIME0,0.6493372646869904,2
9.70152638483321e-05,False,173,goleiro_time1,0.9698891992688553,9,goleiro1,GOL-TIME1,0.6406928472282253,9
0.0008538858087320722,False,173,goleiro_time1,0.9260897881455984,4,goleiro1,GOL-TIME1,0.6269014589464531,6
0.0009985508961701975,False,173,time1,0.9200061676389127,6,time1,TIME1,0.6246912873484057,7
0.0017720962082509097,False,173,time0,0.8865638114200339,2,time0,TIME0,0.614210142385946,3
0.0027677657085457166,False,173,time0,0.8880468060528341,3,time0,TIME0,0.6069759827585197,8
0.0011322165962828921,False,173,time0,0.8490966423180123,1,time0,TIME0,0.6032166726955116,5
2.2762263576289043e-05,False,174,time0,0.9964529413587482,0,time0,TIME0,0.6489070464986516,2
0.0003911214858141843,False,174,goleiro_time1,0.9563745413104822,9,goleiro1,GOL-TIME1,0.6362952748983045,9
0.0009557962900149474,False,174,time1,0.9193777271327336,6,time1,TIME1,0.6246913845194177,7
0.0021742480788706268,False,174,time0,0.9023835538380054,3,time0,TIME0,0.6175009641433193,8
0.0007963751844713906,False,174,time0,0.8911295757456009,1,time0,TIME0,0.6163663683860314,5
0.001425349466934123,False,174,goleiro_time1,0.8904919967672743,4,goleiro1,GOL-TIME1,0.6154495182599384,6
0.0021895286697162426,False,174,time0,0.8633373089711887,2,time0,TIME0,0.6067188663221619,3
0.0001246689605411914,False,175,time0,0.9876564112088855,0,time0,TIME0,0.6460891519312985,2
0.0005058991174788388,False,175,goleiro_time1,0.9484093499363092,9,goleiro1,GOL-TIME1,0.6337292197610299,9
0.000540363343579489,False,175,time0,0.938393568480468,1,time0,TIME0,0.6308036042476417,5
0.0007996512274788796,False,175,time1,0.934216457332998,6,time1,TIME1,0.6294037652803498,7
0.0012714600164484766,False,175,goleiro_time1,0.8936664417229975,4,goleiro1,GOL-TIME1,0.6168273973356044,6
0.0018427422556835155,False,175,time0,0.876183325778195,2,time0,TIME0,0.6109185009126973,3
0.002971103090128929,False,175,time0,0.8314186809231527,3,time0,TIME0,0.5959946868407191,8
5.622889621480152e-05,False,176,time0,0.9968883617846394,0,time0,TIME0,0.648940557468618,2
0.0005727900053702703,False,176,goleiro_time1,0.9339596783870593,9,goleiro1,GOL-TIME1,0.6295545971640125,9
0.0007133623093227409,False,176,time0,0.919328019248053,1,time0,TIME0,0.6249400204111819,5
0.0014460242281059375,False,176,time1,0.8886721813137299,6,time1,TIME1,0.6148410439213964,7
0.001813427466940142,False,176,time0,0.8707023349584779,2,time0,TIME0,0.6095098867888499,3
0.003676273135807081,False,176,time0,0.859020432521652,3,time0,TIME0,0.6038686253241083,8
0.002604542414550913,False,176,goleiro_time1,0.7926986572022668,4,goleiro1,GOL-TIME1,0.5845224867014689,6
3.445051884753232e-05,False,177,time0,0.9953764601415733,0,time0,TIME0,0.6485474332156258,2
0.000588018747730348,False,177,goleiro_time1,0.9298800999782036,9,goleiro1,GOL-TIME1,0.6283424330276695,9
0.0007250238048524416,False,177,time0,0.9233621239062076,1,time0,TIME0,0.6262425215633932,5
0.0011806202522079278,False,177,time1,0.9157240911329513,6,time1,TIME1,0.6233895849107591,7
0.0024799966702614357,False,177,time0,0.8243869167385457,2,time0,TIME0,0.594529135861134,3
0.0047614966390728776,False,177,time0,0.8191389650022367,3,time0,TIME0,0.5900418048320457,8
0.002286088407584486,False,177,goleiro_time1,0.7991962287194696,4,goleiro1,GOL-TIME1,0.5874182531306578,6
3.1006618270576243e-05,False,178,time0,0.9962974404713341,0,time0,TIME0,0.6488569096645733,2
0.0004994707677224016,False,178,goleiro_time1,0.9392859390228712,9,goleiro1,GOL-TIME1,0.6312707895534249,9
0.000642609318047165,False,178,time0,0.9306308606293878,1,time0,TIME0,0.6285460794869308,5
0.0009599017565939335,False,178,goleiro_time1,0.9103147471525366,4,goleiro1,GOL-TIME1,0.6213174499229621,6
0.0015536721349529309,False,178,time1,0.8959619373132274,6,time1,TIME1,0.6170959829214184,7
0.002531218712454192,False,178,time0,0.8235347961897462,2,time0,TIME0,0.5946493413380356,3
0.00630573529213544,False,178,time0,0.8013472985631016,3,time0,TIME0,0.5812464674601217,8
0.00013164104719183708,False,179,time0,0.9846972180140033,0,time0,TIME0,0.6452195784386083,2
0.0004790249110190312,False,179,goleiro_time1,0.951390660490207,4,goleiro1,GOL-TIME1,0.634615658517675,6
0.0004952711925908967,False,179,time0,0.948040788702275,1,time0,TIME0,0.6338453627420029,5
0.0006133122349020821,False,179,goleiro_time1,0.9280721202153458,9,goleiro1,GOL-TIME1,0.627769206954362,9
0.0017240073974347317,False,179,time1,0.8830870027455061,6,time1,TIME1,0.6132374739764092,7
0.0020665288423067376,False,179,time0,0.8477175979487047,2,time0,TIME0,0.6020838497846919,3
0.00580268322471525,False,179,time0,0.8165299467400079,3,time0,TIME0,0.5892041656362051,8
6.570480305236326e-05,False,180,time0,0.9924810353197691,0,time0,TIME0,0.6476386888011368,2
0.00040680359802848455,False,180,goleiro_time1,0.9531408897310192,9,goleiro1,GOL-TIME1,0.6354164915682112,9
0.000437930471048482,False,180,time0,0.9493271501339245,1,time0,TIME0,0.6343052925780532,5
0.0006465057672480506,False,180,goleiro_time1,0.9364680241684087,4,goleiro1,GOL-TIME1,0.6302346047231931,6
0.001165152357439994,False,180,time0,0.9048633220054718,2,time0,TIME0,0.619752530046809,3
0.0019626100692934027,False,180,time1,0.8598017503810884,6,time1,TIME1,0.6059827824519031,7
0.006116675217982961,False,180,time0,0.7924056136652132,3,time0,TIME0,0.5819467352463923,8
5.801794165238909e-05,False,181,time0,0.9835586834961461,0,time0,TIME0,0.6449484539274364,2
0.0006967301065869888,False,181,goleiro_time1,0.929427537075679,4,goleiro1,GOL-TIME1,0.6279132912454599,6
0.0007850981388667499,False,181,goleiro_time1,0.9125619236921956,9,goleiro1,GOL-TIME1,0.6227944389166318,9
0.0004480349393084524,False,181,time0,0.9084464409805557,1,time0,TIME0,0.6220553662197034,5
0.0017310744170389624,False,181,time0,0.8777870864425954,2,time0,TIME0,0.611335436529172,3
0.00221157635037499,False,181,time1,0.8341605088059366,6,time1,TIME1,0.5980677313012921,7
0.004690647459217477,False,181,time0,0.8186828710099088,3,time0,TIME0,0.5903050084774903,8
3.344421368566264e-05,False,182,time0,0.9947360103629661,0,time0,TIME0,0.6483412113223335,2
0.00046234151931859384,False,182,goleiro_time1,0.9381134725156133,9,goleiro1,GOL-TIME1,0.6307241623219487,9
0.0005908086731366328,False,182,time0,0.9274763124145998,1,time0,TIME0,0.6275308953618322,5
0.0010248129150810872,False,182,goleiro_time1,0.9048319069434952,4,goleiro1,GOL-TIME1,0.6202084373266132,6
0.0016878975146081515,False,182,time0,0.8624665699478168,2,time0,TIME0,0.6065895275589103,3
0.0033003480758311663,False,182,time0,0.8551874910858394,3,time0,TIME0,0.6021582121769149,8
0.0021552861440870246,False,182,time1,0.8214905894019431,6,time1,TIME1,0.5943384067768209,7
2.9797139465858258e-05,False,183,time0,0.9968696556308051,0,time0,TIME0,0.6490077280507845,2
0.0005051395523854106,False,183,goleiro_time1,0.9526688403194604,4,goleiro1,GOL-TIME1,0.6349860018836939,6
0.0005099943361184132,False,183,goleiro_time1,0.9446291406008447,9,goleiro1,GOL-TIME1,0.6327871162236454,9
0.00016073759794825795,False,183,time0,0.9122654180483278,1,time0,TIME0,0.6230539482658743,5
0.0016119011296199003,False,183,time0,0.879379409806402,2,time0,TIME0,0.6119757121737349,3
0.0018136399341196288,False,183,time1,0.8382243398534626,6,time1,TIME1,0.5995829917001989,7
0.014030793552577676,False,183,time0,0.5564331924232027,3,time0,TIME0,0.49622229006195634,8
6.818404340440316e-05,False,184,time0,0.9968738869579427,0,time0,TIME0,0.6489375703691114,2
8.746699996331498e-05,False,184,time0,0.9821348112531657,1,time0,TIME0,0.6444093961277122,5
0.0004841623755362031,False,184,goleiro_time1,0.9560806988967727,4,goleiro1,GOL-TIME1,0.6363079084358823,6
0.0007657007173905225,False,184,goleiro_time1,0.9210290885071056,9,goleiro1,GOL-TIME1,0.6254036720808877,9
0.000854898021044661,False,184,time1,0.9143733604334588,6,time1,TIME1,0.6227296350588345,7
0.001658241296992298,False,184,time0,0.8811467390808874,2,time0,TIME0,0.6128047603270654,3
0.006139165893725585,False,184,time0,0.7326644188174416,3,time0,TIME0,0.5584803961310997,8
8.375281315514774e-05,False,185,time0,0.9931152297370477,0,time0,TIME0,0.6478412900987233,2
0.0003878547014648273,False,185,time0,0.9385801655876466,1,time0,TIME0,0.6310151053957486,5
0.0009184876012066876,False,185,time1,0.9105624323192689,6,time1,TIME1,0.6222692798748323,7
0.0010151990288711737,False,185,goleiro_time1,0.9112034965207212,4,goleiro1,GOL-TIME1,0.6220360410419418,6
0.0011429414200038856,False,185,goleiro_time1,0.8876609328004594,9,goleiro1,GOL-TIME1,0.6147340434079172,9
0.002091859313378626,False,185,time0,0.8538031223874419,2,time0,TIME0,0.6039410238883762,3
0.00022827343381868226,False,186,time0,0.9910577426904964,0,time0,TIME0,0.6470112568259595,2
0.0003776648252543636,False,186,goleiro_time1,0.961116856281513,9,goleiro1,GOL-TIME1,0.6372672379474115,9
0.0005407193833754868,False,186,time0,0.9349546465041756,1,time0,TIME0,0.6297227189071956,5
0.0009880667468282597,False,186,time1,0.9144261333957409,6,time1,TIME1,0.6231860108910143,7
0.0011788423869171117,False,186,goleiro_time1,0.8972017662336603,4,goleiro1,GOL-TIME1,0.6179661316207837,6
0.002224123683875326,False,186,time0,0.8439185462910394,2,time0,TIME0,0.6010239915080319,3
0.01188129698693455,False,186,time0,0.46137088800839465,3,time0,TIME0,0.46968655195351494,8
8.046267923096767e-05,False,187,time0,0.9969965591961282,0,time0,TIME0,0.6489237165022856,2
0.0005022191940473061,False,187,time0,0.9575355441979551,1,time0,TIME0,0.6366846886572646,5
0.0007052601463731781,False,187,time1,0.9415876681422206,6,time1,TIME1,0.6316420083216676,7
0.0008032700184005551,False,187,goleiro_time1,0.9107494067932196,9,goleiro1,GOL-TIME1,0.6222042414665174,9
0.0012184127249282187,False,187,goleiro_time1,0.8888936819408659,4,goleiro1,GOL-TIME1,0.6154994146446094,6
0.0034891969003811186,False,187,time0,0.7546639024731899,2,time0,TIME0,0.5723497622133064,3
0.01292369059720308,False,187,time0,0.56202118264783,3,time0,TIME0,0.49797090364812585,8
0.0001331678886994389,False,188,time0,0.9938901636283586,0,time0,TIME0,0.6480098650108237,2
0.00039676622333223704,False,188,time0,0.9669156122948847,1,time0,TIME0,0.6396420420212158,5
0.0006200819120662527,False,188,time1,0.9446571729522997,6,time1,TIME1,0.6326808398186187,7
0.00096624908675017,False,188,goleiro_time1,0.9079993362202323,4,goleiro1,GOL-TIME1,0.6212797627800861,6
0.0006892434287906101,False,188,goleiro_time1,0.8927150701296962,9,goleiro1,GOL-TIME1,0.6170343362969615,9
0.002908565496460178,False,188,time0,0.779221132133098,2,time0,TIME0,0.5807261597607516,3
0.009212933246740258,False,188,time0,0.6282966420072807,3,time0,TIME0,0.5269397677224119,8
6.428177900522525e-05,False,189,time0,0.9978203805474986,0,time0,TIME0,0.6492398699437678,2
0.00038141285689708554,False,189,time0,0.9692110757472117,1,time0,TIME0,0.6404051580823387,5
0.001007330234838908,False,189,time1,0.9129582784325553,6,time1,TIME1,0.62268890150269,7
0.0014792108101167602,False,189,goleiro_time1,0.8615596065857776,4,goleiro1,GOL-TIME1,0.606761747314393,6
0.0021778080709716177,False,189,time0,0.8228894915893296,2,time0,TIME0,0.5943855573523953,3
0.002283930455352716,False,189,goleiro_time1,0.7797327432902545,9,goleiro1,GOL-TIME1,0.5806251305285512,9
0.007201216878151263,False,189,time0,0.6976508983158066,3,time0,TIME0,0.550621583068897,8
1.3776075743917573e-06,False,190,time0,0.9945175850156492,0,time0,TIME0,0.6483100738549946,2
0.00028179393155113296,False,190,time0,0.9523156795672918,1,time0,TIME0,0.6351840625971505,5
0.0009303238697624944,False,190,time1,0.9197485423292074,6,time1,TIME1,0.6249932474331023,7
0.00110928109909095,False,190,goleiro_time1,0.895489787615056,9,goleiro1,GOL-TIME1,0.6168370086872033,9
0.0012571614014209472,False,190,goleiro_time1,0.879171629986998,4,goleiro1,GOL-TIME1,0.612452725192208,6
0.0015966750253432356,False,190,time0,0.8722211177237725,2,time0,TIME0,0.609768741798219,3
0.00461808920716949,False,190,time0,0.8070647361577353,3,time0,TIME0,0.586036661355466,8
3.4957826726919844e-05,False,191,time0,0.9953817398969698,0,time0,TIME0,0.6485584811922637,2
0.0005243519021637468,False,191,time0,0.9222356165614709,1,time0,TIME0,0.6260255686905651,5
0.0010121189650218409,False,191,time1,0.914916596282292,6,time1,TIME1,0.6234453449050301,7
0.0010072624563881452,False,191,goleiro_time1,0.9138198130840319,4,goleiro1,GOL-TIME1,0.6228498056138784,6
0.0012807532740589734,False,191,time0,0.8981691026507956,2,time0,TIME0,0.6180447700226596,3
0.0012074165844746807,False,191,goleiro_time1,0.8788982719867899,9,goleiro1,GOL-TIME1,0.6125028783486408,9
0.005024918196750824,False,191,time0,0.7609007200338123,3,time0,TIME0,0.5719280463509219,8
2.5425706834326876e-05,False,192,time0,0.9963973306844618,0,time0,TIME0,0.648888170398897,2
0.0002601198694557408,False,192,goleiro_time1,0.9506716099467775,9,goleiro1,GOL-TIME1,0.6341736278975737,9
0.00045137378899411817,False,192,time0,0.9454679265387538,1,time0,TIME0,0.6329389462876857,5
0.0012202401050154003,False,192,time1,0.9045047148842297,6,time1,TIME1,0.619862745344377,7
0.0008625459263234678,False,192,goleiro_time1,0.8991262580401509,4,goleiro1,GOL-TIME1,0.6187939825182704,6
0.0021650874356840023,False,192,time0,0.8465463543961661,2,time0,TIME0,0.6013872597177844,3
0.006759677610458651,False,192,time0,0.7099966812935734,3,time0,TIME0,0.5555915169669933,8
3.851550733415151e-05,False,193,time0,0.995761855978663,0,time0,TIME0,0.6486692960712301,2
0.0005108193459734312,False,193,time0,0.9510556290030666,1,time0,TIME0,0.6348117620261851,5
0.0006770167746220641,False,193,goleiro_time1,0.941060877964852,9,goleiro1,GOL-TIME1,0.6314064949613354,9
0.0009567870932659928,False,193,goleiro_time1,0.9207073951913792,4,goleiro1,GOL-TIME1,0.6251541644376979,6
0.0012505913561458122,False,193,time1,0.9102128134109473,6,time1,TIME1,0.6216780559643105,7
0.002041012690748478,False,193,time0,0.8490426522747868,2,time0,TIME0,0.602500855407993,3
0.005878729023035121,False,193,time0,0.7570077485263659,3,time0,TIME0,0.5709887087833724,8
1.3241633773560948e-05,False,194,time0,0.9987755472690308,0,time0,TIME0,0.6496019912386262,2
0.00035611500674124537,False,194,time0,0.9477187368982053,1,time0,TIME0,0.6337092669306053,5
0.0008965554888943757,False,194,goleiro_time1,0.9218507656881281,4,goleiro1,GOL-TIME1,0.625693029095779,6
0.0014088118293422494,False,194,time1,0.8961510262808642,6,time1,TIME1,0.6174564817805244,7
0.0016770949688912234,False,194,goleiro_time1,0.8515024978034507,9,goleiro1,GOL-TIME1,0.6032441365077054,9
0.0027589723677419685,False,194,time0,0.7896606663870616,2,time0,TIME0,0.5838625923036167,3
0.006558690152407872,False,194,time0,0.7477186846692137,3,time0,TIME0,0.5675290786087418,8
3.994406755152865e-05,False,195,time0,0.9887598825638017,0,time0,TIME0,0.6465611750779212,2
0.0006438984783857373,False,195,time0,0.9129888495110617,1,time0,TIME0,0.6231144513261103,5
0.0008425429125068551,False,195,goleiro_time1,0.9115168037628316,4,goleiro1,GOL-TIME1,0.6224196905821279,6
0.0017037199272008832,False,195,time0,0.8576765025248888,2,time0,TIME0,0.6049846599205695,3
0.002823608455300952,False,195,time1,0.787184867668577,6,time1,TIME1,0.5826207299928563,7
0.010186998061460195,False,195,time0,0.6344793876678395,3,time0,TIME0,0.5285075873157962,8
1.93835366598028e-05,False,196,time0,0.9938418803237016,0,time0,TIME0,0.6481176988626578,2
0.0004582017576552397,False,196,time0,0.937310889780533,1,time0,TIME0,0.6306495753070646,5
0.0009673317155969344,False,196,goleiro_time1,0.9115853898597676,4,goleiro1,GOL-TIME1,0.6223966964689396,6
0.001895974720366411,False,196,time1,0.8366431409343651,6,time1,TIME1,0.5984574739706037,7
0.0023556027172329484,False,196,time0,0.8196643093749764,2,time0,TIME0,0.5931925761083179,3
0.013437710192018252,False,196,time0,0.47964736288183873,3,time0,TIME0,0.4792668380958802,8
9.107337413661905e-05,False,197,time0,0.9891871675349557,0,time0,TIME0,0.6465991723724276,2
0.0003225561759411473,False,197,time0,0.9550480699124997,1,time0,TIME0,0.6361268006385548,5
0.0007043920140008336,False,197,time0,0.9338382593775958,4,time0,TIME0,0.6291927067290891,6
0.0022073619106581007,False,197,time0,0.8221736681992435,2,time0,TIME0,0.5945286585271696,3
0.0028850624054754716,False,197,time1,0.7579760050417478,6,time1,TIME1,0.5739675339792936,7
0.005066855199977561,False,197,time0,0.7195087479810833,3,time0,TIME0,0.5553672678063833,8
1.4683857645922624e-05,False,198,time0,0.9951147321300997,0,time0,TIME0,0.6484686251800555,2
0.0004493620981946453,False,198,time0,0.9413599081853761,1,time0,TIME0,0.631882282801874,5
0.0014837626201162637,False,198,time0,0.8972898242400182,4,time0,TIME0,0.6172327061118685,6
0.0022071839414924753,False,198,time0,0.8145826360321251,2,time0,TIME0,0.5921860684652738,3
0.003688149787332055,False,198,time0,0.7997714188097661,3,time0,TIME0,0.5855696405043467,8
0.0026474983267635185,False,198,time1,0.7639180688333463,6,time1,TIME1,0.5764403098205244,7
0.00010390928605952329,False,199,time0,0.9878201237588894,0,time0,TIME0,0.6461904621972717,2
0.0004615231046721082,False,199,time0,0.9358684300563088,1,time0,TIME0,0.6303251924978573,5
0.0008689019824479164,False,199,time0,0.9326551462235378,4,time0,TIME0,0.628567575621566,6
0.0010110226384342786,False,199,time1,0.8991220997124003,6,time1,TIME1,0.6174672764926598,7
0.0032404854987431184,False,199,time0,0.830894132698065,3,time0,TIME0,0.5959357703423239,8
0.002633840766005329,False,199,time0,0.7740042577815708,2,time0,TIME0,0.5795159299822272,3
0.008717381047533512,False,199,goleiro_time1,0.37719701231277336,9,goleiro1,GOL-TIME1,0.45031550752282157,9
2.5782207977844593e-05,False,200,time0,0.9957111489445705,0,time0,TIME0,0.6486047110084612,2
0.00047842642121091126,False,200,time1,0.9446944391604932,6,time1,TIME1,0.632602786544225,7
0.0004910724291773651,False,200,time0,0.9342347655824529,1,time0,TIME0,0.6296958589786275,5
0.00045573002569445194,False,200,goleiro_time1,0.9487680983699498,9,goleiro1,GOL-TIME1,0.6282690353262153,9
0.0012466206347503783,False,200,time0,0.9136764241886631,4,time0,TIME0,0.6226956634518361,6
0.0018019345550870016,False,200,time0,0.8383159453098502,2,time0,TIME0,0.5992856274650398,3
0.004909950521615692,False,200,time0,0.7660036576208145,3,time0,TIME0,0.5739792191083427,8
1.1989309894182979e-05,False,201,time0,0.9959696754977518,0,time0,TIME0,0.6487542552683896,2
0.0003628932830426946,False,201,time0,0.9506806839498587,1,time0,TIME0,0.6347314285808436,5
0.0014909401348295972,False,201,time0,0.8884805208121062,4,time0,TIME0,0.6148334615259754,6
0.0022328715684725746,False,201,goleiro_time1,0.887251041250064,9,goleiro1,GOL-TIME1,0.6127439240270671,9
0.0012331773675371153,False,201,time1,0.8756089329647595,6,time1,TIME1,0.6110366701007699,7
0.0017644230382501866,False,201,time0,0.8467503898772112,2,time0,TIME0,0.6021939959514833,3
0.006079740426766109,False,201,time0,0.7383570650686962,3,time0,TIME0,0.5650797393290065,8
0.00010375861725229346,False,202,time0,0.987793847600926,0,time0,TIME0,0.6461768479594532,2
0.0010410865414021751,False,202,time1,0.9170744653410121,6,time1,TIME1,0.6236480140683822,7
0.0006518157218345288,False,202,time0,0.9133197395356378,1,time0,TIME0,0.6232002843722014,5
0.001597583337755254,False,202,goleiro_time1,0.8958653683916553,9,goleiro1,GOL-TIME1,0.6166506586097062,9
0.001485057919072008,False,202,time0,0.877855448676376,4,time0,TIME0,0.6115515938475802,6
0.001601318660938458,False,202,time0,0.8533166844082284,2,time0,TIME0,0.6042024226393313,3
0.007653095403527596,False,202,time0,0.6990163896069355,3,time0,TIME0,0.5513727611163047,8
4.732090975965785e-05,False,203,time0,0.984314316798967,0,time0,TIME0,0.6452120912868042,2
0.0008563267461422514,False,203,time1,0.9216666530852766,6,time1,TIME1,0.6254597683547478,7
0.000724000076291108,False,203,time0,0.9088410955086313,1,time0,TIME0,0.6218677009481024,5
0.0016380690907106448,False,203,time0,0.8598157934362294,2,time0,TIME0,0.6062082237290233,3
0.0028424762307996615,False,203,time0,0.801364085314967,4,time0,TIME0,0.5867769020197716,6
0.006652995952394014,False,203,goleiro_time1,0.6863444695853638,9,goleiro1,GOL-TIME1,0.5463190884596024,9
0.011444006656972688,False,203,time0,0.5657909174875156,3,time0,TIME0,0.5032586405114469,8
0.00010310084032439607,False,204,time0,0.9865121463972661,0,time0,TIME0,0.6458217470975216,2
0.00034857500922050164,False,204,time0,0.9754137355399145,1,time0,TIME0,0.6419161007667329,5
0.0005452500887076866,False,204,time1,0.9362319539497683,6,time1,TIME1,0.6300297460926509,7
0.0013305630284430963,False,204,time0,0.8898185338822485,2,time0,TIME0,0.615513921097566,3
0.0021116368217958073,False,204,time0,0.8448008673450131,4,time0,TIME0,0.6006622006150764,6
0.004076521933638615,False,204,time0,0.7985903500350185,3,time0,TIME0,0.5804118381676171,8
0.0031338184516019984,False,204,goleiro_time1,0.7290923531363992,9,goleiro1,GOL-TIME1,0.5596038278595596,9
1.7588435045149504e-05,False,205,time0,0.9928586770518317,0,time0,TIME0,0.647776384836133,2
0.0006798893937968693,False,205,time0,0.9593624386022523,1,time0,TIME0,0.6369642192558845,5
0.0013617337088674603,False,205,time0,0.8912215776380163,2,time0,TIME0,0.6160345256669579,3
0.0013340900445014262,False,205,time1,0.8904333525880589,6,time1,TIME1,0.615373333069802,7
0.002193574272094705,False,205,goleiro_time1,0.8325323568673811,9,goleiro1,GOL-TIME1,0.5962795360762845,9
0.0033357891030478238,False,205,time0,0.7477750584772794,4,time0,TIME0,0.5704001960115038,6
0.007107029994848197,False,205,time0,0.695753500968672,3,time0,TIME0,0.5499689306488348,8
5.692139786685349e-06,False,206,time0,0.9967223395994719,0,time0,TIME0,0.6490032190751386,2
0.0004147338289648474,False,206,time0,0.9520422847764777,1,time0,TIME0,0.6349531899170743,5
0.0014634691634623628,False,206,time1,0.8797306867142503,6,time1,TIME1,0.6124103312152652,7
0.00155790838959035,False,206,time0,0.8603609409678379,4,time0,TIME0,0.6049244933365343,6
0.0022715763107300033,False,206,time0,0.8192839173049423,2,time0,TIME0,0.5930753559259567,3
0.0072491610002387175,False,206,time0,0.6806956327566924,3,time0,TIME0,0.5470163916078463,8
0.006166771610276372,False,206,goleiro_time1,0.6594414132764032,9,goleiro1,GOL-TIME1,0.537961635491335,9
0.0001915117668258038,False,207,time0,0.9786929475130772,0,time0,TIME0,0.643305034226704,2
0.0008506661293913478,False,207,time0,0.8933922934312639,1,time0,TIME0,0.6169045266531843,5
0.0020505501740041635,False,207,time1,0.8471649751074077,6,time1,TIME1,0.6017484137721318,7
0.0019467405770582247,False,207,time0,0.8320888155762589,4,time0,TIME0,0.5975910019496542,6
0.004355892531913113,False,207,time0,0.6825107326593666,2,time0,TIME0,0.5493558210939747,3
0.005334486732923543,False,207,goleiro_time1,0.5698444261630989,9,goleiro1,GOL-TIME1,0.51281281897335,9
0.011067235583939197,False,207,time0,0.5171561087940172,3,time0,TIME0,0.49242129291369924,8
6.475819404003093e-05,False,208,time0,0.9935339012737515,0,time0,TIME0,0.6478359660086428,2
0.0001392723376183799,False,208,time0,0.9816274753318591,1,time0,TIME0,0.6438750540432638,5
0.00040503463626918716,False,208,time1,0.9669995031304472,6,time1,TIME1,0.6386079559195738,7
0.0004546885915348277,False,208,time0,0.962788831314155,4,time0,TIME0,0.6373967566484965,6
0.0009666247092422714,False,208,time0,0.9152363772007353,2,time0,TIME0,0.6213812422027996,3
0.0013330391741203634,False,208,goleiro_time1,0.8689155065324825,9,goleiro1,GOL-TIME1,0.6067202143647789,9
0.0022343665500497278,False,208,time0,0.8664338710907488,3,time0,TIME0,0.6018744268009157,8
0.00010509665189101805,False,209,time0,0.9876906008750779,0,time0,TIME0,0.6461047820438236,2
0.00018102396475298658,False,209,time0,0.976740413060881,1,time0,TIME0,0.64272605527874,5
0.0011941042067845976,False,209,time1,0.9018969693705057,6,time1,TIME1,0.6189448601997606,7
0.001140981222563338,False,209,time0,0.8957498690524526,4,time0,TIME0,0.6171467192890163,6
0.002369173221238511,False,209,time0,0.8050334453210766,2,time0,TIME0,0.5883975642821073,3
0.0024314610087010076,False,209,goleiro_time1,0.7854218553293604,9,goleiro1,GOL-TIME1,0.5826537148825731,9
0.005060114693928052,False,209,time0,0.711614101132651,3,time0,TIME0,0.5566975028551162,8
0.00018973430739397442,False,210,time0,0.9805404840523476,0,time0,TIME0,0.6439060618756032,2
0.00041600827691515524,False,210,time0,0.944493837872863,1,time0,TIME0,0.632703283816738,5
0.0026082980306834473,False,210,time0,0.7726485215291572,4,time0,TIME0,0.5783886450093325,6
0.0042383273592637195,False,210,time1,0.6932785519876331,6,time1,TIME1,0.5520532977027787,7
0.0043666145146212,False,210,time0,0.6685779899896223,2,time0,TIME0,0.5451931031739214,3
0.004192230301424298,False,210,goleiro_time1,0.6670208554582107,9,goleiro1,GOL-TIME1,0.5445045524861211,9
0.00956383730312157,False,210,time0,0.5448246219153011,3,time0,TIME0,0.5016821788541004,8
0.0002680983215129495,False,211,time0,0.9753016640155302,0,time0,TIME0,0.6420347898738987,2
0.00029613749546142864,False,211,time0,0.9741731584865718,1,time0,TIME0,0.6416536344940523,5
0.0006776725412796685,False,211,time0,0.9313160180702504,4,time0,TIME0,0.6274623636158536,6
0.0009220887879948191,False,211,goleiro_time1,0.9200719027592232,9,goleiro1,GOL-TIME1,0.6229514807324282,9
0.0009410789299779899,False,211,time0,0.9096941583862768,2,time0,TIME0,0.619717108363578,3
0.0009570133596510241,False,211,time1,0.9050053086451828,6,time1,TIME1,0.6182272348232671,7
0.0029852933408070353,False,211,time0,0.8375350395750562,3,time0,TIME0,0.5940258742593917,8
0.00011290086361204058,False,212,time0,0.9892430355979147,0,time0,TIME0,0.6464721291897322,2
0.0008473281928884019,False,212,time0,0.8879910884051057,1,time0,TIME0,0.6150160527502023,5
0.00150980993962324,False,212,time0,0.857037903534035,4,time0,TIME0,0.6050876025199209,6
0.002188416210233963,False,212,time0,0.807294177396593,2,time0,TIME0,0.5893419558673277,3
0.002775751187036631,False,212,time1,0.7404719249030306,6,time1,TIME1,0.5681924390568185,7
0.0036486816243208255,False,212,goleiro_time1,0.7222726328266688,9,goleiro1,GOL-TIME1,0.5614623191704482,9
0.009092599304084258,False,212,time0,0.5923744638758106,3,time0,TIME0,0.5152802920290875,8
4.750055626437649e-05,False,213,time0,0.9959216302254189,0,time0,TIME0,0.6486535216236125,2
0.0003330144010403158,False,213,time0,0.9437777262297539,1,time0,TIME0,0.6324729010935128,5
0.0010910789323302697,False,213,time0,0.9146156699238296,4,time0,TIME0,0.622941817108318,6
0.0014015610570818338,False,213,time1,0.8529814916487818,6,time1,TIME1,0.60364638389098,7
0.001950164606398704,False,213,goleiro_time1,0.8453310664013378,9,goleiro1,GOL-TIME1,0.6006642926393922,9
0.0020894844295185166,False,213,time0,0.8227421880963243,2,time0,TIME0,0.594632676988208,3
0.007484111144147452,False,213,time0,0.6329970675484574,3,time0,TIME0,0.5319379468004569,8
4.350059082649383e-05,False,214,time0,0.9951929723018644,0,time0,TIME0,0.6484822464250475,2
8.972934039474872e-05,False,214,time0,0.9875373587050057,1,time0,TIME0,0.6458988183937903,5
0.0002662690896941415,False,214,time0,0.9831232405769624,4,time0,TIME0,0.6441267877472869,6
0.0002498017671716971,False,214,time1,0.9721108414380746,6,time1,TIME1,0.6406208372354606,7
0.0003475203592776262,False,214,goleiro_time1,0.9702992871455167,9,goleiro1,GOL-TIME1,0.6396809810432702,9
0.00044998108388158875,False,214,time0,0.9606989824555368,2,time0,TIME0,0.6366825669370525,3
0.0015104608359730054,False,214,time0,0.9034856421812376,3,time0,TIME0,0.6155995766209588,8
0.00019358291596681404,False,215,time0,0.9850565525304839,0,time0,TIME0,0.6451854426477488,2
0.0004707726309767986,False,215,time0,0.9344999831967549,1,time0,TIME0,0.6295459093139539,5
0.0011940166427082378,False,215,time1,0.8825101733431358,6,time1,TIME1,0.6130186540020484,7
0.0014411101889608908,False,215,time0,0.8746184094747876,4,time0,TIME0,0.6102431569332416,6
0.0021605166517768754,False,215,time0,0.8193773173448129,2,time0,TIME0,0.5926822176356111,3
0.003969794007649505,False,215,goleiro_time1,0.7236913068860531,9,goleiro1,GOL-TIME1,0.5610201747203173,9
0.005262228816525642,False,215,time0,0.6913777602386527,3,time0,TIME0,0.5500437412385369,8
5.4002804064108795e-05,False,216,time0,0.9916726400724162,0,time0,TIME0,0.6473311601178321,2
0.0005890005206189415,False,216,time0,0.9385626468921568,1,time0,TIME0,0.6306884856951027,5
0.0007873832771584467,False,216,time0,0.9254200730843783,4,time0,TIME0,0.6264113621000298,6
0.000901397589534047,False,216,time1,0.9191155798740597,6,time1,TIME1,0.6246408200071161,7
0.0018272621851459837,False,216,time0,0.8417826350918866,2,time0,TIME0,0.6005890007293753,3
0.0025211552359518685,False,216,goleiro_time1,0.8269618357410129,9,goleiro1,GOL-TIME1,0.5946855640633919,9
0.0027091596708801926,False,216,time0,0.8226713825253061,3,time0,TIME0,0.5925855520898715,8
5.5212587263066734e-05,False,217,time0,0.994101082265407,0,time0,TIME0,0.6481237842916161,2
0.0007352106117543191,False,217,time0,0.9387151673548436,4,time0,TIME0,0.6307552497695653,6
0.0005641346566219673,False,217,time0,0.9279723449934134,1,time0,TIME0,0.6277897829448656,5
0.0010314143129629375,False,217,time1,0.9093082562714361,6,time1,TIME1,0.6216844176830815,7
0.0022432737342992183,False,217,time0,0.8552365469298299,3,time0,TIME0,0.6041933721016912,8
0.00167318543073802,False,217,time0,0.848655626497641,2,time0,TIME0,0.6028920722497997,3
0.002631939722512079,False,217,goleiro_time1,0.8121493211871623,9,goleiro1,GOL-TIME1,0.5911536117269067,9
3.764403930826079e-05,False,218,time0,0.9827807886784715,0,time0,TIME0,0.6447560056898394,2
0.000567586842429642,False,218,time0,0.9368724497256911,1,time0,TIME0,0.630319668088584,5
0.000959217275413027,False,218,time1,0.9173217969962703,6,time1,TIME1,0.6242532350455677,7
0.001921488436770751,False,218,time0,0.8719899058322826,3,time0,TIME0,0.6096185381366973,8
0.0022466397258046134,False,218,time0,0.8007951862755701,2,time0,TIME0,0.5878048077340556,3
0.003545113716401409,False,218,goleiro_time1,0.7504957601219783,9,goleiro1,GOL-TIME1,0.5712657057117527,9
0.003190355014294832,False,218,time0,0.7463347414238273,4,time0,TIME0,0.5691680532821204,6
3.612016247372519e-05,False,219,time0,0.9915024778237417,0,time0,TIME0,0.6473924002717784,2
0.0003128163466144534,False,219,time0,0.9759255215334117,1,time0,TIME0,0.6423154012111058,5
0.001184440602848825,False,219,time1,0.9004620168935353,6,time1,TIME1,0.6189015664895678,7
0.0009978317140459363,False,219,time0,0.9029644094917316,4,time0,TIME0,0.6184763887388888,6
0.002541012292730424,False,219,time0,0.8562658262120834,3,time0,TIME0,0.6041211812326507,8
0.0024322278792561947,False,219,time0,0.788268996064938,2,time0,TIME0,0.583820666679395,3
0.003148308226212218,False,219,goleiro_time1,0.7607421238347083,9,goleiro1,GOL-TIME1,0.5750899856390966,9
6.536423028868305e-05,False,220,time0,0.9941060515455168,0,time0,TIME0,0.6481079848039859,2
0.0001121570636036233,False,220,time0,0.9840312006706013,1,time0,TIME0,0.644944097639467,5
0.0013167652434050354,False,220,time1,0.89903619226668,6,time1,TIME1,0.618240301059862,7
0.002625624556680531,False,220,time0,0.8574872901882213,3,time0,TIME0,0.604762131810175,8
0.0019801890395801536,False,220,goleiro_time1,0.8378652847129054,9,goleiro1,GOL-TIME1,0.5987610515986443,9
0.0017116749662678022,False,220,time0,0.8328018772795177,4,time0,TIME0,0.5977594183240393,6
0.002303214845101174,False,220,time0,0.7824736454138692,2,time0,TIME0,0.5825066004476135,3
8.406299722720601e-05,False,221,time0,0.9892736783300319,0,time0,TIME0,0.6466045119004249,2
0.0005238247420725223,False,221,time0,0.9334611921094323,1,time0,TIME0,0.6292809053582692,5
0.0014297443109705572,False,221,time1,0.9008688519957009,6,time1,TIME1,0.6187760790410795,7
0.0016566004091094605,False,221,goleiro_time1,0.8514952510186662,9,goleiro1,GOL-TIME1,0.6033960913887818,9
0.0018803176953107203,False,221,time0,0.8170524214764525,2,time0,TIME0,0.5931020234245855,3
0.0019168139558925468,False,221,time0,0.8050545547933701,4,time0,TIME0,0.5894097775865198,6
0.004113384076096864,False,221,time0,0.794733359705319,3,time0,TIME0,0.5836483192401865,8
2.7738530733379406e-05,False,222,time0,0.9984979189644966,0,time0,TIME0,0.6494815575808595,2
0.0005460512036148683,False,222,time0,0.9404688118973384,1,time0,TIME0,0.631501665749959,5
0.0008796379672910415,False,222,time0,0.9045857206754702,2,time0,TIME0,0.6198569784076322,3
0.0018184217646997896,False,222,time1,0.8778216098722038,6,time1,TIME1,0.611422798440362,7
0.002822279267119826,False,222,goleiro_time1,0.7738322407821717,9,goleiro1,GOL-TIME1,0.5787229568917268,9
0.005123895839531756,False,222,time0,0.7428176128641757,3,time0,TIME0,0.5671202018044069,8
1.1937113416271122e-05,False,223,time0,0.9966118620850122,0,time0,TIME0,0.648947413030257,2
0.0008148652067183194,False,223,time0,0.911942240676789,1,time0,TIME0,0.6226573876675452,5
0.0011959142364001017,False,223,time0,0.8864235356187743,2,time0,TIME0,0.6144837767920377,3
0.0017076916632437836,False,223,time1,0.8798379227749121,6,time1,TIME1,0.6123231975129251,7
0.002779703035989188,False,223,goleiro_time1,0.7901022160940926,9,goleiro1,GOL-TIME1,0.58442496224328,9
0.004843784954465693,False,223,time0,0.7523160032512922,3,time0,TIME0,0.5710836024605408,8
0.009854878782414834,False,223,time0,0.3763552139810144,4,time0,TIME0,0.44632884858094785,6
3.962292528683208e-05,False,224,time0,0.9935594674690761,0,time0,TIME0,0.6479976648633161,2
0.00012741567464849625,False,224,time0,0.9755587964745216,1,time0,TIME0,0.6420825576082657,5
0.001435726570968344,False,224,time0,0.8638283307422836,2,time0,TIME0,0.6074811504062191,3
0.002619081906886992,False,224,time1,0.802758329439882,6,time1,TIME1,0.5877705168980651,7
0.005675110381174192,False,224,time0,0.7123854380823947,3,time0,TIME0,0.5578484897310952,8
0.006848376874403854,False,224,time0,0.6996268712460051,4,time0,TIME0,0.5489138064971535,6
0.005168182360431941,False,224,goleiro_time1,0.6761729025751497,9,goleiro1,GOL-TIME1,0.5456320826173328,9
6.615587092514623e-05,False,225,time0,0.9913184009310594,0,time0,TIME0,0.647288513263013,2
0.0003319718000361051,False,225,time0,0.9551436339030435,1,time0,TIME0,0.636018829815317,5
0.0012212335463498585,False,225,time0,0.8944829559377747,2,time0,TIME0,0.6169464982997357,3
0.002200541856247218,False,225,goleiro_time1,0.8406159713116862,9,goleiro1,GOL-TIME1,0.598115390089754,9
0.002734833904513734,False,225,time1,0.7830337011110394,6,time1,TIME1,0.5823449007462482,7
0.0039014156973045454,False,225,time0,0.7488867683673539,4,time0,TIME0,0.5690100308664786,6
0.005341046631724014,False,225,time0,0.6941834356814393,3,time0,TIME0,0.5520003640582403,8
4.503194910070826e-06,False,226,time0,0.995533275952674,0,time0,TIME0,0.6486135868291054,2
0.00029426803287057365,False,226,time0,0.9657646698850816,1,time0,TIME0,0.6394083507354065,5
0.0011187554712742188,False,226,time0,0.8961409262908364,2,time0,TIME0,0.6176687791965606,3
0.0016579549634772493,False,226,goleiro_time1,0.8919177009948674,9,goleiro1,GOL-TIME1,0.6155601599200893,9
0.001778762645035363,False,226,time0,0.8721761402287831,3,time0,TIME0,0.6075514042857755,8
0.001963907194614587,False,226,time1,0.8273166613245715,6,time1,TIME1,0.5958811772324553,7
0.006653676983773534,False,226,time0,0.6097501128362738,4,time0,TIME0,0.5197185432945528,6
2.708539264686796e-05,False,227,time0,0.996994811966721,0,time0,TIME0,0.649057145400187,2
0.000443810809708258,False,227,time0,0.9515750348203614,1,time0,TIME0,0.6348761688772768,5
0.0009356908475365905,False,227,time1,0.9117338899045996,6,time1,TIME1,0.6219594360769756,7
0.001290669931072893,False,227,goleiro_time1,0.8756687233438403,9,goleiro1,GOL-TIME1,0.6112467667264975,9
0.002011318017993644,False,227,time0,0.8552342054307066,3,time0,TIME0,0.6039601302320212,8
0.0014204744917165368,False,227,time0,0.8507881806215369,2,time0,TIME0,0.6036703475225929,3
0.0064362043454049,False,227,time0,0.725968867870497,4,time0,TIME0,0.5535261635003658,6
1.3806193928939542e-05,False,228,time0,0.9987329285005597,0,time0,TIME0,0.6495972749898502,2
0.0007047902123990648,False,228,time0,0.920360391046755,1,time0,TIME0,0.6252821113980388,5
0.0012233702924495785,False,228,time1,0.8867455077045379,6,time1,TIME1,0.6146400260741158,7
0.002062490342460541,False,228,goleiro_time1,0.8597291849174117,9,goleiro1,GOL-TIME1,0.6054587312548297,9
0.0016970569402178159,False,228,time0,0.8514030101243256,2,time0,TIME0,0.6036080589626726,3
0.0024619949978401377,False,228,time0,0.8512683601628812,3,time0,TIME0,0.6016605746233494,8
0.005328190642464366,False,228,time0,0.7146408335670673,4,time0,TIME0,0.5582457282405363,6
2.8990957662890688e-05,False,229,time0,0.9986594943672649,0,time0,TIME0,0.649556533475952,2
0.0005473434078958401,False,229,time1,0.9621161453746672,6,time1,TIME1,0.6375126591492369,7
0.0007909480381025307,False,229,time0,0.908107180919627,1,time0,TIME0,0.6216520991551546,5
0.0018684142570926305,False,229,time0,0.8275042223995998,2,time0,TIME0,0.5961083153706271,3
0.0026598849401051595,False,229,time0,0.8198205208931697,4,time0,TIME0,0.5911687251069644,6
0.0026187698013262935,False,229,goleiro_time1,0.8069970495756407,9,goleiro1,GOL-TIME1,0.5893390217391948,9
0.005322638491527632,False,229,time0,0.6404711332657591,3,time0,TIME0,0.5345924343154315,8
2.583562599618293e-05,False,230,time0,0.9960896035527412,0,time0,TIME0,0.6487813373719215,2
0.0007404948450275214,False,230,time0,0.9121711168968496,1,time0,TIME0,0.6229001112973256,5
0.0007977887405893568,False,230,time1,0.9100434956265568,6,time1,TIME1,0.621997924412095,7
0.0023063691811450555,False,230,time0,0.7921676856101476,2,time0,TIME0,0.5851820439318929,3
0.0027292571991083107,False,230,goleiro_time1,0.7890740895131464,9,goleiro1,GOL-TIME1,0.5825014813797724,9
0.003899377473473823,False,230,time0,0.7666502631515696,4,time0,TIME0,0.5752387382006028,6
0.0028573791698582435,False,230,time0,0.7511312437909811,3,time0,TIME0,0.5709505208247513,8
2.3720387251979574e-05,False,231,time0,0.997569053592829,0,time0,TIME0,0.6492371013149673,2
0.0006693911408551471,False,231,time0,0.9204104945279244,1,time0,TIME0,0.6254383869992916,5
0.0011242570927671204,False,231,time1,0.9032862134781864,6,time1,TIME1,0.6196789079182695,7
0.0017170154617430224,False,231,time0,0.8362904159808398,3,time0,TIME0,0.598533201590686,8
0.003054776805172516,False,231,goleiro_time1,0.7797877814616917,9,goleiro1,GOL-TIME1,0.5807351518097852,9
0.0036486755364360263,False,231,time0,0.7654111116595834,4,time0,TIME0,0.5761201180021069,6
0.003060256510280141,False,231,time0,0.7263391941051558,2,time0,TIME0,0.5645618987410501,3
2.4627673918824703e-05,False,232,time0,0.9978340524200536,0,time0,TIME0,0.6493213199760831,2
0.0008287502007061268,False,232,time0,0.9175344876072042,3,time0,TIME0,0.6238513529646715,8
0.001187932715034307,False,232,time1,0.9018694720930909,6,time1,TIME1,0.619356600857162,7
0.0008550054722113642,False,232,time0,0.8953958812713477,1,time0,TIME0,0.6176912222034145,5
0.001972513028566524,False,232,goleiro_time1,0.8389680924946474,9,goleiro1,GOL-TIME1,0.5991059910069234,9
0.0019407783056155283,False,232,time0,0.7990854110843514,2,time0,TIME0,0.5871956797479946,3
0.0036962154229728235,False,232,time0,0.7792727811886268,4,time0,TIME0,0.5799556066123727,6
1.6858740221903338e-06,False,233,time0,0.9992743612496604,0,time0,TIME0,0.6497649538478738,2
0.00032286967664211174,False,233,time0,0.9374891688471269,1,time0,TIME0,0.6304852927589213,5
0.0016070624787816153,False,233,time1,0.8812654581910687,6,time1,TIME1,0.6125372856472063,7
0.0013512414423457904,False,233,time0,0.8418240254833622,2,time0,TIME0,0.6007365315607072,3
0.0016373386459995055,False,233,time0,0.8421528171430643,3,time0,TIME0,0.6003583945388268,8
0.002546996277628904,False,233,goleiro_time1,0.8066619917573139,9,goleiro1,GOL-TIME1,0.589290853723061,9
0.0036551157068354483,False,233,time0,0.7421917027880814,4,time0,TIME0,0.568490839845972,6
1.374265797289612e-05,False,234,time0,0.995386068722668,0,time0,TIME0,0.6485947404276869,2
0.0005508670756175304,False,234,time0,0.9373385944873309,1,time0,TIME0,0.6304996900866638,5
0.0016908016385867918,False,234,time1,0.8674405701161383,6,time1,TIME1,0.6086373255321634,7
0.002008343477480828,False,234,goleiro_time1,0.8455342745512923,9,goleiro1,GOL-TIME1,0.6014606301289789,9
0.0014840117160692915,False,234,time0,0.8408450542942265,2,time0,TIME0,0.6007240821719079,3
0.0018759159516715136,False,234,time0,0.8091815280201184,3,time0,TIME0,0.5907924315618709,8
0.00301584173794019,False,234,time0,0.765917067292485,4,time0,TIME0,0.5761456199618433,6
4.085003993282732e-05,False,235,time0,0.9957645387111371,0,time0,TIME0,0.6486737218463792,2
0.00044255574152456047,False,235,time0,0.9474384827614629,1,time0,TIME0,0.6337390545176322,5
0.0009581243986268508,False,235,time0,0.898734544122875,2,time0,TIME0,0.6182991138881162,3
0.0011955101023141915,False,235,time0,0.8667614200058922,3,time0,TIME0,0.6084745735408997,8
0.002116160931919475,False,235,time1,0.8504990308819286,6,time1,TIME1,0.6029146473074396,7
0.0023646610839549486,False,235,goleiro_time1,0.8197261171631576,9,goleiro1,GOL-TIME1,0.5934585870416248,9
0.002524957525867862,False,235,time0,0.8094433527237791,4,time0,TIME0,0.5900304097238889,6
3.630577875193623e-06,False,236,time0,0.9993809511535537,0,time0,TIME0,0.6497852158247832,2
0.000638965160938827,False,236,time0,0.9281215610505178,1,time0,TIME0,0.6277147539507777,5
0.0009443783606095819,False,236,time0,0.8942529250558855,2,time0,TIME0,0.6172634904253856,3
0.002235469065986836,False,236,goleiro_time1,0.8293611411915291,9,goleiro1,GOL-TIME1,0.5966876727386337,9
0.0025671711219939696,False,236,time0,0.8142410802362471,4,time0,TIME0,0.5919091027164738,6
0.0018820147946632022,False,236,time1,0.786281979460168,6,time1,TIME1,0.5833663301213884,7
0.0011869120811477461,False,236,time0,0.7865003559981034,3,time0,TIME0,0.5832530064627401,8
8.513493898245213e-06,False,237,time0,0.9985372480108404,0,time0,TIME0,0.6495500373520644,2
0.0003253715943650281,False,237,time0,0.9622548105014422,1,time0,TIME0,0.638166140158555,5
0.00034101081235768166,False,237,time0,0.9173172115565742,3,time0,TIME0,0.6239730774599415,8
0.0012377004630133165,False,237,time0,0.8782516105497769,2,time0,TIME0,0.6121364517791986,3
0.002148317342357552,False,237,goleiro_time1,0.8319519132266813,9,goleiro1,GOL-TIME1,0.5972172125731219,9
0.002904097394876662,False,237,time0,0.7955718558890997,4,time0,TIME0,0.5857792575357846,6
0.0024913053221346584,False,237,time1,0.7789100084054195,6,time1,TIME1,0.5803240500833767,7
3.3370172957567526e-05,False,238,time0,0.9964348258638246,0,time0,TIME0,0.6488807691570282,2
0.0007001893949269291,False,238,time0,0.9353924486878401,3,time0,TIME0,0.6295737057049039,8
0.0006276274394156889,False,238,time0,0.9300557474923105,1,time0,TIME0,0.6282394167865337,5
0.0010629211460929557,False,238,time0,0.8954886996492499,2,time0,TIME0,0.6175534023219946,3
0.0011768641287516603,False,238,time1,0.8800541844877716,6,time1,TIME1,0.6118005193333667,7
0.0022103167670100665,False,238,goleiro_time1,0.8282462073051302,9,goleiro1,GOL-TIME1,0.596119588761646,9
0.0025244021078446952,False,238,time0,0.8210196035386633,4,time0,TIME0,0.5937454057619637,6
6.701383779818572e-05,False,239,time0,0.9934131204447724,0,time0,TIME0,0.6479099923716275,2
9.66685207597462e-05,False,239,time0,0.9438097010853821,3,time0,TIME0,0.632530088045526,8
0.0006154487780723088,False,239,time0,0.9272979484145839,1,time0,TIME0,0.6274654551874606,5
0.0011193437638753003,False,239,time1,0.8474861413504478,6,time1,TIME1,0.6028934403121636,7
0.002062144753533448,False,239,time0,0.8027370585980672,2,time0,TIME0,0.58813641487422,3
0.0027320633081416865,False,239,time0,0.7976343811986066,4,time0,TIME0,0.5859431916535573,6
0.0025619349322783067,False,239,goleiro_time1,0.7919985032278793,9,goleiro1,GOL-TIME1,0.5849056360597435,9
2.1322545407553644e-05,False,240,time0,0.9981491374765986,0,time0,TIME0,0.649394159433826,2
0.0003949476960442008,False,240,time0,0.9524751681605543,1,time0,TIME0,0.6352289700239059,5
0.0008050408318914788,False,240,time0,0.9377021780327524,3,time0,TIME0,0.6299844426886301,8
0.0009754490982584947,False,240,time0,0.898320054096563,2,time0,TIME0,0.6176913977284035,3
0.0013244520096818097,False,240,time1,0.8850887404394299,6,time1,TIME1,0.6136047301467006,7
0.0022475541261014306,False,240,time1,0.8002738777406407,4,time1,TIME1,0.587520961534971,6
0.0029657908018532776,False,240,goleiro_time1,0.7551400287913197,9,goleiro1,GOL-TIME1,0.5735666300315376,9
0.0001449340704814967,False,241,time0,0.9844173247800067,0,time0,TIME0,0.645094784106947,2
0.00036036315812020935,False,241,time0,0.9566609927338277,1,time0,TIME0,0.6365920643479193,5
0.0006480592432516482,False,241,time0,0.9461045404614775,3,time0,TIME0,0.6330882294452166,8
0.0011197072105978035,False,241,time1,0.9088249819400628,6,time1,TIME1,0.6208250045652419,7
0.0020394174620016335,False,241,time1,0.806504129699511,9,time1,TIME1,0.5894050624950495,9
0.0018507894247403933,False,241,time0,0.8046934870964583,2,time0,TIME0,0.5890125988467675,3
0.00273904753251265,False,241,time1,0.7576943057012169,4,time1,TIME1,0.5742340105906056,6
8.938300950669608e-05,False,242,time0,0.9901160318780309,0,time0,TIME0,0.6469069233088137,2
0.0007069186891219327,False,242,time0,0.9172216214711392,1,time0,TIME0,0.6242873687287741,5
0.0011763399618704622,False,242,time1,0.8980582909202091,6,time1,TIME1,0.6181508546478656,7
0.0016005443834567654,False,242,time0,0.8724951079151204,3,time0,TIME0,0.6096249066120251,8
0.0020982607242448275,False,242,time1,0.7955918245249842,9,time1,TIME1,0.5866331330126889,9
0.0027865370925351084,False,242,time1,0.743712455067713,4,time1,TIME1,0.5702181415414461,6
2.2220510000800225e-05,False,243,time0,0.9976969545718953,0,time0,TIME0,0.6492413893808553,2
0.0003701745708256654,False,243,time0,0.9238314938472295,3,time0,TIME0,0.625502478036274,8
0.0012565332331744318,False,243,time1,0.8924390920114186,6,time1,TIME1,0.616185008621571,7
0.0010044191097927488,False,243,time0,0.8800008800684093,1,time0,TIME0,0.6128411074755423,5
0.0011161224610986295,False,243,time1,0.8814715383121505,4,time1,TIME1,0.6121292517618572,6
0.002289106780867855,False,243,time1,0.778815782881109,9,time1,TIME1,0.5807844098500368,9
0.002556350515552138,False,243,time0,0.7451345725237086,2,time0,TIME0,0.570708510290762,3
1.3933984021186273e-05,False,244,time0,0.9985563001639056,0,time0,TIME0,0.6495485688895573,2
0.00018506278167651654,False,244,time0,0.9585887156252095,3,time0,TIME0,0.6372745029835618,8
0.0006040729058044301,False,244,time1,0.9360818921839698,6,time1,TIME1,0.6296227868655004,7
0.0005716035273553088,False,244,time0,0.925181458947788,1,time0,TIME0,0.6267127791016651,5
0.001074036304694315,False,244,time1,0.8892612506176051,4,time1,TIME1,0.6157663234226386,6
0.0019709941013091614,False,244,time1,0.8038474145104679,9,time1,TIME1,0.589115283501032,9
0.002581972190446914,False,244,time0,0.7085308175217404,2,time0,TIME0,0.5590703163660452,3
5.011138529511586e-06,False,245,time0,0.9984326925454287,0,time0,TIME0,0.6495190244753513,2
0.00017009451200418493,False,245,time0,0.9560023267986784,3,time0,TIME0,0.6365369846024397,8
0.0005023167524012109,False,245,time0,0.9351139326114261,1,time0,TIME0,0.6300125051185391,5
0.0018752592718311893,False,245,time1,0.8462182998884361,6,time1,TIME1,0.600947255977379,7
0.0020282644570497736,False,245,time1,0.8274697192527433,9,time1,TIME1,0.5958570086442637,9
0.0012002715384802755,False,245,time0,0.8283797881865965,2,time0,TIME0,0.595741099465603,3
0.0023806937315027405,False,245,time1,0.8038282266313829,4,time1,TIME1,0.5879902345001333,6
9.18442477931388e-06,False,246,time0,0.9990641703431714,0,time0,TIME0,0.6497071836415655,2
0.0002986171670386418,False,246,time0,0.9865193941031462,3,time0,TIME0,0.6454410607060865,8
0.000745766192277899,False,246,time0,0.9212329768779268,1,time0,TIME0,0.6253838360103385,5
0.0011754325626411636,False,246,time0,0.8618315519477804,2,time0,TIME0,0.6072121205657492,3
0.0017485640983486608,False,246,time1,0.8499657987364768,6,time1,TIME1,0.603311632067894,7
0.0028711879130889424,False,246,time1,0.800814426913346,4,time1,TIME1,0.5872328674339329,6
0.0020338332482049584,False,246,time1,0.7897865220049262,9,time1,TIME1,0.5845637060974465,9
8.422926306846008e-06,False,247,time0,0.9990737998506353,0,time0,TIME0,0.649707338764735,2
0.0007929325870822744,False,247,time0,0.9553175973845409,3,time0,TIME0,0.6355359783936922,8
0.0006524617478764548,False,247,time0,0.9333887993996192,1,time0,TIME0,0.6293560612543219,5
0.0010242840808215431,False,247,time0,0.8925147502531913,2,time0,TIME0,0.616608355206103,3
0.0020934894459983186,False,247,time1,0.8477014822862929,4,time1,TIME1,0.6018331190658579,6
0.0024177884311603138,False,247,time1,0.8107512623381753,6,time1,TIME1,0.5905514887484004,7
0.001690348801422489,False,247,time1,0.804934662062979,9,time1,TIME1,0.5895790547669333,9
1.8970483188507234e-05,False,248,time0,0.998213263798903,0,time0,TIME0,0.6494297351569992,2
0.0004755074326468866,False,248,time0,0.9678625730102108,3,time0,TIME0,0.6396088751201514,8
0.0007847604641898958,False,248,time0,0.9260797860682559,1,time0,TIME0,0.6270123570442193,5
0.00098308736438637,False,248,time0,0.890090120135547,2,time0,TIME0,0.6158971750257263,3
0.0022371901110195274,False,248,time1,0.84397638942416,4,time1,TIME1,0.6010601025181684,6
0.001953178109374234,False,248,goleiro_time1,0.8316115123820643,6,goleiro1,GOL-TIME1,0.5972340793017389,7
0.0013181799663675882,False,248,time1,0.8285417697984067,9,time1,TIME1,0.5970457378086234,9
4.164510341910329e-06,False,249,time0,0.9989527468070584,0,time0,TIME0,0.6496667456769696,2
0.00015875873099432667,False,249,time0,0.9797492510604495,3,time0,TIME0,0.6434649411103128,8
0.000818612299812135,False,249,time0,0.9282922501985976,1,time0,TIME0,0.6277025490723869,5
0.0007437160463394456,False,249,time0,0.9181259662380112,2,time0,TIME0,0.6245743060084209,3
0.001155399667456662,False,249,time1,0.844425273110405,9,time1,TIME1,0.6021622249235935,9
0.0019159935119511281,False,249,goleiro_time1,0.8325107070134347,6,goleiro1,GOL-TIME1,0.5977634103692981,7
0.0027170662097982124,False,249,time1,0.792959941831237,4,time1,TIME1,0.5848085571900167,6
1.2262416528273707e-05,False,250,time0,0.9986069839496049,0,time0,TIME0,0.6495651815066877,2
2.7718158514715915e-05,False,250,time0,0.9720087280050583,3,time0,TIME0,0.6414583352464104,8
0.000459682686364982,False,250,time0,0.9334918959616497,1,time0,TIME0,0.6293803322965021,5
0.0009078561250526128,False,250,goleiro_time1,0.9108411036835292,6,goleiro1,GOL-TIME1,0.6217006616812752,7
0.001453090740386435,False,250,time1,0.8907996563191459,4,time1,TIME1,0.6149995047879216,6
0.0012160944583967403,False,250,time1,0.8479033893162222,9,time1,TIME1,0.6030505771578588,9
0.0014643971600352313,False,250,time0,0.8221998439835764,2,time0,TIME0,0.5946419872852833,3
7.198143764637076e-05,False,251,time0,0.992277188614751,0,time0,TIME0,0.6475638889846594,2
0.0002602442906013214,False,251,time0,0.9820365706769194,3,time0,TIME0,0.6442144348723403,8
0.0006657306479225981,False,251,time0,0.9396069272774111,1,time0,TIME0,0.631128407839908,5
0.0005555160888443252,False,251,time0,0.9075860975503399,2,time0,TIME0,0.6211317349888105,3
0.001276251790573809,False,251,goleiro_time1,0.8812594044402943,6,goleiro1,GOL-TIME1,0.6128781821310407,7
0.0014907485693879203,False,251,time1,0.8754968970109063,4,time1,TIME1,0.6108441218453972,6
0.0014675306958060492,False,251,time1,0.8347304658842192,9,time1,TIME1,0.5987591297325039,9
2.0337080153414042e-05,False,252,time0,0.9974915582424588,0,time0,TIME0,0.6491932452907936,2
0.00022263858911342795,False,252,time0,0.9835370815896578,3,time0,TIME0,0.6447446373715393,8
0.0005804907737820824,False,252,time0,0.9401592568388824,1,time0,TIME0,0.6313629590885098,5
0.0005773709357520624,False,252,time1,0.9296517255132937,9,time1,TIME1,0.6277636587578334,9
0.0008682213569273825,False,252,time1,0.9291619791457695,4,time1,TIME1,0.6274854870616002,6
0.0008167993784513511,False,252,goleiro_time1,0.9180835449248178,6,goleiro1,GOL-TIME1,0.6242786192545613,7
0.0034377648261627956,False,252,time0,0.6220866144659131,2,time0,TIME0,0.5315355662122834,3
0.00010710910367609078,False,253,time0,0.9870443303773594,0,time0,TIME0,0.6459435253012896,2
0.0002467948847708862,False,253,time0,0.9813607631321823,3,time0,TIME0,0.6441449788115665,8
0.0006492933589651624,False,253,time0,0.9421299791549789,1,time0,TIME0,0.6319356080431315,5
0.000984656009369592,False,253,time1,0.9227459247677033,4,time1,TIME1,0.625843547477494,6
0.0008965495024743233,False,253,goleiro_time1,0.913724070705407,6,goleiro1,GOL-TIME1,0.6231629952378761,7
0.0006805390725696746,False,253,time1,0.9051033385303995,9,time1,TIME1,0.6206820429626547,9
0.0017540352804175671,False,253,time0,0.7355510173817339,2,time0,TIME0,0.5679097973882248,3
0.00018482130826258085,False,254,time0,0.9752664394989091,0,time0,TIME0,0.6423553138978118,2
0.00032450873815950936,False,254,time0,0.9757232572657214,3,time0,TIME0,0.6422509052594079,8
0.00038593478552870013,False,254,time0,0.9589882766466963,1,time0,TIME0,0.6368815197285309,5
0.0011475631392138313,False,254,time1,0.9091650318723484,4,time1,TIME1,0.6215895627043533,6
0.0008455365283920414,False,254,goleiro_time1,0.8817848250127015,6,goleiro1,GOL-TIME1,0.6137194394137515,7
0.0009145204310773864,False,254,time1,0.8770735682215226,9,time1,TIME1,0.6121082135602158,9
0.00184779844693862,False,254,time0,0.7775988852370104,2,time0,TIME0,0.5796422688282326,3
3.371418601031386e-05,False,255,time0,0.9966217627345401,0,time0,TIME0,0.6488490695759027,2
0.0007455317579807623,False,255,time0,0.9465532338379494,3,time0,TIME0,0.6329964948477358,8
0.0005368292249888937,False,255,time1,0.9287414023314235,9,time1,TIME1,0.6278734797028986,9
0.0006802745032427825,False,255,goleiro_time1,0.8981457880173909,6,goleiro1,GOL-TIME1,0.6187009446335393,7
0.0010389194573432066,False,255,time0,0.8976684340677105,1,time0,TIME0,0.6179101321855209,5
0.0016063576031866318,False,255,time1,0.8740190347986934,4,time1,TIME1,0.6101542753915483,6
0.0008915755991287525,False,255,time0,0.8737612492770096,2,time0,TIME0,0.6101069553131195,3
2.012343186086071e-05,False,256,time0,0.9978322641552665,0,time0,TIME0,0.6493073962059058,2
0.000672673271747435,False,256,time0,0.9709545159738199,3,time0,TIME0,0.6402889582811526,8
0.0002667940429271263,False,256,time1,0.9571448474096761,9,time1,TIME1,0.6366560847773267,9
0.0012087092453470123,False,256,time1,0.8950451630643355,4,time1,TIME1,0.6170220689136143,6
0.0008538740388214607,False,256,time0,0.8788160585858845,2,time0,TIME0,0.6123577019709098,3
0.0012826009470954852,False,256,time0,0.875506472781294,1,time0,TIME0,0.6112261378607335,5
0.001096451896524418,False,256,goleiro_time1,0.8738925089113672,6,goleiro1,GOL-TIME1,0.6108859758668013,7
7.079449035695593e-05,False,257,time0,0.9920353403913683,0,time0,TIME0,0.6475111094851194,2
0.0005720689461481962,False,257,time0,0.9680068317658236,3,time0,TIME0,0.6397521268379969,8
0.00017830123437517133,False,257,time1,0.9443294114310625,9,time1,TIME1,0.6329234365602662,9
0.000474421658392976,False,257,time0,0.9393977416910665,2,time0,TIME0,0.6307025277592582,3
0.0011373314341615608,False,257,time1,0.9089631943255646,4,time1,TIME1,0.6213005345477753,6
0.0011320674431053153,False,257,time0,0.8894428884564143,1,time0,TIME0,0.6156869101000447,5
0.0020479634317530472,False,257,goleiro_time1,0.8026733957440798,6,goleiro1,GOL-TIME1,0.5881344758051579,7
2.7113755214330203e-05,False,258,time0,0.9973563449949301,0,time0,TIME0,0.6491484401463341,2
0.00042887043015816205,False,258,time0,0.9762423336406668,3,time0,TIME0,0.6423502521765837,8
0.0005338692953995954,False,258,time0,0.9292279934723455,2,time0,TIME0,0.6278595454682705,3
0.0013261373391236801,False,258,time1,0.9276286830170146,4,time1,TIME1,0.6266276002872235,6
0.00030908817669588834,False,258,time1,0.9005720190659646,9,time1,TIME1,0.6197943098145888,9
0.0012647159591328352,False,258,time0,0.8706221110023821,1,time0,TIME0,0.6099202000075069,5
0.0018116000868529604,False,258,goleiro_time1,0.799863324679806,6,goleiro1,GOL-TIME1,0.5880144077549877,7
7.682061483302917e-05,False,259,time0,0.9942740563481381,0,time0,TIME0,0.6481723586898417,2
0.0005795915424648893,False,259,time0,0.9334659841131726,2,time0,TIME0,0.6294689363892328,3
0.0014318132786195145,False,259,time1,0.915466439393837,4,time1,TIME1,0.623266005619333,6
0.00040580533711856025,False,259,time1,0.9007589243367707,9,time1,TIME1,0.6197161730501463,9
0.0015907447152957342,False,259,time0,0.8968081710094288,3,time0,TIME0,0.6163342128119351,8
0.0010045598413963536,False,259,time0,0.8835137925659354,1,time0,TIME0,0.6137592731177419,5
0.0016464760537591467,False,259,goleiro_time1,0.821521393076513,6,goleiro1,GOL-TIME1,0.5942854003063593,7
1.4519993665468187e-05,False,260,time0,0.9987292676763516,0,time0,TIME0,0.6495630353073447,2
0.00014955228915768289,False,260,time1,0.9686455165484934,9,time1,TIME1,0.6401546853907232,9
0.0005562817925549257,False,260,time0,0.938571365379889,2,time0,TIME0,0.6310310728466563,3
0.000913879782667033,False,260,time1,0.9386097946513665,4,time1,TIME1,0.6302830012785544,6
0.001027135138737685,False,260,time0,0.9324020629192857,3,time0,TIME0,0.6283435150864721,8
0.0008670834297936934,False,260,time0,0.9286781078714982,1,time0,TIME0,0.6273507236712548,5
0.001112567745164464,False,260,goleiro_time1,0.9028213124781036,6,goleiro1,GOL-TIME1,0.6190557411273168,7
5.472285498026313e-05,False,261,time0,0.9970033568996509,0,time0,TIME0,0.6490238386484675,2
0.0001685175469117376,False,261,time1,0.9702107150701677,9,time1,TIME1,0.6408406322589957,9
0.0005465675577105744,False,261,time0,0.9232838559537356,2,time0,TIME0,0.6262211555386681,3
0.0016311669513197216,False,261,time0,0.8978239925465629,3,time0,TIME0,0.6174335787646091,8
0.0020163721799538155,False,261,time1,0.890448016984598,4,time1,TIME1,0.6145175402208789,6
0.0012041419112412716,False,261,goleiro_time1,0.8849830956909328,6,goleiro1,GOL-TIME1,0.6139960500306287,7
0.0011962900618216964,False,261,time0,0.8692064714636492,1,time0,TIME0,0.609260564827212,5
1.5331519806888254e-05,False,262,time0,0.9986292022139703,0,time0,TIME0,0.6495455759204378,2
9.397529125701968e-05,False,262,time1,0.9768767137683358,9,time1,TIME1,0.6429193693125985,9
0.0008577818520739711,False,262,time0,0.9464906428513169,3,time0,TIME0,0.6326124866639136,8
0.0006022973234704139,False,262,time0,0.9206247911971864,2,time0,TIME0,0.6255787113679869,3
0.0007715952103824564,False,262,time0,0.9169059432418849,1,time0,TIME0,0.6240749968988542,5
0.0013187345726727816,False,262,goleiro_time1,0.8826471798720592,6,goleiro1,GOL-TIME1,0.613140087641474,7
0.0024029969003935545,False,262,time1,0.8773572022377859,4,time1,TIME1,0.6107582993371766,6
4.5513756035566437e-05,False,263,time0,0.9945872488424032,0,time0,TIME0,0.6483062104567452,2
0.00010297954556132167,False,263,time1,0.983394800033314,9,time1,TIME1,0.6448689203299343,9
0.0007067430029131067,False,263,goleiro_time1,0.9336207285173598,6,goleiro1,GOL-TIME1,0.6288611229193101,7
0.0007047377551250462,False,263,time0,0.9221014499537715,2,time0,TIME0,0.6258091160726941,3
0.0007360247141490721,False,263,time0,0.9180054846485814,1,time0,TIME0,0.6246100054066785,5
0.0016129964415599963,False,263,time0,0.9015344473045429,3,time0,TIME0,0.6183622822723426,8
0.0020585750208167784,False,263,time1,0.8855409593531554,4,time1,TIME1,0.6134750021851003,6
4.375324438720108e-05,False,264,time0,0.9951355368664524,0,time0,TIME0,0.6484714619355336,2
0.00016602856594401925,False,264,time1,0.9824165936548188,9,time1,TIME1,0.6445078706429598,9
0.0007810481735041817,False,264,time0,0.9429390175192338,1,time0,TIME0,0.6317724867073895,5
0.0007328701751756976,False,264,time0,0.9292078754088888,2,time0,TIME0,0.6278202396319756,3
0.0008908338918307349,False,264,goleiro_time1,0.9270673653527775,6,goleiro1,GOL-TIME1,0.6270333352549973,7
0.0003080089469181367,False,264,time0,0.9170816098847043,3,time0,TIME0,0.6236205778174518,8
0.0022350327675762375,False,264,time1,0.8916708667820742,4,time1,TIME1,0.6152716881677383,6
8.255360765602815e-05,False,265,time0,0.9949232095163147,0,time0,TIME0,0.6483648376051009,2
0.0002226359763962017,False,265,time1,0.9809969213752688,9,time1,TIME1,0.6439747097308315,9
0.0007098980999425879,False,265,time0,0.946003112427452,1,time0,TIME0,0.633077532054124,5
0.0006318476626231373,False,265,time0,0.9343587518940963,2,time0,TIME0,0.6296253078953256,3
0.0015921589309345536,False,265,time0,0.9056795696131035,3,time0,TIME0,0.6190083675562321,8
0.0012084236220851904,False,265,goleiro_time1,0.8957588112171782,6,goleiro1,GOL-TIME1,0.6173068353887928,7
0.0031358578930096802,False,265,time1,0.8358110650689294,4,time1,TIME1,0.5942796899183871,6
5.648510738318822e-05,False,266,time0,0.9957818397813115,0,time0,TIME0,0.6486581498060078,2
0.00013016402487484084,False,266,time1,0.9834256177457764,9,time1,TIME1,0.6448462892886188,9
0.0005287895135908945,False,266,time1,0.9348436485735566,4,time1,TIME1,0.6277700850598265,6
0.0006938542912726641,False,266,time0,0.9244669863747718,2,time0,TIME0,0.6266512232046939,3
0.0007857984992805073,False,266,time0,0.9193045419451655,1,time0,TIME0,0.6247997194177085,5
0.0013023610035762425,False,266,time0,0.8917387739516511,3,time0,TIME0,0.6143645042007491,8
0.0013331086774718193,False,266,goleiro_time1,0.8747107421000123,6,goleiro1,GOL-TIME1,0.611025589025294,7
0.0001959642428383359,False,267,time0,0.9884823428848252,0,time0,TIME0,0.6462693169497717,2
0.00017847303955743788,False,267,time1,0.9763800938433534,9,time1,TIME1,0.6426845476617005,9
0.0004318377666739658,False,267,time0,0.9477625761581072,3,time0,TIME0,0.6333421569081199,8
0.000669534256880298,False,267,time0,0.929578562700068,1,time0,TIME0,0.6280352831518945,5
0.0006814680837900097,False,267,time0,0.9275974264848852,2,time0,TIME0,0.6276209393412279,3
0.004439781149290106,False,267,time1,0.8151208863397329,4,time1,TIME1,0.5875504366353861,6
0.002388478309795286,False,267,goleiro_time1,0.7960135211537805,6,goleiro1,GOL-TIME1,0.5858137426311276,7
0.00011442056453809684,False,268,time0,0.9934111595887681,0,time0,TIME0,0.6478629507505576,2
0.00017748704319876503,False,268,time0,0.9682301181226834,3,time0,TIME0,0.6400942334313063,8
0.0005192876444612835,False,268,time1,0.9576387947223091,9,time1,TIME1,0.6365613448419055,9
0.0003960594960056273,False,268,time0,0.9538930313337624,2,time0,TIME0,0.6355945890984841,3
0.0006851513555581818,False,268,time0,0.9261157902214029,1,time0,TIME0,0.6270751451280727,5
0.0026037597154952487,False,268,time1,0.8869651530773647,4,time1,TIME1,0.6124594818992184,6
0.0018914836877501518,False,268,goleiro_time1,0.8457191009095483,6,goleiro1,GOL-TIME1,0.6016561351762173,7
1.2987604097227243e-05,False,269,time0,0.9958316201499885,0,time0,TIME0,0.6486554188631429,2
0.0001549695934461178,False,269,time0,0.9719232755356606,3,time0,TIME0,0.6412880375237813,8
0.0003531033301311552,False,269,time0,0.961672683003842,2,time0,TIME0,0.6380843336144325,3
0.001058780674176375,False,269,time1,0.9239045602663317,9,time1,TIME1,0.6258409460643941,9
0.001192024889731482,False,269,time0,0.8736326961503097,1,time0,TIME0,0.6106575160625289,5
0.002134434732791291,False,269,goleiro_time1,0.8182363259737417,6,goleiro1,GOL-TIME1,0.5933343415410146,7
0.0036200243271357494,False,269,time1,0.7459303918076627,4,time1,TIME1,0.5662889845023339,6
2.5746400434596845e-05,False,270,time0,0.9973495406646598,0,time0,TIME0,0.6491550469852303,2
0.0002885072704147257,False,270,time0,0.9815175171317131,3,time0,TIME0,0.6440833926570839,8
0.00025938173879004264,False,270,time0,0.9671514950841791,2,time0,TIME0,0.6397239062884167,3
0.0012183004034536761,False,270,time1,0.9153486225307234,9,time1,TIME1,0.6233882757047173,9
0.0009060675044986518,False,270,time0,0.9039785205671529,1,time0,TIME0,0.6201746584895262,5
0.0011250097582577764,False,270,time1,0.8504145528769944,4,time1,TIME1,0.6019300956009523,6
0.001744088894232879,False,270,goleiro_time1,0.8417317498658135,6,goleiro1,GOL-TIME1,0.6005934516585265,7
5.508145676111386e-05,False,271,time0,0.990393817108041,0,time0,TIME0,0.647031082744457,2
0.0005527137340065756,False,271,time0,0.9638119790662671,3,time0,TIME0,0.6383747218359809,8
0.00045528302275308166,False,271,time0,0.9359566764033207,2,time0,TIME0,0.6301788175855946,3
0.0009733724192887921,False,271,time1,0.9192253998860261,9,time1,TIME1,0.6246204754574556,9
0.0006105405224178212,False,271,time0,0.9144179908790881,1,time0,TIME0,0.6235530333322101,5
0.0008749927082598728,False,271,goleiro_time1,0.9163726833761667,6,goleiro1,GOL-TIME1,0.6235175519172494,7
0.0019445237752733972,False,271,time1,0.8533900065116312,4,time1,TIME1,0.6029972118994147,6
4.8681133470165655e-05,False,272,time0,0.9932769856882527,0,time0,TIME0,0.6478991250012363,2
0.00012069514447098466,False,272,time0,0.9798160250854939,2,time0,TIME0,0.6436058395883575,3
0.0006124321296896327,False,272,time0,0.9735059023888414,3,time0,TIME0,0.6413226332173524,8
0.0007501166962200471,False,272,time1,0.9392280648398958,9,time1,TIME1,0.6309318649841972,9
0.0006492859520386569,False,272,time0,0.9177317912553322,1,time0,TIME0,0.6246901899266881,5
0.0015975909476112528,False,272,goleiro_time1,0.8533974171456935,6,goleiro1,GOL-TIME1,0.6039170112791412,7
0.004887330376856341,False,272,time1,0.7135092931703269,4,time1,TIME1,0.5574944519844486,6
3.779181319943774e-05,False,273,time0,0.9962025865957749,0,time0,TIME0,0.6488189394207767,2
0.0004221251806317477,False,273,time0,0.9455588733190984,2,time0,TIME0,0.63305600148699,3
0.0006787253394909176,False,273,time1,0.931905347048338,9,time1,TIME1,0.6288466358074063,9
0.0007827659716649804,False,273,time0,0.905965335257051,1,time0,TIME0,0.6209498424233837,5
0.0013997427073571041,False,273,goleiro_time1,0.8748202124419729,6,goleiro1,GOL-TIME1,0.6108477606039239,7
0.0022187109455004904,False,273,time1,0.8185883300513841,4,time1,TIME1,0.5913862143650764,6
0.0031604290019176338,False,273,time0,0.809824596158386,3,time0,TIME0,0.5882997678173993,8
2.4626605368211537e-05,False,274,time0,0.9972714955861958,0,time0,TIME0,0.6491490121222641,2
0.0007405250815220234,False,274,time1,0.9374511332178875,9,time1,TIME1,0.6305156937566313,9
0.000735937555931699,False,274,time0,0.9317458870488953,1,time0,TIME0,0.6284636654510127,5
0.0005575731851179243,False,274,time0,0.923792030967125,2,time0,TIME0,0.6265057866264678,3
0.0014220959998327636,False,274,time0,0.9070531670741877,3,time0,TIME0,0.6196354530370884,8
0.001054023905388637,False,274,time1,0.9000331215080403,4,time1,TIME1,0.6182364062890171,6
0.0018815486656170882,False,274,goleiro_time1,0.8420115991235356,6,goleiro1,GOL-TIME1,0.6005289989434438,7
7.282086183695981e-05,False,275,time0,0.9960341811203406,0,time0,TIME0,0.6486912945160974,2
0.0003073438708700271,False,275,time0,0.9595705167261682,2,time0,TIME0,0.6374204004405329,3
0.0004362122162963234,False,275,time1,0.9564738388766003,4,time1,TIME1,0.6360596465786708,6
0.0008168629968475012,False,275,time1,0.9427810725283712,9,time1,TIME1,0.6319673732952789,9
0.0008081215552616649,False,275,time0,0.9324691771892497,1,time0,TIME0,0.6289028486083085,5
0.0010087305498074361,False,275,time0,0.9130274619028377,3,time0,TIME0,0.6215018540577373,8
0.0016339737706063237,False,275,goleiro_time1,0.862043394907671,6,goleiro1,GOL-TIME1,0.6069584559895463,7
4.832606551619438e-06,False,276,time0,0.9993956287221452,0,time0,TIME0,0.6497613919519877,2
0.00011265911117005163,False,276,time0,0.9854775334972178,2,time0,TIME0,0.6454063591296249,3
0.00029649543772142614,False,276,time1,0.955820797987315,4,time1,TIME1,0.6362620335464734,6
0.0007789302998473387,False,276,time0,0.9352094676526647,1,time0,TIME0,0.6297965200412956,5
0.000733183295383862,False,276,time1,0.9303310740529706,9,time1,TIME1,0.6282676011020369,9
0.0006356082505282573,False,276,time0,0.9260773146702901,3,time0,TIME0,0.6262070102323574,8
0.0016516052996318397,False,276,goleiro_time1,0.8682909222676675,6,goleiro1,GOL-TIME1,0.6087712042964811,7
5.836587061020148e-05,False,277,time0,0.9954617882225393,0,time0,TIME0,0.648542891125443,2
0.00011544545994401696,False,277,time0,0.9841874019011366,2,time0,TIME0,0.6451171903676751,3
0.0002873557470049853,False,277,time1,0.9814342925273547,4,time1,TIME1,0.6439961361225753,6
0.0007017450524225798,False,277,time0,0.9324533871925319,1,time0,TIME0,0.6289707370396509,5
0.0010198815254643633,False,277,time1,0.9067478261318228,9,time1,TIME1,0.6208659843914526,9
0.0015682364861519388,False,277,goleiro_time1,0.8792330818578553,6,goleiro1,GOL-TIME1,0.6121821723037846,7
0.0008334445686746744,False,277,time0,0.8610515676247257,3,time0,TIME0,0.6073782472772393,8
1.6949765197355806e-05,False,278,time0,0.9986583217899064,0,time0,TIME0,0.6495528252402777,2
5.610279455935453e-05,False,278,time0,0.9932350607877192,2,time0,TIME0,0.6478730773581217,3
0.0004383139570584489,False,278,time1,0.9506414516670602,4,time1,TIME1,0.6345486096116875,6
0.0005816690331525652,False,278,time0,0.9421709940328356,1,time0,TIME0,0.632028268328352,5
0.0007223826267647469,False,278,time1,0.918553955936437,9,time1,TIME1,0.62464571086156,9
0.0013623930267911975,False,278,time0,0.8763833128774201,3,time0,TIME0,0.61092188059012,8
0.0019958986233746096,False,278,goleiro_time1,0.8410030559036654,6,goleiro1,GOL-TIME1,0.60016316510962,7
4.1175865429736485e-05,False,279,time0,0.9958028759904662,0,time0,TIME0,0.6486702060495003,2
0.0001093828652330694,False,279,time0,0.9912029552182874,2,time0,TIME0,0.6471519587876748,3
0.000664124410250742,False,279,time0,0.938046874128677,1,time0,TIME0,0.6307302842343336,5
0.0011670010451239722,False,279,time1,0.9099734175250115,9,time1,TIME1,0.6215910600152501,9
0.0014290861091590331,False,279,time1,0.851622563932266,4,time1,TIME1,0.6033878184444254,6
0.001890664461385693,False,279,time0,0.8415945776197709,3,time0,TIME0,0.6003991961158051,8
0.002578484238316045,False,279,goleiro_time1,0.8030917769500704,6,goleiro1,GOL-TIME1,0.5881410982389724,7
1.56876182621927e-05,False,280,time0,0.9979190977620039,0,time0,TIME0,0.649325410839922,2
0.0001314915896200204,False,280,time0,0.9813755387155949,2,time0,TIME0,0.6441307614576086,3
0.0008391094976773107,False,280,time0,0.918981806278252,1,time0,TIME0,0.6247676419542719,5
0.0006729212515882497,False,280,time1,0.9161808487311276,4,time1,TIME1,0.6236530949322583,6
0.0010907766688499968,False,280,time1,0.9145987594783138,9,time1,TIME1,0.6232075217968069,9
0.002575601827793188,False,280,goleiro_time1,0.7978962973446582,6,goleiro1,GOL-TIME1,0.5869202866821703,7
0.005958977491161269,False,280,time0,0.6963016655731656,3,time0,TIME0,0.5505953888696574,8
1.526174218353914e-05,False,281,time0,0.9977147843625599,0,time0,TIME0,0.6492809854387109,2
0.0001243285716823645,False,281,time0,0.9860725888144961,2,time0,TIME0,0.6455527345957682,3
0.0005803915412598579,False,281,time0,0.9442587952387269,1,time0,TIME0,0.6324494227995687,5
0.002013654751109013,False,281,goleiro_time1,0.8238917951554281,6,goleiro1,GOL-TIME1,0.5949023305715633,7
0.001355114351725453,False,281,time1,0.7858046815276899,4,time1,TIME1,0.5837627525404581,6
0.002730637728451242,False,281,time1,0.7916346967862873,9,time1,TIME1,0.5836183440273971,9
0.0014462182287015338,False,281,time0,0.7833083660105581,3,time0,TIME0,0.5789582157315964,8
1.3512133239278748e-05,False,282,time0,0.9987513855915956,0,time0,TIME0,0.6496044527376179,2
0.0002788203803195968,False,282,time0,0.9616054318112232,2,time0,TIME0,0.6381089919106278,3
0.0008543852182150876,False,282,time0,0.9233664552970585,1,time0,TIME0,0.625990083444957,5
0.0010479688951675016,False,282,time0,0.9020666690040408,3,time0,TIME0,0.6180232428188336,8
0.0012454768226613834,False,282,goleiro_time1,0.877246251869123,6,goleiro1,GOL-TIME1,0.6113568712124275,7
0.00273392031593489,False,282,time1,0.7965409736370238,4,time1,TIME1,0.5852171809266362,6
0.0027435115755063003,False,282,time1,0.7764128237017507,9,time1,TIME1,0.5800577631532209,9
6.84726535347048e-05,False,283,time0,0.9915330611137502,0,time0,TIME0,0.6473493904060771,2
0.0001465483365514315,False,283,time0,0.9837558685603703,2,time0,TIME0,0.6448727005763019,3
0.0018890249940093085,False,283,time0,0.9090360049478744,3,time0,TIME0,0.6203995832015101,8
0.0012014432533745993,False,283,time0,0.8898684760665921,1,time0,TIME0,0.6155439384588903,5
0.00241665912853009,False,283,time1,0.8398881673684411,4,time1,TIME1,0.5991154049544236,6
0.0019102924107663108,False,283,goleiro_time1,0.8244295244190885,6,goleiro1,GOL-TIME1,0.5951366420747545,7
0.0030417745037481974,False,283,time1,0.7558405371734747,9,time1,TIME1,0.5733557832149222,9
0.0002572497108010419,False,284,time0,0.9749423864476826,0,time0,TIME0,0.6421158365325913,2
0.00035671593170328496,False,284,time0,0.9604116046838618,2,time0,TIME0,0.6376550106161074,3
0.0010473667018961288,False,284,goleiro_time1,0.9031401545533787,6,goleiro1,GOL-TIME1,0.6193918908193103,7
0.0013296546145663314,False,284,time0,0.8807140125434897,1,time0,TIME0,0.612835072275717,5
0.0030791399113498353,False,284,time0,0.8492456847639842,3,time0,TIME0,0.6011130047936979,8
0.0024216653991298424,False,284,time1,0.7967432135060428,9,time1,TIME1,0.5863526468800317,9
0.002547417559256998,False,284,time1,0.7125549778656084,4,time1,TIME1,0.5580736223494288,6
0.0001793459280897817,False,285,time0,0.9818068973763086,2,time0,TIME0,0.6442449322937122,3
0.0001910450416743033,False,285,time0,0.9813151234324102,0,time0,TIME0,0.6441743009727485,2
0.0003484901593261149,False,285,time1,0.944658292954522,4,time1,TIME1,0.6314428421355425,6
0.0009617371523961006,False,285,goleiro_time1,0.9221095162511114,6,goleiro1,GOL-TIME1,0.6254389462856622,7
0.0015504929400461203,False,285,time0,0.8528714688070589,1,time0,TIME0,0.6043012992867165,5
0.0026335625496700125,False,285,time0,0.8503749934733605,3,time0,TIME0,0.6023860022959145,8
0.0018209734001485647,False,285,time1,0.8359625990072824,9,time1,TIME1,0.5986517597052992,9
0.0001435420629391005,False,286,time0,0.9853785447173788,2,time0,TIME0,0.6454376284966926,3
0.000295291101911054,False,286,time0,0.9718448852129231,0,time0,TIME0,0.6412102937288259,2
0.0008059083047429702,False,286,time1,0.9206926482063879,4,time1,TIME1,0.6247358861756929,6
0.0011113601117498258,False,286,goleiro_time1,0.8994771719035929,6,goleiro1,GOL-TIME1,0.6184659223920916,7
0.0012443829312277406,False,286,time1,0.8961403584264183,9,time1,TIME1,0.6171876569100537,9
0.0013746074544577719,False,286,time0,0.8644592519781517,1,time0,TIME0,0.6079643936866952,5
0.002823751723523223,False,286,time0,0.7740948238615187,3,time0,TIME0,0.5790200748876768,8
1.758385486307022e-05,False,287,time0,0.9781286436789675,2,time0,TIME0,0.6433364308402328,3
0.00039855093749345197,False,287,time0,0.9625812253872985,0,time0,TIME0,0.6383310547574086,2
0.0008770836937588533,False,287,time1,0.9212054073146394,4,time1,TIME1,0.6254608366044663,6
0.0015189926006598875,False,287,goleiro_time1,0.8649148560670957,6,goleiro1,GOL-TIME1,0.6078151353179135,7
0.0014645413414402222,False,287,time0,0.8465125069614368,1,time0,TIME0,0.6023638613039022,5
0.0022170812187397846,False,287,time1,0.8321642094500944,9,time1,TIME1,0.5969686741332819,9
0.004043620163171641,False,287,time0,0.6138131940607146,3,time0,TIME0,0.5292051199821981,8
0.00014325916654234463,False,288,time0,0.9824614718595911,0,time0,TIME0,0.6444125278096988,2
0.00011368892761618432,False,288,time0,0.9756209926353769,2,time0,TIME0,0.6424949889855648,3
0.0008644714228206609,False,288,time1,0.9234518284377019,4,time1,TIME1,0.6261171924670413,6
0.0011855055768296722,False,288,time0,0.8731187567979309,1,time0,TIME0,0.6105896605728016,5
0.0016863494669684996,False,288,goleiro_time1,0.8482574912289526,6,goleiro1,GOL-TIME1,0.6026513046795317,7
0.0018842401194867483,False,288,time1,0.8429837149279918,9,time1,TIME1,0.6004649935330537,9
0.0039329107605239515,False,288,time0,0.5589990777550382,3,time0,TIME0,0.5125097187493118,8
4.632997333613244e-05,False,289,time0,0.997607991377275,0,time0,TIME0,0.6491610675900026,2
0.0001889139268680224,False,289,time0,0.9729728152565503,2,time0,TIME0,0.6415936903295735,3
0.0009358394933904339,False,289,time0,0.9194964167973547,1,time0,TIME0,0.6245609585832697,5
0.0022623158262326743,False,289,time1,0.8301527406395859,9,time1,TIME1,0.5964964545724288,9
0.0023549293971741733,False,289,goleiro_time1,0.8021185668899942,6,goleiro1,GOL-TIME1,0.5879293110610713,7
0.003458145035175083,False,289,time1,0.7698027388631189,4,time1,TIME1,0.5760277908428689,6
0.0020732583901636077,False,289,time0,0.7375832480164295,3,time0,TIME0,0.5678770623208393,8
0.00015299859001005194,False,290,time0,0.9857198817009709,0,time0,TIME0,0.6454822140596042,2
0.00015193967854781713,False,290,time0,0.9800875735749779,2,time0,TIME0,0.6437556951419006,3
0.0007977352179354985,False,290,time0,0.9218252282738425,1,time0,TIME0,0.625677714521132,5
0.0015969407615147142,False,290,time1,0.8900060416486909,4,time1,TIME1,0.6141233645390697,6
0.001754495930367362,False,290,time1,0.8668474706497998,9,time1,TIME1,0.6081022881340206,9
0.002277589111616532,False,290,goleiro_time1,0.8066938580368265,6,goleiro1,GOL-TIME1,0.5897641024892872,7
0.0021402563740951295,False,290,time0,0.72892309589035,3,time0,TIME0,0.5666840899849639,8
9.643992068554186e-05,False,291,time0,0.9845397857587895,2,time0,TIME0,0.6451721701869726,3
0.00022948484679513327,False,291,time0,0.979502372729938,0,time0,TIME0,0.6435770436106669,2
0.0007747057643881578,False,291,time1,0.9403963181430156,4,time1,TIME1,0.6307777226840476,6
0.0013371707171392388,False,291,time0,0.8778112832834876,1,time0,TIME0,0.6113464855087987,5
0.0017686675115320845,False,291,time1,0.8689248592704877,9,time1,TIME1,0.6089592182688773,9
0.0020117634482314413,False,291,goleiro_time1,0.8093423404959305,6,goleiro1,GOL-TIME1,0.5907158431749246,7
0.00014558050238240916,False,292,time0,0.9874205105987279,0,time0,TIME0,0.6459833887247873,2
8.378444478991613e-05,False,292,time0,0.98501391147985,2,time0,TIME0,0.64531182822264,3
0.0006207744596945181,False,292,time0,0.9300004320198112,1,time0,TIME0,0.6279470684280491,5
0.0011178786129336623,False,292,time1,0.9154403867023411,4,time1,TIME1,0.6233758427140667,6
0.0010543539702094922,False,292,time1,0.9084477267988765,9,time1,TIME1,0.6210840228513642,9
0.0018674213230819054,False,292,goleiro_time1,0.8170070721855613,6,goleiro1,GOL-TIME1,0.5932888733016783,7
0.00019323410553401512,False,293,time0,0.9689824240961108,2,time0,TIME0,0.6404411049017497,3
0.00034734363305514705,False,293,time0,0.9687151516046978,0,time0,TIME0,0.6401518027520343,2
0.0008842005325536898,False,293,time1,0.9334766787025888,4,time1,TIME1,0.6287547085474218,6
0.0011636483455003887,False,293,time0,0.9238583945432433,1,time0,TIME0,0.6254000423207559,5
0.0012471454104200563,False,293,goleiro_time1,0.8711175200575144,6,goleiro1,GOL-TIME1,0.6097700265795365,7
0.0015111157909126365,False,293,time1,0.8702465924328583,9,time1,TIME1,0.6092870848438099,9
0.00014432482541023174,False,294,time0,0.9829716099402569,2,time0,TIME0,0.6447220667195311,3
0.00012790520400180654,False,294,time1,0.976265344483516,4,time1,TIME1,0.6421618604405744,6
0.00028241007622517014,False,294,time0,0.973993240813497,0,time0,TIME0,0.6418025469897621,2
0.0007908958852227521,False,294,time0,0.930910145887696,1,time0,TIME0,0.6280849589648433,5
0.0006554583062392939,False,294,time1,0.9245844124288839,9,time1,TIME1,0.6258703255978426,9
0.0011883101638918482,False,294,goleiro_time1,0.8580458487116416,6,goleiro1,GOL-TIME1,0.6060072407830985,7
0.00013194369116490987,False,295,time0,0.9882318698691311,0,time0,TIME0,0.646229828382074,2
0.00010404904106494149,False,295,time0,0.9857063683073318,2,time0,TIME0,0.6455767621145515,3
0.0007153251448467013,False,295,time1,0.9630397218602367,4,time1,TIME1,0.637809081687286,6
0.0009091392482387592,False,295,time0,0.9213289342503188,1,time0,TIME0,0.6251675372711168,5
0.0013716696441832437,False,295,goleiro_time1,0.8620668964839611,6,goleiro1,GOL-TIME1,0.6072308280783588,7
0.00246418136020097,False,295,time1,0.822778548062388,9,time1,TIME1,0.5932224351461809,9
0.00016947113796694885,False,296,time0,0.9852339168746455,0,time0,TIME0,0.6453336164134219,2
0.00012590998854057113,False,296,time0,0.9827155984775089,2,time0,TIME0,0.6446852594695744,3
0.0004427336092254394,False,296,time1,0.9637033860237821,4,time1,TIME1,0.6382892232147516,6
0.0014111119336840772,False,296,time0,0.8783346048916035,1,time0,TIME0,0.6118407621777645,5
0.0015681846376664002,False,296,goleiro_time1,0.8448487669779092,6,goleiro1,GOL-TIME1,0.601891426428147,7
0.005287248805472779,False,296,time1,0.7234821583705362,9,time1,TIME1,0.5602468338499016,9
0.00014240337481981149,False,297,time0,0.9819997120749885,2,time0,TIME0,0.6443439851487301,3
0.00024093859325606645,False,297,time0,0.9823345799227732,0,time0,TIME0,0.6443360462290154,2
0.000992226497046704,False,297,time0,0.9106761499795788,1,time0,TIME0,0.6220023432595554,5
0.00154547297170557,False,297,time1,0.8912067006107517,4,time1,TIME1,0.6151694754681926,6
0.0018796547246561037,False,297,time1,0.871815821132307,9,time1,TIME1,0.6074224395644636,9
0.00146955532336072,False,297,goleiro_time1,0.8511177451155335,6,goleiro1,GOL-TIME1,0.6038825596398948,7
2.5634643357707615e-05,False,298,time0,0.994891568221778,0,time0,TIME0,0.6482759281887971,2
4.243010287082082e-05,False,298,time0,0.9923212514415097,2,time0,TIME0,0.6475844734512224,3
0.0008815922797762832,False,298,time1,0.9380691326799664,4,time1,TIME1,0.630166643064531,6
0.001035850656080752,False,298,time0,0.8990192735548614,1,time0,TIME0,0.6186440036803342,5
0.0012280064196535487,False,298,goleiro_time1,0.8690900767476184,6,goleiro1,GOL-TIME1,0.6093997886967475,7
0.003847065496972544,False,298,time1,0.805579506360947,9,time1,TIME1,0.5867379887108802,9
4.7725814343488016e-05,False,299,time0,0.9947640458752143,0,time0,TIME0,0.6483358867797294,2
9.139766815000846e-05,False,299,time0,0.9844902803162666,2,time0,TIME0,0.6452290329810396,3
0.00044079279155150215,False,299,time1,0.9659332219587087,4,time1,TIME1,0.6389776551919962,6
0.0013434335271615152,False,299,time0,0.870324012670591,1,time0,TIME0,0.6096659970718953,5
0.002356301606407879,False,299,time1,0.8145933759247697,9,time1,TIME1,0.5911383659586114,9
0.0019431188943912698,False,299,goleiro_time1,0.7988279756309363,6,goleiro1,GOL-TIME1,0.5872952240375275,7
0.03410430142243263,False,299,time0,0.0,3,time0,TIME0,0.29703250662887454,8
6.103765300210468e-05,False,300,time0,0.995491553407962,0,time0,TIME0,0.6485566259592306,2
0.0002543960909000471,False,300,time1,0.9841613893795074,4,time1,TIME1,0.6447802764655026,6
0.0002523764604841488,False,300,time0,0.976478828605568,2,time0,TIME0,0.6425244385985107,3
0.0010139323429739847,False,300,time0,0.8965750305584406,1,time0,TIME0,0.6178245063193086,5
0.0023733251586714635,False,300,time1,0.8351877821541638,9,time1,TIME1,0.5964960156364513,9
0.001662554867766665,False,300,goleiro_time1,0.8152621189920211,6,goleiro1,GOL-TIME1,0.5928588987588057,7
0.0039179564803035645,False,300,time0,0.6214602219267182,3,time0,TIME0,0.5117443587390904,8
0.0003988337197423679,False,301,time1,0.9803515886678932,4,time1,TIME1,0.6436407229550152,6
0.00038491503945867255,False,301,time0,0.9654797374349811,0,time0,TIME0,0.6390193864365565,2
0.00047503831039074647,False,301,time0,0.9581705291755729,2,time0,TIME0,0.636525532384755,3
0.001057558937161952,False,301,time0,0.884437909485505,1,time0,TIME0,0.6143284744563325,5
0.001653840466535811,False,301,time1,0.8593735426212146,9,time1,TIME1,0.6057790426328248,9
0.0014522133747221454,False,301,goleiro_time1,0.8207413649059743,6,goleiro1,GOL-TIME1,0.594553434659701,7
0.005672468645030391,False,301,time0,0.5855811853184649,3,time0,TIME0,0.5190721111287395,8
3.195188921656211e-05,False,302,time1,0.9921958602825888,4,time1,TIME1,0.6473792947477237,6
1.8977208398746188e-05,False,302,time0,0.9903556648988385,2,time0,TIME0,0.6467783490772898,3
0.0002578567997464405,False,302,time0,0.9771671478561718,0,time0,TIME0,0.6427851563127835,2
0.001000149574718428,False,302,goleiro_time1,0.8909901900204618,6,goleiro1,GOL-TIME1,0.6157610557454727,7
0.0011836311171000446,False,302,time0,0.8686081452009287,1,time0,TIME0,0.6091884666332703,5
0.00401138603073763,False,302,time1,0.7622588220569196,9,time1,TIME1,0.5734200088220622,9
9.5806488955294e-05,False,303,time1,0.9894302507925753,4,time1,TIME1,0.6466977638561724,6
0.00022815119416515466,False,303,time0,0.9792394562309876,0,time0,TIME0,0.6435400482639871,2
0.0002553719788333348,False,303,time0,0.9723417843834204,2,time0,TIME0,0.6412833227433624,3
0.0008956350007127593,False,303,time0,0.9014987885217444,1,time0,TIME0,0.6194202343344538,5
0.0014483371170058434,False,303,goleiro_time1,0.8316951307404107,6,goleiro1,GOL-TIME1,0.5978325447906065,7
0.0044879886738598655,False,303,time0,0.7430051177094158,9,time0,TIME0,0.5630340138015996,8
7.736003313395835e-05,False,304,time1,0.9951341398700386,4,time1,TIME1,0.6484422679994335,6
9.757309800077841e-05,False,304,time0,0.9954362249891208,0,time0,TIME0,0.6483680328595792,2
0.00022125187042095097,False,304,time0,0.9623284162423459,2,time0,TIME0,0.6384381879185578,3
0.0008362674193912473,False,304,time0,0.9195623158555783,1,time0,TIME0,0.6249255016818681,5
0.0013626940726945106,False,304,goleiro_time1,0.8335255902517982,6,goleiro1,GOL-TIME1,0.5987020267904812,7
0.0029083234015746693,False,304,time0,0.7917877317820834,9,time0,TIME0,0.5833830546199441,8
4.981361004449565e-05,False,305,time1,0.9973689575815409,4,time1,TIME1,0.6491445472754196,6
0.000201617186317774,False,305,time0,0.9817544515470084,0,time0,TIME0,0.6441771795784315,2
0.00016956778313813377,False,305,time0,0.9722484091434588,2,time0,TIME0,0.6414827731096967,3
0.0008108850998338204,False,305,time0,0.9160290718751322,1,time0,TIME0,0.6238589147330604,5
0.0011951062726225212,False,305,goleiro_time1,0.8411695536775935,6,goleiro1,GOL-TIME1,0.6010325559576405,7
0.0022683773301975956,False,305,time0,0.8259685930886645,9,time0,TIME0,0.5952920826902981,8
0.0001330384957812724,False,306,time1,0.9932225632803249,4,time1,TIME1,0.6477876997143402,6
0.00010002262820668962,False,306,time0,0.9862846554440406,2,time0,TIME0,0.6457335365794126,3
0.00020664575379560288,False,306,time0,0.9839215616026105,0,time0,TIME0,0.6447830833914168,2
0.0007927980955605887,False,306,time0,0.9279016092865587,1,time0,TIME0,0.6274477335720079,5
0.0009809874499896842,False,306,goleiro_time1,0.8614689449968317,6,goleiro1,GOL-TIME1,0.6073762559635134,7
0.003444881969351872,False,306,time0,0.7382027020905213,9,time0,TIME0,0.5674680567846119,8
0.0032030677353322087,False,306,time1,0.6345661444941072,3,time1,TIME1,0.5320989159303786,9
3.512182546524093e-05,False,307,time1,0.9972278042197261,4,time1,TIME1,0.6490652916399243,6
0.00012399420729287,False,307,time0,0.9871348811399312,0,time0,TIME0,0.6458524481436433,2
0.00015261396252168528,False,307,time0,0.9835170876047936,2,time0,TIME0,0.6448641397163186,3
0.0012594575486376556,False,307,time0,0.8879982793604775,1,time0,TIME0,0.6149356276143227,5
0.0010783592102253739,False,307,time1,0.7906833886950619,3,time1,TIME1,0.5844118859308871,9
0.001589086578405966,False,307,goleiro_time1,0.7736689600965847,6,goleiro1,GOL-TIME1,0.5802402970321557,7
0.0032267033392760418,False,307,time0,0.7397724737662036,9,time0,TIME0,0.5688471833576614,8
3.8312796624209796e-05,False,308,time1,0.99704082575843,4,time1,TIME1,0.6490282436974617,6
9.423056387649985e-05,False,308,time0,0.983123901314448,2,time0,TIME0,0.6447108695516445,3
0.00018255434484362786,False,308,time0,0.9816238701806199,0,time0,TIME0,0.6442291392387478,2
0.0008759014265308778,False,308,time0,0.9182907261676656,1,time0,TIME0,0.6244195083395275,5
0.0013759112764522353,False,308,time1,0.8721128432836968,3,time1,TIME1,0.6090123686974156,9
0.001181917377529112,False,308,goleiro_time1,0.8278844183222344,6,goleiro1,GOL-TIME1,0.5969857588005228,7
0.0038753067886963515,False,308,time0,0.6983720598493012,9,time0,TIME0,0.5553976503595475,8
8.859104228057963e-06,False,309,time1,0.9991536233240482,4,time1,TIME1,0.6497157720743547,6
0.00012041338955262861,False,309,time0,0.9965166377276509,0,time0,TIME0,0.648752571411506,2
0.00015703109075310286,False,309,time0,0.9809138636488299,2,time0,TIME0,0.6440802994528986,3
0.0008343310154337895,False,309,time0,0.9208600046086753,1,time0,TIME0,0.6251827341029899,5
0.0008859532345873363,False,309,time1,0.8650105595348049,6,time1,TIME1,0.6082871715484329,7
0.0018394880783289297,False,309,time1,0.8671099277630945,3,time1,TIME1,0.60814073852893,9
0.0036787326412658977,False,309,time0,0.7100353018290017,9,time0,TIME0,0.5595320658792878,8
0.00012384206090526706,False,310,time1,0.9919883364252982,4,time1,TIME1,0.6473943482881669,6
0.00019703413785939565,False,310,time0,0.9814011102093025,0,time0,TIME0,0.644098725351629,2
0.00013431347642150018,False,310,time0,0.9757951737624975,2,time0,TIME0,0.642570573232523,3
0.0006705255167227034,False,310,time1,0.8981732567970311,6,time1,TIME1,0.6184430635529757,7
0.001460258615948837,False,310,time0,0.871088115366781,1,time0,TIME0,0.6095184684876946,5
0.0019715290234535044,False,310,time1,0.8300193947386865,3,time1,TIME1,0.5969264939258205,9
0.004970597218265858,False,310,time0,0.6358904041077489,9,time0,TIME0,0.5353672776201182,8
2.1794475383480023e-05,False,311,time1,0.9982759918085653,4,time1,TIME1,0.6493915269013644,6
7.935259782868751e-05,False,311,time0,0.9924606476719949,0,time0,TIME0,0.6475775959726626,2
0.00012050435269800109,False,311,time0,0.9846512578375156,2,time0,TIME0,0.6452508377223815,3
0.00048228700262385564,False,311,time1,0.9244889267938473,6,time1,TIME1,0.6267680041336339,7
0.0012385687983151542,False,311,time1,0.891402565614137,3,time1,TIME1,0.6152162573095279,9
0.003764517025969315,False,311,time0,0.6675696100209608,1,time0,TIME0,0.5452773788393206,5
0.005188026835581911,False,311,time0,0.6419316601812871,9,time0,TIME0,0.5371842816035894,8
1.774349378805865e-05,False,312,time1,0.9984865228870716,4,time1,TIME1,0.6495030905393532,6
2.205986911143862e-05,False,312,time0,0.995767408673973,0,time0,TIME0,0.6486606840926248,2
0.0001575762227875778,False,312,time0,0.9797611000958028,2,time0,TIME0,0.6437025880521459,3
0.0004287602901756726,False,312,time1,0.9338795840364379,6,time1,TIME1,0.6297240844976126,7
0.0010100220945675547,False,312,time1,0.9106845067848237,3,time1,TIME1,0.6221273856840377,9
0.0013024112286258347,False,312,time0,0.8470019061893287,1,time0,TIME0,0.6012322143858341,5
0.0038173444433835806,False,312,time0,0.7428161611509093,9,time0,TIME0,0.5684354727584248,8
0.00013629250825564478,False,313,time1,0.9923446357385054,4,time1,TIME1,0.6474764846647081,6
4.251799987838044e-05,False,313,time0,0.9863802385797351,0,time0,TIME0,0.6458613259858066,2
0.00014556675390923798,False,313,time0,0.9823664818583215,2,time0,TIME0,0.6445133730297012,3
0.0006181883262318814,False,313,time1,0.912562822785277,6,time1,TIME1,0.6229369779694566,7
0.0003200165894310368,False,313,time0,0.911869224628202,1,time0,TIME0,0.6225247287320403,5
0.0011882294994182607,False,313,time1,0.9012185794872829,3,time1,TIME1,0.6187427402775243,9
0.0035459777901838876,False,313,time0,0.767834800072804,9,time0,TIME0,0.5764180881429779,8
0.00016318907500899554,False,314,time0,0.9872334657343794,0,time0,TIME0,0.6459393126279424,2
0.00023104220382529032,False,314,time1,0.9854135687528368,4,time1,TIME1,0.6451656233834653,6
0.00043432649397981757,False,314,time0,0.9639167704823225,2,time0,TIME0,0.6383988549116918,3
0.0003359696125188948,False,314,time1,0.9441932223280808,6,time1,TIME1,0.632559595247363,7
0.0007835778925676804,False,314,time1,0.9205371609949455,3,time1,TIME1,0.6251369590180198,9
0.003764192744639019,False,314,time0,0.7529822166218972,9,time0,TIME0,0.5717717968576298,8
4.353424541464858e-05,False,315,time1,0.997249144542435,4,time1,TIME1,0.6490026897417258,6
5.193520301845801e-05,False,315,time0,0.995118363964564,0,time0,TIME0,0.6484085424864241,2
0.0001889396481812984,False,315,time0,0.9728915775958138,2,time0,TIME0,0.6414337906523744,3
0.0002909511249363711,False,315,time1,0.9534550059635504,6,time1,TIME1,0.6355984034515113,7
0.00038190379407375565,False,315,time1,0.902915279970572,3,time1,TIME1,0.6199598004919844,9
0.00333228978686533,False,315,time0,0.7354776533347529,9,time0,TIME0,0.5664640448111192,8
0.005611561386910826,False,315,time0,0.49957899541159007,1,time0,TIME0,0.49115955981735426,5
9.516900497672679e-05,False,316,time0,0.9918167666434922,0,time0,TIME0,0.6474232354296203,2
0.00018631153367973505,False,316,time1,0.9884186966877583,4,time1,TIME1,0.6462031798054457,6
0.0002537921727279813,False,316,time0,0.9686677524227622,2,time0,TIME0,0.6402834664793347,3
0.0003068810140619927,False,316,time1,0.9537783857680024,6,time1,TIME1,0.6357704027462033,7
0.0012837482089858663,False,316,time1,0.9043268349948427,3,time1,TIME1,0.6192390961286205,9
0.003789088540736255,False,316,time0,0.7331912219153364,1,time0,TIME0,0.5603709752817347,5
0.003537433646797914,False,316,time0,0.7030131229124524,9,time0,TIME0,0.556907345380811,8
6.628709655029908e-05,False,317,time1,0.9959919964497383,4,time1,TIME1,0.6486554988140162,6
0.0001017292842699967,False,317,time0,0.9912382228074746,0,time0,TIME0,0.6472658760806718,2
0.0002009309929192677,False,317,time0,0.9662958418482004,2,time0,TIME0,0.6396299600969759,3
0.000263172157330678,False,317,time1,0.9631588194926807,6,time1,TIME1,0.6386535422186662,7
0.0003357653386177,False,317,time1,0.9110466123112965,3,time1,TIME1,0.622266755366347,9
0.0019246222769358087,False,317,time0,0.784895702373545,1,time0,TIME0,0.582380342618902,5
0.003454797916112565,False,317,time0,0.6968502650064067,9,time0,TIME0,0.5557108454049938,8
5.163791765231772e-05,False,318,time1,0.9962398672520387,4,time1,TIME1,0.6488099521356077,6
0.0002057336491386785,False,318,time0,0.9812608402996221,0,time0,TIME0,0.64412029810882,2
0.0002342640646580677,False,318,time0,0.9739504612740097,2,time0,TIME0,0.6418848700389868,3
0.0002985723449868088,False,318,time1,0.9618466485974662,6,time1,TIME1,0.6382493450077203,7
0.0009546072246489462,False,318,time1,0.9289638199548292,3,time1,TIME1,0.6273873359226108,9
0.0011308007572081262,False,318,time0,0.9006467191166131,1,time0,TIME0,0.6184387985286289,5
0.004944522807671525,False,318,time0,0.6038089042638003,9,time0,TIME0,0.5256305926680274,8
3.7639172171194887e-05,False,319,time1,0.995024709781413,4,time1,TIME1,0.6484189580033537,6
0.00010964710479953484,False,319,time1,0.9865386705023369,6,time1,TIME1,0.645713718687218,7
0.00010744022119369246,False,319,time0,0.9861989954957076,2,time0,TIME0,0.6456724401606941,3
0.00026116033970027185,False,319,time0,0.9786367963834028,0,time0,TIME0,0.6433135865544786,2
0.00127289046644676,False,319,time1,0.9103026048017249,3,time1,TIME1,0.6216749719404193,9
0.0014123884616616914,False,319,time0,0.9073315301937391,1,time0,TIME0,0.6207234289337518,5
0.0057655601149286155,False,319,time0,0.5992756610425651,9,time0,TIME0,0.5239541698817106,8
5.9422866925343254e-05,False,320,time0,0.9901588664300613,0,time0,TIME0,0.6468477157591649,2
0.00011974726080777253,False,320,time1,0.9892279264914104,4,time1,TIME1,0.6465739027735344,6
3.4156144251311575e-05,False,320,time1,0.986286619860257,6,time1,TIME1,0.6457879668836007,7
0.00013682854651220116,False,320,time0,0.9762314517604123,2,time0,TIME0,0.6427047020639709,3
0.001225138721518956,False,320,time1,0.9117328037026801,3,time1,TIME1,0.6223714374977295,9
0.0009680768726963382,False,320,time0,0.9093350508902737,1,time0,TIME0,0.6215642593276887,5
0.003944180247004967,False,320,time0,0.7294505640881859,9,time0,TIME0,0.5637763558916961,8
3.436387112466584e-05,False,321,time1,0.9935351999724173,4,time1,TIME1,0.647953041913057,6
0.00010466408230985888,False,321,time1,0.986379255267235,6,time1,TIME1,0.6457459682931685,7
0.00010632660754991951,False,321,time0,0.9779805783633835,0,time0,TIME0,0.6432628437045012,2
0.00014916572115603654,False,321,time0,0.9745391175607836,2,time0,TIME0,0.6422073143134105,3
0.0008877931963031026,False,321,time0,0.9186610135190755,1,time0,TIME0,0.6245910552313537,5
0.0015283072673319279,False,321,time1,0.8856671716597841,3,time1,TIME1,0.6140594714506423,9
0.005503341929145949,False,321,time0,0.6775400862299614,9,time0,TIME0,0.5471929304962043,8
0.00018840260796036885,False,322,time1,0.9898687433869784,4,time1,TIME1,0.6466840968211467,6
0.0001491993947688313,False,322,time0,0.9843383112306067,0,time0,TIME0,0.6450255222901702,2
9.67331855110961e-05,False,322,time1,0.9700263224133099,6,time1,TIME1,0.6409079861481054,7
0.000352630377580829,False,322,time0,0.9528570608920549,2,time0,TIME0,0.6353762212005787,3
0.0013077599427455337,False,322,time0,0.8779877960514275,1,time0,TIME0,0.6117961010884141,5
0.0021038287036820387,False,322,time1,0.8576295674671608,3,time1,TIME1,0.6046615939526931,9
0.0048141345203403995,False,322,time0,0.7235881720259633,9,time0,TIME0,0.5622292969514366,8
7.442650974497599e-05,False,323,time1,0.9957056964997499,4,time1,TIME1,0.6484662164251338,6
8.790188420900714e-05,False,323,time0,0.9936063186929764,0,time0,TIME0,0.6479269931322238,2
8.418325831817392e-05,False,323,time1,0.9863085443964877,6,time1,TIME1,0.6457955512280332,7
0.0002763458834444629,False,323,time0,0.9687428052785365,2,time0,TIME0,0.640141616174297,3
0.0012955305997612015,False,323,time0,0.883151795478595,1,time0,TIME0,0.6136727460416094,5
0.0018326473251097303,False,323,time1,0.8727450332224523,3,time1,TIME1,0.6099463531254259,9
0.004205404889988429,False,323,time0,0.7385205557293515,9,time0,TIME0,0.5671450690676652,8
4.479486562245192e-05,False,324,time1,0.9968001998255088,4,time1,TIME1,0.6489768759921282,6
1.8439254995096775e-05,False,324,time0,0.9955853237231423,0,time0,TIME0,0.6486087897991062,2
0.00018606247577598723,False,324,time1,0.9769871209847724,6,time1,TIME1,0.6428284117348786,7
0.00029061464247029026,False,324,time0,0.9657229641725033,2,time0,TIME0,0.6393569817464418,3
0.0010045135734718807,False,324,time0,0.912892019967589,1,time0,TIME0,0.6226476400314767,5
0.0020569962293588914,False,324,time1,0.8408456544939079,3,time1,TIME1,0.5999278088341633,9
0.0030031117678958824,False,324,time0,0.7864609636776734,9,time0,TIME0,0.5821709791356562,8
0.00016478298471413354,False,325,time0,0.9839296189391569,0,time0,TIME0,0.6449223134372233,2
0.0002793197644364256,False,325,time0,0.9762626826452356,2,time0,TIME0,0.6426034030197044,3
0.0005228799023517097,False,325,time1,0.9656552628763042,4,time1,TIME1,0.6388427556486838,6
0.0004070949033161191,False,325,time1,0.9560623909363355,6,time1,TIME1,0.6362868935989632,7
0.0009234291372980767,False,325,time0,0.9184549580851189,1,time0,TIME0,0.6246301496428769,5
0.002464084156973678,False,325,time0,0.8018938212103273,9,time0,TIME0,0.587941584191448,8
0.0001279584983599849,False,326,time0,0.9875571053373364,0,time0,TIME0,0.6460792220265867,2
0.00033227903528896386,False,326,time1,0.9669745642422681,6,time1,TIME1,0.639731668415382,7
0.00014344984416748822,False,326,time0,0.9459545978875235,2,time0,TIME0,0.6334707428035504,3
0.0010251408491422627,False,326,time0,0.9042258495150105,1,time0,TIME0,0.6202364571671954,5
0.0033442733822332737,False,326,time0,0.7334800852649963,9,time0,TIME0,0.5663706956961664,8
0.012888263166262473,False,326,time1,0.5708344559748205,4,time1,TIME1,0.5004265560075576,6
1.9316114921039982e-05,False,327,time0,0.9971163863886192,0,time0,TIME0,0.649040500607601,2
0.00016370153539504892,False,327,time1,0.9798986152427132,6,time1,TIME1,0.6437054205053441,7
0.0004891726032610748,False,327,time0,0.9271740072978036,2,time0,TIME0,0.6274647579553452,3
0.0007715455433889708,False,327,time0,0.9191220042854548,1,time0,TIME0,0.6247970297182408,5
0.0031759297712634824,False,327,time1,0.8889991187062813,4,time1,TIME1,0.6071879024596709,6
0.005808086019544915,False,327,time0,0.6152526910523489,9,time0,TIME0,0.5273438562584691,8
3.19434295933101e-05,False,328,time0,0.9915522129417476,0,time0,TIME0,0.6474172305533494,2
6.835446612949658e-05,False,328,time1,0.9709770083050864,6,time1,TIME1,0.6411571038320947,7
0.00028564812068503835,False,328,time0,0.9565240672380831,2,time0,TIME0,0.6365582337437798,3
0.0010568045467706031,False,328,time0,0.8814297534227983,1,time0,TIME0,0.6131482640641345,5
0.005814980752009332,False,328,time0,0.6419313985736858,9,time0,TIME0,0.5368727496791499,8
0.00524192450314385,False,328,time1,0.6152008580576716,3,time1,TIME1,0.5272586811125531,9
0.01147526672783885,False,328,time1,0.6198460651400044,4,time1,TIME1,0.5155326335305757,6
2.6512294391597367e-06,False,329,time0,0.9976899354207687,0,time0,TIME0,0.6492830756983853,2
0.00010393153220522648,False,329,time1,0.9651529460011806,6,time1,TIME1,0.6394239467474176,7
0.00024423439652296563,False,329,time0,0.9611641106024567,2,time0,TIME0,0.6380522005886468,3
0.0004193884481188946,False,329,time0,0.9417551441343192,1,time0,TIME0,0.6317075884900456,5
0.0013517531290631506,False,329,time1,0.8978525595744877,3,time1,TIME1,0.6146323694561717,9
0.0036803321315321013,False,329,time1,0.834913506706346,4,time1,TIME1,0.5918126893558261,6
0.004991632483682523,False,329,time0,0.7028852318527693,9,time0,TIME0,0.5555942267099456,8
7.045831704127504e-06,False,330,time0,0.9997003597726731,0,time0,TIME0,0.6498973836441798,2
0.0007386190662561874,False,330,time1,0.9630826391999717,4,time1,TIME1,0.6362473924180747,6
0.000418674263133406,False,330,time1,0.9547561856837778,3,time1,TIME1,0.6353195658286352,9
0.0005456637604797821,False,330,time1,0.9511234194442025,6,time1,TIME1,0.6345051569613692,7
0.0004966979391259276,False,330,time0,0.945023995135463,1,time0,TIME0,0.6328488002737642,5
0.0006753920703663176,False,330,time0,0.8857317623249992,2,time0,TIME0,0.6147578024986843,3
0.0033848353352133992,False,330,time0,0.7815767842814841,9,time0,TIME0,0.5802994662823723,8
0.00010450034357495109,False,331,time1,0.9928000816472353,4,time1,TIME1,0.647308746536914,6
0.00032485815738078817,False,331,time1,0.9636677247519219,3,time1,TIME1,0.6387186069737305,9
0.00027222879915198516,False,331,time0,0.9612391845526416,0,time0,TIME0,0.6379422969704875,2
0.000649212237900215,False,331,time1,0.9497461245511254,6,time1,TIME1,0.6342561004042471,7
0.0003267690429544634,False,331,time0,0.940825949753202,2,time0,TIME0,0.631705720061241,3
0.0006501191805381535,False,331,time0,0.9372775419937697,1,time0,TIME0,0.630459581209926,5
0.005543850308739842,False,331,time0,0.6828518339257648,9,time0,TIME0,0.5483078634435646,8
8.092495261670889e-05,False,332,time1,0.993652571329792,4,time1,TIME1,0.6479285597621187,6
6.257932104581084e-05,False,332,time0,0.9913006629178116,0,time0,TIME0,0.6471900191458566,2
0.00010446271917858362,False,332,time1,0.9809610884517176,6,time1,TIME1,0.6438103130331619,7
0.00018209364416145972,False,332,time1,0.9799178810277549,3,time1,TIME1,0.6436788034581277,9
0.0002114883110266341,False,332,time0,0.9554886082577302,2,time0,TIME0,0.6363482771022229,3
0.0009090427552646943,False,332,time0,0.9044087882103967,1,time0,TIME0,0.6202765147590305,5
0.002759925933430993,False,332,time0,0.8182206764765736,9,time0,TIME0,0.5909834865618295,8
4.0703638986503487e-05,False,333,time1,0.9969508675034328,4,time1,TIME1,0.6489692997318186,6
7.027323107490391e-06,False,333,time0,0.9961472890598936,0,time0,TIME0,0.6487999129072569,2
6.881632097315786e-05,False,333,time0,0.9882268523643492,2,time0,TIME0,0.6463032957173093,3
0.00014491179896960682,False,333,time1,0.9847896648270662,3,time1,TIME1,0.6451870214699699,9
0.0002744587913538772,False,333,time1,0.9659216678388362,6,time1,TIME1,0.6394094967882187,7
0.0006965712127937336,False,333,time0,0.933398077986745,1,time0,TIME0,0.62920932980423,5
0.004714096368027472,False,333,time0,0.702608012780331,9,time0,TIME0,0.5551350641142576,8
1.6941659115330402e-05,False,334,time0,0.998732040327561,0,time0,TIME0,0.6495882510248678,2
2.1630105664678997e-05,False,334,time1,0.9981066587660421,4,time1,TIME1,0.6493936061650049,6
9.675803169093224e-05,False,334,time1,0.9852788947906882,3,time1,TIME1,0.6454512298658641,9
0.0002490515622011475,False,334,time1,0.9693788122375789,6,time1,TIME1,0.6403618533176092,7
0.0008006968216931165,False,334,time0,0.941865082139658,1,time0,TIME0,0.631656440714039,5
0.008154269561416771,False,334,time0,0.5898450580318981,9,time0,TIME0,0.5171856792930066,8
1.9139326868480895e-05,False,335,time1,0.9985262166873979,4,time1,TIME1,0.6495176880566084,6
3.0881784924462386e-05,False,335,time0,0.9967426182114906,0,time0,TIME0,0.6489702687424732,2
0.00016620445508233847,False,335,time1,0.9744192779587977,6,time1,TIME1,0.6420071863315222,7
0.00014589878460955952,False,335,time1,0.9714715367249892,3,time1,TIME1,0.6412732490896083,9
0.0003578564715542004,False,335,time0,0.9384025810040906,2,time0,TIME0,0.6309977493250419,3
0.0010159274442873801,False,335,time0,0.929360327953442,1,time0,TIME0,0.6277374477120372,5
0.006404311134519635,False,335,time0,0.6963874007014447,9,time0,TIME0,0.5518781211951811,8
9.099517811007125e-06,False,336,time0,0.9984213964624119,0,time0,TIME0,0.6495001921479692,2
4.684065808911944e-05,False,336,time1,0.9973020335009182,4,time1,TIME1,0.6491226705451256,6
0.00016971965049768342,False,336,time1,0.9806447431098013,3,time1,TIME1,0.6440218938644982,9
0.00034878321488062916,False,336,time1,0.958550123519209,6,time1,TIME1,0.6371234743139703,7
0.00025109630514184183,False,336,time0,0.953351143440081,2,time0,TIME0,0.6356570327512459,3
0.0006953119845554234,False,336,time0,0.9373341122207137,1,time0,TIME0,0.6302773054419222,5
0.004993927210392778,False,336,time0,0.7615954422518588,9,time0,TIME0,0.5729617846217878,8
8.947615572950822e-06,False,337,time1,0.9987619872504747,4,time1,TIME1,0.6495845527938976,6
3.465681253134014e-05,False,337,time0,0.9930119475047522,0,time0,TIME0,0.6478503435203926,2
0.00017111512052455906,False,337,time1,0.9790050746345412,6,time1,TIME1,0.6433500872951693,7
0.00013375941548931996,False,337,time1,0.9685109800290213,3,time1,TIME1,0.6404069440022975,9
0.0007283335341558186,False,337,time0,0.927339391005843,1,time0,TIME0,0.6273086030688729,5
0.0007149879774935806,False,337,time0,0.8726688099508341,2,time0,TIME0,0.6108264155917219,3
0.004074406190741451,False,337,time0,0.7979190104043219,9,time0,TIME0,0.5850363730304938,8
4.255157519720187e-05,False,338,time1,0.9932473231154547,4,time1,TIME1,0.6479032519226249,6
0.00010018595474106414,False,338,time0,0.9899264399084993,0,time0,TIME0,0.6468371368050286,2
0.0001739026868754842,False,338,time1,0.9795574429194552,6,time1,TIME1,0.6436715676545068,7
7.311833744950007e-05,False,338,time1,0.9704614662287228,3,time1,TIME1,0.6409905729844231,9
0.0005050526478299042,False,338,goleiro_time1,0.9507140899032951,1,goleiro1,GOL-TIME1,0.6345937299897039,5
0.0004108044798198604,False,338,time0,0.9274363535912509,2,time0,TIME0,0.6275992728904723,3
0.003928085503032225,False,338,time0,0.7890226087890843,9,time0,TIME0,0.5827451009315819,8
2.341427603826733e-05,False,339,time1,0.997760036501051,4,time1,TIME1,0.6492848022938867,6
0.0001333193755661886,False,339,time0,0.9859409214614802,0,time0,TIME0,0.6455959552829085,2
9.519721851784239e-05,False,339,time1,0.9650175923333931,3,time1,TIME1,0.6393888558484201,9
0.00027807583200867297,False,339,time1,0.9510002709129061,6,time1,TIME1,0.6348292152826449,7
0.0007898132056436143,False,339,goleiro_time1,0.9267669522042091,1,goleiro1,GOL-TIME1,0.6271154350808936,5
0.0005909557462869031,False,339,time0,0.9126546940765391,2,time0,TIME0,0.6231305429664871,3
0.0035746703971007983,False,339,time0,0.7889949318782665,9,time0,TIME0,0.5825790161071747,8
4.319662622632791e-06,False,340,time1,0.9972883401076234,4,time1,TIME1,0.6491667067178156,6
0.0001454309687120325,False,340,time0,0.9856831794410428,0,time0,TIME0,0.6455493975835377,2
7.975839974137087e-05,False,340,time1,0.9840045321329606,3,time1,TIME1,0.6450714653878675,9
0.0002558545705345929,False,340,time1,0.9689995724844431,6,time1,TIME1,0.6404517720719861,7
0.00043769380452691895,False,340,goleiro_time1,0.9565355647877161,1,goleiro1,GOL-TIME1,0.6363201116581934,5
0.0005382660165338428,False,340,time0,0.9287883547223524,2,time0,TIME0,0.627876108511014,3
0.003077331606635024,False,340,time0,0.8002783883901515,9,time0,TIME0,0.5866624076086969,8
1.7474035128687352e-05,False,341,time1,0.9974363106177866,4,time1,TIME1,0.649203379762142,6
8.620444875455194e-05,False,341,time0,0.9877037958671324,2,time0,TIME0,0.6459237574147781,3
0.00013092977931781471,False,341,time0,0.9840688637774593,0,time0,TIME0,0.6450522927295963,2
0.00012536715214598915,False,341,time1,0.9801310415888614,3,time1,TIME1,0.6437866670417784,9
0.00022741397668217634,False,341,goleiro_time1,0.9779976688475844,1,goleiro1,GOL-TIME1,0.6430457465600892,5
0.0005282114181968514,False,341,time1,0.9431945977353229,6,time1,TIME1,0.6322637141403641,7
0.006437406093864233,False,341,time0,0.6625590813217263,9,time0,TIME0,0.5404950654366425,8
1.1969926956799335e-05,False,342,time1,0.9989689855400249,4,time1,TIME1,0.649660591029159,6
2.3130288895484965e-05,False,342,time1,0.993088553390232,3,time1,TIME1,0.6478043242492127,9
0.00013545491677204212,False,342,time0,0.9859884966565347,0,time0,TIME0,0.6456171061466891,2
7.237351645206959e-05,False,342,goleiro_time1,0.9818217835701447,1,goleiro1,GOL-TIME1,0.6443653638653775,5
0.00013248631194690523,False,342,time0,0.9755969910289051,2,time0,TIME0,0.642505512309359,3
0.0003372989021647674,False,342,time1,0.958548356175156,6,time1,TIME1,0.6370926356915833,7
0.008455125522724078,False,342,time0,0.6669439905179162,9,time0,TIME0,0.5409582637484089,8
2.444547335618646e-05,False,343,time1,0.998703498429572,4,time1,TIME1,0.6495745154252541,6
6.988483987859116e-05,False,343,time0,0.9925113052451233,0,time0,TIME0,0.6476450657980127,2
0.00010779419364547724,False,343,goleiro_time1,0.9728590381871316,1,goleiro1,GOL-TIME1,0.6416558952357676,5
0.00023630982224622855,False,343,time1,0.9699634344294052,6,time1,TIME1,0.6406320610263863,7
0.00031296755445314983,False,343,time0,0.9430602176821707,2,time0,TIME0,0.6324264159665255,3
0.0030088335678890164,False,343,time0,0.8613839313467122,9,time0,TIME0,0.6018352800571652,8
9.887002039246943e-05,False,344,time1,0.9920651661890781,4,time1,TIME1,0.6474516748220602,6
0.0001837906927815683,False,344,time0,0.9807363249271803,0,time0,TIME0,0.6439078965429523,2
0.00044445323375167777,False,344,time0,0.9626661596026745,2,time0,TIME0,0.6383036205743737,3
0.000282298109877241,False,344,goleiro_time1,0.9498884875076967,1,goleiro1,GOL-TIME1,0.6345782321980289,5
0.0008009938597389368,False,344,time1,0.9274675848747677,6,time1,TIME1,0.6269662124670652,7
0.0042581450477205745,False,344,time0,0.8066969409671173,9,time0,TIME0,0.5872443900742109,8
5.636885414971302e-05,False,345,time1,0.9962668977710495,4,time1,TIME1,0.6487831693149884,6
6.446605800978318e-05,False,345,time0,0.9939104258021391,0,time0,TIME0,0.6480317335203559,2
0.0002487082562308544,False,345,time1,0.9752103452312942,3,time1,TIME1,0.6421518143452003,9
0.0001347931383281987,False,345,time0,0.9663958206744476,2,time0,TIME0,0.6395553025698937,3
0.00022207495244578256,False,345,time1,0.9633956754425352,6,time1,TIME1,0.6384024777785133,7
0.0006049691946439703,False,345,goleiro_time1,0.9471144795853264,1,goleiro1,GOL-TIME1,0.6333635232920587,5
0.005413408853881471,False,345,time0,0.759576968070741,9,time0,TIME0,0.572119689394165,8
2.4219600147048363e-05,False,346,time1,0.998854696229546,4,time1,TIME1,0.6496108577848991,6
6.902318222539225e-05,False,346,time0,0.9930712439222215,0,time0,TIME0,0.6478132375639492,2
0.00017717820987614652,False,346,time1,0.9794291675204545,3,time1,TIME1,0.6434905997442109,9
0.0006016141105988404,False,346,goleiro_time1,0.9527903126853896,1,goleiro1,GOL-TIME1,0.6352618922740652,5
0.00045691376416125395,False,346,time1,0.9506693889871524,6,time1,TIME1,0.6346251337763453,7
0.0003388456053965261,False,346,time0,0.9368845218799257,2,time0,TIME0,0.6305960462060334,3
0.002610803601137243,False,346,time0,0.8747069066434046,9,time0,TIME0,0.6080994139401708,8
1.1527856946041632e-05,False,347,time1,0.9978607788047903,4,time1,TIME1,0.6493287629758913,6
3.788386074929005e-05,False,347,time0,0.997553960726732,0,time0,TIME0,0.6491643660661225,2
0.00012575983339862122,False,347,time1,0.9832317202191555,3,time1,TIME1,0.6448088213784503,9
0.0004886264692622267,False,347,goleiro_time1,0.9525999992883833,1,goleiro1,GOL-TIME1,0.635258328891964,5
0.000623494425157987,False,347,time1,0.9175379390851276,6,time1,TIME1,0.6244987017969839,7
0.0006903857189084052,False,347,time0,0.8960286909391302,2,time0,TIME0,0.617941209756292,3
0.0033391343957449022,False,347,time0,0.8442123676127189,9,time0,TIME0,0.5996467163489237,8
1.647165696959039e-05,False,348,time1,0.9989305868052641,4,time1,TIME1,0.6496505465580575,6
7.128601095591924e-05,False,348,time1,0.9879855524455862,3,time1,TIME1,0.6462592764119097,9
0.00020975958003938377,False,348,time0,0.9793366118549554,0,time0,TIME0,0.6434713996842956,2
0.00027027481642716994,False,348,goleiro_time1,0.9770156928280949,1,goleiro1,GOL-TIME1,0.6426092727971898,5
0.0005259729029562406,False,348,time1,0.9294112214446058,6,time1,TIME1,0.6281739086231224,7
0.000779772507976914,False,348,time0,0.8750586505155492,2,time0,TIME0,0.6116523335832006,3
0.003889519970407201,False,348,time0,0.8008487434829904,9,time0,TIME0,0.5863413127321955,8
1.3021858754235233e-05,False,349,time1,0.9989004516500564,4,time1,TIME1,0.6496395736957455,6
5.311465459971401e-05,False,349,time0,0.9945250444076333,0,time0,TIME0,0.6482019625474227,2
0.00027213854625983923,False,349,goleiro_time1,0.9812759422853974,1,goleiro1,GOL-TIME1,0.6440986289388758,5
0.00017459400424369635,False,349,time1,0.9773463217443575,3,time1,TIME1,0.6429738315705595,9
0.0006243603760382787,False,349,time0,0.912852731578297,2,time0,TIME0,0.6231546692460371,3
0.0014346726566448818,False,349,time1,0.8293301052505527,6,time1,TIME1,0.5968737504138375,7
0.005309338086677653,False,349,time0,0.7200452628480615,9,time0,TIME0,0.5602188486763715,8
4.4318244487379606e-05,False,350,time0,0.9955993129044811,0,time0,TIME0,0.6485744315250783,2
7.778485334509208e-05,False,350,time1,0.9934316314544034,4,time1,TIME1,0.6479041065245668,6
0.00034587592012865604,False,350,goleiro_time1,0.972016523975267,1,goleiro1,GOL-TIME1,0.6411854879179899,5
0.0008558865920712801,False,350,time1,0.8958679470862674,6,time1,TIME1,0.6174935270876418,7
0.0008919690794162645,False,350,time0,0.8854332126940163,2,time0,TIME0,0.6145873599445332,3
0.005692227889793175,False,350,time0,0.7157534221367352,9,time0,TIME0,0.5592792864322299,8
3.958579236033121e-05,False,351,time1,0.9966021883666808,4,time1,TIME1,0.6488881559762674,6
5.9118307805177436e-05,False,351,time0,0.9914768706319775,0,time0,TIME0,0.6473227429021982,2
0.00036524264851902147,False,351,goleiro_time1,0.9709175912367137,1,goleiro1,GOL-TIME1,0.6408107617210252,5
0.00035967144757610394,False,351,time1,0.9409420866124659,3,time1,TIME1,0.6318286474995759,9
0.0005865874860140912,False,351,time0,0.9243963519051854,2,time0,TIME0,0.6265261488401744,3
0.0014148979892406066,False,351,time1,0.8516909778343918,6,time1,TIME1,0.6036292184778871,7
0.005031817393664094,False,351,time0,0.7497407423950493,9,time0,TIME0,0.5698541910117396,8
4.0472213753259594e-05,False,352,time1,0.9961672343926053,4,time1,TIME1,0.6487671821458397,6
9.085842107083925e-05,False,352,time0,0.9935686967612845,0,time0,TIME0,0.6478892379832888,2
0.00014965922031755954,False,352,time1,0.9787832249986396,3,time1,TIME1,0.6433544844764253,9
0.0006027691852747135,False,352,goleiro_time1,0.9550516345810186,1,goleiro1,GOL-TIME1,0.6358055582375525,5
0.0006857221454904661,False,352,time0,0.912184686692369,2,time0,TIME0,0.622942696460882,3
0.0013984544094688784,False,352,time1,0.8588797520832214,6,time1,TIME1,0.6063351273423071,7
0.004816573732849885,False,352,time0,0.7552346811863632,9,time0,TIME0,0.5719412952955134,8
1.1252135216644646e-05,False,353,time0,0.9988414399659451,0,time0,TIME0,0.6495879250067464,2
3.594456187577925e-05,False,353,time1,0.9976985047773027,4,time1,TIME1,0.6492286793388068,6
7.441563399244436e-05,False,353,time1,0.9776379636468362,3,time1,TIME1,0.6431346416232073,9
0.0006039442485056769,False,353,goleiro_time1,0.9555070415628047,1,goleiro1,GOL-TIME1,0.6360092518675842,5
0.000673712473682633,False,353,time0,0.9117420997192964,2,time0,TIME0,0.6228059799307561,3
0.0010788931177222506,False,353,time1,0.8872325137031296,6,time1,TIME1,0.6147297976845302,7
0.00480861889671246,False,353,time0,0.748695944033993,9,time0,TIME0,0.5689755867075124,8
1.401965990202624e-05,False,354,time0,0.9987990879603188,0,time0,TIME0,0.6496190921736562,2
1.5892440707174082e-05,False,354,time1,0.9984423046592134,4,time1,TIME1,0.6495039257230419,6
0.00025073087985677886,False,354,time1,0.9667714210313448,3,time1,TIME1,0.6396747572330824,9
0.0005291569681708905,False,354,goleiro_time1,0.9601179160591545,1,goleiro1,GOL-TIME1,0.6374815866412533,5
0.0008045977353428545,False,354,time1,0.9196798483923826,6,time1,TIME1,0.6249483886068661,7
0.0007068008885510711,False,354,time0,0.9120962893419879,2,time0,TIME0,0.6227997444325734,3
0.004609700507775385,False,354,time0,0.7555913472909075,9,time0,TIME0,0.5717474154066765,8
3.2223922543879674e-05,False,355,time1,0.9977176323906866,4,time1,TIME1,0.6492747105715722,6
7.416389361445696e-05,False,355,time0,0.9937120490926296,0,time0,TIME0,0.6480045385181337,2
0.0003895828236635977,False,355,goleiro_time1,0.9658784834728907,1,goleiro1,GOL-TIME1,0.6392350583624957,5
0.00037697570206129776,False,355,time1,0.9521453906005871,3,time1,TIME1,0.6351875566192333,9
0.0004923463190715664,False,355,time1,0.9471264695729871,6,time1,TIME1,0.6334484196257111,7
0.0005709751561793001,False,355,time0,0.9289999487678218,2,time0,TIME0,0.6280729359003019,3
0.0017649153452009366,False,355,time0,0.8712685913088517,9,time0,TIME0,0.6078364816812813,8
4.1685392850457004e-05,False,356,time0,0.9938104783243467,0,time0,TIME0,0.6480368066297081,2
0.0001746519532971273,False,356,time1,0.9878569228759857,4,time1,TIME1,0.646100754798053,6
0.00023278097982245907,False,356,time1,0.9742628068266823,3,time1,TIME1,0.6418670498296304,9
0.0005567418844486139,False,356,goleiro_time1,0.9508823358216227,1,goleiro1,GOL-TIME1,0.6346440893809955,5
0.0005090827768345021,False,356,time1,0.9474413440320982,6,time1,TIME1,0.6336825042229958,7
0.000591806934046557,False,356,time0,0.9275267425814664,2,time0,TIME0,0.6275166924986667,3
0.002123775049437647,False,356,time0,0.8746313922705604,9,time0,TIME0,0.6098870428941584,8
2.9957964260073167e-05,False,357,time1,0.9976621915224703,4,time1,TIME1,0.6491704654401491,6
6.344692072823549e-05,False,357,time0,0.9926296883300662,0,time0,TIME0,0.6476627918462847,2
0.00033647830602622874,False,357,goleiro_time1,0.970689727813922,1,goleiro1,GOL-TIME1,0.6407191065296003,5
0.000586577948327906,False,357,time1,0.9432894292754148,6,time1,TIME1,0.6321512477999165,7
0.0017323666720523076,False,357,time1,0.8994028294980502,3,time1,TIME1,0.6171999213956392,9
0.0010089901980941157,False,357,time0,0.8834780736764085,2,time0,TIME0,0.6138396600756928,3
0.003383987495790385,False,357,time0,0.7857243496383273,9,time0,TIME0,0.5817589791674406,8
1.681664503513657e-05,False,358,time1,0.998433430094446,4,time1,TIME1,0.649482980697995,6
2.0028632079755495e-05,False,358,time0,0.9982574380870086,0,time0,TIME0,0.6494193380889242,2
0.00017713832154761942,False,358,goleiro_time1,0.986635414898764,1,goleiro1,GOL-TIME1,0.6457077477172554,5
0.00047581958893995794,False,358,time1,0.9466920300404407,6,time1,TIME1,0.6333898502184572,7
0.0007051316412715448,False,358,time0,0.9183861001936794,2,time0,TIME0,0.6246333604518655,3
0.0009008398378217073,False,358,time1,0.8763465106460385,3,time1,TIME1,0.6104206024587645,9
0.004039949168637814,False,358,time0,0.7190881816694822,9,time0,TIME0,0.5616059447239297,8
8.859271327812604e-05,False,359,time1,0.9942556764174729,4,time1,TIME1,0.6481446500352377,6
0.00011947061717602903,False,359,time0,0.9863793741136466,0,time0,TIME0,0.6457361205990519,2
6.962935798807102e-05,False,359,goleiro_time1,0.9771032587045254,1,goleiro1,GOL-TIME1,0.6429180508542188,5
0.00041009739736663737,False,359,time1,0.9509899126913249,6,time1,TIME1,0.6348791229589319,7
0.0006005696324968167,False,359,time1,0.924596417974092,3,time1,TIME1,0.626372343981055,9
0.0006016320698589975,False,359,time0,0.9232486324258724,2,time0,TIME0,0.62614287778609,3
0.0037088335788663216,False,359,time0,0.7266469113748799,9,time0,TIME0,0.5640624701704797,8
5.5786890412203805e-05,False,360,time0,0.9929412252432525,0,time0,TIME0,0.64776325491449,2
2.6208753089671384e-05,False,360,goleiro_time1,0.9858422262796233,1,goleiro1,GOL-TIME1,0.6456687726243163,5
0.0004013066185477421,False,360,time1,0.9462763763327139,6,time1,TIME1,0.6334677691077291,7
0.000707027865189329,False,360,time0,0.9028874196042304,2,time0,TIME0,0.6201315092996367,3
0.004151540908722378,False,360,time0,0.6995504926474657,9,time0,TIME0,0.5554918280048963,8
0.01327558657294765,False,360,time1,0.6024163489194853,4,time1,TIME1,0.509544300233671,6
0.00016645282809904638,False,361,goleiro_time1,0.985859470678179,1,goleiro1,GOL-TIME1,0.6454970367432813,5
0.0003605688271616706,False,361,time0,0.9780259135074979,0,time0,TIME0,0.6428317159434881,2
0.0006272514617969743,False,361,time1,0.9316894680742838,6,time1,TIME1,0.6287730779349961,7
0.0005790439879595881,False,361,time0,0.9197210505012681,2,time0,TIME0,0.6250823901184581,3
0.001945601127953336,False,361,time1,0.7929353008982553,3,time1,TIME1,0.5850742834951459,9
0.004710675382629393,False,361,time0,0.7027821338617902,9,time0,TIME0,0.5560840331519119,8
0.008813050127855654,False,361,time1,0.7263581497776165,4,time1,TIME1,0.5448351791662611,6
0.00012082655400099083,False,362,time0,0.9921147509950117,0,time0,TIME0,0.6473379246584078,2
0.0003174268032375208,False,362,goleiro_time1,0.9808754449085423,1,goleiro1,GOL-TIME1,0.6437444438565294,5
0.0005116007767197627,False,362,time1,0.94250174902918,6,time1,TIME1,0.6322064962821152,7
0.0005700094654530508,False,362,time0,0.9048460676600562,2,time0,TIME0,0.6207810359442789,3
0.001034739414175432,False,362,time1,0.8741230590984465,3,time1,TIME1,0.6102881074469014,9
0.0033732076781767067,False,362,time1,0.8647566136139236,4,time1,TIME1,0.6026513892192598,6
0.007058615888054256,False,362,time0,0.6131280266732717,9,time0,TIME0,0.5258994992823691,8
7.283537129573089e-05,False,363,time0,0.9944886008112148,0,time0,TIME0,0.648243557136566,2
0.0002936712933293334,False,363,goleiro_time1,0.9769729845474847,1,goleiro1,GOL-TIME1,0.6427545083370656,5
0.0009273722602824216,False,363,time1,0.9571958819331132,4,time1,TIME1,0.634648034920493,6
0.0005966356920720438,False,363,time1,0.9380792702353449,6,time1,TIME1,0.6307970819730866,7
0.0006108609988201178,False,363,time0,0.917561171186069,2,time0,TIME0,0.6242826903150753,3
0.0010066495078536275,False,363,time1,0.8884732998189568,3,time1,TIME1,0.6153300348477067,9
0.007054631976241757,False,363,time0,0.6384359236749736,9,time0,TIME0,0.5350588260376312,8
7.434672040482844e-05,False,364,time0,0.9929255139494665,0,time0,TIME0,0.6478071837029286,2
0.0005389910836134098,False,364,time1,0.973572478870833,4,time1,TIME1,0.641316707936817,6
0.000356497833230359,False,364,goleiro_time1,0.9650553314993914,1,goleiro1,GOL-TIME1,0.6390294947349894,5
0.0005432017691346728,False,364,time1,0.9282773042399077,6,time1,TIME1,0.6279087081843311,7
0.000998906733036702,False,364,time0,0.8931245832612421,2,time0,TIME0,0.6166901419139416,3
0.0016009947854671485,False,364,time1,0.8320488345063033,3,time1,TIME1,0.5975329428124044,9
0.007368762773282886,False,364,time0,0.6613283817367706,9,time0,TIME0,0.5409821204091906,8
2.0260485367399327e-05,False,365,time0,0.998840738133649,0,time0,TIME0,0.6495694999575741,2
0.00047841404251181983,False,365,time0,0.9314756193745656,2,time0,TIME0,0.6286517624740149,3
0.0005076547619901383,False,365,time1,0.9259133889469415,6,time1,TIME1,0.6271262305343495,7
0.0009950800915815123,False,365,goleiro_time1,0.8955417105605824,1,goleiro1,GOL-TIME1,0.617117894806358,5
0.0050770369843744795,False,365,time0,0.7646204220836479,9,time0,TIME0,0.5732068591239442,8
0.014255996587064144,False,365,time1,0.6041765665311178,4,time1,TIME1,0.5082063054082238,6
2.7462701990382434e-06,False,366,time0,0.9967378988540645,0,time0,TIME0,0.6490064661593208,2
0.0004570558148065651,False,366,time1,0.9329062057718629,6,time1,TIME1,0.6293538431412742,7
0.0008216475669758214,False,366,goleiro_time1,0.9285680213077022,1,goleiro1,GOL-TIME1,0.6273024564057995,5
0.0037341267109114425,False,366,time1,0.9018659030734578,4,time1,TIME1,0.6099908474153101,6
0.004813736778533528,False,366,time0,0.7651067293899733,9,time0,TIME0,0.5749535874369645,8
0.0001299016497230951,False,367,time0,0.9867522713439275,0,time0,TIME0,0.6458208272965839,2
0.0005554155880127675,False,367,goleiro_time1,0.9507642376489764,1,goleiro1,GOL-TIME1,0.6341597023213725,5
0.001089050144720986,False,367,time1,0.9390656736162097,4,time1,TIME1,0.6287549845125312,6
0.0008568614653571014,False,367,time1,0.8780686643442593,6,time1,TIME1,0.612366791050831,7
0.0017696527342220643,False,367,time0,0.8166573346350409,2,time0,TIME0,0.5925076908837046,3
0.003280802718754322,False,367,time0,0.809539394784394,9,time0,TIME0,0.5888270603553161,8
0.0001005613616205789,False,368,time0,0.9896474517359388,0,time0,TIME0,0.6466900364094822,2
0.0016036432182842287,False,368,goleiro_time1,0.9252817865382227,1,goleiro1,GOL-TIME1,0.6253176952456767,5
0.0011686584717605138,False,368,time1,0.8430801758073792,6,time1,TIME1,0.6014544002133198,7
0.0011596314576452287,False,368,time0,0.8352450727735901,2,time0,TIME0,0.5989345467672555,3
0.005146268004450292,False,368,time0,0.6827314728272484,9,time0,TIME0,0.5488686289576783,8
0.013775396232923866,False,368,time1,0.6387812634593957,4,time1,TIME1,0.5190840328000954,6
0.006926943868748504,False,368,time1,0.51040430873535,3,time1,TIME1,0.4929734757614044,9
1.3556443211218503e-05,False,369,time0,0.9984302611313464,0,time0,TIME0,0.6494389946988147,2
0.000297163126486762,False,369,goleiro_time1,0.9796851661611339,1,goleiro1,GOL-TIME1,0.6427307166886899,5
0.0017075297255081288,False,369,time1,0.8659890430184893,3,time1,TIME1,0.6046818679243458,9
0.0011534409919873143,False,369,time1,0.852536483319131,6,time1,TIME1,0.6043803018508705,7
0.0011346880745818132,False,369,time0,0.8289684372005262,2,time0,TIME0,0.5975457453382025,3
0.004270372767268961,False,369,time1,0.8324661168331754,4,time1,TIME1,0.5893769652283172,6
0.005970106144573932,False,369,time0,0.6351192190284184,9,time0,TIME0,0.5345355789308306,8
2.4571185006513516e-05,False,370,time0,0.9984761456509182,0,time0,TIME0,0.6495043748945855,2
0.0002882943973762522,False,370,time1,0.9860461616731337,4,time1,TIME1,0.6428365356263431,6
0.00026003527322322067,False,370,goleiro_time1,0.9677522902135158,1,goleiro1,GOL-TIME1,0.6399152729444815,5
0.0010886565629687275,False,370,time1,0.9076632692428602,3,time1,TIME1,0.6208090574093366,9
0.0011339149132123339,False,370,time1,0.8677091288801123,6,time1,TIME1,0.6091017319270622,7
0.0011364084093612782,False,370,time0,0.828571603793485,2,time0,TIME0,0.5975322187947514,3
0.005753581186939017,False,370,time0,0.6544179651886005,9,time0,TIME0,0.5407243193984833,8
8.72714266641455e-05,False,371,time0,0.9897585367821694,0,time0,TIME0,0.6467760838373184,2
0.0002053803869401203,False,371,time1,0.9845795331967857,4,time1,TIME1,0.6448514199271149,6
0.0008320964573182981,False,371,time1,0.9291939183188445,3,time1,TIME1,0.6277330496955779,9
0.0010569950975648135,False,371,time0,0.9145101076940136,1,time0,TIME0,0.6226746261057798,5
0.0008638319919872673,False,371,time1,0.8979502464749886,6,time1,TIME1,0.6184042412400816,7
0.0011031857059006476,False,371,time0,0.8401667303511906,2,time0,TIME0,0.6006292154873687,3
0.0064358346078681045,False,371,time0,0.640626868732417,9,time0,TIME0,0.5358263305289935,8
3.3976643602166246e-05,False,372,time0,0.9936158680676507,0,time0,TIME0,0.6479822872308048,2
0.0002022721539404985,False,372,time1,0.990450094018205,4,time1,TIME1,0.646948996596074,6
0.0006745313956528519,False,372,time1,0.9271850544576028,3,time1,TIME1,0.6274106834436852,9
0.0005551543670225149,False,372,time1,0.921511823461365,6,time1,TIME1,0.6257138952547379,7
0.0012686137273754273,False,372,time0,0.9262340478918267,1,time0,TIME0,0.6251896033896777,5
0.0012732952093211503,False,372,time0,0.8034256688601306,2,time0,TIME0,0.5897482236363887,3
0.005639140316768497,False,372,time0,0.7183190734414941,9,time0,TIME0,0.5593600099341303,8
3.462025668558584e-05,False,373,time0,0.9963638084596922,0,time0,TIME0,0.6488624939494851,2
0.0003908003752572211,False,373,time1,0.980713435862721,4,time1,TIME1,0.6434544698738691,6
0.0005484195937311922,False,373,time0,0.9547046322625571,1,time0,TIME0,0.6353556928387778,5
0.00041594950346065775,False,373,time1,0.9377351700875286,6,time1,TIME1,0.6308051295068751,7
0.0007470597663329507,False,373,time1,0.9297028023763856,3,time1,TIME1,0.6281631116565769,9
0.0016214323220612936,False,373,time0,0.7949029701837763,2,time0,TIME0,0.5866115220158535,3
0.007118522297912857,False,373,time0,0.7019076323175629,9,time0,TIME0,0.552801934361946,8
0.00011757254152661846,False,374,time0,0.9877206120678336,0,time0,TIME0,0.646108105494491,2
0.00016608465058273047,False,374,time1,0.986050669976886,4,time1,TIME1,0.6454427607524967,6
0.0004158868236134142,False,374,time1,0.9492177628852646,6,time1,TIME1,0.634115568425183,7
0.0005773995995429912,False,374,time1,0.9457868401830177,3,time1,TIME1,0.6330943343127755,9
0.002866947701326404,False,374,time0,0.8555046463039943,1,time0,TIME0,0.6017848887200609,5
0.005638859462349767,False,374,time0,0.7826778924610522,9,time0,TIME0,0.5786460406511389,8
5.194839026474929e-05,False,375,time1,0.9961426613225497,4,time1,TIME1,0.6486761014802287,6
4.151308985677721e-05,False,375,time0,0.9956850647740685,0,time0,TIME0,0.6486124926322622,2
0.000463462451107219,False,375,time1,0.9470809950838841,3,time1,TIME1,0.6336124487839354,9
0.0006389481148613896,False,375,time0,0.9360831242452967,1,time0,TIME0,0.6287246169256759,5
0.0008307576299862403,False,375,time1,0.8853638949786174,6,time1,TIME1,0.614524969168554,7
0.0049430572508709,False,375,time0,0.8181492432027356,9,time0,TIME0,0.5904206763079813,8
0.0025758435168197103,False,375,time0,0.7186149193801454,2,time0,TIME0,0.5625844132739382,3
4.88970758172253e-05,False,376,time1,0.9960141644603967,4,time1,TIME1,0.6486945113808629,6
0.00010946445557247,False,376,time0,0.9863539515663068,0,time0,TIME0,0.6457560997765257,2
0.0001568975377803237,False,376,time0,0.9601799024982599,1,time0,TIME0,0.6373695795608837,5
0.0006013031211503556,False,376,time1,0.9401932480629235,3,time1,TIME1,0.6314034827436424,9
0.0007165745310045863,False,376,time1,0.9038125533114176,6,time1,TIME1,0.620350520455627,7
0.004255855191318159,False,376,time0,0.849005916279306,9,time0,TIME0,0.6002097638475925,8
0.0016075521476489522,False,376,time0,0.821865507989484,2,time0,TIME0,0.5944069394125693,3
5.286435692359306e-05,False,377,time1,0.9969529266280241,4,time1,TIME1,0.6489687991215878,6
5.34514699969948e-05,False,377,time0,0.994090925553321,0,time0,TIME0,0.6481379608524362,2
0.00019712125802748872,False,377,time0,0.9459470280606442,1,time0,TIME0,0.6334481036665878,5
0.0007118398815316183,False,377,time1,0.9450990203716059,3,time1,TIME1,0.6326365297664606,9
0.0007251017297778695,False,377,time1,0.9045706919997414,6,time1,TIME1,0.62066743798509,7
0.0011001818420760495,False,377,time0,0.8717767010404114,2,time0,TIME0,0.6100899061033711,3
0.004500445297876695,False,377,time0,0.8156398262811486,9,time0,TIME0,0.5903474770706227,8
1.1930886017445426e-05,False,378,time0,0.9984537631655988,0,time0,TIME0,0.649496443324368,2
3.1331387899965575e-05,False,378,time1,0.9980932794815992,4,time1,TIME1,0.6493826386726973,6
0.0005916121217329874,False,378,time0,0.9314026105092502,2,time0,TIME0,0.6285157508654142,3
0.0008717443143958463,False,378,time1,0.9288050683666053,3,time1,TIME1,0.6277327787118386,9
0.000788695672924002,False,378,time0,0.9191305020489666,1,time0,TIME0,0.6245284697755665,5
0.001001735367243834,False,378,time1,0.8640155586128894,6,time1,TIME1,0.608101468137564,7
0.0053254993915241985,False,378,time0,0.7345271533791294,9,time0,TIME0,0.5649540699495168,8
0.0001260256583517531,False,379,time1,0.994144419057995,4,time1,TIME1,0.6480641811302446,6
0.0001027481234988511,False,379,time0,0.9865118433523851,0,time0,TIME0,0.6457981523914669,2
0.0008652193194682242,False,379,time1,0.9156897884106129,3,time1,TIME1,0.6237139562479933,9
0.0006255201180924977,False,379,time0,0.9115406109699508,2,time0,TIME0,0.6226089855031701,3
0.0007746816157784549,False,379,time0,0.8726633380218722,1,time0,TIME0,0.6103152563582948,5
0.0015889319461320703,False,379,time1,0.7824838625871797,6,time1,TIME1,0.5828863590002236,7
0.005991765621111993,False,379,time0,0.6498549187968587,9,time0,TIME0,0.5389447721052941,8
3.2323557754317465e-05,False,380,time1,0.997108143134603,4,time1,TIME1,0.6490349196393753,6
9.2759566028836e-05,False,380,time0,0.9908708156172658,0,time0,TIME0,0.6471082991560436,2
0.0010915544975978221,False,380,time1,0.8893438686326206,3,time1,TIME1,0.6154305340361893,9
0.001003084036656317,False,380,time0,0.869858329048053,2,time0,TIME0,0.6097856108630543,3
0.001016692589941874,False,380,time0,0.83428227433057,1,time0,TIME0,0.5987148824626508,5
0.0012126384676610662,False,380,time1,0.798703058988605,6,time1,TIME1,0.5878857202421934,7
0.00651034910023152,False,380,time0,0.6144722120479016,9,time0,TIME0,0.5280472617591786,8
5.283665704775738e-05,False,381,time1,0.9973006059068014,4,time1,TIME1,0.6491229076183636,6
5.235498487076586e-05,False,381,time0,0.9959872385437136,0,time0,TIME0,0.6486588900520301,2
0.0006313529712508411,False,381,time0,0.910725136250615,2,time0,TIME0,0.6223534617600417,3
0.0009803981427411361,False,381,time0,0.8999271777033383,1,time0,TIME0,0.6184031585025129,5
0.0010735477519391913,False,381,time1,0.8936047174648764,3,time1,TIME1,0.6170883394548146,9
0.001594191472739463,False,381,time1,0.75344138555162,6,time1,TIME1,0.5743117894170062,7
0.005829035648715406,False,381,time0,0.661191890806038,9,time0,TIME0,0.5423580646708813,8
1.4409592094178744e-05,False,382,time0,0.9985113389424957,0,time0,TIME0,0.649511633460363,2
0.00010689535550417746,False,382,time1,0.9948255927465506,4,time1,TIME1,0.6483136247986125,6
0.0006868815324180718,False,382,time0,0.9200022482258013,2,time0,TIME0,0.6253295551735553,3
0.0009346814762369079,False,382,time0,0.9118360015227981,1,time0,TIME0,0.62144463583176,5
0.0017299507964345512,False,382,time1,0.8412211838957387,3,time1,TIME1,0.6003408772011128,9
0.0017136892444183146,False,382,time1,0.7522557111300883,6,time1,TIME1,0.5740294958835166,7
0.006609569040827455,False,382,time0,0.6601922192122794,9,time0,TIME0,0.5414333358575033,8
8.899878787731602e-06,False,383,time0,0.9976359715460164,0,time0,TIME0,0.6492771061933342,2
5.764123475580786e-05,False,383,time1,0.99596524336455,4,time1,TIME1,0.6486924328127236,6
0.0010874972267734952,False,383,time0,0.9169030067989381,2,time0,TIME0,0.6237246782965554,3
0.002148984777461021,False,383,time1,0.8213643233315612,3,time1,TIME1,0.5941656744674194,9
0.0020665828215519558,False,383,time1,0.7413931321787891,6,time1,TIME1,0.5702861092960553,7
0.005448072052350304,False,383,time0,0.7383095636448633,9,time0,TIME0,0.5656390234324776,8
0.0054058627177435556,False,383,time0,0.7009467649135012,1,time0,TIME0,0.5522630550173712,5
9.975958719254398e-05,False,384,time0,0.9890367393563453,0,time0,TIME0,0.6465574574797326,2
0.00019114210538756813,False,384,time1,0.9845005498792255,4,time1,TIME1,0.645043959183182,6
0.0009120392121627868,False,384,time0,0.9027254841272909,2,time0,TIME0,0.619761800006006,3
0.0019777013269217684,False,384,time1,0.8445396720768612,3,time1,TIME1,0.6014471216306302,9
0.0022449117811691494,False,384,time0,0.8491789953603909,1,time0,TIME0,0.5976741305819461,5
0.0016181765212707614,False,384,time1,0.8190579732080204,6,time1,TIME1,0.5939276579481515,7
0.008704231216367564,False,384,time0,0.6599181994989816,9,time0,TIME0,0.5378240493397691,8
2.8694258889816974e-05,False,385,time0,0.995682807012107,0,time0,TIME0,0.6485914131759702,2
0.00014561124620064437,False,385,time1,0.9923145957083406,4,time1,TIME1,0.6474377072198905,6
0.0014406822106595176,False,385,time0,0.9003398102111422,1,time0,TIME0,0.6180487726222126,5
0.0016914599418630623,False,385,time1,0.8261452458282434,6,time1,TIME1,0.5962326329780682,7
0.0014872898391040867,False,385,time0,0.8205278102893004,2,time0,TIME0,0.5943615753287561,3
0.002520679366290076,False,385,time1,0.8208351919133877,3,time1,TIME1,0.5935885440695596,9
0.005574515796190632,False,385,time0,0.7760403267561834,9,time0,TIME0,0.575522764642919,8
3.8398296527129796e-05,False,386,time1,0.9962683335233472,4,time1,TIME1,0.648772492756836,6
5.581320069662637e-06,False,386,time0,0.9944756687206004,0,time0,TIME0,0.6483204388378437,2
0.0008323995325165441,False,386,time0,0.9461527351100659,1,time0,TIME0,0.6322400461399729,5
0.0014264922643756513,False,386,time1,0.8971546836066872,3,time1,TIME1,0.6170935763925911,9
0.0012073323687349605,False,386,time1,0.8768011314015652,6,time1,TIME1,0.6115889019812553,7
0.001446190021501965,False,386,time0,0.8238641402515593,2,time0,TIME0,0.5958129845989167,3
0.0050699774731615,False,386,time0,0.8102703721485562,9,time0,TIME0,0.5873867090239625,8
2.919006954509963e-05,False,387,time0,0.9968139664126546,0,time0,TIME0,0.6489941160134389,2
0.00013684966386259787,False,387,time1,0.9885188769166077,4,time1,TIME1,0.6463511884436578,6
0.0009497738499774868,False,387,time1,0.9211386555527977,6,time1,TIME1,0.6248967548387103,7
0.0011455498757107854,False,387,time1,0.9109805354905721,3,time1,TIME1,0.6219484383013153,9
0.0015045303229960104,False,387,time0,0.9011542494709714,1,time0,TIME0,0.6179158060332877,5
0.0013719038248185137,False,387,time0,0.8211778174130647,2,time0,TIME0,0.5945445410373628,3
0.0049310263729310175,False,387,time0,0.8097195845040231,9,time0,TIME0,0.5876207395987364,8
2.5680326274500488e-05,False,388,time0,0.997164571049872,0,time0,TIME0,0.6491158155389134,2
0.0002824513470108704,False,388,time1,0.9779338662777667,4,time1,TIME1,0.6430093277062217,6
0.0010988809625592391,False,388,time1,0.9195031441990527,3,time1,TIME1,0.6244564469830957,9
0.0012347773651270523,False,388,time0,0.916841483262242,1,time0,TIME0,0.622335867930418,5
0.0017547560859777747,False,388,time1,0.8861679748275338,6,time1,TIME1,0.6135559833687821,7
0.004221541437436791,False,388,time0,0.8229084233391903,9,time0,TIME0,0.5924783904397989,8
0.0014535122249440227,False,388,time0,0.8095428796936875,2,time0,TIME0,0.5914654140763043,3
3.397620920621965e-05,False,389,time0,0.9962091701859466,0,time0,TIME0,0.6488245875403933,2
0.00011331343195501622,False,389,time1,0.9909489398310992,4,time1,TIME1,0.6470662121211961,6
0.0009046997597137985,False,389,time1,0.9306869986046132,3,time1,TIME1,0.6281709395058991,9
0.0014065845766885168,False,389,time1,0.8820382550219145,6,time1,TIME1,0.6129585262755836,7
0.002084480797002177,False,389,time0,0.8684981438536132,1,time0,TIME0,0.6080284441112734,5
0.0014068196705065068,False,389,time0,0.816919529448498,2,time0,TIME0,0.5935984745997198,3
0.003998225647238029,False,389,time0,0.7986118581901815,9,time0,TIME0,0.5854157511913878,8
1.3976546897019633e-05,False,390,time0,0.9988301215101808,0,time0,TIME0,0.6496185606984823,2
0.00032008056295380015,False,390,time1,0.9764741763567838,4,time1,TIME1,0.6424766649043876,6
0.001053423538482704,False,390,time1,0.9170778175496518,3,time1,TIME1,0.6239356438560464,9
0.0015218144367289941,False,390,time0,0.8286010025852648,2,time0,TIME0,0.5966122756526702,3
0.00336216060242035,False,390,time0,0.8047887048670579,9,time0,TIME0,0.5877083952597917,8
0.005909533720118315,False,390,time0,0.6635896324822965,1,time0,TIME0,0.5410443926746581,5
0.003591807386951138,False,390,time1,0.6379821269190402,6,time1,TIME1,0.53533804242179,7
0.0005867226370566301,False,391,time1,0.9477941169340128,4,time1,TIME1,0.6335731736760398,6
0.0005454581929030675,False,391,time0,0.940317187304625,0,time0,TIME0,0.6312301179173115,2
0.0013405725257002014,False,391,time1,0.9135140347098949,3,time1,TIME1,0.622465548291576,9
0.0007824518875417227,False,391,time0,0.9016327245425051,2,time0,TIME0,0.6192258269687979,3
0.001378311932357994,False,391,time1,0.8131038184194371,6,time1,TIME1,0.5911438717623391,7
0.0038321696604462275,False,391,time0,0.7771747578184534,9,time0,TIME0,0.5791421739703773,8
0.004943817830611795,False,391,time0,0.704119588579082,1,time0,TIME0,0.5555929646831861,5
0.00017223124542081161,False,392,time0,0.9876073818662542,0,time0,TIME0,0.6456919509253805,2
0.00013407797674452358,False,392,time0,0.9718987897011933,2,time0,TIME0,0.6410054841099945,3
0.0004271727220172003,False,392,time1,0.968469808933402,4,time1,TIME1,0.6399695670021309,6
0.0011917073050744648,False,392,time1,0.9239583252213817,3,time1,TIME1,0.6260026152344851,9
0.0012390340141785483,False,392,time1,0.8169352250573338,6,time1,TIME1,0.5937535774487445,7
0.002957850779568863,False,392,time0,0.8198918754791401,9,time0,TIME0,0.5926777837308744,8
0.003212991190484154,False,392,time0,0.7770255318517647,1,time0,TIME0,0.5789662993150917,5
3.958910264769069e-05,False,393,time0,0.9956882751275614,0,time0,TIME0,0.6485788125318555,2
7.84699496560252e-05,False,393,time0,0.9843132428272016,2,time0,TIME0,0.6451538419749476,3
0.0005132766192078212,False,393,time1,0.9621143847419509,4,time1,TIME1,0.638091589137431,6
0.0002244796669414074,False,393,time0,0.9451262967916418,1,time0,TIME0,0.6312792794647931,5
0.0013401253705617113,False,393,time1,0.8963022026742828,3,time1,TIME1,0.6174469988660334,9
0.0008195523199574816,False,393,time1,0.8698101099757142,6,time1,TIME1,0.6098821386326079,7
0.006356884888499087,False,393,time0,0.6607366888433591,9,time0,TIME0,0.5400537567434482,8
1.5016305302937428e-05,False,394,time0,0.9991136572255513,0,time0,TIME0,0.6497028167551353,2
9.195602865082802e-05,False,394,time0,0.9665248520436808,2,time0,TIME0,0.6398251129374775,3
0.0007925073483290607,False,394,time1,0.9387569344275198,4,time1,TIME1,0.6307073270396575,6
0.0011385956849048302,False,394,time1,0.9026837670461861,3,time1,TIME1,0.6196029274383609,9
0.002763722947180161,False,394,time0,0.8040777333363034,1,time0,TIME0,0.5869132387375223,5
0.0021398352953965285,False,394,time1,0.7230709947513896,6,time1,TIME1,0.5640374105758486,7
0.006489843886651359,False,394,time0,0.6823942661417007,9,time0,TIME0,0.5471249053159399,8
9.493228138124372e-05,False,395,time0,0.9962144263340142,0,time0,TIME0,0.6487033044339798,2
0.00040409390587061394,False,395,time0,0.9431954944130446,2,time0,TIME0,0.632294914112488,3
0.000777537696199556,False,395,time1,0.9362264310410824,4,time1,TIME1,0.6297149833668363,6
0.0008438564751169968,False,395,time1,0.9193932410864267,3,time1,TIME1,0.6246974745066364,9
0.0022259108839228336,False,395,time0,0.8703341484596786,1,time0,TIME0,0.6086221769107935,5
0.0023546706620702134,False,395,time1,0.7290383142685907,6,time1,TIME1,0.5661779115894172,7
0.005884556752223758,False,395,time0,0.738692786156241,9,time0,TIME0,0.5647822985116823,8
5.214376380519881e-05,False,396,time0,0.9952249696729994,0,time0,TIME0,0.6484722657874947,2
0.0003812047780678913,False,396,time0,0.9477196453151435,2,time0,TIME0,0.6339076861616995,3
0.0008080070522950693,False,396,time1,0.9410458414498095,4,time1,TIME1,0.631509358063201,6
0.0018328175829546104,False,396,time0,0.9029203147716289,1,time0,TIME0,0.6189193995078752,5
0.0011505841505806134,False,396,time1,0.8868703314821836,3,time1,TIME1,0.6146994550893331,9
0.0018619424296922535,False,396,time1,0.8021312386356222,6,time1,TIME1,0.5886105856071451,7
0.004512162852678921,False,396,time0,0.8020124114659342,9,time0,TIME0,0.5855522666219951,8
2.514450045975741e-05,False,397,time0,0.9989132129156989,0,time0,TIME0,0.6496280396887295,2
0.0002990416448062556,False,397,time0,0.9589603719255094,2,time0,TIME0,0.6373204863466361,3
0.0008969153843507462,False,397,time1,0.9312852530757426,4,time1,TIME1,0.6284143175779279,6
0.0013975055111581998,False,397,time0,0.9247609379882538,1,time0,TIME0,0.6258434530859456,5
0.0015551340390226763,False,397,time1,0.8382730290752226,6,time1,TIME1,0.5998499566843108,7
0.001775182765844028,False,397,time1,0.833995690541182,3,time1,TIME1,0.5981202903206134,9
0.003957947389689539,False,397,time0,0.8258603556784495,9,time0,TIME0,0.5937820988103191,8
3.4080086911376776e-05,False,398,time0,0.9962222980337817,0,time0,TIME0,0.648806535962299,2
0.0010267969567370977,False,398,time0,0.9439633928698525,1,time0,TIME0,0.6320028099036414,5
0.0003802746000029698,False,398,time0,0.9414236903117099,2,time0,TIME0,0.6319158122895018,3
0.0008839261718787459,False,398,time1,0.9283505540062089,4,time1,TIME1,0.6274461931516796,6
0.0011434164779477048,False,398,time1,0.8707514937013052,6,time1,TIME1,0.6097710905503589,7
0.0031759681249377164,False,398,time0,0.8506096872029938,9,time0,TIME0,0.6016443807026939,8
0.002962978604935103,False,398,time1,0.7658106493667327,3,time1,TIME1,0.5762375588727204,9
0.00010154798579237165,False,399,time0,0.9887675284379939,0,time0,TIME0,0.6464907740232118,2
0.00010231782419139822,False,399,time0,0.95016126702175,2,time0,TIME0,0.6347653738165304,3
0.0004903130162810569,False,399,time1,0.9447230979225525,4,time1,TIME1,0.632644564701559,6
0.0017160625048424777,False,399,time0,0.8608825383371653,1,time0,TIME0,0.6062314462812086,5
0.0018053449881514296,False,399,time1,0.8604380212571869,3,time1,TIME1,0.6057007987008105,9
0.0028276165157231532,False,399,time0,0.8622723320402554,9,time0,TIME0,0.605207690605271,8
0.0016192006049587082,False,399,time1,0.8296614970635514,6,time1,TIME1,0.5969782625718469,7
2.4972619178930893e-05,False,400,time0,0.995861361143529,0,time0,TIME0,0.6486829932547925,2
0.0002219779267817977,False,400,time0,0.9695769879597959,2,time0,TIME0,0.6404548274787742,3
0.0003574260834650942,False,400,time1,0.9597547268211627,4,time1,TIME1,0.6374175341311936,6
0.002230426673937276,False,400,time0,0.8746924127758946,9,time0,TIME0,0.6096152490324833,8
0.001332193059598042,False,400,time1,0.8580913531233819,6,time1,TIME1,0.6059910399732621,7
0.0019291916403364824,False,400,time1,0.8567749234872594,3,time1,TIME1,0.6051942058829819,9
0.0018801407407925612,False,400,time0,0.8011341520984832,1,time0,TIME0,0.5862074514581026,5
3.1677373173724935e-05,False,401,time0,0.9923252874286891,0,time0,TIME0,0.6476371900905008,2
0.000387999643855418,False,401,time1,0.9586387999751959,4,time1,TIME1,0.6371621759907502,6
0.0003547719686222016,False,401,time0,0.9557251967444741,2,time0,TIME0,0.6360068145344613,3
0.0002616475226813158,False,401,time0,0.9493323570453075,1,time0,TIME0,0.6333521475993446,5
0.0015045923179562142,False,401,time1,0.8835426441668743,3,time1,TIME1,0.6132643427222653,9
0.0013829657144278813,False,401,time1,0.8366021314250736,6,time1,TIME1,0.599643655727206,7
0.004571464126788496,False,401,time0,0.7633439777039553,9,time0,TIME0,0.5731548429347635,8
4.77447184940984e-05,False,402,time0,0.9944410707174154,0,time0,TIME0,0.6482437967361239,2
0.00042219311127963044,False,402,time1,0.958763809781816,4,time1,TIME1,0.6371572589434793,6
0.00040301254533318265,False,402,time0,0.939195319268525,2,time0,TIME0,0.6312042987871851,3
0.0010309604611511683,False,402,time0,0.893913311135436,1,time0,TIME0,0.6166372202099649,5
0.0014783264433849517,False,402,time1,0.8873399952087321,3,time1,TIME1,0.6148233472759397,9
0.000920401632187509,False,402,time1,0.8770647244613656,6,time1,TIME1,0.6119562581360047,7
0.00435437056071335,False,402,time0,0.7775099135940657,9,time0,TIME0,0.5790235749525283,8
2.6279378894887033e-05,False,403,time0,0.9971291986304175,0,time0,TIME0,0.6490995521103068,2
0.00044994252727786145,False,403,time1,0.9649699474852741,4,time1,TIME1,0.6389299654837013,6
0.00048632732883549203,False,403,time0,0.9553048387658204,2,time0,TIME0,0.6360613946335292,3
0.0005060720134071318,False,403,time0,0.9328103878168041,1,time0,TIME0,0.6289825362705119,5
0.0010369542881300733,False,403,time1,0.9177192406109532,3,time1,TIME1,0.6240678588784392,9
0.001094637706854301,False,403,time1,0.8403587566611289,6,time1,TIME1,0.6004912337891708,7
0.004409749207717404,False,403,time0,0.7903391807561785,9,time0,TIME0,0.5828859297410092,8
2.741979191486913e-05,False,404,time0,0.9896466772326413,0,time0,TIME0,0.6468424982144843,2
0.00036856036817119723,False,404,time1,0.9564716165415135,4,time1,TIME1,0.6364981650155535,6
0.0009870680293269755,False,404,time0,0.9099571346904011,1,time0,TIME0,0.621617950660504,5
0.0005013120484798744,False,404,time0,0.8736265038710128,2,time0,TIME0,0.6110038050706744,3
0.0016188638434645741,False,404,time1,0.8731207348009348,3,time1,TIME1,0.6100677495981435,9
0.0032706552294417715,False,404,time0,0.8407945063342699,9,time0,TIME0,0.5982583311455156,8
0.0025021650939686976,False,404,time1,0.6912915591358811,6,time1,TIME1,0.5540813104576728,7
8.899711370899628e-05,False,405,time0,0.9918513481606145,0,time0,TIME0,0.6474278397359474,2
0.00031604292555795005,False,405,time0,0.9680017958836965,1,time0,TIME0,0.6396512920137907,5
0.00031373204058679054,False,405,time0,0.9462474045654006,2,time0,TIME0,0.633323659552999,3
0.0006825143882574731,False,405,time1,0.9346598651424525,4,time1,TIME1,0.6295633942913222,6
0.0016582802594550118,False,405,time1,0.8748932195311004,3,time1,TIME1,0.6105368511438143,9
0.0032574096155549848,False,405,time0,0.8428379128152641,9,time0,TIME0,0.5998599303635772,8
0.002058596328413575,False,405,time1,0.7617634668965526,6,time1,TIME1,0.5762913111340212,7
2.3536181175208313e-05,False,406,time0,0.9952373583695769,0,time0,TIME0,0.6484972072951724,2
0.00011705127907379312,False,406,time1,0.9660061695549065,4,time1,TIME1,0.6391919220035251,6
0.0004217829400412944,False,406,time0,0.9471294833706896,2,time0,TIME0,0.6335756517675645,3
0.0008464127272117447,False,406,time1,0.9205400344282674,3,time1,TIME1,0.6247672537601947,9
0.0011958418920357398,False,406,time0,0.8801986034628126,1,time0,TIME0,0.6123714701023651,5
0.003053874986504283,False,406,time0,0.8527695557751513,9,time0,TIME0,0.6026060435442488,8
0.002052687427427617,False,406,time1,0.7840069919555027,6,time1,TIME1,0.5831919050409932,7
1.0128527295326597e-05,False,407,time0,0.9988408960971326,0,time0,TIME0,0.6496224004542155,2
0.0002724502713277372,False,407,time0,0.9656450012374591,2,time0,TIME0,0.639336872442907,3
0.0002791280721638155,False,407,time1,0.9570614497989766,4,time1,TIME1,0.6365985486543795,6
0.0013392968094405606,False,407,time1,0.91402246515398,3,time1,TIME1,0.6223668564656064,9
0.002501176624406825,False,407,time0,0.8763256401551918,9,time0,TIME0,0.6102117713608446,8
0.0018589908202121805,False,407,time1,0.8186090176544369,6,time1,TIME1,0.5937139334786243,7
0.0016615743124550313,False,407,time0,0.7607509628387059,1,time0,TIME0,0.574769143797282,5
1.473099594767527e-05,False,408,time0,0.9985084857855402,0,time0,TIME0,0.6495316428030469,2
6.780724772616861e-05,False,408,time1,0.9859024354447377,4,time1,TIME1,0.6454748681604617,6
0.0002552649335256182,False,408,time0,0.9695042790674977,1,time0,TIME0,0.6393131481486376,5
0.00022250133267739605,False,408,time0,0.9645413108369508,2,time0,TIME0,0.6390240321969279,3
0.0012291045726065507,False,408,time1,0.919613567127677,3,time1,TIME1,0.6246326454268268,9
0.0015055173720514299,False,408,time1,0.8479797408525757,6,time1,TIME1,0.6024474931662626,7
0.003017820909288361,False,408,time0,0.8471313190393325,9,time0,TIME0,0.6009504153834009,8
1.9743707973453277e-05,False,409,time0,0.9980630900994243,0,time0,TIME0,0.6493971558645281,2
8.752085237759991e-05,False,409,time0,0.9849088269820191,2,time0,TIME0,0.6453004013965652,3
0.00027724420157893606,False,409,time1,0.9798091317305578,4,time1,TIME1,0.6434994181165935,6
0.0007116381696152765,False,409,time1,0.8973038252875001,6,time1,TIME1,0.6180027049140111,7
0.0018203053562566157,False,409,time1,0.895799552493651,3,time1,TIME1,0.6166802716199752,9
0.0008637556904977858,False,409,time0,0.8779164490337891,1,time0,TIME0,0.6121724189928381,5
0.0028398089255397044,False,409,time0,0.855335072410593,9,time0,TIME0,0.6036733002980799,8
1.147189279671703e-05,False,410,time0,0.9987633464939649,0,time0,TIME0,0.6496068911807062,2
4.071737794735468e-05,False,410,time0,0.9955172238899825,2,time0,TIME0,0.6485861561357492,3
0.00015609507846524887,False,410,time1,0.9692276042852125,4,time1,TIME1,0.6403318510976255,6
0.0016825091277725122,False,410,time1,0.9089489429965301,3,time1,TIME1,0.6210038018502981,9
0.0008722341861926765,False,410,time1,0.9062703806375774,6,time1,TIME1,0.6209266006600938,7
0.001671790594865811,False,410,time0,0.8874818083792565,1,time0,TIME0,0.6141734668885876,5
0.0020387788428862133,False,410,time0,0.8867108115011896,9,time0,TIME0,0.6135979808756816,8
5.390655206881714e-05,False,411,time0,0.9921367519476162,0,time0,TIME0,0.6475478803790027,2
0.00015797554998111553,False,411,time1,0.9766835588955911,4,time1,TIME1,0.6428289951616538,6
0.00012241327239220998,False,411,time0,0.9613759380647853,2,time0,TIME0,0.6382010548028858,3
0.0014045786186472299,False,411,time0,0.9166733649972084,9,time0,TIME0,0.623289594089294,8
0.0009205761515517484,False,411,time1,0.8955236219966798,6,time1,TIME1,0.6175159279860852,7
0.0013385778302457928,False,411,time1,0.8736274007014612,3,time1,TIME1,0.6105357707648849,9
0.001976716307161282,False,411,time0,0.8738487027604656,1,time0,TIME0,0.6101495128965919,5
0.00013818984828564213,False,412,time0,0.9849117799631479,0,time0,TIME0,0.645281322551204,2
0.00012966031582318607,False,412,time1,0.9824442172119995,4,time1,TIME1,0.6445707621640943,6
7.253320293865802e-05,False,412,time0,0.9822423915786554,2,time0,TIME0,0.6444803011981338,3
0.0010734392861250215,False,412,time0,0.9260129156875904,1,time0,TIME0,0.6261996812954042,5
0.0007379368680320805,False,412,time1,0.9162043307370359,6,time1,TIME1,0.6240161476972409,7
0.001274783088366038,False,412,time0,0.9175563293430943,9,time0,TIME0,0.6238324972889117,8
0.001443361894618566,False,412,time1,0.8571816280057563,3,time1,TIME1,0.6044860587278954,9
2.9691806375741355e-05,False,413,time0,0.9954394627615817,2,time0,TIME0,0.6485663095340677,3
4.5976245033894286e-05,False,413,time0,0.9950418947175529,0,time0,TIME0,0.6484069062723814,2
0.00019051698108345233,False,413,time1,0.9821876300453048,4,time1,TIME1,0.6444111130530448,6
0.0009618081777187561,False,413,time0,0.9304837238399617,1,time0,TIME0,0.6281608347865484,5
0.0012801282512196043,False,413,time0,0.9180205342149013,9,time0,TIME0,0.6242157441266898,8
0.0010390887005406202,False,413,time1,0.8710494360188197,6,time1,TIME1,0.609901617315681,7
0.0014602069703927916,False,413,time1,0.8674215326203613,3,time1,TIME1,0.6087103300962919,9
0.00014525481322875332,False,414,time0,0.984429862571266,0,time0,TIME0,0.6450675305192045,2
0.0003232355838847213,False,414,time1,0.97551994045064,4,time1,TIME1,0.642223458512951,6
0.00010274286635666525,False,414,time0,0.9651102725343441,2,time0,TIME0,0.6393515149603087,3
0.0012398242216254652,False,414,time0,0.9299316119805097,9,time0,TIME0,0.6277569910910982,8
0.0018971448118247885,False,414,time0,0.8626123957468401,1,time0,TIME0,0.606418656051854,5
0.0013184297725738424,False,414,time1,0.8365323155995363,6,time1,TIME1,0.5994898110765365,7
0.0022740916217994776,False,414,time1,0.8113177146477852,3,time1,TIME1,0.5907702953285308,9
6.265812110467855e-05,False,415,time0,0.9944087946937835,0,time0,TIME0,0.6481950229318171,2
9.315650880082741e-05,False,415,time1,0.9920040097418076,4,time1,TIME1,0.6473582161907355,6
0.0002562451590768253,False,415,time0,0.9483052246087468,2,time0,TIME0,0.6340347874020373,3
0.0006450131700924434,False,415,goleiro_time1,0.9412091180793384,1,goleiro1,GOL-TIME1,0.6309116354817008,5
0.0017298523756302997,False,415,time0,0.8925847011530138,9,time0,TIME0,0.6157840693506098,8
0.0016437421876253865,False,415,time1,0.8693863729280803,3,time1,TIME1,0.6088669753067721,9
0.0018231244527775626,False,415,time1,0.7894542189465227,6,time1,TIME1,0.5848301926531335,7
4.425322778018975e-05,False,416,time0,0.9939874385918901,0,time0,TIME0,0.6481268686387638,2
5.316021544173357e-05,False,416,time1,0.9927084316039537,4,time1,TIME1,0.6476776750270197,6
0.0005671795122042122,False,416,goleiro_time1,0.9509869228540357,1,goleiro1,GOL-TIME1,0.6347058567939056,5
0.00013670640832342022,False,416,time0,0.9458063682138173,2,time0,TIME0,0.6334008880790414,3
0.0015908067102559378,False,416,time1,0.8736470010491454,3,time1,TIME1,0.6105995769734285,9
0.0024250021687882016,False,416,time0,0.8486480487433857,9,time0,TIME0,0.6018386841507819,8
0.0018412669582672121,False,416,time1,0.8052516377020486,6,time1,TIME1,0.5898175460400645,7
9.98656701705541e-06,False,417,time0,0.9981556780116435,0,time0,TIME0,0.6494142610603545,2
6.128200547822656e-05,False,417,time1,0.9945596849827848,4,time1,TIME1,0.6482822754093306,6
0.00026976561559610273,False,417,time0,0.9552925748235476,2,time0,TIME0,0.6362351773302124,3
0.0003416976272277612,False,417,goleiro_time1,0.945629422992705,1,goleiro1,GOL-TIME1,0.6331944206356884,5
0.0009200897295563043,False,417,time1,0.9248072854641834,3,time1,TIME1,0.6260468146673384,9
0.0021314329997263724,False,417,time0,0.8762592341138914,9,time0,TIME0,0.6105700621011654,8
0.002305556854383369,False,417,time1,0.7907225387847484,6,time1,TIME1,0.5847797532630781,7
2.588176550433573e-05,False,418,time1,0.9927269177588569,4,time1,TIME1,0.647759499541331,6
7.578101972193802e-05,False,418,time0,0.9909012793585652,0,time0,TIME0,0.6471430190399752,2
0.00011843135182536449,False,418,time0,0.9792693343029253,2,time0,TIME0,0.6435622654878332,3
0.0005347802966273999,False,418,goleiro_time1,0.9463777548061656,1,goleiro1,GOL-TIME1,0.6331232433584282,5
0.0006535380859089268,False,418,time1,0.9458934977653277,3,time1,TIME1,0.6329681778152364,9
0.001089216749834987,False,418,time1,0.8961026332944922,6,time1,TIME1,0.6170018306023844,7
0.001913914905151239,False,418,time0,0.8910722739709638,9,time0,TIME0,0.6154171493542269,8
6.693026255467875e-05,False,419,time0,0.9929705727848245,0,time0,TIME0,0.6477344726814244,2
9.359254720801272e-05,False,419,time1,0.9925035036134205,4,time1,TIME1,0.6476146500073385,6
3.4255173844042795e-05,False,419,time0,0.9880897325062877,2,time0,TIME0,0.6463054385386924,3
0.0006850853527404854,False,419,goleiro_time1,0.941267065593422,1,goleiro1,GOL-TIME1,0.6315896714137578,5
0.0009280182863243474,False,419,time1,0.9284824079974306,3,time1,TIME1,0.6274734218492966,9
0.0009205430740443402,False,419,time1,0.8917183214735499,6,time1,TIME1,0.6165629000152104,7
0.0018861036210237377,False,419,time0,0.8913951245871796,9,time0,TIME0,0.6156763431606633,8
1.2355301162285883e-05,False,420,time0,0.9986384248465251,0,time0,TIME0,0.6495429539456141,2
0.0002421390480398792,False,420,time1,0.978154341488196,4,time1,TIME1,0.643116108768258,6
0.00023955517216785562,False,420,time0,0.9718620002539275,2,time0,TIME0,0.6411850862867042,3
0.0004488855690119997,False,420,time1,0.9350477058597639,6,time1,TIME1,0.6297490868917524,7
0.000875615701804309,False,420,goleiro_time1,0.9276110063887019,1,goleiro1,GOL-TIME1,0.6273520817395604,5
0.0015001157947987257,False,420,time0,0.9175195420682608,9,time0,TIME0,0.6235637611331643,8
0.001221846291954883,False,420,time1,0.9167077120882234,3,time1,TIME1,0.6235182329524931,9
0.00033961420085240623,False,421,time0,0.9832443364566699,0,time0,TIME0,0.6444335375118071,2
0.00042004124693265945,False,421,time1,0.9619115167076184,4,time1,TIME1,0.6378407813743241,6
0.00034041617820993445,False,421,time0,0.9557467243557702,2,time0,TIME0,0.6361715345145589,3
0.0011951421911428357,False,421,time1,0.9243484681072689,3,time1,TIME1,0.6261443625580495,9
0.0009136231783227531,False,421,goleiro_time1,0.9179129961604066,1,goleiro1,GOL-TIME1,0.624217591640769,5
0.0008355965344863921,False,421,time1,0.9056382720183033,6,time1,TIME1,0.6205240939058897,7
0.0015371164366361537,False,421,time0,0.90006305563136,9,time0,TIME0,0.6181657462698625,8
8.742902044033425e-05,False,422,time0,0.9964021452263938,0,time0,TIME0,0.648669177456059,2
4.323799689138812e-05,False,422,time0,0.9934850874871781,2,time0,TIME0,0.6478035956470585,3
7.773815419544604e-05,False,422,time1,0.992839226837781,4,time1,TIME1,0.6475476760322008,6
0.00025720666438227527,False,422,time1,0.9857385563207428,3,time1,TIME1,0.6448425721462451,9
0.00018528096893109583,False,422,goleiro_time1,0.9829011279452619,1,goleiro1,GOL-TIME1,0.6442052673395258,5
0.000299289269520457,False,422,time0,0.9794174398723662,9,time0,TIME0,0.6427086597673457,8
0.00018509207962211195,False,422,time1,0.9774702544128809,6,time1,TIME1,0.6426226118889966,7
4.3666504711907947e-05,False,423,time0,0.9985658171361391,0,time0,TIME0,0.649499789196083,2
0.00010711536912419647,False,423,time0,0.9849157996493677,2,time0,TIME0,0.6452968840209159,3
0.00017621745287320307,False,423,time1,0.9849345100389549,4,time1,TIME1,0.6452186625913244,6
0.0004201720349910924,False,423,goleiro_time1,0.9460720315221159,1,goleiro1,GOL-TIME1,0.6332138678334882,5
0.0010853351144871123,False,423,time0,0.9286250520436675,9,time0,TIME0,0.6270636491210507,8
0.0009191153635942162,False,423,time1,0.9273471155762166,6,time1,TIME1,0.6268655118499221,7
0.0011133882905706293,False,423,time1,0.9183749426576477,3,time1,TIME1,0.6239013759706075,9
1.921944755444173e-05,False,424,time0,0.9984421252578276,0,time0,TIME0,0.6494981587066706,2
0.0002337966673026206,False,424,time1,0.9785048204838496,4,time1,TIME1,0.6432783519448194,6
5.496187421563918e-05,False,424,time0,0.9755940579332564,2,time0,TIME0,0.642571590435624,3
0.0005278265116804314,False,424,time1,0.9553938261423028,6,time1,TIME1,0.635871345065807,7
0.0006514522751120256,False,424,goleiro_time1,0.9364309451341511,1,goleiro1,GOL-TIME1,0.6301692184446878,5
0.0010530500467502823,False,424,time1,0.9365101000639151,3,time1,TIME1,0.629816851365202,9
0.0009700132259214228,False,424,time0,0.9349752881432569,9,time0,TIME0,0.6295281603739065,8
1.2235378551371258e-05,False,425,time0,0.9981043598232305,0,time0,TIME0,0.64939885235216,2
0.00013740763118752416,False,425,time1,0.979685548206175,4,time1,TIME1,0.6437034686941476,6
0.0002265583244736698,False,425,time0,0.9670903491080529,2,time0,TIME0,0.6397468959934105,3
0.00035012067243860717,False,425,time1,0.9658468957932923,6,time1,TIME1,0.6393060645154018,7
0.001014716564000849,False,425,time0,0.9418594863748113,9,time0,TIME0,0.63141260239224,8
0.0010873150975532569,False,425,time1,0.9177444310295829,3,time1,TIME1,0.6241470455377198,9
0.0009021116984209756,False,425,goleiro_time1,0.9128712152012365,1,goleiro1,GOL-TIME1,0.6228169605737326,5
1.141544034829917e-05,False,426,time0,0.9985772342047219,0,time0,TIME0,0.6495522585857543,2
6.699646196032176e-05,False,426,time0,0.9889432682047511,2,time0,TIME0,0.6465112368613419,3
0.0002655036903777809,False,426,time1,0.9747843654816011,4,time1,TIME1,0.6421065930422113,6
0.00045508166596335307,False,426,time1,0.9461021509783576,6,time1,TIME1,0.6331602716441441,7
0.000833244480194279,False,426,time1,0.9141474425243606,3,time1,TIME1,0.6233003571821905,9
0.00103648359317036,False,426,goleiro_time1,0.9112241429678084,1,goleiro1,GOL-TIME1,0.6218135936126298,5
0.0016067640709617151,False,426,time0,0.911611650667059,9,time0,TIME0,0.6216190803996979,8
7.237972641164196e-06,False,427,time0,0.9988243789992642,0,time0,TIME0,0.649637293641685,2
8.471865607851706e-05,False,427,time0,0.9755171982565431,2,time0,TIME0,0.642497180887075,3
0.00030844869513012145,False,427,time1,0.9709356483242327,4,time1,TIME1,0.6409707948226813,6
0.0009622353443021561,False,427,time0,0.9504771693741432,9,time0,TIME0,0.6334419722541033,8
0.00046880487441262555,False,427,time1,0.9428325931741302,6,time1,TIME1,0.6322809960505288,7
0.0008835803800221598,False,427,time1,0.9242197474224485,3,time1,TIME1,0.6263168759788325,9
0.0008728891411323076,False,427,goleiro_time1,0.9240449426236057,1,goleiro1,GOL-TIME1,0.6262743336474045,5
2.0488811169710372e-05,False,428,time0,0.9983581730723707,0,time0,TIME0,0.6494787936025282,2
0.00018882243103273002,False,428,time0,0.9795600210192246,2,time0,TIME0,0.6435102834863446,3
0.0002216204664793468,False,428,time1,0.9786536689007567,4,time1,TIME1,0.6433339159450389,6
0.0004584267049985646,False,428,goleiro_time1,0.9538521771618865,1,goleiro1,GOL-TIME1,0.6353317347659698,5
0.0006887874969515346,False,428,time1,0.9331354223603185,6,time1,TIME1,0.6291579624214019,7
0.0011376239570261553,False,428,time0,0.9211431432290951,9,time0,TIME0,0.6249847545949182,8
0.0008691252048905482,False,428,time1,0.9089200603600496,3,time1,TIME1,0.6214451270363899,9
2.1232508127994355e-05,False,429,time0,0.9985332745174702,0,time0,TIME0,0.6495313272226854,2
0.00017754643812483575,False,429,time1,0.9805644551215728,4,time1,TIME1,0.6439607709878059,6
0.0003425228907446458,False,429,time0,0.9453416291576755,2,time0,TIME0,0.6330398564480532,3
0.0006274492673205701,False,429,goleiro_time1,0.9456957877857409,1,goleiro1,GOL-TIME1,0.6328302870971187,5
0.0006271835818814649,False,429,time1,0.9395051438186851,6,time1,TIME1,0.6311436728733927,7
0.0006910606116707533,False,429,time1,0.9317828032247426,3,time1,TIME1,0.6287571836085437,9
0.0007538812919826598,False,429,time0,0.9291275585394694,9,time0,TIME0,0.6277232462669216,8
1.7260789524347285e-05,False,430,time0,0.9982290008535474,0,time0,TIME0,0.6494409706196383,2
0.000190433602427892,False,430,time1,0.9813900340867405,4,time1,TIME1,0.6441873959612309,6
0.00045166798602703226,False,430,goleiro_time1,0.9598407361841005,1,goleiro1,GOL-TIME1,0.637418856405172,5
0.00118182321824422,False,430,time0,0.9437571729370818,9,time0,TIME0,0.6316285698274362,8
0.00042786034860525297,False,430,time0,0.938829566428358,2,time0,TIME0,0.6311982572130301,3
0.001062258479832579,False,430,time1,0.912255203243012,6,time1,TIME1,0.6223956892664251,7
0.0010852782942289878,False,430,time1,0.8981674691894178,3,time1,TIME1,0.6181932480866661,9
7.166711095895313e-06,False,431,time0,0.9988786383700561,0,time0,TIME0,0.6496501833364094,2
0.00011483206750123265,False,431,time1,0.987818187469832,4,time1,TIME1,0.646185651230854,6
0.00018665982410570738,False,431,time0,0.9711337795062577,2,time0,TIME0,0.6410021281174622,3
0.00042711042266275665,False,431,goleiro_time1,0.9559219580259952,1,goleiro1,GOL-TIME1,0.6361533846787981,5
0.0009487676240849505,False,431,time0,0.9267568412283669,9,time0,TIME0,0.6269457566186255,8
0.0008413108768206473,False,431,time1,0.922584640189531,3,time1,TIME1,0.6258301605034083,9
0.0014801157741921392,False,431,time1,0.8652529464047769,6,time1,TIME1,0.6078913594870264,7
9.364451776832462e-06,False,432,time0,0.9988481614343899,0,time0,TIME0,0.6496420026560379,2
9.43806936522631e-05,False,432,time1,0.9880100814770149,4,time1,TIME1,0.6462976682034598,6
0.0002971069150171174,False,432,time0,0.9626979860978465,2,time0,TIME0,0.638463906078286,3
0.0006236578341324682,False,432,goleiro_time1,0.9523414561421453,1,goleiro1,GOL-TIME1,0.6349942008880247,5
0.0009904052048443216,False,432,time0,0.9373845519662348,9,time0,TIME0,0.6301904898254498,8
0.00102246522377308,False,432,time1,0.9073040311395805,3,time1,TIME1,0.6211381096765567,9
0.0017402792988551266,False,432,time1,0.8450602629166839,6,time1,TIME1,0.601755913022662,7
1.2082039952995179e-05,False,433,time0,0.9992445140698145,0,time0,TIME0,0.6497509030541184,2
0.0001418236559898219,False,433,time1,0.9858220783816648,4,time1,TIME1,0.645578770627688,6
0.0007653466054247112,False,433,time0,0.9561549988136792,9,time0,TIME0,0.6359709361551357,8
0.00041425227727724255,False,433,time0,0.9481787148922131,2,time0,TIME0,0.6339709927593601,3
0.0008998635440294329,False,433,goleiro_time1,0.9396379179813901,1,goleiro1,GOL-TIME1,0.6307921707016655,5
0.0009419581220077195,False,433,time1,0.9124722098059271,3,time1,TIME1,0.6227203295307348,9
0.0008887350935462623,False,433,time1,0.9104454164035286,6,time1,TIME1,0.6217232115583191,7
8.490213604819511e-05,False,434,time0,0.9851739357882272,0,time0,TIME0,0.6454110868201248,2
0.0003751825916922975,False,434,time1,0.9715525651275113,4,time1,TIME1,0.6409258657631017,6
0.0007554450666580425,False,434,time0,0.9673222344663746,9,time0,TIME0,0.6393963577190945,8
0.00038926191603612777,False,434,time1,0.9623603772364203,3,time1,TIME1,0.6379762658019049,9
0.0003692561626713553,False,434,time0,0.9539379973805069,2,time0,TIME0,0.6357662811283911,3
0.000803422012591038,False,434,goleiro_time1,0.9285485691313576,1,goleiro1,GOL-TIME1,0.6277578870260813,5
0.0011969052425806405,False,434,time1,0.8819924796054106,6,time1,TIME1,0.6132962880969371,7
1.9779953083420956e-05,False,435,time0,0.9978331261314757,0,time0,TIME0,0.6492874309521195,2
0.00010254341837248303,False,435,time1,0.989594657489295,4,time1,TIME1,0.6465611436300375,6
0.0006460040748082355,False,435,time0,0.9742050381373222,9,time0,TIME0,0.6415995929760029,8
0.0003570348607681952,False,435,time0,0.95504424833896,2,time0,TIME0,0.6361532245284884,3
0.0006260227744474059,False,435,goleiro_time1,0.9559897014765453,1,goleiro1,GOL-TIME1,0.6361040135223079,5
0.000828968654305666,False,435,time1,0.9281080137539923,3,time1,TIME1,0.6273115852862837,9
0.0012542935003568613,False,435,time1,0.8733774528743407,6,time1,TIME1,0.6105738167493774,7
1.1673845691832191e-05,False,436,time0,0.9984500973210542,0,time0,TIME0,0.6495177873578555,2
9.826012848344457e-05,False,436,time1,0.9863360045318652,4,time1,TIME1,0.6458047439971445,6
0.00015199835053756797,False,436,time0,0.9781347606506953,2,time0,TIME0,0.6431605854088284,3
0.00041862647323773346,False,436,goleiro_time1,0.9717694902457578,1,goleiro1,GOL-TIME1,0.6409970936418443,5
0.0006204254716984125,False,436,time0,0.9688534344909262,9,time0,TIME0,0.6400489995884524,8
0.0005924513366525365,False,436,time1,0.941866563119215,6,time1,TIME1,0.6315225931238746,7
0.0009513442198614019,False,436,time1,0.9234004782451614,3,time1,TIME1,0.6260327950855964,9
5.505473189807803e-06,False,437,time0,0.9989476228925085,0,time0,TIME0,0.6496732969349526,2
0.00013486458219293422,False,437,time1,0.9845628163661801,4,time1,TIME1,0.6452177808599632,6
0.00013306151559566883,False,437,time0,0.9821766924979766,2,time0,TIME0,0.6444257995899139,3
0.0005663516613362881,False,437,goleiro_time1,0.9741440096221303,1,goleiro1,GOL-TIME1,0.6415788041214784,5
0.0008054374575861369,False,437,time0,0.9673861188814616,9,time0,TIME0,0.6393549544500357,8
0.0008503705625843539,False,437,time1,0.9497792965857951,3,time1,TIME1,0.6338599725958826,9
0.0012433235378079591,False,437,time1,0.8883854234909075,6,time1,TIME1,0.6149330141503044,7
1.3641952626458496e-05,False,438,time0,0.9981803261092658,0,time0,TIME0,0.6494300841102966,2
3.237628137329591e-05,False,438,time1,0.9957955265849562,4,time1,TIME1,0.6486388151889315,6
0.0003285352905317879,False,438,goleiro_time1,0.9823183941333697,1,goleiro1,GOL-TIME1,0.644234693396124,5
0.0009210326414469305,False,438,time0,0.9631484929934637,9,time0,TIME0,0.6380108740814607,8
0.0005271398997398452,False,438,time0,0.9322921214621193,2,time0,TIME0,0.6289240844667042,3
0.0011620557548369572,False,438,time1,0.9286578143894834,3,time1,TIME1,0.6272942270584627,9
0.0015569124116372253,False,438,time1,0.8481060627418675,6,time1,TIME1,0.6027401774721073,7
4.5549066560094264e-06,False,439,time0,0.9984284156687818,0,time0,TIME0,0.6495167100338367,2
5.981837650778822e-05,False,439,time1,0.9915801562008546,4,time1,TIME1,0.6474009429472312,6
6.598331109882648e-05,False,439,time0,0.9817070576312888,2,time0,TIME0,0.6441324269833513,3
0.000446392022130682,False,439,goleiro_time1,0.974051534489753,1,goleiro1,GOL-TIME1,0.6417216682405372,5
0.0009708680664119561,False,439,time0,0.9626710941664158,9,time0,TIME0,0.6378818888549148,8
0.0010030600909761074,False,439,time1,0.9298982484351569,3,time1,TIME1,0.6279271298920079,9
0.002060094962721608,False,439,time1,0.797272782415872,6,time1,TIME1,0.5869589535989279,7
1.4763488447403535e-05,False,440,time0,0.998249583062421,0,time0,TIME0,0.6494535500431966,2
0.0001351218460580674,False,440,time1,0.9864783254856064,4,time1,TIME1,0.6457529363389167,6
0.00028260980957895234,False,440,goleiro_time1,0.983824530127499,1,goleiro1,GOL-TIME1,0.6447786553061565,5
0.0001757602146755144,False,440,time0,0.9743474496864897,2,time0,TIME0,0.6419835555626268,3
0.0009870386045504468,False,440,time0,0.9537403245575564,9,time0,TIME0,0.6350507161643907,8
0.0012144237398783876,False,440,time1,0.9216259634160001,3,time1,TIME1,0.6252295678759857,9
0.0011690741728275422,False,440,time1,0.867280184137544,6,time1,TIME1,0.6085027699766528,7
8.905925452477325e-06,False,441,time0,0.9992371787849867,0,time0,TIME0,0.6497506679103535,2
0.00011094851700626516,False,441,goleiro_time1,0.9918681994197329,1,goleiro1,GOL-TIME1,0.6473412279139458,5
0.00014903939754645624,False,441,time1,0.981837463434938,4,time1,TIME1,0.6443099623313233,6
0.0003690808569553294,False,441,time0,0.9614650407022276,2,time0,TIME0,0.6379718043154461,3
0.000851404183958486,False,441,time0,0.9405750645983285,9,time0,TIME0,0.6312445404995453,8
0.0007595316100617784,False,441,time1,0.9212794941404763,3,time1,TIME1,0.6251523048213774,9
0.0012133729709620715,False,441,time1,0.8590267145018383,6,time1,TIME1,0.6058963212666462,7
7.669851786430156e-06,False,442,time0,0.999110864075375,0,time0,TIME0,0.649718260225264,2
7.818469420390971e-05,False,442,time1,0.9907730081944027,4,time1,TIME1,0.6471124819725125,6
6.561966778837654e-05,False,442,time0,0.972233026037048,2,time0,TIME0,0.6414030474967186,3
0.00011054261997038181,False,442,time0,0.9718500034482872,1,time0,TIME0,0.6413124786105486,5
0.0008515524239533429,False,442,time0,0.943102900071235,9,time0,TIME0,0.6320976888038692,8
0.0012396108412632584,False,442,time1,0.8732572995110471,3,time1,TIME1,0.6104751636018608,9
0.0011968577570792079,False,442,time1,0.8609768949740843,6,time1,TIME1,0.6068823016747349,7
6.643910025310204e-06,False,443,time0,0.9983061448270477,0,time0,TIME0,0.6494810841474579,2
3.766744912777714e-05,False,443,time1,0.9958019135494556,4,time1,TIME1,0.6486682582749074,6
0.00010528888319509473,False,443,time0,0.9854926410833702,1,time0,TIME0,0.6454094904713366,5
0.00038229496603828125,False,443,time0,0.965549560018958,2,time0,TIME0,0.6391014002999054,3
0.0007088819812372531,False,443,time0,0.9583437504248699,9,time0,TIME0,0.6366545290541585,8
0.000857145769577217,False,443,time1,0.8967755541624053,6,time1,TIME1,0.6179741832271446,7
0.0011663049969619476,False,443,time1,0.8846953481170122,3,time1,TIME1,0.61429486583836,9
0.00010060891053747815,False,444,time0,0.9881410503994685,0,time0,TIME0,0.6462814594033793,2
6.058337630670888e-05,False,444,time0,0.9868296497765207,2,time0,TIME0,0.6457593476258281,3
0.0001156650803881427,False,444,time1,0.985912935227204,4,time1,TIME1,0.6456139220551634,6
0.0005859372491851794,False,444,time0,0.9590034003243451,9,time0,TIME0,0.6368598368654402,8
0.00029107488656109846,False,444,time0,0.9568273300928092,1,time0,TIME0,0.636534044687844,5
0.00115285006130282,False,444,time1,0.8927864081364371,3,time1,TIME1,0.6166315269739,9
0.002065681611672203,False,444,time1,0.7921518026012309,6,time1,TIME1,0.5848183940003028,7
5.153465190641383e-05,False,445,time0,0.9950256295391552,0,time0,TIME0,0.6484222443493541,2
6.886527771341689e-05,False,445,time1,0.9924560983355594,4,time1,TIME1,0.647642036985678,6
0.00010454474708470415,False,445,time0,0.9896068878810037,2,time0,TIME0,0.6467365377971681,3
0.0003606865009015989,False,445,time0,0.9655069173243124,1,time0,TIME0,0.6392636524676402,5
0.0013019858884078745,False,445,time0,0.9085472583147927,9,time0,TIME0,0.6207836571940444,8
0.0017857505221372063,False,445,time1,0.8500158121206668,3,time1,TIME1,0.6029207691206114,9
0.0016195282346256439,False,445,time1,0.8424951286474188,6,time1,TIME1,0.6007334144006774,7
3.3354769340716594e-05,False,446,time0,0.9965165780001689,0,time0,TIME0,0.6489089047424677,2
5.232975185658313e-05,False,446,time1,0.9959330673930061,4,time1,TIME1,0.6486587869480783,6
5.715694986159008e-05,False,446,time0,0.9932387682169522,2,time0,TIME0,0.6478146865792468,3
0.00029854279337934676,False,446,time0,0.975420625071766,1,time0,TIME0,0.6419731206102322,5
0.0013745803633704163,False,446,time0,0.9004370458240861,9,time0,TIME0,0.6186683697684499,8
0.0014384310123255755,False,446,time1,0.8823985250183899,3,time1,TIME1,0.6131559021665124,9
0.0025395313132883083,False,446,time1,0.7929953846784646,6,time1,TIME1,0.584717550109425,7
2.7501115909309775e-05,False,447,time0,0.9969982581614965,0,time0,TIME0,0.6490676879603333,2
5.56497227578252e-05,False,447,time1,0.9943417724293206,4,time1,TIME1,0.6481896534664565,6
0.00011659906338106366,False,447,time0,0.987083182834934,2,time0,TIME0,0.6459775161921963,3
0.00035788465338758264,False,447,time0,0.9680969068372033,1,time0,TIME0,0.639956266705428,5
0.0009815752352670324,False,447,time1,0.9210240496063952,3,time1,TIME1,0.6250891616488937,9
0.0009857483788320348,False,447,time0,0.916046945785978,9,time0,TIME0,0.6234212633339457,8
0.001924689852457078,False,447,time1,0.8196083913763562,6,time1,TIME1,0.5935210217338772,7
7.77307393420072e-06,False,448,time0,0.9988247269919845,0,time0,TIME0,0.6496268175832519,2
9.593012374908806e-05,False,448,time1,0.9900547156775508,4,time1,TIME1,0.6468963829997322,6
5.5040896228640185e-05,False,448,time0,0.9899775871548305,2,time0,TIME0,0.6468626952317555,3
0.00044945656187377726,False,448,time0,0.9602416168124618,1,time0,TIME0,0.6376009479237456,5
0.0008395213430839665,False,448,time1,0.9328003160912164,3,time1,TIME1,0.6289790011970915,9
0.0010846013214393334,False,448,time0,0.9157315992188164,9,time0,TIME0,0.6234972511487596,8
1.2381226197748505e-05,False,449,time0,0.9987798212253304,0,time0,TIME0,0.6496191359120898,2
8.946295738551028e-06,False,449,time0,0.9971733249766424,2,time0,TIME0,0.6491123752456749,3
5.535461888373791e-05,False,449,time1,0.994424983643423,4,time1,TIME1,0.6482445565818811,6
0.0004433353459054522,False,449,time0,0.9619748581468207,1,time0,TIME0,0.638162164491832,5
0.0006614437623766002,False,449,time1,0.9437661259921266,3,time1,TIME1,0.6321772334755578,9
0.0009679184862268162,False,449,time0,0.9165133279727729,9,time0,TIME0,0.623855333151395,8
1.7497632023830338e-05,False,450,time0,0.9981325732104818,0,time0,TIME0,0.6494175332534453,2
9.30614918217489e-06,False,450,time0,0.9964332979066449,2,time0,TIME0,0.6489098990750742,3
6.550534872663438e-05,False,450,time1,0.9933763508893716,4,time1,TIME1,0.6479453621494042,6
0.00047529806014217263,False,450,time0,0.9614497903898415,1,time0,TIME0,0.6379633959484585,5
0.000745134320568131,False,450,time0,0.9370983060222414,9,time0,TIME0,0.6302460536502468,8
0.0007671729201320529,False,450,time1,0.9213692401412191,3,time1,TIME1,0.6255091834108558,9
0.006852433029115967,False,450,time1,0.5043296420581274,6,time1,TIME1,0.4913993626682719,7
9.937569532359054e-05,False,451,time1,0.9907387498156556,4,time1,TIME1,0.6470735895829032,6
3.897352871285339e-05,False,451,time0,0.9893986070361062,0,time0,TIME0,0.6467689840100285,2
0.0008000025491641581,False,451,time0,0.9505230697545834,1,time0,TIME0,0.6341736107546291,5
0.000804300037776181,False,451,time0,0.93104645858764,2,time0,TIME0,0.6280293614610938,3
0.0011135881761215314,False,451,time0,0.915102473685026,9,time0,TIME0,0.6232054976746028,8
0.0011803512691645564,False,451,time1,0.8891760296382742,3,time1,TIME1,0.6153797118527733,9
0.0016968682157890453,False,451,time1,0.8319733407824456,6,time1,TIME1,0.5941941495683978,7
3.892231121120805e-05,False,452,time1,0.9957955609813117,4,time1,TIME1,0.648658440834082,6
5.01985546101956e-05,False,452,time0,0.9937000691143577,0,time0,TIME0,0.6480089535305694,2
0.00025394175713073125,False,452,time0,0.9773863648736477,2,time0,TIME0,0.6426096916030758,3
0.00022895251200182965,False,452,time0,0.973622555018041,1,time0,TIME0,0.6414890186236619,5
0.0008639462412919961,False,452,time1,0.9395546195409912,3,time1,TIME1,0.6308646483262446,9
0.0008593158975785851,False,452,time0,0.9233259728404193,9,time0,TIME0,0.6260413734413938,8
0.002105822688883221,False,452,time1,0.7949655140534434,6,time1,TIME1,0.5861252206483243,7
7.656451305632247e-06,False,453,time1,0.9986322812676287,4,time1,TIME1,0.6495612551912755,6
2.2975223811029154e-05,False,453,time0,0.998121039580224,0,time0,TIME0,0.6493968598958361,2
0.00014391937228261498,False,453,time0,0.9887273556883989,1,time0,TIME0,0.6464195022139161,5
0.00016220671869810878,False,453,time0,0.9843615927295554,2,time0,TIME0,0.6448780330824535,3
0.0004754176363461006,False,453,time0,0.9704362549568791,9,time0,TIME0,0.6403020323945706,8
0.0012837785469451148,False,453,time1,0.9264019039916566,3,time1,TIME1,0.626450372107991,9
0.0018320527416943564,False,453,time1,0.8237700099222484,6,time1,TIME1,0.5952635968744576,7
1.7256754715281246e-05,False,454,time0,0.9987484096371397,0,time0,TIME0,0.649581510518554,2
1.9747149847906076e-05,False,454,time0,0.9986007842387165,2,time0,TIME0,0.6494649238140288,3
2.5881922457615707e-05,False,454,time1,0.9961611663616559,4,time1,TIME1,0.648812392042128,6
7.784124237804328e-05,False,454,time0,0.994528867772622,1,time0,TIME0,0.6482400925779045,5
0.000532965954760163,False,454,time0,0.9642323177494257,9,time0,TIME0,0.6387452400762075,8
0.000942956433650017,False,454,time1,0.9381868394081698,3,time1,TIME1,0.6303643737384856,9
0.0021525488281518785,False,454,time1,0.7945855336922228,6,time1,TIME1,0.5859203032310288,7
1.6996529347855176e-05,False,455,time0,0.9987702496498123,0,time0,TIME0,0.6496124060626456,2
1.9317907993359704e-05,False,455,time1,0.9978104755232888,4,time1,TIME1,0.6492952152081225,6
2.1529294097334722e-05,False,455,time0,0.9920224963359002,1,time0,TIME0,0.6475464698578821,5
0.0002510758599953917,False,455,time0,0.9839898073690319,9,time0,TIME0,0.6447763996552889,8
0.00019835429567806968,False,455,time0,0.983304004744456,2,time0,TIME0,0.6446622986447877,3
0.0005406178678964626,False,455,time1,0.9630328068449268,3,time1,TIME1,0.6381420302052243,9
1.1739783508675239e-05,False,456,time0,0.9992328900430345,0,time0,TIME0,0.6497528633406029,2
5.115519912012636e-05,False,456,time1,0.9942895632256598,4,time1,TIME1,0.6482137143763468,6
7.21356894274667e-05,False,456,time0,0.9929266373724561,1,time0,TIME0,0.6477777492442759,5
0.00017923252855230604,False,456,time0,0.9843137320860583,2,time0,TIME0,0.6450822326574952,3
0.0002984915536822881,False,456,time1,0.9714976407464099,3,time1,TIME1,0.6409961466125556,9
0.000510066325356162,False,456,time0,0.959884210245489,9,time0,TIME0,0.6372865213960255,8
0.006151815706620038,False,456,time1,0.5334494360283104,6,time1,TIME1,0.501203748808618,7
1.916278742037057e-05,False,457,time0,0.9977407162486828,0,time0,TIME0,0.6492939710453975,2
5.814645943711571e-05,False,457,time1,0.9930852175522552,4,time1,TIME1,0.6478609012879233,6
6.595906102437693e-05,False,457,time0,0.9919889441725395,2,time0,TIME0,0.647415947739177,3
0.00035447914136336724,False,457,time1,0.97148536416928,3,time1,TIME1,0.641079175835635,9
0.00040256057061922645,False,457,time0,0.9594119863719233,1,time0,TIME0,0.6371542061820042,5
0.0007238274847570549,False,457,time0,0.9406028839232042,9,time0,TIME0,0.6313708422761182,8
6.052225093109175e-06,False,458,time0,0.9992167223011558,0,time0,TIME0,0.6497504528645233,2
1.7007956814946726e-05,False,458,time1,0.998158684346319,4,time1,TIME1,0.6494040863209984,6
0.00012385379276659856,False,458,time1,0.9870211970166937,3,time1,TIME1,0.6458223791339385,9
0.00012956691752389398,False,458,time0,0.9858817317262066,2,time0,TIME0,0.6455608234872245,3
0.00047569189555629783,False,458,time0,0.9552015725771458,1,time0,TIME0,0.6360781169675677,5
0.0005853300334088474,False,458,time0,0.944062727653852,9,time0,TIME0,0.6325064780954173,8
0.004826659734525966,False,458,time1,0.6032855818522314,6,time1,TIME1,0.5253653349738743,7
8.479307412863878e-06,False,459,time1,0.9986808140748014,4,time1,TIME1,0.6495791861174829,6
1.3306334196110853e-05,False,459,time0,0.9986252364248533,0,time0,TIME0,0.649565889119954,2
2.7029406302130027e-05,False,459,time1,0.9800249109810287,3,time1,TIME1,0.6438860853104982,9
0.00025682371106222835,False,459,time0,0.9734438464897097,2,time0,TIME0,0.6417123016869104,3
0.00020109915805374814,False,459,time0,0.9677112707999609,1,time0,TIME0,0.6399396656048488,5
0.0009912713079217332,False,459,time0,0.9276400266614745,9,time0,TIME0,0.6270231532577033,8
8.445203367589199e-06,False,460,time0,0.9989912993761833,0,time0,TIME0,0.6496800029583553,2
6.659096444187835e-05,False,460,time1,0.9903503004699911,4,time1,TIME1,0.6469933761001497,6
9.592146119634275e-05,False,460,time1,0.9836663593267924,3,time1,TIME1,0.6449300550540411,9
0.00018380979352012532,False,460,time0,0.9809807131708568,2,time0,TIME0,0.6440773048253194,3
0.00017341828149187974,False,460,time0,0.9809393024401913,1,time0,TIME0,0.6439225603425109,5
0.000638939135231311,False,460,time0,0.9468589911117076,9,time0,TIME0,0.6331889954960421,8
1.8279306919708394e-05,False,461,time0,0.9973278364883702,0,time0,TIME0,0.649175026921095,2
5.212760871506799e-05,False,461,time1,0.9925591248041131,4,time1,TIME1,0.6476412885371041,6
0.00015144179103600147,False,461,time0,0.9840334330529649,1,time0,TIME0,0.6449390471407226,5
0.00015070804872059594,False,461,time1,0.9813323024395271,3,time1,TIME1,0.6442157820001212,9
0.00013990787474212077,False,461,time0,0.9751681318649364,2,time0,TIME0,0.6423461163124055,3
0.0005742521123695089,False,461,time0,0.952858710292745,9,time0,TIME0,0.6352892016535043,8
0.006542796714492485,False,461,time1,0.4808820262481833,6,time1,TIME1,0.48561909207474985,7
5.004279750445989e-06,False,462,time0,0.999229116730501,0,time0,TIME0,0.649752159116954,2
1.8548751310599694e-05,False,462,time1,0.9966567900385632,4,time1,TIME1,0.6489443108977684,6
2.323449953184204e-05,False,462,time0,0.9908419776175729,1,time0,TIME0,0.6471323539703104,5
0.00021751469550612064,False,462,time0,0.9820306638383312,2,time0,TIME0,0.64428428377319,3
0.0004543539100679999,False,462,time0,0.9634895603301122,9,time0,TIME0,0.6384391302981103,8
0.00039507538942786083,False,462,time1,0.958671333224065,3,time1,TIME1,0.6370732779037211,9
0.002287006054753196,False,462,time1,0.782267675925002,6,time1,TIME1,0.5796817542906532,7
3.1033301913558745e-06,False,463,time0,0.9985680933879779,0,time0,TIME0,0.6495638659259579,2
8.598304950658648e-06,False,463,time1,0.9982964915341755,4,time1,TIME1,0.6494743255802718,6
3.588681575184159e-05,False,463,time0,0.9955607317444435,2,time0,TIME0,0.6485013836692745,3
0.00022581162003687964,False,463,time0,0.9797091867610641,1,time0,TIME0,0.6435674698668419,5
0.00041203382669028195,False,463,time1,0.9585825125215044,3,time1,TIME1,0.6370136200453895,9
0.0007632401972842397,False,463,time0,0.9381569809175199,9,time0,TIME0,0.6304171397448272,8
5.9855899439409036e-05,False,464,time0,0.9933513776696559,0,time0,TIME0,0.6479085095272039,2
8.611454464747264e-05,False,464,time1,0.9897896094912069,4,time1,TIME1,0.6467956456005339,6
0.0001513006789395968,False,464,time0,0.9814499689957652,2,time0,TIME0,0.644179280183922,3
0.0004821483510475573,False,464,time0,0.9501153678324279,1,time0,TIME0,0.6341730257972674,5
0.00047420188575173026,False,464,time1,0.9487679941893572,3,time1,TIME1,0.634105488379824,9
0.0008537268134740704,False,464,time0,0.9494664152044274,9,time0,TIME0,0.6338427042703866,8
2.1229231133754866e-05,False,465,time1,0.9974019201143389,4,time1,TIME1,0.649155237463352,6
3.7383271738594806e-05,False,465,time0,0.9957809707160763,0,time0,TIME0,0.6486849680300913,2
3.765736606857871e-05,False,465,time0,0.9952481052778631,2,time0,TIME0,0.6484615369021784,3
0.0001863426199414902,False,465,time1,0.9783439845784109,3,time1,TIME1,0.6431331536903845,9
0.00025574491250965,False,465,time0,0.9699586679189418,1,time0,TIME0,0.6405518316687119,5
0.0008133162966283211,False,465,time0,0.9361334080304037,9,time0,TIME0,0.6297927383571792,8
5.107237534989928e-06,False,466,time1,0.999396217262727,4,time1,TIME1,0.6498026193573687,6
7.189712678345058e-06,False,466,time0,0.9989103459198112,0,time0,TIME0,0.6496421526828141,2
7.442395410166973e-05,False,466,time0,0.9900670890882811,2,time0,TIME0,0.6468765183667103,3
0.00044042670674558594,False,466,time0,0.9741610182827447,1,time0,TIME0,0.6416461443650923,5
0.0003034893266095084,False,466,time1,0.9649627557988296,3,time1,TIME1,0.6391216745505406,9
0.001334153459968083,False,466,time0,0.8947526938849105,9,time0,TIME0,0.6167988322870004,8
4.183343546467391e-06,False,467,time0,0.999821408446045,0,time0,TIME0,0.649935075866674,2
8.110184213401462e-06,False,467,time1,0.9989194388889154,4,time1,TIME1,0.6496601973052618,6
0.00021437641625839687,False,467,time0,0.9748047062495883,2,time0,TIME0,0.6421348122727129,3
0.0004021724172309137,False,467,time1,0.970262607775815,3,time1,TIME1,0.640361928282505,9
0.0008924584438893615,False,467,time0,0.9486285499588513,1,time0,TIME0,0.6334398722829254,5
0.001297982495364019,False,467,time0,0.8940288729906823,9,time0,TIME0,0.6169044016845717,8
1.2791191930337884e-06,False,468,time1,0.9995431793154973,4,time1,TIME1,0.6498563553091407,6
5.30461373587647e-05,False,468,time0,0.9975738238132823,0,time0,TIME0,0.6491905688088436,2
8.336337243286182e-05,False,468,time0,0.9875717774375847,2,time0,TIME0,0.6460812249435747,3
0.0007002396199765213,False,468,time0,0.9586601299098668,1,time0,TIME0,0.6368109287028445,5
0.0005535474190974323,False,468,time1,0.9563209312022461,3,time1,TIME1,0.6362383202574359,9
0.0009778726851969967,False,468,time0,0.9151137128696728,9,time0,TIME0,0.6234053023200518,8
1.0340467333746868e-05,False,469,time0,0.999361925249971,0,time0,TIME0,0.6497699438775135,2
3.539503832023831e-05,False,469,time1,0.9960547781238176,4,time1,TIME1,0.6487601348166337,6
5.248875028535832e-05,False,469,time0,0.9916410904523105,2,time0,TIME0,0.6473910455847954,3
0.0006984708357805306,False,469,time0,0.9529867781052404,1,time0,TIME0,0.6351805351377117,5
0.0008561594307750242,False,469,time1,0.951532730375137,3,time1,TIME1,0.6344637769714341,9
0.001912320691051861,False,469,time0,0.8358266474374552,9,time0,TIME0,0.5983557928754923,8
0.016282130690293238,False,469,time1,0.23999248566537404,6,time1,TIME1,0.39730847611318715,7
7.353763734426133e-06,False,470,time0,0.999448899439828,0,time0,TIME0,0.6498163438732965,2
1.239539876185296e-05,False,470,time1,0.9977289729233216,4,time1,TIME1,0.6492814074682409,6
1.745062689455767e-05,False,470,time0,0.996513555531601,2,time0,TIME0,0.6489029698835883,3
0.0006116216292933859,False,470,time1,0.9600858660232674,3,time1,TIME1,0.6372812328728337,9
0.00047020077566467446,False,470,time0,0.9459732269284902,1,time0,TIME0,0.6331736001331945,5
0.0004995296172754591,False,470,time0,0.9444001403741267,9,time0,TIME0,0.6319025951671403,8
0.0019177961346401268,False,470,time1,0.8878830012443591,6,time1,TIME1,0.6046759874087296,7
5.437533425951734e-06,False,471,time0,0.9997733721446123,0,time0,TIME0,0.6499185209825493,2
6.505422140185142e-06,False,471,time1,0.9992289099084658,4,time1,TIME1,0.6497586716139011,6
0.00025423453365719227,False,471,time0,0.983092219080464,2,time0,TIME0,0.6445346951874433,3
0.0002202369439263893,False,471,time0,0.975101434809829,1,time0,TIME0,0.6420625463968552,5
0.0006645117011887082,False,471,time1,0.9495578266893615,3,time1,TIME1,0.6341655905445556,9
0.0006054015359294496,False,471,time0,0.9414919214689861,9,time0,TIME0,0.6318227001775303,8
0.0012745714329045245,False,471,time1,0.9421399287713103,6,time1,TIME1,0.6306509334173653,7
5.4562905319488084e-06,False,472,time1,0.9995672809505388,4,time1,TIME1,0.6498596413987932,6
8.174904453284699e-06,False,472,time0,0.9994348200370661,0,time0,TIME0,0.6498206171781316,2
0.00011260679341005979,False,472,time0,0.98999692917617,2,time0,TIME0,0.646798395057768,3
0.0002809266362629482,False,472,time0,0.9699393133219272,9,time0,TIME0,0.6404788129775407,8
0.000450210444941393,False,472,time1,0.9699474581862506,3,time1,TIME1,0.6404217541829722,9
0.00041182559566396774,False,472,time0,0.9536113161261253,1,time0,TIME0,0.6355770174968302,5
0.003000293483092909,False,472,time1,0.846975903457194,6,time1,TIME1,0.6001541162835338,7
2.3785646523329393e-05,False,473,time1,0.9944719442062725,4,time1,TIME1,0.6483045082682922,6
8.259237353079543e-05,False,473,time0,0.9922777164690231,0,time0,TIME0,0.6475551879768537,2
6.804061664346553e-05,False,473,time0,0.9886818867252272,2,time0,TIME0,0.6464504122306634,3
0.00018674613255582724,False,473,time0,0.9753702646725344,9,time0,TIME0,0.642340659571456,8
0.00023164064290103696,False,473,time0,0.962063710166883,1,time0,TIME0,0.6382411769253731,5
0.0005406799135890396,False,473,time1,0.9428837163211963,3,time1,TIME1,0.632097098907953,9
0.00524474197622885,False,473,time1,0.7395956137011561,6,time1,TIME1,0.5655198371058011,7
3.031262159889784e-05,False,474,time0,0.9975322516437355,0,time0,TIME0,0.6491962403006506,2
1.4968889558518158e-05,False,474,time1,0.9932751722732577,4,time1,TIME1,0.6479617119338668,6
7.513777761899836e-05,False,474,time0,0.991718218790216,2,time0,TIME0,0.6473812505073668,3
0.0003148494211092829,False,474,time1,0.965378785388038,3,time1,TIME1,0.6391576868569363,9
0.0002294926595806254,False,474,time0,0.9638578038566532,1,time0,TIME0,0.6388664708360472,5
0.000658889641041532,False,474,time0,0.9342500713431315,9,time0,TIME0,0.6293476625244735,8
0.005050045332470423,False,474,time1,0.6421064585409721,6,time1,TIME1,0.5332170807252998,7
8.928834289807084e-06,False,475,time0,0.9996464794237921,0,time0,TIME0,0.6498703597484046,2
3.4849085848163476e-06,False,475,time1,0.9990833788442743,4,time1,TIME1,0.6497130156338142,6
1.6811654237910685e-05,False,475,time0,0.9969141269409335,2,time0,TIME0,0.6490191622222221,3
0.00011630966055742881,False,475,time0,0.9816037089373726,1,time0,TIME0,0.6442482294399138,5
0.0005303219863919354,False,475,time1,0.9482575224682288,3,time1,TIME1,0.6338482326964657,9
0.0007118659579715076,False,475,time0,0.9254694256078068,9,time0,TIME0,0.6269164901112434,8
0.0016629269389926335,False,475,time1,0.8858655688055485,6,time1,TIME1,0.6118949810133689,7
6.078022901291817e-06,False,476,time0,0.9995382815805995,0,time0,TIME0,0.6498459219392505,2
4.160214736737665e-06,False,476,time1,0.9991192785395291,4,time1,TIME1,0.649727979653631,6
1.7838777112097116e-05,False,476,time0,0.9976178948430535,2,time0,TIME0,0.649245678202599,3
0.00012384975954291921,False,476,time0,0.9868485416454611,1,time0,TIME0,0.6458171062765641,5
0.0005383785916702519,False,476,time1,0.9484894754887084,3,time1,TIME1,0.6340468478071322,9
0.0008502982689523652,False,476,time0,0.9166144568944858,9,time0,TIME0,0.6240809358383175,8
0.0008632576000564768,False,476,time1,0.9101357264894775,6,time1,TIME1,0.6216265892448636,7
1.1815044984503498e-05,False,477,time1,0.9961287182535519,4,time1,TIME1,0.6488201753293985,6
0.00011212172850560214,False,477,time0,0.9865092524633179,2,time0,TIME0,0.6457622410263709,3
0.00015034439906859933,False,477,time0,0.9842081532370577,0,time0,TIME0,0.6450229489780281,2
0.00018563954534575987,False,477,time0,0.9682012477886927,1,time0,TIME0,0.6402303321341587,5
0.00035622824139850773,False,477,goleiro_time1,0.9656855219930887,3,goleiro1,GOL-TIME1,0.639257297191077,9
0.00041260192780678,False,477,time1,0.9437569275145357,6,time1,TIME1,0.6324401841610682,7
0.0011068649190789537,False,477,time0,0.8975702025972396,9,time0,TIME0,0.6179697890780556,8
5.614441571550804e-06,False,478,time1,0.9986180350680597,4,time1,TIME1,0.6495757476940782,6
3.487411831093291e-05,False,478,time0,0.995545839479826,0,time0,TIME0,0.6485362963345856,2
3.255998329710725e-05,False,478,time0,0.9953139254466045,2,time0,TIME0,0.6485098698193273,3
0.00020324507402994673,False,478,time0,0.9745466422015069,1,time0,TIME0,0.641949210010802,5
0.0005685833784388732,False,478,goleiro_time1,0.9482186228237055,3,goleiro1,GOL-TIME1,0.6337883672790513,9
0.0009028041953168675,False,478,time0,0.9187791470867444,9,time0,TIME0,0.6245997526361676,8
0.0012907321289625901,False,478,time1,0.891866079995727,6,time1,TIME1,0.6157874844318844,7
1.1426184513737494e-05,False,479,time1,0.9978268817893141,4,time1,TIME1,0.6493280523666489,6
3.6314771857801495e-05,False,479,time0,0.995549313737897,0,time0,TIME0,0.6486172584356025,2
0.000307989896911953,False,479,goleiro_time1,0.9695182248188147,3,goleiro1,GOL-TIME1,0.6403977136629166,9
0.0002653338383918874,False,479,time0,0.9626503300474979,1,time0,TIME0,0.6384913621534368,5
0.00018737364128148937,False,479,time0,0.9608272640332526,2,time0,TIME0,0.6379692143242558,3
0.0008877520016159624,False,479,time0,0.907813193165572,9,time0,TIME0,0.621325476637711,8
0.0015086244255233718,False,479,goleiro_time1,0.883110540764782,6,goleiro1,GOL-TIME1,0.6132147822374944,7
7.2874969498498035e-06,False,480,time1,0.9992378991721925,4,time1,TIME1,0.6497586581078546,6
2.306411485602862e-05,False,480,time0,0.9926733552676356,2,time0,TIME0,0.6476689424096047,3
2.7225008138259514e-05,False,480,time0,0.9921463832091362,1,time0,TIME0,0.6474516843735294,5
0.00012317335749246472,False,480,time0,0.9917644332564137,0,time0,TIME0,0.6473196658878945,2
0.0003110522297968086,False,480,goleiro_time1,0.96863934709056,3,goleiro1,GOL-TIME1,0.640251606653337,9
0.0007270349883281812,False,480,time0,0.9336690820389548,9,time0,TIME0,0.6292489277464753,8
0.004429545385647969,False,480,goleiro_time1,0.7184620784891107,6,goleiro1,GOL-TIME1,0.5576875150965307,7
6.906366665930594e-05,False,481,time1,0.9942895509001913,4,time1,TIME1,0.6481739221740506,6
7.429108601593045e-05,False,481,time0,0.9883221858628031,0,time0,TIME0,0.6463056004311779,2
8.264850256033334e-05,False,481,time0,0.9847112135073256,2,time0,TIME0,0.6452825649940638,3
0.0003543539338660001,False,481,time0,0.9767367743653599,9,time0,TIME0,0.6424053249832191,8
0.00011997773797978991,False,481,goleiro_time1,0.9727939390046393,3,goleiro1,GOL-TIME1,0.6415947048977412,9
0.0004185108541589249,False,481,time0,0.9634009430811232,1,time0,TIME0,0.6383633286449332,5
0.0005824886146436373,False,481,goleiro_time1,0.9083655351400093,6,goleiro1,GOL-TIME1,0.6193346981909783,7
5.3380742727032506e-05,False,482,time1,0.9954292981009113,4,time1,TIME1,0.6485694234119269,6
0.00019339965795126928,False,482,time0,0.979871892043166,0,time0,TIME0,0.6436034225214647,2
0.0002208301068353101,False,482,goleiro_time1,0.9791504810681082,3,goleiro1,GOL-TIME1,0.6434351959578987,9
0.00010663390621824492,False,482,goleiro_time1,0.9714719654166247,6,goleiro1,GOL-TIME1,0.6409428004028863,7
0.0002677207204582884,False,482,time0,0.9584745019951139,2,time0,TIME0,0.6370803061426276,3
0.000406599831451023,False,482,time0,0.95196063825986,9,time0,TIME0,0.635154194197014,8
0.00047853285773014797,False,482,time0,0.9494643619075522,1,time0,TIME0,0.6343024124773966,5
1.7926873878376706e-05,False,483,time1,0.9979253869509257,4,time1,TIME1,0.649335666666888,6
0.0001238131054031916,False,483,time0,0.9899178476683155,2,time0,TIME0,0.6467563251969479,3
0.00017027016016373086,False,483,goleiro_time1,0.9830473926158152,3,goleiro1,GOL-TIME1,0.6447219409425977,9
0.0002687043450785083,False,483,time0,0.9723124216134151,0,time0,TIME0,0.6413954906353398,2
0.0005224307179182865,False,483,goleiro_time1,0.953563740440807,6,goleiro1,GOL-TIME1,0.635297080287881,7
0.000546790425026593,False,483,time0,0.9497224275964931,1,time0,TIME0,0.6343347760225208,5
0.0004958413737347012,False,483,time0,0.9491958029032314,9,time0,TIME0,0.6341191683847185,8
1.6093169683782768e-05,False,484,time1,0.9971803868663669,4,time1,TIME1,0.6491312044171665,6
8.017217931975966e-05,False,484,time0,0.9901546299506436,2,time0,TIME0,0.6469436508538099,3
0.00018930603738145457,False,484,time0,0.9765841290726763,0,time0,TIME0,0.6427347299133243,2
0.00040998109340078886,False,484,goleiro_time1,0.9656432572607251,3,goleiro1,GOL-TIME1,0.6391479848653108,9
0.0007233391349314244,False,484,goleiro_time1,0.9509062645256886,6,goleiro1,GOL-TIME1,0.6344602854943332,7
0.0006850194513875357,False,484,time0,0.9364137557454656,1,time0,TIME0,0.6302063555329787,5
0.0006743113186173661,False,484,time0,0.9346941877564178,9,time0,TIME0,0.6295575746688158,8
1.5272313541830823e-05,False,485,time1,0.9975190924583155,4,time1,TIME1,0.6492337511995853,6
0.0002045738944013661,False,485,time0,0.9721726814615902,0,time0,TIME0,0.6414394479197001,2
0.0004349865728891546,False,485,goleiro_time1,0.9692875421310301,3,goleiro1,GOL-TIME1,0.6403339170097296,9
0.0003789061956972633,False,485,time0,0.9635751992959309,9,time0,TIME0,0.6385246831271424,8
0.00040897301577662613,False,485,time0,0.9500313090506727,1,time0,TIME0,0.6343911555210113,5
0.0004125733654805978,False,485,time0,0.9472122910683324,2,time0,TIME0,0.6335407224398545,3
0.01023055565962044,False,485,goleiro_time1,0.6098527319648935,6,goleiro1,GOL-TIME1,0.5171499988810715,7
2.1876111699093953e-05,False,486,time1,0.9973862329081145,4,time1,TIME1,0.6491712459564618,6
0.00024032196662448265,False,486,time0,0.9676142232952207,0,time0,TIME0,0.6399350092028878,2
0.00048826094251241703,False,486,time0,0.9480684321483324,9,time0,TIME0,0.6338946958445226,8
0.0004485417049856,False,486,time0,0.9381419525406655,2,time0,TIME0,0.6304488368281377,3
0.0006501062437829555,False,486,time0,0.9299908112622611,1,time0,TIME0,0.6282409868085066,5
0.0020021995841416266,False,486,goleiro_time1,0.8850599799427332,3,goleiro1,GOL-TIME1,0.6126228891824493,9
0.004075215067701752,False,486,goleiro_time1,0.7694263139422322,6,goleiro1,GOL-TIME1,0.5729216313410013,7
5.470457864277265e-05,False,487,time1,0.9945100053093059,4,time1,TIME1,0.6482770135169591,6
0.00037755410184958085,False,487,time0,0.9622352539143199,9,time0,TIME0,0.6381640215438213,8
0.0003447318036454212,False,487,time0,0.9594302494538037,2,time0,TIME0,0.637437812628524,3
0.0004777709082151735,False,487,time0,0.9563415593247232,0,time0,TIME0,0.6362913127675971,2
0.000471209842570117,False,487,time0,0.9411584560691195,1,time0,TIME0,0.6317200501751863,5
0.0010043025267988468,False,487,goleiro_time1,0.9418864247456494,3,goleiro1,GOL-TIME1,0.6309725365493147,9
0.0014518200973641267,False,487,goleiro_time1,0.8871736839349701,6,goleiro1,GOL-TIME1,0.612948870046775,7
3.036162272998353e-05,False,488,time1,0.9969693799613926,4,time1,TIME1,0.6490451679383505,6
0.00014793736356689483,False,488,time0,0.9807372151725818,2,time0,TIME0,0.6438739790941883,3
0.0002804769698719784,False,488,time0,0.957943002767499,0,time0,TIME0,0.6369602382611884,2
0.0005142814245939044,False,488,goleiro_time1,0.9590695940200459,3,goleiro1,GOL-TIME1,0.6369189838420363,9
0.00045755527502195384,False,488,time0,0.9503505211389426,9,time0,TIME0,0.6345821730669319,8
0.0009623107326089177,False,488,time0,0.900596835436538,1,time0,TIME0,0.6189693620824699,5
0.0014077196628092998,False,488,goleiro_time1,0.8826777053139414,6,goleiro1,GOL-TIME1,0.6132166594317706,7
2.240868271501087e-05,False,489,time1,0.9978588392393156,4,time1,TIME1,0.6493183506863427,6
0.00013504819533509223,False,489,time0,0.9838988989379088,2,time0,TIME0,0.644930264363988,3
0.0002837233090748853,False,489,time0,0.9743781457739172,9,time0,TIME0,0.6418970780134057,8
0.00030131146192120817,False,489,time0,0.9725304891744454,0,time0,TIME0,0.6414174756644786,2
0.0006596151139800855,False,489,goleiro_time1,0.9304555784844678,3,goleiro1,GOL-TIME1,0.6284000984552742,9
0.0011006131687140623,False,489,goleiro_time1,0.9090335621752048,6,goleiro1,GOL-TIME1,0.6214821939145478,7
0.0013108630390923563,False,489,time0,0.8756990108197803,1,time0,TIME0,0.6112328542779984,5
2.1110304938360085e-05,False,490,time1,0.9978045809285452,4,time1,TIME1,0.6492951298833908,6
6.458133464507186e-05,False,490,time0,0.992333948192591,2,time0,TIME0,0.6475508184578944,3
0.0002992836889593912,False,490,goleiro_time1,0.9673269127322729,3,goleiro1,GOL-TIME1,0.6396796268867452,9
0.0001934245421803854,False,490,time0,0.9612365792279767,0,time0,TIME0,0.6381214693332843,2
0.0008548986298331409,False,490,time0,0.9398759371960697,9,time0,TIME0,0.6305625122183914,8
0.0008853284146774605,False,490,time0,0.9036686495618078,1,time0,TIME0,0.6199596085035611,5
0.0015747535668293221,False,490,goleiro_time1,0.8808167685158494,6,goleiro1,GOL-TIME1,0.6123939533990531,7
6.647817607096261e-06,False,491,time1,0.999437001301661,4,time1,TIME1,0.6498095548704008,6
0.00012551685069657915,False,491,time0,0.9826875018198417,2,time0,TIME0,0.6446196945499726,3
0.0003197542776947577,False,491,goleiro_time1,0.9733078616414609,3,goleiro1,GOL-TIME1,0.6416837239520856,9
0.00023858377404960716,False,491,time0,0.9617791357773359,0,time0,TIME0,0.6381649575069376,2
0.0008454463769646421,False,491,time0,0.9365913092381757,9,time0,TIME0,0.6301525394805743,8
0.0014532563308529694,False,491,goleiro_time1,0.8924557836207032,6,goleiro1,GOL-TIME1,0.6157848898315849,7
0.0014107497045385338,False,491,time0,0.8727613156911177,1,time0,TIME0,0.6100724525930159,5
6.294524889844709e-06,False,492,time1,0.9985608469760455,4,time1,TIME1,0.6495603800979745,6
0.00015667115724745233,False,492,time0,0.9809894287421126,2,time0,TIME0,0.6441225157643758,3
0.0003093217739088652,False,492,time0,0.9758345281571857,0,time0,TIME0,0.6423392959563212,2
0.00028244061711391207,False,492,goleiro_time1,0.9717356274466481,3,goleiro1,GOL-TIME1,0.6412112812709184,9
0.0005368968512425365,False,492,time0,0.9592398368693622,9,time0,TIME0,0.6370734860892293,8
0.0011898050440042548,False,492,goleiro_time1,0.9082868358410019,6,goleiro1,GOL-TIME1,0.621121466398294,7
0.0010559029310318639,False,492,time0,0.9035665065724012,1,time0,TIME0,0.6198187604908003,5
5.0189191316543726e-05,False,493,time1,0.993985270877741,4,time1,TIME1,0.6481174986985745,6
8.156451028103579e-05,False,493,time0,0.9719832044521014,2,time0,TIME0,0.641468526829694,3
0.00041450809526973596,False,493,time0,0.9664957669473488,9,time0,TIME0,0.639478836099308,8
0.000899869631914232,False,493,time0,0.9681043211047835,0,time0,TIME0,0.6391695278540119,2
0.0003075713548320183,False,493,goleiro_time1,0.9623114542984056,3,goleiro1,GOL-TIME1,0.6382370636956577,9
0.0004730306274487663,False,493,time0,0.9553731784585253,1,time0,TIME0,0.6357838949782151,5
0.0015056978778357217,False,493,goleiro_time1,0.8915604889609164,6,goleiro1,GOL-TIME1,0.6157828956394513,7
0.0002707571291003747,False,494,time0,0.9803772087943592,0,time0,TIME0,0.6434356108654428,2
0.00023190914398686175,False,494,time1,0.9754949688491099,4,time1,TIME1,0.6422820615777785,6
0.000469475150529001,False,494,time0,0.9565992202451877,9,time0,TIME0,0.636428958694953,8
0.0005130790673460921,False,494,time0,0.9328752007693547,1,time0,TIME0,0.6291568198563994,5
0.0005878956202602872,False,494,time0,0.9327520987031397,2,time0,TIME0,0.6288823138329735,3
0.0007508575918000915,False,494,goleiro_time1,0.9144746816277335,3,goleiro1,GOL-TIME1,0.6233563906846288,9
0.0021277837186483286,False,494,goleiro_time1,0.8643004796335749,6,goleiro1,GOL-TIME1,0.6067951084402109,7
7.99447651147818e-05,False,495,time1,0.9909721723094729,4,time1,TIME1,0.6471139880225794,6
0.0001539218938383879,False,495,time0,0.9889305459335666,0,time0,TIME0,0.6464237018827169,2
0.00019702905193896977,False,495,goleiro_time1,0.976084743767891,3,goleiro1,GOL-TIME1,0.6422661547276067,9
0.00028890574784101015,False,495,time0,0.963979186764471,2,time0,TIME0,0.638699720736168,3
0.0005382532319757648,False,495,time0,0.9525915531918517,9,time0,TIME0,0.6352347427379625,8
0.0004989689230854666,False,495,time0,0.9496617335732086,1,time0,TIME0,0.6340497445213595,5
0.002376759943275088,False,495,goleiro_time1,0.8346112295634792,6,goleiro1,GOL-TIME1,0.5979405326729619,7
3.077410863285252e-05,False,496,time1,0.9968936857536338,4,time1,TIME1,0.6490066018530983,6
6.532741126874213e-05,False,496,time0,0.9883202154021195,0,time0,TIME0,0.6463691538256309,2
0.000340333636638534,False,496,time0,0.9734312557431147,9,time0,TIME0,0.6415345437035459,8
0.0005137559894033731,False,496,time0,0.9497524323666333,1,time0,TIME0,0.6342367344374505,5
0.0004891323217566544,False,496,goleiro_time1,0.9448691075366062,3,goleiro1,GOL-TIME1,0.6328168697472367,9
0.0006388519262815645,False,496,time0,0.9243200324360754,2,time0,TIME0,0.6264766262631927,3
0.0023083840680840476,False,496,goleiro_time1,0.84133991684744,6,goleiro1,GOL-TIME1,0.5999650952192714,7
1.6876778751393858e-05,False,497,time1,0.998567193511516,4,time1,TIME1,0.6495430805110662,6
0.00011377056868795825,False,497,time0,0.9943615825329972,0,time0,TIME0,0.6481708106733937,2
0.0004126866762364201,False,497,time0,0.9620076966105786,9,time0,TIME0,0.6380578450594651,8
0.00030588323510961495,False,497,time0,0.9468552997941441,1,time0,TIME0,0.6335470883967982,5
0.0005240562846243796,False,497,goleiro_time1,0.9438250908321747,3,goleiro1,GOL-TIME1,0.6325360215640098,9
0.0005528737946444173,False,497,time0,0.9366857620121151,2,time0,TIME0,0.6303717819426798,3
0.0023665566483518793,False,497,goleiro_time1,0.8357710485388375,6,goleiro1,GOL-TIME1,0.5985181303380619,7
9.833234760225998e-06,False,498,time1,0.9961389677529092,4,time1,TIME1,0.6488148805156575,6
0.00020553494311545617,False,498,time0,0.9887494405660713,0,time0,TIME0,0.6463620594319249,2
0.0002128025458407224,False,498,goleiro_time1,0.9821658642707384,3,goleiro1,GOL-TIME1,0.644205554898985,9
0.00013661477297410117,False,498,time0,0.9797076436519468,2,time0,TIME0,0.643405914656336,3
0.00012817608950917763,False,498,time0,0.97864324404743,9,time0,TIME0,0.6431128013203476,8
0.0007576905322337989,False,498,time0,0.9256797275980454,1,time0,TIME0,0.6267000156297933,5
0.0017010632757393242,False,498,goleiro_time1,0.8818441469507197,6,goleiro1,GOL-TIME1,0.6125239228405456,7
1.0629098074075173e-05,False,499,time1,0.9988616718640659,4,time1,TIME1,0.6496410418843073,6
0.00012087620831138309,False,499,time0,0.9921385337935552,0,time0,TIME0,0.6474708044904207,2
0.0004091472307466256,False,499,time0,0.9554724996943605,2,time0,TIME0,0.63605534599854,3
0.0003010147282696278,False,499,time0,0.9525532796579265,9,time0,TIME0,0.6353738177541689,8
0.0005789120330565687,False,499,goleiro_time1,0.9521744561180512,3,goleiro1,GOL-TIME1,0.6348755564605547,9
0.000760561122113671,False,499,time0,0.9343342738424065,1,time0,TIME0,0.6294543328738116,5
0.0010157192386272525,False,499,goleiro_time1,0.9202509216974587,6,goleiro1,GOL-TIME1,0.6246836542676867,7
1.6564949047975836e-05,False,500,time1,0.9979169802852046,4,time1,TIME1,0.6493521676199929,6
3.647101488455045e-05,False,500,time0,0.9948400515087392,0,time0,TIME0,0.6483595417061544,2
0.00027183430421700666,False,500,goleiro_time1,0.9794955061761849,3,goleiro1,GOL-TIME1,0.6433680572833588,9
0.00032716899161957434,False,500,time0,0.9661410537602149,9,time0,TIME0,0.6395269802375423,8
0.000262272469422125,False,500,time0,0.9586406984140017,2,time0,TIME0,0.6372023985074747,3
0.000898369577099746,False,500,time0,0.9106712129046268,1,time0,TIME0,0.6222123902949166,5
0.0015365606127540003,False,500,goleiro_time1,0.8727916599238966,6,goleiro1,GOL-TIME1,0.609704789805403,7
2.505523050734467e-05,False,501,time1,0.9961354358543789,4,time1,TIME1,0.6487900005460256,6
0.00018882574132008948,False,501,time0,0.9849642088723002,0,time0,TIME0,0.6452040140440324,2
0.0001924434922281118,False,501,time0,0.963011625241578,9,time0,TIME0,0.6386361349955176,8
0.0002971551615041499,False,501,goleiro_time1,0.9585766209581721,3,goleiro1,GOL-TIME1,0.6372278754466795,9
0.0006651686346908991,False,501,time0,0.9371875123506607,1,time0,TIME0,0.6303327381203512,5
0.0005738286492493617,False,501,time0,0.9279169076893203,2,time0,TIME0,0.6276244936346664,3
0.0011691225715116946,False,501,goleiro_time1,0.9049973211131104,6,goleiro1,GOL-TIME1,0.6201723592581733,7
4.619369349828703e-05,False,502,time0,0.9963247828830996,0,time0,TIME0,0.6487532784283377,2
2.4794933797518612e-05,False,502,time1,0.9953708179687063,4,time1,TIME1,0.6485547182827328,6
0.0005558667510087504,False,502,time0,0.9378370254136539,1,time0,TIME0,0.6307017348251525,5
0.0007478362253066961,False,502,goleiro_time1,0.9381623139397814,3,goleiro1,GOL-TIME1,0.630376568239348,9
0.0007548338430242178,False,502,time0,0.9227652584585637,9,time0,TIME0,0.625759911054321,8
0.0009309268747518403,False,502,time0,0.8816518788496152,2,time0,TIME0,0.6133780513492875,3
0.001975471943508356,False,502,goleiro_time1,0.8506098958314294,6,goleiro1,GOL-TIME1,0.6028318754668276,7
1.7866251863026164e-05,False,503,time1,0.998082741778329,4,time1,TIME1,0.6494006399107661,6
0.00010629279442309812,False,503,time0,0.9951745005977561,0,time0,TIME0,0.6483659357915252,2
0.0004573377853375078,False,503,time0,0.9488466893711252,1,time0,TIME0,0.6341680121193966,5
0.0004021770338768863,False,503,time0,0.9461646777361402,2,time0,TIME0,0.6329468812251932,3
0.0012863762473888695,False,503,goleiro_time1,0.8991598032641155,3,goleiro1,GOL-TIME1,0.6182107915181295,9
0.0010817093732302912,False,503,time0,0.8870927273533401,9,time0,TIME0,0.6148589203600409,8
0.0017120014798225245,False,503,goleiro_time1,0.867819581114753,6,goleiro1,GOL-TIME1,0.6084028127214962,7
2.9407251664532412e-05,False,504,time1,0.9966100130194894,4,time1,TIME1,0.6489338880900516,6
9.895424881528295e-05,False,504,time0,0.9917579347501079,0,time0,TIME0,0.647384235263357,2
0.00045164535938852917,False,504,time0,0.9509189547498832,9,time0,TIME0,0.6343907621213132,8
0.0004661763794182623,False,504,goleiro_time1,0.9474689281025425,3,goleiro1,GOL-TIME1,0.633171502149072,9
0.000282793714432257,False,504,time0,0.9451838645494727,2,time0,TIME0,0.6330020030024079,3
0.0005847001909940123,False,504,time0,0.9294370910302435,1,time0,TIME0,0.6281087478692238,5
0.0016256854198466568,False,504,goleiro_time1,0.8774526311173723,6,goleiro1,GOL-TIME1,0.6112952906641319,7
3.025775770791973e-05,False,505,time1,0.9968775390001399,4,time1,TIME1,0.6490294477237776,6
3.693258118783845e-05,False,505,time0,0.996942676535757,0,time0,TIME0,0.649006398501823,2
0.000640018415741436,False,505,goleiro_time1,0.9328282707971884,3,goleiro1,GOL-TIME1,0.6289402128951225,9
0.000550775960275038,False,505,time0,0.929352743662688,2,time0,TIME0,0.6281046236234795,3
0.000851154276287485,False,505,time0,0.9039708797572326,9,time0,TIME0,0.6196288218298132,8
0.0016665631311183597,False,505,goleiro_time1,0.8766169156058973,6,goleiro1,GOL-TIME1,0.6113208760631996,7
0.0011081429690277676,False,505,time0,0.8747792803679233,1,time0,TIME0,0.6110581788400706,5
5.56089275881249e-05,False,506,time1,0.9959841130466978,4,time1,TIME1,0.64872396738342,6
0.0001484331076359375,False,506,time0,0.9879049754921231,0,time0,TIME0,0.6461602124817374,2
0.0003186212716012812,False,506,time0,0.9540005941392137,2,time0,TIME0,0.6357383555151541,3
0.0004338253088637358,False,506,goleiro_time1,0.9517253771982417,3,goleiro1,GOL-TIME1,0.6349791424355062,9
0.00138609529307358,False,506,time0,0.856128568537438,1,time0,TIME0,0.6053794433221751,5
0.0013600765866251588,False,506,time0,0.8584489842354818,9,time0,TIME0,0.6049089228521559,8
0.0028446583316411346,False,506,goleiro_time1,0.7976628267212817,6,goleiro1,GOL-TIME1,0.5858752180549842,7
2.731235026048589e-05,False,507,time1,0.9977448107894342,4,time1,TIME1,0.6492422029853958,6
0.00011035606435057092,False,507,time0,0.9906078675297487,0,time0,TIME0,0.6470310492447052,2
0.00020192640013319243,False,507,time0,0.9776963920189657,2,time0,TIME0,0.6428740526498296,3
0.00031529883383838613,False,507,goleiro_time1,0.9657692290589666,3,goleiro1,GOL-TIME1,0.6392349954083522,9
0.0016105852333205856,False,507,time0,0.847517584325761,1,time0,TIME0,0.602621090752559,5
0.0019257132258917984,False,507,goleiro_time1,0.8326436519976715,6,goleiro1,GOL-TIME1,0.5971487105107474,7
0.0015789148390189663,False,507,time0,0.8278288623231538,9,time0,TIME0,0.5966274465068495,8
7.663272748841849e-05,False,508,time1,0.9939892915175259,4,time1,TIME1,0.648092801671409,6
6.298403221246771e-05,False,508,time0,0.9928070319597746,2,time0,TIME0,0.6476824034050765,3
0.00011215187621845076,False,508,time0,0.9907448667615694,0,time0,TIME0,0.6470820316099534,2
0.0006143819777260219,False,508,goleiro_time1,0.9350278276846309,3,goleiro1,GOL-TIME1,0.6295925012135253,9
0.0011192974959508275,False,508,time0,0.8933194217653229,1,time0,TIME0,0.6166318199942623,5
0.0013476638968436285,False,508,time0,0.8479767110710865,9,time0,TIME0,0.6028690674446423,8
0.006136350044076531,False,508,goleiro_time1,0.622677777965413,6,goleiro1,GOL-TIME1,0.528070293177051,7
6.0844603638508125e-05,False,509,time0,0.9937969008249741,0,time0,TIME0,0.6480313447065662,2
4.6987604408456514e-05,False,509,time1,0.9925943981349059,4,time1,TIME1,0.6476738365182786,6
0.00025256934496753204,False,509,time0,0.9725170036433786,2,time0,TIME0,0.6413944907685001,3
0.0004738440703226661,False,509,goleiro_time1,0.9546526284145676,3,goleiro1,GOL-TIME1,0.6358233314109977,9
0.0006107901256945823,False,509,goleiro_time1,0.9375475597673516,6,goleiro1,GOL-TIME1,0.6264022963884298,7
0.0010503550416144894,False,509,time0,0.8898588245666474,9,time0,TIME0,0.6157108068934221,8
0.001291625728986344,False,509,time0,0.880920712363302,1,time0,TIME0,0.6129826569115936,5
6.091404991604396e-05,False,510,time0,0.9959552510075325,0,time0,TIME0,0.6486482267827114,2
2.9516760663128663e-05,False,510,time1,0.9951246685607937,4,time1,TIME1,0.648476339658046,6
0.00010950253021865073,False,510,time0,0.9899874819374144,2,time0,TIME0,0.6467988388258478,3
0.0008039253284667995,False,510,goleiro_time1,0.9174359123405951,3,goleiro1,GOL-TIME1,0.6242108668566478,9
0.0010955927945145254,False,510,time0,0.8956925148777461,1,time0,TIME0,0.6175722752502408,5
0.001323496719092092,False,510,time0,0.8611134832609099,9,time0,TIME0,0.6067837459166036,8
0.0019837252889304286,False,510,goleiro_time1,0.8453723474027588,6,goleiro1,GOL-TIME1,0.6004812757617556,7
0.00012773868766945918,False,511,time1,0.9863707836454554,4,time1,TIME1,0.6457263214544723,6
0.0002729362620980081,False,511,time0,0.9775144211504427,0,time0,TIME0,0.6428290850437705,2
0.00035464145959182195,False,511,goleiro_time1,0.9686140792603518,3,goleiro1,GOL-TIME1,0.6398757327405371,9
0.0003858718012872166,False,511,time0,0.9428064832667812,2,time0,TIME0,0.6322737876543727,3
0.0008071324769113125,False,511,time0,0.9210654647811657,1,time0,TIME0,0.6253816145067703,5
0.0008595421639636165,False,511,time0,0.9078492326958315,9,time0,TIME0,0.6212501978384417,8
0.0024340649999590545,False,511,goleiro_time1,0.8273118566727187,6,goleiro1,GOL-TIME1,0.594882071735697,7
8.893175772905981e-05,False,512,time1,0.9903937440233316,4,time1,TIME1,0.6470012276656465,6
0.0003195592117193215,False,512,time0,0.982284186384659,0,time0,TIME0,0.6442620592814539,2
0.00047312296036821857,False,512,goleiro_time1,0.9509985629204398,3,goleiro1,GOL-TIME1,0.6344714453332312,9
0.0006760737612666912,False,512,time0,0.9445548058754706,1,time0,TIME0,0.6322692784252915,5
0.0009186136204220279,False,512,time0,0.9077755099880848,9,time0,TIME0,0.6213897900884822,8
0.0015248158653996726,False,512,goleiro_time1,0.8906944662917555,6,goleiro1,GOL-TIME1,0.6151923262286431,7
0.0012269257186369707,False,512,time0,0.8404555646093721,2,time0,TIME0,0.6002679080747771,3
0.00014344860122434176,False,513,time1,0.9855936137178126,4,time1,TIME1,0.6455061361762142,6
0.0001602539155009734,False,513,time0,0.9805772667627025,0,time0,TIME0,0.6438751407680728,2
0.0001937082122458345,False,513,time0,0.9697598851902025,2,time0,TIME0,0.6397836477700746,3
0.00046785562097533364,False,513,time0,0.9474040594461793,1,time0,TIME0,0.6334227131188098,5
0.000356231006312854,False,513,goleiro_time1,0.9261055169709157,3,goleiro1,GOL-TIME1,0.6271778293159127,9
0.0009394330703225667,False,513,time0,0.9115836937003242,9,time0,TIME0,0.6225846595453427,8
0.001637662217076575,False,513,goleiro_time1,0.8786917690424217,6,goleiro1,GOL-TIME1,0.6117678662079573,7
9.887766195620157e-05,False,514,time0,0.9915751879791957,0,time0,TIME0,0.6472111754062837,2
0.00015235069955340635,False,514,time1,0.9838852707530257,4,time1,TIME1,0.645004800131435,6
0.0003713903975185957,False,514,time0,0.9633049185261414,9,time0,TIME0,0.6382578347533039,8
0.0005194436465092592,False,514,time0,0.9394529137399292,1,time0,TIME0,0.6311967902230731,5
0.0007252570723049918,False,514,time0,0.9186973827317368,2,time0,TIME0,0.6243242189169937,3
0.00236764211821155,False,514,goleiro_time1,0.8588524293307894,3,goleiro1,GOL-TIME1,0.6036997373177962,9
0.002485928908139124,False,514,goleiro_time1,0.8226375092874048,6,goleiro1,GOL-TIME1,0.5933123136765565,7
7.473043471047524e-05,False,515,time1,0.9897068674332561,4,time1,TIME1,0.6467771719969856,6
0.0001797442406358529,False,515,time0,0.9826639375951695,0,time0,TIME0,0.6444462804905021,2
0.0004794076867757715,False,515,time0,0.9545629668601987,9,time0,TIME0,0.6358334468230618,8
0.0005099685640727639,False,515,time0,0.9482241508971637,1,time0,TIME0,0.633823721809079,5
0.0005548273968764326,False,515,time0,0.9394403646974036,2,time0,TIME0,0.6312106595673121,3
0.0023610992654885176,False,515,goleiro_time1,0.8321302105688582,3,goleiro1,GOL-TIME1,0.597028493826254,9
0.00012780250899510257,False,516,time1,0.984625136927207,4,time1,TIME1,0.6452131412261346,6
0.00021351797376935748,False,516,time0,0.9822781181793543,0,time0,TIME0,0.6442840715715387,2
0.00022072605473761966,False,516,time0,0.9780725773283742,9,time0,TIME0,0.6430428958902896,8
0.0002905868918620812,False,516,time0,0.9646050461007653,2,time0,TIME0,0.6385476153520927,3
0.000513386809922684,False,516,time0,0.9477066960173475,1,time0,TIME0,0.633817693719389,5
0.0033048693449419277,False,516,goleiro_time1,0.8030661180434643,3,goleiro1,GOL-TIME1,0.5872471670798549,9
6.70628627100714e-06,False,517,time0,0.9989907352703545,9,time0,TIME0,0.6495450800803324,8
2.793096179617605e-05,False,517,time1,0.9964413250500525,4,time1,TIME1,0.6488389068986581,6
8.247843496185322e-05,False,517,time0,0.9941828958677053,0,time0,TIME0,0.6480784850966532,2
9.695532354924813e-05,False,517,time0,0.9892697206214632,2,time0,TIME0,0.6465604746013782,3
0.00012228160920033717,False,517,time0,0.9877237268769163,1,time0,TIME0,0.6459371576993923,5
0.0009880331619971183,False,517,goleiro_time1,0.9395386403358653,3,goleiro1,GOL-TIME1,0.6293836059913493,9
9.088912683979446e-05,False,518,time0,0.9839396378652495,9,time0,TIME0,0.6450388508564796,8
0.000269437098112634,False,518,time1,0.9718126188637106,4,time1,TIME1,0.6411333191180091,6
0.00013286704572561915,False,518,time0,0.9637845940962944,0,time0,TIME0,0.638954931700585,2
0.0006177981435486357,False,518,time0,0.9411915007344341,1,time0,TIME0,0.6314547350188202,5
0.001110379252043952,False,518,time0,0.8868185964620346,2,time0,TIME0,0.614343078456243,3
0.00012424472375235094,False,519,time0,0.9779259711368068,0,time0,TIME0,0.6432228148004315,2
0.0002442723950705864,False,519,time1,0.969963951965966,4,time1,TIME1,0.6406507008351171,6
0.0003555333347148828,False,519,time0,0.9636889802142161,9,time0,TIME0,0.6385594998914101,8
0.0007207754251777977,False,519,time0,0.9396912993806281,2,time0,TIME0,0.6300216710950691,3
0.0007201764787783178,False,519,time0,0.9104942854499791,1,time0,TIME0,0.6221367877725824,5
0.0047139539115231745,False,519,goleiro_time1,0.7339511678292207,3,goleiro1,GOL-TIME1,0.5633582228303944,9
2.9476428426334957e-05,False,520,time0,0.9954389768095717,0,time0,TIME0,0.6485398156035673,2
5.8650942157463675e-05,False,520,time1,0.9930527554651006,4,time1,TIME1,0.647735608634626,6
8.741577294934964e-05,False,520,time0,0.9914123610494832,9,time0,TIME0,0.6471613803672666,8
0.00018262573797599003,False,520,time0,0.9847843620086132,2,time0,TIME0,0.6449023585985432,3
0.00015798475790687407,False,520,time0,0.9793000149194422,1,time0,TIME0,0.6432629338811268,5
0.0006417577751608979,False,520,goleiro_time1,0.9531738914239435,3,goleiro1,GOL-TIME1,0.6325897696647536,9
0.0001873810989403682,False,521,time1,0.9855269049558427,4,time1,TIME1,0.6453939791998262,6
8.52998588304264e-05,False,521,time0,0.9845563547109527,0,time0,TIME0,0.6452193854085773,2
0.00043102153351953315,False,521,time0,0.9543426313205859,9,time0,TIME0,0.6356735795448556,8
0.0009052650198173903,False,521,time0,0.9253166161094222,2,time0,TIME0,0.6260304798879901,3
0.0020194571141109877,False,521,time0,0.7844056682757022,1,time0,TIME0,0.5822154887530828,5
0.006797210637821756,False,521,goleiro_time1,0.6074217238633809,3,goleiro1,GOL-TIME1,0.5209752413862465,7
1.2290116404109385e-05,False,522,time0,0.9956360788362156,0,time0,TIME0,0.6486298656351497,2
4.4778869070987745e-05,False,522,time1,0.9950136301175946,4,time1,TIME1,0.6483618128297999,6
0.00013872508750731864,False,522,time0,0.9852764983060511,9,time0,TIME0,0.6452573399591603,8
0.00024288278463282983,False,522,time0,0.9792262527511845,2,time0,TIME0,0.643095448817772,3
0.00039324846593203917,False,522,goleiro_time1,0.9693089229557824,3,goleiro1,GOL-TIME1,0.6356842660387807,7
0.0005051826241703639,False,522,time0,0.9453045105901765,1,time0,TIME0,0.6320996096628075,5
1.0868501765717827e-05,False,523,time0,0.9967423144871722,2,time0,TIME0,0.6488540539610309,3
8.476375715840336e-05,False,523,time1,0.991503089819208,4,time1,TIME1,0.6473403208523867,6
0.00015226453061731313,False,523,time0,0.9821150486174692,0,time0,TIME0,0.644400455428062,2
0.0003514072707923265,False,523,time0,0.9570882296891512,9,time0,TIME0,0.63664945056025,8
0.0010697539850619165,False,523,time0,0.8945286117583686,1,time0,TIME0,0.6169906616174938,5
0.0011442924231055416,False,523,goleiro_time1,0.8860906751136594,3,goleiro1,GOL-TIME1,0.613751040896242,7
0.00030765851304939137,False,524,time0,0.9686803369955366,0,time0,TIME0,0.6400134344646395,2
0.0001893933351128543,False,524,time0,0.9676045030349278,2,time0,TIME0,0.6399730903448246,3
0.00031635645162510115,False,524,time1,0.9637253955154796,4,time1,TIME1,0.6386341156154796,6
0.0003011279629268901,False,524,time0,0.9517785707202672,9,time0,TIME0,0.6351690577675996,8
0.001796268966563512,False,524,time0,0.8338872594065883,1,time0,TIME0,0.5980263068501914,5
0.003061324122344401,False,524,goleiro_time1,0.7890764430655535,3,goleiro1,GOL-TIME1,0.5824658811914869,7
7.462015521395912e-05,False,525,time0,0.9920616579366596,0,time0,TIME0,0.6473909867095652,2
8.03624764521033e-05,False,525,time1,0.991114162303536,4,time1,TIME1,0.6470999624805688,6
5.9147840387999494e-05,False,525,time0,0.9898847208140459,9,time0,TIME0,0.6467465242131982,8
0.00038429572401130246,False,525,time0,0.9617260102839423,1,time0,TIME0,0.6372056984542699,5
0.0008587843237708813,False,525,goleiro_time1,0.9317066864746495,3,goleiro1,GOL-TIME1,0.627228525953621,7
0.0006087860447511083,False,525,time0,0.9166993923772342,2,time0,TIME0,0.6239210572134046,3
4.583975909578225e-06,False,526,time0,0.9975730576477466,2,time0,TIME0,0.6488542356224696,3
4.023237645836367e-05,False,526,time1,0.9958977483815671,4,time1,TIME1,0.6487048887246626,6
5.0785702562104e-05,False,526,time0,0.9947875740599791,0,time0,TIME0,0.6483728980989418,2
4.766034104493823e-05,False,526,time0,0.9812216884432344,9,time0,TIME0,0.644252744643842,8
0.000368610922981216,False,526,time0,0.9584066775044506,1,time0,TIME0,0.6371224430664905,5
0.003943153423768861,False,526,goleiro_time1,0.7291891625106055,3,goleiro1,GOL-TIME1,0.5619018613102924,7
