distancia,excluido,frame,grupo_metrica,iou,logical_id,papel,rotulo,score,score_aparencia,score_papel,tracker_id
0.0,False,1,goleiro_time1,1.0,9,goleiro1,GOL-TIME1,0.65,0.0,0.0,10
0.0,False,1,time0,0.9999999604118394,1,time0,TIME0,0.6499999881235518,0.0,0.0,9
0.0,False,1,time0,0.9999998081379075,3,time0,TIME0,0.6499999424413723,0.0,0.0,2
0.0,False,1,time0,0.9999995357914107,2,time0,TIME0,0.6499998607374232,0.0,0.0,4
0.0,False,1,time1,0.9999990664788422,6,time1,TIME1,0.6499997199436527,0.0,0.0,8
2.7706640152122156e-08,False,1,time0,0.9999991269555105,0,time0,TIME0,0.6499996940079075,0.0,0.0,5
0.0,False,1,time0,0.9999983385847298,4,time0,TIME0,0.649999501575419,0.0,0.0,6
0.0,False,1,time1,0.9999981534685664,7,time1,TIME1,0.6499994460405699,0.0,0.0,7
2.7706640152122156e-08,False,1,time1,0.9999981719451297,5,time1,TIME1,0.6499994075047932,0.0,0.0,1
2.7706640152122156e-08,False,1,time1,0.9999977819085483,8,time1,TIME1,0.6499992904938188,0.0,0.0,3
0.00020955591239005023,False,2,goleiro_time1,0.9721647117143148,9,goleiro1,GOL-TIME1,0.6413160291082194,0.0,0.0,10
0.0005020618526646747,False,2,time0,0.9635105665127404,2,time0,TIME0,0.6382544351882191,0.0,0.0,4
0.0005330996751497741,False,2,time0,0.9612475946817471,3,time0,TIME0,0.6375261652849676,0.0,0.0,2
0.0011793328133878904,False,2,time1,0.9627427238192808,8,time1,TIME1,0.6369466183226978,0.0,0.0,3
0.0006728617086927568,False,2,time1,0.9596532717657026,5,time1,TIME1,0.6368255108284253,0.0,0.0,1
0.0006155869426178233,False,2,time0,0.9507935448158288,4,time0,TIME0,0.634258720581493,0.0,0.0,6
0.0006958541073146206,False,2,time1,0.9463219017510246,7,time1,TIME1,0.6327895299000341,0.0,0.0,7
0.00042661301879956667,False,2,time0,0.9445899991790674,1,time0,TIME0,0.6326982972238119,0.0,0.0,9
0.0013205745546814973,False,2,time0,0.9435265049130162,0,time0,TIME0,0.6309570192566732,0.0,0.0,5
0.0014736929204428122,False,2,time1,0.8957987009195506,6,time1,TIME1,0.6163950988115243,0.0,0.0,8
0.00039395752356566365,False,3,goleiro_time1,0.9543854375733668,9,goleiro1,GOL-TIME1,0.9828232462150709,0.9881399225058384,1.0,10
0.0003776567114567897,False,3,time0,0.9730406201597422,4,time0,TIME0,0.9771988851455472,0.9431721583777524,1.0,6
0.0007484671229548964,False,3,time1,0.9361442312915084,5,time1,TIME1,0.9659762575672434,0.9436790336278003,1.0,1
0.000570247461162795,False,3,time0,0.9575271564627715,2,time0,TIME0,0.9647114922329085,0.9120735002354317,1.0,4
0.0012039844717760518,False,3,time0,0.9358603826069853,3,time0,TIME0,0.9598686436435896,0.9231072347875615,1.0,2
0.0014219097511438115,False,3,time1,0.9294183141927248,7,time1,TIME1,0.9583750551925304,0.9262787243730847,1.0,7
0.0017440713070101261,False,3,time1,0.900090896337112,6,time1,TIME1,0.9549900029009377,0.9477043393667598,1.0,8
0.0005683826202911499,False,3,time0,0.9257727890798109,1,time0,TIME0,0.953394461626332,0.9051361939311997,1.0,9
0.0009005021157946382,False,3,time0,0.9092005383461688,0,time0,TIME0,0.9459492757045074,0.8971771011964496,1.0,5
0.0017144911135467797,False,3,time1,0.8975743828208068,8,time1,TIME1,0.9306948393173368,0.8535495418602987,1.0,3
0.0005695694060825097,False,4,goleiro_time1,0.9515146120303796,9,goleiro1,GOL-TIME1,0.9814807277128392,0.9881399225058384,1.0,10
0.0007749996942305724,False,4,time0,0.9663114039430741,4,time0,TIME0,0.9745155997857468,0.9431721583777524,1.0,6
0.00019135254158104286,False,4,time1,0.9774053778746316,7,time1,TIME1,0.9737594212145738,0.9262787243730847,1.0,7
0.00013405174641643525,False,4,time0,0.9712248104864039,3,time0,TIME0,0.9711619198896134,0.9231072347875615,1.0,2
0.00020126066879192742,False,4,time0,0.9644431398872984,2,time0,TIME0,0.9666626149598752,0.9120735002354317,1.0,4
0.00017030140707800155,False,4,time0,0.9654975031337689,1,time0,TIME0,0.9654581339510774,0.9051361939311997,1.0,9
0.0012133180379482347,False,4,time1,0.9237210491681612,5,time1,TIME1,0.961521504751759,0.9436790336278003,1.0,1
0.001162512285318038,False,4,time0,0.9231719390590415,0,time0,TIME0,0.9499736726158778,0.8971771011964496,1.0,5
0.002254642345073395,False,4,time1,0.8749420838456548,6,time1,TIME1,0.946885899598844,0.9477043393667598,1.0,8
0.0020191746497849445,False,4,time1,0.9186663851640197,8,time1,TIME1,0.9365502490274665,0.8535495418602987,1.0,3
0.0005803938817133472,False,5,goleiro_time1,0.9407184523352264,9,goleiro1,GOL-TIME1,0.9785605344224373,0.9881399225058384,1.0,10
0.00039513421699688986,False,5,time0,0.9752290138889672,4,time0,TIME0,0.9776717736202993,0.9431721583777524,1.0,6
0.0003372699813298137,False,5,time1,0.980678160051238,7,time1,TIME1,0.9753295122610962,0.9262787243730847,1.0,7
0.00017077578859017644,False,5,time0,0.9751636843807696,3,time0,TIME0,0.9731005923997048,0.9231072347875615,1.0,2
0.0006332791475618366,False,5,time1,0.9592370942745226,5,time1,TIME1,0.9726403860826772,0.9436790336278003,1.0,1
0.0003956595338118835,False,5,time0,0.9699978222754543,2,time0,TIME0,0.9682527782539705,0.9120735002354317,1.0,4
0.00032017620193291416,False,5,time0,0.9559905840372991,1,time0,TIME0,0.9626777339707143,0.9051361939311997,1.0,9
0.0018892783447173793,False,5,time0,0.9333760428432704,0,time0,TIME0,0.9520099179001661,0.8971771011964496,1.0,5
0.00237797260934116,False,5,time1,0.8744922317312106,6,time1,TIME1,0.9470277594806098,0.9477043393667598,1.0,8
0.0018888313586868002,False,5,time1,0.9292122269404897,8,time1,TIME1,0.9398889404844489,0.8535495418602987,1.0,3
0.00036012087045168183,False,6,goleiro_time1,0.9601830499688605,9,goleiro1,GOL-TIME1,0.9852387817872007,0.991019273854532,1.0,10
0.00036996974225052227,False,6,time0,0.9765230297767935,4,time0,TIME0,0.9783541085108328,0.9430259763107511,1.0,6
0.0003143733924860541,False,6,time0,0.9822074496996931,2,time0,TIME0,0.9728106282352079,0.9146147156832594,1.0,4
0.0006286721610331046,False,6,time0,0.9653276544612067,3,time0,TIME0,0.9716300960527152,0.9319109262592098,1.0,2
0.0007694545781829396,False,6,time1,0.9694234214946127,7,time1,TIME1,0.9706925195103039,0.923537446880652,1.0,7
0.0007800885165481999,False,6,time1,0.9540309602851067,5,time1,TIME1,0.9696961148229931,0.9374914155995113,1.0,1
0.0009750762153145529,False,6,time0,0.9657223604052144,0,time0,TIME0,0.9671129033697659,0.9156238892160915,1.0,5
0.0003122511829023709,False,6,time0,0.9530643354111623,1,time0,TIME0,0.9620957791623349,0.9061102922710287,1.0,9
0.001548220319122002,False,6,time1,0.9200393247019221,6,time1,TIME1,0.9598984042270199,0.9440066045767976,1.0,8
0.0017300580243788117,False,6,time1,0.9442130766365473,8,time1,TIME1,0.9457239747775997,0.8565998832073571,1.0,3
0.00041390138005282086,False,7,goleiro_time1,0.9461166400341781,9,goleiro1,GOL-TIME1,0.9810967622924154,0.991019273854532,1.0,10
0.0005994426838487151,False,7,time0,0.9735973865465798,4,time0,TIME0,0.9770276401873005,0.9430259763107511,1.0,6
0.00044582865603569436,False,7,time1,0.9716107798883568,5,time1,TIME1,0.9750501077184518,0.9374914155995113,1.0,1
0.0008150215030140605,False,7,time0,0.9715665640275832,0,time0,TIME0,0.9693123387813812,0.9156238892160915,1.0,5
0.0002938551914183216,False,7,time0,0.9571845182031837,2,time0,TIME0,0.9653631373015988,0.9146147156832594,1.0,4
0.0011270739773565903,False,7,time0,0.9399184192295496,3,time0,TIME0,0.9634186249200624,0.9319109262592098,1.0,2
0.0003653455743580241,False,7,time0,0.9515699207011807,1,time0,TIME0,0.9614832069335145,0.9061102922710287,1.0,9
0.0006843312836541675,False,7,time1,0.9368366872461403,7,time1,TIME1,0.9610546322472632,0.923537446880652,1.0,7
0.001848319055789369,False,7,time1,0.9387176473827011,8,time1,TIME1,0.9434961526819766,0.8565998832073571,1.0,3
0.0026640047064491073,False,7,time1,0.864458229959654,6,time1,TIME1,0.942101003822888,0.9440066045767976,1.0,8
0.00033375126508776,False,8,goleiro_time1,0.9528227873357421,9,goleiro1,GOL-TIME1,0.9831398659787838,0.991019273854532,1.0,10
0.00040535480151292745,False,8,time0,0.9722443071104062,4,time0,TIME0,0.9769234547628068,0.9430259763107511,1.0,6
0.0004937851432936069,False,8,time0,0.9807990053610645,0,time0,TIME0,0.9724503615234651,0.9156238892160915,1.0,5
0.0003563293357988333,False,8,time1,0.9508765633088994,5,time1,TIME1,0.9690944412257105,0.9374914155995113,1.0,1
0.0003780457137668162,False,8,time0,0.9757675680550811,1,time0,TIME0,0.9688170634588399,0.9061102922710287,1.0,9
0.0006387923901503881,False,8,time1,0.938821418120911,7,time1,TIME1,0.961735579809676,0.923537446880652,1.0,7
0.0008737563873791981,False,8,time0,0.9318717897643723,2,time0,TIME0,0.9566536395775879,0.9146147156832594,1.0,4
0.0020684671436549578,False,8,time0,0.9035374547370346,3,time0,TIME0,0.951477293504415,0.9319109262592098,1.0,2
0.0013238899355712628,False,8,time1,0.9566607624341914,8,time1,TIME1,0.9494807805735126,0.8565998832073571,1.0,3
0.0030868833625984048,False,8,time1,0.8438213426087242,6,time1,TIME1,0.936017327966958,0.9440066045767976,1.0,8
0.000340491581736408,False,9,goleiro_time1,0.9520906473111087,9,goleiro1,GOL-TIME1,0.9823351096741102,0.9884564827710749,1.0,10
0.000378119336586986,False,9,time0,0.995114062735564,0,time0,TIME0,0.9780131771420539,0.9201242844848205,1.0,5
0.0004971480367420706,False,9,time0,0.9638246476103408,4,time0,TIME0,0.9753370769527725,0.9469769665108932,1.0,6
0.0002806411263034266,False,9,time0,0.9654508574263221,2,time0,TIME0,0.970637965890746,0.926812734066169,1.0,4
0.0002053205032921865,False,9,time0,0.9810433396431549,1,time0,TIME0,0.9706294254988788,0.9065058625032317,1.0,9
0.00035546845477371603,False,9,time1,0.9644200741917393,7,time1,TIME1,0.9686930749331003,0.9201223247580865,1.0,7
0.0008352937264786456,False,9,time1,0.9224287215588445,5,time1,TIME1,0.9595167168631736,0.9356734849324144,1.0,1
0.0010376846719623645,False,9,time1,0.9635468479350212,8,time1,TIME1,0.9524776070438926,0.8593530861076797,1.0,3
0.0033163103609593144,False,9,time0,0.8610614989633064,3,time0,TIME0,0.9366239030548874,0.9286976182509818,1.0,2
0.0035996111894310155,False,9,time1,0.807950805612871,6,time1,TIME1,0.9253330322812818,0.9467698107771851,1.0,8
0.0006680350171659436,False,10,time0,0.9636357625306918,4,time0,TIME0,0.9750756969001099,0.9469769665108932,1.0,6
0.0007256378255311156,False,10,time0,0.9749125079677048,0,time0,TIME0,0.971499908334428,0.9201242844848205,1.0,5
8.648323329244979e-05,False,10,time1,0.96701603911483,7,time1,TIME1,0.9698624137376727,0.9201223247580865,1.0,7
0.00042563852431546625,False,10,time1,0.937200274820755,5,time1,TIME1,0.9642978701451851,0.9356734849324144,1.0,1
0.0003080797101235301,False,10,time0,0.9527000396934042,1,time0,TIME0,0.962031392670973,0.9065058625032317,1.0,9
0.0009158978623633867,False,10,goleiro_time1,0.8790934163067718,9,goleiro1,GOL-TIME1,0.9595870882978016,0.9884564827710749,1.0,10
0.0016132209627513852,False,10,time1,0.9509839269430025,8,time1,TIME1,0.948253174326774,0.8593530861076797,1.0,3
0.0026286928100333535,False,10,time0,0.895190568393435,3,time0,TIME0,0.9478503818397087,0.9286976182509818,1.0,2
0.0025385038000919247,False,10,time0,0.8303102137917121,2,time0,TIME0,0.9266465418551896,0.926812734066169,1.0,4
0.004303248589818058,False,10,time1,0.7561725491245833,6,time1,TIME1,0.9091375509197372,0.9467698107771851,1.0,8
0.00016162508894872397,False,11,time0,0.9830287497631899,1,time0,TIME0,0.9711364290837287,0.9065058625032317,1.0,9
0.0008115048160669397,False,11,time0,0.9493945408022104,4,time0,TIME0,0.970703268710954,0.9469769665108932,1.0,6
0.0003943047494573357,False,11,time1,0.9570714003541598,5,time1,TIME1,0.9702556715558562,0.9356734849324144,1.0,1
0.0009001376003101369,False,11,time0,0.9702485807746423,0,time0,TIME0,0.9701300876788364,0.9201242844848205,1.0,5
0.0006396575732807633,False,11,time1,0.963529875686633,7,time1,TIME1,0.9680989037382849,0.9201223247580865,1.0,7
0.0007807736065175863,False,11,time0,0.9484706393946322,2,time0,TIME0,0.9641799817659488,0.926812734066169,1.0,4
0.001784066491444093,False,11,time0,0.9300048834099238,3,time0,TIME0,0.9589778889948509,0.9286976182509818,1.0,2
0.0017406367659218939,False,11,goleiro_time1,0.8582987587167497,9,goleiro1,GOL-TIME1,0.9524242762272755,0.9884564827710749,1.0,10
0.0020841748604980754,False,11,time1,0.9354147546634971,8,time1,TIME1,0.943227432250679,0.8593530861076797,1.0,3
0.00429249581594152,False,11,time1,0.7346888463902079,6,time1,TIME1,0.9031254594338347,0.9467698107771851,1.0,8
0.0006996129026758831,False,12,time0,0.9525917335437182,2,time0,TIME0,0.9712656178366127,0.9477803301486187,1.0,4
0.0005497416793800526,False,12,time1,0.9692441231616323,7,time1,TIME1,0.9702753262476262,0.9206706087741949,1.0,7
0.0005532291444801378,False,12,goleiro_time1,0.9229945577741695,9,goleiro1,GOL-TIME1,0.970227068202274,0.9792585921045394,1.0,10
0.0010912508068467797,False,12,time0,0.9374737536310339,4,time0,TIME0,0.9671226335804098,0.9486192967808815,1.0,6
0.0009541454721155711,False,12,time1,0.9440696102484497,5,time1,TIME1,0.9668449171365245,0.9400618929553843,1.0,1
0.001643451829342054,False,12,time0,0.9454463713837009,0,time0,TIME0,0.9619868183129837,0.921422982224738,1.0,5
0.0015962493469094533,False,12,time0,0.9381488067567549,3,time0,TIME0,0.9609994035463384,0.9245825540924579,1.0,2
0.0005779747456950651,False,12,time0,0.9099217868361326,1,time0,TIME0,0.9493358683423555,0.9094356621568535,1.0,9
0.0018091806126188561,False,12,time1,0.9422168294964045,8,time1,TIME1,0.9460166845377911,0.8607741675493584,1.0,3
0.004678156228957723,False,12,time1,0.6870282878909215,6,time1,TIME1,0.888223813573661,0.9465553708143644,1.0,8
0.0007528509411555281,False,13,goleiro_time1,0.9324958133976055,9,goleiro1,GOL-TIME1,0.9734036055557876,0.9792585921045394,1.0,10
0.0008421878636832162,False,13,time0,0.9571351763656238,4,time0,TIME0,0.9733288348988031,0.9486192967808815,1.0,6
0.00021612518653311074,False,13,time1,0.974814353173657,7,time1,TIME1,0.9721661596646108,0.9206706087741949,1.0,7
0.0013017194284545364,False,13,time1,0.9424210267270515,5,time1,TIME1,0.96632085809121,0.9400618929553843,1.0,1
0.0017041598918709942,False,13,time0,0.9447293557185469,0,time0,TIME0,0.9620885443781629,0.921422982224738,1.0,5
0.0018429848781857069,False,13,time0,0.9301862631654922,3,time0,TIME0,0.958356673679246,0.9245825540924579,1.0,2
0.0005201481196274141,False,13,time0,0.924755034265091,1,time0,TIME0,0.9542231832090711,0.9094356621568535,1.0,9
0.0013411538781126122,False,13,time1,0.9514811965366506,8,time1,TIME1,0.948708238024163,0.8607741675493584,1.0,3
0.00181432982675369,False,13,time1,0.8673886428363287,6,time1,TIME1,0.9430413364210567,0.9465553708143644,1.0,8
0.002650278880209371,False,13,time0,0.8398524680852015,2,time0,TIME0,0.9350892996317889,0.9477803301486187,1.0,4
0.0005415716838651956,False,14,time0,0.9778740308971992,4,time0,TIME0,0.9797716464581592,0.9486192967808815,1.0,6
0.000962254426438843,False,14,goleiro_time1,0.9434691640731865,9,goleiro1,GOL-TIME1,0.9766347674292822,0.9792585921045394,1.0,10
0.00014664818885415016,False,14,time1,0.9766250615379869,7,time1,TIME1,0.9728094521542958,0.9206706087741949,1.0,7
0.0008211340099249647,False,14,time1,0.9571007163294558,5,time1,TIME1,0.9710572185865409,0.9400618929553843,1.0,1
0.0010342031594607495,False,14,time0,0.968409631836477,0,time0,TIME0,0.9694572825610163,0.921422982224738,1.0,5
0.0016212615163067815,False,14,time0,0.9360613661582335,3,time0,TIME0,0.9602939433265382,0.9245825540924579,1.0,2
0.00038256557589975727,False,14,time0,0.9406873302400165,1,time0,TIME0,0.9586290345326148,0.9094356621568535,1.0,9
0.001373842843184277,False,14,time1,0.8987227486969717,6,time1,TIME1,0.9543698829120505,0.9465553708143644,1.0,8
0.0013251519946760044,False,14,time1,0.961099586871843,8,time1,TIME1,0.9516732026854812,0.8607741675493584,1.0,3
0.005266958697155518,False,14,time0,0.6744072850297195,2,time0,TIME0,0.8826069620936762,0.9477803301486187,1.0,4
0.00012693828301550407,False,15,goleiro_time1,0.9775508696789204,9,goleiro1,GOL-TIME1,0.98588976839307,0.973837549716428,1.0,10
0.0005503563122293648,False,15,time0,0.9667824786878045,4,time0,TIME0,0.9768037690731087,0.9520174843223841,1.0,6
0.0008830165201320718,False,15,time1,0.9545638216577359,5,time1,TIME1,0.969669763536021,0.9409462641129367,1.0,1
0.0014394220793849622,False,15,time0,0.9482910348798737,0,time0,TIME0,0.9649781702608192,0.9293515707322333,1.0,5
0.0011953958462451461,False,15,time0,0.9383244172023277,1,time0,TIME0,0.957159387050553,0.9106081366166303,1.0,9
0.0012808273230310793,False,15,time1,0.9520536642140285,8,time1,TIME1,0.9515269062489271,0.8687008615799208,1.0,3
0.002391171576501753,False,15,time1,0.8699386391978764,7,time1,TIME1,0.9391706150680718,0.927797380570065,1.0,7
0.003369703437571842,False,15,time1,0.7794150245100618,6,time1,TIME1,0.9149991396532816,0.9432523888112041,1.0,8
0.004276608655311792,False,15,time0,0.7128119023617591,2,time0,TIME0,0.8991979321285609,0.9618496959486786,1.0,4
0.0016861479782746005,False,15,time0,0.8582516730770411,3,time0,TIME0,0.8346567385166512,0.9238747083540625,0.0,2
0.003355225202885475,False,16,goleiro_time1,0.8614121843850089,9,goleiro1,GOL-TIME1,0.9464724731326134,0.973837549716428,1.0,10
0.0034763798465269192,False,16,time1,0.8810721385737935,5,time1,TIME1,0.9434259821412927,0.9409462641129367,1.0,1
0.003907242777118804,False,16,time0,0.871198243240732,4,time0,TIME0,0.942864672973208,0.9520174843223841,1.0,6
0.005660920279311048,False,16,time0,0.8951459204581432,0,time0,TIME0,0.9422938321810758,0.9293515707322333,1.0,5
0.0033308502862116453,False,16,time1,0.9191228176453451,8,time1,TIME1,0.9384835961792096,0.8687008615799208,1.0,3
0.0024172666859044022,False,16,time0,0.8782023769844639,1,time0,TIME0,0.9364693329335134,0.9106081366166303,1.0,9
0.0036196515321279214,False,16,time1,0.8450985780077219,7,time1,TIME1,0.9291262232033662,0.927797380570065,1.0,7
0.004156810338289045,False,16,time1,0.7724482868771732,6,time1,TIME1,0.910699633502788,0.9432523888112041,1.0,8
0.006761708988801132,False,16,time0,0.6205586698618846,2,time0,TIME0,0.8664811465131599,0.9618496959486786,1.0,4
0.004092705398385829,False,16,time0,0.735082901415151,3,time0,TIME0,0.7949780998646546,0.9238747083540625,0.0,2
0.0005646599193224293,False,17,time1,0.9645302812760246,7,time1,TIME1,0.967985747896522,0.927797380570065,1.0,7
0.0013628986120951256,False,17,time0,0.9526704083647453,0,time0,TIME0,0.9632698631412454,0.9293515707322333,1.0,5
8.760720564131622e-05,False,17,time1,0.9828081746074175,8,time1,TIME1,0.9596115058162518,0.8687008615799208,1.0,3
0.0016714835895997112,False,17,time1,0.915718385120883,6,time1,TIME1,0.9555176606419943,0.9432523888112041,1.0,8
0.0019143597807150879,False,17,time0,0.8973912076272469,4,time0,TIME0,0.951859301977847,0.9520174843223841,1.0,6
0.002254230858175511,False,17,time0,0.8552590323938697,2,time0,TIME0,0.9390629888030796,0.9618496959486786,1.0,4
0.00222589605654119,False,17,time1,0.8390875935163351,5,time1,TIME1,0.9317687527672887,0.9409462641129367,1.0,1
0.002387835956777189,False,17,goleiro_time1,0.790814073020999,9,goleiro1,GOL-TIME1,0.9251452223384473,0.973837549716428,1.0,10
0.0032248366720389566,False,17,time0,0.6859286586733876,1,time0,TIME0,0.8767799270991368,0.9106081366166303,1.0,9
0.0016747367387781975,False,17,time0,0.9119928674724797,3,time0,TIME0,0.8497404596590141,0.9238747083540625,0.0,2
0.0007768148038477257,False,18,time1,0.95502866287181,5,time1,TIME1,0.9695593203278332,0.9427528347386378,1.0,1
0.0012526883077718957,False,18,goleiro_time1,0.9316089702924405,9,goleiro1,GOL-TIME1,0.967837588426241,0.9670214010266549,1.0,10
0.0017736724969117127,False,18,time0,0.9433181304851157,4,time0,TIME0,0.9678148833125723,0.95423002041113,1.0,6
0.0013765229194736795,False,18,time1,0.9636249368685379,8,time1,TIME1,0.9551410719894969,0.8732065298683296,1.0,3
0.003528337589304691,False,18,time0,0.9161503772712648,0,time0,TIME0,0.9516616397737481,0.9297698917017319,1.0,5
0.001487742026894011,False,18,time0,0.8982308649075184,1,time0,TIME0,0.9424464852664242,0.9092242608199574,1.0,9
0.0022440320006438894,False,18,time1,0.8830387701705633,7,time1,TIME1,0.9422033490753882,0.9249195126595031,1.0,7
0.00445476278440619,False,18,time1,0.7562744704286541,6,time1,TIME1,0.9054763506317667,0.942236945116417,1.0,8
0.0035526163985704928,False,18,time0,0.702469513049473,2,time0,TIME0,0.8960363206488572,0.9673389640426475,1.0,4
0.0016378798724867739,False,18,time0,0.8509332746794414,3,time0,TIME0,0.8326914091855316,0.923521901513733,0.0,2
0.000419855926646139,False,19,time1,0.9671555170899752,5,time1,TIME1,0.974845930795713,0.9427528347386378,1.0,1
0.0013151132079286993,False,19,time1,0.9596593995343544,7,time1,TIME1,0.9670665840673832,0.9249195126595031,1.0,7
0.0019748767107186037,False,19,time0,0.957205188151034,0,time0,TIME0,0.9666716836554029,0.9297698917017319,1.0,5
0.0012870487624939877,False,19,time0,0.9323484857350123,4,time0,TIME0,0.9662663862268124,0.95423002041113,1.0,6
0.0009579985349907887,False,19,goleiro_time1,0.9132883335432027,9,goleiro1,GOL-TIME1,0.9641463038466873,0.9670214010266549,1.0,10
0.000595297889533927,False,19,time1,0.9736695470938305,8,time1,TIME1,0.9592100233420086,0.8732065298683296,1.0,3
0.0024485717259462815,False,19,time0,0.8317274205706432,1,time0,TIME0,0.9219642698238787,0.9092242608199574,1.0,9
0.006640697640439224,False,19,time1,0.6835359949331843,6,time1,TIME1,0.8830912698777202,0.942236945116417,1.0,8
0.0016544513654824465,False,19,time0,0.9027034022161647,3,time0,TIME0,0.8497674968336838,0.923521901513733,0.0,2
0.0007147755779572581,False,20,time0,0.9667580805273611,0,time0,TIME0,0.9709604246926326,0.9297698917017319,1.0,5
0.0010354859985456054,False,20,time0,0.9443892722540984,4,time0,TIME0,0.9703952665781086,0.95423002041113,1.0,6
0.0004075383228608535,False,20,time1,0.9863185611780885,8,time1,TIME1,0.963370810663675,0.8732065298683296,1.0,3
0.0007716647779949184,False,20,time1,0.9449643091604427,7,time1,TIME1,0.9629897658001308,0.9249195126595031,1.0,7
0.0013355262915189015,False,20,goleiro_time1,0.8829824980976438,9,goleiro1,GOL-TIME1,0.9548219287148967,0.9670214010266549,1.0,10
0.0014800218313653734,False,20,time1,0.890793933091504,5,time1,TIME1,0.9506701614885443,0.9427528347386378,1.0,1
0.005014778919318436,False,20,time1,0.7650981794432753,6,time1,TIME1,0.9093676026843457,0.942236945116417,1.0,8
0.0012706060620833973,False,20,time0,0.7687763212189576,1,time0,TIME0,0.9056970825953824,0.9092242608199574,1.0,9
0.002023382162841796,False,20,time0,0.8708467966504562,3,time0,TIME0,0.8391626781114806,0.923521901513733,0.0,2
0.0008444158130615424,False,21,goleiro_time1,0.9550479864542913,9,goleiro1,GOL-TIME1,0.9746104202486806,0.9594573904498358,1.0,10
0.0008125631880749382,False,21,time1,0.9517028371057031,7,time1,TIME1,0.9649426454673257,0.9245115925132055,1.0,7
0.0010465196268408725,False,21,time1,0.9727481336842349,8,time1,TIME1,0.959616538116078,0.8778883382111828,1.0,3
0.0009230224733578166,False,21,time0,0.8949286417352001,4,time0,TIME0,0.9557348876653015,0.9567066833320366,1.0,6
0.0010277506509481348,False,21,time0,0.9133756840744551,3,time0,TIME0,0.9550666724726159,0.9314849623511261,1.0,2
0.0013577525366031214,False,21,time1,0.9023273232068777,5,time1,TIME1,0.9532239490509696,0.9414207843816217,1.0,1
0.0006921830857235275,False,21,time0,0.908939755062342,1,time0,TIME0,0.9480436063278849,0.9092242608199574,1.0,9
0.0036641412530940653,False,21,time0,0.8841004483871864,0,time0,TIME0,0.9419476953281214,0.9294362876438346,1.0,5
0.004312611269608213,False,21,time1,0.7749219401332199,6,time1,TIME1,0.9140656357804896,0.9440182491853593,1.0,8
0.0005585056901077023,False,22,time0,0.9430149723135856,4,time0,TIME0,0.9709549506852265,0.9567066833320366,1.0,6
0.0005143071594358134,False,22,time1,0.9670086336417051,7,time1,TIME1,0.9703729092398131,0.9245115925132055,1.0,7
0.0008908485703974171,False,22,goleiro_time1,0.9357149681405593,9,goleiro1,GOL-TIME1,0.9696074851097133,0.9594573904498358,1.0,10
0.0015474201816585462,False,22,time1,0.9290908303899061,5,time1,TIME1,0.9620751420068235,0.9414207843816217,1.0,1
0.0012041193251886672,False,22,time0,0.9143935985282066,3,time0,TIME0,0.954746456676899,0.9314849623511261,1.0,2
0.0029838694251384363,False,22,time0,0.8991568454757742,0,time0,TIME0,0.9487291486262093,0.9294362876438346,1.0,5
0.0020090532842624988,False,22,time1,0.9323934033330961,8,time1,TIME1,0.946404581096809,0.8778883382111828,1.0,3
0.0022103392110120255,False,22,time1,0.8780906904705497,6,time1,TIME1,0.9459883223272556,0.9440182491853593,1.0,8
0.0008755597541430057,False,22,time0,0.8683723548169866,1,time0,TIME0,0.9368750120395958,0.9092242608199574,1.0,9
0.0005523627708300686,False,23,time0,0.9567306324859391,4,time0,TIME0,0.9752433698503379,0.9567066833320366,1.0,6
0.0007823118661913445,False,23,goleiro_time1,0.953038455998487,9,goleiro1,GOL-TIME1,0.97471032448147,0.9594573904498358,1.0,10
0.000856213051511471,False,23,time1,0.9453943525314662,7,time1,TIME1,0.9636072128623618,0.9245115925132055,1.0,7
0.0013137404304924122,False,23,time1,0.9090806016309796,5,time1,TIME1,0.9562479309957501,0.9414207843816217,1.0,1
0.0013335714581812937,False,23,time0,0.9038709533377668,3,time0,TIME0,0.9527115334849708,0.9314849623511261,1.0,2
0.002476488330480806,False,23,time1,0.921861098850653,8,time1,TIME1,0.9434537603691077,0.8778883382111828,1.0,3
0.002386984843425016,False,23,time0,0.8793772847436582,0,time0,TIME0,0.9430113218262725,0.9294362876438346,1.0,5
0.000837090653613199,False,23,time0,0.8733273033132126,1,time0,TIME0,0.9384946869031779,0.9092242608199574,1.0,9
0.005361437041325497,False,23,time1,0.6850582337601905,6,time1,TIME1,0.8816207601471986,0.9440182491853593,1.0,8
0.0008408249892062022,False,24,time0,0.9527553639915086,4,time0,TIME0,0.9741829126829493,0.957905936067356,1.0,6
0.0007641503259152231,False,24,goleiro_time1,0.943976434939652,9,goleiro1,GOL-TIME1,0.9713605982008507,0.9558708893888261,1.0,10
0.0005792563942602269,False,24,time1,0.9500518992923478,7,time1,TIME1,0.9649503718504365,0.9231341189063478,1.0,7
0.000983409420256556,False,24,time1,0.9312739654351871,5,time1,TIME1,0.9633492721455502,0.9420984365062577,1.0,1
0.001810469187844056,False,24,time1,0.910134515011412,6,time1,TIME1,0.9537755607508104,0.9442256444879449,1.0,8
0.0014552249295745395,False,24,time0,0.9060148285358935,3,time0,TIME0,0.9537091422411829,0.9332568973285709,1.0,2
0.002452994831296816,False,24,time1,0.9207083503880354,8,time1,TIME1,0.9442292770832043,0.8812607723659645,1.0,3
0.0017845888049025857,False,24,time0,0.8698559037118074,1,time0,TIME0,0.9359948530071769,0.9095183255693785,1.0,9
0.002111387543206236,False,24,time0,0.8477716334193919,0,time0,TIME0,0.9357876575950964,0.9352901247791456,1.0,5
0.0010887811278560327,False,25,time0,0.928770335551613,4,time0,TIME0,0.9663804430327146,0.957905936067356,1.0,6
0.0009865184083230009,False,25,goleiro_time1,0.9091808967267307,9,goleiro1,GOL-TIME1,0.9605133676423614,0.9558708893888261,1.0,10
0.001156610879194699,False,25,time1,0.9176201339667023,5,time1,TIME1,0.959639128075407,0.9420984365062577,1.0,1
0.0010996374769459514,False,25,time1,0.9340230969287441,7,time1,TIME1,0.9596302189310607,0.9231341189063478,1.0,7
0.0018164412675455953,False,25,time0,0.8879641308613501,3,time0,TIME0,0.9477041432131027,0.9332568973285709,1.0,2
0.0038784200788680545,False,25,time0,0.8912731965996962,0,time0,TIME0,0.9464405751449086,0.9352901247791456,1.0,5
0.003117776049909895,False,25,time1,0.9030623967159878,8,time1,TIME1,0.937493551893292,0.8812607723659645,1.0,3
0.003175888130131457,False,25,time1,0.7859943785608035,6,time1,TIME1,0.9173744914650536,0.9442256444879449,1.0,8
0.005092320713862925,False,25,time0,0.7591855610584546,1,time0,TIME0,0.8982419833065128,0.9095183255693785,1.0,9
0.0015947538377156171,False,26,time0,0.9000330026335176,3,time0,TIME0,0.9515912004616821,0.9332568973285709,1.0,2
0.0017321110214766461,False,26,time1,0.9447764769453261,8,time1,TIME1,0.9512272289743223,0.8812607723659645,1.0,3
0.004810627303436299,False,26,time0,0.8909277185014922,0,time0,TIME0,0.9459135928742416,0.9352901247791456,1.0,5
0.0021448827065688896,False,26,time1,0.8645578020857281,5,time1,TIME1,0.9422459440949301,0.9420984365062577,1.0,1
0.0017899871623406627,False,26,goleiro_time1,0.8293015387714556,9,goleiro1,GOL-TIME1,0.935339343893056,0.9558708893888261,1.0,10
0.0027075175518917628,False,26,time0,0.8241664954275996,4,time0,TIME0,0.9330591958243621,0.957905936067356,1.0,6
0.0036701215582044,False,26,time1,0.7965040864755847,7,time1,TIME1,0.9146428048921761,0.9231341189063478,1.0,7
0.005386678223420333,False,26,time1,0.7014156641622656,6,time1,TIME1,0.8897436282903753,0.9442256444879449,1.0,8
0.0029078969520088126,False,26,time0,0.6690784672081247,1,time0,TIME0,0.8730800155307051,0.9095183255693785,1.0,9
0.001166637003141622,False,27,time0,0.942684622083416,4,time0,TIME0,0.9700289474631766,0.959494594303987,1.0,6
0.001103788169744678,False,27,time1,0.9534294541913299,5,time1,TIME1,0.9697314967164631,0.9443437910591104,1.0,1
0.0021145619016267893,False,27,time0,0.9498434492059584,0,time0,TIME0,0.9662865691962584,0.9405830422623083,1.0,5
0.0005778837250530028,False,27,time0,0.9449984031230808,3,time0,TIME0,0.965945223105834,0.9347851837178507,1.0,2
0.001156508602730075,False,27,goleiro_time1,0.9341008132102646,9,goleiro1,GOL-TIME1,0.9653731096755364,0.9502510979449987,1.0,10
0.0010623382784736618,False,27,time1,0.9388662222048579,7,time1,TIME1,0.9588077271297532,0.9204452420121654,1.0,7
0.0030865036950450705,False,27,time1,0.9046040743081091,8,time1,TIME1,0.9384424825679472,0.8832129794366473,1.0,3
0.002636824059543623,False,27,time1,0.8413638956213981,6,time1,TIME1,0.9341063917025664,0.9441967387231494,1.0,8
0.0017939354667914032,False,27,time0,0.8635304877291264,1,time0,TIME0,0.9340895280479592,0.9120474595618384,1.0,9
0.024545806035292727,False,27,time0,0.0,2,time0,TIME0,0.6562066765659459,0.9714844290161018,1.0,4
0.001531064930330936,False,28,time0,0.9665232127641835,0,time0,TIME0,0.9731675085588106,0.9405830422623083,1.0,5
0.0009168335026138362,False,28,time0,0.9447221246782183,3,time0,TIME0,0.9656640499205021,0.9347851837178507,1.0,2
0.0013090190458439897,False,28,time1,0.929435120838167,5,time1,TIME1,0.9634765354725537,0.9443437910591104,1.0,1
0.0015959805059167272,False,28,time0,0.8862458451509683,4,time0,TIME0,0.9536199145259646,0.959494594303987,1.0,6
0.0013221424691185434,False,28,goleiro_time1,0.885178511533344,9,goleiro1,GOL-TIME1,0.9513484240215079,0.9502510979449987,1.0,10
0.002074414763588238,False,28,time1,0.9372357539787362,8,time1,TIME1,0.9493980766006601,0.8832129794366473,1.0,3
0.0014816670213534688,False,28,time0,0.8873453102812308,1,time0,TIME0,0.9423983660685923,0.9120474595618384,1.0,9
0.0019781134090794995,False,28,time1,0.8824693812983885,7,time1,TIME1,0.9423487207910449,0.9204452420121654,1.0,7
0.002517847850484139,False,28,time1,0.8445514901515652,6,time1,TIME1,0.9370149288142949,0.9441967387231494,1.0,8
0.003987885983695322,False,28,time0,0.6802448161940237,2,time0,TIME0,0.8792774661498629,0.9714844290161018,1.0,4
0.0013820995301786726,False,29,time0,0.9533920416689194,0,time0,TIME0,0.9685328467476616,0.9405830422623083,1.0,5
0.000999208265970799,False,29,time0,0.9422167044755323,3,time0,TIME0,0.9653394847813989,0.9347851837178507,1.0,2
0.001468890147538943,False,29,time1,0.9215958153502298,5,time1,TIME1,0.9611184617655205,0.9443437910591104,1.0,1
0.001673021091670028,False,29,time0,0.881624361177017,4,time0,TIME0,0.9527611736573073,0.959494594303987,1.0,6
0.0018561442335092077,False,29,time1,0.943075553024733,8,time1,TIME1,0.9517294337326574,0.8832129794366473,1.0,3
0.002024417049143103,False,29,goleiro_time1,0.8501847459377917,9,goleiro1,GOL-TIME1,0.940230165117457,0.9502510979449987,1.0,10
0.0022141259294715665,False,29,time1,0.8726143646026155,7,time1,TIME1,0.9397183139588109,0.9204452420121654,1.0,7
0.001318955989042923,False,29,time0,0.8761554163124854,1,time0,TIME0,0.939304077943577,0.9120474595618384,1.0,9
0.003911496179298407,False,29,time1,0.7534973393383361,6,time1,TIME1,0.9075705477690069,0.9441967387231494,1.0,8
0.0037280059244772117,False,29,time0,0.690133999974514,2,time0,TIME0,0.8963441391772436,0.9714844290161018,1.0,4
0.0013036667939867908,False,30,time1,0.957105741080108,5,time1,TIME1,0.9715785659842525,0.9441077431418818,1.0,1
0.0010783131046444958,False,30,goleiro_time1,0.9333790602280901,9,goleiro1,GOL-TIME1,0.9650339854977742,0.9470896676177264,1.0,10
0.0012052674190899707,False,30,time0,0.9224865689413144,3,time0,TIME0,0.9594440919315699,0.9384226540164171,1.0,2
0.001133602137984308,False,30,time1,0.9342539987333741,7,time1,TIME1,0.9581940511110992,0.9187589893365422,1.0,7
0.0011042408919156013,False,30,time0,0.9204805321408309,1,time0,TIME0,0.9530589748132898,0.9139529637085985,1.0,9
0.001086647500106193,False,30,time0,0.8394226048966532,2,time0,TIME0,0.9422813914497662,0.9732509432819005,1.0,4
0.0021865195094318696,False,30,time0,0.8390319610773233,4,time0,TIME0,0.9398484306449731,0.9621124083046155,1.0,6
0.00234135547042449,False,30,time1,0.8296959268918714,6,time1,TIME1,0.9320905471563284,0.9461007457870177,1.0,8
0.00518455611892934,False,30,time1,0.862355202565987,8,time1,TIME1,0.9237223870934806,0.8881597810222825,1.0,3
0.0031552849963064613,False,30,time0,0.9362785599130017,0,time0,TIME0,0.8618538088141341,0.9419983440147324,0.0,5
0.0013961184407212679,False,31,time1,0.9417727029194363,5,time1,TIME1,0.9671308000996371,0.9441077431418818,1.0,1
0.0009036791258272377,False,31,goleiro_time1,0.9335044040726999,9,goleiro1,GOL-TIME1,0.9657590362738449,0.9470896676177264,1.0,10
0.0009456757903250062,False,31,time0,0.9361884991497436,3,time0,TIME0,0.9641536738079777,0.9384226540164171,1.0,2
0.0010495357543711824,False,31,time0,0.9351905979012236,1,time0,TIME0,0.9579014843661864,0.9139529637085985,1.0,9
0.0011904491286873614,False,31,time1,0.9305339188346227,7,time1,TIME1,0.9577214903530072,0.9187589893365422,1.0,7
0.001377981306098874,False,31,time0,0.8913387064842343,4,time0,TIME0,0.9560899702642324,0.9621124083046155,1.0,6
0.005652376244154137,False,31,time1,0.863548235132001,8,time1,TIME1,0.9252969730129247,0.8881597810222825,1.0,3
0.0006840454506985357,False,31,time0,0.7497686695761933,2,time0,TIME0,0.9164761597358256,0.9732509432819005,1.0,4
0.003086855655958253,False,31,time1,0.7533247768715664,6,time1,TIME1,0.9090688282330874,0.9461007457870177,1.0,8
0.00550035856796449,False,31,time0,0.8846221050653084,0,time0,TIME0,0.8441476884251897,0.9419983440147324,0.0,5
0.001074704422993745,False,32,time0,0.9567386569971007,3,time0,TIME0,0.9705595733597465,0.9384226540164171,1.0,2
0.0010818903998669493,False,32,goleiro_time1,0.9115379549379184,9,goleiro1,GOL-TIME1,0.9591011745720802,0.9470896676177264,1.0,10
0.0015177716956563875,False,32,time1,0.9120375765522267,5,time1,TIME1,0.9578675907366611,0.9441077431418818,1.0,1
0.0013370913920003073,False,32,time0,0.9138104967539404,1,time0,TIME0,0.9512110650298758,0.9139529637085985,1.0,9
0.001685622526173278,False,32,time1,0.9113379149652601,7,time1,TIME1,0.9511422255143492,0.9187589893365422,1.0,7
0.0017236726178853155,False,32,time0,0.8627234808054035,4,time0,TIME0,0.9475402439803421,0.9621124083046155,1.0,6
0.0028133679566373047,False,32,time0,0.8342399818093398,2,time0,TIME0,0.9387744177309222,0.9732509432819005,1.0,4
0.004881303046218092,False,32,time1,0.8858559661741565,8,time1,TIME1,0.9325413972603366,0.8881597810222825,1.0,3
0.0061417685862348755,False,32,time1,0.5527224898960726,6,time1,TIME1,0.8446756119531857,0.9461007457870177,1.0,8
0.00850165611913299,False,32,time0,0.8470409163067086,0,time0,TIME0,0.828012576058698,0.9419983440147324,0.0,5
0.001167570695268936,False,33,time0,0.9487583122459221,3,time0,TIME0,0.9686158396780645,0.940617054570675,1.0,2
0.0009891428548739728,False,33,time1,0.947347856033283,7,time1,TIME1,0.9622055395726126,0.9178528363280769,1.0,7
0.0013223754862913852,False,33,time0,0.9453320170670413,1,time0,TIME0,0.9608888346928658,0.9152493995291784,1.0,9
0.001273541558961702,False,33,goleiro_time1,0.9177574290632435,9,goleiro1,GOL-TIME1,0.9588588289785243,0.9397139505283976,1.0,10
0.0016203519592605377,False,33,time1,0.8970251006608678,5,time1,TIME1,0.9532453766386721,0.9441382864253729,1.0,1
0.0017151917885012517,False,33,time0,0.862145494555833,4,time0,TIME0,0.9481174325590761,0.964425103555604,1.0,6
0.003936367217997461,False,33,time1,0.9104005163715666,8,time1,TIME1,0.9418995079521282,0.8933856015543077,1.0,3
0.0030856768250030306,False,33,time0,0.8169108700446058,2,time0,TIME0,0.9347829897141867,0.9715250666387025,1.0,4
0.0014660902616766953,False,33,time1,0.8173042452127228,6,time1,TIME1,0.9263114558621093,0.9454576598335573,1.0,8
0.01396640732533948,False,33,time0,0.7574763439246539,0,time0,TIME0,0.7966687844138896,0.9434943855661097,0.0,5
0.0013448174318983518,False,34,time0,0.9600576610507687,3,time0,TIME0,0.9717132053293734,0.940617054570675,1.0,2
0.00079905030251684,False,34,time1,0.9350789462140164,5,time1,TIME1,0.9651694859357155,0.9441382864253729,1.0,1
0.0011340608127537012,False,34,goleiro_time1,0.934542457155054,9,goleiro1,GOL-TIME1,0.9641395880665747,0.9397139505283976,1.0,10
0.0008886230020584789,False,34,time0,0.9521188835631793,1,time0,TIME0,0.9631675583078388,0.9152493995291784,1.0,9
0.0012263177554036717,False,34,time0,0.8896245528559991,4,time0,TIME0,0.9565042953606924,0.964425103555604,1.0,6
0.0022818175805257245,False,34,time1,0.9529641562869304,8,time1,TIME1,0.9558064505867545,0.8933856015543077,1.0,3
0.0025658669211977856,False,34,time1,0.8713341214519488,7,time1,TIME1,0.9374354758521076,0.9178528363280769,1.0,7
0.001786204015440204,False,34,time1,0.8403831098635495,6,time1,TIME1,0.9360981787528955,0.9454576598335573,1.0,8
0.005499355933923985,False,34,time0,0.669905392531352,2,time0,TIME0,0.8872077213360497,0.9715250666387025,1.0,4
0.012941331772143844,False,34,time0,0.7650490415234282,0,time0,TIME0,0.8029158140235236,0.9434943855661097,0.0,5
0.0010569262841736348,False,35,time0,0.9476792335440156,3,time0,TIME0,0.9681598596081715,0.940617054570675,1.0,2
0.0009882661994629095,False,35,time0,0.9551444108277559,1,time0,TIME0,0.9640751111237592,0.9152493995291784,1.0,9
0.0003618050770170226,False,35,time1,0.9159194994737152,5,time1,TIME1,0.9599036967076,0.9441382864253729,1.0,1
0.001455056741610491,False,35,time0,0.8851550311303603,4,time0,TIME0,0.9550389974167696,0.964425103555604,1.0,6
0.002210273191283538,False,35,time1,0.9349184656423534,8,time1,TIME1,0.9516058162162493,0.8933856015543077,1.0,3
0.0015941629070311228,False,35,goleiro_time1,0.8801507473760883,9,goleiro1,GOL-TIME1,0.9471207919495266,0.9397139505283976,1.0,10
0.0027904954758173495,False,35,time1,0.8581652866756976,7,time1,TIME1,0.9342081657040975,0.9178528363280769,1.0,7
0.002220813836196411,False,35,time1,0.8062583041675971,6,time1,TIME1,0.9259178431315003,0.9454576598335573,1.0,8
0.0018874159389996538,False,35,time0,0.749355930248335,2,time0,TIME0,0.9135058537521462,0.9715250666387025,1.0,4
0.011963889128364736,False,35,time0,0.7738578805392501,0,time0,TIME0,0.8059817101150211,0.9434943855661097,0.0,5
0.001214763328856795,False,36,time0,0.9491753452164624,3,time0,TIME0,0.9689257608980395,0.9417101251308119,1.0,2
0.0014885765811995305,False,36,time0,0.9557313157851964,1,time0,TIME0,0.9642925222178224,0.9173779677316438,1.0,9
0.001340092259232721,False,36,time1,0.9065975133656563,5,time1,TIME1,0.9560086486333168,0.9439041172581133,1.0,1
0.0013488104349521502,False,36,goleiro_time1,0.8959313683697753,9,goleiro1,GOL-TIME1,0.9518046387681014,0.9376940087418038,1.0,10
0.002462575051503791,False,36,time0,0.7975133565549858,4,time0,TIME0,0.927921898176837,0.9666388064535101,1.0,6
0.003095812909678057,False,36,time1,0.837343432841987,7,time1,TIME1,0.9272000107006465,0.9162839510250291,1.0,7
0.0091378161620108,False,36,time1,0.8272279309012335,8,time1,TIME1,0.9090962431662446,0.8983095490746735,1.0,3
0.00333666305273231,False,36,time1,0.7399463392819828,6,time1,TIME1,0.903917591150614,0.9430924103543177,1.0,8
0.004513955856509937,False,36,time0,0.6182982825370987,2,time0,TIME0,0.8723701286539316,0.971158123432708,1.0,4
0.006356419719985909,False,36,time0,0.8529193525449583,0,time0,TIME0,0.8324671918299273,0.9451853327381861,0.0,5
0.0010953284450279177,False,37,time0,0.9357745371775731,3,time0,TIME0,0.9648906691575966,0.9417101251308119,1.0,2
0.00028739786671239917,False,37,time1,0.9313981367092828,5,time1,TIME1,0.9644109664258975,0.9439041172581133,1.0,1
0.0005243180771993716,False,37,time0,0.9196931555924271,1,time0,TIME0,0.9538258349994654,0.9173779677316438,1.0,9
0.0011101056083865513,False,37,goleiro_time1,0.8946323022525252,9,goleiro1,GOL-TIME1,0.9513891564065151,0.9376940087418038,1.0,10
0.0017669046089092413,False,37,time1,0.8698521427864211,6,time1,TIME1,0.9439711616048964,0.9430924103543177,1.0,8
0.0024081983891658634,False,37,time0,0.7895867136239406,4,time0,TIME0,0.9262526603325264,0.9666388064535101,1.0,6
0.003518833995274387,False,37,time1,0.8130585625124108,7,time1,TIME1,0.9193893196774995,0.9162839510250291,1.0,7
0.0029291202383653382,False,37,time0,0.7348222580983705,2,time0,TIME0,0.9094863809833738,0.971158123432708,1.0,4
0.012746377462043455,False,37,time1,0.774475741788876,8,time1,TIME1,0.8928719289585972,0.8983095490746735,1.0,3
0.002065827869722342,False,37,time0,0.9435523170217434,0,time0,TIME0,0.864202593200297,0.9451853327381861,0.0,5
0.0008802949921115044,False,38,time0,0.9764016456923941,1,time0,TIME0,0.9708926046547794,0.9173779677316438,1.0,9
0.00021699647107691793,False,38,time1,0.946261285752978,5,time1,TIME1,0.9695819685471184,0.9439041172581133,1.0,1
0.0013184725298180811,False,38,time0,0.9165011527315361,3,time0,TIME0,0.9589856001893133,0.9417101251308119,1.0,2
0.0014623412069311112,False,38,goleiro_time1,0.8886154976791706,9,goleiro1,GOL-TIME1,0.9492157561637943,0.9376940087418038,1.0,10
0.0018310197223443878,False,38,time0,0.8449805725661698,4,time0,TIME0,0.9429597926421641,0.9666388064535101,1.0,6
0.0022973839502124413,False,38,time1,0.8207716411609041,6,time1,TIME1,0.9293644409051718,0.9430924103543177,1.0,8
0.003129515872841852,False,38,time1,0.8313252145008267,7,time1,TIME1,0.9253400969399755,0.9162839510250291,1.0,7
0.01026725743366445,False,38,time1,0.8059433418829058,8,time1,TIME1,0.9053146536086194,0.8983095490746735,1.0,3
0.003999135312513336,False,38,time0,0.673097984074272,2,time0,TIME0,0.8903403710345676,0.971158123432708,1.0,4
0.0066075990283637484,False,38,time0,0.8439545714567228,0,time0,TIME0,0.8301176037472666,0.9451853327381861,0.0,5
0.00024176181056722692,False,39,time1,0.9806640918044591,5,time1,TIME1,0.9798127291775279,0.9444869355145462,1.0,1
0.0013027321277979092,False,39,time0,0.9537402268027879,1,time0,TIME0,0.9644991158180316,0.9194404245097214,1.0,9
0.0012408954525990224,False,39,time0,0.9223702342492983,3,time0,TIME0,0.9610017284609896,0.9419076404093891,1.0,2
0.0018944174935493455,False,39,time1,0.9536052080655529,8,time1,TIME1,0.9539260645761888,0.9036840990221127,1.0,3
0.0015565626153053048,False,39,goleiro_time1,0.8917203967134243,9,goleiro1,GOL-TIME1,0.9497805409802133,0.9352072135796754,1.0,10
0.0015916479882920021,False,39,time0,0.8584162380067963,4,time0,TIME0,0.9483482944101558,0.9697864686684547,1.0,6
0.002035293420609694,False,39,time1,0.886087549364079,7,time1,TIME1,0.9417204595367114,0.9141332838081198,1.0,7
0.0026814016625089994,False,39,time1,0.7919128322571405,6,time1,TIME1,0.9204033207673555,0.9421160891084513,1.0,8
0.004730202286650979,False,39,time0,0.6489789743657908,2,time0,TIME0,0.8824468133303542,0.9702777006588392,1.0,4
0.007856424749102874,False,39,time0,0.8117869600438333,0,time0,TIME0,0.8222631250210624,0.9470783619552385,0.0,5
0.000573727187884869,False,40,time1,0.9427067937033874,5,time1,TIME1,0.968183823804854,0.9444869355145462,1.0,1
0.0017049961778415233,False,40,time0,0.9465236173123395,1,time0,TIME0,0.961912238495733,0.9194404245097214,1.0,9
0.0009570998008508542,False,40,time0,0.9144172842623878,3,time0,TIME0,0.9581278763166526,0.9419076404093891,1.0,2
0.002635652371706565,False,40,time1,0.9476264711543755,8,time1,TIME1,0.9562971312541259,0.9036840990221127,1.0,3
0.0011063143443063605,False,40,goleiro_time1,0.901472708961767,9,goleiro1,GOL-TIME1,0.9527259081248717,0.9352072135796754,1.0,10
0.0022834786801860948,False,40,time1,0.8736828392977163,7,time1,TIME1,0.9379729249035782,0.9141332838081198,1.0,7
0.0038491874089263034,False,40,time1,0.7097399770676374,6,time1,TIME1,0.894133814251298,0.9421160891084513,1.0,8
0.005195011912256747,False,40,time0,0.6451461443263007,2,time0,TIME0,0.8805795069227567,0.9702777006588392,1.0,4
0.012834781558276335,False,40,time0,0.5813833675567239,4,time0,TIME0,0.847178919214675,0.9697864686684547,1.0,6
0.00899745085967013,False,40,time0,0.783739009629685,0,time0,TIME0,0.8127943969862658,0.9470783619552385,0.0,5
0.0019806104700232094,False,41,time1,0.938103386263268,5,time1,TIME1,0.9647145480275148,0.9444869355145462,1.0,1
0.0016140492397712454,False,41,time0,0.9539049334635082,1,time0,TIME0,0.9643935483176901,0.9194404245097214,1.0,9
0.0010434884554707926,False,41,time0,0.9125801137405616,3,time0,TIME0,0.9579451182090654,0.9419076404093891,1.0,2
0.0009847597942767828,False,41,time1,0.9342322088152545,7,time1,TIME1,0.9570136338739301,0.9141332838081198,1.0,7
0.0014995488436160232,False,41,goleiro_time1,0.8944953323553089,9,goleiro1,GOL-TIME1,0.9503342140470389,0.9352072135796754,1.0,10
0.0038898862987285093,False,41,time1,0.9184413713813182,8,time1,TIME1,0.9453257464924884,0.9036840990221127,1.0,3
0.003025685238871774,False,41,time0,0.7797759832810311,2,time0,TIME0,0.9222713704464134,0.9702777006588392,1.0,4
0.003933876650797537,False,41,time0,0.7561173686567914,4,time0,TIME0,0.9095752235606983,0.9697864686684547,1.0,6
0.0040082278525620085,False,41,time1,0.6913891050166246,6,time1,TIME1,0.8891929482199736,0.9421160891084513,1.0,8
0.010185668305076489,False,41,time0,0.7504271364282484,0,time0,TIME0,0.8010825320502494,0.9470783619552385,0.0,5
0.0016184952896831561,False,42,time0,0.9414535546816172,1,time0,TIME0,0.9607555737327602,0.9195871380190409,1.0,9
0.0028046161216792533,False,42,time1,0.9211912881511001,5,time1,TIME1,0.9596711611137021,0.9458132506033863,1.0,1
0.001231723472418039,False,42,time0,0.9137938438372163,3,time0,TIME0,0.9586145405728665,0.9429820791752652,1.0,2
0.0015511510539215304,False,42,goleiro_time1,0.8812376121542492,9,goleiro1,GOL-TIME1,0.94587288293859,0.9322907841065183,1.0,10
0.0017313962767439718,False,42,time1,0.8908438844024207,7,time1,TIME1,0.9431231035887472,0.9118278354762701,1.0,7
0.0022465141259768923,False,42,time0,0.8248766668551558,2,time0,TIME0,0.9373812317288546,0.9703098352043482,1.0,4
0.005509261923610874,False,42,time1,0.8784804725124294,8,time1,TIME1,0.9344361104854392,0.9083975120736589,1.0,3
0.001737459810003826,False,42,time0,0.8082342884208089,4,time0,TIME0,0.9319152176119501,0.9721232935415909,1.0,6
0.0048231944293265485,False,42,time1,0.6236221944097173,6,time1,TIME1,0.867745654548909,0.9435209062790042,1.0,8
0.012415200858137646,False,42,time0,0.6954249188825832,0,time0,TIME0,0.7821829698346665,0.9466722691363593,0.0,5
0.002199722372838734,False,43,time1,0.9415839901923497,5,time1,TIME1,0.96651157281874,0.9458132506033863,1.0,1
0.0015056531792326637,False,43,time0,0.9588670972213974,1,time0,TIME0,0.9660182607569594,0.9195871380190409,1.0,9
0.0012975915719881227,False,43,time0,0.9109154495883024,3,time0,TIME0,0.9577231406098294,0.9429820791752652,1.0,2
0.0017131013441475868,False,43,time0,0.8670899614398898,2,time0,TIME0,0.9505403894554696,0.9703098352043482,1.0,4
0.0016851782458692762,False,43,goleiro_time1,0.8752402353809225,9,goleiro1,GOL-TIME1,0.9440123867923039,0.9322907841065183,1.0,10
0.002842199096754976,False,43,time1,0.8520800046394329,7,time1,TIME1,0.9302357342476807,0.9118278354762701,1.0,7
0.004387981123314528,False,43,time0,0.7399615378089149,4,time0,TIME0,0.9074867677418956,0.9721232935415909,1.0,6
0.009600019198861007,False,43,time1,0.7934863811561447,8,time1,TIME1,0.9035395466467541,0.9083975120736589,1.0,3
0.009095551414123748,False,43,time1,0.4539924375184411,6,time1,TIME1,0.8102533714653518,0.9435209062790042,1.0,8
0.016642348398699124,False,43,time0,0.5990935214197075,0,time0,TIME0,0.7479685982125694,0.9466722691363593,0.0,5
0.0017947375523779945,False,44,time0,0.9536256331774401,1,time0,TIME0,0.9641557361883095,0.9195871380190409,1.0,9
0.0014345038260707712,False,44,time1,0.9246366975815032,5,time1,TIME1,0.9615927533495695,0.9458132506033863,1.0,1
0.0011618356372155728,False,44,time0,0.9231736149805547,3,time0,TIME0,0.9614680978227387,0.9429820791752652,1.0,2
0.0014460335763912622,False,44,goleiro_time1,0.8945207155077113,9,goleiro1,GOL-TIME1,0.9499479846687778,0.9322907841065183,1.0,10
0.0027709817757414603,False,44,time1,0.8672666161115563,7,time1,TIME1,0.9355495763455619,0.9118278354762701,1.0,7
0.002343022414454267,False,44,time0,0.7956256548098782,2,time0,TIME0,0.9285777652896182,0.9703098352043482,1.0,4
0.012549176316593231,False,44,time1,0.7100283632077935,8,time1,TIME1,0.8765967575867885,0.9083975120736589,1.0,3
0.0040727418983237205,False,44,time1,0.5751873983198401,6,time1,TIME1,0.8494419135338462,0.9435209062790042,1.0,8
0.01745806305474777,False,44,time0,0.5646351416759179,0,time0,TIME0,0.7395194130077528,0.9466722691363593,0.0,5
0.0015227977451174202,False,45,time0,0.9516447538335916,1,time0,TIME0,0.9641952942088156,0.921202858800929,1.0,9
0.0017044726738633365,False,45,time0,0.9020741231521533,3,time0,TIME0,0.9544564745475507,0.9433087390535377,1.0,2
0.0018602969826601334,False,45,time1,0.8910994999506991,5,time1,TIME1,0.9519958356117759,0.9470820072984987,1.0,1
0.0015357215939996282,False,45,goleiro_time1,0.894748262922947,9,goleiro1,GOL-TIME1,0.9497057389960527,0.9311247126858995,1.0,10
0.0027681963925736673,False,45,time1,0.8742384212866149,7,time1,TIME1,0.9373476962104922,0.9113208454489057,1.0,7
0.0027338349637900075,False,45,time0,0.7451658536380134,2,time0,TIME0,0.9132006889291304,0.9708564059139047,1.0,4
0.011288938057608945,False,45,time1,0.697010318516687,8,time1,TIME1,0.8745445708813392,0.9090572541636821,1.0,3
0.004346113359630905,False,45,time1,0.6015159561576154,6,time1,TIME1,0.859989670810047,0.9426338695213952,1.0,8
0.011773450134776639,False,45,time0,0.6976624273614866,0,time0,TIME0,0.7811547489660431,0.9457831699167076,0.0,5
0.0009503773690548824,False,46,time0,0.9573171303490371,1,time0,TIME0,0.9661521876129684,0.921202858800929,1.0,9
0.0016256171949510087,False,46,time1,0.9270761094419918,7,time1,TIME1,0.9536671516326486,0.9113208454489057,1.0,7
0.0016967518289603203,False,46,time0,0.8959709399051441,3,time0,TIME0,0.9529361307490586,0.9433087390535377,1.0,2
0.00147732108332492,False,46,goleiro_time1,0.8845669189930602,9,goleiro1,GOL-TIME1,0.9465946899307413,0.9311247126858995,1.0,10
0.002466300945229873,False,46,time1,0.8661048046410232,5,time1,TIME1,0.9437950039559533,0.9470820072984987,1.0,1
0.0034753553502156692,False,46,time0,0.6902193049233388,2,time0,TIME0,0.89605376832023,0.9708564059139047,1.0,4
0.008002624896693079,False,46,time1,0.7500040068320991,8,time1,TIME1,0.8924993496868049,0.9090572541636821,1.0,3
0.0033942318230571387,False,46,time1,0.6479495854452173,6,time1,TIME1,0.874917312134735,0.9426338695213952,1.0,8
0.009141467377683347,False,46,time0,0.7785834540700219,0,time0,TIME0,0.8095281524331197,0.9457831699167076,0.0,5
0.0015034130540847394,False,47,time0,0.9575684026994447,1,time0,TIME0,0.9657924214685241,0.921202858800929,1.0,9
0.0013108339390030168,False,47,time0,0.9208398900612119,3,time0,TIME0,0.9606187595920722,0.9433087390535377,1.0,2
0.0015784336526044494,False,47,time1,0.9330399275244726,7,time1,TIME1,0.955993989927245,0.9113208454489057,1.0,7
0.0015938176563198522,False,47,goleiro_time1,0.8907636358777264,9,goleiro1,GOL-TIME1,0.9483213099882458,0.9311247126858995,1.0,10
0.0035486777265063677,False,47,time1,0.8007814840450544,5,time1,TIME1,0.9230399772548876,0.9470820072984987,1.0,1
0.003560080307677723,False,47,time0,0.697846909580491,2,time0,TIME0,0.8987599230877482,0.9708564059139047,1.0,4
0.003294809358826889,False,47,time1,0.7132724381293993,6,time1,TIME1,0.8961583198514861,0.9426338695213952,1.0,8
0.00770501228983405,False,47,time1,0.7509103892947028,8,time1,TIME1,0.8948963958988024,0.9090572541636821,1.0,3
0.008353762403163486,False,47,time0,0.8100644825402505,0,time0,TIME0,0.8210784199148529,0.9457831699167076,0.0,5
0.0016967893844452141,False,48,time0,0.9581311071726671,1,time0,TIME0,0.9664402106855646,0.9227296273057147,1.0,9
0.0016985836058531901,False,48,time0,0.9011710802198845,3,time0,TIME0,0.9544991713017668,0.9438450666620151,1.0,2
0.0018995921415140068,False,48,time1,0.9170068885371006,7,time1,TIME1,0.9506897795855965,0.9109143136336759,1.0,7
0.003605762063544787,False,48,time1,0.8796483790478142,6,time1,TIME1,0.9429423677858465,0.9410532012033876,1.0,8
0.0016485522321694325,False,48,goleiro_time1,0.8723477487512433,9,goleiro1,GOL-TIME1,0.9426873007786811,0.9307759957151283,1.0,10
0.0028247891532075125,False,48,time1,0.8216966936175428,5,time1,TIME1,0.9303063208222576,0.9474587471606941,1.0,1
0.003307444019652509,False,48,time0,0.728385746562174,2,time0,TIME0,0.9081040755851992,0.9710696205719788,1.0,4
0.008996291509946264,False,48,time1,0.7254861378685789,8,time1,TIME1,0.8865762819855952,0.9119808366795852,1.0,3
0.008961928349497595,False,48,time0,0.7922488227344819,0,time0,TIME0,0.8150107263608645,0.9450085356970158,0.0,5
0.0014351254938091845,False,49,time0,0.9539872018000342,1,time0,TIME0,0.965367098893291,0.9227296273057147,1.0,9
0.0015034656534094032,False,49,time0,0.9169952193260418,3,time0,TIME0,0.9595234184394489,0.9438450666620151,1.0,2
0.0010369202500897302,False,49,goleiro_time1,0.9236612377963702,9,goleiro1,GOL-TIME1,0.9584120080156767,0.9307759957151283,1.0,10
0.0027731736307272446,False,49,time1,0.8411366855474968,5,time1,TIME1,0.9359445178941278,0.9474587471606941,1.0,1
0.004069888547304304,False,49,time1,0.8293169958711196,7,time1,TIME1,0.9213434416337363,0.9109143136336759,1.0,7
0.0028895400041592744,False,49,time0,0.7648829374398645,2,time0,TIME0,0.919263729920829,0.9710696205719788,1.0,4
0.0021890315059862864,False,49,time1,0.7589482409799201,6,time1,TIME1,0.9077318657435091,0.9410532012033876,1.0,8
0.007274425126894929,False,49,time1,0.7831067380822189,8,time1,TIME1,0.9050880389082808,0.9119808366795852,1.0,3
0.0098389049844201,False,49,time0,0.762091718828701,0,time0,TIME0,0.8048289137958483,0.9450085356970158,0.0,5
0.0013239682934129428,False,50,time0,0.954107900253371,1,time0,TIME0,0.9656288547313152,0.9227296273057147,1.0,9
0.0015072526965561332,False,50,time1,0.924340150776767,5,time1,TIME1,0.9618666241639312,0.9474587471606941,1.0,1
0.0010565583053591145,False,50,time1,0.9189172273428496,6,time1,TIME1,0.9587634761224954,0.9410532012033876,1.0,8
0.0015657673888924057,False,50,time0,0.9120650242347821,3,time0,TIME0,0.9581136232563554,0.9438450666620151,1.0,2
0.0011082328126787687,False,50,goleiro_time1,0.9185571231648655,9,goleiro1,GOL-TIME1,0.957204350801941,0.9307759957151283,1.0,10
0.002228267788229837,False,50,time0,0.8133200125350175,2,time0,TIME0,0.9342864211795244,0.9710696205719788,1.0,4
0.006873128211759125,False,50,time1,0.8206676089307708,8,time1,TIME1,0.9155339932794843,0.9119808366795852,1.0,3
0.005015133477729132,False,50,time1,0.789023068686704,7,time1,TIME1,0.9092139761078373,0.9109143136336759,1.0,7
0.007024568377668101,False,50,time0,0.803296646762104,0,time0,TIME0,0.8188017634842543,0.9450085356970158,0.0,5
0.001212612059769671,False,51,time0,0.9594924986605388,1,time0,TIME0,0.9675441836750113,0.9235019192825675,1.0,9
0.0012985515637777684,False,51,time0,0.932743230228608,3,time0,TIME0,0.9643774541262223,0.9438101725955323,1.0,2
0.0012881510755016025,False,51,goleiro_time1,0.9201817847770938,9,goleiro1,GOL-TIME1,0.9567475737868877,0.928236450442901,1.0,10
0.001285700553055023,False,51,time1,0.9019610736988087,6,time1,TIME1,0.9542005681085198,0.9403294848881909,1.0,8
0.0020689411869513107,False,51,time0,0.8279363450027786,2,time0,TIME0,0.9388551915359226,0.9704166884435574,1.0,4
0.0025434829863686375,False,51,time1,0.8447670492766264,5,time1,TIME1,0.9371161875015044,0.9472503551075983,1.0,1
0.008552180909115394,False,51,time1,0.8120347679498933,8,time1,TIME1,0.9125299473466109,0.9138973743212961,1.0,3
0.004807315061189364,False,51,time1,0.7878672184309986,7,time1,TIME1,0.9093066981367265,0.9099278510126749,1.0,7
0.0064395214579596755,False,51,time0,0.807616952515589,0,time0,TIME0,0.8219448350551962,0.944323683647728,0.0,5
0.000832373381669174,False,52,time0,0.9436859252147125,3,time0,TIME0,0.9679102415459043,0.9438101725955323,1.0,2
0.0014117031011196472,False,52,time0,0.955542496270034,1,time0,TIME0,0.9661136724922567,0.9235019192825675,1.0,9
0.0018005525917089843,False,52,goleiro_time1,0.8879391713738863,9,goleiro1,GOL-TIME1,0.9464534431603607,0.928236450442901,1.0,10
0.0017280001569731382,False,52,time1,0.8717807735834082,6,time1,TIME1,0.9446635654673202,0.9403294848881909,1.0,8
0.0022281710314474303,False,52,time1,0.8544958389743355,5,time1,TIME1,0.9409113505988389,0.9472503551075983,1.0,1
0.0024526612693243598,False,52,time0,0.7916723630658316,2,time0,TIME0,0.9274897273102488,0.9704166884435574,1.0,4
0.007514905775927778,False,52,time1,0.8331767247257837,8,time1,TIME1,0.9208490256315819,0.9138973743212961,1.0,3
0.006049224511880516,False,52,time1,0.722930944183083,7,time1,TIME1,0.8878456260049045,0.9099278510126749,1.0,7
0.006881983080785243,False,52,time0,0.7909031963107788,0,time0,TIME0,0.8167931522153409,0.944323683647728,0.0,5
0.0005224165466753376,False,53,time0,0.9610509334946338,3,time0,TIME0,0.9735812294711464,0.9438101725955323,1.0,2
0.0012107041978454461,False,53,time0,0.944427944588193,1,time0,TIME0,0.962866492203924,0.9235019192825675,1.0,9
0.00110036845603809,False,53,goleiro_time1,0.9296494737077984,9,goleiro1,GOL-TIME1,0.9594762205663022,0.928236450442901,1.0,10
0.0021776105258742053,False,53,time1,0.8657013615220625,5,time1,TIME1,0.9443731910835598,0.9472503551075983,1.0,1
0.0021973233674261877,False,53,time1,0.8349504128424002,6,time1,TIME1,0.9332457917170921,0.9403294848881909,1.0,8
0.002720524520694427,False,53,time0,0.7764553668679968,2,time0,TIME0,0.9228312559851457,0.9704166884435574,1.0,4
0.006931025565519508,False,53,time1,0.8200380691606486,8,time1,TIME1,0.9144530675322038,0.9138973743212961,1.0,3
0.00414425490113761,False,53,time1,0.7813688568983622,7,time1,TIME1,0.9067449148437382,0.9099278510126749,1.0,7
0.005698162765754276,False,53,time0,0.8278308940048482,0,time0,TIME0,0.8274114683519973,0.944323683647728,0.0,5
0.00030672633274680255,False,54,time0,0.9766860916790864,3,time0,TIME0,0.9784296096735466,0.9434504924345537,1.0,2
0.001247625893345663,False,54,time0,0.9480431812949145,1,time0,TIME0,0.964101848348173,0.9235030530261799,1.0,9
0.0013315999575679693,False,54,goleiro_time1,0.9101063033328274,9,goleiro1,GOL-TIME1,0.9530365484927025,0.9255140083200095,1.0,10
0.001851307693137653,False,54,time1,0.8895063668060393,5,time1,TIME1,0.9520431285047538,0.9483949094791628,1.0,1
0.002011450558010036,False,54,time0,0.8326983675954855,2,time0,TIME0,0.9401403628668586,0.970624163539296,1.0,4
0.005035293954686072,False,54,time1,0.8531556936174801,8,time1,TIME1,0.9277656192114564,0.9157672070819578,1.0,3
0.0031007094089505662,False,54,time1,0.8319111834090835,7,time1,TIME1,0.9232662539798066,0.9095495065578354,1.0,7
0.0029074897942734518,False,54,time1,0.7727477327736971,6,time1,TIME1,0.9135511138499014,0.9399444586537252,1.0,8
0.006477900782481645,False,54,time0,0.8038212256732412,0,time0,TIME0,0.8209003426491976,0.9447884161854435,0.0,5
0.0005625677974182864,False,55,time0,0.968009811964859,3,time0,TIME0,0.9755157747259616,0.9434504924345537,1.0,2
0.0010321073036539297,False,55,time0,0.9537961075859129,1,time0,TIME0,0.9659266570015405,0.9235030530261799,1.0,9
0.0017702124137645903,False,55,time1,0.9120831993465148,5,time1,TIME1,0.9588422693607549,0.9483949094791628,1.0,1
0.0012574454080111392,False,55,goleiro_time1,0.9209945938023723,9,goleiro1,GOL-TIME1,0.9564477783999544,0.9255140083200095,1.0,10
0.0021069540478656436,False,55,time1,0.9274999683379826,8,time1,TIME1,0.953233084794404,0.9157672070819578,1.0,3
0.003038010797493197,False,55,time1,0.8294124318020176,7,time1,TIME1,0.9229726178334521,0.9095495065578354,1.0,7
0.003013326345698918,False,55,time1,0.7589270902277757,6,time1,TIME1,0.9098176167181626,0.9399444586537252,1.0,8
0.0008626199414739914,False,55,time0,0.6704648777841008,2,time0,TIME0,0.892075294199182,0.970624163539296,1.0,4
0.00906830453103165,False,55,time0,0.7355032773427708,0,time0,TIME0,0.7968068160053536,0.9447884161854435,0.0,5
0.00930545085908869,False,55,time0,0.3579947177225527,4,time0,TIME0,0.7839354844779303,0.9721232935415909,1.0,6
0.0006258445685307049,False,56,time0,0.9664886954108182,3,time0,TIME0,0.9751155265599672,0.9434504924345537,1.0,2
0.0020269770994015336,False,56,time1,0.9366619206768212,5,time1,TIME1,0.9657920846821514,0.9483949094791628,1.0,1
0.0013826228176987332,False,56,time0,0.9474251763339377,1,time0,TIME0,0.9636067320146174,0.9235030530261799,1.0,9
0.002625883832929806,False,56,time1,0.9307084815590073,8,time1,TIME1,0.9547989155771884,0.9157672070819578,1.0,3
0.0015218507408153459,False,56,goleiro_time1,0.913834679514805,9,goleiro1,GOL-TIME1,0.9539508538593898,0.9255140083200095,1.0,10
0.0017706937084081703,False,56,time0,0.8284471943360481,4,time0,TIME0,0.9342853717181426,0.9721232935415909,1.0,6
0.002155895013738727,False,56,time1,0.8135827233457307,6,time1,TIME1,0.9263854842855817,0.9399444586537252,1.0,8
0.0029881046448354395,False,56,time1,0.829998770953608,7,time1,TIME1,0.9234507511500766,0.9095495065578354,1.0,7
0.005221473485267033,False,56,time0,0.7031660480951794,2,time0,TIME0,0.8956285358671651,0.970624163539296,1.0,4
0.009631573598664254,False,56,time0,0.7338472736198534,0,time0,TIME0,0.7971889913455923,0.9447884161854435,0.0,5
0.0010947143533239212,False,57,time0,0.9643233371752291,1,time0,TIME0,0.9691866554647791,0.9243460622608453,1.0,9
0.0007858241157468784,False,57,time0,0.927167853467027,3,time0,TIME0,0.9631251533787836,0.9437147964141539,1.0,2
0.0020191525710560733,False,57,time1,0.9203800401242047,5,time1,TIME1,0.9610054277467717,0.9492229955637401,1.0,1
0.0027889183619099404,False,57,time1,0.9432802726577099,8,time1,TIME1,0.9595813987752405,0.9174005251858433,1.0,3
0.0015665970728900862,False,57,goleiro_time1,0.9173763723548337,9,goleiro1,GOL-TIME1,0.9548441480540589,0.9244472342008097,1.0,10
0.002244241748568166,False,57,time0,0.8351190404417167,4,time0,TIME0,0.940348776227641,0.9722392896849166,1.0,6
0.0021342812369225576,False,57,time1,0.8291195556635933,6,time1,TIME1,0.9312041269399113,0.9399521791949866,1.0,8
0.0035440039626457066,False,57,time0,0.7855662432817461,2,time0,TIME0,0.9240143104432353,0.970843084426461,1.0,4
0.0031803335306689893,False,57,time1,0.8168118492520162,7,time1,TIME1,0.9189429402752466,0.9083405258251886,1.0,7
0.012125204113990429,False,57,time0,0.6974757022002802,0,time0,TIME0,0.7829012569465689,0.9455491188614252,0.0,5
0.002077707957520069,False,58,time1,0.9364129818238696,5,time1,TIME1,0.9661252738781192,0.9492229955637401,1.0,1
0.0016193890452861884,False,58,time0,0.9427517231041526,1,time0,TIME0,0.9620806309370585,0.9243460622608453,1.0,9
0.0010745260614977658,False,58,goleiro_time1,0.9309370701903114,9,goleiro1,GOL-TIME1,0.9590575029430892,0.9244472342008097,1.0,10
0.0039047656303227035,False,58,time1,0.9187419687809801,8,time1,TIME1,0.9504894553401128,0.9174005251858433,1.0,3
0.0020935552898545783,False,58,time0,0.8646765259815585,2,time0,TIME0,0.9491912157715271,0.970843084426461,1.0,4
0.001582585319464744,False,58,time0,0.883641681071479,3,time0,TIME0,0.948611669120215,0.9437147964141539,1.0,2
0.0018384773541659585,False,58,time1,0.8452122372572949,6,time1,TIME1,0.9366754823043203,0.9399521791949866,1.0,8
0.00284162245230681,False,58,time1,0.8313723545260067,7,time1,TIME1,0.9235755238748614,0.9083405258251886,1.0,7
0.003203083712647648,False,58,time0,0.748363418224674,4,time0,TIME0,0.9138729659833554,0.9722392896849166,1.0,6
0.006155385101120886,False,58,time0,0.8334325676995495,0,time0,TIME0,0.8266638877450164,0.9455491188614252,0.0,5
0.0012492207568194197,False,59,time0,0.9478419838330417,1,time0,TIME0,0.9640299400818398,0.9243460622608453,1.0,9
0.0009865434092365757,False,59,goleiro_time1,0.9247278585887371,9,goleiro1,GOL-TIME1,0.9575041939278168,0.9244472342008097,1.0,10
0.002203624030563281,False,59,time1,0.907041949335591,5,time1,TIME1,0.9570876011644642,0.9492229955637401,1.0,1
0.001739112792484464,False,59,time0,0.887300259526469,2,time0,TIME0,0.9568965217261708,0.970843084426461,1.0,4
0.0015582837820956924,False,59,time0,0.8829453142388427,3,time0,TIME0,0.9491852713940586,0.9437147964141539,1.0,2
0.004092657777598068,False,59,time1,0.9103532102332146,8,time1,TIME1,0.9481461331297024,0.9174005251858433,1.0,3
0.0022982872299730254,False,59,time1,0.8064714212164972,6,time1,TIME1,0.9245253444256761,0.9399521791949866,1.0,8
0.0039967486452139826,False,59,time1,0.7845029884777536,7,time1,TIME1,0.9079779731970464,0.9083405258251886,1.0,7
0.0058759826835018385,False,59,time0,0.6954298898261267,4,time0,TIME0,0.8935753295682888,0.9722392896849166,1.0,6
0.0037395621909181607,False,59,time0,0.8934048681709879,0,time0,TIME0,0.8492482150616296,0.9455491188614252,0.0,5
0.0016422301396778463,False,60,time0,0.9181415662267085,2,time0,TIME0,0.9658928016390377,0.9704019518728415,1.0,4
0.0025277867418062082,False,60,time1,0.9160439542072302,5,time1,TIME1,0.9599762144740868,0.9511875517458293,1.0,1
0.0018404451749911377,False,60,time0,0.9344218492305969,1,time0,TIME0,0.9596169950174726,0.9255008509888727,1.0,9
0.0013576699578279805,False,60,time0,0.907050687627147,3,time0,TIME0,0.9561228095771862,0.9434662939861491,1.0,2
0.0043963987469257445,False,60,time1,0.9146400633546854,8,time1,TIME1,0.9496787567651056,0.91807269101204,1.0,3
0.001884945502405465,False,60,goleiro_time1,0.8851782475112823,9,goleiro1,GOL-TIME1,0.943994131658547,0.9231743770243598,1.0,10
0.0023193488221092884,False,60,time1,0.8242244322300284,6,time1,TIME1,0.9299126540020455,0.9406001738674461,1.0,8
0.002924451236583453,False,60,time0,0.7862415091864925,4,time0,TIME0,0.9241295280678891,0.9730538136113249,1.0,6
0.004343685565287575,False,60,time1,0.7839481614252262,7,time1,TIME1,0.9078125962559386,0.9073529952572124,1.0,7
0.0050796548830671345,False,60,time0,0.8627476725740607,0,time0,TIME0,0.8391400783540355,0.9454712487053942,0.0,5
0.0016287516168472806,False,61,time0,0.9313470135136103,2,time0,TIME0,0.9703317959179377,0.9704019518728415,1.0,4
0.0025541048030788315,False,61,time1,0.9130812329742033,5,time1,TIME1,0.9593730924482052,0.9511875517458293,1.0,1
0.0020149489542454937,False,61,time0,0.9248047931630188,1,time0,TIME0,0.9568642535424564,0.9255008509888727,1.0,9
0.00173253928387931,False,61,time0,0.8990264471813076,3,time0,TIME0,0.9536827510599072,0.9434662939861491,1.0,2
0.0013706250849094227,False,61,goleiro_time1,0.9127416106813073,9,goleiro1,GOL-TIME1,0.9530181738077457,0.9231743770243598,1.0,10
0.004251051444352722,False,61,time1,0.8948332730605486,8,time1,TIME1,0.9434049953785549,0.91807269101204,1.0,3
0.002159153574370368,False,61,time1,0.8342673278890973,6,time1,TIME1,0.9333521417117501,0.9406001738674461,1.0,8
0.0036437110693118943,False,61,time0,0.7745380752533245,4,time0,TIME0,0.9188678988433779,0.9730538136113249,1.0,6
0.004335878786508462,False,61,time1,0.7958742759209415,7,time1,TIME1,0.9115793483698865,0.9073529952572124,1.0,7
0.004838225281609075,False,61,time0,0.8656761672483929,0,time0,TIME0,0.8414523707983947,0.9454712487053942,0.0,5
0.0006910492239440208,False,62,time0,0.9651277412158445,3,time0,TIME0,0.973811116301601,0.9434662939861491,1.0,2
0.001663862423663805,False,62,time0,0.9527542198727958,1,time0,TIME0,0.9654219934689922,0.9255008509888727,1.0,9
0.0017796752054381078,False,62,time0,0.9059193860485613,2,time0,TIME0,0.9624579724431229,0.9704019518728415,1.0,4
0.0011715291732516072,False,62,time0,0.9036700700764887,4,time0,TIME0,0.9613728090250885,0.9730538136113249,1.0,6
0.0023724730577290897,False,62,time1,0.9168287118614741,5,time1,TIME1,0.9603957808903912,0.9511875517458293,1.0,1
0.0011970819468190912,False,62,goleiro_time1,0.9306754665734704,9,goleiro1,GOL-TIME1,0.9587691638638111,0.9231743770243598,1.0,10
0.0020401137266217845,False,62,time1,0.8989041235113467,7,time1,TIME1,0.9430318950461932,0.9073529952572124,1.0,7
0.0019165081276175083,False,62,time1,0.8530624792159991,6,time1,TIME1,0.9391539566286943,0.9406001738674461,1.0,8
0.00421121838705527,False,62,time1,0.8240293427343625,8,time1,TIME1,0.921281351945247,0.91807269101204,1.0,3
0.004856730286816926,False,62,time0,0.8507294595208605,0,time0,TIME0,0.835635818155904,0.9454712487053942,0.0,5
0.0012042606723450683,False,63,time0,0.9582846452900889,3,time0,TIME0,0.9715279154906652,0.9423930285097384,1.0,2
0.0018886408755357544,False,63,time1,0.9440473821648506,5,time1,TIME1,0.9691563895690364,0.9520111559283846,1.0,1
0.0018188441692044133,False,63,time0,0.940570418834508,1,time0,TIME0,0.9618645649398151,0.9259287985243905,1.0,9
0.002085042641125965,False,63,time0,0.8909238655894649,2,time0,TIME0,0.9576734642715912,0.9700006753673681,1.0,4
0.0020979314237917304,False,63,time0,0.8408673515586889,4,time0,TIME0,0.942924817754147,0.9737678930808074,1.0,6
0.0018533666428339577,False,63,goleiro_time1,0.8710359615437976,9,goleiro1,GOL-TIME1,0.9381236719622353,0.9159501153358907,1.0,10
0.0020568617412193638,False,63,time1,0.8465671542077745,6,time1,TIME1,0.9366033317997845,0.9384314625757134,1.0,8
0.0036488671018777034,False,63,time1,0.8733835073281369,7,time1,TIME1,0.9325898819975468,0.9031252779682182,1.0,7
0.0037472473202303557,False,63,time1,0.8445713962649152,8,time1,TIME1,0.9277638915208687,0.9179838378237026,1.0,3
0.005838718118329739,False,63,time0,0.8138132367571528,0,time0,TIME0,0.8238424568236961,0.9430610869332422,0.0,5
0.0013090628786145428,False,64,time0,0.951179618393221,3,time0,TIME0,0.9696716180944037,0.9423930285097384,1.0,2
0.0017060754380586987,False,64,time1,0.9383580826597367,5,time1,TIME1,0.967782535086729,0.9520111559283846,1.0,1
0.0018045870464939477,False,64,time0,0.9446692152829805,1,time0,TIME0,0.9632027569958663,0.9259287985243905,1.0,9
0.0015879806464890543,False,64,time0,0.8763372975812843,4,time0,TIME0,0.9543833145363282,0.9737678930808074,1.0,6
0.0014518248053283713,False,64,time1,0.9273500973465671,7,time1,TIME1,0.9510625528060962,0.9031252779682182,1.0,7
0.0023005327665741046,False,64,time0,0.8457172503277982,2,time0,TIME0,0.943503506725326,0.9700006753673681,1.0,4
0.0016388266603307223,False,64,goleiro_time1,0.8729190176220709,9,goleiro1,GOL-TIME1,0.9391319754866206,0.9159501153358907,1.0,10
0.0027935988359725134,False,64,time1,0.8684649586240017,8,time1,TIME1,0.9368389764164843,0.9179838378237026,1.0,3
0.0026160419148482696,False,64,time1,0.7926501985421363,6,time1,TIME1,0.918961304043602,0.9384314625757134,1.0,8
0.005831197497193448,False,64,time0,0.7967645805017319,0,time0,TIME0,0.8192251987129381,0.9430610869332422,0.0,5
0.00203223378499602,False,65,time1,0.9361431429032223,5,time1,TIME1,0.9666769231639738,0.9520111559283846,1.0,1
0.0010549264275457797,False,65,time0,0.9133437105175423,4,time0,TIME0,0.966118507130502,0.9737678930808074,1.0,6
0.0017481410444696584,False,65,time0,0.9488923067180954,1,time0,TIME0,0.9645102330060198,0.9259287985243905,1.0,9
0.0023083025310136392,False,65,time0,0.8836111357949804,3,time0,TIME0,0.9476545261389661,0.9423930285097384,1.0,2
0.001324424262455759,False,65,goleiro_time1,0.8895240929883543,9,goleiro1,GOL-TIME1,0.9443614940978873,0.9159501153358907,1.0,10
0.0027510009590292566,False,65,time0,0.8243253769732882,2,time0,TIME0,0.9368024897526374,0.9700006753673681,1.0,4
0.0021886788956987256,False,65,time1,0.8408567012894864,6,time1,TIME1,0.9345649520256227,0.9384314625757134,1.0,8
0.003648407344817679,False,65,time1,0.8135518641181316,8,time1,TIME1,0.9195604247279799,0.9179838378237026,1.0,3
0.005837890815371447,False,65,time1,0.7657822655839737,7,time1,TIME1,0.8969642818130475,0.9031252779682182,1.0,7
0.006391273807464773,False,65,time0,0.7605231751168595,0,time0,TIME0,0.8077019604436577,0.9430610869332422,0.0,5
0.0009652191451641831,False,66,time0,0.9541741495097813,4,time0,TIME0,0.9784398317979339,0.9742162551087348,1.0,6
0.0014977254003610116,False,66,time0,0.9053340583014045,2,time0,TIME0,0.9617783471930114,0.9696350097486589,1.0,4
0.0018569286777585148,False,66,time0,0.9393467825859718,1,time0,TIME0,0.9613845543873466,0.9254699564754395,1.0,9
0.0020427252939142484,False,66,time1,0.888156189594638,5,time1,TIME1,0.9528532129494544,0.9538189765680192,1.0,1
0.0015079686318085017,False,66,goleiro_time1,0.8922479632502944,9,goleiro1,GOL-TIME1,0.9429944157094979,0.9078431982740918,1.0,10
0.002744960262101715,False,66,time0,0.8596675626264179,3,time0,TIME0,0.940423159458953,0.9413301084437891,1.0,2
0.002222971707256384,False,66,time1,0.8444976590500737,6,time1,TIME1,0.9346225075648679,0.9357445791825514,1.0,8
0.004346379603126117,False,66,time1,0.8185156337079195,8,time1,TIME1,0.9208149558909428,0.919183783045048,1.0,3
0.004040882292562546,False,66,time1,0.8336607056133858,7,time1,TIME1,0.920303970387004,0.9015136747861621,1.0,7
0.004432489676137651,False,66,time0,0.8178885302351425,0,time0,TIME0,0.8254343676681756,0.941781263417159,0.0,5
0.0011157951020043517,False,67,time0,0.9280996609265519,4,time0,TIME0,0.970693087878616,0.9742162551087348,1.0,6
0.0011075549740566096,False,67,time0,0.9177068192787634,2,time0,TIME0,0.9662918287837946,0.9696350097486589,1.0,4
0.0017275079311941857,False,67,time0,0.9431469143047013,1,time0,TIME0,0.9626527646013914,0.9254699564754395,1.0,9
0.0022229195408479726,False,67,time0,0.8994730792634557,3,time0,TIME0,0.9524855641891029,0.9413301084437891,1.0,2
0.002013114038709794,False,67,time1,0.8792372550835635,5,time1,TIME1,0.9503417035816218,0.9538189765680192,1.0,1
0.001523128060217984,False,67,goleiro_time1,0.90957871473763,9,goleiro1,GOL-TIME1,0.9482294737384472,0.9078431982740918,1.0,10
0.002331877634911202,False,67,time1,0.8578833844002556,6,time1,TIME1,0.9387215945460705,0.9357445791825514,1.0,8
0.0016623724341521867,False,67,time1,0.8512448379768204,7,time1,TIME1,0.9262265571474678,0.9015136747861621,1.0,7
0.0030293736853420255,False,67,time1,0.8193433259195881,8,time1,TIME1,0.9217575796578984,0.919183783045048,1.0,3
0.004676025848079776,False,67,time0,0.813852902431402,0,time0,TIME0,0.8247769482899897,0.941781263417159,0.0,5
0.0011643805354051705,False,68,time0,0.9315048567390357,4,time0,TIME0,0.97185051228726,0.9742162551087348,1.0,6
0.0016654331520564915,False,68,time0,0.9527732190500339,1,time0,TIME0,0.965584376609356,0.9254699564754395,1.0,9
0.0023673023060107,False,68,time0,0.9327162534058968,3,time0,TIME0,0.9620980505837046,0.9413301084437891,1.0,2
0.0016661215971268339,False,68,time1,0.9003570089164762,5,time1,TIME1,0.9563954730849981,0.9538189765680192,1.0,1
0.00191520526615598,False,68,time1,0.9100079529753031,6,time1,TIME1,0.9543759219439414,0.9357445791825514,1.0,8
0.0014801089557611642,False,68,goleiro_time1,0.9249702428481624,9,goleiro1,GOL-TIME1,0.9529640435016685,0.9078431982740918,1.0,10
0.002214036965181703,False,68,time0,0.8525044891049305,2,time0,TIME0,0.9451731846302642,0.9696350097486589,1.0,4
0.004162868135408554,False,68,time1,0.8808182794050659,8,time1,TIME1,0.939481953546557,0.919183783045048,1.0,3
0.00228295874776699,False,68,time1,0.8769926584345041,7,time1,TIME1,0.9347885711436577,0.9015136747861621,1.0,7
0.0036820427730461028,False,68,time0,0.8466214533291692,0,time0,TIME0,0.8353850594603278,0.941781263417159,0.0,5
0.0007802379267698014,False,69,time0,0.9147490386308538,2,time0,TIME0,0.9645173486991139,0.9681207180070923,1.0,4
0.001783553052768774,False,69,time0,0.9430884506350904,1,time0,TIME0,0.9623966761956363,0.9248889483036618,1.0,9
0.0014407267807405632,False,69,time1,0.9036088836242152,5,time1,TIME1,0.958333022212077,0.954873111429016,1.0,1
0.0021095688620300004,False,69,time0,0.8882832113746791,4,time0,TIME0,0.9574234617350257,0.9740258216113689,1.0,6
0.002193800078506218,False,69,time0,0.9090801063456102,3,time0,TIME0,0.9557524655395552,0.9422065944493214,1.0,2
0.0013600206930783872,False,69,goleiro_time1,0.9148718963847764,9,goleiro1,GOL-TIME1,0.9483825495901853,0.9014035423192777,1.0,10
0.0020072017014510827,False,69,time1,0.8962472560398048,7,time1,TIME1,0.9419851088571477,0.9006568253297189,1.0,7
0.003580040777326065,False,69,time1,0.8837154571744341,8,time1,TIME1,0.9406401959845275,0.9193104059580753,1.0,3
0.0038457751630250688,False,69,time1,0.6958075442643913,6,time1,TIME1,0.8864949137237949,0.9334493475434311,1.0,8
0.003943003391230146,False,69,time0,0.838480589920337,0,time0,TIME0,0.8332157411264788,0.9417361616758892,0.0,5
0.001383778054718201,False,70,time0,0.9345157506322651,2,time0,TIME0,0.9706259640394391,0.9681207180070923,1.0,4
0.0016193505157397268,False,70,time0,0.9596862082522162,1,time0,TIME0,0.9674601143213198,0.9248889483036618,1.0,9
0.0015185125235932673,False,70,time0,0.9182350355044726,4,time0,TIME0,0.9671929412506072,0.9740258216113689,1.0,6
0.0014902138704660198,False,70,goleiro_time1,0.9113158977757277,9,goleiro1,GOL-TIME1,0.9472923178710908,0.9014035423192777,1.0,10
0.0009499058150269809,False,70,time1,0.901417972986552,7,time1,TIME1,0.9437272789217377,0.9006568253297189,1.0,7
0.0024232993738812748,False,70,time1,0.8848358674179992,8,time1,TIME1,0.9419898898417077,0.9193104059580753,1.0,3
0.0016330792641641664,False,70,time1,0.8400610429255555,5,time1,TIME1,0.9390335855192458,0.954873111429016,1.0,1
0.0031810114775202114,False,70,time0,0.8390525518224106,3,time0,TIME0,0.9331386797335604,0.9422065944493214,1.0,2
0.0008233954561983186,False,70,time1,0.7634736474133103,6,time1,TIME1,0.9090089580568642,0.9334493475434311,1.0,8
0.0027010826847164325,False,70,time0,0.9095493431465954,0,time0,TIME0,0.8545860554876794,0.9417361616758892,0.0,5
0.0018000980296439884,False,71,time0,0.9030126081025672,4,time0,TIME0,0.9625731194859644,0.9740258216113689,1.0,6
0.0017864701507063526,False,71,time0,0.9423537328694213,1,time0,TIME0,0.9621058674134525,0.9248889483036618,1.0,9
0.0011278254117416536,False,71,time1,0.93371957424958,6,time1,TIME1,0.9618171640084533,0.9334493475434311,1.0,8
0.002743676232497165,False,71,time0,0.8655985892902597,3,time0,TIME0,0.9423338128894517,0.9422065944493214,1.0,2
0.0018342665942372145,False,71,goleiro_time1,0.8883444723932036,9,goleiro1,GOL-TIME1,0.9399518012335938,0.9014035423192777,1.0,10
0.002584868481347113,False,71,time1,0.872505306541747,8,time1,TIME1,0.9390799095602442,0.9193104059580753,1.0,3
0.0017453695146219413,False,71,time1,0.7976208325302966,5,time1,TIME1,0.9263225392302478,0.954873111429016,1.0,1
0.0019328732277898602,False,71,time1,0.8127994400586439,7,time1,TIME1,0.915389423237668,0.9006568253297189,1.0,7
0.0032282590914721227,False,71,time0,0.7569158842269333,2,time0,TIME0,0.9141672297547315,0.9681207180070923,1.0,4
0.005177225980944094,False,71,time0,0.8158253046181216,0,time0,TIME0,0.8237449156831205,0.9417361616758892,0.0,5
0.0020047386244331842,False,72,time0,0.9083808048353532,4,time0,TIME0,0.9636341873853329,0.9739013914006064,1.0,6
0.0014624921864741275,False,72,time0,0.935150229351907,1,time0,TIME0,0.9600477763951457,0.9247543817768584,1.0,9
0.0008588344135341447,False,72,time1,0.9532138092117308,7,time1,TIME1,0.9585283228230965,0.900616100951731,1.0,7
0.0012582773648191446,False,72,time1,0.8940789281689218,5,time1,TIME1,0.9553626734944961,0.9558066750765115,1.0,1
0.0021470778084265664,False,72,time0,0.8984128116071394,3,time0,TIME0,0.952677824297887,0.9421460495497126,1.0,2
0.002245411921198341,False,72,time1,0.877023982701922,8,time1,TIME1,0.9401107478902387,0.9178516913359676,1.0,3
0.0022523450749801573,False,72,goleiro_time1,0.8792822976389945,9,goleiro1,GOL-TIME1,0.9377610127799741,0.905273850679775,1.0,10
0.0020712120491531536,False,72,time1,0.8436531175465375,6,time1,TIME1,0.9337885712164161,0.933479250058737,1.0,8
0.003206317164136651,False,72,time0,0.7644605920923984,2,time0,TIME0,0.9168114223077308,0.9677582012024625,1.0,4
0.005975198430221579,False,72,time0,0.8107180871254233,0,time0,TIME0,0.82246565772676,0.9424947465694478,0.0,5
0.0013928063067033952,False,73,time1,0.955558142879879,5,time1,TIME1,0.97424604805392,0.9558066750765115,1.0,1
0.0019183848195715623,False,73,time0,0.9304038836138038,4,time0,TIME0,0.9707758219920133,0.9739013914006064,1.0,6
0.001305148558089614,False,73,time0,0.9456077016559169,3,time0,TIME0,0.9672981562811334,0.9421460495497126,1.0,2
0.0014543839897542975,False,73,time0,0.9479020127948595,1,time0,TIME0,0.9640434029691171,0.9247543817768584,1.0,9
0.0011948672555009941,False,73,time1,0.9571006852395724,7,time1,TIME1,0.9609683459729313,0.900616100951731,1.0,7
0.0016410028221023579,False,73,time1,0.9083727625663806,8,time1,TIME1,0.9500699397099653,0.9178516913359676,1.0,3
0.001179718541768758,False,73,goleiro_time1,0.9180911829901132,9,goleiro1,GOL-TIME1,0.9498680724211522,0.905273850679775,1.0,10
0.0019985630740930274,False,73,time0,0.8292946017277187,2,time0,TIME0,0.9379280088967276,0.9677582012024625,1.0,4
0.0020244462709901384,False,73,time1,0.84569306814563,6,time1,TIME1,0.9350930471180596,0.933479250058737,1.0,8
0.004998122899424486,False,73,time0,0.8406035981888533,0,time0,TIME0,0.8325812014757474,0.9424947465694478,0.0,5
0.0016059032711083952,False,74,time0,0.9349181225733801,4,time0,TIME0,0.9722746808654591,0.9739013914006064,1.0,6
0.0016490757361476193,False,74,time0,0.9560368632542019,1,time0,TIME0,0.9662584829021318,0.9247543817768584,1.0,9
0.001693916660423504,False,74,time1,0.9261765292520094,5,time1,TIME1,0.9647704433268924,0.9558066750765115,1.0,1
0.0022719418949765026,False,74,time0,0.8870531816107456,2,time0,TIME0,0.9555630998544237,0.9677582012024625,1.0,4
0.0011456672974799263,False,74,goleiro_time1,0.9276590123024206,9,goleiro1,GOL-TIME1,0.9534540201484739,0.905273850679775,1.0,10
0.0018942263610239212,False,74,time1,0.9301103145243195,7,time1,TIME1,0.9518142940305215,0.900616100951731,1.0,7
0.001578409084607127,False,74,time1,0.891976333121827,6,time1,TIME1,0.9491209317615794,0.933479250058737,1.0,8
0.0014077054442161359,False,74,time0,0.8750444219459498,3,time0,TIME0,0.9449252170198241,0.9421460495497126,1.0,2
0.002874141389520354,False,74,time1,0.8665520702422462,8,time1,TIME1,0.9358525900358642,0.9178516913359676,1.0,3
0.004138353386785207,False,74,time0,0.8547130520712222,0,time0,TIME0,0.8376462834692568,0.9424947465694478,0.0,5
0.0018411337282905433,False,75,time0,0.937835060989805,4,time0,TIME0,0.9726215268392476,0.9732367360572598,1.0,6
0.0015000438833506161,False,75,time0,0.9613190214220313,1,time0,TIME0,0.9677583092785631,0.9233515211065083,1.0,9
0.0015285924373845483,False,75,time0,0.9015686512157745,2,time0,TIME0,0.9603005130489118,0.9669213589833093,1.0,4
0.001286324277145635,False,75,time1,0.9070694149470394,5,time1,TIME1,0.9595772901205974,0.9571626117527026,1.0,1
0.0007045395978569954,False,75,time1,0.9406781272434548,7,time1,TIME1,0.9549917955263322,0.8972995131118413,1.0,7
0.0014583251510868736,False,75,goleiro_time1,0.8948627120384254,9,goleiro1,GOL-TIME1,0.9426391805320751,0.9031879265520746,1.0,10
0.0018742654584593267,False,75,time1,0.8606415899396624,6,time1,TIME1,0.9394227171470416,0.9330790855625934,1.0,8
0.0034065110596395577,False,75,time0,0.8677972475304737,3,time0,TIME0,0.9393726135446082,0.9416505640271009,1.0,2
0.0043245389781937016,False,75,time1,0.8079317046066868,8,time1,TIME1,0.9163475531060645,0.915557278292841,1.0,3
0.003334853246339248,False,75,time0,0.854527874234105,0,time0,TIME0,0.8377359820471724,0.941081141257512,0.0,5
0.002040959428520803,False,76,time0,0.9202404272374468,4,time0,TIME0,0.9673041344458987,0.9732367360572598,1.0,6
0.0018723463407125398,False,76,time0,0.9382840826849882,3,time0,TIME0,0.9640264532562336,0.9416505640271009,1.0,2
0.001487558686861129,False,76,time0,0.9460713689569783,1,time0,TIME0,0.9630271494281358,0.9233515211065083,1.0,9
0.0010717122140863789,False,76,time1,0.9417091611278922,7,time1,TIME1,0.95538250869332,0.8972995131118413,1.0,7
0.002580300349052032,False,76,time1,0.8701942010622638,5,time1,TIME1,0.9468738302011228,0.9571626117527026,1.0,1
0.0034238870192612094,False,76,time1,0.8623377103449507,8,time1,TIME1,0.9337529221432728,0.915557278292841,1.0,3
0.001909374966527094,False,76,goleiro_time1,0.8620538322297722,9,goleiro1,GOL-TIME1,0.9323692862739194,0.9031879265520746,1.0,10
0.0036015948116994065,False,76,time1,0.7539020991976191,6,time1,TIME1,0.9047582753150781,0.9330790855625934,1.0,8
0.004242919545468074,False,76,time0,0.7805966060608934,0,time0,TIME0,0.8144782114659079,0.941081141257512,0.0,5
0.001881271342171542,False,77,time0,0.931480425502212,4,time0,TIME0,0.9709326622509901,0.9732367360572598,1.0,6
0.001365338528093522,False,77,time0,0.9597324904339349,1,time0,TIME0,0.967363230664798,0.9233515211065083,1.0,9
0.0013958675657530155,False,77,time0,0.9329391094048204,3,time0,TIME0,0.9632122610708208,0.9416505640271009,1.0,2
0.001612060747195015,False,77,time1,0.9203481379622432,6,time1,TIME1,0.9559705712361876,0.9330790855625934,1.0,8
0.0022617692288781502,False,77,time1,0.8787923604857962,5,time1,TIME1,0.9506369208967451,0.9571626117527026,1.0,1
0.0015135875600771646,False,77,goleiro_time1,0.9052823287963505,9,goleiro1,GOL-TIME1,0.9455924271117904,0.9031879265520746,1.0,10
0.0029877132885432907,False,77,time1,0.8983493318630053,8,time1,TIME1,0.9452405564955751,0.915557278292841,1.0,3
0.0029444718815908755,False,77,time1,0.9059764442419979,7,time1,TIME1,0.9421274684227668,0.8972995131118413,1.0,7
0.0014790758011248668,False,77,time0,0.9249541556648887,0,time0,TIME0,0.8591239894459186,0.941081141257512,0.0,5
0.0014998623832118071,False,78,time0,0.9281517893447065,4,time0,TIME0,0.9699068346449594,0.972469898270786,1.0,6
0.0016700259605779582,False,78,time0,0.9545216474403718,1,time0,TIME0,0.9650209676248752,0.9217601646848037,1.0,9
0.0013305443995156113,False,78,time1,0.9253151985101413,6,time1,TIME1,0.9590383323733205,0.9329482620488162,1.0,8
0.001604023873427764,False,78,time0,0.9069668945538449,3,time0,TIME0,0.95425951639666,0.9409918276934912,1.0,2
0.0014432452710387658,False,78,goleiro_time1,0.9232948201805663,9,goleiro1,GOL-TIME1,0.9512696392072314,0.9030799527391438,1.0,10
0.0025392285018984036,False,78,time1,0.914800582261169,8,time1,TIME1,0.949701836608111,0.913531525129572,1.0,3
0.002320401241518817,False,78,time1,0.8744886466551322,5,time1,TIME1,0.949669200250692,0.9580228400526084,1.0,1
0.002075830832649763,False,78,time1,0.90041750367493,7,time1,TIME1,0.9414821823475295,0.8969373440062268,1.0,7
0.002326259897162233,False,78,time0,0.912482722750932,0,time0,TIME0,0.8561536696608218,0.9404169133936293,0.0,5
0.0006405682667321697,False,79,time0,0.9628875230825351,3,time0,TIME0,0.9722669804183978,0.9409918276934912,1.0,2
0.001234139036877239,False,79,time1,0.9546720181422506,6,time1,TIME1,0.9684267573359947,0.9329482620488162,1.0,8
0.0014064980407882566,False,79,time0,0.9176911588066246,4,time0,TIME0,0.9668114846497949,0.972469898270786,1.0,6
0.0016659869601723448,False,79,time1,0.9273049972440588,5,time1,TIME1,0.9655119046170441,0.9580228400526084,1.0,1
0.0017363929961289062,False,79,time0,0.9510762801901976,1,time0,TIME0,0.9641006731497456,0.9217601646848037,1.0,9
0.001237406580521117,False,79,time1,0.9352783914948624,7,time1,TIME1,0.9529865390396103,0.8969373440062268,1.0,7
0.0022884481258471294,False,79,time1,0.9226372722751993,8,time1,TIME1,0.9527756076143206,0.913531525129572,1.0,3
0.001671864555901803,False,79,goleiro_time1,0.924451019455006,9,goleiro1,GOL-TIME1,0.9512460022258901,0.9030799527391438,1.0,10
0.0012308798268712195,False,79,time0,0.9503539513895565,0,time0,TIME0,0.8683430740321474,0.9404169133936293,0.0,5
0.001365253568278993,False,80,time0,0.9307346382801472,4,time0,TIME0,0.9705654675461879,0.972469898270786,1.0,6
0.0016108480405430442,False,80,time1,0.930817047337348,5,time1,TIME1,0.9670256199449196,0.9580228400526084,1.0,1
0.0013614305930833156,False,80,time0,0.9357286033412537,3,time0,TIME0,0.9638774149505541,0.9409918276934912,1.0,2
0.0019312487095528158,False,80,time1,0.928763883075254,6,time1,TIME1,0.9595982552062989,0.9329482620488162,1.0,8
0.001879393135010605,False,80,time1,0.9240134137517578,8,time1,TIME1,0.9535903920311687,0.913531525129572,1.0,3
0.0016702478301573013,False,80,goleiro_time1,0.9221836487530523,9,goleiro1,GOL-TIME1,0.9508756030753239,0.9030799527391438,1.0,10
0.00175311774147792,False,80,time0,0.9081740254397558,1,time0,TIME0,0.9506498051918918,0.9217601646848037,1.0,9
0.0013451317290975773,False,80,time1,0.9125066453022264,7,time1,TIME1,0.9466414632844503,0.8969373440062268,1.0,7
0.0007110071502093802,False,80,time0,0.9611618197770534,0,time0,TIME0,0.8723369933968823,0.9404169133936293,0.0,5
0.0013362880076649589,False,81,time0,0.933417314266785,4,time0,TIME0,0.9717238194858643,0.9725378185498108,1.0,6
0.0013927572789378135,False,81,time1,0.9272242396089968,5,time1,TIME1,0.9665499908313844,0.9594357695996386,1.0,1
0.001118084471375984,False,81,goleiro_time1,0.9501952592377557,9,goleiro1,GOL-TIME1,0.9597756403604247,0.9044468362417866,1.0,10
0.002022573908198608,False,81,time0,0.9121851356843861,3,time0,TIME0,0.9563051638039556,0.9401968608443939,1.0,2
0.0019494015373893582,False,81,time0,0.9213874453873175,1,time0,TIME0,0.9539757125433196,0.9190694069126206,1.0,9
0.0016709266428410283,False,81,time1,0.9184057812622477,8,time1,TIME1,0.9513355477695294,0.9104583002752615,1.0,3
0.0014581082600444329,False,81,time1,0.922777796295068,7,time1,TIME1,0.9491467891082052,0.8965134046553012,1.0,7
0.002863456150579187,False,81,time1,0.8971902130962787,6,time1,TIME1,0.9487909749059549,0.931714035641694,1.0,8
0.001077277460739747,False,81,time0,0.949681036592623,0,time0,TIME0,0.868308782684067,0.9385667146774531,0.0,5
0.001651482858739898,False,82,time1,0.941751096504653,5,time1,TIME1,0.9706053911301517,0.9594357695996386,1.0,1
0.0015215644749434615,False,82,time0,0.9169007389650955,4,time0,TIME0,0.9666674775040457,0.9725378185498108,1.0,6
0.0012058624624788628,False,82,time1,0.948809349885835,6,time1,TIME1,0.9653070196042198,0.931714035641694,1.0,8
0.0016849776974153625,False,82,time0,0.9418457149039916,1,time0,TIME0,0.9605518730327897,0.9190694069126206,1.0,9
0.00107101164736097,False,82,time1,0.9260721253018006,8,time1,TIME1,0.9539265610262598,0.9104583002752615,1.0,3
0.0014623106863353185,False,82,goleiro_time1,0.9248957866658126,9,goleiro1,GOL-TIME1,0.952001175531164,0.9044468362417866,1.0,10
0.0027432868243281523,False,82,time0,0.8800317484651088,3,time0,TIME0,0.945888333634084,0.9401968608443939,1.0,2
0.0010251625693623624,False,82,time1,0.9064476214953129,7,time1,TIME1,0.943961572322635,0.8965134046553012,1.0,7
0.001602341019725712,False,82,time0,0.936202967821279,0,time0,TIME0,0.8636254161534693,0.9385667146774531,0.0,5
0.0007401855432759893,False,83,time1,0.958234310124014,6,time1,TIME1,0.9694059678397071,0.931714035641694,1.0,8
0.0019979221415813834,False,83,time1,0.9329542499767279,5,time1,TIME1,0.967616776176572,0.9594357695996386,1.0,1
0.001606041912538219,False,83,time0,0.8993521447019057,4,time0,TIME0,0.9613071040425346,0.9725378185498108,1.0,6
0.0017704596089446975,False,83,time0,0.9161310272379719,1,time0,TIME0,0.9527086451966272,0.9190694069126206,1.0,9
0.0018897052001422229,False,83,time1,0.9307900073566249,7,time1,TIME1,0.949816182847865,0.8965134046553012,1.0,7
0.0014668581468793487,False,83,time1,0.8941448661655668,8,time1,TIME1,0.9438984213245382,0.9104583002752615,1.0,3
0.0021174929611135073,False,83,goleiro_time1,0.8875081050527936,9,goleiro1,GOL-TIME1,0.9399886188165371,0.9044468362417866,1.0,10
0.003256080021514872,False,83,time0,0.857833804928485,3,time0,TIME0,0.9390895666919004,0.9401968608443939,1.0,2
0.0028194928557759335,False,83,time0,0.8777013888089997,0,time0,TIME0,0.8444303462948815,0.9385667146774531,0.0,5
0.0014707193269342983,False,84,time1,0.9462578697486982,6,time1,TIME1,0.964825957581189,0.9312126700993703,1.0,8
0.0018638912698454926,False,84,time1,0.921573870764836,5,time1,TIME1,0.9645197683735037,0.9597882305877201,1.0,1
0.0018711540893534939,False,84,time0,0.896221239170556,4,time0,TIME0,0.9601008612373257,0.9728191286835942,1.0,6
0.0014336910258069336,False,84,time1,0.9289429961982768,8,time1,TIME1,0.9540102890522333,0.9094634720696213,1.0,3
0.0017176975077700094,False,84,goleiro_time1,0.9112333275724873,9,goleiro1,GOL-TIME1,0.9479947620282295,0.9058431346363318,1.0,10
0.0018765659754244575,False,84,time1,0.9146730506099421,7,time1,TIME1,0.9464894840809887,0.8977444627318576,1.0,7
0.0020347944846288296,False,84,time0,0.8910460436216533,1,time0,TIME0,0.9440000018738165,0.9150498606534266,1.0,9
0.0033102945567162847,False,84,time0,0.85705567790168,3,time0,TIME0,0.9386787774620492,0.9404101067094772,1.0,2
0.00155938479635455,False,85,time0,0.9249208923434713,4,time0,TIME0,0.9688442228899986,0.9728191286835942,1.0,6
0.0016819727174785513,False,85,time1,0.9262406318019039,5,time1,TIME1,0.9661627671125066,0.9597882305877201,1.0,1
0.0013801514070429764,False,85,time1,0.928373895418699,6,time1,TIME1,0.9599981053637293,0.9312126700993703,1.0,8
0.00111625604958407,False,85,goleiro_time1,0.930692822794818,9,goleiro1,GOL-TIME1,0.9542204962638955,0.9058431346363318,1.0,10
0.002041206190784658,False,85,time1,0.9144777201032367,8,time1,TIME1,0.948987943646544,0.9094634720696213,1.0,3
0.0019427735895654677,False,85,time0,0.8821911394865255,1,time0,TIME0,0.9415170804649671,0.9150498606534266,1.0,9
0.0022561759508974402,False,85,time1,0.8912519749532607,7,time1,TIME1,0.939469476974123,0.8977444627318576,1.0,7
0.0034392267572898065,False,85,time0,0.8421893554473932,3,time0,TIME0,0.9342736884644594,0.9404101067094772,1.0,2
0.0015361466095303992,False,86,time0,0.9462222877312166,4,time0,TIME0,0.9755860282858477,0.9728191286835942,1.0,6
0.001614101947324972,False,86,time1,0.9242836254579562,5,time1,TIME1,0.9656911941151807,0.9597882305877201,1.0,1
0.001429119105494644,False,86,time1,0.9167939299753659,6,time1,TIME1,0.9562154876666814,0.9312126700993703,1.0,8
0.00155223009768058,False,86,time0,0.9117452346670724,1,time0,TIME0,0.9505566572126963,0.9150498606534266,1.0,9
0.002512439427743194,False,86,time1,0.9191161692090497,8,time1,TIME1,0.9497740601268102,0.9094634720696213,1.0,3
0.0015507594811712555,False,86,goleiro_time1,0.9095812103995281,9,goleiro1,GOL-TIME1,0.9476252057775507,0.9058431346363318,1.0,10
0.0035873484036661875,False,86,time0,0.8259143402633875,3,time0,TIME0,0.9293079199273091,0.9404101067094772,1.0,2
0.0018715015046460264,False,86,time1,0.8373869642410897,7,time1,TIME1,0.9236650230576127,0.8977444627318576,1.0,7
0.001379890033855604,False,87,time0,0.9264409656215269,4,time0,TIME0,0.9693491027127086,0.9721889089531484,1.0,6
0.0019129365685353987,False,87,time1,0.8929432110713788,5,time1,TIME1,0.9556041336767609,0.9591345402441944,1.0,1
0.002633121110378917,False,87,time1,0.93284729656424,8,time1,TIME1,0.9538876643518562,0.9079449161133419,1.0,3
0.001533258841668919,False,87,time0,0.9095164690935781,1,time0,TIME0,0.9493279573554751,0.9115198373586852,1.0,9
0.001988080439957973,False,87,goleiro_time1,0.8924048807162889,9,goleiro1,GOL-TIME1,0.9425843372098642,0.9079007167557249,1.0,10
0.001811013904718609,False,87,time1,0.854217939950794,6,time1,TIME1,0.9369730026821576,0.9307409628178349,1.0,8
0.002104405686346027,False,87,time1,0.8777485245216792,7,time1,TIME1,0.9353076887256845,0.8974853075992069,1.0,7
0.0037753890412161165,False,87,time0,0.8067739207115902,3,time0,TIME0,0.9240016972419062,0.9421223826518074,1.0,2
0.026442976659749064,False,87,time0,0.37888158432699076,0,time0,TIME0,0.6582845327061004,0.9390648178475868,0.0,5
0.00014542576864376663,False,88,time0,0.9074079673334128,4,time0,TIME0,0.9642616373494419,0.9721889089531484,1.0,6
0.0014916239869290746,False,88,time1,0.9340634953728542,6,time1,TIME1,0.9611306660267307,0.9307409628178349,1.0,8
0.0011755934992579847,False,88,goleiro_time1,0.9221812717378195,9,goleiro1,GOL-TIME1,0.9519773385388072,0.9079007167557249,1.0,10
0.002565677520337371,False,88,time1,0.9222725709910035,8,time1,TIME1,0.9509313494826804,0.9079449161133419,1.0,3
0.002324696420116774,False,88,time1,0.8706061618997366,5,time1,TIME1,0.9485708300967512,0.9591345402441944,1.0,1
0.002328857611134621,False,88,time0,0.8751312665280202,3,time0,TIME0,0.9448975834769054,0.9421223826518074,1.0,2
0.0020031792600921226,False,88,time0,0.8971945014365296,1,time0,TIME0,0.944858973997238,0.9115198373586852,1.0,9
0.002191666883672631,False,88,time1,0.8843224718044003,7,time1,TIME1,0.9374460441673941,0.8974853075992069,1.0,7
0.001109011737245858,False,89,time1,0.9504650969472306,6,time1,TIME1,0.9665556752782372,0.9307409628178349,1.0,8
0.0014700552334031521,False,89,time0,0.8919631014620933,4,time0,TIME0,0.9582787023855909,0.9721889089531484,1.0,6
0.0014601878814917884,False,89,time0,0.9366351743975312,1,time0,TIME0,0.9571455180733535,0.9115198373586852,1.0,9
0.0016030760032931847,False,89,time0,0.90564205627248,3,time0,TIME0,0.9550979568540319,0.9421223826518074,1.0,2
0.001014844118716022,False,89,goleiro_time1,0.9232545444274096,9,goleiro1,GOL-TIME1,0.952861170625,0.9079007167557249,1.0,10
0.0026054893647384563,False,89,time1,0.9135858478267643,8,time1,TIME1,0.9484895544618882,0.9079449161133419,1.0,3
0.0015764238389027897,False,89,time1,0.8517308465856317,5,time1,TIME1,0.9432780938623058,0.9591345402441944,1.0,1
0.0016986559028673372,False,89,time1,0.8963715510608853,7,time1,TIME1,0.9413091610295446,0.8974853075992069,1.0,7
0.0012208595472937035,False,90,time1,0.9441884681867254,6,time1,TIME1,0.9643391967791645,0.9293368973312945,1.0,8
0.0007760234329383807,False,90,time1,0.9521735570258663,8,time1,TIME1,0.9603018875321857,0.9069256028777335,1.0,3
0.0012681753455553641,False,90,time0,0.9138135545433785,3,time0,TIME0,0.9584741471426955,0.9428586782689721,1.0,2
0.0019774174962038037,False,90,time1,0.8852022243820862,5,time1,TIME1,0.953337493669541,0.9593920578581498,1.0,1
0.0018241510730841756,False,90,time0,0.9254923112879901,1,time0,TIME0,0.9532567866259508,0.9100720176059991,1.0,9
0.0018810325888583563,False,90,time0,0.8646410167658701,4,time0,TIME0,0.95054646432268,0.972887082441352,1.0,6
0.0014242245543452708,False,90,goleiro_time1,0.9160649845421438,9,goleiro1,GOL-TIME1,0.9501151988968904,0.9078476984247275,1.0,10
0.001935593889977923,False,90,time1,0.8853824485718174,7,time1,TIME1,0.9382059357048732,0.8980647044314904,1.0,7
0.001997126441509515,False,91,time1,0.8969361165204537,5,time1,TIME1,0.9565064897874483,0.9593920578581498,1.0,1
0.0015677895407072583,False,91,time0,0.9060600825623853,3,time0,TIME0,0.955703023814333,0.9428586782689721,1.0,2
0.0011437880080283581,False,91,time0,0.9200915571009302,1,time0,TIME0,0.9519523857326823,0.9100720176059991,1.0,9
0.0016120594484462579,False,91,time1,0.880049517209382,6,time1,TIME1,0.9437753204767231,0.9293368973312945,1.0,8
0.002899692106735639,False,91,time1,0.880312204671828,8,time1,TIME1,0.9367393765678572,0.9069256028777335,1.0,3
0.002600766031966898,False,91,time1,0.8287444463247167,7,time1,TIME1,0.9198571496796847,0.8980647044314904,1.0,7
0.0021632946347824793,False,91,goleiro_time1,0.8158817558726578,9,goleiro1,GOL-TIME1,0.9185015281815628,0.9078476984247275,1.0,10
0.004733181183383585,False,91,time0,0.6760122387163238,4,time0,TIME0,0.8897734478775989,0.972887082441352,1.0,6
0.02056424409221213,False,91,time0,0.35874136754637737,0,time0,TIME0,0.6696838959393446,0.9390648178475868,0.0,5
0.0008056015700495282,False,92,time1,0.9533900035283713,6,time1,TIME1,0.9668707755091056,0.9293368973312945,1.0,8
0.002089803421153354,False,92,time1,0.9050671866205172,5,time1,TIME1,0.9592515566662353,0.9593920578581498,1.0,1
0.001555270793208212,False,92,time0,0.9155583480845333,3,time0,TIME0,0.9583433683076793,0.9428586782689721,1.0,2
0.0012945911376719614,False,92,time0,0.899094332591842,1,time0,TIME0,0.9459552574817028,0.9100720176059991,1.0,9
0.0018176776763623838,False,92,goleiro_time1,0.8699529338550912,9,goleiro1,GOL-TIME1,0.9352334285924234,0.9078476984247275,1.0,10
0.0023669473146837507,False,92,time0,0.8057850052561776,4,time0,TIME0,0.9311025171505721,0.972887082441352,1.0,6
0.003855621410269129,False,92,time1,0.8432201500745874,8,time1,TIME1,0.9254440256306186,0.9069256028777335,1.0,3
0.003411554966896001,False,92,time1,0.7926294279876955,7,time1,TIME1,0.9085826212615534,0.8980647044314904,1.0,7
0.002724328988720315,False,92,time0,0.7403846587594486,0,time0,TIME0,0.7922393165444476,0.9390648178475868,0.0,5
0.0009435673799468676,False,93,time1,0.9329210187087834,6,time1,TIME1,0.960293782019639,0.929494419510138,1.0,8
0.0026234640475371455,False,93,time1,0.8926801129920248,5,time1,TIME1,0.9546640612534959,0.9585007137144075,1.0,1
0.0013659578147925471,False,93,goleiro_time1,0.8914933257889601,9,goleiro1,GOL-TIME1,0.9431512124201527,0.9091405177413302,1.0,10
0.002505767106003435,False,93,time0,0.8641411748080527,3,time0,TIME0,0.9421605636912224,0.9437904343878298,1.0,2
0.002346624927048422,False,93,time0,0.8049757322249815,4,time0,TIME0,0.9325078341628201,0.9727259845599523,1.0,6
0.0018232019042008394,False,93,time0,0.8035023789514257,1,time0,TIME0,0.9153519559708775,0.9108879587119226,1.0,9
0.003797867351788283,False,93,time1,0.7860848971281463,7,time1,TIME1,0.9074107260120087,0.9012064264413941,1.0,7
0.005754915056027122,False,93,time1,0.7807482680718433,8,time1,TIME1,0.904214492390509,0.9062970092881253,1.0,3
0.001796302436401274,False,93,time0,0.8344302122113216,0,time0,TIME0,0.8320087572453139,0.9380318356988979,0.0,5
0.0012929376140460077,False,94,time1,0.8924558070066678,6,time1,TIME1,0.9477932236913279,0.929494419510138,1.0,8
0.0034026321300182605,False,94,time1,0.8532974066953491,5,time1,TIME1,0.9418262391366696,0.9585007137144075,1.0,1
0.003087201772502028,False,94,time0,0.8329874790695198,3,time0,TIME0,0.9325943466584373,0.9437904343878298,1.0,2
0.0027336682910328422,False,94,time0,0.808974330802877,4,time0,TIME0,0.932452570698152,0.9727259845599523,1.0,6
0.0029306921572777186,False,94,goleiro_time1,0.8142895898152958,9,goleiro1,GOL-TIME1,0.9177961351536315,0.9091405177413302,1.0,10
0.003461548135720486,False,94,time1,0.8137129415530996,7,time1,TIME1,0.9159942635265169,0.9012064264413941,1.0,7
0.0012442058549518855,False,94,time0,0.7865494812752274,1,time0,TIME0,0.9114318534160217,0.9108879587119226,1.0,9
0.007051487976073402,False,94,time1,0.7489143476411408,8,time1,TIME1,0.8938470049117208,0.9062970092881253,1.0,3
0.0020051234869815472,False,94,time0,0.7984435015457313,0,time0,TIME0,0.8218084904806837,0.9380318356988979,0.0,5
0.002640468348556132,False,95,time1,0.8519666573352087,6,time1,TIME1,0.9343621675438011,0.929494419510138,1.0,8
0.0043665967921121185,False,95,time1,0.816886998227384,5,time1,TIME1,0.9300631704910197,0.9585007137144075,1.0,1
0.003337652266368991,False,95,time0,0.8247626941564142,3,time0,TIME0,0.9298543845248285,0.9437904343878298,1.0,2
0.0032099893762474385,False,95,time0,0.7700978644786937,4,time0,TIME0,0.9208850556402005,0.9727259845599523,1.0,6
0.0025962126188243976,False,95,goleiro_time1,0.8159183242592231,9,goleiro1,GOL-TIME1,0.9193429764783688,0.9091405177413302,1.0,10
0.003397011794771777,False,95,time1,0.8233524796040057,7,time1,TIME1,0.9190088083221762,0.9012064264413941,1.0,7
0.0067969310550945175,False,95,time1,0.7514776236046683,8,time1,TIME1,0.8955091715099928,0.9062970092881253,1.0,3
0.00153207243467928,False,95,time0,0.6953194313552938,1,time0,TIME0,0.8843791776142189,0.9108879587119226,1.0,9
0.0020916396354378106,False,95,time0,0.829484066828408,0,time0,TIME0,0.830997947457103,0.9380318356988979,0.0,5
0.0019517120114282938,False,96,time1,0.8895167195292546,6,time1,TIME1,0.947177724444675,0.9302763702853862,1.0,8
0.003529516420259913,False,96,time1,0.8442484907559955,5,time1,TIME1,0.9390272997641101,0.9582032875060336,1.0,1
0.0023234535175562002,False,96,time1,0.884395438986317,7,time1,TIME1,0.9386058783310375,0.9050140778241442,1.0,7
0.002756090971866578,False,96,time0,0.8046769408305422,4,time0,TIME0,0.9317100483012201,0.9726466933660722,1.0,6
0.0023193709008381596,False,96,goleiro_time1,0.8483871820753254,9,goleiro1,GOL-TIME1,0.9297334095219343,0.9104594195840213,1.0,10
0.0034208947021247805,False,96,time0,0.8177704809194579,3,time0,TIME0,0.928544542804261,0.9455327542963574,1.0,2
0.006039048382452145,False,96,time1,0.7654483754787307,8,time1,TIME1,0.9002496562396161,0.906510242700842,1.0,3
0.00412478665726822,False,96,time0,0.6325614963841072,1,time0,TIME0,0.8614039273193632,0.9108879587119226,1.0,9
0.0034287917439425135,False,96,time0,0.7055385786008178,0,time0,TIME0,0.7900055803095933,0.93881032783613,0.0,5
0.0016407455616193828,False,97,time1,0.917564839084584,6,time1,TIME1,0.9560784860197479,0.9302763702853862,1.0,8
0.00301338587168362,False,97,time1,0.8673799004080546,5,time1,TIME1,0.946622458693427,0.9582032875060336,1.0,1
0.0022380244218096553,False,97,time0,0.8456938461022012,4,time0,TIME0,0.944442377169452,0.9726466933660722,1.0,6
0.002174289841760348,False,97,goleiro_time1,0.8910691218147825,9,goleiro1,GOL-TIME1,0.9425648123643284,0.9104594195840213,1.0,10
0.0023266876184195816,False,97,time1,0.886303912878193,7,time1,TIME1,0.9399149270703685,0.9050140778241442,1.0,7
0.002625231211679348,False,97,time0,0.8511612544780649,3,time0,TIME0,0.9387443427749136,0.9455327542963574,1.0,2
0.005339750534578929,False,97,time1,0.7776343271814357,8,time1,TIME1,0.9045176076166365,0.906510242700842,1.0,3
0.00157980480660479,False,98,time1,0.9123960185895785,6,time1,TIME1,0.9547523498676916,0.9302763702853862,1.0,8
0.001578731931902337,False,98,time0,0.8781082022303265,4,time0,TIME0,0.9546640730264796,0.9726466933660722,1.0,6
0.002746997565985401,False,98,time1,0.8704077787070011,5,time1,TIME1,0.9477510052953771,0.9582032875060336,1.0,1
0.0013668262447948153,False,98,goleiro_time1,0.9065656282296125,9,goleiro1,GOL-TIME1,0.9477031344439003,0.9104594195840213,1.0,10
0.002285715991378379,False,98,time0,0.8696710933703113,3,time0,TIME0,0.9449677370656869,0.9455327542963574,1.0,2
0.0020921987467777555,False,98,time1,0.8866235505704223,7,time1,TIME1,0.9400557636326704,0.9050140778241442,1.0,7
0.0026955028271395463,False,98,time1,0.8791754563346686,8,time1,TIME1,0.9359859535217464,0.906510242700842,1.0,3
0.003852188817304033,False,98,time0,0.659259475193049,0,time0,TIME0,0.7766795205411329,0.93881032783613,0.0,5
0.0012037153060961365,False,99,time1,0.9412471186402075,6,time1,TIME1,0.9630562057761946,0.9282333877218105,1.0,8
0.001279004204463257,False,99,time0,0.9003285217492167,4,time0,TIME0,0.9616235978763674,0.9715691763511156,1.0,6
0.0008392066941402857,False,99,goleiro_time1,0.9393872906507494,9,goleiro1,GOL-TIME1,0.9586731464559265,0.9119246858889166,1.0,10
0.002640932218320554,False,99,time1,0.8771376506494211,5,time1,TIME1,0.9499072480320837,0.9577014265999282,1.0,1
0.0021956715754652438,False,99,time1,0.9064023961805368,8,time1,TIME1,0.9460257493145974,0.9064044091555988,1.0,3
0.0018608316342318188,False,99,time1,0.8951951209469967,7,time1,TIME1,0.9439035160764736,0.9087794455374187,1.0,7
0.00250230377598442,False,99,time0,0.862923788987005,3,time0,TIME0,0.9430007230508717,0.9466191641127725,1.0,2
0.015374838878339915,False,99,time0,0.5823007977114936,0,time0,TIME0,0.7348862553101474,0.9374624838286334,0.0,5
0.0010327991038252282,False,100,time1,0.9501937428007096,6,time1,TIME1,0.9659568505625825,0.9282333877218105,1.0,8
0.0008860724218430688,False,100,goleiro_time1,0.9558825903266162,9,goleiro1,GOL-TIME1,0.9637186947484696,0.9119246858889166,1.0,10
0.0015205409526937795,False,100,time0,0.8994053507423094,4,time0,TIME0,0.9610390834058234,0.9715691763511156,1.0,6
0.0013608601176917459,False,100,time1,0.9477102962600155,8,time1,TIME1,0.959050155298111,0.9064044091555988,1.0,3
0.0013209972974019433,False,100,time1,0.9291781014374684,7,time1,TIME1,0.9543270612700187,0.9087794455374187,1.0,7
0.002436111313912243,False,100,time1,0.8801245301529569,5,time1,TIME1,0.9509698563827204,0.9577014265999282,1.0,1
0.002153031705645506,False,100,time0,0.8751128973555844,3,time0,TIME0,0.9468964954664203,0.9466191641127725,1.0,2
0.002389643598588989,False,100,time0,0.9146915988148744,0,time0,TIME0,0.8477397194621776,0.9374624838286334,0.0,5
0.0016462571266574564,False,101,time0,0.9229402582000809,4,time0,TIME0,0.967918081559263,0.9715691763511156,1.0,6
0.0010381702957684685,False,101,time1,0.9536506850685124,6,time1,TIME1,0.9671823190830656,0.9282333877218105,1.0,8
0.0014094324553759303,False,101,goleiro_time1,0.9372925305755508,9,goleiro1,GOL-TIME1,0.9575295847064385,0.9119246858889166,1.0,10
0.002269069712100108,False,101,time1,0.8896042256396302,5,time1,TIME1,0.953998790815353,0.9577014265999282,1.0,1
0.001444316197618083,False,101,time1,0.9188259407274699,7,time1,TIME1,0.9514186655178037,0.9087794455374187,1.0,7
0.002101546923873456,False,101,time0,0.8799856100660589,3,time0,TIME0,0.9486191928503377,0.9466191641127725,1.0,2
0.0033727219461415396,False,101,time1,0.8536151093901214,8,time1,TIME1,0.9278998761059554,0.9064044091555988,1.0,3
0.0010129200224323327,False,101,time0,0.9214161254551613,0,time0,TIME0,0.8582159466694752,0.9374624838286334,0.0,5
0.0014314964650945718,False,102,time0,0.9311161004407101,4,time0,TIME0,0.9702952057929719,0.9696328109686223,1.0,6
0.0005930255662397322,False,102,time1,0.9588591670436039,6,time1,TIME1,0.9679877231315489,0.9250937250763303,1.0,8
0.0011791895181083535,False,102,goleiro_time1,0.9383094790129369,9,goleiro1,GOL-TIME1,0.9590646034967228,0.9153104978992022,1.0,10
0.0014618934632970903,False,102,time1,0.9255169720186757,7,time1,TIME1,0.9542499136551824,0.9119209604525084,1.0,7
0.002640500600816934,False,102,time1,0.8644056371958412,5,time1,TIME1,0.9460088720019085,0.9578934048699976,1.0,1
0.0023230428964908204,False,102,time0,0.8641579657594187,3,time0,TIME0,0.9435649893081749,0.9467179023199849,1.0,2
0.004163438286112935,False,102,time1,0.8297853675056791,8,time1,TIME1,0.9202532679459015,0.9064934403350988,1.0,3
0.001934861395678901,False,102,time0,0.8963580996358977,0,time0,TIME0,0.8504576757678165,0.9371447831569388,0.0,5
0.0004991316048959301,False,103,time1,0.9574758352466558,6,time1,TIME1,0.9679762213437536,0.9250937250763303,1.0,8
0.001568227760183727,False,103,time0,0.9129581092562713,4,time0,TIME0,0.9647335639386508,0.9696328109686223,1.0,6
0.0008558016728426498,False,103,goleiro_time1,0.9526506662678657,9,goleiro1,GOL-TIME1,0.9636229083645873,0.9153104978992022,1.0,10
0.0021193997407471014,False,103,time1,0.8909225381218917,5,time1,TIME1,0.9544459913290685,0.9578934048699976,1.0,1
0.001439621545548245,False,103,time1,0.9150107423287946,7,time1,TIME1,0.9509706620818965,0.9119209604525084,1.0,7
0.0021208541228969614,False,103,time1,0.907656860854733,8,time1,TIME1,0.9454379389594858,0.9064934403350988,1.0,3
0.0031115271202649605,False,103,time0,0.8245331992825259,3,time0,TIME0,0.9306043754165543,0.9467179023199849,1.0,2
0.00129349033987123,False,103,time0,0.9297533907163484,0,time0,TIME0,0.8615934813938371,0.9371447831569388,0.0,5
0.00033966633513031453,False,104,time1,0.9615425121026875,6,time1,TIME1,0.96930232020733,0.9250937250763303,1.0,8
0.0006800487137420605,False,104,goleiro_time1,0.96285286252346,9,goleiro1,GOL-TIME1,0.9669448927002363,0.9153104978992022,1.0,10
0.0013123571548370049,False,104,time0,0.8948705698157694,4,time0,TIME0,0.9592270770798053,0.9696328109686223,1.0,6
0.0013345785296133856,False,104,time1,0.9209298543472216,7,time1,TIME1,0.9529735162011559,0.9119209604525084,1.0,7
0.0017615045198061548,False,104,time1,0.9199497210571824,8,time1,TIME1,0.950552070680337,0.9064934403350988,1.0,3
0.0027812633202772856,False,104,time1,0.8554444997153802,5,time1,TIME1,0.9428408908258762,0.9578934048699976,1.0,1
0.0034582426036754623,False,104,time0,0.8219203030195106,3,time0,TIME0,0.9296654559215287,0.9467179023199849,1.0,2
0.0014750487059161936,False,104,time0,0.9228151781604386,0,time0,TIME0,0.8596658115008331,0.9371447831569388,0.0,5
0.0005302623961462275,False,105,time1,0.9830841805221232,6,time1,TIME1,0.9750871999376126,0.9237149752661643,1.0,8
0.000748197253786071,False,105,goleiro_time1,0.9599105443781277,9,goleiro1,GOL-TIME1,0.965880111858478,0.9145362335713125,1.0,10
0.0017041170331620087,False,105,time0,0.911416907480558,3,time0,TIME0,0.9570906707022263,0.9456645127116338,1.0,2
0.0014429257788445115,False,105,time0,0.881254635484728,4,time0,TIME0,0.9547800495986718,0.9674310121664926,1.0,6
0.002069916763726042,False,105,time1,0.8907087678125052,5,time1,TIME1,0.9540154361415376,0.9576398060594586,1.0,1
0.0041124931344494724,False,105,time1,0.8324833654345294,7,time1,TIME1,0.9226933422798901,0.914664225370356,1.0,7
0.005477929609845095,False,105,time1,0.7810548660399944,8,time1,TIME1,0.9041421740531268,0.9095029861077041,1.0,3
0.0015321016565263154,False,105,time0,0.9253978758529084,0,time0,TIME0,0.8603922957829548,0.9370356647881184,0.0,5
0.000578920992393698,False,106,time1,0.9747483536808482,6,time1,TIME1,0.9727934312677958,0.9237149752661643,1.0,8
0.0011996889684909048,False,106,time1,0.9420749882305981,5,time1,TIME1,0.9702683175516751,0.9576398060594586,1.0,1
0.0010671715719733237,False,106,goleiro_time1,0.9520437808762942,9,goleiro1,GOL-TIME1,0.9630499719161928,0.9145362335713125,1.0,10
0.0018234707451935655,False,106,time0,0.908875014665116,3,time0,TIME0,0.9572686292659058,0.9456645127116338,1.0,2
0.0015557947301026514,False,106,time1,0.9327782532696519,8,time1,TIME1,0.9531185323936247,0.9095029861077041,1.0,3
0.0018724818434995337,False,106,time0,0.8653085873516813,4,time0,TIME0,0.9493987676479312,0.9674310121664926,1.0,6
0.0024927066720436025,False,106,time1,0.8468734558295689,7,time1,TIME1,0.9285527142765366,0.914664225370356,1.0,7
0.002079805220304709,False,106,time0,0.8923180827536266,0,time0,TIME0,0.849461719168223,0.9370356647881184,0.0,5
0.0007145379610492348,False,107,time0,0.9685185484124005,3,time0,TIME0,0.9753410577023033,0.9456645127116338,1.0,2
0.001312599587938336,False,107,time1,0.9442442965680964,5,time1,TIME1,0.9713238963357782,0.9576398060594586,1.0,1
0.00046441074739373415,False,107,time1,0.9689004195196286,6,time1,TIME1,0.9710980098646244,0.9237149752661643,1.0,8
0.001069285285575554,False,107,goleiro_time1,0.9552286139175625,9,goleiro1,GOL-TIME1,0.9641902247970828,0.9145362335713125,1.0,10
0.0010080097780688108,False,107,time1,0.9451251677864825,8,time1,TIME1,0.9587502433034069,0.9095029861077041,1.0,3
0.0015532886861467044,False,107,time1,0.8981746276544409,7,time1,TIME1,0.946019590321311,0.914664225370356,1.0,7
0.0020610443615917034,False,107,time0,0.8339716269252513,4,time0,TIME0,0.93922072463577,0.9674310121664926,1.0,6
0.0016896452922194273,False,107,time0,0.9155353306250608,0,time0,TIME0,0.8570227011756146,0.9370356647881184,0.0,5
0.0009968814493433362,False,108,time1,0.9607718046328982,5,time1,TIME1,0.9763305743502727,0.9569395532278138,1.0,1
0.0007594985866689017,False,108,time0,0.9606791670487699,3,time0,TIME0,0.973504157930715,0.9451862184753831,1.0,2
0.0005798454309361173,False,108,time1,0.9609158717782673,6,time1,TIME1,0.9682993292799725,0.9226212907688522,1.0,8
0.0011014927395455126,False,108,goleiro_time1,0.9372685610918468,9,goleiro1,GOL-TIME1,0.9586899492521396,0.9147410351287127,1.0,10
0.0011663987909737517,False,108,time1,0.9308807805739727,7,time1,TIME1,0.9571043577179171,0.9166697290707073,1.0,7
0.0015663709823772823,False,108,time1,0.9380128621591036,8,time1,TIME1,0.9567534409995676,0.910888896495666,1.0,3
0.0027556296995996706,False,108,time0,0.8172836336495088,4,time0,TIME0,0.9332427854097269,0.9655589534562932,1.0,6
0.0023052543676806534,False,108,time0,0.8873126617598179,0,time0,TIME0,0.8476784555669706,0.9360008048765717,0.0,5
0.0007287287934585551,False,109,time0,0.9768360642569082,3,time0,TIME0,0.9780474512716106,0.9451862184753831,1.0,2
0.0010931891893667973,False,109,time1,0.9470521359163188,5,time1,TIME1,0.9721234467815852,0.9569395532278138,1.0,1
0.0006962023343251262,False,109,time1,0.9704312354554203,6,time1,TIME1,0.9709846654165629,0.9226212907688522,1.0,8
0.0007132307163106511,False,109,goleiro_time1,0.9614213480853364,9,goleiro1,GOL-TIME1,0.9660738608342508,0.9147410351287127,1.0,10
0.0013954619232245382,False,109,time1,0.9533096376141889,7,time1,TIME1,0.9630252518296122,0.9166697290707073,1.0,7
0.0015737682223816466,False,109,time1,0.9137263849390399,8,time1,TIME1,0.9497724508552342,0.910888896495666,1.0,3
0.0022919205471074447,False,109,time0,0.8543658377574697,4,time0,TIME0,0.9452201239780423,0.9655589534562932,1.0,6
0.0023709476773138395,False,109,time0,0.8852128263626644,0,time0,TIME0,0.8473506421552202,0.9360008048765717,0.0,5
0.0009150699100307158,False,110,time0,0.9588397657693531,3,time0,TIME0,0.9726746093369466,0.9451862184753831,1.0,2
0.0007455213984301292,False,110,time1,0.9630614039964852,6,time1,TIME1,0.9687888351362414,0.9226212907688522,1.0,8
0.0006308379869292148,False,110,time1,0.968421091838927,7,time1,TIME1,0.9685888034890567,0.9166697290707073,1.0,7
0.0007651733070195897,False,110,goleiro_time1,0.9524830736073217,9,goleiro1,GOL-TIME1,0.9634611768775412,0.9147410351287127,1.0,10
0.001539446297206016,False,110,time1,0.9184376443139569,5,time1,TIME1,0.962960525312997,0.9569395532278138,1.0,1
0.00209973906560353,False,110,time0,0.8734760313164722,4,time0,TIME0,0.95131331325699,0.9655589534562932,1.0,6
0.0020699542109818727,False,110,time1,0.8952792508769523,8,time1,TIME1,0.9436355668728643,0.910888896495666,1.0,3
0.0021554311439743053,False,110,time0,0.8952106235801266,0,time0,TIME0,0.8503568266933987,0.9360008048765717,0.0,5
0.0007845889515643155,False,111,time1,0.9679186718556586,6,time1,TIME1,0.9696935807142409,0.9202629078652647,1.0,8
0.001241788667056739,False,111,time0,0.941531467654538,3,time0,TIME0,0.9675746519336657,0.9459125584064529,1.0,2
0.0006345416395828308,False,111,goleiro_time1,0.9624950240598998,9,goleiro1,GOL-TIME1,0.9670403509159463,0.9159281510245106,1.0,10
0.0012431442360719943,False,111,time1,0.9591216310607471,8,time1,TIME1,0.9632585514622006,0.910677620985737,1.0,3
0.0006996515404514077,False,111,time1,0.9421174706295267,7,time1,TIME1,0.961285764275424,0.91845451765391,1.0,7
0.001648115311441721,False,111,time0,0.9025265095530073,4,time0,TIME0,0.9593497094927262,0.9618300680110012,1.0,6
0.0018658746756557575,False,111,time1,0.9030289287223315,5,time1,TIME1,0.9580467915907772,0.9563546030712591,1.0,1
0.0016268274123345282,False,111,time0,0.9190937581708511,0,time0,TIME0,0.8575824181088526,0.9348776854962103,0.0,5
0.0008261950714879085,False,112,time0,0.9566477397789844,4,time0,TIME0,0.9760022426265604,0.9618300680110012,1.0,6
0.0006799193800116628,False,112,time1,0.9657156885623549,7,time1,TIME1,0.9684832797433196,0.91845451765391,1.0,7
0.000974683452044584,False,112,time1,0.9596425245931798,6,time1,TIME1,0.9669425342487467,0.9202629078652647,1.0,8
0.0007044762297405537,False,112,goleiro_time1,0.9577049387102291,9,goleiro1,GOL-TIME1,0.9655114033299661,0.9159281510245106,1.0,10
0.0012901488757772587,False,112,time0,0.932635419725305,3,time0,TIME0,0.9648090420683006,0.9459125584064529,1.0,2
0.0016865613050665574,False,112,time1,0.9067096113885961,5,time1,TIME1,0.9593811041572037,0.9563546030712591,1.0,1
0.002162579673591679,False,112,time1,0.9027196504552241,8,time1,TIME1,0.9451717268201997,0.910677620985737,1.0,3
0.001971920542089248,False,112,time0,0.9098977692660173,0,time0,TIME0,0.8544913058332964,0.9348776854962103,0.0,5
0.0005876272088016553,False,113,time0,0.9636722636533687,4,time0,TIME0,0.978766647275948,0.9618300680110012,1.0,6
0.0005390235388037051,False,113,time1,0.9817377820692955,7,time1,TIME1,0.9732903179958496,0.91845451765391,1.0,7
0.0008769957373521399,False,113,time1,0.9656542605608097,6,time1,TIME1,0.9688945350794976,0.9202629078652647,1.0,8
0.0007128729110280616,False,113,goleiro_time1,0.9556284083246045,9,goleiro1,GOL-TIME1,0.9648108145266662,0.9159281510245106,1.0,10
0.0016123273153774162,False,113,time1,0.9019028186851257,5,time1,TIME1,0.9579478814065715,0.9563546030712591,1.0,1
0.0020088788190127907,False,113,time0,0.8966951615703201,3,time0,TIME0,0.9531548712625315,0.9459125584064529,1.0,2
0.002099439054640633,False,113,time1,0.9206366139145304,8,time1,TIME1,0.9515659848149883,0.910677620985737,1.0,3
0.0014419559382101241,False,113,time0,0.930680708137933,0,time0,TIME0,0.8609983150844756,0.9348776854962103,0.0,5
0.000816497476862008,False,114,time0,0.9491933366433586,4,time0,TIME0,0.9735337342438061,0.9590246575767194,1.0,6
0.0011996699201758004,False,114,time1,0.9677297070858232,7,time1,TIME1,0.9685855978776242,0.9192621703530284,1.0,7
0.0007750067291196736,False,114,time1,0.958238506245945,6,time1,TIME1,0.9659590019049619,0.9173799376429415,1.0,8
0.001055545714244805,False,114,goleiro_time1,0.9516163745535009,9,goleiro1,GOL-TIME1,0.9634209945716518,0.9166645962056685,1.0,10
0.001657076461407797,False,114,time1,0.9262956618260455,8,time1,TIME1,0.9533918298791998,0.9098561497544824,1.0,3
0.001981226509850342,False,114,time1,0.8763127432169924,5,time1,TIME1,0.949645871486209,0.9561330396721356,1.0,1
0.002542075142715908,False,114,time0,0.8712568715301795,3,time0,TIME0,0.9453858479563902,0.9467348059612195,1.0,2
0.00041087245443580003,False,115,time1,0.9864699785668409,7,time1,TIME1,0.974840227463342,0.9192621703530284,1.0,7
0.0009681281259220298,False,115,time0,0.9485144706127142,4,time0,TIME0,0.9733143061242527,0.9590246575767194,1.0,6
0.0004581307560076916,False,115,goleiro_time1,0.9636826834016474,9,goleiro1,GOL-TIME1,0.96736567256561,0.9166645962056685,1.0,10
0.0007320630603198305,False,115,time1,0.9480312820064701,6,time1,TIME1,0.9628734322997029,0.9173799376429415,1.0,8
0.0014265181446503636,False,115,time1,0.9338013264916577,8,time1,TIME1,0.9559846111542288,0.9098561497544824,1.0,3
0.0017517378209234687,False,115,time1,0.8829977073160789,5,time1,TIME1,0.9521820124366187,0.9561330396721356,1.0,1
0.002957994670108247,False,115,time0,0.8511272128268199,3,time0,TIME0,0.9389010108775445,0.9467348059612195,1.0,2
0.0019230276299201784,False,115,time0,0.895308067642985,0,time0,TIME0,0.8500840911595252,0.9348776854962103,0.0,5
0.0007298174154896885,False,116,time0,0.965402276306858,4,time0,TIME0,0.9784076820380999,0.9590246575767194,1.0,6
0.00045980679127876885,False,116,time1,0.9739784709839275,7,time1,TIME1,0.971365454352734,0.9192621703530284,1.0,7
0.0007518438156089047,False,116,goleiro_time1,0.9680111184536261,9,goleiro1,GOL-TIME1,0.968569233209824,0.9166645962056685,1.0,10
0.0007545205909118827,False,116,time1,0.9437887004573362,6,time1,TIME1,0.9617061993490427,0.9173799376429415,1.0,8
0.0019376922350531937,False,116,time1,0.9039271697436755,8,time1,TIME1,0.9463319354052465,0.9098561497544824,1.0,3
0.00208313477920174,False,116,time1,0.8524409543767428,5,time1,TIME1,0.9426341501153032,0.9561330396721356,1.0,1
0.0028562989626367656,False,116,time0,0.8516708282362124,3,time0,TIME0,0.9395179525667755,0.9467348059612195,1.0,2
0.0009219762230048847,False,116,time0,0.9571569380810511,0,time0,TIME0,0.8692683839665761,0.9348776854962103,0.0,5
0.0007397899660503798,False,117,time0,0.9592152774165655,4,time0,TIME0,0.976187489973144,0.9573061148375129,1.0,6
0.000567647528494614,False,117,goleiro_time1,0.9653486783335099,9,goleiro1,GOL-TIME1,0.9680300414549274,0.9162783581113864,1.0,10
0.0006570508495525104,False,117,time1,0.9507806715100631,6,time1,TIME1,0.9629786256735915,0.9142448130705643,1.0,8
0.0016848579960715804,False,117,time1,0.869506759590761,5,time1,TIME1,0.9479548107219508,0.9556466966196252,1.0,1
0.0029417001352850325,False,117,time0,0.8465307069270913,3,time0,TIME0,0.9376370502954757,0.9464981369821674,1.0,2
0.0027210847143250027,False,117,time1,0.8689394777235273,8,time1,TIME1,0.9349851511358785,0.9097754549793126,1.0,3
0.00027778769411221306,False,117,time1,0.9742418280488009,7,time1,TIME1,0.8720723265885637,0.9209809242149305,0.0,7
0.0014625406730943938,False,117,time0,0.9328423009989578,0,time0,TIME0,0.8613585676946216,0.9330054542530719,0.0,5
0.0008104822678788255,False,118,time0,0.9552079471943304,4,time0,TIME0,0.9751038406499787,0.9573061148375129,1.0,6
0.0008870644494353905,False,118,time1,0.9330119733288148,5,time1,TIME1,0.9674095296714844,0.9556466966196252,1.0,1
0.0005244430817672454,False,118,goleiro_time1,0.9588574505248947,9,goleiro1,GOL-TIME1,0.9660466282745682,0.9162783581113864,1.0,10
0.0006439857617429646,False,118,time1,0.9526592940728746,6,time1,TIME1,0.9636895261748437,0.9142448130705643,1.0,8
0.002091144162786965,False,118,time0,0.8818079785847063,3,time0,TIME0,0.9486858282165974,0.9464981369821674,1.0,2
0.0026523343665756567,False,118,time1,0.8852133586005128,8,time1,TIME1,0.9400391050171634,0.9097754549793126,1.0,3
0.0003405899348974949,False,118,time1,0.9862840517148641,7,time1,TIME1,0.875542794750807,0.9209809242149305,0.0,7
0.0013279066407898788,False,118,time0,0.9410518379280587,0,time0,TIME0,0.8642616461245036,0.9330054542530719,0.0,5
0.00039142793978849384,False,119,goleiro_time1,0.9722301142992589,9,goleiro1,GOL-TIME1,0.9702767812604214,0.9162783581113864,1.0,10
0.0007433073023718791,False,119,time1,0.9404049972868608,5,time1,TIME1,0.9701924559437458,0.9556466966196252,1.0,1
0.0011919960466861674,False,119,time0,0.9230233048939219,4,time0,TIME0,0.9646909209242254,0.9573061148375129,1.0,6
0.0008804925642661829,False,119,time1,0.9342248414979331,6,time1,TIME1,0.957866226621173,0.9142448130705643,1.0,8
0.0017833344300613237,False,119,time1,0.9162187916572349,8,time1,TIME1,0.9500913076314197,0.9097754549793126,1.0,3
0.0021055814868874826,False,119,time0,0.8818979602444091,3,time0,TIME0,0.949258699452566,0.9464981369821674,1.0,2
0.0009262598210930911,False,119,time1,0.9625549743625257,7,time1,TIME1,0.8677490505989608,0.9209809242149305,0.0,7
0.0011096289675926842,False,119,time0,0.9511956532583721,0,time0,TIME0,0.8671161356813404,0.9330054542530719,0.0,5
0.0003365322920357635,False,120,goleiro_time1,0.9724488972800934,9,goleiro1,GOL-TIME1,0.970428309900658,0.9162903684471886,1.0,10
0.0010421465233174873,False,120,time0,0.9352213549200887,4,time0,TIME0,0.9686178519560277,0.9565704893032474,1.0,6
0.0011471546894940303,False,120,time1,0.9167687181955579,5,time1,TIME1,0.9622469662299408,0.9543081318808977,1.0,1
0.0013497702102836697,False,120,time1,0.9354176223342874,8,time1,TIME1,0.9555897888842365,0.9092625847834013,1.0,3
0.0018452100677229242,False,120,time0,0.9001486973247004,3,time0,TIME0,0.9551612822053905,0.9479615165496474,1.0,2
0.0009642980076081882,False,120,time1,0.9281408975212683,6,time1,TIME1,0.9551512593429786,0.9108074833379225,1.0,8
0.0005727617846420685,False,120,time1,0.9847886863302111,7,time1,TIME1,0.8749258525565978,0.921162789971878,0.0,7
0.0010394834389909906,False,120,time0,0.962455616039276,0,time0,TIME0,0.8700905559562522,0.9300071984115659,0.0,5
0.0002807644533208224,False,121,goleiro_time1,0.9846077895161516,9,goleiro1,GOL-TIME1,0.9740057271612247,0.9162903684471886,1.0,10
0.0015810044175401266,False,121,time0,0.9066095731659063,4,time0,TIME0,0.9592846838963777,0.9565704893032474,1.0,6
0.0016774130270503917,False,121,time1,0.8769362111163346,5,time1,TIME1,0.9497522267327553,0.9543081318808977,1.0,1
0.0021934916256763997,False,121,time0,0.882517025924265,3,time0,TIME0,0.9495022211991817,0.9479615165496474,1.0,2
0.001320921104141525,False,121,time1,0.9026066204709662,6,time1,TIME1,0.9470228823907477,0.9108074833379225,1.0,8
0.0023143960437239704,False,121,time1,0.9058855073931441,8,time1,TIME1,0.9460275547165221,0.9092625847834013,1.0,3
0.001305548356248684,False,121,time1,0.9638111230343096,7,time1,TIME1,0.8677473352242084,0.921162789971878,0.0,7
0.0015986662101174103,False,121,time0,0.9401631933627747,0,time0,TIME0,0.8627082841822746,0.9300071984115659,0.0,5
0.0007224837059453605,False,122,time0,0.9546190180580842,4,time0,TIME0,0.9741500247213286,0.9565704893032474,1.0,6
0.00045904134123003494,False,122,goleiro_time1,0.9763631533105669,9,goleiro1,GOL-TIME1,0.9714365682449789,0.9162903684471886,1.0,10
0.0014060388248735478,False,122,time0,0.9207347351142081,3,time0,TIME0,0.9613767608528796,0.9479615165496474,1.0,2
0.0006634518951456239,False,122,time1,0.9486957077172793,6,time1,TIME1,0.9612177070153224,0.9108074833379225,1.0,8
0.00132548447435783,False,122,time1,0.9006273496638862,5,time1,TIME1,0.9572837544979983,0.9543081318808977,1.0,1
0.002293840530686736,False,122,time1,0.9273085215324399,8,time1,TIME1,0.9528084713902804,0.9092625847834013,1.0,3
0.0004129822447344931,False,122,time0,0.9820446579854465,0,time0,TIME0,0.8759072131185028,0.9300071984115659,0.0,5
0.0007494710557441585,False,122,time1,0.974300411203208,7,time1,TIME1,0.8715084374376327,0.921162789971878,0.0,7
0.00015980282268477356,False,123,time0,0.972047007087494,4,time0,TIME0,0.9795408474274659,0.9538411817816246,1.0,6
0.0006288306083814746,False,123,goleiro_time1,0.965612939749638,9,goleiro1,GOL-TIME1,0.967724573366845,0.9150495785693071,1.0,10
0.0016841716073534368,False,123,time1,0.9496762998629886,8,time1,TIME1,0.9601054965901036,0.9086295122766803,1.0,3
0.0007722900714069453,False,123,time1,0.9350133303966603,6,time1,TIME1,0.9567090866813207,0.9081729584070175,1.0,8
0.002482007363324233,False,123,time0,0.8770817323498658,3,time0,TIME0,0.9473499724824449,0.9490347465965704,1.0,2
0.001901193498731549,False,123,time1,0.8613344321072837,5,time1,TIME1,0.9446842048926521,0.9538956518783726,1.0,1
0.00017315740970946358,False,123,time1,0.9857220218186146,7,time1,TIME1,0.8756296650472273,0.9218692425089097,0.0,7
0.005235797385309428,False,123,time0,0.8832466777868201,0,time0,TIME0,0.8381605005937612,0.9266005822927313,0.0,5
0.00022568841477717974,False,124,time0,0.987683594203041,4,time0,TIME0,0.9844218375647849,0.9538411817816246,1.0,6
0.00031901885444671603,False,124,goleiro_time1,0.9698115030759646,9,goleiro1,GOL-TIME1,0.9690314888195019,0.9150495785693071,1.0,10
0.0018267814722336179,False,124,time1,0.9607862414266486,8,time1,TIME1,0.9634041196400348,0.9086295122766803,1.0,3
0.0014096435020489642,False,124,time1,0.896272525579644,5,time1,TIME1,0.9556996714990921,0.9538956518783726,1.0,1
0.0009206169742014842,False,124,time1,0.9222123698621262,6,time1,TIME1,0.9527669511292273,0.9081729584070175,1.0,8
0.0031726142009728567,False,124,time0,0.8657450286990067,3,time0,TIME0,0.9435933776783003,0.9490347465965704,1.0,2
0.0001890209899320697,False,124,time1,0.9809103677551133,7,time1,TIME1,0.8743486524134216,0.9218692425089097,0.0,7
0.01728196138160589,False,124,time0,0.633859855382261,0,time0,TIME0,0.7478783044948825,0.9266005822927313,0.0,5
0.00019492893038509294,False,125,time0,0.9936400199047235,4,time0,TIME0,0.9862030755935008,0.9538411817816246,1.0,6
0.0005784654562671343,False,125,goleiro_time1,0.9512887367302021,9,goleiro1,GOL-TIME1,0.963395666575061,0.9150495785693071,1.0,10
0.002132950668820877,False,125,time0,0.9114632156476444,3,time0,TIME0,0.9580409744972422,0.9490347465965704,1.0,2
0.0015206617363281926,False,125,time1,0.8898110235132078,5,time1,TIME1,0.9539193850732449,0.9538956518783726,1.0,1
0.0010227462472997208,False,125,time1,0.9169260004486236,6,time1,TIME1,0.9511001752142622,0.9081729584070175,1.0,8
0.00311967936621347,False,125,time1,0.9215130214246506,8,time1,TIME1,0.9496820991279781,0.9086295122766803,1.0,3
0.0004486875808518599,False,125,time1,0.9784090475392275,7,time1,TIME1,0.8731890785239822,0.9218692425089097,0.0,7
0.00417522876024642,False,125,time0,0.8518579041016032,0,time0,TIME0,0.8244567206835004,0.9266005822927313,0.0,5
0.0005906696901088286,False,126,time0,0.9667486785220178,4,time0,TIME0,0.9768784797260573,0.9511759631262098,1.0,6
0.0009489960415226109,False,126,time1,0.928934434631744,5,time1,TIME1,0.9657370258619994,0.9532407155500799,1.0,1
0.0005321073228702632,False,126,goleiro_time1,0.9542188001277953,9,goleiro1,GOL-TIME1,0.9644266335248587,0.9147289949905886,1.0,10
0.0020488969480081335,False,126,time0,0.9138988716310897,3,time0,TIME0,0.9598642347560874,0.9507614735474776,1.0,2
0.0009229420591639376,False,126,time1,0.9235110365174273,6,time1,TIME1,0.9529804907851487,0.9074534890675796,1.0,8
0.002691236870388624,False,126,time1,0.9115479968255445,8,time1,TIME1,0.9471487465517512,0.9072813716134083,1.0,3
0.0003299879511631133,False,126,time1,0.9730870987185053,7,time1,TIME1,0.8720109082365444,0.921873478698578,0.0,7
0.0011866123001716081,False,126,time0,0.9401696316301315,0,time0,TIME0,0.8593105468615445,0.9278655516166988,0.0,5
0.0002813696161271138,False,127,time0,0.9842762329357154,4,time0,TIME0,0.9825835737649941,0.9511759631262098,1.0,6
0.0005246451454280423,False,127,time1,0.973969396669487,5,time1,TIME1,0.9795863753653055,0.9532407155500799,1.0,1
0.0004344082170689284,False,127,goleiro_time1,0.9743375271084006,9,goleiro1,GOL-TIME1,0.9703810280193544,0.9147289949905886,1.0,10
0.0014824166158444593,False,127,time0,0.9351603720631021,3,time0,TIME0,0.966475322872476,0.9507614735474776,1.0,2
0.0009423823799350488,False,127,time1,0.9222683384921424,6,time1,TIME1,0.9525965999052578,0.9074534890675796,1.0,8
0.0020772566423269663,False,127,time1,0.9224363362133825,8,time1,TIME1,0.9510844601746301,0.9072813716134083,1.0,3
0.00034314221972064874,False,127,time1,0.9753738496326777,7,time1,TIME1,0.8726654890477383,0.921873478698578,0.0,7
0.0028253495632962144,False,127,time0,0.8871277433317039,0,time0,TIME0,0.8443896851957546,0.9278655516166988,0.0,5
0.00019782496424126695,False,128,goleiro_time1,0.988282549108076,9,goleiro1,GOL-TIME1,0.97482586564649,0.9147289949905886,1.0,10
0.0005506999936192204,False,128,time1,0.9425039815248188,5,time1,TIME1,0.9703364135413081,0.9532407155500799,1.0,1
0.0013181922165446671,False,128,time0,0.9284488966433136,4,time0,TIME0,0.9643754221022912,0.9511759631262098,1.0,6
0.0012317447935434687,False,128,time1,0.937234931910348,8,time1,TIME1,0.9552066970287666,0.9072813716134083,1.0,3
0.0008965418520324258,False,128,time1,0.9259250151189179,6,time1,TIME1,0.9537538466534462,0.9074534890675796,1.0,8
0.003282374705309867,False,128,time0,0.8571676073495159,3,time0,TIME0,0.9406260720956591,0.9507614735474776,1.0,2
0.00031295028853542807,False,128,time1,0.9748018608850094,7,time1,TIME1,0.8722595714070787,0.921873478698578,0.0,7
0.0006686755708758667,False,128,time0,0.9620240507955965,0,time0,TIME0,0.8680444868168463,0.9278655516166988,0.0,5
8.955122283693118e-05,False,129,goleiro_time1,0.9912915027334068,9,goleiro1,GOL-TIME1,0.9755721689248554,0.9138423861792087,1.0,10
0.0009449453523781833,False,129,time0,0.9485899941572062,4,time0,TIME0,0.9711477358799412,0.950739999787308,1.0,6
0.0005982970251013312,False,129,time1,0.9392414226063747,5,time1,TIME1,0.9696600072795891,0.9541652373123415,1.0,1
0.0012571091403121054,False,129,time1,0.9446827095291812,8,time1,TIME1,0.9587389643929408,0.9072711905189113,1.0,3
0.0012329094464914256,False,129,time1,0.8999288918596473,6,time1,TIME1,0.9453807519839493,0.9070124981632831,1.0,8
0.003238820083448857,False,129,time0,0.8437956716401459,3,time0,TIME0,0.937346601644533,0.9492293962029943,1.0,2
0.00032828418219461815,False,129,time1,0.9796339454959374,7,time1,TIME1,0.874362657598843,0.9231878010409684,0.0,7
0.0006991288481911942,False,129,time0,0.960803967717266,0,time0,TIME0,0.8696312998613435,0.9289896989490813,0.0,5
0.00011411826639070223,False,130,goleiro_time1,0.9833871776549579,9,goleiro1,GOL-TIME1,0.9733436047906133,0.9138423861792087,1.0,10
0.00032475694291384574,False,130,time0,0.9481192780253053,4,time0,TIME0,0.9712453452374438,0.950739999787308,1.0,6
0.0006948077487326256,False,130,time1,0.9705375271308245,8,time1,TIME1,0.9669107643582652,0.9072711905189113,1.0,3
0.0009275640895324396,False,130,time1,0.9245083861683785,5,time1,TIME1,0.9645725125066266,0.9541652373123415,1.0,1
0.0011951043853782334,False,130,time1,0.9016774331822438,6,time1,TIME1,0.9459624139497774,0.9070124981632831,1.0,8
0.003469643453181808,False,130,time0,0.8215343283558266,3,time0,TIME0,0.9303807971262652,0.9492293962029943,1.0,2
0.0004618599507201979,False,130,time0,0.9705284149056846,0,time0,TIME0,0.8728068389224072,0.9289896989490813,0.0,5
0.0006602852751030814,False,130,time1,0.9685178826720454,7,time1,TIME1,0.8705254071088968,0.9231878010409684,0.0,7
0.00028862504900155887,False,131,time0,0.9703087226846141,4,time0,TIME0,0.9781227929665265,0.950739999787308,1.0,6
0.0003508072725416396,False,131,goleiro_time1,0.9695407700689624,9,goleiro1,GOL-TIME1,0.9687124019303758,0.9138423861792087,1.0,10
0.0013953174374253074,False,131,time1,0.9111313223696885,5,time1,TIME1,0.9602262537461832,0.9541652373123415,1.0,1
0.00247703726828882,False,131,time1,0.9458817428408467,8,time1,TIME1,0.9566277688037444,0.9072711905189113,1.0,3
0.0011911114905534981,False,131,time1,0.9068441544767902,6,time1,TIME1,0.9476316283860333,0.9070124981632831,1.0,8
0.0034164566611635384,False,131,time0,0.8009586064331762,3,time0,TIME0,0.9240559066618461,0.9492293962029943,1.0,2
0.0001859883709982708,False,131,time1,0.9711589955037532,7,time1,TIME1,0.8714832116657953,0.9231878010409684,0.0,7
0.0011431341962582057,False,131,time0,0.9453059357365161,0,time0,TIME0,0.8643025815560668,0.9289896989490813,0.0,5
0.0007314266734288365,False,132,time0,0.9548808256263457,4,time0,TIME0,0.9725374449008471,0.9492222394464422,1.0,6
0.00019691969577164816,False,132,goleiro_time1,0.9828183783058563,9,goleiro1,GOL-TIME1,0.9719268432636415,0.9096913296738387,1.0,10
0.0014354505056856563,False,132,time1,0.9128157396483244,5,time1,TIME1,0.9609670396420172,0.9545663970577358,1.0,1
0.0040600907866805095,False,132,time1,0.9199723674402578,8,time1,TIME1,0.9477747741502226,0.906424978271777,1.0,3
0.0011759988170992727,False,132,time1,0.9097603684570098,6,time1,TIME1,0.9477262863000661,0.9054887870172867,1.0,8
0.0028378190665715526,False,132,time0,0.8192707629225066,3,time0,TIME0,0.9299708263136856,0.9486601151917056,1.0,2
0.0005104976046439596,False,132,time1,0.9725022914105692,7,time1,TIME1,0.8720527900642596,0.9241980076830516,0.0,7
0.014042473308379617,False,132,time0,0.6761805108221547,0,time0,TIME0,0.7629907029081315,0.9302536459292734,0.0,5
9.924644318776004e-05,False,133,goleiro_time1,0.9901759852592044,9,goleiro1,GOL-TIME1,0.9741918883813002,0.9096913296738387,1.0,10
0.0007479918891388496,False,133,time0,0.9506751019653442,4,time0,TIME0,0.9717457113283526,0.9492222394464422,1.0,6
0.0012269604195803252,False,133,time1,0.9251846942114763,5,time1,TIME1,0.9648896262423418,0.9545663970577358,1.0,1
0.003760535684597065,False,133,time1,0.9418319154075903,8,time1,TIME1,0.9553973767171983,0.906424978271777,1.0,3
0.0014457555359281733,False,133,time1,0.8994107116210657,6,time1,TIME1,0.9446155645209909,0.9054887870172867,1.0,8
0.002282613929971972,False,133,time0,0.8492742446825877,3,time0,TIME0,0.9394915935178098,0.9486601151917056,1.0,2
0.0003051442132452254,False,133,time1,0.9654193472591368,7,time1,TIME1,0.8702547822767809,0.9241980076830516,0.0,7
0.003543728411451069,False,133,time0,0.8805196411143459,0,time0,TIME0,0.8361731295793058,0.9302536459292734,0.0,5
0.00010824559508361482,False,134,goleiro_time1,0.987444095199011,9,goleiro1,GOL-TIME1,0.97341929554692,0.9096913296738387,1.0,10
0.0007440559769158335,False,134,time0,0.9464421178971072,4,time0,TIME0,0.9702909797836051,0.9492222394464422,1.0,6
0.0011712907446256107,False,134,time1,0.9297078673617944,5,time1,TIME1,0.9664347806646402,0.9545663970577358,1.0,1
0.00330419671484343,False,134,time1,0.9417667191656593,8,time1,TIME1,0.9557763367361632,0.906424978271777,1.0,3
0.001132848539017983,False,134,time1,0.9193827918068539,6,time1,TIME1,0.9509408046514166,0.9054887870172867,1.0,8
0.002129750551883307,False,134,time0,0.8590384875252359,3,time0,TIME0,0.9426580186869261,0.9486601151917056,1.0,2
0.0003943773441014062,False,134,time1,0.9391252686571203,7,time1,TIME1,0.8621329782710024,0.9241980076830516,0.0,7
0.004443945073091796,False,134,time0,0.8470866836747241,0,time0,TIME0,0.8275534308319958,0.9302536459292734,0.0,5
0.000605271089468997,False,135,time0,0.9699339818343533,4,time0,TIME0,0.9762887570407393,0.9470953364299072,1.0,6
6.383114066653645e-05,False,135,goleiro_time1,0.9932607407917244,9,goleiro1,GOL-TIME1,0.9752691240370414,0.9096205437718403,1.0,10
0.0011603258417854083,False,135,time1,0.9305328372420593,5,time1,TIME1,0.9667624071614563,0.9548018081693045,1.0,1
0.0009912636033653042,False,135,time1,0.9262809247866368,6,time1,TIME1,0.9528711240927185,0.9040561361500432,1.0,8
0.0029562526151086822,False,135,time1,0.9308776669708068,8,time1,TIME1,0.9525905712707666,0.9054211147772909,1.0,3
0.003932112949985353,False,135,time0,0.776899091653364,3,time0,TIME0,0.9150784443530181,0.9472511553176124,1.0,2
0.0010940209297166765,False,135,time1,0.9466662734261114,7,time1,TIME1,0.8639238940743506,0.9261509267183846,0.0,7
0.0022872777367588283,False,135,time0,0.9238281385105105,0,time0,TIME0,0.8535761457825741,0.9314649398341486,0.0,5
0.00031496226681834976,False,136,time0,0.9770902406276691,4,time0,TIME0,0.9793972709474997,0.9470953364299072,1.0,6
6.414571520273626e-05,False,136,goleiro_time1,0.983327018192406,9,goleiro1,GOL-TIME1,0.9722735411949928,0.9096205437718403,1.0,10
0.0010654567906976588,False,136,time1,0.9361815602177503,5,time1,TIME1,0.9685149896463484,0.9548018081693045,1.0,1
0.0013122757665815581,False,136,time1,0.9011092207179465,6,time1,TIME1,0.9449002970804378,0.9040561361500432,1.0,8
0.004659126096335738,False,136,time1,0.8954401900702547,8,time1,TIME1,0.9395906562213603,0.9054211147772909,1.0,3
0.003613640273505542,False,136,time0,0.8200752570043071,3,time0,TIME0,0.9293286828111046,0.9472511553176124,1.0,2
0.0011287326959775726,False,136,time1,0.946835728999898,7,time1,TIME1,0.8644972804118347,0.9261509267183846,0.0,7
0.004400392399353922,False,136,time0,0.87564673197127,0,time0,TIME0,0.8371202048929278,0.9314649398341486,0.0,5
0.0001117264514465349,False,137,time0,0.9846183329499898,4,time0,TIME0,0.9817965128585525,0.9470953364299072,1.0,6
8.377089121361248e-05,False,137,goleiro_time1,0.9804350096850245,9,goleiro1,GOL-TIME1,0.9713771354608105,0.9096205437718403,1.0,10
0.0015550468672766702,False,137,time1,0.9095924746271723,5,time1,TIME1,0.9598026556832568,0.9548018081693045,1.0,1
0.0009060105963044136,False,137,time1,0.9315748947563032,6,time1,TIME1,0.9543840167883858,0.9040561361500432,1.0,8
0.0031620865435475548,False,137,time1,0.9132904890560333,8,time1,TIME1,0.9464309292711903,0.9054211147772909,1.0,3
0.003565893074198388,False,137,time0,0.8482838655337648,3,time0,TIME0,0.9379420770349228,0.9472511553176124,1.0,2
0.00025857576372149635,False,137,time0,0.9822119186336907,0,time0,TIME0,0.8742337304674681,0.9314649398341486,0.0,5
0.001271405009027159,False,137,time1,0.9413613994487549,7,time1,TIME1,0.8625729894281555,0.9261509267183846,0.0,7
0.00022231372436083864,False,138,time0,0.9870907485292217,4,time0,TIME0,0.9821272400544414,0.9451142927258376,1.0,6
0.00037715739667420453,False,138,goleiro_time1,0.9785340569703499,9,goleiro1,GOL-TIME1,0.9703013985358995,0.9094508493397472,1.0,10
0.0015441168141947842,False,138,time0,0.933445101786732,3,time0,TIME0,0.9638301449789333,0.9464373045514739,1.0,2
0.001539478441237755,False,138,time1,0.9080856795282554,5,time1,TIME1,0.9596285190673255,0.9552868696854446,1.0,1
0.002313491465214629,False,138,time1,0.9454443644666177,8,time1,TIME1,0.9569759476152888,0.9041475168128886,1.0,3
0.0008035361807239695,False,138,time1,0.939527512923924,6,time1,TIME1,0.9565357825620547,0.9020884794464523,1.0,8
0.0016507669234875296,False,138,time1,0.9276524054316909,7,time1,TIME1,0.8580139347323724,0.9277324849922048,0.0,7
0.004075467106132433,False,138,time0,0.9055249636611485,0,time0,TIME0,0.8480950072984292,0.9313796964802641,0.0,5
0.0003501040542041849,False,139,time0,0.9852167150521313,3,time0,TIME0,0.9809905888425543,0.9464373045514739,1.0,2
0.0006258041990901707,False,139,time0,0.9662196429276895,4,time0,TIME0,0.9752848529073762,0.9451142927258376,1.0,6
0.0006609712309049725,False,139,time1,0.9566293875369822,5,time1,TIME1,0.9745914589554001,0.9552868696854446,1.0,1
0.0005100550560049673,False,139,goleiro_time1,0.9775911254952503,9,goleiro1,GOL-TIME1,0.9700847478945795,0.9094508493397472,1.0,10
0.0020073454296468717,False,139,time1,0.9604608969573475,8,time1,TIME1,0.9620557001774375,0.9041475168128886,1.0,3
0.0009211991383318681,False,139,time1,0.9367436247168137,6,time1,TIME1,0.9554845149297867,0.9020884794464523,1.0,8
0.0026514919115485313,False,139,time1,0.8821510548771885,7,time1,TIME1,0.8434559511438312,0.9277324849922048,0.0,7
0.005387984331753754,False,139,time0,0.8786193888750785,0,time0,TIME0,0.840629922012565,0.9313796964802641,0.0,5
0.00023839128696981495,False,140,time0,0.9898120373193905,3,time0,TIME0,0.9831768316787594,0.9464373045514739,1.0,2
0.00015116871389010274,False,140,time1,0.977139178449263,5,time1,TIME1,0.9813758186898506,0.9552868696854446,1.0,1
0.00012241787973724748,False,140,goleiro_time1,0.991005449216591,9,goleiro1,GOL-TIME1,0.9742844807863649,0.9094508493397472,1.0,10
0.0011424642583576525,False,140,time0,0.9383255653346223,4,time0,TIME0,0.9663827548534228,0.9451142927258376,1.0,6
0.0004968811438724802,False,140,time1,0.9639068932957272,6,time1,TIME1,0.9639346989845999,0.9020884794464523,1.0,8
0.0021480332545955622,False,140,time1,0.9332815948836053,8,time1,TIME1,0.9533832268313742,0.9041475168128886,1.0,3
0.001300365807562417,False,140,time0,0.9713569248729718,0,time0,TIME0,0.8702825996463879,0.9313796964802641,0.0,5
0.002222218432977248,False,140,time1,0.9019008059070407,7,time1,TIME1,0.8500404810236575,0.9277324849922048,0.0,7
0.00019695366616882687,False,141,time1,0.9873311636230946,5,time1,TIME1,0.9844844764193336,0.9543877295287833,1.0,1
0.00029647211604940846,False,141,time0,0.9868819727435338,3,time0,TIME0,0.9822656188440998,0.9461684301679371,1.0,2
0.00046280246351615396,False,141,goleiro_time1,0.9776452501760287,9,goleiro1,GOL-TIME1,0.9693321056030773,0.9067664999816362,1.0,10
0.0010910643281710683,False,141,time0,0.9460496540781761,4,time0,TIME0,0.9685147418537519,0.9431866844677841,1.0,6
0.000588420527834136,False,141,time1,0.9581878912715626,6,time1,TIME1,0.9619233895264137,0.9002910890889422,1.0,8
0.0021015592619866488,False,141,time1,0.9252690425864266,8,time1,TIME1,0.9507550039396154,0.9034173258677054,1.0,3
0.0030189432176153824,False,141,time1,0.8613365987644288,7,time1,TIME1,0.8363219950816178,0.9282363423751087,0.0,7
0.007035446264341575,False,141,time0,0.8368430705842071,0,time0,TIME0,0.8232554290037284,0.9300820254899728,0.0,5
8.304438333464315e-05,False,142,time1,0.9836294841054396,5,time1,TIME1,0.9834564097712588,0.9543877295287833,1.0,1
0.0008381586580078128,False,142,time0,0.9648207319943899,3,time0,TIME0,0.9748417275502924,0.9461684301679371,1.0,2
0.00017125874725560153,False,142,goleiro_time1,0.9848037041357235,9,goleiro1,GOL-TIME1,0.9716833708326404,0.9067664999816362,1.0,10
0.0012245569767761917,False,142,time0,0.9334695713798384,4,time0,TIME0,0.9646321210169893,0.9431866844677841,1.0,6
0.0006492723726733967,False,142,time1,0.954196279688704,6,time1,TIME1,0.9605814737642178,0.9002910890889422,1.0,8
0.0037441606273509085,False,142,time1,0.8854879113294032,8,time1,TIME1,0.9366031448992249,0.9034173258677054,1.0,3
0.001240505611513757,False,142,time0,0.9273097278485554,0,time0,TIME0,0.8540548774969409,0.9300820254899728,0.0,5
0.00517919228656239,False,142,time1,0.8029494646475508,7,time1,TIME1,0.816462235411071,0.9282363423751087,0.0,7
0.00029358172363314826,False,143,time1,0.9544501740984658,5,time1,TIME1,0.9744628784669672,0.9543877295287833,1.0,1
0.0008003892042563787,False,143,time0,0.9615956622840264,3,time0,TIME0,0.9741769558230492,0.9461684301679371,1.0,2
0.00032811772589557927,False,143,goleiro_time1,0.978757481530173,9,goleiro1,GOL-TIME1,0.9698404816651836,0.9067664999816362,1.0,10
0.0013617289806102664,False,143,time0,0.9167570894209441,4,time0,TIME0,0.9594378637116049,0.9431866844677841,1.0,6
0.0007494410221791498,False,143,time1,0.9457417077544712,6,time1,TIME1,0.9580450538652057,0.9002910890889422,1.0,8
0.006106624011950666,False,143,time1,0.8314649885702438,8,time1,TIME1,0.9181095907010093,0.9034173258677054,1.0,3
0.004552817016820802,False,143,time0,0.9092321759385985,0,time0,TIME0,0.8473348740628154,0.9300820254899728,0.0,5
0.002706324651158338,False,143,time1,0.8843595867148792,7,time1,TIME1,0.8432203340407092,0.9282363423751087,0.0,7
0.0008121660956424455,False,144,time0,0.9500156173414718,3,time0,TIME0,0.970372831602907,0.9455121304734555,1.0,2
0.00024320323228678163,False,144,time1,0.9387176632840241,5,time1,TIME1,0.9697052392212934,0.953532410796338,1.0,1
0.0004069020712561883,False,144,goleiro_time1,0.979361267373099,9,goleiro1,GOL-TIME1,0.9689156870692669,0.9023597796258468,1.0,10
0.0011126200942094195,False,144,time0,0.9344689185390523,4,time0,TIME0,0.9650401443134461,0.9435639022252642,1.0,6
0.0009809078136921961,False,144,time1,0.9298155206039076,6,time1,TIME1,0.9527319847340653,0.8995227368385115,1.0,8
0.006136412113444216,False,144,time1,0.8466896699897893,8,time1,TIME1,0.9235385887955637,0.9022994632145882,1.0,3
0.0015945676837270952,False,144,time0,0.9538748596109027,0,time0,TIME0,0.8651704977041236,0.9299638277557069,0.0,5
0.0015758250074966893,False,144,time1,0.9166676715375925,7,time1,TIME1,0.855096254203397,0.9291990609750275,0.0,7
0.00044424675299224335,False,145,time1,0.9711174490439756,5,time1,TIME1,0.9790263241158158,0.953532410796338,1.0,1
0.0006329520793331659,False,145,goleiro_time1,0.9582438979128647,9,goleiro1,GOL-TIME1,0.9622686338639022,0.9023597796258468,1.0,10
0.0015235978825808758,False,145,time0,0.9063424584290023,4,time0,TIME0,0.9560685678803612,0.9435639022252642,1.0,6
0.002146647273213578,False,145,time0,0.9047512562339088,3,time0,TIME0,0.9549393060838844,0.9455121304734555,1.0,2
0.0011213344819116405,False,145,time1,0.9215264667676905,6,time1,TIME1,0.9501495694631638,0.8995227368385115,1.0,8
0.004144377849353284,False,145,time1,0.9064298664762778,8,time1,TIME1,0.9423202438170759,0.9022994632145882,1.0,3
0.0006418816264128182,False,145,time1,0.946800011404999,7,time1,TIME1,0.8650862891489189,0.9291990609750275,0.0,7
0.0023088183507283463,False,145,time0,0.9426104216914185,0,time0,TIME0,0.8625576261787685,0.9299638277557069,0.0,5
0.0005927029895171799,False,146,time1,0.9718777903821307,5,time1,TIME1,0.9787222755411834,0.953532410796338,1.0,1
0.00023418485620359472,False,146,goleiro_time1,0.9817310696466945,9,goleiro1,GOL-TIME1,0.9696154196479616,0.9023597796258468,1.0,10
0.0012323348583954583,False,146,time0,0.9200238924189014,4,time0,TIME0,0.9605791432744618,0.9435639022252642,1.0,6
0.0021882998775197694,False,146,time0,0.8949961068758702,3,time0,TIME0,0.9527650986055407,0.9455121304734555,1.0,2
0.0042281999599710065,False,146,time1,0.9246825905578272,8,time1,TIME1,0.9484219812228305,0.9022994632145882,1.0,3
0.0012192501811254925,False,146,time1,0.9116813704847775,6,time1,TIME1,0.9470627983766563,0.8995227368385115,1.0,8
0.00037857638792043296,False,146,time1,0.9655975340524828,7,time1,TIME1,0.8712163710658576,0.9291990609750275,0.0,7
0.0022547120445900277,False,146,time0,0.9273216473922274,0,time0,TIME0,0.855656421879589,0.9299638277557069,0.0,5
0.0009320377378554395,False,147,time1,0.9645504420392177,5,time1,TIME1,0.9766926314367291,0.9538281965102384,1.0,1
0.0002792459183938131,False,147,time1,0.9762668978880443,7,time1,TIME1,0.9750803315511709,0.9310128977159557,1.0,7
0.000571792918069249,False,147,time0,0.965875319329578,4,time0,TIME0,0.9748557500449327,0.944562513842464,1.0,6
0.000416808142114874,False,147,goleiro_time1,0.9756526530127665,9,goleiro1,GOL-TIME1,0.9666560219496959,0.8979717094423256,1.0,10
0.0010872335604828482,False,147,time1,0.9209892108844281,6,time1,TIME1,0.9501150635103708,0.9000213897613456,1.0,8
0.0025888039065393455,False,147,time0,0.8656871514196526,3,time0,TIME0,0.9431350074306013,0.9443938379789012,1.0,2
0.006004067450511333,False,147,time1,0.9079335543665941,8,time1,TIME1,0.9409336202254369,0.9008925568253802,1.0,3
0.0016083205672326047,False,147,time0,0.9525108567559625,0,time0,TIME0,0.86499074291604,0.9327136167935433,0.0,5
0.0005021836103606558,False,148,time0,0.9684155566720676,4,time0,TIME0,0.9757141648533387,0.944562513842464,1.0,6
0.0009114159886315917,False,148,time1,0.9360242787286046,7,time1,TIME1,0.9619257958134632,0.9310128977159557,1.0,7
0.000568362652029009,False,148,goleiro_time1,0.9596344587395822,9,goleiro1,GOL-TIME1,0.9617348506264273,0.8979717094423256,1.0,10
0.002583483365797633,False,148,time1,0.9137970330759976,5,time1,TIME1,0.9591215337789663,0.9538281965102384,1.0,1
0.0012663049308869697,False,148,time1,0.905683476699093,6,time1,TIME1,0.9454122950398107,0.9000213897613456,1.0,8
0.004892466657618135,False,148,time1,0.9159294294509206,8,time1,TIME1,0.9447507597970303,0.9008925568253802,1.0,3
0.003732758046179553,False,148,time0,0.8023270914047349,3,time0,TIME0,0.922423822149728,0.9443938379789012,1.0,2
0.0020944968827034983,False,148,time0,0.9431320265766809,0,time0,TIME0,0.8638737434983828,0.9327136167935433,0.0,5
0.00020139212651768822,False,149,time1,0.955645240071827,5,time1,TIME1,0.9732416444901303,0.9538281965102384,1.0,1
0.00025211243230257224,False,149,time1,0.96561225122003,7,time1,TIME1,0.971579541896457,0.9310128977159557,1.0,7
0.0008802087876627497,False,149,time0,0.9423301453649431,4,time0,TIME0,0.9677355269781224,0.944562513842464,1.0,6
0.0003159783753772099,False,149,goleiro_time1,0.9742970913859575,9,goleiro1,GOL-TIME1,0.9662926576254739,0.8979717094423256,1.0,10
0.0033237593344558375,False,149,time1,0.9277629726297238,8,time1,TIME1,0.949362297562921,0.9008925568253802,1.0,3
0.0025023719602941695,False,149,time0,0.8462155921702533,3,time0,TIME0,0.9367646733087799,0.9443938379789012,1.0,2
0.0018490396448914504,False,149,time1,0.866271600378253,6,time1,TIME1,0.9328054065277102,0.9000213897613456,1.0,8
0.0014013891960939567,False,149,time0,0.9490040130691461,0,time0,TIME0,0.8660027681003382,0.9327136167935433,0.0,5
0.000798682161358725,False,150,time0,0.9488305840314668,4,time0,TIME0,0.9696367733504968,0.9430999136200791,1.0,6
0.001026655264600558,False,150,time1,0.9545908234097362,7,time1,TIME1,0.9677263029926587,0.9319673219277005,1.0,7
0.0003740040617491569,False,150,goleiro_time1,0.9732722866614915,9,goleiro1,GOL-TIME1,0.9658220029449303,0.8970833381045145,1.0,10
0.002547721452937534,False,150,time1,0.8943035081240825,5,time1,TIME1,0.9528745707695877,0.9543288500522167,1.0,1
0.003480907501152403,False,150,time1,0.8979952514303943,8,time1,TIME1,0.9400187629518904,0.8992693486195268,1.0,3
0.0021503963279591617,False,150,time1,0.8507921207105003,6,time1,TIME1,0.9283218769444292,0.9009788042927855,1.0,8
0.0037029418051295984,False,150,time0,0.7673973978469795,3,time0,TIME0,0.9118523256044047,0.943785017659136,1.0,2
0.0007191832065517706,False,150,time0,0.9696114612059243,0,time0,TIME0,0.8733333677404918,0.9344294362300272,0.0,5
0.0008013731687834998,False,151,time0,0.9493863784884953,4,time0,TIME0,0.969709579554609,0.9430999136200791,1.0,6
0.00042046195528493515,False,151,goleiro_time1,0.967617775085555,9,goleiro1,GOL-TIME1,0.9641264483348466,0.8970833381045145,1.0,10
0.0018892854878355435,False,151,time1,0.9199619041687339,5,time1,TIME1,0.9623391701059357,0.9543288500522167,1.0,1
0.002806598012282635,False,151,time1,0.8979876253299136,7,time1,TIME1,0.948622556337002,0.9319673219277005,1.0,7
0.0035929996924247156,False,151,time1,0.8879923070970195,8,time1,TIME1,0.9373870203299881,0.8992693486195268,1.0,3
0.001907880756082015,False,151,time1,0.8711386964631757,6,time1,TIME1,0.9346692995651625,0.9009788042927855,1.0,8
0.002568273502644749,False,151,time0,0.8279291646120003,3,time0,TIME0,0.9311606581404075,0.943785017659136,1.0,2
0.0007448817105527108,False,151,time0,0.9674468174121911,0,time0,TIME0,0.8729601425489348,0.9344294362300272,0.0,5
0.0002179145241046147,False,152,time0,0.9788965178025509,4,time0,TIME0,0.9788350145546888,0.9430999136200791,1.0,6
0.00047710515066218224,False,152,time1,0.962639971417293,5,time1,TIME1,0.9753997729738392,0.9543288500522167,1.0,1
0.0013764356868488255,False,152,time1,0.9554749720614204,7,time1,TIME1,0.9673765865588156,0.9319673219277005,1.0,7
0.0004167143345744371,False,152,goleiro_time1,0.9696288902634902,9,goleiro1,GOL-TIME1,0.9647493425587513,0.8970833381045145,1.0,10
0.0014430956984735695,False,152,time0,0.8985589704709951,3,time0,TIME0,0.9534348530290778,0.943785017659136,1.0,2
0.0014530731193421,False,152,time1,0.9086844602292775,6,time1,TIME1,0.9460584123782061,0.9009788042927855,1.0,8
0.00359079484995136,False,152,time1,0.8857422736859631,8,time1,TIME1,0.9366350665760904,0.8992693486195268,1.0,3
0.0004867189218787163,False,152,time0,0.9809469900591489,0,time0,TIME0,0.87714847522863,0.9344294362300272,0.0,5
0.0004735604323877201,False,153,time0,0.9712486964118996,4,time0,TIME0,0.976231628806571,0.9424648440816752,1.0,6
0.0007623458768607846,False,153,time1,0.9568630145403395,5,time1,TIME1,0.9747538954745346,0.9545141000157478,1.0,1
0.0007847799217461453,False,153,time1,0.9726191726475301,7,time1,TIME1,0.9733314207664535,0.9306587664989763,1.0,7
0.0005651841809040577,False,153,goleiro_time1,0.9497900663861177,9,goleiro1,GOL-TIME1,0.9590443393019162,0.8989418705146707,1.0,10
0.0010832043006929132,False,153,time1,0.9391246453962443,6,time1,TIME1,0.9557357689243596,0.9012491372896902,1.0,8
0.0023132879945760116,False,153,time1,0.9445339727484177,8,time1,TIME1,0.9539116312445257,0.8982195567428959,1.0,3
0.0022887695661645193,False,153,time0,0.854684107253775,3,time0,TIME0,0.9394805215854755,0.942936548239879,1.0,2
0.0005372964194148474,False,153,time0,0.9762591090238346,0,time0,TIME0,0.8759036712861117,0.9346285807492603,0.0,5
0.0004147985719286062,False,154,time1,0.9728628977303082,5,time1,TIME1,0.9796812094868808,0.9545141000157478,1.0,1
0.0003430905132857555,False,154,time0,0.9795600959037618,4,time0,TIME0,0.978992614782285,0.9424648440816752,1.0,6
0.0005755862385016386,False,154,time1,0.9661483237577253,7,time1,TIME1,0.9713839909181344,0.9306587664989763,1.0,7
0.0008075200384219365,False,154,goleiro_time1,0.9527829444050299,9,goleiro1,GOL-TIME1,0.9596632473830006,0.8989418705146707,1.0,10
0.001003130595446397,False,154,time1,0.933758280369644,6,time1,TIME1,0.9543805347036721,0.9012491372896902,1.0,8
0.0025911503126272283,False,154,time0,0.8548197461734167,3,time0,TIME0,0.9395327209378791,0.942936548239879,1.0,2
0.006525425029918825,False,154,time1,0.9068489804669679,8,time1,TIME1,0.9376732793089729,0.8982195567428959,1.0,3
0.0007618631211248529,False,154,time0,0.9692918459385251,0,time0,TIME0,0.8735385937533098,0.9346285807492603,0.0,5
0.00014375141092316741,False,155,time0,0.9909325891165621,4,time0,TIME0,0.9825272952562872,0.9424648440816752,1.0,6
0.0008022936569651162,False,155,time1,0.9556874244599964,7,time1,TIME1,0.9684760197351779,0.9306587664989763,1.0,7
0.0011818291167281587,False,155,time1,0.9311588733678211,5,time1,TIME1,0.9663505665011276,0.9545141000157478,1.0,1
0.0007199090988779435,False,155,goleiro_time1,0.954676584133652,9,goleiro1,GOL-TIME1,0.9604171900657886,0.8989418705146707,1.0,10
0.0010096919823964843,False,155,time1,0.9300055695201804,6,time1,TIME1,0.9533173085050284,0.9012491372896902,1.0,8
0.0027112871701593347,False,155,time0,0.8677168803011658,3,time0,TIME0,0.9434130946334757,0.942936548239879,1.0,2
0.006617789011112196,False,155,time1,0.9046210861103122,8,time1,TIME1,0.9397713060017366,0.8982195567428959,1.0,3
0.0006860142996998143,False,155,time0,0.9715906455701269,0,time0,TIME0,0.8744548421131403,0.9346285807492603,0.0,5
0.00038127407848985385,False,156,time0,0.9763385804270704,4,time0,TIME0,0.977266684699043,0.9402714753458735,1.0,6
0.0006076825953383311,False,156,time0,0.9752281235830763,0,time0,TIME0,0.9755430829295614,0.9343376029974368,1.0,5
0.00036790581401731533,False,156,goleiro_time1,0.9691747496963176,9,goleiro1,GOL-TIME1,0.963996808661122,0.8954021295107919,1.0,10
0.0004740882655284307,False,156,time1,0.963923206294719,6,time1,TIME1,0.9637818887907362,0.9016787081920643,1.0,8
0.0024762010905473543,False,156,time0,0.8884964250218425,3,time0,TIME0,0.9496062920189899,0.9419192653977796,1.0,2
0.0019426318094928144,False,156,time1,0.8819238422179488,7,time1,TIME1,0.9440504659169972,0.9286784317467693,1.0,7
0.005441007914344878,False,156,time1,0.9120518755251436,8,time1,TIME1,0.9416577688666692,0.8954198551051826,1.0,3
0.008633232355717904,False,156,time1,0.7051647813343884,5,time1,TIME1,0.8863769084109588,0.9559242529004448,1.0,1
0.001124951064283997,False,157,time0,0.9635906969676645,0,time0,TIME0,0.9712422798118651,0.9343376029974368,1.0,5
0.0011059067536547476,False,157,time0,0.931887319774107,4,time0,TIME0,0.963038423091084,0.9402714753458735,1.0,6
0.00035649268051230826,False,157,goleiro_time1,0.9653285381693609,9,goleiro1,GOL-TIME1,0.9630193723474122,0.8954021295107919,1.0,10
0.0005507289448935982,False,157,time1,0.9592914823114143,6,time1,TIME1,0.96261253562034,0.9016787081920643,1.0,8
0.001545903567797407,False,157,time0,0.9302404544859623,3,time0,TIME0,0.9624614935584624,0.9419192653977796,1.0,2
0.001881292987984161,False,157,time1,0.9084114430307016,7,time1,TIME1,0.9523314016649745,0.9286784317467693,1.0,7
0.0013855213002374597,False,157,time1,0.8990827038932465,5,time1,TIME1,0.9522217190136913,0.9559242529004448,1.0,1
0.005144128234701123,False,157,time1,0.9100576369258981,8,time1,TIME1,0.9419932767599829,0.8954198551051826,1.0,3
0.0008139927316548183,False,158,time0,0.9720958023552135,3,time0,TIME0,0.9755474196523212,0.9419192653977796,1.0,2
0.001962451364901008,False,158,time0,0.9619458866900139,0,time0,TIME0,0.9696882932028105,0.9343376029974368,1.0,5
0.0003613289773684711,False,158,goleiro_time1,0.971902935331477,9,goleiro1,GOL-TIME1,0.9648624593072631,0.8954021295107919,1.0,10
0.0005497255532496515,False,158,time1,0.9564340117497268,6,time1,TIME1,0.9617534155245805,0.9016787081920643,1.0,8
0.0012204871310875964,False,158,time1,0.9296447734828727,7,time1,TIME1,0.9594273672391095,0.9286784317467693,1.0,7
0.0013849483355774389,False,158,time0,0.9131069656850447,4,time0,TIME0,0.9574741030134435,0.9402714753458735,1.0,6
0.0027657365624276617,False,158,time1,0.8845585479965932,5,time1,TIME1,0.9492829689824954,0.9559242529004448,1.0,1
0.006297259116601089,False,158,time1,0.8921027947979044,8,time1,TIME1,0.9349364462788056,0.8954198551051826,1.0,3
0.00029234958986435204,False,159,time0,0.9876234983482864,3,time0,TIME0,0.9807852093982731,0.940530252325364,1.0,2
0.0015938345400536948,False,159,time0,0.9709824264004494,0,time0,TIME0,0.9731437554406709,0.9341996405716242,1.0,5
0.0008134253407915468,False,159,time0,0.9447452276364029,4,time0,TIME0,0.9676423257242878,0.9416563744635253,1.0,6
0.0004961326316721206,False,159,goleiro_time1,0.9548689605421098,9,goleiro1,GOL-TIME1,0.9589939842661716,0.892565902122162,1.0,10
0.001635718321638656,False,159,time1,0.9240758542584214,7,time1,TIME1,0.9567701684942598,0.9257616244476883,1.0,7
0.0011374456767019733,False,159,time1,0.9130794661291373,6,time1,TIME1,0.9480810194711403,0.9023744400481808,1.0,8
0.008485470246289121,False,159,time1,0.8695203530510424,8,time1,TIME1,0.9247018911779661,0.8922422575226484,1.0,3
0.0051568239367183275,False,159,time1,0.7814753169875741,5,time1,TIME1,0.9169600855222466,0.9560481734858389,1.0,1
0.000582856796387651,False,160,time0,0.9729068547409343,3,time0,TIME0,0.9762576192448248,0.940530252325364,1.0,2
0.0016677680858636864,False,160,time0,0.9707557560882478,0,time0,TIME0,0.9731604305890953,0.9341996405716242,1.0,5
0.0007790455671816924,False,160,time0,0.9467932326766064,4,time0,TIME0,0.9687161233301561,0.9416563744635253,1.0,6
0.000266104393808457,False,160,goleiro_time1,0.9656821436001678,9,goleiro1,GOL-TIME1,0.9624448075260569,0.892565902122162,1.0,10
0.0020405704532680423,False,160,time1,0.920390661051861,7,time1,TIME1,0.9553630744251154,0.9257616244476883,1.0,7
0.0027807301839124837,False,160,time1,0.8827764600387279,5,time1,TIME1,0.9496793517437686,0.9560481734858389,1.0,1
0.0011054369312918555,False,160,time1,0.9166225414418794,6,time1,TIME1,0.9495517054080372,0.9023744400481808,1.0,8
0.005783878452059895,False,160,time1,0.8817067308875548,8,time1,TIME1,0.9300831574718826,0.8922422575226484,1.0,3
0.0009617751881474617,False,161,time0,0.9833723760503102,0,time0,TIME0,0.9772058556006871,0.9341996405716242,1.0,5
0.0007080516850689346,False,161,time0,0.952151414632067,4,time0,TIME0,0.9702581574244958,0.9416563744635253,1.0,6
0.0011471374810729982,False,161,time0,0.946687125710315,3,time0,TIME0,0.9676677825720003,0.940530252325364,1.0,2
0.0018856676067144297,False,161,time1,0.9354585124572852,5,time1,TIME1,0.9672945839569348,0.9560481734858389,1.0,1
0.0006265041705557327,False,161,goleiro_time1,0.9391870047067734,9,goleiro1,GOL-TIME1,0.9540219658374287,0.892565902122162,1.0,10
0.002470045237896681,False,161,time1,0.9105388271729346,7,time1,TIME1,0.952060583104442,0.9257616244476883,1.0,7
0.0013650771549061495,False,161,time1,0.9003121170505225,6,time1,TIME1,0.9442498299061272,0.9023744400481808,1.0,8
0.0048577156042073355,False,161,time1,0.8756810644907869,8,time1,TIME1,0.9297047564858547,0.8922422575226484,1.0,3
0.0006981091680732519,False,162,time0,0.9869902710562872,0,time0,TIME0,0.9791352049456937,0.9354193361214516,1.0,5
0.0009305640909323485,False,162,time0,0.9361004031131327,4,time0,TIME0,0.9652958642849244,0.9420028748795644,1.0,6
0.0009012263846848648,False,162,time1,0.9508217157789749,7,time1,TIME1,0.9641288201350647,0.923690590476897,1.0,7
0.0027683139293361875,False,162,time1,0.9103479294915907,5,time1,TIME1,0.9588281069229009,0.95537486533905,1.0,1
0.001792715508792205,False,162,time0,0.9026093395661847,3,time0,TIME0,0.9530618248982144,0.938350771948812,1.0,2
0.0006771425469398542,False,162,goleiro_time1,0.9322620401814052,9,goleiro1,GOL-TIME1,0.9511674931600603,0.8886482080695421,1.0,10
0.0012738048802722103,False,162,time1,0.9113320293302838,6,time1,TIME1,0.9479281188573895,0.9034358369486091,1.0,8
0.005061123037051636,False,162,time1,0.8658745538345176,8,time1,TIME1,0.9267819843110875,0.8883414744009983,1.0,3
0.0004781519962749612,False,163,time1,0.9676350518736697,5,time1,TIME1,0.9770979462026863,0.95537486533905,1.0,1
0.0014739582981055193,False,163,time0,0.9710468021440767,0,time0,TIME0,0.9732951856578751,0.9354193361214516,1.0,5
0.0008836162173706768,False,163,time1,0.9480252527295627,7,time1,TIME1,0.9641686280103635,0.923690590476897,1.0,7
0.0009882180375298327,False,163,time0,0.932012340440849,4,time0,TIME0,0.9641577946492256,0.9420028748795644,1.0,6
0.001955214303910023,False,163,time0,0.897423318664055,3,time0,TIME0,0.9518144219057015,0.938350771948812,1.0,2
0.0006980582462990661,False,163,goleiro_time1,0.932427456084934,9,goleiro1,GOL-TIME1,0.9511423050032636,0.8886482080695421,1.0,10
0.0013122658095077533,False,163,time1,0.9197511688633778,6,time1,TIME1,0.9503499702560433,0.9034358369486091,1.0,8
0.0049434226321879065,False,163,time1,0.8648650747091599,8,time1,TIME1,0.9267245705498671,0.8883414744009983,1.0,3
0.0007613295518437982,False,164,time0,0.9497046482485352,4,time0,TIME0,0.9695071865257427,0.9420028748795644,1.0,6
0.001974864805521663,False,164,time0,0.9565197364516392,0,time0,TIME0,0.968663514324343,0.9354193361214516,1.0,5
0.0014646104456970078,False,164,time1,0.9393184722993595,5,time1,TIME1,0.9680597133997099,0.95537486533905,1.0,1
0.0010392730416923354,False,164,time1,0.9419544315988937,7,time1,TIME1,0.9624429832220841,0.923690590476897,1.0,7
0.0017429708338965839,False,164,time0,0.9007569295384189,3,time0,TIME0,0.9528904662893874,0.938350771948812,1.0,2
0.0008091676094494199,False,164,goleiro_time1,0.9228062937587617,9,goleiro1,GOL-TIME1,0.9481746422852632,0.8886482080695421,1.0,10
0.0015897860154905291,False,164,time1,0.9016298754310871,6,time1,TIME1,0.9446987172135283,0.9034358369486091,1.0,8
0.00488000776079098,False,164,time1,0.8656774130336109,8,time1,TIME1,0.9270189686803395,0.8883414744009983,1.0,3
0.0007206775252259125,False,165,time1,0.9634689414335221,5,time1,TIME1,0.9765123265343182,0.954592522927544,1.0,1
0.0006351678529418939,False,165,time0,0.9625367957402464,4,time0,TIME0,0.9737738322980717,0.9429718005828196,1.0,6
0.002106733693493184,False,165,time0,0.9589941610624867,0,time0,TIME0,0.9692390967760559,0.9343461060745286,1.0,5
0.0009565089783954229,False,165,time1,0.946588670114181,7,time1,TIME1,0.9634285184295136,0.9215118006563071,1.0,7
0.00124638861869637,False,165,time1,0.9189614572863043,6,time1,TIME1,0.950386100057537,0.904427140929231,1.0,8
0.0008288816415210965,False,165,goleiro_time1,0.921712895269329,9,goleiro1,GOL-TIME1,0.9472908860669655,0.8864258787136374,1.0,10
0.0021908079778279153,False,165,time0,0.862820589896425,3,time0,TIME0,0.940598593343036,0.9362192630988524,1.0,2
0.007355539779270286,False,165,time1,0.8744991135491132,8,time1,TIME1,0.9230941817092274,0.8834980500825632,1.0,3
0.0007112455247208452,False,166,time1,0.9700602911031649,5,time1,TIME1,0.9787711898643533,0.954592522927544,1.0,1
0.0016901771298354724,False,166,time0,0.9695526844614073,0,time0,TIME0,0.9726277990120994,0.9343461060745286,1.0,5
0.0007937979460848772,False,166,time0,0.9482201119765741,4,time0,TIME0,0.9692058417779492,0.9429718005828196,1.0,6
0.0011422319987882523,False,166,time1,0.9364282071763883,7,time1,TIME1,0.960118338409152,0.9215118006563071,1.0,7
0.0012351295492626774,False,166,time1,0.9333265487153801,6,time1,TIME1,0.9546904835126253,0.904427140929231,1.0,8
0.0006297592678573546,False,166,goleiro_time1,0.9372590755046802,9,goleiro1,GOL-TIME1,0.9520113458023682,0.8864258787136374,1.0,10
0.0016285162186350506,False,166,time0,0.88617834663451,3,time0,TIME0,0.9480339317863878,0.9362192630988524,1.0,2
0.006842668657158138,False,166,time1,0.8815220662589853,8,time1,TIME1,0.9287126799283089,0.8834980500825632,1.0,3
0.0005020766259317872,False,167,time1,0.9817068206268884,5,time1,TIME1,0.9825377931232994,0.954592522927544,1.0,1
0.0010306769483560765,False,167,time0,0.9748433767062447,0,time0,TIME0,0.9746281663066506,0.9343461060745286,1.0,5
0.0008714008900500154,False,167,time0,0.9447916246969891,4,time0,TIME0,0.9683186162036074,0.9429718005828196,1.0,6
0.0009032518374861417,False,167,time0,0.9270846339435144,3,time0,TIME0,0.9608637231184245,0.9362192630988524,1.0,2
0.0009724227633746718,False,167,time1,0.9505410771085088,6,time1,TIME1,0.9601994373472144,0.904427140929231,1.0,8
0.0011921604466330073,False,167,time1,0.9295478613223175,7,time1,TIME1,0.9580753587461209,0.9215118006563071,1.0,7
0.0003654277202169126,False,167,goleiro_time1,0.9481888272005919,9,goleiro1,GOL-TIME1,0.9555452219214869,0.8864258787136374,1.0,10
0.00337731908382553,False,167,time1,0.9217017353298175,8,time1,TIME1,0.9417616408940207,0.8834980500825632,1.0,3
0.00011444533461937299,False,168,time1,0.9921524193870958,5,time1,TIME1,0.9854154723993559,0.9528017181155488,1.0,1
0.0007052915733873741,False,168,time0,0.9834050982939385,0,time0,TIME0,0.9776701316423837,0.9340484275173436,1.0,5
0.00093601017738725,False,168,time0,0.9439596383219577,4,time0,TIME0,0.9680308483682142,0.9437308814016523,1.0,6
0.0007392451409467635,False,168,time1,0.9602899611591688,6,time1,TIME1,0.9635500702410554,0.9052054741828339,1.0,8
0.0010750852810667735,False,168,time0,0.9235324152443621,3,time0,TIME0,0.9591863204686955,0.9329715080541107,1.0,2
0.00014023977015611345,False,168,goleiro_time1,0.9602259568572906,9,goleiro1,GOL-TIME1,0.9586579752533676,0.883995618556513,1.0,10
0.0012641445705585458,False,168,time1,0.9284108367476247,7,time1,TIME1,0.9568441196643325,0.9183524873065306,1.0,7
0.0028524912477389847,False,168,time1,0.9281801669859436,8,time1,TIME1,0.945085802587241,0.8789242467771361,1.0,3
0.0006225929886736335,False,169,time1,0.9753871298527509,5,time1,TIME1,0.9797999285211525,0.9528017181155488,1.0,1
0.0006342250154587486,False,169,time0,0.9796757002626709,0,time0,TIME0,0.9767111012866146,0.9340484275173436,1.0,5
0.0004826420413010198,False,169,time0,0.970083347959454,4,time0,TIME0,0.9762094665318227,0.9437308814016523,1.0,6
0.00021116936420539318,False,169,goleiro_time1,0.9838734021791365,9,goleiro1,GOL-TIME1,0.9658486656441173,0.883995618556513,1.0,10
0.0010087061238607592,False,169,time1,0.948967005270892,6,time1,TIME1,0.9598875082926307,0.9052054741828339,1.0,8
0.001138605459342091,False,169,time1,0.9321342559101989,7,time1,TIME1,0.9579981781608478,0.9183524873065306,1.0,7
0.003036616374244291,False,169,time1,0.9276567569917475,8,time1,TIME1,0.9449422528036692,0.8789242467771361,1.0,3
0.0019378493836528065,False,169,time0,0.8744295153670956,3,time0,TIME0,0.943175112907926,0.9329715080541107,1.0,2
0.0005167232109257973,False,170,time0,0.9833364253985342,0,time0,TIME0,0.9779630745350245,0.9340484275173436,1.0,5
0.0006766448555932154,False,170,time1,0.9621332016942751,5,time1,TIME1,0.9760667214546459,0.9528017181155488,1.0,1
0.0005995265613726132,False,170,time0,0.9645563151910487,4,time0,TIME0,0.9746509693719604,0.9437308814016523,1.0,6
0.0007193694146548241,False,170,time1,0.9674237707416858,6,time1,TIME1,0.9656627977102283,0.9052054741828339,1.0,8
0.0003526839374384278,False,170,goleiro_time1,0.9620465756919003,9,goleiro1,GOL-TIME1,0.9591803673560925,0.883995618556513,1.0,10
0.0013066340019805822,False,170,time0,0.9144838405540058,3,time0,TIME0,0.9559675824462461,0.9329715080541107,1.0,2
0.0015829754852371986,False,170,time1,0.9066213677210457,7,time1,TIME1,0.9498320682834983,0.9183524873065306,1.0,7
0.0030343165066535386,False,170,time1,0.9310806109916334,8,time1,TIME1,0.94617089259355,0.8789242467771361,1.0,3
0.0004731067902697607,False,171,time0,0.9806304107272882,0,time0,TIME0,0.9769993865825556,0.9335383444709009,1.0,5
0.0007509699741534819,False,171,time0,0.9584358527747721,4,time0,TIME0,0.9728300362214121,0.9443673367219654,1.0,6
0.0006864249207651937,False,171,time1,0.9527934067383618,5,time1,TIME1,0.9723699115922093,0.9496866269439111,1.0,1
0.0005101273530191142,False,171,time1,0.9770022393726847,6,time1,TIME1,0.9690033942585201,0.9060366438155691,1.0,8
0.0007323272474628436,False,171,time0,0.9519445678525227,3,time0,TIME0,0.9671139845600957,0.9303752704276355,1.0,2
0.0003037531180400095,False,171,goleiro_time1,0.9692839568094954,9,goleiro1,GOL-TIME1,0.9610162483095973,0.8822606465737406,1.0,10
0.0013573761159216798,False,171,time1,0.9195763323307341,7,time1,TIME1,0.9530702579405952,0.9143590122004466,1.0,7
0.0038746848774425463,False,171,time1,0.9175884078812858,8,time1,TIME1,0.9408369286461585,0.8786598943025392,1.0,3
0.0004887343093771255,False,172,time0,0.9792469200268863,0,time0,TIME0,0.9766274697671157,0.9335383444709009,1.0,5
0.0007113314044824105,False,172,time0,0.9577575400323467,4,time0,TIME0,0.9726120881428849,0.9443673367219654,1.0,6
0.0007779335135583991,False,172,time1,0.9477360193747435,5,time1,TIME1,0.9708731506453018,0.9496866269439111,1.0,1
0.0003317185879965215,False,172,time1,0.9770167024019837,6,time1,TIME1,0.969106944763199,0.9060366438155691,1.0,8
7.270961715704117e-05,False,172,goleiro_time1,0.9846210654791887,9,goleiro1,GOL-TIME1,0.9657246699811265,0.8822606465737406,1.0,10
0.0010749588695210795,False,172,time0,0.9329554204254441,3,time0,TIME0,0.9612388600065955,0.9303752704276355,1.0,2
0.0010972291638339786,False,172,time1,0.9341546968178052,7,time1,TIME1,0.957661298706995,0.9143590122004466,1.0,7
0.0037348637508311145,False,172,time1,0.9080626679058549,8,time1,TIME1,0.9381237181571626,0.8786598943025392,1.0,3
0.00031303284025330317,False,173,time0,0.9831971605858795,0,time0,TIME0,0.9779092259946688,0.9335383444709009,1.0,5
0.0006315143644590221,False,173,time1,0.9520711120295029,5,time1,TIME1,0.9723262773989988,0.9496866269439111,1.0,1
0.00036462955793385845,False,173,time1,0.9754355670476254,6,time1,TIME1,0.9687691008787076,0.9060366438155691,1.0,8
0.0002464098429681374,False,173,goleiro_time1,0.9899221783603706,9,goleiro1,GOL-TIME1,0.967198322618331,0.8822606465737406,1.0,10
0.0011747005012583943,False,173,time0,0.9350901063994012,4,time0,TIME0,0.9651961828163759,0.9443673367219654,1.0,6
0.0010975389154125543,False,173,time0,0.9310001755799993,3,time0,TIME0,0.9606724053334427,0.9303752704276355,1.0,2
0.0012974387525510336,False,173,time1,0.9223982581191799,7,time1,TIME1,0.9539931072314354,0.9143590122004466,1.0,7
0.005603404324769009,False,173,time1,0.861269839993128,8,time1,TIME1,0.9213247693555001,0.8786598943025392,1.0,3
0.0002808960869188108,False,174,time0,0.9899581605928732,0,time0,TIME0,0.9798580880526199,0.9329423897646418,1.0,5
0.0005488942458160248,False,174,time1,0.9607290087674698,5,time1,TIME1,0.9738409194473664,0.9452760059362959,1.0,1
0.0008423196325675334,False,174,time1,0.9452470388683457,6,time1,TIME1,0.9592638467151432,0.9071258073373528,1.0,8
0.0012003669153421272,False,174,time0,0.9270210536414909,3,time0,TIME0,0.9592280146846561,0.9295165000043996,1.0,2
0.00035958321552349544,False,174,goleiro_time1,0.9626486612193449,9,goleiro1,GOL-TIME1,0.9588449270393542,0.8823296389493782,1.0,10
0.0019429625575096302,False,174,time0,0.8958032859396712,4,time0,TIME0,0.952415448328775,0.9439016515332437,1.0,6
0.0013703719371308451,False,174,time1,0.9189291180969262,7,time1,TIME1,0.9519683441201555,0.9103409329026859,1.0,7
0.0059189859865154465,False,174,time1,0.8533129562381263,8,time1,TIME1,0.9194900572642656,0.8768819049817455,1.0,3
0.0003648437703069877,False,175,time0,0.9870105370591472,0,time0,TIME0,0.9789094252696323,0.9329423897646418,1.0,5
0.0006119284755980491,False,175,time1,0.9562831326997691,5,time1,TIME1,0.9724017701880053,0.9452760059362959,1.0,1
0.0008067658983102959,False,175,time0,0.9498914318537284,3,time0,TIME0,0.9662774666297991,0.9295165000043996,1.0,2
0.0007746161304309665,False,175,time1,0.9485761733807944,6,time1,TIME1,0.9605896623585726,0.9071258073373528,1.0,8
0.0015185299484724256,False,175,time0,0.9128343232806287,4,time0,TIME0,0.9581443765993024,0.9439016515332437,1.0,6
0.0012980573898756802,False,175,time1,0.9265208407071727,7,time1,TIME1,0.954207091512555,0.9103409329026859,1.0,7
0.0005304473596150555,False,175,goleiro_time1,0.9436654309579704,9,goleiro1,GOL-TIME1,0.9530731099485134,0.8823296389493782,1.0,10
0.00545297631705809,False,175,time1,0.8627009154425803,8,time1,TIME1,0.9225897280922084,0.8768819049817455,1.0,3
0.0003025696602923399,False,176,time0,0.9890779787590805,0,time0,TIME0,0.979632163997319,0.9329423897646418,1.0,5
0.00045176209796170914,False,176,time0,0.9696328094863986,3,time0,TIME0,0.9726162085184146,0.9295165000043996,1.0,2
0.0008193600273517872,False,176,time0,0.9478134828414283,4,time0,TIME0,0.9690524894590856,0.9439016515332437,1.0,6
0.0008094148046295271,False,176,time1,0.9439816986445945,5,time1,TIME1,0.9685745105052245,0.9452760059362959,1.0,1
0.00047998967165176963,False,176,goleiro_time1,0.9675870261448148,9,goleiro1,GOL-TIME1,0.9601340723571314,0.8823296389493782,1.0,10
0.0008281674920482692,False,176,time1,0.9446983480112622,6,time1,TIME1,0.95936851936879,0.9071258073373528,1.0,8
0.0014160086697076618,False,176,time1,0.9196477467024519,7,time1,TIME1,0.9520874984850607,0.9103409329026859,1.0,7
0.005573299761494971,False,176,time1,0.8585965837100068,8,time1,TIME1,0.9214225892576863,0.8768819049817455,1.0,3
0.00043001425239363165,False,177,time0,0.9754067709521814,4,time0,TIME0,0.9778239531092353,0.9440195254394272,1.0,6
0.0006663923705608309,False,177,time0,0.983873900611347,0,time0,TIME0,0.9774118797512993,0.9326297551897842,1.0,5
0.00034921535830985243,False,177,time0,0.9750840758974896,3,time0,TIME0,0.9737676649532435,0.9273606459491146,1.0,2
0.0008444555872422296,False,177,time1,0.939190372162115,5,time1,TIME1,0.9664266341626272,0.9427156742596963,1.0,1
0.0003015179443717217,False,177,goleiro_time1,0.9748877780253741,9,goleiro1,GOL-TIME1,0.9624727843961226,0.8816493115407151,1.0,10
0.0007253739630752919,False,177,time1,0.9434197930496929,6,time1,TIME1,0.9592569878077394,0.908367502761519,1.0,8
0.0016486691195575743,False,177,time1,0.9061790622685628,7,time1,TIME1,0.9472087482244113,0.9083269628986035,1.0,7
0.004062051031471272,False,177,time1,0.8912141583361916,8,time1,TIME1,0.9312653675891917,0.8748236507764242,1.0,3
0.0002689010598560776,False,178,time0,0.9835616257215193,4,time0,TIME0,0.9806690626848144,0.9440195254394272,1.0,6
0.0007874131889657594,False,178,time0,0.9802356072995123,0,time0,TIME0,0.9763993839723987,0.9326297551897842,1.0,5
0.0005074837499239747,False,178,time0,0.9637810595801736,3,time0,TIME0,0.9704028078141617,0.9273606459491146,1.0,2
0.0003005223722775837,False,178,goleiro_time1,0.9750824499127236,9,goleiro1,GOL-TIME1,0.962663110695943,0.8816493115407151,1.0,10
0.0008901291718150298,False,178,time1,0.940628132872735,6,time1,TIME1,0.9581869172433756,0.908367502761519,1.0,8
0.0015474013498015678,False,178,time1,0.910010498103776,5,time1,TIME1,0.956599077992905,0.9427156742596963,1.0,1
0.0019793424583199977,False,178,time1,0.8889711786504939,7,time1,TIME1,0.9417467378980858,0.9083269628986035,1.0,7
0.003915649577823711,False,178,time1,0.8919308839354806,8,time1,TIME1,0.9322520512694698,0.8748236507764242,1.0,3
0.0004364437351730731,False,179,time0,0.9788470822464277,4,time0,TIME0,0.9791477439863606,0.9440195254394272,1.0,6
0.001017530796978273,False,179,time0,0.9629011849031589,3,time0,TIME0,0.9693500443300974,0.9273606459491146,1.0,2
0.002096175082555837,False,179,time0,0.9607307014636172,0,time0,TIME0,0.9685405533242292,0.9326297551897842,1.0,5
0.00018798745649405138,False,179,goleiro_time1,0.985781199926938,9,goleiro1,GOL-TIME1,0.9658972674105991,0.8816493115407151,1.0,10
0.0013172312506934535,False,179,time1,0.9217618425121868,5,time1,TIME1,0.9608520776897514,0.9427156742596963,1.0,1
0.0009608006936633613,False,179,time1,0.9479763514101621,6,time1,TIME1,0.960380960155197,0.908367502761519,1.0,8
0.0023212376357184088,False,179,time1,0.8687362669682098,7,time1,TIME1,0.9352930461089294,0.9083269628986035,1.0,7
0.004754426115552729,False,179,time1,0.8755737414731221,8,time1,TIME1,0.9263680092091785,0.8748236507764242,1.0,3
0.00047721651836810623,False,180,time0,0.9790338292825063,4,time0,TIME0,0.9794047989407412,0.9448932166105986,1.0,6
0.0016079516143565167,False,180,time0,0.9712219869156177,0,time0,TIME0,0.9726985548313742,0.9325274750320552,1.0,5
0.0016346644952513075,False,180,time0,0.9536399859930023,3,time0,TIME0,0.9653510458490507,0.9246666991261778,1.0,2
0.0001557329228816467,False,180,goleiro_time1,0.9815701340163767,9,goleiro1,GOL-TIME1,0.9651058079373663,0.8834854922093041,1.0,10
0.0010658607015611263,False,180,time1,0.9300216740150266,5,time1,TIME1,0.9618193323972927,0.9360722253145457,1.0,1
0.0014491336896745334,False,180,time1,0.9078421057687063,6,time1,TIME1,0.9476711709315613,0.9081593308217281,1.0,8
0.002108306045321817,False,180,time1,0.877652870537282,7,time1,TIME1,0.9378093573210186,0.906626933707,1.0,7
0.004594220694281878,False,180,time1,0.887878279317734,8,time1,TIME1,0.9291945759240339,0.8713900497016219,1.0,3
0.0004889758225314201,False,181,time0,0.9708910659935285,4,time0,TIME0,0.9768966079169733,0.9448932166105986,1.0,6
0.0010991941707035175,False,181,time0,0.9648444967474474,0,time0,TIME0,0.9710780630674305,0.9325274750320552,1.0,5
0.0010113587099681355,False,181,time0,0.967241811455508,3,time0,TIME0,0.9699215842874073,0.9246666991261778,1.0,2
0.00016905429711259966,False,181,goleiro_time1,0.9829844611241377,9,goleiro1,GOL-TIME1,0.9655593365074119,0.8834854922093041,1.0,10
0.000953716993254781,False,181,time1,0.9316519942571996,5,time1,TIME1,0.9623565266708617,0.9360722253145457,1.0,1
0.001287444231490534,False,181,time1,0.9140021769258386,6,time1,TIME1,0.949877726361043,0.9081593308217281,1.0,8
0.001583910909029522,False,181,time1,0.9021424247898708,7,time1,TIME1,0.9454746443417729,0.906626933707,1.0,7
0.005393179326782277,False,181,time1,0.8634713950460442,8,time1,TIME1,0.9212501105623192,0.8713900497016219,1.0,3
0.00035599109291939803,False,182,time0,0.9725100554683012,4,time0,TIME0,0.9774753448235732,0.9448932166105986,1.0,6
0.0012357002411123733,False,182,time0,0.9715219113018099,0,time0,TIME0,0.9731963001161762,0.9325274750320552,1.0,5
0.0008343567333649073,False,182,time0,0.9717660981410973,3,time0,TIME0,0.9718166811879595,0.9246666991261778,1.0,2
0.0008739628884315819,False,182,time1,0.9424568600940875,5,time1,TIME1,0.9658011626897925,0.9360722253145457,1.0,1
0.0002460670544680522,False,182,goleiro_time1,0.9833789786642332,9,goleiro1,GOL-TIME1,0.9655182174318012,0.8834854922093041,1.0,10
0.0009607695236931901,False,182,time1,0.9393129101482351,6,time1,TIME1,0.9577010524401259,0.9081593308217281,1.0,8
0.001314400627777287,False,182,time1,0.9174792928019507,7,time1,TIME1,0.9503707067688639,0.906626933707,1.0,7
0.005096900101980569,False,182,time1,0.8712681512737392,8,time1,TIME1,0.9242544641827528,0.8713900497016219,1.0,3
0.00031859429888946315,False,183,time0,0.9749731193703186,4,time0,TIME0,0.978529595739308,0.9462630977595579,1.0,6
0.0009646108978295935,False,183,time0,0.9807849341567164,0,time0,TIME0,0.9759730642234742,0.9311980849125119,1.0,5
0.0005626348994374048,False,183,time0,0.9779759358676035,3,time0,TIME0,0.9732245374361655,0.9221325695759265,1.0,2
0.0002670351096365358,False,183,goleiro_time1,0.976878483508361,9,goleiro1,GOL-TIME1,0.9645250452870613,0.8870380482116813,1.0,10
0.0009256695397829752,False,183,time1,0.9391828969934122,5,time1,TIME1,0.9631454037229674,0.9294802158153677,1.0,1
0.0009531773631461933,False,183,time1,0.9486535385265724,6,time1,TIME1,0.9606161388805466,0.9089268999110436,1.0,8
0.0013042431137477676,False,183,time1,0.918529365585607,7,time1,TIME1,0.9506522815005697,0.9052624178567747,1.0,7
0.005530933278288609,False,183,time1,0.8594181986477591,8,time1,TIME1,0.919487515963139,0.8679445415320775,1.0,3
0.00025868864663430364,False,184,time0,0.9838195374067515,3,time0,TIME0,0.9751931582600916,0.9221325695759265,1.0,2
0.0006130051383177105,False,184,time0,0.9588854435484253,4,time0,TIME0,0.9733885194995454,0.9462630977595579,1.0,6
0.001741403027688601,False,184,time0,0.9720794156986425,0,time0,TIME0,0.9723033020175901,0.9311980849125119,1.0,5
0.00012052158479414064,False,184,goleiro_time1,0.9873632094218148,9,goleiro1,GOL-TIME1,0.9677203245563529,0.8870380482116813,1.0,10
0.0007594190383075274,False,184,time1,0.9484470470004759,5,time1,TIME1,0.9660803408413068,0.9294802158153677,1.0,1
0.0006631624906309098,False,184,time1,0.9401036672130778,6,time1,TIME1,0.9584507460585189,0.9089268999110436,1.0,8
0.0010562832953097921,False,184,time1,0.9346276299583821,7,time1,TIME1,0.9555590486237752,0.9052624178567747,1.0,7
0.004150549503447169,False,184,time1,0.8950004546224041,8,time1,TIME1,0.9306018121933803,0.8679445415320775,1.0,3
0.00024006475180064367,False,185,time0,0.9839310248052605,3,time0,TIME0,0.9753034606861197,0.9221325695759265,1.0,2
0.0005126662986102417,False,185,time1,0.9772972691539887,6,time1,TIME1,0.9698314929059526,0.9089268999110436,1.0,8
0.0008676587619644694,False,185,time0,0.942526732383668,4,time0,TIME0,0.9683199802947096,0.9462630977595579,1.0,6
0.0018037979483949277,False,185,time0,0.9505111101526865,0,time0,TIME0,0.9659078835049123,0.9311980849125119,1.0,5
0.00040184793635328255,False,185,goleiro_time1,0.9660276128387202,9,goleiro1,GOL-TIME1,0.9609308743558213,0.8870380482116813,1.0,10
0.0010319011272887353,False,185,time1,0.9319199196961052,5,time1,TIME1,0.9608201772121677,0.9294802158153677,1.0,1
0.0012098777607196585,False,185,time1,0.9269367531859705,7,time1,TIME1,0.9531802232041932,0.9052624178567747,1.0,7
0.0034531636302025763,False,185,time1,0.9106872424713609,8,time1,TIME1,0.9365457274967941,0.8679445415320775,1.0,3
0.001194859138321262,False,186,time0,0.9739247635877382,0,time0,TIME0,0.9729889862877358,0.9295283334533522,1.0,5
0.00043507650447626947,False,186,time0,0.9687758651571432,3,time0,TIME0,0.9697300606321554,0.9187515632196497,1.0,2
0.00018907556443713497,False,186,goleiro_time1,0.9807268449534384,9,goleiro1,GOL-TIME1,0.9666397526936288,0.891150083206648,1.0,10
0.0005906112464147577,False,186,time1,0.9638606413834556,7,time1,TIME1,0.9643632622930688,0.9046569987165285,1.0,7
0.0011769029626923619,False,186,time0,0.926709317370446,4,time0,TIME0,0.9633584686659442,0.9472957256133681,1.0,6
0.0008228040384830401,False,186,time1,0.945130337897558,5,time1,TIME1,0.9630545472311903,0.9223786532160847,1.0,1
0.0006853621113656085,False,186,time1,0.9482601690153872,6,time1,TIME1,0.960234605266426,0.9077323656210393,1.0,8
0.0029504980758239623,False,186,time1,0.9250835139660248,8,time1,TIME1,0.9413115125313898,0.8678074433270503,1.0,3
0.0002989277252619534,False,187,time1,0.9799106698221025,5,time1,TIME1,0.9739015468828317,0.9223786532160847,1.0,1
0.001144680573111696,False,187,time0,0.9705150359619681,0,time0,TIME0,0.9723440339372683,0.9295283334533522,1.0,5
0.0008195310292714761,False,187,time0,0.946926355599151,3,time0,TIME0,0.9626817875120607,0.9187515632196497,1.0,2
0.000335361957061994,False,187,goleiro_time1,0.9634907073051344,9,goleiro1,GOL-TIME1,0.9613778897455025,0.891150083206648,1.0,10
0.000811139867666186,False,187,time1,0.949715449913402,7,time1,TIME1,0.9601797890957907,0.9046569987165285,1.0,7
0.0007154009795983481,False,187,time1,0.9464824395550244,6,time1,TIME1,0.9600696796617593,0.9077323656210393,1.0,8
0.001653789328303499,False,187,time0,0.8937242298137129,4,time0,TIME0,0.9529166895325881,0.9472957256133681,1.0,6
0.0035525871767234573,False,187,time1,0.8979323454325122,8,time1,TIME1,0.9323046976653613,0.8678074433270503,1.0,3
0.00038192353404021656,False,188,time0,0.9766379762372361,3,time0,TIME0,0.9720119299657889,0.9187515632196497,1.0,2
0.0011078160225567928,False,188,time0,0.9682275076214278,0,time0,TIME0,0.9717677387613225,0.9295283334533522,1.0,5
0.0006754456775741315,False,188,time1,0.9566816682336031,5,time1,TIME1,0.966720711170251,0.9223786532160847,1.0,1
0.000504198510828281,False,188,time1,0.9622216551361381,6,time1,TIME1,0.9649971678610488,0.9077323656210393,1.0,8
0.0007784872675597207,False,188,time1,0.9516346943120719,7,time1,TIME1,0.9608715913349094,0.9046569987165285,1.0,7
0.00039946227017276226,False,188,goleiro_time1,0.9574116231548278,9,goleiro1,GOL-TIME1,0.9595893674359872,0.891150083206648,1.0,10
0.0016402465174094553,False,188,time0,0.8938225755868188,4,time0,TIME0,0.9527428510003301,0.9472957256133681,1.0,6
0.005472060997127873,False,188,time1,0.8400449212846807,8,time1,TIME1,0.9126653543489298,0.8678074433270503,1.0,3
0.0008254744823858271,False,189,time0,0.9748245245469176,0,time0,TIME0,0.9734177231726844,0.9276649852715866,1.0,5
0.00044995345503107576,False,189,time0,0.9714271766616543,3,time0,TIME0,0.9700561252758084,0.9164815249112186,1.0,2
0.0005593035547608329,False,189,time1,0.9596494002845317,6,time1,TIME1,0.9642595939488473,0.9076766543871659,1.0,8
0.000774624788756014,False,189,time1,0.9488625766164935,5,time1,TIME1,0.9633346146578373,0.9178491697101288,1.0,1
0.0007248775704774102,False,189,time1,0.9601418321864339,7,time1,TIME1,0.9631437729151984,0.9040554241853931,1.0,7
0.0005637800170394733,False,189,goleiro_time1,0.9399373309555108,9,goleiro1,GOL-TIME1,0.9548789742362229,0.8945203384048027,1.0,10
0.0017679407939593056,False,189,time0,0.8946746328328194,4,time0,TIME0,0.9532945396593729,0.9478483547653522,1.0,6
0.005931365226752165,False,189,time1,0.8159363527043927,8,time1,TIME1,0.9061937288713761,0.8689706512552647,1.0,3
0.0007090181164878345,False,190,time0,0.9748936317172902,0,time0,TIME0,0.9736190708099273,0.9276649852715866,1.0,5
0.0007098336224782495,False,190,time0,0.9562114057505717,3,time0,TIME0,0.9651608395189105,0.9164815249112186,1.0,2
0.0005949603772006678,False,190,time1,0.9627556203178087,6,time1,TIME1,0.9649655522701265,0.9076766543871659,1.0,8
0.0008386922272888673,False,190,time1,0.9470461335490896,5,time1,TIME1,0.9627583480863605,0.9178491697101288,1.0,1
0.00042371026121284795,False,190,goleiro_time1,0.961691108480879,9,goleiro1,GOL-TIME1,0.9616005652769263,0.8945203384048027,1.0,10
0.0011803849081102294,False,190,time1,0.9283774756960395,7,time1,TIME1,0.9529810100369528,0.9040554241853931,1.0,7
0.0019802528811987464,False,190,time0,0.883920039511482,4,time0,TIME0,0.9500978379367858,0.9478483547653522,1.0,6
0.006471684105097512,False,190,time1,0.7797186392875326,8,time1,TIME1,0.894562856666911,0.8689706512552647,1.0,3
0.00015582406528140495,False,191,time0,0.9766798315920133,0,time0,TIME0,0.9744009608143176,0.9276649852715866,1.0,5
0.0004814023856123386,False,191,time1,0.96851351995178,5,time1,TIME1,0.9692726519878564,0.9178491697101288,1.0,1
0.0012688163862960712,False,191,time0,0.9268832088667429,4,time0,TIME0,0.9633883635071023,0.9478483547653522,1.0,6
0.0007436343706005499,False,191,time1,0.9503484047305646,6,time1,TIME1,0.961209451608697,0.9076766543871659,1.0,8
0.0008956851648835035,False,191,time0,0.9439573477113227,3,time0,TIME0,0.9611475102767543,0.9164815249112186,1.0,2
0.0005650040336285375,False,191,goleiro_time1,0.941597671880068,9,goleiro1,GOL-TIME1,0.9554612829400765,0.8945203384048027,1.0,10
0.001096336057605325,False,191,time1,0.9325962120674756,7,time1,TIME1,0.9546489210785567,0.9040554241853931,1.0,7
0.007430666334042765,False,191,time1,0.6491741673003062,8,time1,TIME1,0.8545815892752575,0.8689706512552647,1.0,3
0.00020597661492992948,False,192,time0,0.9795453187220751,0,time0,TIME0,0.9750792113714296,0.9259802421444404,1.0,5
0.0007103574511436256,False,192,time0,0.9582486860307509,3,time0,TIME0,0.9647349264763342,0.9121339429417584,1.0,2
0.0013245729691884504,False,192,time0,0.9260501942428919,4,time0,TIME0,0.9636621420020077,0.9486387866400006,1.0,6
0.0007396108469509589,False,192,time1,0.9557532293097725,6,time1,TIME1,0.962706145572552,0.9070599506072149,1.0,8
0.0009593357050653178,False,192,time1,0.9510465181554952,5,time1,TIME1,0.962123946266432,0.9127196717812167,1.0,1
0.0005037701401965541,False,192,goleiro_time1,0.9440764716307407,9,goleiro1,GOL-TIME1,0.9565807422059414,0.895771737909348,1.0,10
0.001171677014151794,False,192,time1,0.927664248669878,7,time1,TIME1,0.9528958339795695,0.9030902493074313,1.0,7
0.007533380044081711,False,192,time1,0.4988256341725626,8,time1,TIME1,0.8104706928395475,0.8751970406371901,1.0,3
0.0007095031450340913,False,193,time0,0.9719028843099807,0,time0,TIME0,0.9720758642054149,0.9259802421444404,1.0,5
0.00046441534712891565,False,193,time0,0.9726639162883466,3,time0,TIME0,0.9692411117404199,0.9121339429417584,1.0,2
0.0011578494525927494,False,193,time0,0.9377239084003931,4,time0,TIME0,0.9672610870763318,0.9486387866400006,1.0,6
0.0008226033818000634,False,193,time1,0.9538913445937558,5,time1,TIME1,0.9634867325905766,0.9127196717812167,1.0,1
0.00046816239963683246,False,193,goleiro_time1,0.9552938241691027,9,goleiro1,GOL-TIME1,0.9599225420397215,0.895771737909348,1.0,10
0.0013786998388487567,False,193,time1,0.9480262333267742,6,time1,TIME1,0.9593781334686667,0.9070599506072149,1.0,8
0.0012277201876032466,False,193,time1,0.9247914608521972,7,time1,TIME1,0.9519127264586696,0.9030902493074313,1.0,7
0.0005516959174578135,False,194,time0,0.9823340910257021,0,time0,TIME0,0.9755861471551825,0.9259802421444404,1.0,5
0.00044404939729569105,False,194,time0,0.9746066557852969,3,time0,TIME0,0.9696936267568426,0.9121339429417584,1.0,2
0.001086854217616703,False,194,time0,0.9429451611823946,4,time0,TIME0,0.9688856990696253,0.9486387866400006,1.0,6
0.0013983425479678542,False,194,time1,0.9508756494598739,6,time1,TIME1,0.9605572383044776,0.9070599506072149,1.0,8
0.0009554712781384754,False,194,time1,0.9346849794480336,5,time1,TIME1,0.9573663653889951,0.9127196717812167,1.0,1
0.0006032445002625576,False,194,goleiro_time1,0.9441457599651253,9,goleiro1,GOL-TIME1,0.9565452435947289,0.895771737909348,1.0,10
0.001219703227983605,False,194,time1,0.9229766484610633,7,time1,TIME1,0.9513302587783271,0.9030902493074313,1.0,7
0.0005476689304782036,False,195,time0,0.9777525030818771,0,time0,TIME0,0.9738430536160043,0.9241234233589944,1.0,5
0.0009963449578775782,False,195,time0,0.9469428312565062,4,time0,TIME0,0.9705027576841244,0.9499313252169135,1.0,6
0.001246078325972479,False,195,time0,0.9651553410281425,3,time0,TIME0,0.9653773650441478,0.9101394753509265,1.0,2
0.001584559850491835,False,195,time1,0.9402836281421478,6,time1,TIME1,0.9573026108459529,0.9072328156242688,1.0,8
0.0010472855639203904,False,195,time1,0.9295422989502163,5,time1,TIME1,0.9547323347608548,0.9083444060325319,1.0,1
0.0014024501655994694,False,195,time1,0.9097142365221675,7,time1,TIME1,0.9469313704083296,0.9016804811036876,1.0,7
0.0009579488578508284,False,195,goleiro_time1,0.8938174244710154,9,goleiro1,GOL-TIME1,0.9408696718161569,0.8953875859776121,1.0,10
0.0012335697520053635,False,196,time0,0.9553916896586951,0,time0,TIME0,0.9659444845067033,0.9241234233589944,1.0,5
0.0015718836297059868,False,196,time0,0.9263722719026083,4,time0,TIME0,0.9634276744622555,0.9499313252169135,1.0,6
0.0013578558953583765,False,196,time0,0.9502140438492048,3,time0,TIME0,0.9612164705868111,0.9101394753509265,1.0,2
0.0008525361855509707,False,196,time1,0.9495796623869543,6,time1,TIME1,0.9603847956606245,0.9072328156242688,1.0,8
0.0013954538060448063,False,196,time1,0.9079473625228148,7,time1,TIME1,0.9465238266272188,0.9016804811036876,1.0,7
0.0015728553102344468,False,196,time1,0.8898363547318583,5,time1,TIME1,0.9422286096931297,0.9083444060325319,1.0,1
0.0005038688451020959,False,196,goleiro_time1,0.8969609256324769,9,goleiro1,GOL-TIME1,0.9421445226660042,0.8953875859776121,1.0,10
0.0006502956784649527,False,197,time0,0.9657184611314035,3,time0,TIME0,0.9660436343680474,0.9101394753509265,1.0,2
0.0010796590412731357,False,197,time1,0.9470399098356861,6,time1,TIME1,0.9597837841959703,0.9072328156242688,1.0,8
0.002719079446243993,False,197,time0,0.9391709755025204,0,time0,TIME0,0.9590971850528814,0.9241234233589944,1.0,5
0.0005881533643918879,False,197,goleiro_time1,0.9494340192996267,9,goleiro1,GOL-TIME1,0.9580237186984443,0.8953875859776121,1.0,10
0.0011196824734925701,False,197,time1,0.9159961773241554,5,time1,TIME1,0.9505565875400871,0.9083444060325319,1.0,1
0.0025265362632112174,False,197,time0,0.8855708441835441,4,time0,TIME0,0.9502005999123105,0.9499313252169135,1.0,6
0.0017256094851984497,False,197,time1,0.8844807399739179,7,time1,TIME1,0.9389704472260908,0.9016804811036876,1.0,7
0.0004687776277459916,False,198,time0,0.9723084259026562,3,time0,TIME0,0.9680085474213037,0.9078523601901889,1.0,2
0.0008234917259499409,False,198,time1,0.9701456147627467,6,time1,TIME1,0.9667911522452128,0.9069565021435496,1.0,8
0.0004289027669729197,False,198,goleiro_time1,0.9559942448746882,9,goleiro1,GOL-TIME1,0.9603201187738643,0.8961083253350288,1.0,10
0.0028144543599726447,False,198,time0,0.9357172725682933,0,time0,TIME0,0.9587602161468509,0.9227440825367706,1.0,5
0.0011078823669724697,False,198,time1,0.9120706259507754,5,time1,TIME1,0.9491438546649001,0.9064449555424243,1.0,1
0.0028015930674889053,False,198,time0,0.8666006867474867,4,time0,TIME0,0.9448116463713848,0.9502653189991774,1.0,6
0.0014238070066198531,False,198,time1,0.9007043002619037,7,time1,TIME1,0.9435229698667743,0.8994510064000099,1.0,7
0.001095912232594248,False,199,time1,0.9717957540725514,6,time1,TIME1,0.9670953109745708,0.9069565021435496,1.0,8
0.0006425170933567759,False,199,time0,0.9613263211502591,3,time0,TIME0,0.9646178898146986,0.9078523601901889,1.0,2
0.00048340797838053765,False,199,goleiro_time1,0.9650256781752015,9,goleiro1,GOL-TIME1,0.9628961094286806,0.8961083253350288,1.0,10
0.0029571190969878147,False,199,time0,0.940508257548955,0,time0,TIME0,0.95996656147113,0.9227440825367706,1.0,5
0.0010504594894246916,False,199,time1,0.9227610233332354,7,time1,TIME1,0.9504814231751946,0.8994510064000099,1.0,7
0.0013357190474802725,False,199,time1,0.8912068425462324,5,time1,TIME1,0.9426019258030427,0.9064449555424243,1.0,1
0.0027820122653938978,False,199,time0,0.8556222735382889,4,time0,TIME0,0.9415792968080495,0.9502653189991774,1.0,6
0.0007505857609794974,False,200,time1,0.9731272195553806,6,time1,TIME1,0.9676831844101101,0.9069565021435496,1.0,8
0.0015709157371947351,False,200,time0,0.9589492427054255,0,time0,TIME0,0.9659552578886995,0.9227440825367706,1.0,5
0.0004709344706298649,False,200,goleiro_time1,0.9635869471792837,9,goleiro1,GOL-TIME1,0.9624968306527383,0.8961083253350288,1.0,10
0.0009469215068412207,False,200,time0,0.9486650839479223,3,time0,TIME0,0.9604864969597943,0.9078523601901889,1.0,2
0.0011815948008065597,False,200,time1,0.9213549746595153,7,time1,TIME1,0.9498943822358479,0.8994510064000099,1.0,7
0.0027645131410984447,False,200,time0,0.8494667853353391,4,time0,TIME0,0.9398041173520119,0.9502653189991774,1.0,6
0.0017364451625373175,False,200,time1,0.8596926677748096,5,time1,TIME1,0.9326575115639422,0.9064449555424243,1.0,1
0.000508906691531006,False,201,time1,0.9789219709887345,6,time1,TIME1,0.9697284193926109,0.9067453334283182,1.0,8
0.0015983013699457198,False,201,time0,0.9556110893779313,0,time0,TIME0,0.9656858774565934,0.9221103907165124,1.0,5
0.0011944753580635297,False,201,time0,0.9332736640498241,3,time0,TIME0,0.9547749896046063,0.904523334649816,1.0,2
0.0018006385255850811,False,201,time0,0.8908014494098268,4,time0,TIME0,0.952555701554121,0.9508128463049066,1.0,6
0.0013285196502032446,False,201,time1,0.9186786195114702,7,time1,TIME1,0.9485520199807902,0.8972607539485528,1.0,7
0.0010861799505536259,False,201,goleiro_time1,0.9030452497549198,9,goleiro1,GOL-TIME1,0.944032869022046,0.8985222179687788,1.0,10
0.0017537179798618407,False,201,time1,0.8587328985779873,5,time1,TIME1,0.932529457077824,0.9066020505424776,1.0,1
0.000391176523674926,False,202,time1,0.9764480168877585,6,time1,TIME1,0.96916167765752,0.9067453334283182,1.0,8
0.0005038061263600329,False,202,goleiro_time1,0.9574711304970744,9,goleiro1,GOL-TIME1,0.9605026781956788,0.8985222179687788,1.0,10
0.0015415745135027008,False,202,time0,0.9127255991350928,4,time0,TIME0,0.9595727876622897,0.9508128463049066,1.0,6
0.0025223822153115348,False,202,time0,0.9382279152217033,0,time0,TIME0,0.9590570590431653,0.9221103907165124,1.0,5
0.0009636202772150921,False,202,time0,0.9455624000762816,3,time0,TIME0,0.958747469398495,0.904523334649816,1.0,2
0.001093864322262379,False,202,time1,0.9106223875000441,5,time1,TIME1,0.948372551175573,0.9066020505424776,1.0,1
0.0016473165809560858,False,202,time1,0.8992785792781526,7,time1,TIME1,0.9423828927762871,0.8972607539485528,1.0,7
0.0005350177647204616,False,203,time1,0.965910384106572,6,time1,TIME1,0.9657453864496985,0.9067453334283182,1.0,8
0.0005169243546395579,False,203,goleiro_time1,0.96665206713953,9,goleiro1,GOL-TIME1,0.9638899689329314,0.8985222179687788,1.0,10
0.0023690863538867453,False,203,time0,0.9424937987995415,0,time0,TIME0,0.961017235952294,0.9221103907165124,1.0,5
0.0010390763894846933,False,203,time0,0.9403921926934488,3,time0,TIME0,0.9572429262733367,0.904523334649816,1.0,2
0.0017991436657656236,False,203,time0,0.9023908874277109,4,time0,TIME0,0.9565904567006918,0.9508128463049066,1.0,6
0.0009490859798740422,False,203,time1,0.9215735316405494,5,time1,TIME1,0.952160812404094,0.9066020505424776,1.0,1
0.0015327655335993355,False,203,time1,0.9010593879899276,7,time1,TIME1,0.9430700549818376,0.8972607539485528,1.0,7
0.0005343769404378806,False,204,time1,0.9677648802846673,6,time1,TIME1,0.966314070517096,0.906063876463437,1.0,8
0.0015399418780859245,False,204,time0,0.9165160683226479,4,time0,TIME0,0.9612631304471818,0.9515496733643896,1.0,6
0.0033280341659899333,False,204,time0,0.932137126004032,0,time0,TIME0,0.9564629317773045,0.9221723513760306,1.0,5
0.0011485433766025921,False,204,time0,0.9330159219540534,3,time0,TIME0,0.9539502292397314,0.9008738139620622,1.0,2
0.0008249621801156706,False,204,goleiro_time1,0.9295855223128084,9,goleiro1,GOL-TIME1,0.9527684398455051,0.9003334005376816,1.0,10
0.0010990634299952995,False,204,time1,0.9099462182142869,5,time1,TIME1,0.9489180208897176,0.9081524959610867,1.0,1
0.001557372601613502,False,204,time1,0.9091692873295986,7,time1,TIME1,0.9452768660973877,0.8962241334179495,1.0,7
0.000471619722942846,False,205,time1,0.9773897224432266,6,time1,TIME1,0.9692611934552955,0.906063876463437,1.0,8
0.0011746166237344962,False,205,time0,0.9328626818059017,4,time0,TIME0,0.9664201967122102,0.9515496733643896,1.0,6
0.0006071637452098573,False,205,goleiro_time1,0.9701996608427056,9,goleiro1,GOL-TIME1,0.9652204578044808,0.9003334005376816,1.0,10
0.0011837198784604148,False,205,time1,0.947219451193771,7,time1,TIME1,0.9567689348644027,0.8962241334179495,1.0,7
0.002170250083751293,False,205,time0,0.9309934967775151,0,time0,TIME0,0.9567347047385324,0.9221723513760306,1.0,5
0.001271166255713973,False,205,time0,0.9230652175551002,3,time0,TIME0,0.950890098820094,0.9008738139620622,1.0,2
0.0011273250687829689,False,205,time1,0.9078490374263255,5,time1,TIME1,0.9482416721681634,0.9081524959610867,1.0,1
0.0010950352524959955,False,206,time0,0.9470925107332973,4,time0,TIME0,0.9708178377344907,0.9515496733643896,1.0,6
0.0006862832489216035,False,206,time1,0.9649711237312131,6,time1,TIME1,0.9652320157356494,0.906063876463437,1.0,8
0.0005545709142898486,False,206,goleiro_time1,0.9658830583761947,9,goleiro1,GOL-TIME1,0.9642957888179968,0.9003334005376816,1.0,10
0.0009449602879888902,False,206,time1,0.9596660836915399,7,time1,TIME1,0.9609318499440064,0.8962241334179495,1.0,7
0.0019273548443208117,False,206,time0,0.9318295596507405,0,time0,TIME0,0.9579872933827411,0.9221723513760306,1.0,5
0.0012131393517650663,False,206,time0,0.9246758569051443,3,time0,TIME0,0.9514004240386357,0.9008738139620622,1.0,2
0.0013341040534007803,False,206,time1,0.8874964158371251,5,time1,TIME1,0.9417666759557716,0.9081524959610867,1.0,1
0.001181008307513652,False,207,time0,0.9300610607802409,4,time0,TIME0,0.9657431823346323,0.9522567008415224,1.0,6
0.0006321075138393101,False,207,time1,0.963101790804997,6,time1,TIME1,0.9644294389729409,0.9049556967186763,1.0,8
0.0013946226068402424,False,207,time0,0.9489709032392271,0,time0,TIME0,0.9632370266917306,0.9207146814708871,1.0,5
0.000650570688514275,False,207,goleiro_time1,0.944506941198705,9,goleiro1,GOL-TIME1,0.957794360664124,0.9007647295452854,1.0,10
0.0011126341639876216,False,207,time0,0.9346171632718893,3,time0,TIME0,0.9536419620873674,0.8974066134189495,1.0,2
0.001474025724811827,False,207,time1,0.9125721883909256,7,time1,TIME1,0.9454280336654186,0.8939881372377209,1.0,7
0.0016215131488784755,False,207,time1,0.8735951291703098,5,time1,TIME1,0.9369967305373249,0.9067555145228152,1.0,1
0.0008193082397450966,False,208,time0,0.9513183164750577,4,time0,TIME0,0.9724682281228532,0.9522567008415224,1.0,6
0.000499940075997244,False,208,goleiro_time1,0.9713451235857814,9,goleiro1,GOL-TIME1,0.9659773824542578,0.9007647295452854,1.0,10
0.0014170122778097345,False,208,time0,0.9472922226342617,0,time0,TIME0,0.9630522440286693,0.9207146814708871,1.0,5
0.0009442662150072669,False,208,time1,0.9529361624641466,6,time1,TIME1,0.960966187862359,0.9049556967186763,1.0,8
0.0006676296993246557,False,208,time0,0.9573076370451296,3,time0,TIME0,0.9606202514150227,0.8974066134189495,1.0,2
0.0015299639160720783,False,208,time1,0.9014418701975454,7,time1,TIME1,0.9422255390274387,0.8939881372377209,1.0,7
0.0016776358706913025,False,208,time1,0.8733338748003343,5,time1,TIME1,0.9367577387116127,0.9067555145228152,1.0,1
0.0007407114824080956,False,209,time0,0.9629270452670967,4,time0,TIME0,0.9761082636267184,0.9522567008415224,1.0,6
0.00036432586718281604,False,209,goleiro_time1,0.9654486501203606,9,goleiro1,GOL-TIME1,0.9643746631172262,0.9007647295452854,1.0,10
0.0005327462531442399,False,209,time0,0.9678350716610042,3,time0,TIME0,0.9641044951302319,0.8974066134189495,1.0,2
0.001417114878961548,False,209,time0,0.948266103480148,0,time0,TIME0,0.9633172973218251,0.9207146814708871,1.0,5
0.0013810870472934261,False,209,time1,0.9460231438998251,6,time1,TIME1,0.9584511083538022,0.9049556967186763,1.0,8
0.0014430992700326516,False,209,time1,0.9076115753731333,7,time1,TIME1,0.9443225489109376,0.8939881372377209,1.0,7
0.0020932842842805903,False,209,time1,0.8399969436819568,5,time1,TIME1,0.9264893528193635,0.9067555145228152,1.0,1
0.00070485210927668,False,210,time0,0.9685076917947509,4,time0,TIME0,0.9778196492289897,0.9519939911702617,1.0,6
0.0011717446573162279,False,210,time0,0.958000442030196,0,time0,TIME0,0.965700393273122,0.9181508620097907,1.0,5
0.0005067757153932122,False,210,goleiro_time1,0.9672610556984138,9,goleiro1,GOL-TIME1,0.9646954750480702,0.9003386755486915,1.0,10
0.001742991397418572,False,210,time1,0.919379526642198,6,time1,TIME1,0.9500425520976763,0.9045006444801413,1.0,8
0.0014589752830688808,False,210,time1,0.8844945329006112,5,time1,TIME1,0.9395351560230413,0.9037885442362883,1.0,1
0.0017311704026892942,False,210,time1,0.8936519231582714,7,time1,TIME1,0.939157486268115,0.891485146587816,1.0,7
0.001436138193152557,False,210,time0,0.9375403837373226,3,time0,TIME0,0.8524329852886172,0.8935952508305505,0.0,2
0.0007583031425524944,False,211,time0,0.9538558900989937,4,time0,TIME0,0.9731654126771557,0.9519939911702617,1.0,6
0.0011397566918862243,False,211,time0,0.9573816579820963,0,time0,TIME0,0.9655858128122735,0.9181508620097907,1.0,5
0.00045786640652108396,False,211,goleiro_time1,0.9634873041588483,9,goleiro1,GOL-TIME1,0.9635403338519167,0.9003386755486915,1.0,10
0.0013969573241893111,False,211,time1,0.9410138699441107,6,time1,TIME1,0.9569089719534934,0.9045006444801413,1.0,8
0.0018713980376617082,False,211,time1,0.8602562163828428,5,time1,TIME1,0.9319939460638064,0.9037885442362883,1.0,1
0.002687358590141706,False,211,time1,0.841405924331038,7,time1,TIME1,0.9220948226675537,0.891485146587816,1.0,7
0.0016412354063589474,False,211,time0,0.9023275697465777,3,time0,TIME0,0.8418318943545,0.8935952508305505,0.0,2
0.0007780850883612626,False,212,time0,0.9729265648467929,0,time0,TIME0,0.9704254771005735,0.9181508620097907,1.0,5
0.0010414269082769736,False,212,time0,0.9408355431296846,4,time0,TIME0,0.9690805107243299,0.9519939911702617,1.0,6
0.00042631868986248194,False,212,goleiro_time1,0.9650458762852178,9,goleiro1,GOL-TIME1,0.9641885345568614,0.9003386755486915,1.0,10
0.0010730984119264899,False,212,time1,0.9560958470797274,6,time1,TIME1,0.9617564432777173,0.9045006444801413,1.0,8
0.0011738817483960865,False,212,time1,0.9067637716641757,5,time1,TIME1,0.9462025768100574,0.9037885442362883,1.0,1
0.0024829524195031723,False,212,time1,0.8534935395220404,7,time1,TIME1,0.9265072530748589,0.891485146587816,1.0,7
0.0011958047356455163,False,212,time0,0.9275924205710099,3,time0,TIME0,0.8500637321580087,0.8935952508305505,0.0,2
0.000807457373794405,False,213,time0,0.9512338745184135,4,time0,TIME0,0.9724383419346794,0.9519444995773472,1.0,6
0.0008919819992606714,False,213,time0,0.9718400825895916,0,time0,TIME0,0.9699201565077799,0.9172031940679216,1.0,5
0.0005609309410680493,False,213,goleiro_time1,0.9711865331472507,9,goleiro1,GOL-TIME1,0.9660182070729809,0.9013418813148741,1.0,10
0.0011796076069790866,False,213,time1,0.9667499540120863,6,time1,TIME1,0.9646918103552693,0.9044166038524089,1.0,8
0.0012053119012349024,False,213,time1,0.9035426167683985,5,time1,TIME1,0.9450693190768772,0.9005589587087066,1.0,1
0.001951594041749521,False,213,time1,0.884772606004778,7,time1,TIME1,0.9358155909566873,0.8900815160059397,1.0,7
0.0015925389299393938,False,213,time0,0.9053075809987816,3,time0,TIME0,0.8421765932908534,0.889238372568776,0.0,2
0.0009912954227098538,False,214,time0,0.978461959374428,0,time0,TIME0,0.9716869532727411,0.9172031940679216,1.0,5
0.0010874351912273927,False,214,time0,0.9392102749392753,4,time0,TIME0,0.9685389053832998,0.9519444995773472,1.0,6
0.0005514567853429068,False,214,goleiro_time1,0.9721484506272327,9,goleiro1,GOL-TIME1,0.9664549779986414,0.9013418813148741,1.0,10
0.001193795463089172,False,214,time1,0.9695899942029639,6,time1,TIME1,0.9657612257689274,0.9044166038524089,1.0,8
0.0016361859794202863,False,214,time1,0.9069816245588701,7,time1,TIME1,0.942690480621908,0.8900815160059397,1.0,7
0.001869836725197511,False,214,time1,0.8575244085918247,5,time1,TIME1,0.9302142004522488,0.9005589587087066,1.0,1
0.0016841986646192104,False,214,time0,0.8971472412918273,3,time0,TIME0,0.839782033224836,0.889238372568776,0.0,2
0.0010560142378589399,False,215,time0,0.9717137719208846,0,time0,TIME0,0.9697695585756796,0.9172031940679216,1.0,5
0.0005975595522654071,False,215,goleiro_time1,0.9726020392942064,9,goleiro1,GOL-TIME1,0.9665054559552416,0.9013418813148741,1.0,10
0.001185116790977772,False,215,time0,0.9288578658605258,4,time0,TIME0,0.9653690412527267,0.9519444995773472,1.0,6
0.0008673670305248989,False,215,time1,0.9509581062621337,6,time1,TIME1,0.9600523333917409,0.9044166038524089,1.0,8
0.0017049355695661905,False,215,time1,0.9087360371625146,7,time1,TIME1,0.9435054018640457,0.8900815160059397,1.0,7
0.0016672156847256535,False,215,time1,0.8784230148278815,5,time1,TIME1,0.9368868653448895,0.9005589587087066,1.0,1
0.0014367836712848511,False,215,time0,0.9123888574081521,3,time0,TIME0,0.8445513306554678,0.889238372568776,0.0,2
0.0006750183892330354,False,216,goleiro_time1,0.9686067082357679,9,goleiro1,GOL-TIME1,0.9659643629459014,0.904330309162416,1.0,10
0.0008616554581782273,False,216,time1,0.9599719762571325,6,time1,TIME1,0.9630342654995989,0.904034919603469,1.0,8
0.0028497402814132555,False,216,time0,0.9538056396309724,0,time0,TIME0,0.9612678531703499,0.9158053885165673,1.0,5
0.0015382761245758413,False,216,time0,0.9103607713942443,4,time0,TIME0,0.9594243691524795,0.9518803013453048,1.0,6
0.0011833343665376731,False,216,time1,0.9130614871223813,5,time1,TIME1,0.946729710342941,0.8968695293733011,1.0,1
0.0013294618924265427,False,216,time0,0.9188370320282286,3,time0,TIME0,0.8455979525484223,0.8852512167099618,0.0,2
0.0019611324855381414,False,216,time1,0.904823105659795,7,time1,TIME1,0.8417355529237686,0.8894168258085692,0.0,7
0.0006556891114806588,False,217,goleiro_time1,0.9660892445658728,9,goleiro1,GOL-TIME1,0.9652693592127242,0.904330309162416,1.0,10
0.0026684074647357805,False,217,time0,0.959723449321625,0,time0,TIME0,0.9643189193597771,0.9158053885165673,1.0,5
0.001714654322973926,False,217,time0,0.9142502211486517,4,time0,TIME0,0.9603108452138949,0.9518803013453048,1.0,6
0.0010354300441199856,False,217,time1,0.9410817255330195,6,time1,TIME1,0.9570680618290873,0.904034919603469,1.0,8
0.0010011108246709324,False,217,time1,0.9296412811919825,5,time1,TIME1,0.952001642665829,0.8968695293733011,1.0,1
0.001463836391437758,False,217,time0,0.9123404172226083,3,time0,TIME0,0.8435699221003974,0.8852512167099618,0.0,2
0.0023826699671375753,False,217,time1,0.8926319876016803,7,time1,TIME1,0.8376715221550483,0.8894168258085692,0.0,7
0.0016499234943988365,False,218,time0,0.9741862542853542,0,time0,TIME0,0.9690047517974095,0.9158053885165673,1.0,5
0.0008758539748510274,False,218,time1,0.957793246473553,5,time1,TIME1,0.9602875856624172,0.8968695293733011,1.0,1
0.0008975743572943448,False,218,goleiro_time1,0.950678625494244,9,goleiro1,GOL-TIME1,0.9602807807240865,0.904330309162416,1.0,10
0.0008535125199291437,False,218,time1,0.9433472785747866,6,time1,TIME1,0.958112575018915,0.904034919603469,1.0,8
0.0019393479232604092,False,218,time0,0.9011729499580654,4,time0,TIME0,0.9563991987011846,0.9518803013453048,1.0,6
0.002180602410094382,False,218,time1,0.9109176551718094,7,time1,TIME1,0.8433860533110671,0.8894168258085692,0.0,7
0.0015834256099106075,False,218,time0,0.9067912798504805,3,time0,TIME0,0.8418017011752273,0.8852512167099618,0.0,2
0.0014339309696398135,False,219,time0,0.9712746692327581,0,time0,TIME0,0.9687278404198943,0.9153142354920025,1.0,5
0.0006064059794246031,False,219,goleiro_time1,0.955937474776661,9,goleiro1,GOL-TIME1,0.962268506714625,0.9050580818678458,1.0,10
0.000695782243216726,False,219,time1,0.9514035729376599,6,time1,TIME1,0.9609258146572216,0.9049940783801371,1.0,8
0.001896310852779116,False,219,time0,0.8981872962560096,4,time0,TIME0,0.9555586305639644,0.9517236321498904,1.0,6
0.0010834516041020835,False,219,time1,0.9191568507121248,5,time1,TIME1,0.947923558980971,0.8955047212975213,1.0,1
0.0019300759394251267,False,219,time1,0.9154340135860248,7,time1,TIME1,0.8453455511678147,0.8910853149661715,0.0,7
0.001517560973670543,False,219,time0,0.9097945526781903,3,time0,TIME0,0.841806463062032,0.8817536530957341,0.0,2
0.0022010810804968194,False,220,time0,0.9692804340241024,0,time0,TIME0,0.9670476129469817,0.9153142354920025,1.0,5
0.000667829436060596,False,220,time1,0.9543274653061768,6,time1,TIME1,0.9619166858405949,0.9049940783801371,1.0,8
0.0016407765151314278,False,220,time0,0.9148461775549587,4,time0,TIME0,0.9606959882408291,0.9517236321498904,1.0,6
0.0007671885862889358,False,220,goleiro_time1,0.9489896761408225,9,goleiro1,GOL-TIME1,0.9601415874367921,0.9050580818678458,1.0,10
0.0019412237493819583,False,220,time1,0.8530612688080477,5,time1,TIME1,0.9273032296204898,0.8955047212975213,1.0,1
0.0018486194996685185,False,220,time1,0.9254458808285908,7,time1,TIME1,0.8485220823097446,0.8910853149661715,0.0,7
0.0013623869050848163,False,220,time0,0.9198094281689675,3,time0,TIME0,0.844951433420145,0.8817536530957341,0.0,2
0.0026897108405989955,False,221,time0,0.9564975157965281,0,time0,TIME0,0.9629896799870089,0.9153142354920025,1.0,5
0.0006935566748777879,False,221,goleiro_time1,0.9432554921589915,9,goleiro1,GOL-TIME1,0.9584881624772759,0.9050580818678458,1.0,10
0.0014419910044265666,False,221,time1,0.9378729032273497,6,time1,TIME1,0.9557711935595962,0.9049940783801371,1.0,8
0.0018850665024980043,False,221,time0,0.8979656935923608,4,time0,TIME0,0.9554194990015703,0.9517236321498904,1.0,6
0.0011098550581054882,False,221,time1,0.9091814440192599,5,time1,TIME1,0.9450216605755904,0.8955047212975213,1.0,1
0.0017373924915265813,False,221,time1,0.9329173633250698,7,time1,TIME1,0.8509603223101003,0.8910853149661715,0.0,7
0.0013559713026827167,False,221,time0,0.9210666755958938,3,time0,TIME0,0.8454849555818332,0.8817536530957341,0.0,2
0.0021500893903362264,False,222,time0,0.9646953461721799,0,time0,TIME0,0.965644047473748,0.9142816015642744,1.0,5
0.0006898048602910949,False,222,goleiro_time1,0.9568375353522933,9,goleiro1,GOL-TIME1,0.962701627404808,0.9055974740953467,1.0,10
0.0014081363041163139,False,222,time1,0.9383814388729289,6,time1,TIME1,0.9564501821730281,0.9056418950152992,1.0,8
0.0018583817611596179,False,222,time0,0.8976731669639979,4,time0,TIME0,0.9554816279784605,0.9515970780191758,1.0,6
0.0006816440642466009,False,222,time1,0.8235183395771732,5,time1,TIME1,0.9206696940558045,0.8981665793227459,1.0,1
0.0013097950482263753,False,222,time1,0.9466766348463885,7,time1,TIME1,0.8556016509368086,0.8923816246029133,0.0,7
0.0010783734964617024,False,222,time0,0.9367754005625594,3,time0,TIME0,0.8500675596494136,0.8816015104851729,0.0,2
0.0007699833312706865,False,223,goleiro_time1,0.9667319055325031,9,goleiro1,GOL-TIME1,0.9655870236878336,0.9055974740953467,1.0,10
0.002689874266484268,False,223,time0,0.9633754924172069,0,time0,TIME0,0.9647389132688897,0.9142816015642744,1.0,5
0.0015768280744534466,False,223,time0,0.906483543224901,4,time0,TIME0,0.9581654528491682,0.9515970780191758,1.0,6
0.002607148949191943,False,223,time1,0.9385582764498043,6,time1,TIME1,0.9547637550914975,0.9056418950152992,1.0,8
0.0011703856249709536,False,223,time1,0.8928458090456183,5,time1,TIME1,0.940973090662789,0.8981665793227459,1.0,1
0.0012043088342781451,False,223,time1,0.9617038884946302,7,time1,TIME1,0.860216399636266,0.8923816246029133,0.0,7
0.0010095742291758379,False,223,time0,0.9392653114626833,3,time0,TIME0,0.8512040047360696,0.8816015104851729,0.0,2
0.0010147145685274982,False,224,time0,0.9424016835066644,4,time0,TIME0,0.9692974748234667,0.9515970780191758,1.0,6
0.0018241300766459355,False,224,time0,0.9733481549236296,0,time0,TIME0,0.9683227387951474,0.9142816015642744,1.0,5
0.0007058065272695764,False,224,goleiro_time1,0.9671065032376627,9,goleiro1,GOL-TIME1,0.9658407825999039,0.9055974740953467,1.0,10
0.002339296087811933,False,224,time1,0.946201532350229,6,time1,TIME1,0.957960018681696,0.9056418950152992,1.0,8
0.001482215418016167,False,224,time1,0.8547823335415603,5,time1,TIME1,0.9293191493256628,0.8981665793227459,1.0,1
0.0008502309065070637,False,224,time1,0.976667657217486,7,time1,TIME1,0.8649792549039889,0.8923816246029133,0.0,7
0.001514897456427794,False,224,time0,0.9058535897042861,3,time0,TIME0,0.8404072252375008,0.8816015104851729,0.0,2
0.0014531388143833983,False,225,time0,0.9795977876301735,0,time0,TIME0,0.9707745589823429,0.9138907140983897,1.0,5
0.0011085841242175726,False,225,time0,0.9385236177234447,4,time0,TIME0,0.9682921054763832,0.9512477043846331,1.0,6
0.000993764993471538,False,225,time1,0.9669599510237332,6,time1,TIME1,0.964758513956629,0.9061026429386372,1.0,8
0.0009399049084517589,False,225,goleiro_time1,0.9489709277856118,9,goleiro1,GOL-TIME1,0.96025785201958,0.9063651521100546,1.0,10
0.0011626837201539793,False,225,time1,0.8833073893313654,5,time1,TIME1,0.9397463626834861,0.9048134885466292,1.0,1
0.0007999673273684374,False,225,time1,0.9747895097855692,7,time1,TIME1,0.8653137980662534,0.8946641757717226,0.0,7
0.0014371757851804415,False,225,time0,0.9035351825154683,3,time0,TIME0,0.8394611292560286,0.8808699353794922,0.0,2
0.0006800088313323102,False,226,goleiro_time1,0.9711264855467587,9,goleiro1,GOL-TIME1,0.9671242229685447,0.9063651521100546,1.0,10
0.0010403267598506208,False,226,time0,0.9348677680613219,4,time0,TIME0,0.9671216814066355,0.9512477043846331,1.0,6
0.001467345394121399,False,226,time0,0.9544868791526189,0,time0,TIME0,0.9628356761025962,0.9138907140983897,1.0,5
0.0015306202171106818,False,226,time1,0.9543223498518993,6,time1,TIME1,0.9610593663499595,0.9061026429386372,1.0,8
0.0009168289569931863,False,226,time1,0.9025512382719717,5,time1,TIME1,0.9458942848604698,0.9048134885466292,1.0,1
0.0007788081126172636,False,226,time1,0.9621236676911054,7,time1,TIME1,0.8614211156843741,0.8946641757717226,0.0,7
0.0015863704144883383,False,226,time0,0.8849783929798919,3,time0,TIME0,0.8340270429504112,0.8808699353794922,0.0,2
0.0010743649084228185,False,227,time0,0.9749358571318434,0,time0,TIME0,0.9695864276240466,0.9138907140983897,1.0,5
0.001076791187559265,False,227,time0,0.9404508200038081,4,time0,TIME0,0.9687752303524009,0.9512477043846331,1.0,6
0.0007950101115915325,False,227,goleiro_time1,0.9630359923988442,9,goleiro1,GOL-TIME1,0.9646974375300378,0.9063651521100546,1.0,10
0.0015059930184907796,False,227,time1,0.9457319030421169,6,time1,TIME1,0.9587014847846347,0.9061026429386372,1.0,8
0.0007725449508505322,False,227,time1,0.9372285189282511,5,time1,TIME1,0.9562944355565989,0.9048134885466292,1.0,1
0.0007149722301649003,False,227,time1,0.9748428258309344,7,time1,TIME1,0.8654234522033654,0.8946641757717226,0.0,7
0.0017028674203995228,False,227,time0,0.8706026685759828,3,time0,TIME0,0.829721018139388,0.8808699353794922,0.0,2
0.0009469524603532656,False,228,time0,0.9409892276802255,4,time0,TIME0,0.9687346227856527,0.9499902444552613,1.0,6
0.000903067306933566,False,228,time0,0.9714249555736164,0,time0,TIME0,0.9686171127668229,0.9125098852376748,1.0,5
0.0006009578907320343,False,228,goleiro_time1,0.9639041098758449,9,goleiro1,GOL-TIME1,0.9650747158429936,0.9063945371996349,1.0,10
0.0008618196416669411,False,228,time1,0.941678788934058,5,time1,TIME1,0.9600222537462647,0.9136710702109345,1.0,1
0.001405694548223845,False,228,time1,0.9348455788010785,6,time1,TIME1,0.9555164128503945,0.9069191951958823,1.0,8
0.0010700712450317442,False,228,time1,0.9503198563212307,7,time1,TIME1,0.8580179658308665,0.8973306688771965,0.0,7
0.002198193096177213,False,228,time0,0.8256460930088318,3,time0,TIME0,0.8148468885673885,0.8808387220006682,0.0,2
0.0008334350546635968,False,229,time0,0.962942267218598,4,time0,TIME0,0.9752942407652484,0.9499902444552613,1.0,6
0.0009123593131455209,False,229,time0,0.9838222708612543,0,time0,TIME0,0.972323470617559,0.9125098852376748,1.0,5
0.0006860489871145359,False,229,goleiro_time1,0.9579660970609897,9,goleiro1,GOL-TIME1,0.963306348770303,0.9063945371996349,1.0,10
0.0009140381623722385,False,229,time1,0.9275419881636834,5,time1,TIME1,0.955745548118634,0.9136710702109345,1.0,1
0.0014604662466420667,False,229,time1,0.928705301731125,6,time1,TIME1,0.9536838691743159,0.9069191951958823,1.0,8
0.0015701073743224843,False,229,time1,0.9292982544800362,7,time1,TIME1,0.851327837109428,0.8973306688771965,0.0,7
0.0015769184457211302,False,229,time0,0.8705441773669492,3,time0,TIME0,0.8295154856092426,0.8808387220006682,0.0,2
0.0009908244098272678,False,230,time0,0.9579222414941986,4,time0,TIME0,0.973863576617961,0.9499902444552613,1.0,6
0.0010088420595640054,False,230,time0,0.9789414066553987,0,time0,TIME0,0.9708269795432214,0.9125098852376748,1.0,5
0.0006020355816277951,False,230,goleiro_time1,0.9545150399775716,9,goleiro1,GOL-TIME1,0.9623096631730336,0.9063945371996349,1.0,10
0.0019977838248387493,False,230,time1,0.9080885283608323,6,time1,TIME1,0.9468695043105,0.9069191951958823,1.0,8
0.001208310387427928,False,230,time1,0.887843203520436,5,time1,TIME1,0.9434046772706327,0.9136710702109345,1.0,1
0.0018221817370521131,False,230,time1,0.9227869759701637,7,time1,TIME1,0.8492820829905183,0.8973306688771965,0.0,7
0.0012063822866689043,False,230,time0,0.9024206230845476,3,time0,TIME0,0.8395856720263044,0.8808387220006682,0.0,2
0.0008743063533633114,False,231,time0,0.9748749963201423,0,time0,TIME0,0.969340511475743,0.9112019348335334,1.0,5
0.0015324806747052716,False,231,time0,0.9453654773931992,4,time0,TIME0,0.9692446468739263,0.9496502276600574,1.0,6
0.0008828632136641988,False,231,goleiro_time1,0.9498138342368561,9,goleiro1,GOL-TIME1,0.9609140062836635,0.9080283844216216,1.0,10
0.0017802572613394285,False,231,time1,0.9175190739471237,6,time1,TIME1,0.9505538210701716,0.9085769336872674,1.0,8
0.00123760886064004,False,231,time1,0.8969673571926664,5,time1,TIME1,0.9481169603885208,0.9212738564652073,1.0,1
0.0023414063380841443,False,231,time1,0.9045149253579529,7,time1,TIME1,0.8438568076221976,0.9005670821855688,0.0,7
0.001791975654916893,False,231,time0,0.8695613642644713,3,time0,TIME0,0.829023768728994,0.8808511577509147,0.0,2
0.0010522452689657464,False,232,time0,0.9798928663295494,0,time0,TIME0,0.970572911383739,0.9112019348335334,1.0,5
0.0017538409280775159,False,232,time0,0.9423871540455713,4,time0,TIME0,0.9683697957017646,0.9496502276600574,1.0,6
0.0008809279156724793,False,232,goleiro_time1,0.928719572672206,9,goleiro1,GOL-TIME1,0.9545944581362406,0.9080283844216216,1.0,10
0.002490003542963761,False,232,time1,0.8882637927407878,6,time1,TIME1,0.9407752549446511,0.9085769336872674,1.0,8
0.0012486239817655182,False,232,time1,0.8654877355920483,5,time1,TIME1,0.9381584722317914,0.9212738564652073,1.0,1
0.0016858333563881855,False,232,time1,0.938499767409325,7,time1,TIME1,0.854441062520649,0.9005670821855688,0.0,7
0.0026975987911754293,False,232,time0,0.8279490046118958,3,time0,TIME0,0.8154725649676189,0.8808511577509147,0.0,2
0.0018025180314947755,False,233,time0,0.9404160994074281,4,time0,TIME0,0.9675733058780275,0.9496502276600574,1.0,6
0.0016761871164527233,False,233,time0,0.9712324742349744,0,time0,TIME0,0.9672180071602619,0.9112019348335334,1.0,5
0.000859808691560119,False,233,goleiro_time1,0.9351040355026333,9,goleiro1,GOL-TIME1,0.9567088284167952,0.9080283844216216,1.0,10
0.0012029193895661415,False,233,time1,0.8636221954418317,5,time1,TIME1,0.93827979958982,0.9212738564652073,1.0,1
0.002844211075037898,False,233,time1,0.8728396385820946,6,time1,TIME1,0.9361688036693423,0.9085769336872674,1.0,8
0.00208701241007428,False,233,time1,0.9184058463242227,7,time1,TIME1,0.8484832666570392,0.9005670821855688,0.0,7
0.0019175756990958697,False,233,time0,0.8864386641126315,3,time0,TIME0,0.8337775679504017,0.8808511577509147,0.0,2
0.0020692037506583774,False,234,time0,0.9258561241479016,4,time0,TIME0,0.9630753697098888,0.9495917690050519,1.0,6
0.0031047402921764475,False,234,time0,0.952492009367072,0,time0,TIME0,0.9596420354160637,0.9107884018509741,1.0,5
0.000978563463956512,False,234,goleiro_time1,0.9351613249574899,9,goleiro1,GOL-TIME1,0.9565550483739907,0.9080258567061794,1.0,10
0.0020471745906980522,False,234,time1,0.9310443331367856,7,time1,TIME1,0.9533520602868181,0.9049183965378274,1.0,7
0.002069118682614785,False,234,time1,0.9039066705199451,6,time1,TIME1,0.9462710154345919,0.9100728718094148,1.0,8
0.0013385746713100136,False,234,time1,0.8454954718905725,5,time1,TIME1,0.9345288331033978,0.9289894229837938,1.0,1
0.0019969147454621024,False,234,time0,0.8887071793826975,3,time0,TIME0,0.8349019716885325,0.8806845682988933,0.0,2
0.0019274732469158368,False,235,time0,0.9365783749625993,4,time0,TIME0,0.9664837288422304,0.9495917690050519,1.0,6
0.0016427229066021145,False,235,time1,0.9505681658612493,7,time1,TIME1,0.9596235809991039,0.9049183965378274,1.0,7
0.0007612549820193264,False,235,goleiro_time1,0.9423220609406491,9,goleiro1,GOL-TIME1,0.958843413599129,0.9080258567061794,1.0,10
0.0012231049756657195,False,235,time1,0.9408839899506897,6,time1,TIME1,0.958094576943141,0.9100728718094148,1.0,8
0.0037336970415309586,False,235,time0,0.9428447478312229,0,time0,TIME0,0.9567113131907776,0.9107884018509741,1.0,5
0.000702061693457453,False,235,time1,0.9142811521665468,5,time1,TIME1,0.9554503523701179,0.9289894229837938,1.0,1
0.0011654878269496875,False,235,time0,0.936165008653586,3,time0,TIME0,0.8493856623436858,0.8806845682988933,0.0,2
0.0017409829906947323,False,236,time0,0.9435818588407747,4,time0,TIME0,0.9687488619822489,0.9495917690050519,1.0,6
0.0013706014909736681,False,236,time1,0.9544060469985336,7,time1,TIME1,0.9610450958247369,0.9049183965378274,1.0,7
0.0034233997720191593,False,236,time0,0.9485191868096333,0,time0,TIME0,0.9589291034828998,0.9107884018509741,1.0,5
0.0014545528270927244,False,236,time1,0.9382559417616213,6,time1,TIME1,0.9572473169304592,0.9100728718094148,1.0,8
0.0008785599178865092,False,236,goleiro_time1,0.9282161403455886,9,goleiro1,GOL-TIME1,0.9545717819666616,0.9080258567061794,1.0,10
0.0012987246220496562,False,236,time1,0.8960109167575608,5,time1,TIME1,0.9491192573887027,0.9289894229837938,1.0,1
0.0008322657478659267,False,236,time0,0.9622834621038412,3,time0,TIME0,0.8577171451466966,0.8806845682988933,0.0,2
0.002011130416441403,False,237,time0,0.9444041074167109,4,time0,TIME0,0.9686041515155688,0.9492213182797573,1.0,6
0.0009523173750108465,False,237,time1,0.9458933637466217,5,time1,TIME1,0.9657526930839931,0.9327404087430546,1.0,1
0.0012527122263948395,False,237,time1,0.957928790525803,7,time1,TIME1,0.9627709587422176,0.9073476555223363,1.0,7
0.002978962319417744,False,237,time0,0.949822008125983,0,time0,TIME0,0.95951870947681,0.9104750634601453,1.0,5
0.00249672413486566,False,237,time1,0.9285619499497348,6,time1,TIME1,0.9531930743053002,0.9111452037697163,1.0,8
0.0009723679994687461,False,237,goleiro_time1,0.9233511739631184,9,goleiro1,GOL-TIME1,0.9531803000441683,0.9085141975559408,1.0,10
0.0005706627360778875,False,237,time0,0.9690817531304562,3,time0,TIME0,0.8609602996685963,0.8839578196027098,0.0,2
0.0013633900802706366,False,238,time0,0.9547428881868191,4,time0,TIME0,0.9720377319144899,0.9492213182797573,1.0,6
0.00229169023566118,False,238,time0,0.9625837880034763,0,time0,TIME0,0.9638404381273992,0.9104750634601453,1.0,5
0.001980900523912302,False,238,time1,0.9441812409516361,7,time1,TIME1,0.9577922453838709,0.9073476555223363,1.0,7
0.00099189760921691,False,238,time1,0.9170475938577006,5,time1,TIME1,0.9572665457081392,0.9327404087430546,1.0,1
0.00237592361671866,False,238,time1,0.9245771128496304,6,time1,TIME1,0.9528360436074036,0.9111452037697163,1.0,8
0.0011830843574019256,False,238,goleiro_time1,0.9170921588717235,9,goleiro1,GOL-TIME1,0.9510074388548595,0.9085141975559408,1.0,10
0.0011671483854647422,False,238,time0,0.9348992017234319,3,time0,TIME0,0.8499860985587513,0.8839578196027098,0.0,2
0.0011628494188495764,False,239,time0,0.9599807332248179,4,time0,TIME0,0.9740995700728643,0.9492213182797573,1.0,6
0.001762640708510518,False,239,time0,0.9675403098676961,0,time0,TIME0,0.9659060698318224,0.9104750634601453,1.0,5
0.0012636378420851386,False,239,time1,0.9601181211074034,7,time1,TIME1,0.9632229849442356,0.9073476555223363,1.0,7
0.0007946786600858064,False,239,goleiro_time1,0.9367160890700091,9,goleiro1,GOL-TIME1,0.9571440464749619,0.9085141975559408,1.0,10
0.0008640513249479442,False,239,time1,0.9136783218958947,5,time1,TIME1,0.9559148246884576,0.9327404087430546,1.0,1
0.0024271551424830695,False,239,time1,0.9260048964760638,6,time1,TIME1,0.9533092862804106,0.9111452037697163,1.0,8
0.0017939197735772545,False,239,time0,0.8977093288700618,3,time0,TIME0,0.838029503820395,0.8839578196027098,0.0,2
0.0009522439957060686,False,240,time0,0.9645206086199068,4,time0,TIME0,0.9758270633648755,0.9499808556409726,1.0,6
0.0014402657249317817,False,240,time0,0.9724081991672475,0,time0,TIME0,0.9675682263162994,0.9094997250882404,1.0,5
0.0015040984687413152,False,240,time1,0.9635493875564013,7,time1,TIME1,0.9653583922531889,0.9113652008466093,1.0,7
0.0009563642761380659,False,240,goleiro_time1,0.930316403114988,9,goleiro1,GOL-TIME1,0.954989448879299,0.907572468471119,1.0,10
0.002042576803639683,False,240,time1,0.9218988587751288,6,time1,TIME1,0.9525631745462256,0.9130108359389422,1.0,8
0.001122643404200702,False,240,time1,0.8958248577823195,5,time1,TIME1,0.9520682921564138,0.9384978532793389,1.0,1
0.0025023273699201743,False,240,time0,0.8540073480472163,3,time0,TIME0,0.824870984665216,0.8858062904966097,0.0,2
0.0006382514612930431,False,241,time0,0.9515753505103955,4,time0,TIME0,0.9720608229504272,0.9499808556409726,1.0,6
0.001174001774427058,False,241,time1,0.9674623161373639,7,time1,TIME1,0.9666690287702838,0.9113652008466093,1.0,7
0.0011507740858220272,False,241,time0,0.9589262114787216,0,time0,TIME0,0.9636354971927918,0.9094997250882404,1.0,5
0.0012514034123348409,False,241,time1,0.9380022098096521,6,time1,TIME1,0.9578037327134082,0.9130108359389422,1.0,8
0.0008113184456202914,False,241,goleiro_time1,0.9348625415710025,9,goleiro1,GOL-TIME1,0.9564999316094244,0.907572468471119,1.0,10
0.0012235664643907534,False,241,time1,0.8934464793164686,5,time1,TIME1,0.9511688064898588,0.9384978532793389,1.0,1
0.0018170441034270303,False,241,time0,0.8881104740124235,3,time0,TIME0,0.8357547561416689,0.8858062904966097,0.0,2
0.0007809179299732225,False,242,time0,0.9614114027496339,4,time0,TIME0,0.9750880628901729,0.9499808556409726,1.0,6
0.0009148274769293848,False,242,time1,0.967655457708155,7,time1,TIME1,0.9671004221605174,0.9113652008466093,1.0,7
0.0007401296429649011,False,242,time0,0.9620501460353322,0,time0,TIME0,0.9648933155800397,0.9094997250882404,1.0,5
0.0009960882385399185,False,242,time1,0.922128239246106,5,time1,TIME1,0.9601659763684337,0.9384978532793389,1.0,1
0.0017249091349311669,False,242,time1,0.9294078044531053,6,time1,TIME1,0.9550375166347037,0.9130108359389422,1.0,8
0.0009888509610908077,False,242,goleiro_time1,0.9125376925780633,9,goleiro1,GOL-TIME1,0.9495997789761662,0.907572468471119,1.0,10
0.002606092633536143,False,242,time0,0.8407170666087327,3,time0,TIME0,0.8207584330726436,0.8858062904966097,0.0,2
0.0008323227845821775,False,243,time1,0.9690166857133884,5,time1,TIME1,0.9751764515963384,0.9428542581788459,1.0,1
0.0010917498510567072,False,243,time0,0.9502786074800158,4,time0,TIME0,0.9710578679424842,0.9487490432062895,1.0,6
0.0006988503206973211,False,243,time1,0.9733872835323055,7,time1,TIME1,0.9700733715933777,0.9156416165176732,1.0,7
0.0006488990365202532,False,243,time0,0.9774649967706892,0,time0,TIME0,0.9696229021761418,0.9084026799349685,1.0,5
0.000938929981051406,False,243,goleiro_time1,0.9092181374367787,9,goleiro1,GOL-TIME1,0.9485224645007672,0.9071312748686065,1.0,10
0.0022892920960811383,False,243,time1,0.8944424121613177,6,time1,TIME1,0.9442784144221379,0.9141917717041288,1.0,8
0.002599177878695053,False,243,time0,0.8318018648687011,3,time0,TIME0,0.8191569002213639,0.8884684622160668,0.0,2
0.0006082506355759811,False,244,time0,0.9890802084364044,0,time0,TIME0,0.9731248598972876,0.9084026799349685,1.0,5
0.000820148313732834,False,244,time1,0.9706120765958297,7,time1,TIME1,0.9690782131844832,0.9156416165176732,1.0,7
0.0010002848204613973,False,244,time1,0.9317010244836597,5,time1,TIME1,0.9639499848981148,0.9428542581788459,1.0,1
0.001481169925266677,False,244,time1,0.9364681799861505,6,time1,TIME1,0.9575487188507795,0.9141917717041288,1.0,8
0.0020673075774729666,False,244,time0,0.8914708981806786,4,time0,TIME0,0.9519851225140953,0.9487490432062895,1.0,6
0.0010005093957673177,False,244,goleiro_time1,0.9111209610048272,9,goleiro1,GOL-TIME1,0.9490998055055982,0.9071312748686065,1.0,10
0.0038052693538714235,False,244,time0,0.7533587333530245,3,time0,TIME0,0.7938411609131488,0.8884684622160668,0.0,2
0.0007232238303933304,False,245,time0,0.9856417304790716,0,time0,TIME0,0.9720394008186971,0.9084026799349685,1.0,5
0.0006315279472064405,False,245,time1,0.9567884269888488,5,time1,TIME1,0.9719245448571577,0.9428542581788459,1.0,1
0.0007940361582527475,False,245,time1,0.9742642705059941,7,time1,TIME1,0.9704306234114234,0.9156416165176732,1.0,7
0.0010928787884138431,False,245,time1,0.9376111919353001,6,time1,TIME1,0.9585166620995933,0.9141917717041288,1.0,8
0.002147574796284295,False,245,time0,0.905659752111407,4,time0,TIME0,0.9564375792735158,0.9487490432062895,1.0,6
0.001290831584707257,False,245,goleiro_time1,0.8871646566494786,9,goleiro1,GOL-TIME1,0.9415434178039298,0.9071312748686065,1.0,10
0.002743577094675371,False,245,time0,0.7988527759373423,3,time0,TIME0,0.8085457572333834,0.8884684622160668,0.0,2
0.0006672100411325078,False,246,time1,0.9831188271994441,7,time1,TIME1,0.9738010042257007,0.9188151931655995,1.0,7
0.00043962258509974516,False,246,time0,0.9828279384466926,0,time0,TIME0,0.9710609733890674,0.9072324150112289,1.0,5
0.0006130285157953389,False,246,time1,0.9440375751404252,5,time1,TIME1,0.9686165254096418,0.946600434374858,1.0,1
0.002055465153389196,False,246,time0,0.9168428686465394,4,time0,TIME0,0.9602832207451893,0.9489581480437694,1.0,6
0.0008434940802457005,False,246,time1,0.9411664876139548,6,time1,TIME1,0.960053826642675,0.9147500231863033,1.0,8
0.0010924128622972224,False,246,goleiro_time1,0.919977117430122,9,goleiro1,GOL-TIME1,0.9509510078193854,0.9050431807068009,1.0,10
0.0021377105830157612,False,246,time0,0.8364293349302135,3,time0,TIME0,0.8213904712369186,0.8915161067636804,0.0,2
0.001039720460639167,False,247,time1,0.9726179841413071,7,time1,TIME1,0.9702203590191278,0.9188151931655995,1.0,7
0.0007704351334945733,False,247,time0,0.9786777106647154,0,time0,TIME0,0.9694845363993257,0.9072324150112289,1.0,5
0.0017809851017887373,False,247,time0,0.9274995635099588,4,time0,TIME0,0.9636831827477365,0.9489581480437694,1.0,6
0.0011469624746779747,False,247,time1,0.9269376671913254,5,time1,TIME1,0.962488977610816,0.946600434374858,1.0,1
0.0009911696605385384,False,247,time1,0.9449330798392773,6,time1,TIME1,0.9609968460568233,0.9147500231863033,1.0,8
0.001077327787254086,False,247,goleiro_time1,0.9425040009723047,9,goleiro1,GOL-TIME1,0.9577831351060567,0.9050431807068009,1.0,10
0.0012553206550444734,False,247,time0,0.9196005897174641,3,time0,TIME0,0.8467475066942041,0.8915161067636804,0.0,2
0.0006327670076352747,False,248,time1,0.9807334585325529,7,time1,TIME1,0.9730141302236365,0.9188151931655995,1.0,7
0.0006017208515123171,False,248,time0,0.9835507304172463,0,time0,TIME0,0.9712009607571033,0.9072324150112289,1.0,5
0.000560711236069968,False,248,time1,0.9714033881377427,6,time1,TIME1,0.9690593534759816,0.9147500231863033,1.0,8
0.001252216537285868,False,248,time1,0.9316470305483182,5,time1,TIME1,0.96483279598043,0.946600434374858,1.0,1
0.0007448973496523279,False,248,goleiro_time1,0.9614026881693217,9,goleiro1,GOL-TIME1,0.9637770565830733,0.9050431807068009,1.0,10
0.0016450976687045278,False,248,time0,0.921361291840973,4,time0,TIME0,0.9618627562335146,0.9489581480437694,1.0,6
0.0021031807498099265,False,248,time0,0.855185267508448,3,time0,TIME0,0.8267100573396281,0.8915161067636804,0.0,2
0.00032373791217028206,False,249,time0,0.991235154163667,0,time0,TIME0,0.9735516458022161,0.9066960125646947,1.0,5
0.0007145000267626202,False,249,time1,0.9759707312731231,7,time1,TIME1,0.9724178609143846,0.921401481733768,1.0,7
0.0011724282320787311,False,249,time0,0.9469650798187957,4,time0,TIME0,0.9699646118080467,0.9491194230726085,1.0,6
0.0009371299152740229,False,249,time1,0.9431175768827804,5,time1,TIME1,0.9689410664772636,0.9486593331502247,1.0,1
0.000891067842479246,False,249,time1,0.959512650685144,6,time1,TIME1,0.96570971170793,0.9156525807732854,1.0,8
0.000805229749103268,False,249,goleiro_time1,0.9434934228997967,9,goleiro1,GOL-TIME1,0.9573641166546696,0.9008640010801662,1.0,10
0.0013482206947873496,False,249,time0,0.9126478308774246,3,time0,TIME0,0.845811438871219,0.8952443163440202,0.0,2
0.0011148863025615494,False,250,time0,0.9634694308861455,4,time0,TIME0,0.9750344725722307,0.9491194230726085,1.0,6
0.0006633364147353022,False,250,time1,0.9562309176849666,5,time1,TIME1,0.9732278339267751,0.9486593331502247,1.0,1
0.000661903191367277,False,250,time0,0.9857589708758219,0,time0,TIME0,0.9715584456273059,0.9066960125646947,1.0,5
0.0012239275165452357,False,250,time1,0.9629564726004409,7,time1,TIME1,0.9677579359882482,0.921401481733768,1.0,7
0.0013303277249312967,False,250,time1,0.9486863070385505,6,time1,TIME1,0.9620003231480888,0.9156525807732854,1.0,8
0.0008022658420959011,False,250,goleiro_time1,0.9455265896359012,9,goleiro1,GOL-TIME1,0.9581266451541866,0.9008640010801662,1.0,10
0.0008621869169925515,False,250,time0,0.9461047028336643,3,time0,TIME0,0.8565172330435453,0.8952443163440202,0.0,2
0.0009558288669629387,False,251,time0,0.9651835208770188,4,time0,TIME0,0.9757268086826761,0.9491194230726085,1.0,6
0.0004807144275727801,False,251,time1,0.9582179448892686,5,time1,TIME1,0.9736626941774019,0.9486593331502247,1.0,1
0.00035636210214768505,False,251,time0,0.9878694304268468,0,time0,TIME0,0.9724131816076389,0.9066960125646947,1.0,5
0.0009781528428911325,False,251,time1,0.9721378539804648,7,time1,TIME1,0.9709108445487002,0.921401481733768,1.0,7
0.0022779295596631276,False,251,time1,0.9198616804748089,6,time1,TIME1,0.9521510576195799,0.9156525807732854,1.0,8
0.0009827835315846822,False,251,goleiro_time1,0.9183073618164408,9,goleiro1,GOL-TIME1,0.9494463484950441,0.9008640010801662,1.0,10
0.0005063946408620575,False,251,time0,0.9606181830742684,3,time0,TIME0,0.8611402937839,0.8952443163440202,0.0,2
0.00022279196153338627,False,252,time1,0.9810167656545749,5,time1,TIME1,0.9816143557650229,0.9512054255338216,1.0,1
0.0013568434124731298,False,252,time0,0.9588407940465105,4,time0,TIME0,0.9737379875327017,0.9503728120654116,1.0,6
0.0006229481423441771,False,252,time0,0.9818289163472063,0,time0,TIME0,0.9703300209284101,0.9062352166453007,1.0,5
0.001234295103186221,False,252,time1,0.9646708859917703,7,time1,TIME1,0.9688725394150283,0.9235242344915877,1.0,7
0.00216861127927792,False,252,time1,0.9177062065153208,6,time1,TIME1,0.9527776949474845,0.9183648101079924,1.0,8
0.0012996643750045032,False,252,goleiro_time1,0.8941460001489525,9,goleiro1,GOL-TIME1,0.9414609823865777,0.8985790272432289,1.0,10
0.00179566150388963,False,252,time0,0.8838441663881148,3,time0,TIME0,0.837262818156987,0.8985993825579863,0.0,2
0.0011543454284460106,False,253,time0,0.9696269165571985,4,time0,TIME0,0.977246380161283,0.9503728120654116,1.0,6
0.000338404600712762,False,253,time0,0.9884340203504428,0,time0,TIME0,0.9725789160229231,0.9062352166453007,1.0,5
0.000856821948220439,False,253,time1,0.9727905837171897,7,time1,TIME1,0.9716793884483658,0.9235242344915877,1.0,7
0.0007248130659558061,False,253,time1,0.9362995298606526,5,time1,TIME1,0.9674413370489979,0.9512054255338216,1.0,1
0.0027728770830943664,False,253,time1,0.889439542260991,6,time1,TIME1,0.9434407169371789,0.9183648101079924,1.0,8
0.0014087251784486096,False,253,goleiro_time1,0.8900474058639873,9,goleiro1,GOL-TIME1,0.940155854428483,0.8985790272432289,1.0,10
0.0018746492387170589,False,253,time0,0.8801811956251409,3,time0,TIME0,0.8359709836074574,0.8985993825579863,0.0,2
0.0004818027249167241,False,254,time1,0.9652040908578055,5,time1,TIME1,0.9764648889303248,0.9512054255338216,1.0,1
0.0010983477112010574,False,254,time0,0.9663015346861654,4,time0,TIME0,0.9763742852889921,0.9503728120654116,1.0,6
0.00033939354377678554,False,254,time0,0.9847057475891875,0,time0,TIME0,0.971451921277705,0.9062352166453007,1.0,5
0.0013904121715986877,False,254,time1,0.9623280942491489,7,time1,TIME1,0.9679509066516766,0.9235242344915877,1.0,7
0.001793012922257588,False,254,time1,0.9228492603337192,6,time1,TIME1,0.9541190634696098,0.9183648101079924,1.0,8
0.001733770605930133,False,254,goleiro_time1,0.8609460181916746,9,goleiro1,GOL-TIME1,0.9311008603288022,0.8985790272432289,1.0,10
0.0014502282101896053,False,254,time0,0.9011211210053985,3,time0,TIME0,0.8433748413734747,0.8985993825579863,0.0,2
0.0006324587712635823,False,255,time0,0.9656082662337511,4,time0,TIME0,0.9764420494583786,0.9507087509767818,1.0,6
0.00025731302818511023,False,255,time1,0.9590807110709513,5,time1,TIME1,0.9754167793365386,0.9525692294193966,1.0,1
0.0001324095056703092,False,255,time0,0.9916415195973057,0,time0,TIME0,0.9735769492331573,0.9056260420306569,1.0,5
0.0013283323056950283,False,255,time1,0.9680171070866475,7,time1,TIME1,0.9700842945970044,0.9241089765035515,1.0,7
0.0015247976017452754,False,255,time1,0.9266731787285089,6,time1,TIME1,0.9563400703799335,0.9209755488818219,1.0,8
0.0015652313303429002,False,255,goleiro_time1,0.8681819875431895,9,goleiro1,GOL-TIME1,0.9334950605662552,0.899838324363128,1.0,10
0.002142905361586158,False,255,time0,0.8465802168346068,3,time0,TIME0,0.8261743191573496,0.9012301283216919,0.0,2
0.0002533365841779652,False,256,time1,0.974973519059045,5,time1,TIME1,0.9802943782801784,0.9525692294193966,1.0,1
0.0006339568779549327,False,256,time0,0.9605719352955328,4,time0,TIME0,0.9751783537017272,0.9507087509767818,1.0,6
0.0011561516632799902,False,256,time1,0.9725724813085209,7,time1,TIME1,0.9716301666976656,0.9241089765035515,1.0,7
0.0004637079619725318,False,256,time0,0.9799653334521543,0,time0,TIME0,0.9697010195751082,0.9056260420306569,1.0,5
0.0017371883715135857,False,256,time1,0.9183377897535091,6,time1,TIME1,0.9539965265635985,0.9209755488818219,1.0,8
0.0016584520527997246,False,256,goleiro_time1,0.858424957974201,9,goleiro1,GOL-TIME1,0.9309143013622759,0.899838324363128,1.0,10
0.0027660612496169445,False,256,time0,0.7892955973445743,3,time0,TIME0,0.8086694233320829,0.9012301283216919,0.0,2
0.0004945390669471212,False,257,time0,0.9728425260653317,4,time0,TIME0,0.9789576563853395,0.9507087509767818,1.0,6
0.0002648809183647083,False,257,time1,0.9654830686593656,5,time1,TIME1,0.9773486447834926,0.9525692294193966,1.0,1
0.0002647746915392813,False,257,time0,0.991239167739975,0,time0,TIME0,0.9733282452708214,0.9056260420306569,1.0,5
0.0007291731278770885,False,257,time1,0.9750899616282869,7,time1,TIME1,0.9725048807977553,0.9241089765035515,1.0,7
0.0016691478981890747,False,257,time1,0.9265260414032676,6,time1,TIME1,0.956358418208238,0.9209755488818219,1.0,8
0.0018588590513278634,False,257,goleiro_time1,0.8400627034452955,9,goleiro1,GOL-TIME1,0.9246080569350029,0.899838324363128,1.0,10
0.003002245421303079,False,257,time0,0.7465371565869034,3,time0,TIME0,0.7960263604956379,0.9012301283216919,0.0,2
0.0005648379020166878,False,258,time0,0.9741048350830017,4,time0,TIME0,0.9794317721156901,0.9511569020617292,1.0,6
0.00038754092004473047,False,258,time0,0.9873092619534503,0,time0,TIME0,0.9721724689795777,0.9056633492813967,1.0,5
0.000908657446271446,False,258,time1,0.890265447624903,5,time1,TIME1,0.9540937966025173,0.9532466637840045,1.0,1
0.0024809796201410907,False,258,time1,0.8898743426015951,6,time1,TIME1,0.9449045640317694,0.923022411652741,1.0,8
0.001940461816777775,False,258,goleiro_time1,0.8290327612282444,9,goleiro1,GOL-TIME1,0.9218697967489521,0.900365765859471,1.0,10
0.0008227695675264447,False,258,time1,0.9647956007275277,7,time1,TIME1,0.8697737376005865,0.9246778006607806,0.0,7
0.0017433043958690404,False,258,time0,0.8439418279749072,3,time0,TIME0,0.8269336581656861,0.9048443477542512,0.0,2
0.0006101639630678924,False,259,time0,0.987125584927831,0,time0,TIME0,0.9717747221589256,0.9056633492813967,1.0,5
0.0016476686500983312,False,259,time0,0.9350764072149303,4,time0,TIME0,0.9660740171936198,0.9511569020617292,1.0,6
0.0012421420349477416,False,259,time1,0.8785183806782815,5,time1,TIME1,0.9498993711065157,0.9532466637840045,1.0,1
0.002649591842116849,False,259,time1,0.8793131910793245,6,time1,TIME1,0.9420243316311333,0.923022411652741,1.0,8
0.0016619664669365204,False,259,goleiro_time1,0.8439489516970281,9,goleiro1,GOL-TIME1,0.9264697801106175,0.900365765859471,1.0,10
0.0006648234279476855,False,259,time1,0.9702012112950065,7,time1,TIME1,0.8715123353484493,0.9246778006607806,0.0,7
0.001272410132336115,False,259,time0,0.8757510645223073,3,time0,TIME0,0.8372517325370255,0.9048443477542512,0.0,2
0.0015528053351509257,False,260,time0,0.946315209498497,4,time0,TIME0,0.9700731191434481,0.9511569020617292,1.0,6
0.0015378643129907675,False,260,time0,0.9775212647994579,0,time0,TIME0,0.9675996718701214,0.9056633492813967,1.0,5
0.0008808174137990602,False,260,time1,0.9153351061528572,5,time1,TIME1,0.9618052345995601,0.9532466637840045,1.0,1
0.0026933469042027093,False,260,time1,0.8741714229400833,6,time1,TIME1,0.9403606782537602,0.923022411652741,1.0,8
0.0016235004509350117,False,260,goleiro_time1,0.8417398181948702,9,goleiro1,GOL-TIME1,0.9260403068668358,0.900365765859471,1.0,10
0.00017511030845256869,False,260,time1,0.9870978137788369,7,time1,TIME1,0.8767523699509389,0.9246778006607806,0.0,7
0.0017129835909269404,False,260,time0,0.8624421076299953,3,time0,TIME0,0.8330790224973503,0.9048443477542512,0.0,2
0.001479930486036122,False,261,time0,0.9524432249804775,4,time0,TIME0,0.9721789349293052,0.9516009752628427,1.0,6
0.0018632696021070793,False,261,time0,0.9637237405543748,0,time0,TIME0,0.9632834749965703,0.9045807304201849,1.0,5
0.0012078146983189565,False,261,goleiro_time1,0.8775856678963333,9,goleiro1,GOL-TIME1,0.9369596603568576,0.9002617855577002,1.0,10
0.003438482790710097,False,261,time1,0.8343530418966091,6,time1,TIME1,0.9276745780028502,0.9240503462146126,1.0,8
0.0004107494791628592,False,261,time1,0.9838704834473114,7,time1,TIME1,0.8757489972517459,0.9244904471630964,0.0,7
0.008529939403733278,False,261,time1,0.6525867655959736,5,time1,TIME1,0.8713305774868559,0.9550677981625966,1.0,1
0.0022613631534334207,False,261,time0,0.8422503343312859,3,time0,TIME0,0.8269062498972082,0.9076037160442327,0.0,2
0.001369425149286897,False,262,time0,0.959915782369823,4,time0,TIME0,0.9745546999126652,0.9516009752628427,1.0,6
0.0022786038267262046,False,262,time0,0.9580387184085178,0,time0,TIME0,0.961196375238413,0.9045807304201849,1.0,5
0.0007923166148983065,False,262,goleiro_time1,0.9211661441999413,9,goleiro1,GOL-TIME1,0.9503879255877531,0.9002617855577002,1.0,10
0.0031543661315607914,False,262,time1,0.834719300276948,6,time1,TIME1,0.9282419156241909,0.9240503462146126,1.0,8
0.00045316988749990734,False,262,time1,0.9812286353067177,7,time1,TIME1,0.874944777945716,0.9244904471630964,0.0,7
0.001989147362061956,False,262,time0,0.8700432767732077,3,time0,TIME0,0.8355392289724205,0.9076037160442327,0.0,2
0.0011941796762631564,False,263,time0,0.960132904462518,4,time0,TIME0,0.974696228607227,0.9516009752628427,1.0,6
0.0018373933318700068,False,263,time0,0.95462290536367,0,time0,TIME0,0.9604351389554886,0.9045807304201849,1.0,5
0.0006223694956583439,False,263,goleiro_time1,0.9380181097397462,9,goleiro1,GOL-TIME1,0.9557879196127664,0.9002617855577002,1.0,10
0.0032830093605358515,False,263,time1,0.8190241858189784,6,time1,TIME1,0.9235198147921894,0.9240503462146126,1.0,8
0.0006528774827650655,False,263,time1,0.9774550356878364,7,time1,TIME1,0.8735977112495568,0.9244904471630964,0.0,7
0.0013704024577266378,False,263,time0,0.9155404268572738,3,time0,TIME0,0.8498270027183901,0.9076037160442327,0.0,2
0.010413697416858473,False,263,time1,0.5744139072923979,5,time1,TIME1,0.8387297119253918,0.9550677981625966,1.0,1
0.0008498200148690265,False,264,time0,0.9617421938962324,4,time0,TIME0,0.9753891132813599,0.9515008515300881,1.0,6
0.0007436800973797072,False,264,time0,0.9745276711046313,0,time0,TIME0,0.9667523871761238,0.9036267560294731,1.0,5
0.0008291816524839937,False,264,time0,0.951461055144278,3,time0,TIME0,0.961385305997152,0.9092218451823344,1.0,2
0.0017720504679431194,False,264,time1,0.9181711990809708,5,time1,TIME1,0.9560718964628707,0.9526444840829162,1.0,1
0.0009591283381804293,False,264,goleiro_time1,0.9142257683576304,9,goleiro1,GOL-TIME1,0.948531805486286,0.90157985285676,1.0,10
0.0027787684239148377,False,264,time1,0.8456059209675013,6,time1,TIME1,0.9320534788905759,0.925405891310246,1.0,8
0.0013192262370134693,False,264,time1,0.9673209628123256,7,time1,TIME1,0.8692625409238159,0.9240532652696781,0.0,7
0.0007692735109603831,False,265,time0,0.9619703929479976,4,time0,TIME0,0.9756986666959216,0.9515008515300881,1.0,6
0.0009585422778037741,False,265,time0,0.9653613207109273,0,time0,TIME0,0.9640301396630199,0.9036267560294731,1.0,5
0.0011364814639788668,False,265,time1,0.9140905124096002,5,time1,TIME1,0.9605252585401752,0.9526444840829162,1.0,1
0.0009590926225896082,False,265,time0,0.9390110734701301,3,time0,TIME0,0.9579507963596655,0.9092218451823344,1.0,2
0.0011308486823901277,False,265,goleiro_time1,0.8996871452408407,9,goleiro1,GOL-TIME1,0.9441508274697822,0.90157985285676,1.0,10
0.0024457592855127146,False,265,time1,0.8683783832097572,6,time1,TIME1,0.9392746205298914,0.925405891310246,1.0,8
0.0014357067921070635,False,265,time1,0.964334642853371,7,time1,TIME1,0.8687905915265706,0.9240532652696781,0.0,7
0.00041510853996530806,False,266,time0,0.9638159167985991,4,time0,TIME0,0.9763279105860119,0.9515008515300881,1.0,6
0.000910897246732181,False,266,time1,0.9297616283723179,5,time1,TIME1,0.9660167157115533,0.9526444840829162,1.0,1
0.0009768425136242507,False,266,time0,0.9655313909973222,0,time0,TIME0,0.9646644265504886,0.9036267560294731,1.0,5
0.0008973952923094553,False,266,goleiro_time1,0.9151851770733929,9,goleiro1,GOL-TIME1,0.948737378219238,0.90157985285676,1.0,10
0.0020853651637339856,False,266,time0,0.8692740494781457,3,time0,TIME0,0.9353361909287332,0.9092218451823344,1.0,2
0.00290118848176198,False,266,time1,0.8516890473600062,6,time1,TIME1,0.9338759925388079,0.925405891310246,1.0,8
0.001555508464230767,False,266,time1,0.9542512688852769,7,time1,TIME1,0.8657832748402279,0.9240532652696781,0.0,7
0.00037955843138168417,False,267,time0,0.9307081922215343,4,time0,TIME0,0.9666258646857401,0.9513233109171308,1.0,6
0.0007686300891802878,False,267,time1,0.930409336023659,5,time1,TIME1,0.9655248689946614,0.9501140549216225,1.0,1
0.0014941452911829177,False,267,time0,0.948240814836269,0,time0,TIME0,0.9585429927311059,0.9031288300067788,1.0,5
0.0023868153567122106,False,267,time1,0.8804468317281818,6,time1,TIME1,0.9432289822736177,0.926545426331027,1.0,8
0.001120762058396935,False,267,goleiro_time1,0.893729569531097,9,goleiro1,GOL-TIME1,0.9424848146419612,0.9023679098404512,1.0,10
0.003562360261120866,False,267,time0,0.7868975489505353,3,time0,TIME0,0.90966083787739,0.9113560885353081,1.0,2
0.0017548709440709835,False,267,time1,0.9469896079709044,7,time1,TIME1,0.8632507639960618,0.9235926953375029,0.0,7
0.0007090988012543712,False,268,time0,0.9606993737845091,4,time0,TIME0,0.9751607494991751,0.9513233109171308,1.0,6
0.0012524955518105247,False,268,time0,0.9571742390427732,0,time0,TIME0,0.9616151239020566,0.9031288300067788,1.0,5
0.0020328961468621567,False,268,time1,0.8893689782081353,6,time1,TIME1,0.9461671998132245,0.926545426331027,1.0,8
0.0020059947309394558,False,268,time1,0.8675506745740678,5,time1,TIME1,0.9447030724688155,0.9501140549216225,1.0,1
0.0013146573471149465,False,268,goleiro_time1,0.8766036665438589,9,goleiro1,GOL-TIME1,0.9372184835641725,0.9023679098404512,1.0,10
0.002773756336002944,False,268,time0,0.8309664651432815,3,time0,TIME0,0.9240257559448426,0.9113560885353081,1.0,2
0.0009848988686228589,False,268,time1,0.9526000928349504,7,time1,TIME1,0.8652213109575007,0.9235926953375029,0.0,7
0.0002174057798649074,False,269,time0,0.9841476863798858,4,time0,TIME0,0.9823096832747468,0.9513233109171308,1.0,6
0.0007721753486000654,False,269,time1,0.94212527248472,5,time1,TIME1,0.9686068912399808,0.9501140549216225,1.0,1
0.001363435211789947,False,269,time0,0.9543809290699306,0,time0,TIME0,0.9605937965900949,0.9031288300067788,1.0,5
0.00199850614560584,False,269,time1,0.8888319835201165,6,time1,TIME1,0.946254052603828,0.926545426331027,1.0,8
0.001623686713152597,False,269,goleiro_time1,0.8420103520539519,9,goleiro1,GOL-TIME1,0.9264711289878266,0.9023679098404512,1.0,10
0.0036218295337936295,False,269,time0,0.7844867830636119,3,time0,TIME0,0.9092608923813653,0.9113560885353081,1.0,2
0.001347714291001132,False,269,time1,0.9474426353418075,7,time1,TIME1,0.8636401458414814,0.9235926953375029,0.0,7
0.0004092822177544908,False,270,time0,0.969160965120726,4,time0,TIME0,0.9782305885213867,0.9520897604776635,1.0,6
0.0010407524247557705,False,270,time0,0.9647810246198734,0,time0,TIME0,0.9643873027631923,0.9045361179304685,1.0,5
0.0018058640412093965,False,270,time1,0.9000363180310099,6,time1,TIME1,0.9498667706580973,0.9274037709132353,1.0,8
0.0023923757330577395,False,270,time1,0.8266946312888812,5,time1,TIME1,0.9316945182463455,0.9479678374837766,1.0,1
0.0014782542343069185,False,270,goleiro_time1,0.8509416934887425,9,goleiro1,GOL-TIME1,0.9293415184038035,0.902733226726401,1.0,10
0.0033863776399483906,False,270,time0,0.7739590508911193,3,time0,TIME0,0.9070913181307826,0.9126385651376625,1.0,2
0.001655533980800578,False,270,time1,0.9539157860896216,7,time1,TIME1,0.8652596650109227,0.9237594320305066,0.0,7
0.0012179545710111915,False,271,time1,0.9077058720456407,5,time1,TIME1,0.9573954958535146,0.9479678374837766,1.0,1
0.0013925902814934592,False,271,time1,0.9197762368054218,6,time1,TIME1,0.9562334294094669,0.9274037709132353,1.0,8
0.0020414804432305387,False,271,time0,0.9426167209866997,0,time0,TIME0,0.9558285683256232,0.9045361179304685,1.0,5
0.0028094375099819748,False,271,time0,0.8731213403834718,4,time0,TIME0,0.9457512032875278,0.9520897604776635,1.0,6
0.00124787027457013,False,271,goleiro_time1,0.8683993345347147,9,goleiro1,GOL-TIME1,0.9348574339572927,0.902733226726401,1.0,10
0.0035257827340412886,False,271,time0,0.7420295895698641,3,time0,TIME0,0.8973233696842539,0.9126385651376625,1.0,2
0.0008499403655871872,False,271,time1,0.977249739306606,7,time1,TIME1,0.8727596135317542,0.9237594320305066,0.0,7
0.0010987426390522883,False,272,time0,0.9508743623818697,4,time0,TIME0,0.9711188768421248,0.9520897604776635,1.0,6
0.0009680574523438292,False,272,time1,0.939496661784593,6,time1,TIME1,0.9625119321088019,0.9274037709132353,1.0,8
0.0019053315287298935,False,272,time0,0.9523526859636083,0,time0,TIME0,0.9598733982350339,0.9045361179304685,1.0,5
0.0014298786570594393,False,272,time1,0.8945659333560646,5,time1,TIME1,0.953774425778967,0.9479678374837766,1.0,1
0.0016132199886898175,False,272,time0,0.8656106386663411,3,time0,TIME0,0.9350668576262243,0.9126385651376625,1.0,2
0.001549496664463072,False,272,goleiro_time1,0.8412117479872367,9,goleiro1,GOL-TIME1,0.9263360774790462,0.902733226726401,1.0,10
0.0004205415307035752,False,272,time1,0.9898455692659269,7,time1,TIME1,0.8772029716330454,0.9237594320305066,0.0,7
0.0003930587082539319,False,273,time0,0.9816504001909843,4,time0,TIME0,0.9822641445209053,0.9544349445690398,1.0,6
0.0005422214911600133,False,273,time1,0.9670264842523114,7,time1,TIME1,0.9705373624559596,0.9240961557357636,1.0,7
0.0008128853318812382,False,273,time1,0.9363335150767655,5,time1,TIME1,0.9665251861214452,0.947209306587007,1.0,1
0.0007085607945817298,False,273,time0,0.9700550759619735,0,time0,TIME0,0.9663013393257147,0.9069925219487796,1.0,5
0.0009500406684395963,False,273,time1,0.9353516425371153,6,time1,TIME1,0.9618475118467135,0.9287256044826846,1.0,8
0.001413548406645404,False,273,goleiro_time1,0.8544875230720835,9,goleiro1,GOL-TIME1,0.9308513737156673,0.9035843868428335,1.0,10
0.0025034010022260693,False,273,time0,0.8062218475788534,3,time0,TIME0,0.9172753315101613,0.9133478989145489,1.0,2
0.00020198876628526094,False,274,time0,0.9606931875875673,4,time0,TIME0,0.9764677047237441,0.9544349445690398,1.0,6
0.0009526903323622692,False,274,time1,0.9339987532103976,6,time1,TIME1,0.9614852946930629,0.9287256044826846,1.0,8
0.0007660781019870575,False,274,time1,0.9380886822279273,7,time1,TIME1,0.961272915181482,0.9240961557357636,1.0,7
0.0016589534780490401,False,274,time0,0.9392458372075835,0,time0,TIME0,0.9562182862562244,0.9069925219487796,1.0,5
0.0012108863473586336,False,274,time1,0.9009011011574555,5,time1,TIME1,0.9556968152731573,0.947209306587007,1.0,1
0.0014905410469237537,False,274,goleiro_time1,0.8514581071154866,9,goleiro1,GOL-TIME1,0.9299101278812801,0.9035843868428335,1.0,10
0.003710406147153081,False,274,time0,0.7557731376278336,3,time0,TIME0,0.900843207121086,0.9133478989145489,1.0,2
0.00016584648238291696,False,275,time0,0.956614942651304,4,time0,TIME0,0.9753385714609232,0.9544349445690398,1.0,6
0.001446311292167162,False,275,time0,0.963676558511171,0,time0,TIME0,0.9643478018148155,0.9069925219487796,1.0,5
0.0011865038546503876,False,275,time1,0.9168311969258539,6,time1,TIME1,0.9559622519144465,0.9287256044826846,1.0,8
0.0013875517856901704,False,275,time1,0.8969884756118935,5,time1,TIME1,0.9543094265952796,0.947209306587007,1.0,1
0.0014912655322721065,False,275,time1,0.8872382116624262,7,time1,TIME1,0.9453103953245939,0.9240961557357636,1.0,7
0.0017788158666771396,False,275,time0,0.8805004531691647,3,time0,TIME0,0.9394578623921727,0.9133478989145489,1.0,2
0.0013278210316009713,False,275,goleiro_time1,0.86995302947149,9,goleiro1,GOL-TIME1,0.9355639036798212,0.9035843868428335,1.0,10
0.0006890898449857629,False,276,time0,0.9518309340170074,4,time0,TIME0,0.9734365860460026,0.9563864007615829,1.0,6
0.0010071790117804995,False,276,time0,0.9759573583688581,0,time0,TIME0,0.9690207705446364,0.9107907401971743,1.0,5
0.0012723855643387925,False,276,time1,0.9155472544410594,6,time1,TIME1,0.9560388937066989,0.9306806594119681,1.0,8
0.0013570276183385163,False,276,time1,0.9016946167895223,5,time1,TIME1,0.9552299107005796,0.9449977701510215,1.0,1
0.0016442844355244379,False,276,time1,0.874909514833759,7,time1,TIME1,0.9421763030243472,0.9252181106337716,1.0,7
0.0014165099867279143,False,276,goleiro_time1,0.8616207046126378,9,goleiro1,GOL-TIME1,0.9331127887854807,0.904006298316657,1.0,10
0.0023934608376443224,False,276,time0,0.8441902488856559,3,time0,TIME0,0.9290236319457518,0.9136865693892133,1.0,2
0.0006103298241070843,False,277,time0,0.9629348218963036,4,time0,TIME0,0.9773662790634505,0.9563864007615829,1.0,6
0.0010447784376738127,False,277,time0,0.9659912133996339,0,time0,TIME0,0.9660696270734038,0.9107907401971743,1.0,5
0.0012963598170210471,False,277,time1,0.9141552700429532,6,time1,TIME1,0.9556008139186155,0.9306806594119681,1.0,8
0.001774728487880323,False,277,time1,0.8733451661620165,5,time1,TIME1,0.946350488815406,0.9449977701510215,1.0,1
0.0018377528688176058,False,277,time1,0.8346969443021903,7,time1,TIME1,0.9298493865588074,0.9252181106337716,1.0,7
0.0017040283935593347,False,277,goleiro_time1,0.8355210469482848,9,goleiro1,GOL-TIME1,0.9248863292100579,0.904006298316657,1.0,10
0.0025929369580007878,False,277,time0,0.8297649427810492,3,time0,TIME0,0.9247491489949914,0.9136865693892133,1.0,2
0.0006473815027120775,False,278,time0,0.9601332198179942,4,time0,TIME0,0.9760580236863854,0.9563864007615829,1.0,6
0.0016125297037254023,False,278,time0,0.9477968597873282,0,time0,TIME0,0.9601161822132277,0.9107907401971743,1.0,5
0.0014135500300813501,False,278,time1,0.9088224640037106,6,time1,TIME1,0.9538630264546085,0.9306806594119681,1.0,8
0.0014937099938911527,False,278,time1,0.8942126352404071,5,time1,TIME1,0.9529434573543238,0.9449977701510215,1.0,1
0.0010904508858414503,False,278,time1,0.8628450013313587,7,time1,TIME1,0.9386558395688793,0.9252181106337716,1.0,7
0.0013149581156812855,False,278,goleiro_time1,0.8733285971197462,9,goleiro1,GOL-TIME1,0.9365256979396344,0.904006298316657,1.0,10
0.002303496294779751,False,278,time0,0.8370047920184732,3,time0,TIME0,0.9270757537441753,0.9136865693892133,1.0,2
0.00040512099967937815,False,279,time0,0.9562319876694496,4,time0,TIME0,0.9759467214291689,0.9586162589374936,1.0,6
0.000535326704581064,False,279,time1,0.9725792396806852,7,time1,TIME1,0.9721322296415665,0.9249433225332802,1.0,7
0.0012013960655030901,False,279,time0,0.9605041358837703,0,time0,TIME0,0.9650925355242692,0.9138312218824044,1.0,5
0.0014255322861146382,False,279,time1,0.9018668334038854,5,time1,TIME1,0.955026467635535,0.9433511739064109,1.0,1
0.0014211555028031079,False,279,time1,0.9106622081423773,6,time1,TIME1,0.9549389080866771,0.9324451570026417,1.0,8
0.0010388404501271479,False,279,time0,0.91618336510696,3,time0,TIME0,0.951624988678036,0.9144130510382347,1.0,2
0.0014474349263002063,False,279,goleiro_time1,0.8621683929404411,9,goleiro1,GOL-TIME1,0.933376593628954,0.9045304913598923,1.0,10
0.0007189874201766331,False,280,time0,0.9307262812442424,4,time0,TIME0,0.9677912858851488,0.9586162589374936,1.0,6
0.001327004226861799,False,280,time0,0.9528144113484547,0,time0,TIME0,0.9629930141996922,0.9138312218824044,1.0,5
0.0010345557697483104,False,280,time1,0.9394437776825885,7,time1,TIME1,0.9617878284032914,0.9249433225332802,1.0,7
0.0005275828610021405,False,280,time0,0.9449067610302488,3,time0,TIME0,0.961158610815913,0.9144130510382347,1.0,2
0.0013785339236950332,False,280,time1,0.9121553833107462,6,time1,TIME1,0.9553962417663436,0.9324451570026417,1.0,8
0.0013551521169041564,False,280,time1,0.901453557846888,5,time1,TIME1,0.9548031755774415,0.9433511739064109,1.0,1
0.001423928331399582,False,280,goleiro_time1,0.862350399300479,9,goleiro1,GOL-TIME1,0.9334744871437548,0.9045304913598923,1.0,10
0.0009603066279903361,False,281,time1,0.9531878292813314,7,time1,TIME1,0.966187326078782,0.9249433225332802,1.0,7
0.0016834962579997288,False,281,time0,0.9126651315871268,4,time0,TIME0,0.9611320297069147,0.9586162589374936,1.0,6
0.0014896654738033215,False,281,time0,0.9441835159918492,0,time0,TIME0,0.9601203744823761,0.9138312218824044,1.0,5
0.0004705019872937404,False,281,time0,0.934443009920204,3,time0,TIME0,0.9583043013190148,0.9144130510382347,1.0,2
0.001578381377966975,False,281,time1,0.899526192494838,6,time1,TIME1,0.9512783399921175,0.9324451570026417,1.0,8
0.0018987375648318147,False,281,time1,0.8562868004889351,5,time1,TIME1,0.9403869206016946,0.9433511739064109,1.0,1
0.0014186268389729743,False,281,goleiro_time1,0.8617879505509067,9,goleiro1,GOL-TIME1,0.9332640730239594,0.9045304913598923,1.0,10
0.000511231343577207,False,282,time0,0.9587924859038315,4,time0,TIME0,0.9763809601818793,0.9604939510693176,1.0,6
0.0008363651942032784,False,282,time1,0.962942375259696,7,time1,TIME1,0.9692007112294242,0.9255076310587509,1.0,7
0.0008721405815817328,False,282,time1,0.9363588133531582,5,time1,TIME1,0.9645597639537158,0.9411163838737823,1.0,1
0.0017125912605732237,False,282,time0,0.936846303448,0,time0,TIME0,0.9581425012692232,0.9168540010353562,1.0,5
0.0009443273644279152,False,282,time0,0.9221507904367806,3,time0,TIME0,0.9541209057096868,0.9147758489941469,1.0,2
0.0019900898207433804,False,282,time1,0.8726350711408656,6,time1,TIME1,0.9433097050608724,0.9344567419251463,1.0,8
0.0013738924120951742,False,282,goleiro_time1,0.8652649266434715,9,goleiro1,GOL-TIME1,0.9347486129257288,0.9064342338926584,1.0,10
0.00022542593224191048,False,283,time1,0.9819944888556231,7,time1,TIME1,0.9752941593957859,0.9255076310587509,1.0,7
0.0007622849980127942,False,283,time0,0.9488698426573402,4,time0,TIME0,0.9737456446359052,0.9604939510693176,1.0,6
0.000942166571183239,False,283,time1,0.9317420217383896,5,time1,TIME1,0.963816508643643,0.9411163838737823,1.0,1
0.0016760875457146765,False,283,time0,0.9341473690070506,0,time0,TIME0,0.9575935758780868,0.9168540010353562,1.0,5
0.00030237733724722146,False,283,time0,0.9186441620074253,3,time0,TIME0,0.9535029459419343,0.9147758489941469,1.0,2
0.002276363485120154,False,283,time1,0.8567130473386527,6,time1,TIME1,0.9382692466009095,0.9344567419251463,1.0,8
0.0014768153289130808,False,283,goleiro_time1,0.8647008046067295,9,goleiro1,GOL-TIME1,0.9345759631697658,0.9064342338926584,1.0,10
0.0011715881580909935,False,284,time0,0.9296536655064238,4,time0,TIME0,0.9676617656529493,0.9604939510693176,1.0,6
0.0006819460233326338,False,284,time1,0.953099000524363,7,time1,TIME1,0.9663241970968687,0.9255076310587509,1.0,7
0.0015682790607596335,False,284,time0,0.9378183847304288,0,time0,TIME0,0.9589558781599807,0.9168540010353562,1.0,5
0.0013290286514869767,False,284,time1,0.9065755554708216,5,time1,TIME1,0.9557271768171427,0.9411163838737823,1.0,1
0.0005512556416291463,False,284,time0,0.9155852786033689,3,time0,TIME0,0.9523320384417099,0.9147758489941469,1.0,2
0.0014150761681000418,False,284,goleiro_time1,0.8683872787795637,9,goleiro1,GOL-TIME1,0.9355101877696043,0.9064342338926584,1.0,10
0.0027073694945334496,False,284,time1,0.8259381009354534,6,time1,TIME1,0.9282994593577957,0.9344567419251463,1.0,8
0.0007589375272058212,False,285,time1,0.9556300995728184,7,time1,TIME1,0.9671064839594806,0.9255538019663125,1.0,7
0.0013023132813237345,False,285,time0,0.9435641803263393,0,time0,TIME0,0.9612636789348753,0.9191373903700245,1.0,5
0.0015198700407316583,False,285,time0,0.9063591475473963,4,time0,TIME0,0.9606512242265797,0.9622675894615389,1.0,6
0.0002518067934283941,False,285,time0,0.9354571640339399,3,time0,TIME0,0.9596016606683944,0.9177122803792988,1.0,2
0.0018468874017427586,False,285,time1,0.8836222392412636,5,time1,TIME1,0.9473762190204874,0.93767485774201,1.0,1
0.0016345359191243516,False,285,goleiro_time1,0.8535484504328592,9,goleiro1,GOL-TIME1,0.9313750430079196,0.9079081375339253,1.0,10
0.0036499965803801545,False,285,time1,0.7648150739368952,6,time1,TIME1,0.9095110757537253,0.9361099950392355,1.0,8
0.0010933688496115338,False,286,time0,0.9296384656169813,4,time0,TIME0,0.9681350635003654,0.9622675894615389,1.0,6
0.0009952686198451061,False,286,time1,0.9483531735515739,7,time1,TIME1,0.9647632125657005,0.9255538019663125,1.0,7
0.0003602532616531118,False,286,time0,0.9499261048575564,3,time0,TIME0,0.9639150534799172,0.9177122803792988,1.0,2
0.0016043223691837778,False,286,time0,0.9306826319397451,0,time0,TIME0,0.9573197126944101,0.9191373903700245,1.0,5
0.001675654954149489,False,286,time1,0.891181744084362,5,time1,TIME1,0.9500475779069025,0.93767485774201,1.0,1
0.0016410445985207123,False,286,goleiro_time1,0.8548913811435823,9,goleiro1,GOL-TIME1,0.9319231789287582,0.9079081375339253,1.0,10
0.002967168598412366,False,286,time1,0.8002557457399424,6,time1,TIME1,0.9208692486157297,0.9361099950392355,1.0,8
0.0006115325195707189,False,287,time1,0.9514427113129093,5,time1,TIME1,0.9685533258503908,0.93767485774201,1.0,1
0.0007620240036271423,False,287,time1,0.9588209487680613,7,time1,TIME1,0.9681816108307856,0.9255538019663125,1.0,7
0.0013778110617826268,False,287,time0,0.9160637651938925,4,time0,TIME0,0.9639201457493568,0.9622675894615389,1.0,6
0.0013884033319585959,False,287,time0,0.9191693305911391,3,time0,TIME0,0.9530490854988802,0.9177122803792988,1.0,2
0.0019572814790151227,False,287,time0,0.9127212775439603,0,time0,TIME0,0.951359862801343,0.9191373903700245,1.0,5
0.0016088677733756091,False,287,goleiro_time1,0.8607842732708193,9,goleiro1,GOL-TIME1,0.9336074319343465,0.9079081375339253,1.0,10
0.0025679215417315666,False,287,time1,0.8283253852368174,6,time1,TIME1,0.9297868745991605,0.9361099950392355,1.0,8
0.0007546775230533693,False,288,time1,0.9534285846351781,5,time1,TIME1,0.9692340727367977,0.9364822101583286,1.0,1
0.001303850675164988,False,288,time0,0.9198999351009117,4,time0,TIME0,0.9657778137744787,0.9646068922579267,1.0,6
0.000852486562525542,False,288,time1,0.948847348624077,7,time1,TIME1,0.9651057695165034,0.9262582553893932,1.0,7
0.0018401843429490807,False,288,time0,0.9125847643600091,0,time0,TIME0,0.9522752729166106,0.9210921062139619,1.0,5
0.001904732372636604,False,288,time0,0.8981678245212534,3,time0,TIME0,0.947078333952082,0.9189494014940016,1.0,2
0.001537185716765167,False,288,goleiro_time1,0.8674414129569691,9,goleiro1,GOL-TIME1,0.9362507190329579,0.9098638255140937,1.0,10
0.002366338634432909,False,288,time1,0.8481805290163813,6,time1,TIME1,0.9359510522291005,0.9358962586873039,1.0,8
0.000692162955117792,False,289,time1,0.9594880055489908,5,time1,TIME1,0.9710522581285014,0.9364822101583286,1.0,1
0.0010141574053106892,False,289,time1,0.9432305493768938,7,time1,TIME1,0.9634973404687054,0.9262582553893932,1.0,7
0.0010507177239692344,False,289,time0,0.9474518410164586,0,time0,TIME0,0.9630137125944218,0.9210921062139619,1.0,5
0.0012241928942079428,False,289,time0,0.9407560224911977,3,time0,TIME0,0.959960482048671,0.9189494014940016,1.0,2
0.0024436351819204275,False,289,time0,0.8544794312243399,4,time0,TIME0,0.9444566181599706,0.9646068922579267,1.0,6
0.0023114409573852454,False,289,time1,0.8608462729791931,6,time1,TIME1,0.939994010087699,0.9358962586873039,1.0,8
0.00171279960151968,False,289,goleiro_time1,0.8603867661162375,9,goleiro1,GOL-TIME1,0.9338426871008884,0.9098638255140937,1.0,10
0.00040990080096460583,False,290,time1,0.960606870888974,5,time1,TIME1,0.9716832854206118,0.9364822101583286,1.0,1
0.000841847591508848,False,290,time1,0.9497701973096095,7,time1,TIME1,0.9655395430301871,0.9262582553893932,1.0,7
0.0011383086952510867,False,290,time0,0.9395597543778644,0,time0,TIME0,0.9610257832027679,0.9210921062139619,1.0,5
0.0001836852024210941,False,290,time0,0.9257210901646113,3,time0,TIME0,0.9565766261886197,0.9189494014940016,1.0,2
0.0018688871233979222,False,290,time0,0.8832500416786431,4,time0,TIME0,0.9540357602524651,0.9646068922579267,1.0,6
0.00266338780078947,False,290,time1,0.8485828070526332,6,time1,TIME1,0.9358753492392232,0.9358962586873039,1.0,8
0.0016165855878648586,False,290,goleiro_time1,0.8662082869269233,9,goleiro1,GOL-TIME1,0.9357519262503416,0.9098638255140937,1.0,10
0.0008214138361675948,False,291,time1,0.9497013824823405,7,time1,TIME1,0.966249769470127,0.9285632765424527,1.0,7
0.000575745822255171,False,291,time1,0.9326729068977326,5,time1,TIME1,0.9626835769745506,0.9346329175778234,1.0,1
0.0015058793779745307,False,291,time0,0.9234449556989103,0,time0,TIME0,0.9563944379325746,0.9243674616715261,1.0,5
0.0025188455059877417,False,291,time1,0.8628671589231891,6,time1,TIME1,0.9404322319588101,0.9358429726972006,1.0,8
0.0014426865926150732,False,291,time0,0.8551961432612416,3,time0,TIME0,0.9340462111719031,0.9196121158079977,1.0,2
0.0018305588829937325,False,291,goleiro_time1,0.8529065412361653,9,goleiro1,GOL-TIME1,0.9314518512882035,0.9096729118387873,1.0,10
0.008126932469400586,False,291,time0,0.7373331404183598,4,time0,TIME0,0.8996045735118079,0.9659764191120073,1.0,6
0.0006266483316677741,False,292,time1,0.9687775843473388,5,time1,TIME1,0.9733677739005181,0.9346329175778234,1.0,1
0.0006822463589827202,False,292,time1,0.9555280823083051,7,time1,TIME1,0.9680123804378599,0.9285632765424527,1.0,7
0.001913795907296367,False,292,time0,0.9116545365673657,0,time0,TIME0,0.9523206910123613,0.9243674616715261,1.0,5
0.0004377585830033391,False,292,time0,0.8870029183288347,3,time0,TIME0,0.944752495922032,0.9196121158079977,1.0,2
0.0025495816940739975,False,292,time1,0.8672073642794628,6,time1,TIME1,0.9417266079063036,0.9358429726972006,1.0,8
0.0017711203473748877,False,292,goleiro_time1,0.8506815111212597,9,goleiro1,GOL-TIME1,0.9308016535415687,0.9096729118387873,1.0,10
0.007027470215307783,False,292,time0,0.7433003572274779,4,time0,TIME0,0.8980373272032953,0.9659764191120073,1.0,6
0.0004279729710918772,False,293,time1,0.9844284308461687,7,time1,TIME1,0.9765518729114037,0.9285632765424527,1.0,7
0.0006654910389233821,False,293,time1,0.9542419007787247,5,time1,TIME1,0.9689666233092881,0.9346329175778234,1.0,1
0.0008882246108772291,False,293,time0,0.9331698331455709,3,time0,TIME0,0.9582853322644153,0.9196121158079977,1.0,2
0.0017860820412860968,False,293,time0,0.9262873187085144,0,time0,TIME0,0.957077137382425,0.9243674616715261,1.0,5
0.0022259607775209204,False,293,time1,0.8848306727198815,6,time1,TIME1,0.9471528857819832,0.9358429726972006,1.0,8
0.002325988458671993,False,293,time0,0.8640744760296872,4,time0,TIME0,0.9450420508411186,0.9659764191120073,1.0,6
0.0017058828985554541,False,293,goleiro_time1,0.8594519992245382,9,goleiro1,GOL-TIME1,0.933548381823023,0.9096729118387873,1.0,10
0.00044944759239017333,False,294,time1,0.9742563118163242,7,time1,TIME1,0.9744477244015465,0.9312707357140039,1.0,7
0.0005830944132956744,False,294,time1,0.9253311987636793,5,time1,TIME1,0.9598014466430124,0.9319966192730538,1.0,1
0.0017911237839612782,False,294,time0,0.9200148728036124,0,time0,TIME0,0.9556909521349973,0.925867191893573,1.0,5
0.001997951579886545,False,294,time1,0.8960833403912244,6,time1,TIME1,0.9504126487393786,0.9350007541143179,1.0,8
0.000774465042658887,False,294,time0,0.9015876423661541,3,time0,TIME0,0.9493293498266254,0.9192243754926166,1.0,2
0.0022434817640871185,False,294,time0,0.8579404021109667,4,time0,TIME0,0.9462099550490861,0.9659117578811647,1.0,6
0.0015384500486802337,False,294,goleiro_time1,0.8729178490171143,9,goleiro1,GOL-TIME1,0.9377719942131292,0.9096772033731682,1.0,10
0.0010369602948430748,False,295,time1,0.930185495634925,7,time1,TIME1,0.9600654989219694,0.9312707357140039,1.0,7
0.0015767165985184595,False,295,time0,0.8992702127929846,4,time0,TIME0,0.959251286298649,0.9659117578811647,1.0,6
0.0016586438346995276,False,295,time0,0.9283394086596413,0,time0,TIME0,0.9583459473199992,0.925867191893573,1.0,5
0.001774707816129272,False,295,time1,0.9088440560772424,6,time1,TIME1,0.9546372116183867,0.9350007541143179,1.0,8
0.00025847754584673837,False,295,time1,0.8997814482999162,5,time1,TIME1,0.952442726422211,0.9319966192730538,1.0,1
0.0015461870197136507,False,295,goleiro_time1,0.8727590345583083,9,goleiro1,GOL-TIME1,0.9378170082753988,0.9096772033731682,1.0,10
0.0038643654527346382,False,295,time0,0.8038262674895237,3,time0,TIME0,0.9151112917088465,0.9192243754926166,1.0,2
0.0014746748827322662,False,296,time1,0.9247468865171685,6,time1,TIME1,0.9596179183242107,0.9350007541143179,1.0,8
0.0015236874962451178,False,296,time0,0.9299680728931543,0,time0,TIME0,0.9583963702576249,0.925867191893573,1.0,5
0.0019782874414129552,False,296,time0,0.872037638246351,4,time0,TIME0,0.9510159988672238,0.9659117578811647,1.0,6
0.0013117295345001214,False,296,time1,0.8907470987608156,7,time1,TIME1,0.9486502143300127,0.9312707357140039,1.0,7
0.0015165417805833848,False,296,time1,0.8745031800021446,5,time1,TIME1,0.9430930323185728,0.9319966192730538,1.0,1
0.0014705745164478783,False,296,goleiro_time1,0.8750823320791535,9,goleiro1,GOL-TIME1,0.938433355057467,0.9096772033731682,1.0,10
0.0030513669132534033,False,296,time0,0.7803243432929369,3,time0,TIME0,0.9093326233832543,0.9192243754926166,1.0,2
0.0008719582156104191,False,297,time0,0.9490349019948937,0,time0,TIME0,0.965281522884594,0.9276866681197069,1.0,5
0.0006128978833161841,False,297,time1,0.9387778880847991,7,time1,TIME1,0.9633605248853419,0.9328531435647854,1.0,7
0.0013171762703294016,False,297,time1,0.9343230966616456,6,time1,TIME1,0.9626319942985919,0.9347623481065286,1.0,8
0.00043757131966692026,False,297,time1,0.8854290681205879,5,time1,TIME1,0.9466992246011926,0.9288442839238275,1.0,1
0.0021664451828091523,False,297,time0,0.8551131257216104,4,time0,TIME0,0.9460209508480831,0.9664269026714722,1.0,6
0.00163472369654882,False,297,goleiro_time1,0.8630997913877044,9,goleiro1,GOL-TIME1,0.9343605107481601,0.9083861613196333,1.0,10
0.002609967450453043,False,297,time0,0.8212739513873808,3,time0,TIME0,0.9231485340868262,0.9179872132052634,1.0,2
0.0009582800387838967,False,298,time1,0.9522423020913263,7,time1,TIME1,0.9675891256195787,0.9328531435647854,1.0,7
0.0006309363130330359,False,298,time0,0.9521460385648782,3,time0,TIME0,0.9631442009110311,0.9179872132052634,1.0,2
0.0013497209660599618,False,298,time1,0.9339818904493783,6,time1,TIME1,0.9625942200592181,0.9347623481065286,1.0,8
0.0006685902322596169,False,298,time1,0.9319041358404151,5,time1,TIME1,0.9608969470924147,0.9288442839238275,1.0,1
0.0015643337867226597,False,298,time0,0.9298612088059487,0,time0,TIME0,0.9589655279313617,0.9276866681197069,1.0,5
0.0023597894773669512,False,298,time0,0.8420452785070013,4,time0,TIME0,0.940943860095219,0.9664269026714722,1.0,6
0.0015312836612674493,False,298,goleiro_time1,0.8719347145456995,9,goleiro1,GOL-TIME1,0.9371807332018872,0.9083861613196333,1.0,10
0.0010555351077966217,False,299,time1,0.9471570120057741,6,time1,TIME1,0.9666523755223869,0.9347623481065286,1.0,8
0.001415351935752806,False,299,time1,0.9244235050481858,7,time1,TIME1,0.95888447707733,0.9328531435647854,1.0,7
0.0010245504257815016,False,299,time0,0.9061094635395154,0,time0,TIME0,0.9523868851677114,0.9276866681197069,1.0,5
0.0021702842841352307,False,299,time0,0.9084865104627632,3,time0,TIME0,0.9485405832071651,0.9179872132052634,1.0,2
0.0007647907172815516,False,299,time1,0.8447716373728048,5,time1,TIME1,0.9346530081880123,0.9288442839238275,1.0,1
0.002638110253729435,False,299,time0,0.8127632944324417,4,time0,TIME0,0.9327472546723817,0.9664269026714722,1.0,6
0.001756079754476683,False,299,goleiro_time1,0.8536954516244233,9,goleiro1,GOL-TIME1,0.9311520965883006,0.9083861613196333,1.0,10
0.0016015560343310895,False,300,time1,0.9233435935061016,6,time1,TIME1,0.9586564097857901,0.9339265774484198,1.0,8
0.0007956618128949544,False,300,time0,0.9172687663978026,0,time0,TIME0,0.9560576465236942,0.9289319843133215,1.0,5
0.0015998179838068592,False,300,time1,0.9126179528641929,7,time1,TIME1,0.9556555890038986,0.9341428723091323,1.0,7
0.0019007211871002057,False,300,time0,0.901863920111933,3,time0,TIME0,0.9477833294637341,0.917393869718317,1.0,2
0.0023498304554391467,False,300,time0,0.8243063097240522,4,time0,TIME0,0.9360065595449581,0.9659475086498955,1.0,6
0.00033227775345099784,False,300,time1,0.8491459033805325,5,time1,TIME1,0.93548617318466,0.9266597982305088,1.0,1
0.0017423442958503315,False,300,goleiro_time1,0.8568913635687185,9,goleiro1,GOL-TIME1,0.9316580477751922,0.9067147333481664,1.0,10
0.0006789040290562444,False,301,time0,0.9359886426430853,0,time0,TIME0,0.9619867877047723,0.9289319843133215,1.0,5
0.0014197648675714101,False,301,time1,0.9227945841277464,6,time1,TIME1,0.9586242287742159,0.9339265774484198,1.0,8
0.0015105450246554598,False,301,time0,0.9192095662013656,3,time0,TIME0,0.953470528518907,0.917393869718317,1.0,2
0.0017704043038934564,False,301,time1,0.9052044278198691,7,time1,TIME1,0.953348738209762,0.9341428723091323,1.0,7
0.002236767665929005,False,301,time0,0.8248761001362263,4,time0,TIME0,0.9367512067317059,0.9659475086498955,1.0,6
0.0017399080596400805,False,301,time1,0.8482250526215241,5,time1,TIME1,0.9335897472075851,0.9266597982305088,1.0,1
0.0016965611293511484,False,301,goleiro_time1,0.8620724447563145,9,goleiro1,GOL-TIME1,0.933540603318321,0.9067147333481664,1.0,10
0.0007567632053282582,False,302,time0,0.9371442378763591,0,time0,TIME0,0.9625682055841438,0.9289319843133215,1.0,5
0.0016153840288063864,False,302,time1,0.9168061565164598,6,time1,TIME1,0.956729479885748,0.9339265774484198,1.0,8
0.0017529673030802191,False,302,time1,0.9090901813717647,7,time1,TIME1,0.9544546251919436,0.9341428723091323,1.0,7
0.002801460595115678,False,302,time1,0.8377953846172238,5,time1,TIME1,0.9296434715031803,0.9266597982305088,1.0,1
0.001998442074000488,False,302,goleiro_time1,0.8401660659626983,9,goleiro1,GOL-TIME1,0.9267057987216895,0.9067147333481664,1.0,10
0.0026317784206221703,False,302,time0,0.78815761349366,4,time0,TIME0,0.9252419160573235,0.9659475086498955,1.0,6
0.0037002018781683048,False,302,time0,0.8260665132235502,3,time0,TIME0,0.9223067387741973,0.917393869718317,1.0,2
0.00218782453547466,False,303,time1,0.893999148333295,7,time1,TIME1,0.9497601357517583,0.9355581868371448,1.0,7
0.0025432115478783972,False,303,time1,0.8703389356894878,6,time1,TIME1,0.9415690966473592,0.9336608010445226,1.0,8
0.0009888379736032362,False,303,time0,0.8750938041213933,3,time0,TIME0,0.9392898461756607,0.9187231899570372,1.0,2
0.002238343264629531,False,303,time0,0.8067396571750378,4,time0,TIME0,0.9309544770898238,0.9668554955653366,1.0,6
0.002660016465474085,False,303,goleiro_time1,0.7900986551831584,9,goleiro1,GOL-TIME1,0.9103507633757338,0.9048387013028882,1.0,10
0.004934459967014948,False,303,time1,0.7330975178485296,5,time1,TIME1,0.8956827371281167,0.9274779932280124,1.0,1
0.0006014506035417708,False,303,time0,0.9375575141104262,0,time0,TIME0,0.863065526962389,0.9304931089126811,0.0,5
0.0017958298000827415,False,304,time1,0.9136225531283889,7,time1,TIME1,0.9560545678803352,0.9355581868371448,1.0,7
0.0018173923845520674,False,304,time1,0.904460144239148,6,time1,TIME1,0.9525785120575031,0.9336608010445226,1.0,8
0.0014132656041035386,False,304,time0,0.914806941246851,3,time0,TIME0,0.9519167911322975,0.9187231899570372,1.0,2
0.002033291399400577,False,304,time0,0.8308676408081808,4,time0,TIME0,0.9388082589059971,0.9668554955653366,1.0,6
0.002448880395234226,False,304,time1,0.8628255257174319,5,time1,TIME1,0.9366989681638422,0.9274779932280124,1.0,1
0.0025166172860367577,False,304,goleiro_time1,0.79857610515701,9,goleiro1,GOL-TIME1,0.9132856700063213,0.9048387013028882,1.0,10
0.0007001411146183145,False,304,time0,0.9473904722847822,0,time0,TIME0,0.8660114162117274,0.9304931089126811,0.0,5
0.0011546718473003027,False,305,time1,0.9421055459022227,7,time1,TIME1,0.964934922265438,0.9355581868371448,1.0,7
0.0012822775924765419,False,305,time1,0.9307841158634554,6,time1,TIME1,0.9611179903586827,0.9336608010445226,1.0,8
0.0016802500354812806,False,305,time1,0.9093024387883974,5,time1,TIME1,0.9525395161961799,0.9274779932280124,1.0,1
0.0017850089501255176,False,305,time0,0.8598224724184477,4,time0,TIME0,0.9472847295310372,0.9668554955653366,1.0,6
0.0023810837619888665,False,305,time0,0.8496556559186924,3,time0,TIME0,0.9313801356925548,0.9187231899570372,1.0,2
0.0019197740478254397,False,305,goleiro_time1,0.8479562350604626,9,goleiro1,GOL-TIME1,0.9283051337470528,0.9048387013028882,1.0,10
0.0003782109254316295,False,305,time0,0.9720780060849284,0,time0,TIME0,0.8735922632915321,0.9304931089126811,0.0,5
0.0008171228243885664,False,306,time1,0.9551140627523231,7,time1,TIME1,0.9699636653813722,0.9376604048596122,1.0,7
0.0016336286348884327,False,306,time1,0.9110398164182204,6,time1,TIME1,0.954998854057571,0.9338587984137265,1.0,8
0.00029894912755918025,False,306,time1,0.8934040716512213,5,time1,TIME1,0.9490888487701347,0.9292190977405789,1.0,1
0.0020460702213382386,False,306,time0,0.8329784580377586,4,time0,TIME0,0.9393328562504012,0.9669008453098257,1.0,6
0.00309315610263722,False,306,time0,0.8205730845778928,3,time0,TIME0,0.9232572619006528,0.9226729346457868,1.0,2
0.00227586000351864,False,306,goleiro_time1,0.8160832446933812,9,goleiro1,GOL-TIME1,0.918788150672486,0.9051134489266092,1.0,10
0.0007547118316663702,False,306,time0,0.9771807554647395,0,time0,TIME0,0.8752708604874494,0.9324040741257621,0.0,5
0.0009306936411208723,False,307,time1,0.954268425642655,6,time1,TIME1,0.9682411736884334,0.9338587984137265,1.0,8
0.0004375085468103256,False,307,time1,0.9293884257638525,7,time1,TIME1,0.962100557039226,0.9376604048596122,1.0,7
0.0009384356989202547,False,307,time1,0.8961761464644254,5,time1,TIME1,0.9498608990352622,0.9292190977405789,1.0,1
0.0015423097135283,False,307,time0,0.8645370573858834,4,time0,TIME0,0.9491820953795981,0.9669008453098257,1.0,6
0.0034893651695169646,False,307,time0,0.8174662514930937,3,time0,TIME0,0.9217595859835954,0.9226729346457868,1.0,2
0.002134896194459059,False,307,goleiro_time1,0.8171811974245434,9,goleiro1,GOL-TIME1,0.9192091064086909,0.9051134489266092,1.0,10
0.0015603454375185744,False,307,time0,0.9519115465219953,0,time0,TIME0,0.8665430753280015,0.9324040741257621,0.0,5
0.0006171903561875642,False,308,time1,0.9405509317668239,6,time1,TIME1,0.9648549436855313,0.9338587984137265,1.0,8
0.0010820829393701939,False,308,time1,0.9073406033248281,7,time1,TIME1,0.9551853811820995,0.9376604048596122,1.0,7
0.0015029505912981377,False,308,time0,0.8715558188233019,4,time0,TIME0,0.9512672583099303,0.9669008453098257,1.0,6
0.0022197666117819113,False,308,goleiro_time1,0.8119108255028618,9,goleiro1,GOL-TIME1,0.9175887842358972,0.9051134489266092,1.0,10
0.005888704793410439,False,308,time0,0.7625248086467942,3,time0,TIME0,0.9020146784677904,0.9226729346457868,1.0,2
0.003512934861961373,False,308,time1,0.7337176302308555,5,time1,TIME1,0.8964148523285073,0.9292190977405789,1.0,1
0.001728189557833553,False,308,time0,0.948568919772596,0,time0,TIME0,0.8658007215542369,0.9324040741257621,0.0,5
0.0006115190450523637,False,309,time0,0.9331756975817057,4,time0,TIME0,0.9704212647752711,0.9666711913693742,1.0,6
0.0010653459641370502,False,309,time1,0.9369094582067019,7,time1,TIME1,0.9642031921361396,0.9394512807405735,1.0,7
0.0010124828852464951,False,309,time1,0.9312078362335047,6,time1,TIME1,0.9617124557247606,0.9341606667378579,1.0,8
0.002274110805400911,False,309,time0,0.8988822232614692,3,time0,TIME0,0.9466063913642201,0.9265833635616207,1.0,2
0.0013565244614241912,False,309,time1,0.8771735175993857,5,time1,TIME1,0.9430598838243281,0.9310619876785828,1.0,1
0.0021599038182357373,False,309,goleiro_time1,0.8082392940140363,9,goleiro1,GOL-TIME1,0.917151965918083,0.9080044288365969,1.0,10
0.002367328280985843,False,309,time0,0.9288946441089411,0,time0,TIME0,0.8595825880884274,0.9340085693434763,0.0,5
0.0005978595091137728,False,310,time1,0.951761692157212,5,time1,TIME1,0.9672244958128159,0.9310619876785828,1.0,1
0.0010065482528007863,False,310,time1,0.9386142013416235,7,time1,TIME1,0.9652492463922486,0.9394512807405735,1.0,7
0.0012446862837629609,False,310,time1,0.9397647903845125,6,time1,TIME1,0.9640428272927163,0.9341606667378579,1.0,8
0.0003738498623915134,False,310,time0,0.9088070845164566,4,time0,TIME0,0.9637938030239358,0.9666711913693742,1.0,6
0.0011111327021953155,False,310,time0,0.9203906740082265,3,time0,TIME0,0.9557422751341773,0.9265833635616207,1.0,2
0.0021250707271951125,False,310,goleiro_time1,0.8175474742825782,9,goleiro1,GOL-TIME1,0.9199565692398245,0.9080044288365969,1.0,10
0.0028308880773709982,False,310,time0,0.914523262680735,0,time0,TIME0,0.8547481698968303,0.9340085693434763,0.0,5
0.000309031205931723,False,311,time0,0.9415495841269753,4,time0,TIME0,0.9737724198716676,0.9666711913693742,1.0,6
0.0007336509430190176,False,311,time1,0.93733298749012,7,time1,TIME1,0.9650854001458313,0.9394512807405735,1.0,7
0.0006969542016264418,False,311,time1,0.906613928797673,5,time1,TIME1,0.9534557314342927,0.9310619876785828,1.0,1
0.002280622082294786,False,311,time1,0.8947475349917903,6,time1,TIME1,0.9491271136927398,0.9341606667378579,1.0,8
0.0028915190808070155,False,311,time0,0.8363319426482363,3,time0,TIME0,0.9284402812519338,0.9265833635616207,1.0,2
0.001997738801548502,False,311,goleiro_time1,0.8280384210810433,9,goleiro1,GOL-TIME1,0.9234819681607263,0.9080044288365969,1.0,10
0.0025337988662610922,False,311,time0,0.9259430900041417,0,time0,TIME0,0.8587393833321753,0.9340085693434763,0.0,5
0.0007733745266191495,False,312,time1,0.9197639347558846,7,time1,TIME1,0.9597567598183289,0.9407764919256065,1.0,7
0.0015891091509299378,False,312,time0,0.8770381200197124,4,time0,TIME0,0.9525385470660498,0.9670052914401019,1.0,6
0.0007559636090101181,False,312,time1,0.8892777007091082,5,time1,TIME1,0.9490785904496961,0.9328852579511255,1.0,1
0.0024681213580711177,False,312,time1,0.8882137274580282,6,time1,TIME1,0.9476321541828846,0.9344694814268425,1.0,8
0.00115520725647543,False,312,time0,0.8733629706213409,3,time0,TIME0,0.9418474782685434,0.9286809663916773,1.0,2
0.002365640340517825,False,312,goleiro_time1,0.797658512842546,9,goleiro1,GOL-TIME1,0.9139429538398428,0.9081913733308449,1.0,10
0.002319433240778502,False,312,time0,0.9297109960734874,0,time0,TIME0,0.8605737477280391,0.9356608943698312,0.0,5
0.0009479411328446315,False,313,time1,0.9482724436638633,7,time1,TIME1,0.9684520404777861,0.9407764919256065,1.0,7
0.0013958494914994787,False,313,time1,0.9034589564704704,5,time1,TIME1,0.9525306357086107,0.9328852579511255,1.0,1
0.0015172571746904374,False,313,time0,0.8746682896003072,4,time0,TIME0,0.952473897217493,0.9670052914401019,1.0,6
0.002271393390084741,False,313,time1,0.8930755740207564,6,time1,TIME1,0.9491755223489472,0.9344694814268425,1.0,8
0.0024057786037732024,False,313,goleiro_time1,0.7863800827784857,9,goleiro1,GOL-TIME1,0.9105290000198518,0.9081913733308449,1.0,10
0.0022789081668516255,False,313,time0,0.7462271108926594,3,time0,TIME0,0.9022657295788356,0.9286809663916773,1.0,2
0.001526641824980401,False,313,time0,0.9516949624797114,0,time0,TIME0,0.8674925583124902,0.9356608943698312,0.0,5
0.0010600757499096768,False,314,time1,0.9427769248264518,7,time1,TIME1,0.9669467419596238,0.9407764919256065,1.0,7
0.0022345240774510615,False,314,time1,0.8976449245504023,6,time1,TIME1,0.9507971106781699,0.9344694814268425,1.0,8
0.0016134339575475545,False,314,time0,0.8607308003404205,4,time0,TIME0,0.9481333648140177,0.9670052914401019,1.0,6
0.0022380166293171125,False,314,time1,0.8664215057726375,5,time1,TIME1,0.9402604970972932,0.9328852579511255,1.0,1
0.002524808061531729,False,314,goleiro_time1,0.7799352243451789,9,goleiro1,GOL-TIME1,0.9085590989294524,0.9081913733308449,1.0,10
0.0039041214509391666,False,314,time0,0.7455635791758886,3,time0,TIME0,0.8981291526561973,0.9286809663916773,1.0,2
0.0015871920895353497,False,314,time0,0.9466201042094534,0,time0,TIME0,0.8662094081667129,0.9356608943698312,0.0,5
0.0011863192158687488,False,315,time1,0.9346810331730344,7,time1,TIME1,0.9643406730494605,0.940509189014216,1.0,7
0.0008826404782523509,False,315,time1,0.9417024479539208,5,time1,TIME1,0.9641548717293474,0.9342607024587304,1.0,1
0.0020254895991583667,False,315,time1,0.9020969159470504,6,time1,TIME1,0.9517265052441587,0.9326577140489409,1.0,8
0.0014786187497914198,False,315,time0,0.8765344779596114,3,time0,TIME0,0.9421190288119178,0.9315844483530988,1.0,2
0.006524124549496685,False,315,time0,0.8170439294376343,4,time0,TIME0,0.9263469230981679,0.9662957072685486,1.0,6
0.0024144851989828806,False,315,goleiro_time1,0.7827017062509317,9,goleiro1,GOL-TIME1,0.9092615881085268,0.9074951071520845,1.0,10
0.0016606585187090267,False,315,time0,0.9340160536348432,0,time0,TIME0,0.8622868973466338,0.9371466299441649,0.0,5
0.0010326377342921545,False,316,time1,0.9421681290620406,7,time1,TIME1,0.9666094188370373,0.940509189014216,1.0,7
0.0009336519743314899,False,316,time0,0.9174162026014382,4,time0,TIME0,0.9617436471482766,0.9662957072685486,1.0,6
0.0009847545992817542,False,316,time0,0.9261796333467749,3,time0,TIME0,0.9582772268648451,0.9315844483530988,1.0,2
0.0009309334767246891,False,316,time1,0.9148827126313468,6,time1,TIME1,0.9559805285474322,0.9326577140489409,1.0,8
0.000666703745575353,False,316,time1,0.8596625080964627,5,time1,TIME1,0.9399076993198953,0.9342607024587304,1.0,1
0.0026346815570106098,False,316,goleiro_time1,0.7645251147663074,9,goleiro1,GOL-TIME1,0.9035867239946732,0.9074951071520845,1.0,10
0.0019721874349588383,False,316,time0,0.9123482556558926,0,time0,TIME0,0.8557656414935262,0.9371466299441649,0.0,5
0.0008140469003008969,False,317,time1,0.9576420242895236,7,time1,TIME1,0.971515276270298,0.940509189014216,1.0,7
0.0011683228872574408,False,317,time1,0.9088733939018939,5,time1,TIME1,0.9541327062397637,0.9342607024587304,1.0,1
0.003034147885773238,False,317,time0,0.8815112068085539,4,time0,TIME0,0.9514974856413418,0.9662957072685486,1.0,6
0.0010262683456999963,False,317,time0,0.8989676888769328,3,time0,TIME0,0.9514446530587145,0.9315844483530988,1.0,2
0.0006970354816528256,False,317,time1,0.8815689774968244,6,time1,TIME1,0.9467912175777492,0.9326577140489409,1.0,8
0.0030969642504512537,False,317,goleiro_time1,0.7176478132216972,9,goleiro1,GOL-TIME1,0.8890210235869366,0.9074951071520845,1.0,10
0.0015420402231611952,False,317,time0,0.9253681303823722,0,time0,TIME0,0.8600252153055659,0.9371466299441649,0.0,5
0.0012070854508918274,False,318,time1,0.9411709576277123,7,time1,TIME1,0.9660616795136124,0.9404086596056163,1.0,7
0.0011436495830566605,False,318,time1,0.9103312503845934,5,time1,TIME1,0.9555605459420263,0.9355402453279613,1.0,1
0.0006013271682953118,False,318,time1,0.8989745025921361,6,time1,TIME1,0.9517085215448081,0.9307552733073028,1.0,8
0.001543950141437619,False,318,time0,0.895015883163797,3,time0,TIME0,0.9489336152107289,0.9314370616835095,1.0,2
0.0020545683673723974,False,318,time0,0.8524625243817188,4,time0,TIME0,0.9436983823545546,0.964555767506913,1.0,6
0.0028271379403347835,False,318,goleiro_time1,0.731025410549396,9,goleiro1,GOL-TIME1,0.8939678794493912,0.9096648354095009,1.0,10
0.001305634398353844,False,318,time0,0.9643419433043097,0,time0,TIME0,0.8723110686311991,0.9383805992113211,0.0,5
0.0006776620464427066,False,319,time1,0.9539582798907497,6,time1,TIME1,0.9680621372248309,0.9307552733073028,1.0,8
0.0008150752387438867,False,319,time1,0.9480833698294708,5,time1,TIME1,0.9670418305416654,0.9355402453279613,1.0,1
0.0016559663559076395,False,319,time1,0.9225828575469647,7,time1,TIME1,0.960030801735191,0.9404086596056163,1.0,7
0.0018696287089382437,False,319,time0,0.8565358281813351,4,time0,TIME0,0.9460990079585679,0.964555767506913,1.0,6
0.0027152072268246076,False,319,time0,0.8404025770958867,3,time0,TIME0,0.931417065033134,0.9314370616835095,1.0,2
0.0028468947228863823,False,319,goleiro_time1,0.719786176766956,9,goleiro1,GOL-TIME1,0.8907330641990016,0.9096648354095009,1.0,10
0.0006785474142933489,False,319,time0,0.9735133043999868,0,time0,TIME0,0.8752009517169688,0.9383805992113211,0.0,5
0.0009634313092709296,False,320,time1,0.9377592299071169,6,time1,TIME1,0.9627692098109929,0.9307552733073028,1.0,8
0.0022293048391124055,False,320,time1,0.8959613040924719,7,time1,TIME1,0.9514719545779536,0.9404086596056163,1.0,7
0.0013969211756822376,False,320,time1,0.8966005176218085,5,time1,TIME1,0.9511297497926113,0.9355402453279613,1.0,1
0.0016823110415297839,False,320,time0,0.8806504720175274,3,time0,TIME0,0.9447220342629387,0.9314370616835095,1.0,2
0.002240650275338447,False,320,goleiro_time1,0.7670433678154578,9,goleiro1,GOL-TIME1,0.9050059655655606,0.9096648354095009,1.0,10
0.0012421612997209725,False,320,time0,0.9496106351037915,0,time0,TIME0,0.867885529916343,0.9383805992113211,0.0,5
0.012745342792200276,False,320,time0,0.6137856097889749,4,time0,TIME0,0.8546060291315628,0.964555767506913,1.0,6
0.0010609573838576425,False,321,time1,0.9328639883001902,6,time1,TIME1,0.9611323255013108,0.9292518175556028,1.0,8
0.0023061976921945827,False,321,time1,0.891167797141852,7,time1,TIME1,0.9500368378433587,0.9398320394354682,1.0,7
0.0009237384086101849,False,321,time1,0.8899742851405101,5,time1,TIME1,0.9487457674986098,0.9328935167410672,1.0,1
0.0005789128210994343,False,321,time0,0.8439535258184748,3,time0,TIME0,0.9347150059667808,0.9312518717503501,1.0,2
0.0022808173275246078,False,321,goleiro_time1,0.7688146865513044,9,goleiro1,GOL-TIME1,0.905962021798212,0.910552229352043,1.0,10
0.007289602304870759,False,321,time0,0.6851801652891248,4,time0,TIME0,0.8861397087431792,0.9638191884538453,1.0,6
0.0011255272758159108,False,321,time0,0.9544913586553945,0,time0,TIME0,0.8698617671678266,0.9388195040734915,0.0,5
0.0009406967122773562,False,322,time1,0.9031994022322296,5,time1,TIME1,0.9532102543716285,0.9328935167410672,1.0,1
0.0015443469091829226,False,322,time1,0.9060712401751886,6,time1,TIME1,0.9523997776931609,0.9292518175556028,1.0,8
0.0025626345519994135,False,322,time1,0.8705080475924968,7,time1,TIME1,0.9430421577225132,0.9398320394354682,1.0,7
0.0026587341675345447,False,322,time0,0.7848830310691783,3,time0,TIME0,0.9144198261548004,0.9312518717503501,1.0,2
0.0020367545129614663,False,322,goleiro_time1,0.7932142007479995,9,goleiro1,GOL-TIME1,0.9133193123425598,0.910552229352043,1.0,10
0.003855908433744455,False,322,time0,0.7198798890554955,4,time0,TIME0,0.9006723413606171,0.9638191884538453,1.0,6
0.0013105451838626814,False,322,time0,0.9482500082702469,0,time0,TIME0,0.8676248112211529,0.9388195040734915,0.0,5
0.001438613175367396,False,323,time1,0.9142673111444298,6,time1,TIME1,0.9552130043950161,0.9292518175556028,1.0,8
0.0016702403623519478,False,323,time1,0.8900097417285153,5,time1,TIME1,0.9482060890586093,0.9328935167410672,1.0,1
0.002322950252412812,False,323,time1,0.87761594609184,7,time1,TIME1,0.9459675990075371,0.9398320394354682,1.0,7
0.0016512862065322558,False,323,goleiro_time1,0.8371048861559546,9,goleiro1,GOL-TIME1,0.9269997768139874,0.910552229352043,1.0,10
0.0032818240358368435,False,323,time0,0.7481523525312419,3,time0,TIME0,0.9037907226536146,0.9312518717503501,1.0,2
0.005908705524270252,False,323,time0,0.6849916802915671,4,time0,TIME0,0.8852094476293723,0.9638191884538453,1.0,6
0.001002069409482758,False,323,time0,0.9609018208764467,0,time0,TIME0,0.8718466591114689,0.9388195040734915,0.0,5
0.0013876197535417937,False,324,time1,0.919516346304585,6,time1,TIME1,0.9564977954245458,0.9278206974123571,1.0,8
0.0019228821700593797,False,324,time1,0.8779174465634193,5,time1,TIME1,0.9434458485036871,0.9322985278829454,1.0,1
0.003167910349432655,False,324,time1,0.8296716116485953,7,time1,TIME1,0.929786727937662,0.9378764149344645,1.0,7
0.0016811906542686325,False,324,goleiro_time1,0.8459254776022296,9,goleiro1,GOL-TIME1,0.9290771511883537,0.9085221249736166,1.0,10
0.0023911994996000316,False,324,time0,0.8206487103404673,3,time0,TIME0,0.9259879369976272,0.9310403931371821,1.0,2
0.0012649211140862468,False,324,time0,0.9484173678519606,0,time0,TIME0,0.8677229965672344,0.9382690671755654,0.0,5
0.007413515923788601,False,324,time0,0.6305581392390692,4,time0,TIME0,0.8642974709893114,0.9622053752808181,1.0,6
0.0007084120337345069,False,325,time0,0.9373046757827699,3,time0,TIME0,0.9621483683990579,0.9310403931371821,1.0,2
0.0011461152575720731,False,325,time1,0.9289055530002103,6,time1,TIME1,0.9594166357587303,0.9278206974123571,1.0,8
0.002166049713812606,False,325,time1,0.8583020216140609,5,time1,TIME1,0.9383331458159686,0.9322985278829454,1.0,1
0.002566417157754557,False,325,time1,0.8522741557473126,7,time1,TIME1,0.9374062613268709,0.9378764149344645,1.0,7
0.0025632902036636382,False,325,goleiro_time1,0.7828315129527103,9,goleiro1,GOL-TIME1,0.9090461125477719,0.9085221249736166,1.0,10
0.0027262110921275236,False,325,time0,0.7189035745975539,4,time0,TIME0,0.8994131947306833,0.9622053752808181,1.0,6
0.0011945082596987104,False,325,time0,0.9502727664102987,0,time0,TIME0,0.8685055114247551,0.9382690671755654,0.0,5
0.001095124216785859,False,326,time1,0.9547747670360068,6,time1,TIME1,0.9668483286299193,0.9278206974123571,1.0,8
0.0016904291953234187,False,326,time1,0.8986149375252322,7,time1,TIME1,0.9514575429118478,0.9378764149344645,1.0,7
0.0015577601698884426,False,326,time1,0.8950394264083844,5,time1,TIME1,0.9495977377976151,0.9322985278829454,1.0,1
0.001590568186929511,False,326,time0,0.8755346681521853,3,time0,TIME0,0.9430796093233893,0.9310403931371821,1.0,2
0.0021846839445217913,False,326,time0,0.7865989725395679,4,time0,TIME0,0.9235765699124294,0.9622053752808181,1.0,6
0.002811240822631251,False,326,goleiro_time1,0.7654584217007449,9,goleiro1,GOL-TIME1,0.9040373677185621,0.9085221249736166,1.0,10
0.0006821197309789,False,326,time0,0.9599557897539021,0,time0,TIME0,0.8711503395293838,0.9382690671755654,0.0,5
0.0013209520576535699,False,327,time1,0.923496350107358,7,time1,TIME1,0.9595153301124454,0.9362687631562168,1.0,7
0.0014416115533313584,False,327,time1,0.9090385327636133,5,time1,TIME1,0.9539341350755495,0.9312876448744447,1.0,1
0.0020503972192807457,False,327,time1,0.8869066425820556,6,time1,TIME1,0.9448168406113219,0.9261584682864201,1.0,8
0.0022983712157259866,False,327,time0,0.7989613341500784,3,time0,TIME0,0.9189375166140029,0.9297133816685601,1.0,2
0.003253092466457219,False,327,goleiro_time1,0.7346635938720879,9,goleiro1,GOL-TIME1,0.8942299595811091,0.908528562275188,1.0,10
0.0005503472209880648,False,327,time0,0.9576641602424847,0,time0,TIME0,0.8711343843601111,0.9381061269492501,0.0,5
0.0069906065305853846,False,327,time0,0.6092014225388469,4,time0,TIME0,0.8621922932233157,0.9598786853821162,1.0,6
0.0002994706834142313,False,328,time1,0.9157414253636843,7,time1,TIME1,0.9577150566259903,0.9362687631562168,1.0,7
0.0015669787967956194,False,328,time0,0.8650706803112191,3,time0,TIME0,0.9399038098108873,0.9297133816685601,1.0,2
0.0021570095566304714,False,328,time1,0.8489940888247224,5,time1,TIME1,0.9348993904860424,0.9312876448744447,1.0,1
0.0023003767002651226,False,328,time1,0.8506875434543498,6,time1,TIME1,0.9338087651559169,0.9261584682864201,1.0,8
0.004202656169415759,False,328,time0,0.7659935679263408,4,time0,TIME0,0.9140400826023815,0.9598786853821162,1.0,6
0.0028690894733132415,False,328,goleiro_time1,0.7618932741194901,9,goleiro1,GOL-TIME1,0.9028122549419694,0.908528562275188,1.0,10
0.0011047686168272487,False,328,time0,0.9568205769939799,0,time0,TIME0,0.8700346663057009,0.9381061269492501,0.0,5
0.000980331061014967,False,329,time1,0.8874220570658055,7,time1,TIME1,0.9488449263534823,0.9362687631562168,1.0,7
0.002599564472908426,False,329,time1,0.8567234432797511,6,time1,TIME1,0.9357427909603243,0.9261584682864201,1.0,8
0.0023212021365857137,False,329,time1,0.8393512400744813,5,time1,TIME1,0.9323831468011106,0.9312876448744447,1.0,1
0.0030084978142780323,False,329,time0,0.76925919272511,3,time0,TIME0,0.9094220885831034,0.9297133816685601,1.0,2
0.0030477226242408943,False,329,goleiro_time1,0.740788511470467,9,goleiro1,GOL-TIME1,0.8964072853844004,0.908528562275188,1.0,10
0.0018229231061343085,False,329,time0,0.92726563252571,0,time0,TIME0,0.8604914227349858,0.9381061269492501,0.0,5
0.0004214594213876773,False,330,time0,0.9742281163861422,3,time0,TIME0,0.9721645729505345,0.9290950308165546,1.0,2
0.0007275131646218809,False,330,time1,0.9146298350212878,7,time1,TIME1,0.9569019069799001,0.9339799747971802,1.0,7
0.0012760481440629644,False,330,time1,0.8657499973912666,6,time1,TIME1,0.9390532822825145,0.9264231820005979,1.0,8
0.0024622538276445273,False,330,time1,0.8486110658061191,5,time1,TIME1,0.9341340561513115,0.9307692376724166,1.0,1
0.0030343370701755266,False,330,goleiro_time1,0.7428755777103959,9,goleiro1,GOL-TIME1,0.8973441103526192,0.9093850512097231,1.0,10
0.001898025850512907,False,330,time0,0.9231420305125658,0,time0,TIME0,0.859090802350826,0.9375104553552256,0.0,5
0.0010543782473412075,False,331,time1,0.9506308968213306,7,time1,TIME1,0.9671594268210216,0.9339799747971802,1.0,7
0.0006626093860039668,False,331,time1,0.8612265754259277,6,time1,TIME1,0.9383577079429692,0.9264231820005979,1.0,8
0.0030551161844571137,False,331,time1,0.8142577639231181,5,time1,TIME1,0.9237411027839909,0.9307692376724166,1.0,1
0.0038463522403894873,False,331,time0,0.7155241854686789,3,time0,TIME0,0.89086177090342,0.9290950308165546,1.0,2
0.003336286415592742,False,331,goleiro_time1,0.7162664206781717,9,goleiro1,GOL-TIME1,0.888908128825718,0.9093850512097231,1.0,10
0.006217623739060105,False,331,time0,0.646326958924268,4,time0,TIME0,0.8768293104645796,0.9598786853821162,1.0,6
0.0021106119737401025,False,331,time0,0.9110003055086249,0,time0,TIME0,0.8555503124243189,0.9375104553552256,0.0,5
0.0013522669465401906,False,332,time1,0.940362825620599,7,time1,TIME1,0.9641345285259623,0.9339799747971802,1.0,7
0.00024138425348062273,False,332,time1,0.8946619407431122,6,time1,TIME1,0.9492384458213421,0.9264231820005979,1.0,8
0.0019454563715814474,False,332,time0,0.8353883691539108,4,time0,TIME0,0.9357608818986901,0.9598786853821162,1.0,6
0.002359848786893527,False,332,time1,0.833174828119385,5,time1,TIME1,0.927737972392864,0.9307692376724166,1.0,1
0.003481401242138239,False,332,time0,0.7360190575291559,3,time0,TIME0,0.8995471124872289,0.9290950308165546,1.0,2
0.003091335040421597,False,332,goleiro_time1,0.7346378953347924,9,goleiro1,GOL-TIME1,0.8947458426025992,0.9093850512097231,1.0,10
0.0018743961991675444,False,332,time0,0.9186375774993035,0,time0,TIME0,0.8581002970330699,0.9375104553552256,0.0,5
0.0012738716576041395,False,333,time1,0.9391758234529108,6,time1,TIME1,0.961330305763144,0.9264306681051773,1.0,8
0.0017489323071499402,False,333,time1,0.921930954408946,7,time1,TIME1,0.9577865352889464,0.9330467671320097,1.0,7
0.0015649467961360254,False,333,time0,0.9022449962683267,4,time0,TIME0,0.9575747515897634,0.9569528119843531,1.0,6
0.0011646703728361368,False,333,time1,0.9023112665868124,5,time1,TIME1,0.9509832845003489,0.9309513078576959,1.0,1
0.002288342061365297,False,333,time0,0.7986650997484147,3,time0,TIME0,0.9188105395753865,0.929102076260889,1.0,2
0.003375982021980064,False,333,goleiro_time1,0.7213295924632055,9,goleiro1,GOL-TIME1,0.8899065557433946,0.9077564735168109,1.0,10
0.0014146303725891568,False,333,time0,0.935260723197474,0,time0,TIME0,0.863000399499151,0.9361991346288714,0.0,5
0.0013744505493735511,False,334,time1,0.9410550058221506,6,time1,TIME1,0.9625211393272682,0.9264306681051773,1.0,8
0.0008616212577942895,False,334,time1,0.9187753263400847,5,time1,TIME1,0.9572599750871825,0.9309513078576959,1.0,1
0.001969384518682824,False,334,time1,0.9155679223822462,7,time1,TIME1,0.9558430896639155,0.9330467671320097,1.0,7
0.0018101272922337412,False,334,time0,0.8525100329226797,4,time0,TIME0,0.9421738376122063,0.9569528119843531,1.0,6
0.002800606884265991,False,334,time0,0.7635768155428272,3,time0,TIME0,0.908449241245723,0.929102076260889,1.0,2
0.00332615119675022,False,334,goleiro_time1,0.7199850206779451,9,goleiro1,GOL-TIME1,0.8896779352314462,0.9077564735168109,1.0,10
0.001851596015361736,False,334,time0,0.9180630934375642,0,time0,TIME0,0.8573090506550972,0.9361991346288714,0.0,5
0.0007156929816105763,False,335,time1,0.9088892277468935,5,time1,TIME1,0.9544929836610704,0.9309513078576959,1.0,1
0.001764096930554451,False,335,time1,0.904645016055018,6,time1,TIME1,0.951124818965481,0.9264306681051773,1.0,8
0.0024345588762312194,False,335,time1,0.8983171462354292,7,time1,TIME1,0.9501903467006517,0.9330467671320097,1.0,7
0.0014303714239837075,False,335,time0,0.8933085881692949,3,time0,TIME0,0.9477157321775911,0.929102076260889,1.0,2
0.003338969414066848,False,335,goleiro_time1,0.7221022200522406,9,goleiro1,GOL-TIME1,0.8904657149365635,0.9077564735168109,1.0,10
0.001629183883725279,False,335,time0,0.9259356130138123,0,time0,TIME0,0.8601924656495372,0.9361991346288714,0.0,5
0.0004805369319093056,False,336,time1,0.9465866437795369,5,time1,TIME1,0.9662001197482658,0.9312882500443973,1.0,1
0.0012188882631385053,False,336,time1,0.9311663255943065,6,time1,TIME1,0.9579896864693239,0.9259575571194067,1.0,8
0.0026787357642268626,False,336,time1,0.8872296077765451,7,time1,TIME1,0.946834348304758,0.9331272499746046,1.0,7
0.0021382945870402174,False,336,time0,0.8225820554864272,3,time0,TIME0,0.9264264274147528,0.9289407353968284,1.0,2
0.003370464937259773,False,336,goleiro_time1,0.724709711224612,9,goleiro1,GOL-TIME1,0.891159896234556,0.9074157435683596,1.0,10
0.0011013615659210424,False,336,time0,0.9530187748626509,0,time0,TIME0,0.8680825528329992,0.9343042992788277,0.0,5
0.0010485005433826862,False,337,time1,0.9346463426842297,5,time1,TIME1,0.961828205066744,0.9312882500443973,1.0,1
0.003395346149490757,False,337,time1,0.8507333703435225,7,time1,TIME1,0.9348323556461143,0.9331272499746046,1.0,7
0.00199506467785757,False,337,time0,0.8355004463395926,3,time0,TIME0,0.9308690549747255,0.9289407353968284,1.0,2
0.004271928397707346,False,337,time1,0.8451254790297467,6,time1,TIME1,0.9288288845186351,0.9259575571194067,1.0,8
0.0034368225568822317,False,337,goleiro_time1,0.7228900013993683,9,goleiro1,GOL-TIME1,0.890537152561995,0.9074157435683596,1.0,10
2.908727434195833e-05,False,337,time0,0.9684104393104749,0,time0,TIME0,0.8733187244235381,0.9343042992788277,0.0,5
0.00728940229756216,False,337,time0,0.49440907986572336,4,time0,TIME0,0.8271765611696081,0.9569528119843531,1.0,6
0.002653950875862032,False,338,time1,0.8770226779974557,7,time1,TIME1,0.9433767289371539,0.9331272499746046,1.0,7
0.0017820973718701567,False,338,time0,0.8208532751478614,4,time0,TIME0,0.9301108650548359,0.9569528119843531,1.0,6
0.002169519537575407,False,338,time0,0.8316151586763113,3,time0,TIME0,0.9295787769452041,0.9289407353968284,1.0,2
0.004381888259978576,False,338,time1,0.8341079486288265,6,time1,TIME1,0.9275927614880196,0.9259575571194067,1.0,8
0.0032697270569966757,False,338,time1,0.8258585448232447,5,time1,TIME1,0.9259824296828031,0.9312882500443973,1.0,1
0.0032385278649785026,False,338,goleiro_time1,0.7390307682155203,9,goleiro1,GOL-TIME1,0.8954829603307055,0.9074157435683596,1.0,10
0.00023002520744989696,False,338,time0,0.9879664265617322,0,time0,TIME0,0.8795805500962994,0.9343042992788277,0.0,5
0.002959347749855051,False,339,time1,0.8686755484473806,7,time1,TIME1,0.9406167188360407,0.9335169794518384,1.0,7
0.00232555078034084,False,339,time1,0.8581056807808725,5,time1,TIME1,0.9374777598373835,0.9315262905500854,1.0,1
0.0022138482136956667,False,339,time0,0.8389438976608291,3,time0,TIME0,0.9322667046778205,0.9308340114692382,1.0,2
0.004122317735880915,False,339,time1,0.8320205943067109,6,time1,TIME1,0.9269054186813358,0.9249356333145111,1.0,8
0.004098497817842632,False,339,time0,0.7518376487137529,4,time0,TIME0,0.9075164348377974,0.9550094337150472,1.0,6
0.003930565274383105,False,339,goleiro_time1,0.6947378005720841,9,goleiro1,GOL-TIME1,0.8813568349544704,0.9079238135553445,1.0,10
0.0018397141958989994,False,339,time0,0.8825570007264483,0,time0,TIME0,0.8449749076728437,0.9329219421970515,0.0,5
0.0013493165140511787,False,340,time1,0.9296279380993395,6,time1,TIME1,0.9569527345928911,0.9249356333145111,1.0,8
0.0016138288853987854,False,340,time0,0.8628462563642735,4,time0,TIME0,0.9442484048943466,0.9550094337150472,1.0,6
0.0023553908317846756,False,340,time1,0.8557377672362558,5,time1,TIME1,0.937115735206333,0.9315262905500854,1.0,1
0.003324822143855423,False,340,time1,0.8537340084517968,7,time1,TIME1,0.9362044518463271,0.9335169794518384,1.0,7
0.0026178731505958237,False,340,time0,0.8218758025759513,3,time0,TIME0,0.9265114508161126,0.9308340114692382,1.0,2
0.003614824948830171,False,340,goleiro_time1,0.7200231562471888,9,goleiro1,GOL-TIME1,0.8894710011992072,0.9079238135553445,1.0,10
0.002622812292119192,False,340,time0,0.8762053663289892,0,time0,TIME0,0.8431734219288987,0.9329219421970515,0.0,5
0.0010425037874547613,False,341,time1,0.9091673973853954,6,time1,TIME1,0.9527590200677201,0.9249356333145111,1.0,8
0.001570915412507546,False,341,time0,0.8761939042226443,4,time0,TIME0,0.9500634084167413,0.9550094337150472,1.0,6
0.001654684923800604,False,341,time1,0.8903211133292268,5,time1,TIME1,0.9473228003659838,0.9315262905500854,1.0,1
0.0027923600461163367,False,341,time1,0.8751449884841758,7,time1,TIME1,0.9430210816085585,0.9335169794518384,1.0,7
0.001961470809589374,False,341,time0,0.8691263209658507,3,time0,TIME0,0.9411945298029315,0.9308340114692382,1.0,2
0.0035485441718425092,False,341,goleiro_time1,0.718894385908389,9,goleiro1,GOL-TIME1,0.8890624651547935,0.9079238135553445,1.0,10
0.0018692291272373,False,341,time0,0.912387393433527,0,time0,TIME0,0.8547181216390172,0.9329219421970515,0.0,5
0.0015332939078853615,False,342,time0,0.8895815464817216,4,time0,TIME0,0.9532021607432472,0.9511300076175491,1.0,6
0.0023301546282267424,False,342,time1,0.9035804674288931,6,time1,TIME1,0.9488199389879244,0.9232178103509718,1.0,8
0.0029459786466072735,False,342,time1,0.8664596879412816,7,time1,TIME1,0.9404192327513226,0.9332613485260057,1.0,7
0.0024504382443684045,False,342,time0,0.8394586402400153,3,time0,TIME0,0.9324257751080817,0.9326657869815134,1.0,2
0.002915779707590217,False,342,time1,0.8067538266707626,5,time1,TIME1,0.9209458648786021,0.9302725968727406,1.0,1
0.003793503988880576,False,342,goleiro_time1,0.706238980173348,9,goleiro1,GOL-TIME1,0.8844501806989312,0.9050443727996844,1.0,10
0.0008341915217000939,False,342,time0,0.9388872179536527,0,time0,TIME0,0.8625182746270782,0.932792735607828,0.0,5
0.0016420427951696303,False,343,time1,0.932829071031405,6,time1,TIME1,0.9583161157256437,0.9232178103509718,1.0,8
0.0017423958128843643,False,343,time0,0.8647777138448263,4,time0,TIME0,0.9450975722207001,0.9511300076175491,1.0,6
0.0026430708246072956,False,343,time1,0.8774377911105281,7,time1,TIME1,0.9438783387164369,0.9332613485260057,1.0,7
0.0013161454967324923,False,343,time0,0.8720649596328001,3,time0,TIME0,0.9428012330524956,0.9326657869815134,1.0,2
0.0026260336219531286,False,343,time1,0.8196042297701152,5,time1,TIME1,0.9258609331211666,0.9302725968727406,1.0,1
0.0033043151174384547,False,343,goleiro_time1,0.7410920461571608,9,goleiro1,GOL-TIME1,0.8952369322900248,0.9050443727996844,1.0,10
0.00220867616322852,False,343,time0,0.9240596266481964,0,time0,TIME0,0.8572634881302612,0.932792735607828,0.0,5
0.0020456494267409283,False,344,time1,0.9140442159543013,6,time1,TIME1,0.9528675062382999,0.9232178103509718,1.0,8
0.0018138936636294203,False,344,time1,0.9051211594820484,7,time1,TIME1,0.9525215550142765,0.9332613485260057,1.0,7
0.0013248136706247718,False,344,time0,0.8860211882408431,4,time0,TIME0,0.9516573398913891,0.9511300076175491,1.0,6
0.0018838303101393421,False,344,time0,0.8559171101874938,3,time0,TIME0,0.9376857846842046,0.9326657869815134,1.0,2
0.0027683810313553063,False,344,time1,0.8118662506566321,5,time1,TIME1,0.9232226942605226,0.9302725968727406,1.0,1
0.003518475324159293,False,344,goleiro_time1,0.7273987278938685,9,goleiro1,GOL-TIME1,0.8911104992952593,0.9050443727996844,1.0,10
0.0033002056599127673,False,344,time0,0.8947357624986577,0,time0,TIME0,0.8477722360781799,0.932792735607828,0.0,5
0.0029915783648445118,False,345,time1,0.8656059042521549,6,time1,TIME1,0.9367609127603155,0.9235738940294705,1.0,8
0.0023347240592705805,False,345,time1,0.8466661324267724,5,time1,TIME1,0.9335815179829715,0.9285401376913233,1.0,1
0.00262230469781328,False,345,time0,0.8257427660717002,4,time0,TIME0,0.9310480609661478,0.947923181843759,1.0,6
0.004320839708817141,False,345,time1,0.8201262482731965,7,time1,TIME1,0.92326121881268,0.9318534075836782,1.0,7
0.0027074049936661447,False,345,time0,0.7911846482020337,3,time0,TIME0,0.917533161707351,0.9328262117140108,1.0,2
0.003561948774222982,False,345,goleiro_time1,0.7267291033600106,9,goleiro1,GOL-TIME1,0.8911142546648647,0.9055309794839723,1.0,10
0.0033306693272181515,False,345,time0,0.8932788022388615,0,time0,TIME0,0.8480927876067261,0.9327354815554108,0.0,5
0.0022424672248496733,False,346,time1,0.8544874246071439,5,time1,TIME1,0.9363699848248274,0.9285401376913233,1.0,1
0.0019904335562477677,False,346,time0,0.8346626242321681,3,time0,TIME0,0.9312917570334049,0.9328262117140108,1.0,2
0.0028068997549105415,False,346,time0,0.8205516714508623,4,time0,TIME0,0.9302782576678744,0.947923181843759,1.0,6
0.004239629381950009,False,346,time1,0.8140576247457394,7,time1,TIME1,0.9231592833014041,0.9318534075836782,1.0,7
0.0022825972626962553,False,346,time1,0.8137501024588043,6,time1,TIME1,0.9222156886712183,0.9235738940294705,1.0,8
0.003497268055704105,False,346,goleiro_time1,0.7315731073702748,9,goleiro1,GOL-TIME1,0.8926271713088506,0.9055309794839723,1.0,10
0.0024312044246496767,False,346,time0,0.9185738175409894,0,time0,TIME0,0.8559302083994442,0.9327354815554108,0.0,5
0.0019897034429881342,False,347,time0,0.8621048985751456,4,time0,TIME0,0.9430296458915131,0.947923181843759,1.0,6
0.0022083289643941135,False,347,time1,0.851658606452219,5,time1,TIME1,0.9355649322724059,0.9285401376913233,1.0,1
0.003453787678980378,False,347,time1,0.8421011083587401,7,time1,TIME1,0.9319177936729911,0.9318534075836782,1.0,7
0.0024598719224239495,False,347,time0,0.7954697615421091,3,time0,TIME0,0.9192900234401433,0.9328262117140108,1.0,2
0.0026686282520244926,False,347,time1,0.771811008497819,6,time1,TIME1,0.9097423485935447,0.9235738940294705,1.0,8
0.003659669661123264,False,347,goleiro_time1,0.7202245508901831,9,goleiro1,GOL-TIME1,0.8890081414767717,0.9055309794839723,1.0,10
0.0020608837496620715,False,347,time0,0.9270517442721411,0,time0,TIME0,0.8591655797174719,0.9327354815554108,0.0,5
0.0020234278355064214,False,348,time1,0.9063411401598137,7,time1,TIME1,0.9516709791298456,0.9303359973248355,1.0,7
0.0020816628639436585,False,348,time0,0.8479943623550255,4,time0,TIME0,0.9385584606573663,0.9456900612225536,1.0,6
0.0020877836503778893,False,348,time1,0.8503810934067222,5,time1,TIME1,0.9353067617271557,0.9288904954956569,1.0,1
0.00258025900554993,False,348,time0,0.7853217346318758,3,time0,TIME0,0.917023752039224,0.9359388341629573,1.0,2
0.003766148010892879,False,348,time1,0.7654311936798474,6,time1,TIME1,0.9065991425809916,0.9254845580988503,1.0,8
0.0033165872109027095,False,348,goleiro_time1,0.7467044616294335,9,goleiro1,GOL-TIME1,0.8973237578775036,0.9062949080368892,1.0,10
0.001432277662471986,False,348,time0,0.9429859085898282,0,time0,TIME0,0.8640094860587078,0.9313927039646812,0.0,5
0.002217426266521562,False,349,time1,0.8584663578810799,5,time1,TIME1,0.9376579583490585,0.9288904954956569,1.0,1
0.0037084320490422423,False,349,time1,0.8407724693555549,7,time1,TIME1,0.9302882907294535,0.9303359973248355,1.0,7
0.002339502588864317,False,349,time0,0.8204973167348436,4,time0,TIME0,0.9302627213497854,0.9456900612225536,1.0,6
0.0023058197563062574,False,349,time0,0.811494613675331,3,time0,TIME0,0.9251455547411304,0.9359388341629573,1.0,2
0.003631581188836546,False,349,time1,0.7677353880770171,6,time1,TIME1,0.9078970012958607,0.9254845580988503,1.0,8
0.0032963940487687146,False,349,goleiro_time1,0.7497578936185082,9,goleiro1,GOL-TIME1,0.8984261439494862,0.9062949080368892,1.0,10
0.0015025651876044593,False,349,time0,0.9124628430425612,0,time0,TIME0,0.8551660355138211,0.9313927039646812,0.0,5
0.0012471105065472085,False,350,time0,0.9027650885919274,4,time0,TIME0,0.9553360955431486,0.9456900612225536,1.0,6
0.002191887454503217,False,350,time1,0.859196757582222,5,time1,TIME1,0.9377278104943039,0.9288904954956569,1.0,1
0.0034587504144395005,False,350,time1,0.8465822931621331,7,time1,TIME1,0.9331929729945899,0.9303359973248355,1.0,7
0.001984992015413516,False,350,time1,0.8356027896533147,6,time1,TIME1,0.9291245582762194,0.9254845580988503,1.0,8
0.003434877247702176,False,350,goleiro_time1,0.7466905074017323,9,goleiro1,GOL-TIME1,0.8973412646244422,0.9062949080368892,1.0,10
0.008499145204869205,False,350,time0,0.5965096428783642,3,time0,TIME0,0.8496431844747708,0.9359388341629573,1.0,2
0.0005929334091925075,False,350,time0,0.8918408252017691,0,time0,TIME0,0.8492156964739015,0.9313927039646812,0.0,5
0.0011580031378623432,False,351,time0,0.90409152308719,4,time0,TIME0,0.9564448872355559,0.9460222126714479,1.0,6
0.002642353265918981,False,351,time1,0.8395294212097666,5,time1,TIME1,0.9316262974603337,0.9301468283172933,1.0,1
0.004014740211746515,False,351,time1,0.8238027989867934,7,time1,TIME1,0.9252928763637863,0.9289633600200411,1.0,7
0.0038759758337071344,False,351,time1,0.7700130133737817,6,time1,TIME1,0.9076616849012621,0.9263522294797506,1.0,8
0.0031923434933424292,False,351,goleiro_time1,0.7581465559716439,9,goleiro1,GOL-TIME1,0.9012544779627015,0.9076585132841022,1.0,10
0.004424131794969262,False,351,time0,0.657594536337861,3,time0,TIME0,0.874347354875148,0.9374123156737924,1.0,2
0.0017268465433896167,False,351,time0,0.9208531548788813,0,time0,TIME0,0.8563033256606584,0.9296867032641849,0.0,5
0.00035681184801937316,False,352,time0,0.8641728642630572,4,time0,TIME0,0.9446865519363853,0.9460222126714479,1.0,6
0.0028418832843488673,False,352,time1,0.8757556212686743,6,time1,TIME1,0.9410253805126044,0.9263522294797506,1.0,8
0.003097348247167112,False,352,time1,0.8061171511239934,5,time1,TIME1,0.9211630732674964,0.9301468283172933,1.0,1
0.00426437617368463,False,352,time1,0.8083450029948015,7,time1,TIME1,0.9206855878698058,0.9289633600200411,1.0,7
0.0025146390752215212,False,352,time0,0.7619615602830652,3,time0,TIME0,0.9078334756549186,0.9374123156737924,1.0,2
0.003104148928575701,False,352,goleiro_time1,0.7645800692863883,9,goleiro1,GOL-TIME1,0.9033713595086063,0.9076585132841022,1.0,10
0.002222690311692339,False,352,time0,0.896110341474965,0,time0,TIME0,0.8488804934462904,0.9296867032641849,0.0,5
0.0007246426592959641,False,353,time0,0.8975425468472131,4,time0,TIME0,0.9545437942931291,0.9460222126714479,1.0,6
0.0020727792059867583,False,353,time1,0.9131146028930438,6,time1,TIME1,0.9530960317477738,0.9263522294797506,1.0,8
0.0033656316437601108,False,353,time1,0.8453008654535865,7,time1,TIME1,0.9321108102372689,0.9289633600200411,1.0,7
0.0030270502238155185,False,353,time1,0.8061354482906413,5,time1,TIME1,0.9214513294282466,0.9301468283172933,1.0,1
0.0029680671160941742,False,353,goleiro_time1,0.7781581937484744,9,goleiro1,GOL-TIME1,0.9075373532504755,0.9076585132841022,1.0,10
0.0018374136789338685,False,353,time0,0.9116412292101599,0,time0,TIME0,0.8539687254800908,0.9296867032641849,0.0,5
0.009496656980276,False,353,time0,0.5888807832369829,3,time0,TIME0,0.8465962294615527,0.9374123156737924,1.0,2
0.00016409543084248257,False,354,time0,0.9317346389918223,4,time0,TIME0,0.9651826438743172,0.945596527374545,1.0,6
0.0030369995051276444,False,354,time1,0.8562078330424888,7,time1,TIME1,0.935609520630779,0.9269659430518653,1.0,7
0.0025610979157616016,False,354,time1,0.827647844512176,5,time1,TIME1,0.9281244683046823,0.9299047603362459,1.0,1
0.0019482242216410193,False,354,time1,0.8201995007370313,6,time1,TIME1,0.9257765784185882,0.926892295508575,1.0,8
0.0035247370248336725,False,354,time0,0.7759561112016828,3,time0,TIME0,0.9104445906889486,0.9403127152697682,1.0,2
0.003263573368927264,False,354,goleiro_time1,0.7582686736450787,9,goleiro1,GOL-TIME1,0.9010642479168295,0.9074236411837134,1.0,10
0.0010532629468460214,False,354,time0,0.9511188038049665,0,time0,TIME0,0.8660155264288303,0.9292191707266364,0.0,5
0.0009862525977440415,False,355,time0,0.9384834200121678,4,time0,TIME0,0.9664757645351009,0.945596527374545,1.0,6
0.0015955658803760132,False,355,time0,0.8841631438836446,3,time0,TIME0,0.9475505723724821,0.9403127152697682,1.0,2
0.0030300386447056765,False,355,time1,0.8573067272339246,7,time1,TIME1,0.9360041550805606,0.9269659430518653,1.0,7
0.0005925572590837235,False,355,time1,0.849153328259089,6,time1,TIME1,0.9345127515563754,0.926892295508575,1.0,8
0.0028440489479013824,False,355,time1,0.8128023777999854,5,time1,TIME1,0.9234657548414774,0.9299047603362459,1.0,1
0.0028439156096956505,False,355,goleiro_time1,0.7811716750222945,9,goleiro1,GOL-TIME1,0.9083120648973251,0.9074236411837134,1.0,10
0.0006911273112130433,False,355,time0,0.9470838219104509,0,time0,TIME0,0.8653761530105892,0.9292191707266364,0.0,5
0.0010145372893221498,False,356,time1,0.9357859815678112,6,time1,TIME1,0.9607332822938808,0.926892295508575,1.0,8
0.0008966634473848122,False,356,time0,0.9211992467823258,3,time0,TIME0,0.9600332988451858,0.9403127152697682,1.0,2
0.002123213949388668,False,356,time0,0.8790226891179236,4,time0,TIME0,0.9473997664176853,0.945596527374545,1.0,6
0.003501364092825969,False,356,time1,0.8331535837192324,7,time1,TIME1,0.9281679011744223,0.9269659430518653,1.0,7
0.002417157591008803,False,356,time1,0.8229111051619468,5,time1,TIME1,0.9264611755082007,0.9299047603362459,1.0,1
0.0026407172754012486,False,356,goleiro_time1,0.7981165407003586,9,goleiro1,GOL-TIME1,0.9136653930439431,0.9074236411837134,1.0,10
0.00042592852409002724,False,356,time0,0.9555530601118927,0,time0,TIME0,0.8683058327693485,0.9292191707266364,0.0,5
0.00125633454490754,False,357,time0,0.8945125825470978,3,time0,TIME0,0.9524029203737339,0.9417498374591808,1.0,2
0.001992692296794544,False,357,time0,0.8800885675667363,4,time0,TIME0,0.948392873199265,0.9460143118956501,1.0,6
0.00271517129477566,False,357,time1,0.8441416025855548,6,time1,TIME1,0.931286165016313,0.9267017025717326,1.0,8
0.0024645922247817412,False,357,time1,0.8311472913548369,5,time1,TIME1,0.929341287794482,0.9304596655845647,1.0,1
0.0036573639491631047,False,357,time1,0.8199152335644198,7,time1,TIME1,0.9238506090121111,0.9252575534753893,1.0,7
0.0028227343162156057,False,357,goleiro_time1,0.7866236234606434,9,goleiro1,GOL-TIME1,0.9102921568069434,0.9079812724323333,1.0,10
0.0005834209944935613,False,357,time0,0.951383510831456,0,time0,TIME0,0.8671596635516166,0.9297174865090074,0.0,5
0.00033689163958250206,False,358,time0,0.8973817736044679,3,time0,TIME0,0.953433488217728,0.9417498374591808,1.0,2
0.0021479481865519703,False,358,time0,0.8687242584282521,4,time0,TIME0,0.9450212196879257,0.9460143118956501,1.0,6
0.0030759680286690998,False,358,time1,0.8440549485125828,6,time1,TIME1,0.9318131734078713,0.9267017025717326,1.0,8
0.0025154538236084947,False,358,goleiro_time1,0.8067447337540474,9,goleiro1,GOL-TIME1,0.9165104001050844,0.9079812724323333,1.0,10
0.004277629038918644,False,358,time1,0.783202884998506,7,time1,TIME1,0.9119635920702237,0.9252575534753893,1.0,7
0.005109163753577901,False,358,time1,0.6692271157336244,5,time1,TIME1,0.8760625642117089,0.9304596655845647,1.0,1
0.0006331795227092584,False,358,time0,0.9725210915814106,0,time0,TIME0,0.8731159650836454,0.9297174865090074,0.0,5
0.0015470928969717494,False,359,time0,0.8866803217413719,4,time0,TIME0,0.950680127601099,0.9460143118956501,1.0,6
0.0027007566987783927,False,359,time1,0.8749555241323167,6,time1,TIME1,0.9411769747119091,0.9267017025717326,1.0,8
0.0016160970418740513,False,359,time0,0.8235680390556175,3,time0,TIME0,0.930117275682074,0.9417498374591808,1.0,2
0.002295060055769682,False,359,time1,0.8258798532847323,5,time1,TIME1,0.9250394648543999,0.9304596655845647,1.0,1
0.0036646607525969177,False,359,time1,0.8048173968742601,7,time1,TIME1,0.9190084700877947,0.9252575534753893,1.0,7
0.0025238439570376852,False,359,goleiro_time1,0.8051562374929311,9,goleiro1,GOL-TIME1,0.9162384757685861,0.9079812724323333,1.0,10
0.0008242840709208537,False,359,time0,0.9554259535909311,0,time0,TIME0,0.8681353848562345,0.9297174865090074,0.0,5
0.0008884326812510277,False,360,time0,0.9183139107218582,3,time0,TIME0,0.9590480490648711,0.9426259773925628,1.0,2
0.0013376943361108052,False,360,time0,0.904442386307018,4,time0,TIME0,0.95641842055225,0.9466914327132709,1.0,6
0.002719958266236318,False,360,time1,0.8709659395582546,6,time1,TIME1,0.9399160914862923,0.925806549417112,1.0,8
0.0032403673261348523,False,360,time1,0.8212657156275437,7,time1,TIME1,0.9241300421205642,0.9243503681181815,1.0,7
0.0023943569742867427,False,360,goleiro_time1,0.8230182489881325,9,goleiro1,GOL-TIME1,0.9216359868930827,0.9087850410590917,1.0,10
0.0041706775116851814,False,360,time1,0.7037299735529823,5,time1,TIME1,0.8884982997317508,0.9298036919564296,1.0,1
0.0012169673054976458,False,360,time0,0.9532861366847749,0,time0,TIME0,0.8669900250260502,0.9301255329010919,0.0,5
0.0017218084805025805,False,361,time0,0.8978551518126995,3,time0,TIME0,0.9523849108471069,0.9426259773925628,1.0,2
0.0020326188640025097,False,361,time0,0.8517019368773328,4,time0,TIME0,0.9398319591783767,0.9466914327132709,1.0,6
0.0025831656052683885,False,361,time1,0.8586705473702829,7,time1,TIME1,0.9358851484177991,0.9243503681181815,1.0,7
0.0024337001868446296,False,361,goleiro_time1,0.8122210122337064,9,goleiro1,GOL-TIME1,0.9184231538151177,0.9087850410590917,1.0,10
0.0029322571495300613,False,361,time1,0.7787361439030768,5,time1,TIME1,0.9124398010187535,0.9298036919564296,1.0,1
0.005338662616036705,False,361,time1,0.7883996221940157,6,time1,TIME1,0.9112733419711928,0.925806549417112,1.0,8
0.0019391957531976988,False,361,time0,0.9244850618476377,0,time0,TIME0,0.857580190185188,0.9301255329010919,0.0,5
0.001392948519692301,False,362,time0,0.9090794863110674,3,time0,TIME0,0.9566548230731936,0.9426259773925628,1.0,2
0.0019968974288120073,False,362,time0,0.8486551189390026,4,time0,TIME0,0.9394235841943694,0.9466914327132709,1.0,6
0.0035480491321079164,False,362,time1,0.8634180160519294,6,time1,TIME1,0.9360286777302367,0.925806549417112,1.0,8
0.002819811482137683,False,362,time1,0.8502787811087584,7,time1,TIME1,0.933367915597373,0.9243503681181815,1.0,7
0.0025582043035307146,False,362,time1,0.8015848009169292,5,time1,TIME1,0.9196437513306089,0.9298036919564296,1.0,1
0.002391727008053553,False,362,goleiro_time1,0.8117166539981975,9,goleiro1,GOL-TIME1,0.9184577170710868,0.9087850410590917,1.0,10
0.0019499664930987101,False,362,time0,0.925715575135255,0,time0,TIME0,0.858310072899389,0.9301255329010919,0.0,5
0.0013116637312297601,False,363,time0,0.9088134108479656,3,time0,TIME0,0.9565869278076438,0.9415185933193215,1.0,2
0.0021030565028454943,False,363,time1,0.9095852782178545,6,time1,TIME1,0.9512215352651386,0.924972660820636,1.0,8
0.001595634389372952,False,363,time0,0.8681746038612744,4,time0,TIME0,0.9455203097607658,0.9474519696549278,1.0,6
0.0029767460046637,False,363,time1,0.8481217920779172,7,time1,TIME1,0.9328907481653207,0.925086966745216,1.0,7
0.0023039406833128156,False,363,time1,0.8283294092603843,5,time1,TIME1,0.9278818681348499,0.9293306320423733,1.0,1
0.002917271104079656,False,363,goleiro_time1,0.7684234821555076,9,goleiro1,GOL-TIME1,0.9048327223719397,0.9093843901575259,1.0,10
0.0023740692199516033,False,363,time0,0.9091127018802897,0,time0,TIME0,0.8528057581386067,0.9300794037078695,0.0,5
0.0009412894828559233,False,364,time0,0.9311961286583754,3,time0,TIME0,0.9635742263220385,0.9415185933193215,1.0,2
0.0004486725370120898,False,364,time1,0.9157196673780716,6,time1,TIME1,0.9544137344759973,0.924972660820636,1.0,8
0.0017296653693379058,False,364,time0,0.8613179708354585,4,time0,TIME0,0.9435704862112552,0.9474519696549278,1.0,6
0.002859962083506253,False,364,time1,0.8585983409205632,7,time1,TIME1,0.9361384162979557,0.925086966745216,1.0,7
0.0021572472276530264,False,364,time1,0.8547845932341804,5,time1,TIME1,0.9355973887102698,0.9293306320423733,1.0,1
0.003050881830592615,False,364,goleiro_time1,0.7514107618248032,9,goleiro1,GOL-TIME1,0.8997860332495579,0.9093843901575259,1.0,10
0.0021934054753421765,False,364,time0,0.9118493282604402,0,time0,TIME0,0.8536724272157187,0.9300794037078695,0.0,5
0.0006129593033094901,False,365,time1,0.9286483289020746,6,time1,TIME1,0.9590498847815715,0.924972660820636,1.0,8
0.0012666393586919307,False,365,time0,0.9082789515917935,3,time0,TIME0,0.9563692945855868,0.9415185933193215,1.0,2
0.003251048019455369,False,365,time1,0.8419578281696679,7,time1,TIME1,0.930553427393288,0.925086966745216,1.0,7
0.002247555506021985,False,365,time0,0.8197350168105518,4,time0,TIME0,0.9303491203513777,0.9474519696549278,1.0,6
0.0018112875077901114,False,365,goleiro_time1,0.8383445373474236,9,goleiro1,GOL-TIME1,0.9262691842121076,0.9093843901575259,1.0,10
0.002925050609134869,False,365,time1,0.791252811443968,5,time1,TIME1,0.915083183469905,0.9293306320423733,1.0,1
0.0026610578455191778,False,365,time0,0.8954415111443247,0,time0,TIME0,0.8482405502041701,0.9300794037078695,0.0,5
0.0008713827075674155,False,366,time0,0.929888805542346,4,time0,TIME0,0.9637408166328437,0.9463506085946265,1.0,6
0.0014597008507078644,False,366,time1,0.9291735393717487,6,time1,TIME1,0.95803453844661,0.9249178697952255,1.0,8
0.001183489242326961,False,366,time0,0.9104888335886674,3,time0,TIME0,0.9566568277432232,0.9389286579982034,1.0,2
0.0028549742389044927,False,366,time1,0.8630157876332629,7,time1,TIME1,0.9373643158694226,0.9253353712116497,1.0,7
0.002347781679274773,False,366,time1,0.8335610864739185,5,time1,TIME1,0.929177467416941,0.92950481419403,1.0,1
0.0022191248134377627,False,366,goleiro_time1,0.8074522158366968,9,goleiro1,GOL-TIME1,0.9170957067516297,0.908882524454647,1.0,10
0.0025142635203725845,False,366,time0,0.9023498641617468,0,time0,TIME0,0.8505236647956498,0.9293108318272443,0.0,5
0.0004624609467075601,False,367,time0,0.9461768617913594,4,time0,TIME0,0.9697402522819593,0.9463506085946265,1.0,6
0.0009937503825480202,False,367,time0,0.9233489960068426,3,time0,TIME0,0.9599462705435403,0.9389286579982034,1.0,2
0.0025992406515516478,False,367,time1,0.8888426113977038,6,time1,TIME1,0.9447366584534634,0.9249178697952255,1.0,8
0.0026744914532885592,False,367,time1,0.8745230515255233,7,time1,TIME1,0.9411234935112117,0.9253353712116497,1.0,7
0.0023009187114130985,False,367,goleiro_time1,0.8033842957542882,9,goleiro1,GOL-TIME1,0.9158226999666199,0.908882524454647,1.0,10
0.004328197986358791,False,367,time1,0.720304073359244,5,time1,TIME1,0.8928092885545902,0.92950481419403,1.0,1
0.0023643881302578247,False,367,time0,0.9086308147150193,0,time0,TIME0,0.8526114184049205,0.9293108318272443,0.0,5
0.0015273027798687175,False,368,time0,0.9227151216766982,3,time0,TIME0,0.9595981058036677,0.9389286579982034,1.0,2
0.0025150849789614695,False,368,time1,0.8980272000899611,6,time1,TIME1,0.9481821168008921,0.9249178697952255,1.0,8
0.0017429330619535641,False,368,time0,0.8612934686361844,4,time0,TIME0,0.9424879759733418,0.9463506085946265,1.0,6
0.0028178588133813366,False,368,time1,0.8750273129600039,7,time1,TIME1,0.9410553198581918,0.9253353712116497,1.0,7
0.0027428604018195613,False,368,time1,0.7995276197485296,5,time1,TIME1,0.9183461850995192,0.92950481419403,1.0,1
0.00221864622452076,False,368,goleiro_time1,0.8044991280934002,9,goleiro1,GOL-TIME1,0.9157614963380348,0.908882524454647,1.0,10
0.0020021677512684437,False,368,time0,0.9272535502561152,0,time0,TIME0,0.8583520140378287,0.9293108318272443,0.0,5
0.0009956080261869695,False,369,time0,0.929980627564879,3,time0,TIME0,0.9619014321659106,0.9372951857868543,1.0,2
0.0009526224727397091,False,369,time0,0.9204889303384939,4,time0,TIME0,0.9609750769808588,0.9449814006059369,1.0,6
0.001685995699982827,False,369,time1,0.9173882723417114,6,time1,TIME1,0.9542502083937204,0.9247831714290013,1.0,8
0.002911381278466068,False,369,time1,0.87425063482264,7,time1,TIME1,0.9407507786963721,0.9247830290360712,1.0,7
0.0013739752073284412,False,369,goleiro_time1,0.871742620063783,9,goleiro1,GOL-TIME1,0.9364503520056937,0.9079391617512206,1.0,10
0.0035891917610688085,False,369,time1,0.7370375731807328,5,time1,TIME1,0.8981626947787749,0.9285690790543515,1.0,1
0.000738057002292115,False,369,time0,0.9663549174131132,0,time0,TIME0,0.8703026731776651,0.9287017989305519,0.0,5
0.001114832945633444,False,370,time0,0.9419597387347307,3,time0,TIME0,0.9651081416095154,0.9372951857868543,1.0,2
0.001034912492740269,False,370,time1,0.9399756430481135,6,time1,TIME1,0.9614742157061599,0.9247831714290013,1.0,8
0.0013488564323039653,False,370,time0,0.8906324333482493,4,time0,TIME0,0.9518948462979987,0.9449814006059369,1.0,6
0.003394449147015832,False,370,time1,0.8560616934057012,7,time1,TIME1,0.9345960619476116,0.9247830290360712,1.0,7
0.0015519334418186387,False,370,goleiro_time1,0.8560857425530871,9,goleiro1,GOL-TIME1,0.9321957074551077,0.9079391617512206,1.0,10
0.0008522921831282249,False,370,time0,0.9609342227293326,0,time0,TIME0,0.8695556059407503,0.9287017989305519,0.0,5
0.007481166014882531,False,370,time1,0.588890038878862,5,time1,TIME1,0.8485970991269371,0.9285690790543515,1.0,1
0.0004935083474647433,False,371,time0,0.9642125511003069,3,time0,TIME0,0.9725838131983285,0.9372951857868543,1.0,2
0.0009240844169248971,False,371,time1,0.9051160475652655,6,time1,TIME1,0.951581858298259,0.9247831714290013,1.0,8
0.0016124295918420403,False,371,time0,0.8724682555896981,4,time0,TIME0,0.9462420303986062,0.9449814006059369,1.0,6
0.0014291932424028637,False,371,goleiro_time1,0.8670220570895806,9,goleiro1,GOL-TIME1,0.9357041331528596,0.9079391617512206,1.0,10
0.004611612238888616,False,371,time1,0.8097015874506935,7,time1,TIME1,0.9189968908970406,0.9247830290360712,1.0,7
0.0032578733770903434,False,371,time1,0.7334635060047701,5,time1,TIME1,0.8961025591969167,0.9285690790543515,1.0,1
0.0004570037126591599,False,371,time0,0.963174686388901,0,time0,TIME0,0.8698665653890723,0.9287017989305519,0.0,5
0.0009625925340319494,False,372,time0,0.9619500280589233,3,time0,TIME0,0.9715430697889572,0.9369398235550179,1.0,2
0.001090511494116783,False,372,time1,0.891006602555599,6,time1,TIME1,0.9475182868259586,0.9258873574049029,1.0,8
0.001524073657542238,False,372,time0,0.8762377638530896,4,time0,TIME0,0.9474375203625544,0.9441492642665255,1.0,6
0.0013595848546413068,False,372,goleiro_time1,0.8726258870798724,9,goleiro1,GOL-TIME1,0.9374556976192594,0.9078057367552251,1.0,10
0.0019793344493693288,False,372,time1,0.825670441407906,5,time1,TIME1,0.926493671312106,0.9306944003297157,1.0,1
0.00433100458242295,False,372,time1,0.8089790427980135,7,time1,TIME1,0.9196597498087911,0.9243906955324966,1.0,7
0.0009431483170145667,False,372,time0,0.9327115912008679,0,time0,TIME0,0.8604376811997813,0.9272814661908485,0.0,5
0.0007697191982422051,False,373,time0,0.972952451269271,3,time0,TIME0,0.9752829733608587,0.9369398235550179,1.0,2
0.00010513269724226576,False,373,time1,0.9524005293558329,6,time1,TIME1,0.9662814839609548,0.9258873574049029,1.0,8
0.001399617269872978,False,373,time0,0.8857765906316122,4,time0,TIME0,0.9504020863516104,0.9441492642665255,1.0,6
0.0010388447792896716,False,373,goleiro_time1,0.9061323414154218,9,goleiro1,GOL-TIME1,0.947572796786313,0.9078057367552251,1.0,10
0.002110194209556559,False,373,time1,0.8172540578381008,5,time1,TIME1,0.9258419770893102,0.9306944003297157,1.0,1
0.004762605202308886,False,373,time1,0.7733940983679147,7,time1,TIME1,0.9084584282282108,0.9243906955324966,1.0,7
0.0008283305391318206,False,373,time0,0.9592767961603959,0,time0,TIME0,0.8687720032371764,0.9272814661908485,0.0,5
0.0011974881304928839,False,374,time0,0.9531000643126686,3,time0,TIME0,0.9687544768307915,0.9369398235550179,1.0,2
0.0009131452726017111,False,374,time1,0.945812252408686,6,time1,TIME1,0.9637028870677082,0.9258873574049029,1.0,8
0.0011520549767837474,False,374,time0,0.9046288831083925,4,time0,TIME0,0.9561793248209906,0.9441492642665255,1.0,6
0.001182456520606916,False,374,goleiro_time1,0.8898727815283147,9,goleiro1,GOL-TIME1,0.942608598204626,0.9078057367552251,1.0,10
0.001768014930867525,False,374,time1,0.8394829197711275,5,time1,TIME1,0.9325114201239214,0.9306944003297157,1.0,1
0.0044499279756996446,False,374,time1,0.7680920554308437,7,time1,TIME1,0.9072614147111684,0.9243906955324966,1.0,7
0.0005322337885304887,False,374,time0,0.9725855620543027,0,time0,TIME0,0.8728918032675217,0.9272814661908485,0.0,5
0.0009201058083364902,False,375,time0,0.9503991697000703,3,time0,TIME0,0.968010436986175,0.9365628183477508,1.0,2
0.0010629958782610222,False,375,time0,0.9135183683324934,4,time0,TIME0,0.9592415851366085,0.9450424810430457,1.0,6
0.0010691344142616005,False,375,goleiro_time1,0.9006089509020864,9,goleiro1,GOL-TIME1,0.946132817579033,0.9080392324675088,1.0,10
0.0026754945202453165,False,375,time1,0.8562254361627731,6,time1,TIME1,0.9349715455069618,0.9274921257263177,1.0,8
0.00305507094470874,False,375,time1,0.8256414220486291,7,time1,TIME1,0.9253233380383042,0.9254738483361018,1.0,7
0.0003614491116285057,False,375,time0,0.992287976087419,0,time0,TIME0,0.8787310517715241,0.9266324688318253,0.0,5
0.008562744065673391,False,375,time1,0.6119646731378475,5,time1,TIME1,0.8538337868469669,0.9327881459728464,1.0,1
0.00010346503619494548,False,376,time0,0.9429402555720608,4,time0,TIME0,0.9682814427137748,0.9450424810430457,1.0,6
0.0011277250834001652,False,376,time0,0.9311457208523244,3,time0,TIME0,0.9623171096874237,0.9365628183477508,1.0,2
0.0014716546424975586,False,376,time1,0.9114788957441013,7,time1,TIME1,0.952366626179809,0.9254738483361018,1.0,7
0.000583521755751302,False,376,goleiro_time1,0.9138959104920088,9,goleiro1,GOL-TIME1,0.9500631985398034,0.9080392324675088,1.0,10
0.003720575782837667,False,376,time1,0.8366663365082007,6,time1,TIME1,0.9284311179427204,0.9274921257263177,1.0,8
0.0033438548739749214,False,376,time1,0.8102234894149813,5,time1,TIME1,0.9195428168535736,0.9327881459728464,1.0,1
0.0004737561105337945,False,376,time0,0.978517553002175,0,time0,TIME0,0.8746924521780071,0.9266324688318253,0.0,5
0.00044315261127889224,False,377,time0,0.9764642515462373,3,time0,TIME0,0.9760949536735911,0.9365628183477508,1.0,2
0.0009722982999521134,False,377,time0,0.9242115983666007,4,time0,TIME0,0.9619532388466479,0.9450424810430457,1.0,6
0.0012691521128497894,False,377,time1,0.9260120735635414,7,time1,TIME1,0.9578533246170128,0.9254738483361018,1.0,7
0.0005206000300803641,False,377,goleiro_time1,0.9350656607875455,9,goleiro1,GOL-TIME1,0.9568790111580877,0.9080392324675088,1.0,10
0.0013911346005948417,False,377,time1,0.8922094616962132,5,time1,TIME1,0.9480428777313924,0.9327881459728464,1.0,1
0.0032455731440696844,False,377,time1,0.8651014643297578,6,time1,TIME1,0.9380731682137212,0.9274921257263177,1.0,8
0.00040860191692114624,False,377,time0,0.9740741653047209,0,time0,TIME0,0.8731793728643347,0.9266324688318253,0.0,5
0.0006206046043264663,False,378,time0,0.952265980506857,3,time0,TIME0,0.9692390312174154,0.9378225182844907,1.0,2
0.0008874924412653967,False,378,time0,0.9329134359491538,4,time0,TIME0,0.9657075931020167,0.9470175332745182,1.0,6
0.0007289603495390452,False,378,goleiro_time1,0.9360597590136318,9,goleiro1,GOL-TIME1,0.9567150520658995,0.908129717798662,1.0,10
0.0023830137026419626,False,378,time1,0.8982512884611165,6,time1,TIME1,0.9486642270470869,0.9281443921405431,1.0,8
0.0020119776335473048,False,378,time1,0.890942320633381,7,time1,TIME1,0.9470367692495827,0.9283840038435476,1.0,7
0.0015412281805007994,False,378,time1,0.8793819619678699,5,time1,TIME1,0.9449674502507793,0.9314853574577884,1.0,1
0.0004349956303088723,False,378,time0,0.9673046033999285,0,time0,TIME0,0.8712531711412095,0.9261452779439592,0.0,5
0.00022530920719736333,False,379,time0,0.972505773303343,4,time0,TIME0,0.9778008148540827,0.9470175332745182,1.0,6
0.0010279636457443042,False,379,time0,0.9411104886181506,3,time0,TIME0,0.9655691965716796,0.9378225182844907,1.0,2
0.0007490006381214194,False,379,time1,0.9426378587542555,5,time1,TIME1,0.9643377447475422,0.9314853574577884,1.0,1
0.0006235194835682515,False,379,goleiro_time1,0.9478808395928123,9,goleiro1,GOL-TIME1,0.9606778971049388,0.908129717798662,1.0,10
0.0024634460790035734,False,379,time1,0.8962770965584378,6,time1,TIME1,0.9481118680220029,0.9281443921405431,1.0,8
0.0025398486544299334,False,379,time1,0.8751037880443286,7,time1,TIME1,0.9419566582231604,0.9283840038435476,1.0,7
0.00020090520396282732,False,379,time0,0.9468455895230162,0,time0,TIME0,0.8652449756983251,0.9261452779439592,0.0,5
0.0006265773334023843,False,380,time0,0.9734690883044517,3,time0,TIME0,0.9755038978168554,0.9378225182844907,1.0,2
0.0005847867370407473,False,380,time0,0.9552305737051282,4,time0,TIME0,0.9725222806821887,0.9470175332745182,1.0,6
0.0007101347698463092,False,380,time1,0.937048534183185,5,time1,TIME1,0.9631617576077361,0.9314853574577884,1.0,1
0.0014599628732696155,False,380,time1,0.9387691122093448,6,time1,TIME1,0.961622238439269,0.9281443921405431,1.0,8
0.0011761204665661905,False,380,goleiro_time1,0.9222327761044622,9,goleiro1,GOL-TIME1,0.952253119364802,0.908129717798662,1.0,10
0.002813933345262909,False,380,time1,0.8750615918280411,7,time1,TIME1,0.9418507760395498,0.9283840038435476,1.0,7
0.0006595433648755705,False,380,time0,0.9740249622838207,0,time0,TIME0,0.8726123964147465,0.9261452779439592,0.0,5
0.0009799152449545588,False,381,time1,0.9684314485641147,6,time1,TIME1,0.9714907608380825,0.9293928577527955,1.0,8
0.0008326146242508111,False,381,time0,0.9378284190732575,4,time0,TIME0,0.9676922070539801,0.9490957561747033,1.0,6
0.0006488663513431988,False,381,time0,0.9433486634478789,3,time0,TIME0,0.9670240119095616,0.9404541143559055,1.0,2
0.00039906333784619694,False,381,goleiro_time1,0.9641741212942782,9,goleiro1,GOL-TIME1,0.966388620608432,0.9121336299690873,1.0,10
0.0011035349137370376,False,381,time1,0.9163926103805753,5,time1,TIME1,0.9567243143852223,0.9326927783079603,1.0,1
0.0018228979969916708,False,381,time1,0.921391240681407,7,time1,TIME1,0.9565691800641901,0.9306236617023744,1.0,7
0.0006257125831882614,False,381,time0,0.9732916354638859,0,time0,TIME0,0.8728261115185255,0.9268362238166348,0.0,5
0.0005990227550839095,False,382,time0,0.9715968370399111,4,time0,TIME0,0.9777077947040159,0.9490957561747033,1.0,6
0.00042149673335717907,False,382,time1,0.975434375065477,6,time1,TIME1,0.9740366473511,0.9293928577527955,1.0,8
0.0011553730634000904,False,382,time1,0.9523005602960409,7,time1,TIME1,0.9668022420866024,0.9306236617023744,1.0,7
0.00035213727244073884,False,382,goleiro_time1,0.9645440524051837,9,goleiro1,GOL-TIME1,0.9666294965862169,0.9121336299690873,1.0,10
0.0007064238117309344,False,382,time1,0.9246043675237012,5,time1,TIME1,0.9593210771007636,0.9326927783079603,1.0,1
0.0022970822075845344,False,382,time0,0.8304330591371403,3,time0,TIME0,0.9310223943988989,0.9404541143559055,1.0,2
0.0009797354764807594,False,382,time0,0.9581180461150621,0,time0,TIME0,0.8680072824436801,0.9268362238166348,0.0,5
0.0005883082401811757,False,383,time0,0.9733936568862737,4,time0,TIME0,0.9787333629189866,0.9490957561747033,1.0,6
0.0009665973340536251,False,383,time1,0.9603953434687005,7,time1,TIME1,0.9697670593711366,0.9306236617023744,1.0,7
0.0007723658858656428,False,383,time1,0.9521426378114132,6,time1,TIME1,0.966481281635055,0.9293928577527955,1.0,8
0.0008032435293373627,False,383,time1,0.9287905258639588,5,time1,TIME1,0.960902085497204,0.9326927783079603,1.0,1
0.0028821566174749864,False,383,time0,0.8063348778616927,3,time0,TIME0,0.9239857144503687,0.9404541143559055,1.0,2
0.0032013702301207404,False,383,goleiro_time1,0.829229402295852,9,goleiro1,GOL-TIME1,0.9218829583991539,0.9121336299690873,1.0,10
0.0009273362673546262,False,383,time0,0.9589215958449787,0,time0,TIME0,0.8684432111864944,0.9268362238166348,0.0,5
0.0006617789985173763,False,384,time0,0.9743648136723358,4,time0,TIME0,0.9793629902025515,0.9508210305166074,1.0,6
0.00039632838942180583,False,384,time1,0.9858220706708982,7,time1,TIME1,0.9780228295518837,0.932189312505614,1.0,7
0.00039243898863865434,False,384,time1,0.9632992184601834,5,time1,TIME1,0.9713510624668427,0.9320036321248576,1.0,1
0.0012571963729369594,False,384,time1,0.9436924926361238,6,time1,TIME1,0.9640654468061012,0.9299794454280456,1.0,8
0.001334449412341114,False,384,goleiro_time1,0.9052824467531791,9,goleiro1,GOL-TIME1,0.9478070013577794,0.9150526184061603,1.0,10
0.0018853388068207494,False,384,time0,0.8784357193070715,3,time0,TIME0,0.9469391497920258,0.9436337337458798,1.0,2
0.0009896742595737653,False,384,time0,0.9596643699855354,0,time0,TIME0,0.8685092696048794,0.9270157450317331,0.0,5
0.00013330101552028214,False,385,time0,0.986153905648693,4,time0,TIME0,0.9830449561602527,0.9508210305166074,1.0,6
0.00024836142943385247,False,385,time1,0.9715119618925658,5,time1,TIME1,0.9740483445268481,0.9320036321248576,1.0,1
0.0005350352978286828,False,385,goleiro_time1,0.9543529204048358,9,goleiro1,GOL-TIME1,0.96401908795109,0.9150526184061603,1.0,10
0.0015168376788418842,False,385,time0,0.9164185780445588,3,time0,TIME0,0.9589270494500073,0.9436337337458798,1.0,2
0.002002446982251227,False,385,time1,0.9161048474730838,6,time1,TIME1,0.9549466357523773,0.9299794454280456,1.0,8
0.0013917898193428141,False,385,time0,0.9598750172261838,0,time0,TIME0,0.8679515259145543,0.9270157450317331,0.0,5
0.00021414525758149783,False,386,time0,0.9807002923963625,4,time0,TIME0,0.9816386675749671,0.9508210305166074,1.0,6
0.0002670920381237234,False,386,time1,0.9759578316244909,5,time1,TIME1,0.9753219015480792,0.9320036321248576,1.0,1
0.001787732967414536,False,386,time0,0.9126500459553235,3,time0,TIME0,0.9578292815874702,0.9436337337458798,1.0,2
0.0012060925574670011,False,386,time1,0.8919020247818142,7,time1,TIME1,0.948644874358326,0.932189312505614,1.0,7
0.0014489121447823796,False,386,goleiro_time1,0.9037377278177219,9,goleiro1,GOL-TIME1,0.9473275993098176,0.9150526184061603,1.0,10
0.0027013320444778015,False,386,time1,0.8917429016326984,6,time1,TIME1,0.9470787216194516,0.9299794454280456,1.0,8
0.001787505253465786,False,386,time0,0.9484095356962992,0,time0,TIME0,0.8643819517520163,0.9270157450317331,0.0,5
0.0003362941610396904,False,387,time0,0.9735565941507783,4,time0,TIME0,0.979976811354248,0.9532665863471536,1.0,6
0.0005296902973187113,False,387,time1,0.9650413026329476,5,time1,TIME1,0.9715277742112637,0.9308737798233184,1.0,1
0.0010580897466018978,False,387,time0,0.9466566284185226,3,time0,TIME0,0.9689138441992776,0.9455068199112278,1.0,2
0.0005494188861993741,False,387,time1,0.9295363528898649,7,time1,TIME1,0.9610468999052063,0.9328172297288047,1.0,7
0.00382811564325811,False,387,time1,0.8526405019753407,6,time1,TIME1,0.9340157975712744,0.9300925054144877,1.0,8
0.0018281845538075713,False,387,goleiro_time1,0.8483021677366073,9,goleiro1,GOL-TIME1,0.9303249194883989,0.91794731795073,1.0,10
0.0022375700762027858,False,387,time0,0.9306238928335049,0,time0,TIME0,0.8588057663729513,0.9279254628849526,0.0,5
0.0009392449276250102,False,388,time0,0.9295175799478081,4,time0,TIME0,0.9659069534744513,0.9532665863471536,1.0,6
0.0005172613799420333,False,388,time1,0.9455124235956339,5,time1,TIME1,0.9653829808307717,0.9308737798233184,1.0,1
0.0009009007775485458,False,388,time0,0.927269099238642,3,time0,TIME0,0.9634774652383004,0.9455068199112278,1.0,2
0.0010800978018949195,False,388,time1,0.9302611391038607,7,time1,TIME1,0.9604017922351898,0.9328172297288047,1.0,7
0.0018094061619863444,False,388,goleiro_time1,0.8424855043848528,9,goleiro1,GOL-TIME1,0.9299889651707337,0.91794731795073,1.0,10
0.004184429962274439,False,388,time1,0.8343575528489434,6,time1,TIME1,0.9286544651270862,0.9300925054144877,1.0,8
0.001347063076728494,False,388,time0,0.9533127969760816,0,time0,TIME0,0.8661249513507117,0.9279254628849526,0.0,5
0.0009751327108854881,False,389,time0,0.9437895841254625,3,time0,TIME0,0.9682186484144989,0.9455068199112278,1.0,2
0.0008388373624624767,False,389,time0,0.9353128022805087,4,time0,TIME0,0.9678999332305284,0.9532665863471536,1.0,6
0.0014590253931250933,False,389,time1,0.9276773001856199,7,time1,TIME1,0.9598922282913466,0.9328172297288047,1.0,7
0.0012586083292940868,False,389,goleiro_time1,0.8917026519154126,9,goleiro1,GOL-TIME1,0.945476609107013,0.91794731795073,1.0,10
0.0007216315103025565,False,389,time1,0.8679199137420792,5,time1,TIME1,0.9416519547440583,0.9308737798233184,1.0,1
0.0033061318504915547,False,389,time1,0.8537631757410495,6,time1,TIME1,0.9349847518839124,0.9300925054144877,1.0,8
0.0017777710233020279,False,389,time0,0.9410800675418893,0,time0,TIME0,0.8623909099109616,0.9279254628849526,0.0,5
0.00010024538391148687,False,390,time1,0.9712074883574342,5,time1,TIME1,0.9731506770022869,0.9296625143640359,1.0,1
0.0007759923711972727,False,390,time0,0.9422516303892735,4,time0,TIME0,0.9707656055875982,0.9557860480894216,1.0,6
0.0012752302570331613,False,390,time1,0.9331119049233875,6,time1,TIME1,0.9595504751080101,0.9296887502613935,1.0,8
0.0009121154730663696,False,390,time0,0.8983188112059309,3,time0,TIME0,0.9545877650485826,0.9473733870508054,1.0,2
0.0010478899150087085,False,390,goleiro_time1,0.9125550082177092,9,goleiro1,GOL-TIME1,0.9526795497334487,0.9202772932940227,1.0,10
0.0022237072319691723,False,390,time1,0.8884851421195089,7,time1,TIME1,0.947267208690031,0.9332875844252313,1.0,7
0.0013131040436014183,False,390,time0,0.9458871570209805,0,time0,TIME0,0.8643264584365403,0.9295135189328176,0.0,5
0.000621697122603871,False,391,time1,0.9515188279111192,5,time1,TIME1,0.9668420606975618,0.9296625143640359,1.0,1
0.0010580174495877508,False,391,time0,0.9252766080787729,4,time0,TIME0,0.9653526047450447,0.9557860480894216,1.0,6
0.0013818379405331738,False,391,time0,0.9310998169062392,3,time0,TIME0,0.9639421927199382,0.9473733870508054,1.0,2
0.0004428324967675253,False,391,time1,0.919324859904468,6,time1,TIME1,0.9569083058531129,0.9296887502613935,1.0,8
0.0009573780577720695,False,391,goleiro_time1,0.9198502516432365,9,goleiro1,GOL-TIME1,0.9550825719083719,0.9202772932940227,1.0,10
0.00223709278603454,False,391,time1,0.886008261301996,7,time1,TIME1,0.9469841842040337,0.9332875844252313,1.0,7
0.0009627342058755396,False,391,time0,0.9605569845294262,0,time0,TIME0,0.869323374907609,0.9295135189328176,0.0,5
0.0006807115085244495,False,392,time0,0.9568836813402533,3,time0,TIME0,0.9725230590162487,0.9473733870508054,1.0,2
0.0008283756165365995,False,392,time0,0.9419990436917147,4,time0,TIME0,0.9706334517987422,0.9557860480894216,1.0,6
0.0003099750174764362,False,392,goleiro_time1,0.9650939498954481,9,goleiro1,GOL-TIME1,0.9688370345050384,0.9202772932940227,1.0,10
0.0003149696805091717,False,392,time1,0.9561235040685291,5,time1,TIME1,0.9687564762886294,0.9296625143640359,1.0,1
0.0011624300312300863,False,392,time1,0.9407430012054676,6,time1,TIME1,0.9627576474495086,0.9296887502613935,1.0,8
0.0022804402574687875,False,392,time1,0.8801998572136799,7,time1,TIME1,0.945149157414283,0.9332875844252313,1.0,7
0.0012537250339672752,False,392,time0,0.9509997054472918,0,time0,TIME0,0.8663151885762498,0.9295135189328176,0.0,5
0.0006888486024041259,False,393,time0,0.9475509561534017,4,time0,TIME0,0.9726373326064303,0.9564331645984858,1.0,6
0.0004107059981367611,False,393,time1,0.9666793755647796,5,time1,TIME1,0.9714337522726058,0.9274768184863397,1.0,1
0.0009434114218669487,False,393,goleiro_time1,0.9405548350973344,9,goleiro1,GOL-TIME1,0.9609407452951226,0.921224887927186,1.0,10
0.002011405318261662,False,393,time1,0.8922204598473602,7,time1,TIME1,0.9488950991775632,0.9329910914963688,1.0,7
0.002780858110665061,False,393,time1,0.8875408079413454,6,time1,TIME1,0.9445636273210498,0.9289703779294026,1.0,8
0.0031727150704596602,False,393,time0,0.8493676141696844,3,time0,TIME0,0.9371824475137812,0.948608317280422,1.0,2
0.0015112440761739854,False,393,time0,0.9414526654750485,0,time0,TIME0,0.8635033254266742,0.9304684194848143,0.0,5
0.00020795098361342594,False,394,time1,0.9767351210987564,5,time1,TIME1,0.9745535319971916,0.9274768184863397,1.0,1
0.0012257388381451807,False,394,time0,0.9342208231518782,4,time0,TIME0,0.9677390224447656,0.9564331645984858,1.0,6
0.0015764792521830938,False,394,time1,0.9129941987811864,7,time1,TIME1,0.9554033976655284,0.9329910914963688,1.0,7
0.0029235957940687562,False,394,time0,0.8674765670682447,3,time0,TIME0,0.94454236067234,0.948608317280422,1.0,2
0.0015082219960452052,False,394,goleiro_time1,0.8868209091807349,9,goleiro1,GOL-TIME1,0.9445158257173127,0.921224887927186,1.0,10
0.004415006353285409,False,394,time1,0.8444001398541626,6,time1,TIME1,0.9304305978379207,0.9289703779294026,1.0,8
0.001505987823495751,False,394,time0,0.940470528451342,0,time0,TIME0,0.8633102010469103,0.9304684194848143,0.0,5
0.00044827406465904263,False,395,time0,0.9697310028285281,4,time0,TIME0,0.9790330789992169,0.9564331645984858,1.0,6
0.0003899145186847157,False,395,time1,0.9672185234443339,5,time1,TIME1,0.9715293659485974,0.9274768184863397,1.0,1
0.0013932382488942043,False,395,time0,0.9277502311923504,3,time0,TIME0,0.9631638826242174,0.948608317280422,1.0,2
0.001621004688740059,False,395,time1,0.909306746096933,7,time1,TIME1,0.9544308475704429,0.9329910914963688,1.0,7
0.004945611889676176,False,395,time1,0.821763104171023,6,time1,TIME1,0.9238577686237102,0.9289703779294026,1.0,8
0.0028776729038491188,False,395,goleiro_time1,0.776699861315791,9,goleiro1,GOL-TIME1,0.9087298034655317,0.921224887927186,1.0,10
0.0015740014560126146,False,395,time0,0.9359519581516013,0,time0,TIME0,0.8619006945383909,0.9304684194848143,0.0,5
0.0008521613883054755,False,396,time0,0.9612397405963875,4,time0,TIME0,0.9757848466255804,0.9556456764584329,1.0,6
0.0004945546519322068,False,396,time1,0.9578680028115395,5,time1,TIME1,0.9682018841407353,0.926081794950856,1.0,1
0.0009692622582741942,False,396,time0,0.9203662961325673,3,time0,TIME0,0.9625163518335906,0.9503077280961723,1.0,2
0.0018701451780273293,False,396,time1,0.9024079644906565,7,time1,TIME1,0.9520201251177487,0.9326871893854567,1.0,7
0.0032485490103885233,False,396,time1,0.8532535611669004,6,time1,TIME1,0.9339460960985286,0.9283720428374252,1.0,8
0.0024451008198928493,False,396,goleiro_time1,0.8266716940752445,9,goleiro1,GOL-TIME1,0.9258364913419844,0.9226889866044853,1.0,10
0.0018348025445576572,False,396,time0,0.925988463656162,0,time0,TIME0,0.8584662423278945,0.9300811043232878,0.0,5
0.0008353863705566542,False,397,time1,0.9275013548246351,5,time1,TIME1,0.9587416617878607,0.926081794950856,1.0,1
0.0013243145181857814,False,397,time0,0.9030679955026232,4,time0,TIME0,0.9579093287078905,0.9556456764584329,1.0,6
0.001853826616352108,False,397,time1,0.9047577113048749,7,time1,TIME1,0.9528809764020307,0.9326871893854567,1.0,7
0.0018432742827004208,False,397,goleiro_time1,0.8758981614325483,9,goleiro1,GOL-TIME1,0.941341101952688,0.9226889866044853,1.0,10
0.0022297228197540753,False,397,time1,0.8177783165234526,6,time1,TIME1,0.9247048135066114,0.9283720428374252,1.0,8
0.0029322222997717447,False,397,time0,0.7855538795249214,3,time0,TIME0,0.917940565734977,0.9503077280961723,1.0,2
0.0017173966309746074,False,397,time0,0.9318541944906215,0,time0,TIME0,0.8603262109432516,0.9300811043232878,0.0,5
0.0007773100600404449,False,398,time1,0.9315216691563252,5,time1,TIME1,0.9601809297864922,0.926081794950856,1.0,1
0.0016493095109239029,False,398,time0,0.8977022843869751,4,time0,TIME0,0.9564766772041607,0.9556456764584329,1.0,6
0.001858219850481229,False,398,time1,0.9048052112529857,7,time1,TIME1,0.9528348871133914,0.9326871893854567,1.0,7
0.0016122024190386053,False,398,time0,0.8914274829225707,3,time0,TIME0,0.9526055738670592,0.9503077280961723,1.0,2
9.131026979940166e-05,False,398,goleiro_time1,0.8714701761022294,9,goleiro1,GOL-TIME1,0.9408325074451233,0.9226889866044853,1.0,10
0.0012913466468185226,False,398,time1,0.8218167172985308,6,time1,TIME1,0.9263406329656908,0.9283720428374252,1.0,8
0.0016996203320485698,False,398,time0,0.9307775074026611,0,time0,TIME0,0.8601918906751941,0.9300811043232878,0.0,5
0.00015696994048691507,False,399,time1,0.9169356386508973,6,time1,TIME1,0.9562684232773925,0.9286228985001046,1.0,8
0.0015666534602319583,False,399,time1,0.916655121789354,7,time1,TIME1,0.9561473292507969,0.9311990003771143,1.0,7
0.0015389012556442734,False,399,time0,0.9013980576319037,3,time0,TIME0,0.9558995256291318,0.9508745644727972,1.0,2
0.0019136790199082252,False,399,time0,0.8964903355751705,4,time0,TIME0,0.9554465151242939,0.9551370829809458,1.0,6
0.0012339738793269574,False,399,time1,0.897073934162751,5,time1,TIME1,0.9486852438405925,0.9241318963637453,1.0,1
0.003450453358004571,False,399,goleiro_time1,0.7627531804038593,9,goleiro1,GOL-TIME1,0.904129350120403,0.9229273455765585,1.0,10
0.0022772955538115217,False,399,time0,0.9036439792318766,0,time0,TIME0,0.850701127993772,0.928365360513624,0.0,5
0.0018501784310933278,False,400,time0,0.8951333398563424,4,time0,TIME0,0.9549786708053901,0.9551370829809458,1.0,6
0.0007061804045680355,False,400,time1,0.900383869989646,7,time1,TIME1,0.9516299054080584,0.9311990003771143,1.0,7
0.002004207436191518,False,400,time0,0.8851829086186799,3,time0,TIME0,0.9510850212597229,0.9508745644727972,1.0,2
0.0012807383587412158,False,400,time1,0.8887466055927641,5,time1,TIME1,0.946249344802372,0.9241318963637453,1.0,1
0.000763550141645834,False,400,time1,0.8301871268201237,6,time1,TIME1,0.9299139965834359,0.9286228985001046,1.0,8
0.0030395595553860755,False,400,goleiro_time1,0.7883455706103057,9,goleiro1,GOL-TIME1,0.913781348569255,0.9229273455765585,1.0,10
0.002294242709885194,False,400,time0,0.9040051846270053,0,time0,TIME0,0.8509283482698491,0.928365360513624,0.0,5
0.002143130261579268,False,401,time0,0.8813983043769918,4,time0,TIME0,0.9509636297648317,0.9551370829809458,1.0,6
0.001064439221046447,False,401,time1,0.9019727609929672,5,time1,TIME1,0.9505005875699625,0.9241318963637453,1.0,1
0.0019274639392164107,False,401,time1,0.8856238921808319,7,time1,TIME1,0.9458984009343372,0.9311990003771143,1.0,7
0.0015116822956504539,False,401,time1,0.867039509896907,6,time1,TIME1,0.939751851564557,0.9286228985001046,1.0,8
0.002110564352952341,False,401,goleiro_time1,0.8683917476168599,9,goleiro1,GOL-TIME1,0.9383535091643974,0.9229273455765585,1.0,10
0.0028364367649777135,False,401,time0,0.8197028830098251,3,time0,TIME0,0.9303015693301867,0.9508745644727972,1.0,2
0.0019287215609295656,False,401,time0,0.9176819595294523,0,time0,TIME0,0.8552566143989748,0.928365360513624,0.0,5
0.002575076781550852,False,402,time0,0.8570920480033117,4,time0,TIME0,0.943413690444871,0.9558411409430783,1.0,6
0.0022756498226781108,False,402,time1,0.8667471379946478,7,time1,TIME1,0.9403978236311948,0.9307230213086515,1.0,7
0.0019003891403346327,False,402,time1,0.8665050502677721,6,time1,TIME1,0.9403070622225446,0.9301518120698444,1.0,8
0.002884351719332663,False,402,time0,0.8299908691097082,3,time0,TIME0,0.9336996267154708,0.9514117109385769,1.0,2
0.002296321357270982,False,402,goleiro_time1,0.8422477145128751,9,goleiro1,GOL-TIME1,0.9314869525493318,0.9246545391532655,1.0,10
0.0020040273430305287,False,402,time1,0.8223737984296215,5,time1,TIME1,0.9252926378828423,0.9242070496341084,1.0,1
0.0024519445764685497,False,402,time0,0.8959315333534195,0,time0,TIME0,0.8474080647298488,0.9252575566955866,0.0,5
0.0020259056316769006,False,403,time0,0.8822692886395407,4,time0,TIME0,0.9513935411798576,0.9558411409430783,1.0,6
0.0020506392194658244,False,403,goleiro_time1,0.85188441010127,9,goleiro1,GOL-TIME1,0.9343023097072372,0.9246545391532655,1.0,10
0.0029505387699516857,False,403,time1,0.8408332056429343,7,time1,TIME1,0.9317653951974113,0.9307230213086515,1.0,7
0.0018526835009877068,False,403,time1,0.8299361636374968,5,time1,TIME1,0.9282278851852307,0.9242070496341084,1.0,1
0.004121630697788392,False,403,time0,0.7953678679217309,3,time0,TIME0,0.9209260675704635,0.9514117109385769,1.0,2
0.0018601361542723753,False,403,time1,0.8035597938777046,6,time1,TIME1,0.9199158434123377,0.9301518120698444,1.0,8
0.0029255107991111454,False,403,time0,0.8831370634766399,0,time0,TIME0,0.8427879017232253,0.9252575566955866,0.0,5
0.0007131451612362752,False,404,time1,0.9160359520809592,6,time1,TIME1,0.9552497096571891,0.9301518120698444,1.0,8
0.002150806732566415,False,404,time0,0.8804984804098119,4,time0,TIME0,0.9510010635987619,0.9558411409430783,1.0,6
0.0007872825023720731,False,404,time0,0.88170549722589,3,time0,TIME0,0.9483018857944218,0.9514117109385769,1.0,2
0.002496495555084405,False,404,time1,0.8656519883945433,7,time1,TIME1,0.9397865704977201,0.9307230213086515,1.0,7
0.00180281165694295,False,404,time1,0.8312640601091487,5,time1,TIME1,0.9285581332447422,0.9242070496341084,1.0,1
0.0025851795316744457,False,404,goleiro_time1,0.82704652186153,9,goleiro1,GOL-TIME1,0.9265483103495719,0.9246545391532655,1.0,10
0.0028625355541685078,False,404,time0,0.8946002991921597,0,time0,TIME0,0.8467038939028801,0.9252575566955866,0.0,5
0.001046747557247749,False,405,time1,0.9428740225456596,6,time1,TIME1,0.9641153078718593,0.9308338030082132,1.0,8
0.00178031992596696,False,405,time0,0.9063898965787826,4,time0,TIME0,0.9588336261037106,0.9555460101590565,1.0,6
0.0014754145201494521,False,405,time1,0.9213572768505408,7,time1,TIME1,0.9569942702063894,0.9305003187660877,1.0,7
0.001895233540685076,False,405,time1,0.8289912177794558,5,time1,TIME1,0.927892551504499,0.9251267655691586,1.0,1
0.002665110374557678,False,405,goleiro_time1,0.8256214648317929,9,goleiro1,GOL-TIME1,0.9261840451500477,0.9242268162266345,1.0,10
0.00331152490470554,False,405,time0,0.7575107726897067,3,time0,TIME0,0.9096545819989702,0.9517771306765923,1.0,2
0.0029147361629638627,False,405,time0,0.8832270569383538,0,time0,TIME0,0.8425180240845798,0.9223391943492546,0.0,5
0.00048781019552189537,False,406,time1,0.9469883892750889,6,time1,TIME1,0.9653165108416653,0.9308338030082132,1.0,8
0.0014774713052644948,False,406,time0,0.9049839665958238,4,time0,TIME0,0.9587523223541202,0.9555460101590565,1.0,6
0.0012165396924693607,False,406,time1,0.9174716400762839,7,time1,TIME1,0.9565309886838018,0.9305003187660877,1.0,7
0.0012141170931210595,False,406,time0,0.8338191756078689,3,time0,TIME0,0.933910375240825,0.9517771306765923,1.0,2
0.003018884124546933,False,406,goleiro_time1,0.8008946946664997,9,goleiro1,GOL-TIME1,0.91831292283461,0.9242268162266345,1.0,10
0.0022862484783688023,False,406,time1,0.7908686921890141,5,time1,TIME1,0.9160971584893568,0.9251267655691586,1.0,1
0.002311529488758857,False,406,time0,0.9009884372147612,0,time0,TIME0,0.8481062647492642,0.9223391943492546,0.0,5
0.001160419676383111,False,407,time0,0.9254307049732731,4,time0,TIME0,0.965224353734537,0.9555460101590565,1.0,6
0.0020167717481261267,False,407,time1,0.9040066677500223,7,time1,TIME1,0.9514301671268256,0.9305003187660877,1.0,7
0.0013539498002422426,False,407,time0,0.8730349247346755,3,time0,TIME0,0.9468752946624136,0.9517771306765923,1.0,2
0.003035855956846991,False,407,time1,0.8830881641235674,6,time1,TIME1,0.9431369637360995,0.9308338030082132,1.0,8
0.0019496623694314152,False,407,time1,0.8179064871610461,5,time1,TIME1,0.9246498849063026,0.9251267655691586,1.0,1
0.002896749358510107,False,407,goleiro_time1,0.8171612032739193,9,goleiro1,GOL-TIME1,0.9233345172207118,0.9242268162266345,1.0,10
0.0018402155129192519,False,407,time0,0.9211739590847107,0,time0,TIME0,0.8548440086241638,0.9223391943492546,0.0,5
0.0015578948068429316,False,408,time0,0.9197297163702625,4,time0,TIME0,0.9635441915691679,0.9573203574916416,1.0,6
0.0029360836962848205,False,408,time1,0.8675850968444276,7,time1,TIME1,0.9395656383008594,0.9303462852140301,1.0,7
0.001794316649551621,False,408,time1,0.8359904993803188,5,time1,TIME1,0.9301749322297258,0.9253920791960333,1.0,1
0.005555754531618639,False,408,time1,0.8309561031263836,6,time1,TIME1,0.9249664454823856,0.9298665584395128,1.0,8
0.003119392342738144,False,408,goleiro_time1,0.8066676461778255,9,goleiro1,GOL-TIME1,0.9199563063526165,0.9237901182585915,1.0,10
0.002438766822204323,False,408,time0,0.8991951021689444,0,time0,TIME0,0.8470374144501308,0.919829794581545,0.0,5
0.001568072992623502,False,409,time0,0.9295551588029403,4,time0,TIME0,0.9664478183619173,0.9573203574916416,1.0,6
0.003332253800701851,False,409,time1,0.8518640748859264,7,time1,TIME1,0.9348451464708417,0.9303462852140301,1.0,7
0.0015546498830732406,False,409,time1,0.8485691840023304,5,time1,TIME1,0.9337732491616091,0.9253920791960333,1.0,1
0.006116361164299127,False,409,time1,0.8096570970835566,6,time1,TIME1,0.9192940151695735,0.9298665584395128,1.0,8
0.003128695496543598,False,409,goleiro_time1,0.7936333015869433,9,goleiro1,GOL-TIME1,0.9160093369058296,0.9237901182585915,1.0,10
0.0032744302591624984,False,409,time0,0.8685117372136671,0,time0,TIME0,0.836948827270804,0.919829794581545,0.0,5
0.0015114438670244573,False,410,time0,0.9093325183986006,4,time0,TIME0,0.9605224866255243,0.9573203574916416,1.0,6
0.00484000932948512,False,410,time1,0.8494548048695837,6,time1,TIME1,0.9319966607043303,0.9298665584395128,1.0,8
0.00363211194416196,False,410,time1,0.835908451857131,7,time1,TIME1,0.9298525585108371,0.9303462852140301,1.0,7
0.0018878815404290853,False,410,time1,0.7968102151485714,5,time1,TIME1,0.9182926286655856,0.9253920791960333,1.0,1
0.003294539652001658,False,410,goleiro_time1,0.7838387628454293,9,goleiro1,GOL-TIME1,0.9129394031361274,0.9237901182585915,1.0,10
0.0034336360768066113,False,410,time0,0.8638415679904194,0,time0,TIME0,0.8358761154093443,0.919829794581545,0.0,5
0.0020863102199129248,False,411,time0,0.8596626536294378,4,time0,TIME0,0.9455042687927804,0.9600545219304748,1.0,6
0.004203712052155306,False,411,time1,0.865320715728327,6,time1,TIME1,0.9378177035998553,0.9299533519236179,1.0,8
0.0034576120611538755,False,411,time1,0.8424777871947712,7,time1,TIME1,0.9320210377267498,0.9303276673384289,1.0,7
0.0019704754676388137,False,411,time1,0.8153902042707789,5,time1,TIME1,0.924149385451663,0.9257461036183152,1.0,1
0.003359847449712103,False,411,goleiro_time1,0.77812103063069,9,goleiro1,GOL-TIME1,0.9104646096518513,0.9214624422365627,1.0,10
0.003996084551682836,False,411,time0,0.8445512407106442,0,time0,TIME0,0.8284605455964098,0.9164800782202491,0.0,5
0.0017056433876388266,False,412,time1,0.9313908566854553,6,time1,TIME1,0.9586506070454679,0.9299533519236179,1.0,8
0.0017746738322034605,False,412,time0,0.876489894009469,4,time0,TIME0,0.9511332923047295,0.9600545219304748,1.0,6
0.0025977793427417496,False,412,time1,0.8649092478072307,7,time1,TIME1,0.9390527534113436,0.9303276673384289,1.0,7
0.0030092606127147203,False,412,goleiro_time1,0.8033838726390199,9,goleiro1,GOL-TIME1,0.9183859546434084,0.9214624422365627,1.0,10
0.0072546854445352995,False,412,time1,0.5883773578806673,5,time1,TIME1,0.8470643261512701,0.9257461036183152,1.0,1
0.003205239419126359,False,412,time0,0.8700485027967607,0,time0,TIME0,0.8366698521282621,0.9164800782202491,0.0,5
0.016387890615542033,False,412,time0,0.252526628523889,3,time0,TIME0,0.738524303169091,0.9517771306765923,1.0,2
0.0018426948242966144,False,413,time1,0.8951648478839502,6,time1,TIME1,0.9490460912700889,0.9299533519236179,1.0,8
0.002041646466613325,False,413,time0,0.8833300728904936,3,time0,TIME0,0.9413020009462328,0.9517771306765923,1.0,2
0.002821360240030561,False,413,time1,0.8670061521804626,7,time1,TIME1,0.939958416331314,0.9303276673384289,1.0,7
0.0034768417681682053,False,413,time0,0.8099995219510544,4,time0,TIME0,0.9286839960443619,0.9600545219304748,1.0,6
0.003491357666568529,False,413,goleiro_time1,0.7737819976719147,9,goleiro1,GOL-TIME1,0.9089046525089103,0.9214624422365627,1.0,10
0.0026710318030576893,False,413,time1,0.755409580764276,5,time1,TIME1,0.8995305750959178,0.9257461036183152,1.0,1
0.003367380192503461,False,413,time0,0.8677395394638302,0,time0,TIME0,0.8361530995615729,0.9164800782202491,0.0,5
0.001559614566655499,False,414,time0,0.8442819554340943,3,time0,TIME0,0.9367986301513743,0.9495123006637325,1.0,2
0.0032770723470507547,False,414,time1,0.8571657363873083,7,time1,TIME1,0.9364843428899746,0.9312388396976776,1.0,7
0.0028896627359168234,False,414,time0,0.8299807126368198,4,time0,TIME0,0.9359688241429317,0.9611573001702913,1.0,6
0.003900003118630305,False,414,time1,0.8373249020094846,6,time1,TIME1,0.9287381671652793,0.9305706608735216,1.0,8
0.0023113123812582895,False,414,time1,0.777570227197925,5,time1,TIME1,0.9122089172364517,0.927114179291791,1.0,1
0.003406182043287751,False,414,goleiro_time1,0.7788309584844361,9,goleiro1,GOL-TIME1,0.9108474680402852,0.9218044490240458,1.0,10
0.0031072577001840193,False,414,time0,0.8817684109497336,0,time0,TIME0,0.8398617336926983,0.9136494038564251,0.0,5
0.0012012411897138024,False,415,time0,0.8759963851408038,3,time0,TIME0,0.9475271943032891,0.9495123006637325,1.0,2
0.0033526448055631822,False,415,time1,0.8543802113943932,7,time1,TIME1,0.9359660183857986,0.9312388396976776,1.0,7
0.003882454858340207,False,415,time1,0.8574248860072207,6,time1,TIME1,0.9310380780583903,0.9305706608735216,1.0,8
0.0035756040351135805,False,415,goleiro_time1,0.7664347357113405,9,goleiro1,GOL-TIME1,0.9070124662704772,0.9218044490240458,1.0,10
0.0025504434138743535,False,415,time1,0.7496280462350645,5,time1,TIME1,0.9041760407329883,0.927114179291791,1.0,1
0.005291814150869486,False,415,time0,0.72767933139698,4,time0,TIME0,0.9021442152541304,0.9611573001702913,1.0,6
0.0029520940215883498,False,415,time0,0.8849449133185794,0,time0,TIME0,0.8409934953512628,0.9136494038564251,0.0,5
0.0016537028532820869,False,416,time0,0.8905870458205416,3,time0,TIME0,0.9513064063700929,0.9495123006637325,1.0,2
0.0028104546467169343,False,416,time1,0.8747723813523792,7,time1,TIME1,0.9418619273873075,0.9312388396976776,1.0,7
0.004105689422627117,False,416,time0,0.8071209537847908,4,time0,TIME0,0.9278198760724177,0.9611573001702913,1.0,6
0.0018917548421391013,False,416,time1,0.7931854929480964,5,time1,TIME1,0.9175619775208254,0.927114179291791,1.0,1
0.0032844440449962286,False,416,goleiro_time1,0.7756547399875467,9,goleiro1,GOL-TIME1,0.9098380913377578,0.9218044490240458,1.0,10
0.005616071454313557,False,416,time1,0.6330039516207246,6,time1,TIME1,0.8617796651556474,0.9305706608735216,1.0,8
0.002533082389863409,False,416,time0,0.9013448288785146,0,time0,TIME0,0.8460661931632131,0.9136494038564251,0.0,5
0.0020025627873487377,False,417,time1,0.9148815894180473,7,time1,TIME1,0.9553642433022667,0.9337056548174815,1.0,7
0.0026747516359562377,False,417,time0,0.8700357931394291,4,time0,TIME0,0.9480420311032584,0.962087324227195,1.0,6
0.004163769899962256,False,417,time1,0.8164395038491061,6,time1,TIME1,0.9191208405573105,0.9323202072065422,1.0,8
0.003508436862099177,False,417,goleiro_time1,0.7595877679707307,9,goleiro1,GOL-TIME1,0.9045592779528465,0.9219783502342571,1.0,10
0.005098372450154902,False,417,time0,0.7267072817786607,3,time0,TIME0,0.8953687423141526,0.9463757635310228,1.0,2
0.003432674569810082,False,417,time1,0.6988249179004595,5,time1,TIME1,0.8872003935039434,0.927636471407106,1.0,1
0.0023485087621206396,False,417,time0,0.9070803319117983,0,time0,TIME0,0.8475400285030354,0.9107242036189318,0.0,5
0.0010651091589470002,False,418,time1,0.9559733373473132,7,time1,TIME1,0.9686073616952346,0.9337056548174815,1.0,7
0.0018345077285897885,False,418,time0,0.9163448098288018,4,time0,TIME0,0.9624561631971337,0.962087324227195,1.0,6
0.002731331625560638,False,418,time0,0.8293608962555138,3,time0,TIME0,0.9313052420151883,0.9463757635310228,1.0,2
0.0017264532389743323,False,418,time1,0.8348754923002261,5,time1,TIME1,0.9295870112832979,0.927636471407106,1.0,1
0.00427519301916652,False,418,time1,0.8101713400218802,6,time1,TIME1,0.9178393375380499,0.9323202072065422,1.0,8
0.0033634477977249953,False,418,goleiro_time1,0.7739815225373852,9,goleiro1,GOL-TIME1,0.9094006023632958,0.9219783502342571,1.0,10
0.0019966404930162216,False,418,time0,0.9175652280131281,0,time0,TIME0,0.8508448004201041,0.9107242036189318,0.0,5
0.0006681748491154612,False,419,time1,0.9687159352742767,7,time1,TIME1,0.9731548380832873,0.9337056548174815,1.0,7
0.002314175256435258,False,419,time0,0.8547101332271326,3,time0,TIME0,0.9404574994925422,0.9463757635310228,1.0,2
0.004624416169968915,False,419,time0,0.7899809480238279,4,time0,TIME0,0.9210154654833874,0.962087324227195,1.0,6
0.0021345383891764693,False,419,time1,0.7881360040817105,5,time1,TIME1,0.9160055059282136,0.927636471407106,1.0,1
0.0033627508025586687,False,419,goleiro_time1,0.7737114395957475,9,goleiro1,GOL-TIME1,0.909475514991052,0.9219783502342571,1.0,10
0.005080025026462916,False,419,time1,0.7644058905502008,6,time1,TIME1,0.9068726628686573,0.9323202072065422,1.0,8
0.002312119986527099,False,419,time0,0.9011539046875633,0,time0,TIME0,0.8456360301820471,0.9107242036189318,0.0,5
0.0010899613657890752,False,420,time1,0.9091902878952068,6,time1,TIME1,0.9528062950373476,0.9351080115888615,1.0,8
0.0033382600807873282,False,420,time0,0.8429621495057484,4,time0,TIME0,0.9390028441565671,0.9612705654987221,1.0,6
0.002647617311089758,False,420,time1,0.8643244263263575,7,time1,TIME1,0.9381105563764226,0.9338960341649287,1.0,7
0.0027133588908850844,False,420,time0,0.8391591063105662,3,time0,TIME0,0.9350854077394035,0.9443553969845491,1.0,2
0.0020587771791780057,False,420,time1,0.7831079721106435,5,time1,TIME1,0.9151591027829542,0.9301957046905255,1.0,1
0.0032699487101178924,False,420,goleiro_time1,0.7764675318615549,9,goleiro1,GOL-TIME1,0.9106407273929684,0.9230133252757872,1.0,10
0.0021682497942071854,False,420,time0,0.9045461896107465,0,time0,TIME0,0.8463978555649931,0.9084784346705526,0.0,5
0.0015411993915700163,False,421,time0,0.9221585881113583,4,time0,TIME0,0.9639794345093929,0.9612705654987221,1.0,6
0.001987165038542322,False,421,time0,0.8859270955405031,3,time0,TIME0,0.9495610649741378,0.9443553969845491,1.0,2
0.0007177841294531515,False,421,time1,0.8886318794855728,6,time1,TIME1,0.9494110715387465,0.9351080115888615,1.0,8
0.0030780410481436064,False,421,time1,0.843669371894496,7,time1,TIME1,0.9333074649933518,0.9338960341649287,1.0,7
0.0027343869320117877,False,421,goleiro_time1,0.806933330269567,9,goleiro1,GOL-TIME1,0.9198698231266556,0.9230133252757872,1.0,10
0.00212698811327689,False,421,time1,0.7708797470253551,5,time1,TIME1,0.9116538059372793,0.9301957046905255,1.0,1
0.0020532261105319027,False,421,time0,0.9070988323354285,0,time0,TIME0,0.8471536398167716,0.9084784346705526,0.0,5
0.0006779642761013971,False,422,time1,0.9641473887365363,7,time1,TIME1,0.9704638282412786,0.9338960341649287,1.0,7
0.0014025331772908626,False,422,time1,0.9324411812500019,6,time1,TIME1,0.9617634278566738,0.9351080115888615,1.0,8
0.0016898626161781206,False,422,time0,0.9068974966649286,3,time0,TIME0,0.9563905038498418,0.9443553969845491,1.0,2
0.0015236789461491335,False,422,time0,0.8733366036430925,4,time0,TIME0,0.9504966045032665,0.9612705654987221,1.0,6
0.002831937249908634,False,422,goleiro_time1,0.8040416187425232,9,goleiro1,GOL-TIME1,0.9192606431750348,0.9230133252757872,1.0,10
0.0025347328830755958,False,422,time1,0.7434775719453326,5,time1,TIME1,0.9029998866955113,0.9301957046905255,1.0,1
0.003144101903675061,False,422,time0,0.8619798042495338,0,time0,TIME0,0.8320663331370527,0.9084784346705526,0.0,5
0.0018741407785786421,False,423,time0,0.9042413955772907,3,time0,TIME0,0.9553146067053505,0.943499668563734,1.0,2
0.0022909947557017366,False,423,time0,0.864765767188767,4,time0,TIME0,0.9464829312087,0.9610103713212794,1.0,6
0.0006240735081422309,False,423,time1,0.8774581424748287,7,time1,TIME1,0.945914151553208,0.9346710788830708,1.0,7
0.003188386422337578,False,423,time1,0.8579730656957293,6,time1,TIME1,0.9376733799325337,0.9378980586598288,1.0,8
0.0015993280308382316,False,423,time1,0.8378346230894834,5,time1,TIME1,0.9324841227980639,0.9329284386071566,1.0,1
0.0031869580151628607,False,423,goleiro_time1,0.7919632864531836,9,goleiro1,GOL-TIME1,0.9156582127200049,0.9249449031773851,1.0,10
0.002560047228017083,False,423,time0,0.8904531238243995,0,time0,TIME0,0.8407750034906145,0.9058850603476742,0.0,5
0.0008478253532361999,False,424,time1,0.8999805100500781,5,time1,TIME1,0.9519276310061487,0.9329284386071566,1.0,1
0.0003330002095044176,False,424,time1,0.87366870827867,7,time1,TIME1,0.9450115341400757,0.9346710788830708,1.0,7
0.0027715863432879045,False,424,time0,0.866161815514661,3,time0,TIME0,0.9425899802251368,0.943499668563734,1.0,2
0.003231702940259781,False,424,time0,0.8229534107004177,4,time0,TIME0,0.9335572111636858,0.9610103713212794,1.0,6
0.003315884154908849,False,424,goleiro_time1,0.7918046282685812,9,goleiro1,GOL-TIME1,0.9154646003363168,0.9249449031773851,1.0,10
0.00568329945206142,False,424,time1,0.7840837710772336,6,time1,TIME1,0.9126053335723255,0.9378980586598288,1.0,8
0.001835643267919773,False,424,time0,0.9339480642955255,0,time0,TIME0,0.8543012426979164,0.9058850603476742,0.0,5
0.0011805475763920598,False,425,time1,0.8943887843846433,7,time1,TIME1,0.950310698460961,0.9346710788830708,1.0,7
0.00264249244849412,False,425,time0,0.8722092870329102,3,time0,TIME0,0.9450265512520445,0.943499668563734,1.0,2
0.00045002981063508874,False,425,time1,0.8746343950710752,5,time1,TIME1,0.9449353002812141,0.9329284386071566,1.0,1
0.0038554045192266883,False,425,time0,0.7931095833566495,4,time0,TIME0,0.9242237683919828,0.9610103713212794,1.0,6
0.0033380600734787304,False,425,goleiro_time1,0.7871204345913895,9,goleiro1,GOL-TIME1,0.9141279650673945,0.9249449031773851,1.0,10
0.00658901999447674,False,425,time1,0.7519075598083711,6,time1,TIME1,0.9033877556274298,0.9378980586598288,1.0,8
0.0015127889378205924,False,425,time0,0.9577034970718461,0,time0,TIME0,0.8616478470684559,0.9058850603476742,0.0,5
0.0009766708623301834,False,426,time1,0.904661936553183,5,time1,TIME1,0.953771601061414,0.9345655254649843,1.0,1
0.0019469440882827406,False,426,time1,0.9059175020302508,7,time1,TIME1,0.9532040243557629,0.93548243379837,1.0,7
0.0025059567233219763,False,426,time0,0.8821042290938399,3,time0,TIME0,0.948046221684176,0.9433316973616852,1.0,2
0.0046407258568609625,False,426,time1,0.8083914992361904,6,time1,TIME1,0.9212910272235177,0.937995882602758,1.0,8
0.002986922134092072,False,426,goleiro_time1,0.8002841160612634,9,goleiro1,GOL-TIME1,0.9187753224424698,0.9266307311310316,1.0,10
0.005225022099787767,False,426,time0,0.759034707084602,4,time0,TIME0,0.912758326235401,0.9631349033248915,1.0,6
0.0010818677799927627,False,426,time0,0.9191289773637172,0,time0,TIME0,0.8504257029460247,0.9038583231622701,0.0,5
0.00028047150430429214,False,427,time1,0.9447722137665655,7,time1,TIME1,0.9656569292013674,0.93548243379837,1.0,7
0.0024513066743706725,False,427,time0,0.8871544325229918,3,time0,TIME0,0.9495992804764964,0.9433316973616852,1.0,2
0.0022449629870446262,False,427,time1,0.890457992139045,6,time1,TIME1,0.9478988914492334,0.937995882602758,1.0,8
0.0019220890674850253,False,427,time1,0.8484883770760325,5,time1,TIME1,0.9357959362889648,0.9345655254649843,1.0,1
0.0032527779527998673,False,427,goleiro_time1,0.791268708410883,9,goleiro1,GOL-TIME1,0.9158735329477051,0.9266307311310316,1.0,10
0.006164028274099591,False,427,time0,0.7461853383705789,4,time0,TIME0,0.9083769979063553,0.9631349033248915,1.0,6
0.001504139595785291,False,427,time0,0.9318670356447667,0,time0,TIME0,0.8531391967235546,0.9038583231622701,0.0,5
0.0018677305876296972,False,428,time0,0.9093566151894026,3,time0,TIME0,0.9565051867055995,0.9433316973616852,1.0,2
0.002017659009985373,False,428,time1,0.9103308422827974,6,time1,TIME1,0.9555392549512626,0.937995882602758,1.0,8
0.0008368606668541237,False,428,time1,0.9027283227044995,7,time1,TIME1,0.9534359230916568,0.93548243379837,1.0,7
0.0014241058270630564,False,428,time1,0.8876016945470275,5,time1,TIME1,0.9482207995172621,0.9345655254649843,1.0,1
0.0031019178946690763,False,428,goleiro_time1,0.8025949007689092,9,goleiro1,GOL-TIME1,0.9194861685097234,0.9266307311310316,1.0,10
0.006814555075728782,False,428,time0,0.7443721035859975,4,time0,TIME0,0.9074186014407057,0.9631349033248915,1.0,6
0.0020162803881796786,False,428,time0,0.9111008766334519,0,time0,TIME0,0.8470802087539175,0.9038583231622701,0.0,5
0.0015985111178699965,False,429,time0,0.9229958603952929,3,time0,TIME0,0.9611944303123708,0.94395624837407,1.0,2
0.0036498680042531986,False,429,time1,0.8839741450621774,6,time1,TIME1,0.9439840884552705,0.9374840868140051,1.0,8
0.0019177477833061895,False,429,time1,0.8505803837710816,5,time1,TIME1,0.9375714716710404,0.9380631988604287,1.0,1
0.0026174283291465067,False,429,time1,0.8169576533943036,7,time1,TIME1,0.9254433374768092,0.9358475292709616,1.0,7
0.003014124859726427,False,429,goleiro_time1,0.8104872313239939,9,goleiro1,GOL-TIME1,0.9218310378547566,0.9262604372790675,1.0,10
0.0064030681778445295,False,429,time0,0.7741797561002853,4,time0,TIME0,0.9173004087215284,0.9647941371013834,1.0,6
0.0021791657775108693,False,429,time0,0.9055055400479913,0,time0,TIME0,0.8454335732470943,0.9037706283610473,0.0,5
0.0010384870822361452,False,430,time0,0.9457855651435431,3,time0,TIME0,0.9683813039052082,0.94395624837407,1.0,2
0.0021622307430922633,False,430,time1,0.8769108439593859,6,time1,TIME1,0.9433141792147829,0.9374840868140051,1.0,8
0.005060658517912835,False,430,time0,0.8263948219673878,4,time0,TIME0,0.9336007584357335,0.9647941371013834,1.0,6
0.002117592531851554,False,430,time1,0.8265898100963393,5,time1,TIME1,0.9303917891330893,0.9380631988604287,1.0,1
0.003061430484456157,False,430,goleiro_time1,0.8170347522818316,9,goleiro1,GOL-TIME1,0.9238586967596382,0.9262604372790675,1.0,10
0.0028100777931192402,False,430,time1,0.7677603179063527,7,time1,TIME1,0.9115167858616778,0.9358475292709616,1.0,7
0.003184509440839417,False,430,time0,0.8681660322137964,0,time0,TIME0,0.8326296601534873,0.9037706283610473,0.0,5
0.0010488252305719688,False,431,time0,0.939960215558397,3,time0,TIME0,0.9669801228855598,0.94395624837407,1.0,2
0.000594875146813481,False,431,time1,0.9204942416135442,7,time1,TIME1,0.9580328582623083,0.9358475292709616,1.0,7
0.004902202511217839,False,431,time0,0.8263177482533297,4,time0,TIME0,0.9344245527781494,0.9647941371013834,1.0,6
0.0026882631686510473,False,431,goleiro_time1,0.8386687168520792,9,goleiro1,GOL-TIME1,0.9304493148823291,0.9262604372790675,1.0,10
0.004180244527946459,False,431,time1,0.822886127802825,6,time1,TIME1,0.9259803742308735,0.9374840868140051,1.0,8
0.002607800055235518,False,431,time1,0.7854079786618184,5,time1,TIME1,0.9173645430987059,0.9380631988604287,1.0,1
0.0035769333044665037,False,431,time0,0.8488034313316445,0,time0,TIME0,0.8270277041279664,0.9037706283610473,0.0,5
0.0011026667001928958,False,432,time0,0.9371038660055377,3,time0,TIME0,0.9659416919520124,0.9437448012042042,1.0,2
0.0013792329752135588,False,432,time1,0.9063873149483092,7,time1,TIME1,0.9532855599833626,0.9356943144782515,1.0,7
0.0024075104852408365,False,432,goleiro_time1,0.853230788801478,9,goleiro1,GOL-TIME1,0.934945448359586,0.9257124023781604,1.0,10
0.0050261230567957196,False,432,time0,0.8115868885254072,4,time0,TIME0,0.9300975822026122,0.9655475097317072,1.0,6
0.002185760390783327,False,432,time1,0.8057986677330669,5,time1,TIME1,0.9244156047902089,0.9401037251459614,1.0,1
0.005818392700280644,False,432,time1,0.7590891524776398,6,time1,TIME1,0.904939796490306,0.9368560983943495,1.0,8
0.0037907614644217685,False,432,time0,0.8359790587563916,0,time0,TIME0,0.8231512805276373,0.9043106446536104,0.0,5
0.0006502973019008991,False,433,time0,0.9560280128480636,3,time0,TIME0,0.9718401764411903,0.9437448012042042,1.0,2
0.00034074943747923003,False,433,time1,0.8395429123236947,7,time1,TIME1,0.9346942600547216,0.9356943144782515,1.0,7
0.0012046616610238323,False,433,time1,0.8210703239053013,5,time1,TIME1,0.9295758236576,0.9401037251459614,1.0,1
0.002674303784093154,False,433,goleiro_time1,0.8271310605019243,9,goleiro1,GOL-TIME1,0.9266150375672271,0.9257124023781604,1.0,10
0.006049750938043406,False,433,time0,0.768646919985884,4,time0,TIME0,0.9157826724025467,0.9655475097317072,1.0,6
0.006942291778071365,False,433,time1,0.7017674401136113,6,time1,TIME1,0.8870591742033381,0.9368560983943495,1.0,8
0.004293731791842056,False,433,time0,0.8192160760408063,0,time0,TIME0,0.8175961507772973,0.9043106446536104,0.0,5
0.0004668974724619187,False,434,time0,0.8814851444070553,3,time0,TIME0,0.9498226309795544,0.9437448012042042,1.0,2
0.0011047164504188374,False,434,time1,0.862205345604409,7,time1,TIME1,0.9406181956266125,0.9356943144782515,1.0,7
0.0024149213621071502,False,434,time1,0.8220016210388641,6,time1,TIME1,0.9255167075204495,0.9368560983943495,1.0,8
0.005200512979075701,False,434,time0,0.7859497426492066,4,time0,TIME0,0.9218572485010667,0.9655475097317072,1.0,6
0.0027530120714796733,False,434,goleiro_time1,0.8113817389947395,9,goleiro1,GOL-TIME1,0.9212989575792341,0.9257124023781604,1.0,10
0.002305406321285238,False,434,time1,0.7456160831171458,5,time1,TIME1,0.905830506787192,0.9401037251459614,1.0,1
0.0034730870855113403,False,434,time0,0.8505779578517026,0,time0,TIME0,0.8274035871372463,0.9043106446536104,0.0,5
0.0022685982663012694,False,435,time1,0.897868073525451,7,time1,TIME1,0.9503146232723472,0.9352418207343018,1.0,7
0.0008206315564995497,False,435,time0,0.8607517081903537,3,time0,TIME0,0.9427932751514608,0.942976729322595,1.0,2
0.0027534746424953383,False,435,goleiro_time1,0.8273003808062191,9,goleiro1,GOL-TIME1,0.9261719139788821,0.9265947895305915,1.0,10
0.004477267502869751,False,435,time0,0.7978810776416769,4,time0,TIME0,0.9260880097060146,0.9659249094656788,1.0,6
0.0029877221633264643,False,435,time1,0.677327483712838,5,time1,TIME1,0.8854173619089356,0.941918487440935,1.0,1
0.008056119492166789,False,435,time1,0.6336506709321541,6,time1,TIME1,0.8632445895403144,0.9372818131915872,1.0,8
0.0035138143313280766,False,435,time0,0.8491063801139613,0,time0,TIME0,0.8270699988620398,0.9036071989521621,0.0,5
0.0010328980251888963,False,436,time0,0.921582591083293,3,time0,TIME0,0.9609308190439176,0.942976729322595,1.0,2
0.002116377335931132,False,436,goleiro_time1,0.8730273085155196,9,goleiro1,GOL-TIME1,0.9410709478202993,0.9265947895305915,1.0,10
0.003416643680984565,False,436,time0,0.8417351225320705,4,time0,TIME0,0.9401220464987744,0.9659249094656788,1.0,6
0.001589023325282904,False,436,time1,0.8203938752694785,5,time1,TIME1,0.9291095969276777,0.941918487440935,1.0,1
0.00398847561563106,False,436,time1,0.8295850996620893,7,time1,TIME1,0.9278838781560336,0.9352418207343018,1.0,7
0.0037888479745862625,False,436,time1,0.8134917837656614,6,time1,TIME1,0.9217263586791086,0.9372818131915872,1.0,8
0.003802209934715876,False,436,time0,0.8314352966196901,0,time0,TIME0,0.8216774607330428,0.9036071989521621,0.0,5
0.0006852488496510804,False,437,time1,0.9420731510178795,5,time1,TIME1,0.966588177940198,0.941918487440935,1.0,1
0.0015770760272369954,False,437,time0,0.8795651951615239,3,time0,TIME0,0.9476088130801095,0.942976729322595,1.0,2
0.002036556020859751,False,437,goleiro_time1,0.889401114098353,9,goleiro1,GOL-TIME1,0.9462266831195058,0.9265947895305915,1.0,10
0.0028685059022050376,False,437,time1,0.8644908323041315,7,time1,TIME1,0.9397568616433025,0.9352418207343018,1.0,7
0.0035771798502722326,False,437,time0,0.8390814081479573,4,time0,TIME0,0.9397002418079113,0.9659249094656788,1.0,6
0.002302146894821092,False,437,time1,0.8390140345913183,6,time1,TIME1,0.9297833203957305,0.9372818131915872,1.0,8
0.0030056723863568944,False,437,time0,0.85848842857293,0,time0,TIME0,0.8301643504886698,0.9036071989521621,0.0,5
0.0006469100569132391,False,438,time1,0.9202911868928133,6,time1,TIME1,0.9587416071458159,0.9377197115149688,1.0,8
0.0009711552928167753,False,438,time1,0.912883988830638,7,time1,TIME1,0.9553595253292716,0.9349674295386023,1.0,7
0.0015263358614190337,False,438,time0,0.8883440888320651,3,time0,TIME0,0.9506309644140171,0.9422006818200267,1.0,2
0.0010255361760881639,False,438,time1,0.8766226982434249,5,time1,TIME1,0.9476663360617071,0.9445743647735834,1.0,1
0.001958194282933259,False,438,time0,0.9014134061392439,0,time0,TIME0,0.943588444122572,0.9027298231142511,1.0,5
0.003252252825385734,False,438,time0,0.8487140112126899,4,time0,TIME0,0.9428495623209147,0.9661294720996267,1.0,6
0.002659509304084425,False,438,goleiro_time1,0.8389091394767958,9,goleiro1,GOL-TIME1,0.9300740776219774,0.9253071802047071,1.0,10
0.0010832112273529513,False,439,time1,0.9311238821167744,6,time1,TIME1,0.9623281208296356,0.9377197115149688,1.0,8
0.0011516106964797458,False,439,time0,0.9312882441860484,0,time0,TIME0,0.953263331079239,0.9027298231142511,1.0,5
0.0008578970957332171,False,439,time1,0.886989833301153,5,time1,TIME1,0.9513406055351737,0.9445743647735834,1.0,1
0.0011129600416965983,False,439,time0,0.8785945623904631,3,time0,TIME0,0.9475573587386393,0.9422006818200267,1.0,2
0.000855004782251087,False,439,time1,0.8718343853762164,7,time1,TIME1,0.9435416897580524,0.9349674295386023,1.0,7
0.003872441072506477,False,439,time0,0.8157525351402225,4,time0,TIME0,0.9321740829547275,0.9661294720996267,1.0,6
0.003135591852443962,False,439,goleiro_time1,0.7977803223223945,9,goleiro1,GOL-TIME1,0.9173168932982291,0.9253071802047071,1.0,10
0.0009906897728727785,False,440,time1,0.946177907637205,7,time1,TIME1,0.9657750586035355,0.9349674295386023,1.0,7
0.0012752625092939634,False,440,time1,0.9226043599935815,6,time1,TIME1,0.9598625386260968,0.9377197115149688,1.0,8
0.0016004340236339914,False,440,time0,0.912706701852497,0,time0,TIME0,0.9475203645215472,0.9027298231142511,1.0,5
0.0007749554285437668,False,440,time0,0.8504125450571033,3,time0,TIME0,0.9396646792646731,0.9422006818200267,1.0,2
0.003698506578123997,False,440,time0,0.8214704276619589,4,time0,TIME0,0.9342542494361273,0.9661294720996267,1.0,6
0.0008664692163320007,False,440,time1,0.820541272250885,5,time1,TIME1,0.9314607465333732,0.9445743647735834,1.0,1
0.0029811043890345047,False,440,goleiro_time1,0.8059039725429128,9,goleiro1,GOL-TIME1,0.9202127655516782,0.9253071802047071,1.0,10
0.0012474020756431843,False,441,time0,0.9221443000530029,3,time0,TIME0,0.9601359085058632,0.9398434517027705,1.0,2
0.0016524884149651065,False,441,time1,0.906338466461703,6,time1,TIME1,0.9545050911625667,0.9375635776671931,1.0,8
0.0023762355328784974,False,441,time0,0.8775152670159821,4,time0,TIME0,0.952080344942395,0.9675501969637278,1.0,6
0.0014704653133232161,False,441,time0,0.9174521585467066,0,time0,TIME0,0.94903414740809,0.901246957328436,1.0,5
0.0017938014792112924,False,441,time1,0.8926782642645856,7,time1,TIME1,0.9489664071243621,0.9344519005655254,1.0,7
0.0010053915005744352,False,441,time1,0.8760810306660018,5,time1,TIME1,0.9485262455616844,0.9473576481803743,1.0,1
0.0023167227521223703,False,441,goleiro_time1,0.8450137310304698,9,goleiro1,GOL-TIME1,0.9308968898757096,0.9200383335094211,1.0,10
0.0006586736902390768,False,442,time1,0.9600511684783926,7,time1,TIME1,0.9702268404158336,0.9344519005655254,1.0,7
0.0025461547290201816,False,442,time0,0.8698724329075587,4,time0,TIME0,0.950371358614584,0.9675501969637278,1.0,6
0.0015181494150865863,False,442,time1,0.8837795532511059,5,time1,TIME1,0.9502366133324519,0.9473576481803743,1.0,1
0.0022730114145779997,False,442,time0,0.8844907024643953,3,time0,TIME0,0.9475365526478019,0.9398434517027705,1.0,2
0.002280712994707785,False,442,time1,0.8742343415231277,6,time1,TIME1,0.9438496113759759,0.9375635776671931,1.0,8
0.0020498108342169013,False,442,time0,0.8854187020131321,0,time0,TIME0,0.9386444826010972,0.901246957328436,1.0,5
0.0029316324513778812,False,442,goleiro_time1,0.8220794383063573,9,goleiro1,GOL-TIME1,0.9232999199025845,0.9200383335094211,1.0,10
0.0006609910909380504,False,443,time1,0.9621029889266698,7,time1,TIME1,0.9707679496262148,0.9344519005655254,1.0,7
0.0020237209198092805,False,443,time0,0.8916927558261407,4,time0,TIME0,0.9571931982502382,0.9675501969637278,1.0,6
0.0024381867144261378,False,443,time0,0.8772635887248352,3,time0,TIME0,0.9458106024852532,0.9398434517027705,1.0,2
0.0019646131322072517,False,443,time1,0.8485931648513745,5,time1,TIME1,0.9392952935616091,0.9473576481803743,1.0,1
0.0007626298158078124,False,443,time1,0.8573492453345349,6,time1,TIME1,0.9390771413638298,0.9375635776671931,1.0,8
0.0019790474258940026,False,443,time0,0.8815683786383779,0,time0,TIME0,0.9377236628060812,0.901246957328436,1.0,5
0.0022388333258272215,False,443,goleiro_time1,0.8547878120081643,9,goleiro1,GOL-TIME1,0.933710186097294,0.9200383335094211,1.0,10
0.0018342977642073857,False,444,time0,0.9053384731055446,3,time0,TIME0,0.9541019963756509,0.9383387259229321,1.0,2
0.0025550468288440035,False,444,time0,0.8583354891950385,4,time0,TIME0,0.9466367538963915,0.9678654485469023,1.0,6
0.002079786604905857,False,444,time1,0.8824885689112555,7,time1,TIME1,0.9453853411616747,0.9340354724416586,1.0,7
0.001903447044283297,False,444,time1,0.8524824917239687,5,time1,TIME1,0.9413272305983625,0.9496955621002704,1.0,1
0.0021357741486188794,False,444,time0,0.8801499632990827,0,time0,TIME0,0.937243747279024,0.9009935586156086,1.0,5
0.0015451258337500118,False,444,goleiro_time1,0.8626052613744398,9,goleiro1,GOL-TIME1,0.935672403485499,0.9176633912281817,1.0,10
0.0019605935048039322,False,444,time1,0.8226157220454193,6,time1,TIME1,0.9284482113981308,0.9373396247252945,1.0,8
0.0019442872812419035,False,445,time0,0.8956500091818121,4,time0,TIME0,0.9583651512243757,0.9678654485469023,1.0,6
0.0018825432501210254,False,445,time0,0.9079067353362389,3,time0,TIME0,0.9549827444656186,0.9383387259229321,1.0,2
0.0011184289644838128,False,445,time1,0.898437135482158,6,time1,TIME1,0.9521184937162085,0.9373396247252945,1.0,8
0.00046759003023665865,False,445,goleiro_time1,0.886584556864464,9,goleiro1,GOL-TIME1,0.9441761442211031,0.9176633912281817,1.0,10
0.001694258772491945,False,445,time1,0.8537906735592886,5,time1,TIME1,0.9415636888537265,0.9496955621002704,1.0,1
0.0020598841460353332,False,445,time0,0.8830361281874946,0,time0,TIME0,0.9381592334687171,0.9009935586156086,1.0,5
0.0027842987125808265,False,445,time1,0.8355515712483179,7,time1,TIME1,0.9311564039635035,0.9340354724416586,1.0,7
0.0007092238599367767,False,446,time1,0.9588108591769695,6,time1,TIME1,0.9704281966063536,0.9373396247252945,1.0,8
0.0011956289716470512,False,446,time0,0.9382544504338448,3,time0,TIME0,0.9644979658649483,0.9383387259229321,1.0,2
0.002022412863352724,False,446,time0,0.8942010797868614,4,time0,TIME0,0.9583266844195525,0.9678654485469023,1.0,6
0.001212890857836202,False,446,time1,0.8832051766336341,5,time1,TIME1,0.9507993189725034,0.9496955621002704,1.0,1
0.0006889469826224786,False,446,goleiro_time1,0.8930348003517588,9,goleiro1,GOL-TIME1,0.9464007962337265,0.9176633912281817,1.0,10
0.001834888478433754,False,446,time0,0.8940618609524844,0,time0,TIME0,0.9416293390991153,0.9009935586156086,1.0,5
0.002701836175453694,False,446,time1,0.8317368031312906,7,time1,TIME1,0.9304469760650714,0.9340354724416586,1.0,7
0.0016451924773637984,False,447,time1,0.9370571621192748,6,time1,TIME1,0.962591791931647,0.9351895315413026,1.0,8
0.0008172842480361715,False,447,goleiro_time1,0.9346042941761119,9,goleiro1,GOL-TIME1,0.9579583703222172,0.9137048083896548,1.0,10
0.0007656143404516987,False,447,time1,0.889025027641731,5,time1,TIME1,0.9537697008761405,0.9524002768189863,1.0,1
0.0019562407483444087,False,447,time0,0.9017613227726247,3,time0,TIME0,0.9522714772421605,0.93618751827771,1.0,2
0.0014379359861196152,False,447,time0,0.9171435420577113,0,time0,TIME0,0.9486398553027905,0.9009624585407432,1.0,5
0.0028784954447286346,False,447,time0,0.8561771486323956,4,time0,TIME0,0.9454704293703537,0.9672953172279044,1.0,6
0.0019751189273618085,False,447,time1,0.8482696504491464,7,time1,TIME1,0.9350266937935582,0.9331315265236089,1.0,7
0.0006137699931065974,False,448,time0,0.9653234102316436,3,time0,TIME0,0.972140405697473,0.93618751827771,1.0,2
0.0012823149315033093,False,448,time0,0.9301555702464721,4,time0,TIME0,0.9686075450746566,0.9672953172279044,1.0,6
0.0016315644901970996,False,448,time1,0.9273168729041755,6,time1,TIME1,0.960125025020036,0.9351895315413026,1.0,8
0.00139932667483857,False,448,time0,0.9245707710754961,0,time0,TIME0,0.9511277380132145,0.9009624585407432,1.0,5
0.0008287056069499737,False,448,goleiro_time1,0.9063579573541809,9,goleiro1,GOL-TIME1,0.948697065142862,0.9137048083896548,1.0,10
0.001122381598097077,False,448,time1,0.8713609020079708,5,time1,TIME1,0.9482262584794581,0.9524002768189863,1.0,1
0.0038323465337925895,False,448,time1,0.7846827350408722,7,time1,TIME1,0.9139002577215004,0.9331315265236089,1.0,7
0.00045690944514520485,False,449,time0,0.9737706062835296,3,time0,TIME0,0.9756544154256542,0.93618751827771,1.0,2
0.0013635123791119331,False,449,time0,0.9320939209904604,4,time0,TIME0,0.9701517139386869,0.9672953172279044,1.0,6
0.001192920106426866,False,449,time1,0.9311363575139457,6,time1,TIME1,0.9611697207381763,0.9351895315413026,1.0,8
0.0008180936931990532,False,449,goleiro_time1,0.9289065904007223,9,goleiro1,GOL-TIME1,0.9557785470232402,0.9137048083896548,1.0,10
0.0017186560925818348,False,449,time0,0.9051475976627511,0,time0,TIME0,0.9449804007639305,0.9009624585407432,1.0,5
0.003545929574136279,False,449,time1,0.8098943761468114,7,time1,TIME1,0.922760735869664,0.9331315265236089,1.0,7
0.0019506580768118822,False,449,time1,0.7770540337997656,5,time1,TIME1,0.9188637921978046,0.9524002768189863,1.0,1
0.001190434842451033,False,450,time0,0.9343348331958627,4,time0,TIME0,0.9702617069671132,0.9660530530942961,1.0,6
0.0006576291715511544,False,450,time0,0.9571207764848823,3,time0,TIME0,0.9699553491958247,0.9342435330476742,1.0,2
0.0007408522884191812,False,450,time1,0.9247359282969955,6,time1,TIME1,0.9589184114245985,0.9338750668059822,1.0,8
0.0016981564257411573,False,450,time0,0.9027133492950579,0,time0,TIME0,0.9445018496971848,0.9021697468376602,1.0,5
0.0010634829090449462,False,450,goleiro_time1,0.8838927742285642,9,goleiro1,GOL-TIME1,0.9414077807314971,0.9095657372982506,1.0,10
0.001404560957016996,False,450,time1,0.8271626309233326,5,time1,TIME1,0.9352478180602288,0.9550851313040476,1.0,1
0.002759732879839699,False,450,time1,0.84085679683831,7,time1,TIME1,0.9327438905135456,0.9343017828190434,1.0,7
0.00027489483948476743,False,451,time0,0.9578671204836534,3,time0,TIME0,0.9703948736188915,0.9342435330476742,1.0,2
0.0008615685502405626,False,451,time0,0.8924098032102968,4,time0,TIME0,0.9570545176173316,0.9660530530942961,1.0,6
0.0007499754031781775,False,451,time1,0.898075623430716,5,time1,TIME1,0.9570301167938385,0.9550851313040476,1.0,1
0.0011347408159571224,False,451,time0,0.9394841520080532,0,time0,TIME0,0.9558903521025147,0.9021697468376602,1.0,5
0.0010592328619662991,False,451,time1,0.8862805395515528,6,time1,TIME1,0.9481626167342198,0.9338750668059822,1.0,8
0.001698505139782447,False,451,goleiro_time1,0.8689982096250599,9,goleiro1,GOL-TIME1,0.9361131712261507,0.9095657372982506,1.0,10
0.005070892658119026,False,451,time1,0.8097619466650275,7,time1,TIME1,0.9200409859286777,0.9343017828190434,1.0,7
0.0004291782099384945,False,452,time0,0.9630695446057362,4,time0,TIME0,0.9791640462027369,0.9660530530942961,1.0,6
0.00027094837492809955,False,452,time0,0.931598473098739,3,time0,TIME0,0.9627083514240456,0.9342435330476742,1.0,2
0.0016064354334116295,False,452,time1,0.9271481391665753,6,time1,TIME1,0.9597718076089303,0.9338750668059822,1.0,8
0.0010010994606193075,False,452,time0,0.9446659433847264,0,time0,TIME0,0.957763975930726,0.9021697468376602,1.0,5
0.00044860732900157556,False,452,time1,0.8627411364877253,5,time1,TIME1,0.9469761946960353,0.9550851313040476,1.0,1
0.003592858128810188,False,452,time1,0.8206808806275944,7,time1,TIME1,0.925344305809932,0.9343017828190434,1.0,7
0.00384134772851201,False,452,goleiro_time1,0.6451530881182291,9,goleiro1,GOL-TIME1,0.8637457273440394,0.9095657372982506,1.0,10
0.000157314433594744,False,453,time1,0.9793130837194605,6,time1,TIME1,0.9759182170571012,0.9331876245812349,1.0,8
0.00012394657466755478,False,453,time0,0.9277751274559193,4,time0,TIME0,0.9691704195759706,0.9651123268599473,1.0,6
0.00021284695526925236,False,453,time0,0.9186200520180703,3,time0,TIME0,0.9587464092601115,0.9338962932963781,1.0,2
0.0011146761217210204,False,453,time0,0.9388322473457904,0,time0,TIME0,0.9560940258693453,0.9030549949540325,1.0,5
0.0016177121441826063,False,453,time1,0.8923240892257667,7,time1,TIME1,0.9488510321362301,0.9363288529726885,1.0,7
0.0005066171598157792,False,453,time1,0.8590394248866444,5,time1,TIME1,0.9463651649903377,0.957628236633894,1.0,1
0.0013173184833183075,False,453,goleiro_time1,0.8886382240815333,9,goleiro1,GOL-TIME1,0.938719692753495,0.9071573220996654,1.0,10
0.0007026843893719657,False,454,time0,0.9509001608066376,3,time0,TIME0,0.9675929479084018,0.9338962932963781,1.0,2
0.00016528595053651908,False,454,time0,0.918195107776149,4,time0,TIME0,0.9664986903872815,0.9651123268599473,1.0,6
0.0006743143591776074,False,454,goleiro_time1,0.9372798130321551,9,goleiro1,GOL-TIME1,0.9562911625443481,0.9071573220996654,1.0,10
0.001857256395361564,False,454,time1,0.9140203766517175,6,time1,TIME1,0.9546539934221218,0.9331876245812349,1.0,8
0.0013759225728606956,False,454,time0,0.9295174904136486,0,time0,TIME0,0.9531361846927893,0.9030549949540325,1.0,5
0.0005995977760961292,False,454,time1,0.8618705503142831,5,time1,TIME1,0.9470496586128627,0.957628236633894,1.0,1
0.0015191251000903807,False,454,time1,0.8780644464109864,7,time1,TIME1,0.9456159217887662,0.9363288529726885,1.0,7
0.00023500068688119902,False,455,time0,0.9163942801787477,4,time0,TIME0,0.96571423524,0.9651123268599473,1.0,6
0.0011089386826282693,False,455,time0,0.9437177278836016,0,time0,TIME0,0.957498015653818,0.9030549949540325,1.0,5
0.0011752077708771169,False,455,time1,0.8938515888503732,5,time1,TIME1,0.9561005028897613,0.957628236633894,1.0,1
0.0018316833829592814,False,455,time1,0.9059956896523159,6,time1,TIME1,0.9532992180798222,0.9331876245812349,1.0,8
0.0014375732023001234,False,455,time0,0.9003032481867382,3,time0,TIME0,0.9517563769682001,0.9338962932963781,1.0,2
0.0013276683203929452,False,455,time1,0.8936455899363792,7,time1,TIME1,0.9503028909226772,0.9363288529726885,1.0,7
0.002257914542566986,False,455,goleiro_time1,0.8552891511035283,9,goleiro1,GOL-TIME1,0.9294922485252075,0.9071573220996654,1.0,10
0.0006247910668305456,False,456,time0,0.9468215306459234,4,time0,TIME0,0.9744650492490674,0.9651552344418772,1.0,6
0.0008399714407001096,False,456,time1,0.9265869311207567,5,time1,TIME1,0.9665275038267709,0.9582870531229006,1.0,1
0.0009429334823243247,False,456,time0,0.9328607367951292,3,time0,TIME0,0.9616790896191459,0.9320665019652219,1.0,2
0.001152806735856,False,456,time0,0.9418238845852898,0,time0,TIME0,0.9574066702549741,0.9043251420946039,1.0,5
0.0016206282680586172,False,456,time1,0.8847993122503602,7,time1,TIME1,0.9480693779820312,0.9375029494276648,1.0,7
0.000797726498731603,False,456,goleiro_time1,0.903890597074547,9,goleiro1,GOL-TIME1,0.9447579736075274,0.902104910167336,1.0,10
0.002905677390382876,False,456,time1,0.8599019028283282,6,time1,TIME1,0.9379151475976725,0.9333883321729142,1.0,8
0.0008648792231660834,False,457,time1,0.9256833037681126,5,time1,TIME1,0.9664240315559941,0.9582870531229006,1.0,1
0.0011365609041111779,False,457,time0,0.9110236138552781,4,time0,TIME0,0.9632108843151502,0.9651552344418772,1.0,6
0.00013619603472898962,False,457,goleiro_time1,0.9485591062244982,9,goleiro1,GOL-TIME1,0.9594657335060944,0.902104910167336,1.0,10
0.001155913559341183,False,457,time0,0.9425869267434113,0,time0,TIME0,0.957791013185393,0.9043251420946039,1.0,5
0.001590448702043855,False,457,time0,0.8897204777441766,3,time0,TIME0,0.9480320772379459,0.9320665019652219,1.0,2
0.003540680031659957,False,457,time1,0.8061672548680596,6,time1,TIME1,0.921267434821064,0.9333883321729142,1.0,8
0.008791073621334525,False,457,time1,0.6907509512501839,7,time1,TIME1,0.8781410251749653,0.9375029494276648,1.0,7
0.0012751031961130887,False,458,time0,0.9041814614414955,4,time0,TIME0,0.9612873041162661,0.9651552344418772,1.0,6
0.0003130727226630534,False,458,goleiro_time1,0.9476901380388842,9,goleiro1,GOL-TIME1,0.9592701071962125,0.902104910167336,1.0,10
0.0010193395210807037,False,458,time0,0.9454438625054494,0,time0,TIME0,0.9585967380140604,0.9043251420946039,1.0,5
0.0010908347743282456,False,458,time0,0.9227673992065748,3,time0,TIME0,0.9585142306753006,0.9320665019652219,1.0,2
0.0012121441855299149,False,458,time1,0.8976650535603572,5,time1,TIME1,0.9573070343443779,0.9582870531229006,1.0,1
0.0028229204702041274,False,458,time1,0.9072566430296454,7,time1,TIME1,0.9498660168155807,0.9375029494276648,1.0,7
0.0033884554215016737,False,458,time1,0.7810359290077412,6,time1,TIME1,0.912451070290296,0.9333883321729142,1.0,8
0.0012552412149121623,False,459,time0,0.9036884039287304,4,time0,TIME0,0.9612529197996177,0.9656820000677075,1.0,6
0.0012084316039785935,False,459,time0,0.9161707300493991,3,time0,TIME0,0.9564901712949668,0.9316243371114246,1.0,2
0.00036682539033771147,False,459,goleiro_time1,0.9411020793049855,9,goleiro1,GOL-TIME1,0.9556250028737789,0.8957631548405862,1.0,10
0.0018493374912730857,False,459,time1,0.8465951159378206,5,time1,TIME1,0.9413886842573782,0.9582990497272554,1.0,1
0.0017722430074463642,False,459,time1,0.8026486322856414,6,time1,TIME1,0.9207337474659857,0.9338810829072759,1.0,8
0.006984270801231849,False,459,time1,0.6648735777903658,7,time1,TIME1,0.8714615671099859,0.9388671137451339,1.0,7
0.0004990569809569266,False,459,time0,0.9721287128943324,0,time0,TIME0,0.8667070002754709,0.9043073497110039,0.0,5
0.00039240327304783325,False,460,goleiro_time1,0.9522651015760464,9,goleiro1,GOL-TIME1,0.9590745893151236,0.8957631548405862,1.0,10
0.0015360984475973223,False,460,time0,0.884926000084429,4,time0,TIME0,0.9552669390288465,0.9656820000677075,1.0,6
0.0013176248797959272,False,460,time0,0.9068942207391318,3,time0,TIME0,0.9536505687691049,0.9316243371114246,1.0,2
0.0016819073471244425,False,460,time1,0.8458971819567864,5,time1,TIME1,0.9415237651818296,0.9582990497272554,1.0,1
0.00099432085793959,False,460,time1,0.8531882799471259,6,time1,TIME1,0.9379071286136137,0.9338810829072759,1.0,8
0.005262170210487977,False,460,time1,0.8155484518166907,7,time1,TIME1,0.9167266059847037,0.9388671137451339,1.0,7
0.0005013687537446193,False,460,time0,0.9504894674915508,0,time0,TIME0,0.8607248442475385,0.9043073497110039,0.0,5
0.00015070784748218174,False,461,goleiro_time1,0.9858736164447774,9,goleiro1,GOL-TIME1,0.9691959645629236,0.8957631548405862,1.0,10
0.0013308122664467694,False,461,time1,0.9171365927455075,6,time1,TIME1,0.9569651339787081,0.9338810829072759,1.0,8
0.0013395631273432531,False,461,time0,0.9103514618382146,3,time0,TIME0,0.9547633815231952,0.9316243371114246,1.0,2
0.0012851934998944264,False,461,time1,0.9030613570166877,7,time1,TIME1,0.950547122598125,0.9388671137451339,1.0,7
0.0017933984341803296,False,461,time0,0.8656693097685404,4,time0,TIME0,0.9492974290134885,0.9656820000677075,1.0,6
0.0014967997171843666,False,461,time1,0.85661794178224,5,time1,TIME1,0.9449306484815599,0.9582990497272554,1.0,1
0.000602191160905993,False,461,time0,0.9479765829578088,0,time0,TIME0,0.8597537130219022,0.9043073497110039,0.0,5
0.0009079714904695548,False,462,time0,0.9347541606629365,3,time0,TIME0,0.9618247294401381,0.9302862410581249,1.0,2
0.000992010059213465,False,462,time1,0.8965770243808214,5,time1,TIME1,0.9571919379616852,0.9579837175922978,1.0,1
0.0014331612445430872,False,462,time0,0.8906106165387003,4,time0,TIME0,0.9569499506229794,0.965320477573359,1.0,6
0.0009482315114209132,False,462,goleiro_time1,0.9204063497491218,9,goleiro1,GOL-TIME1,0.9472856225972787,0.8903618713920203,1.0,10
0.0022068981761800078,False,462,time1,0.8293044846357556,7,time1,TIME1,0.9314423516006362,0.9411880075226857,1.0,7
0.00044203869070426067,False,462,time0,0.9467137965350703,0,time0,TIME0,0.8595036333863697,0.9040028046138531,0.0,5
0.0010090094899246121,False,463,time0,0.9219436847463754,4,time0,TIME0,0.9667067415577871,0.965320477573359,1.0,6
0.0011542498621832985,False,463,time1,0.8822695639830433,5,time1,TIME1,0.9528906091667947,0.9579837175922978,1.0,1
0.0014410856683137836,False,463,time0,0.8977001981186699,3,time0,TIME0,0.9502064096018684,0.9302862410581249,1.0,2
0.0015998301054619257,False,463,goleiro_time1,0.8690900176183666,9,goleiro1,GOL-TIME1,0.93141880991713,0.8903618713920203,1.0,10
0.0029580422908960084,False,463,time1,0.7762015616665565,7,time1,TIME1,0.9149528264673342,0.9411880075226857,1.0,7
0.0010855746254037398,False,463,time0,0.9109170967151707,0,time0,TIME0,0.8473676339881671,0.9040028046138531,0.0,5
0.0009523136952227013,False,464,time0,0.9221191238569229,4,time0,TIME0,0.9668817328143157,0.965320477573359,1.0,6
0.001125475758781878,False,464,time0,0.9191639151528898,3,time0,TIME0,0.9566399206112474,0.9302862410581249,1.0,2
0.001099409438310012,False,464,time1,0.8888961450938115,5,time1,TIME1,0.9549898933771929,0.9579837175922978,1.0,1
0.003200470630148301,False,464,time1,0.7637069312006333,7,time1,TIME1,0.9111862363968216,0.9411880075226857,1.0,7
0.00261035945611957,False,464,goleiro_time1,0.790286977278622,9,goleiro1,GOL-TIME1,0.9065982393996019,0.8903618713920203,1.0,10
0.0017569500243730237,False,464,time0,0.9141074694139175,0,time0,TIME0,0.8481687040002324,0.9040028046138531,0.0,5
0.0004284550233388989,False,465,time1,0.9557165453517039,5,time1,TIME1,0.9754603766498426,0.9585256324771624,1.0,1
0.0007092241305094344,False,465,time0,0.9421654868511669,4,time0,TIME0,0.9730119166446376,0.9647692301714024,1.0,6
0.0013400066500438134,False,465,time0,0.9047014936084479,3,time0,TIME0,0.9514265708086145,0.92702356977752,1.0,2
0.0023268748546987346,False,465,goleiro_time1,0.8272007612533934,9,goleiro1,GOL-TIME1,0.9170356862371113,0.8850616705691243,1.0,10
0.0032581045543691126,False,465,time1,0.7660545691660925,7,time1,TIME1,0.9124303763008007,0.9426772240874097,1.0,7
0.0024007983352058587,False,465,time0,0.8950144301664257,0,time0,TIME0,0.842410769497161,0.9061327124855182,0.0,5
0.0008326585652504273,False,466,time0,0.9287029519462217,4,time0,TIME0,0.9689437373430744,0.9647692301714024,1.0,6
0.00046298358485324215,False,466,goleiro_time1,0.9632531921480336,9,goleiro1,GOL-TIME1,0.9579206072371994,0.8850616705691243,1.0,10
0.001050794133687779,False,466,time1,0.8979067225185493,5,time1,TIME1,0.9575910389098414,0.9585256324771624,1.0,1
0.0013684663480169452,False,466,time0,0.9035295703000079,3,time0,TIME0,0.9515509876238357,0.92702356977752,1.0,2
0.002396202063354373,False,466,time1,0.8220655768761549,7,time1,TIME1,0.9294515691977784,0.9426772240874097,1.0,7
0.008056700465777479,False,466,time1,0.6005626003816256,6,time1,TIME1,0.8517273650766589,0.9338810829072759,1.0,8
0.003633251379738216,False,466,time0,0.8081026611118971,0,time0,TIME0,0.8148204745181615,0.9061327124855182,0.0,5
0.0009443268232825998,False,467,time0,0.9270491440939261,4,time0,TIME0,0.9681321977504226,0.9647692301714024,1.0,6
0.0012193754021514924,False,467,time0,0.9138558564647413,3,time0,TIME0,0.9546064247779309,0.92702356977752,1.0,2
0.001381261620772197,False,467,time1,0.8699700084545755,5,time1,TIME1,0.9491399613706302,0.9585256324771624,1.0,1
0.0009381679402181596,False,467,goleiro_time1,0.9150316856227526,9,goleiro1,GOL-TIME1,0.9445953792181513,0.8850616705691243,1.0,10
0.001997966731955378,False,467,time1,0.8448016602767838,6,time1,TIME1,0.9291118785519802,0.9338810829072759,1.0,8
0.003105002422967262,False,467,time1,0.7810373713147546,7,time1,TIME1,0.9166708132392627,0.9426772240874097,1.0,7
0.0025822421949020687,False,467,time0,0.8020536232666886,0,time0,TIME0,0.814010870067013,0.9061327124855182,0.0,5
0.00024815730942085676,False,468,time0,0.937184946769527,4,time0,TIME0,0.9711036977608093,0.9631182868950747,1.0,6
0.0005499621960961071,False,468,time1,0.9126873772475536,6,time1,TIME1,0.9552396711828252,0.9346237332338365,1.0,8
0.0012854825797219511,False,468,time1,0.880460484796245,5,time1,TIME1,0.9526584117518535,0.959206769057951,1.0,1
0.001342685968729774,False,468,time0,0.9063810799011326,3,time0,TIME0,0.9513901512637271,0.9235878357906815,1.0,2
0.0009781999225335785,False,468,goleiro_time1,0.9227310607423416,9,goleiro1,GOL-TIME1,0.9455067124408495,0.8787254057204974,1.0,10
0.002887255938011734,False,468,time1,0.7880503542356163,7,time1,TIME1,0.9185710654595232,0.9434311235091175,1.0,7
0.00168327244029725,False,468,time0,0.8947222462127746,0,time0,TIME0,0.8410777611948331,0.9083186122507166,0.0,5
0.0005088383448776621,False,469,time1,0.9539818933109037,6,time1,TIME1,0.9686663833321782,0.9346237332338365,1.0,8
0.0010039321398876728,False,469,time0,0.9128903669913521,4,time0,TIME0,0.96294628482753,0.9631182868950747,1.0,6
0.0009906043801419973,False,469,time1,0.9030951130835606,5,time1,TIME1,0.9596034208465729,0.959206769057951,1.0,1
0.001293889055739669,False,469,time0,0.9089327078188353,3,time0,TIME0,0.9522426019556574,0.9235878357906815,1.0,2
0.0009179078925231727,False,469,goleiro_time1,0.9270650672678394,9,goleiro1,GOL-TIME1,0.9468402968105455,0.8787254057204974,1.0,10
0.0023350318627260204,False,469,time1,0.8385131673524086,7,time1,TIME1,0.934737105061632,0.9434311235091175,1.0,7
0.00186834944141247,False,469,time0,0.8882787543476248,0,time0,TIME0,0.8416625144405664,0.9083186122507166,0.0,5
4.718567648839717e-05,False,470,time0,0.9249138373012683,4,time0,TIME0,0.9675026648987276,0.9631182868950747,1.0,6
0.0007262822754873101,False,470,time1,0.927660151534774,5,time1,TIME1,0.9672501726694365,0.959206769057951,1.0,1
0.0010578645219215988,False,470,time1,0.9110961393965921,6,time1,TIME1,0.9556089699339144,0.9346237332338365,1.0,8
0.0008954560439569329,False,470,goleiro_time1,0.9282822325484967,9,goleiro1,GOL-TIME1,0.9473318319516254,0.8787254057204974,1.0,10
0.0016512253817987969,False,470,time0,0.8870865825376896,3,time0,TIME0,0.9452618733354186,0.9235878357906815,1.0,2
0.0031865240166198527,False,470,time1,0.8005577298812229,7,time1,TIME1,0.9225321633688612,0.9434311235091175,1.0,7
0.0017777315196939986,False,470,time0,0.8882114187855621,0,time0,TIME0,0.8394409949171187,0.9083186122507166,0.0,5
0.0004955326097463263,False,471,time1,0.9470001539434896,5,time1,TIME1,0.9734144515074309,0.9596888759207931,1.0,1
0.0011058000397985367,False,471,time0,0.9242553625898983,3,time0,TIME0,0.9561339028646589,0.9209484452319328,1.0,2
0.0007521389562639627,False,471,time0,0.8655958530708593,4,time0,TIME0,0.9485662202477411,0.9603131926215016,1.0,6
0.0008594510486211241,False,471,goleiro_time1,0.9305128013267401,9,goleiro1,GOL-TIME1,0.946705975956012,0.8737085126222441,1.0,10
0.002464523174639487,False,471,time1,0.8522848209877897,7,time1,TIME1,0.9388889487831427,0.9437455667243557,1.0,7
0.0007398156704528647,False,471,time1,0.8474824270621478,6,time1,TIME1,0.9360925587754957,0.9348011857809588,1.0,8
0.001421362545000807,False,471,time0,0.9058657509559391,0,time0,TIME0,0.8475073181281347,0.9104473576006216,0.0,5
0.00017105018985101898,False,472,time0,0.8961157857954211,4,time0,TIME0,0.9581377789316868,0.9603131926215016,1.0,6
0.0010708398878378394,False,472,time1,0.8872389414422761,5,time1,TIME1,0.9547281518800009,0.9596888759207931,1.0,1
0.00010610236876874206,False,472,time1,0.900704344391452,6,time1,TIME1,0.953362509345533,0.9348011857809588,1.0,8
0.0017275473265731518,False,472,time0,0.8831945686455432,3,time0,TIME0,0.943110065944045,0.9209484452319328,1.0,2
0.003151983360507709,False,472,time1,0.8247023121792643,7,time1,TIME1,0.9299977218721545,0.9437455667243557,1.0,7
0.0009127128974946498,False,472,goleiro_time1,0.8669772281136812,9,goleiro1,GOL-TIME1,0.927534540416496,0.8737085126222441,1.0,10
0.003110645702775121,False,472,time0,0.8107943388801743,0,time0,TIME0,0.8168629153269922,0.9104473576006216,0.0,5
0.00026204244884146756,False,473,time1,0.9446901429334351,5,time1,TIME1,0.9724869398687597,0.9596888759207931,1.0,1
0.0011892220275699992,False,473,time0,0.9176800238611045,3,time0,TIME0,0.9540883305059562,0.9209484452319328,1.0,2
1.0644687709628297e-05,False,473,time1,0.8997640123628248,6,time1,TIME1,0.9535485741958548,0.9348011857809588,1.0,8
0.002995070700252436,False,473,time1,0.8374535918273996,7,time1,TIME1,0.9343150209865556,0.9437455667243557,1.0,7
0.0006369493574349565,False,473,goleiro_time1,0.8486893698485218,9,goleiro1,GOL-TIME1,0.922064636066705,0.8737085126222441,1.0,10
0.011367843971264675,False,473,time0,0.6582560944671675,4,time0,TIME0,0.8694572709550505,0.9603131926215016,1.0,6
0.002479600348961018,False,473,time0,0.8351206559671848,0,time0,TIME0,0.8254628523992384,0.9104473576006216,0.0,5
0.0009632272974869969,False,474,time0,0.9330677873996011,3,time0,TIME0,0.959337332849719,0.921811649274691,1.0,2
0.0010524754721829479,False,474,time1,0.8890357086832266,5,time1,TIME1,0.95488156199226,0.9588106319266133,1.0,1
0.003118885830722863,False,474,time1,0.8423499178331854,7,time1,TIME1,0.9355463701743465,0.9432205639913428,1.0,7
0.0006261295897683635,False,474,goleiro_time1,0.8929975572070572,9,goleiro1,GOL-TIME1,0.9335900240681452,0.8684390150419588,1.0,10
0.0019925433736037268,False,474,time1,0.8857679050037386,6,time1,TIME1,0.8465494071337327,0.9359338905830235,0.0,8
0.0013590662209709591,False,474,time0,0.8996365394726391,0,time0,TIME0,0.8455550185002475,0.9107781981584641,0.0,5
0.00018424641069913632,False,475,time1,0.9341975744315831,5,time1,TIME1,0.9691050308733584,0.9588106319266133,1.0,1
0.000793311402331737,False,475,time0,0.946150255565553,3,time0,TIME0,0.9634416224895385,0.921811649274691,1.0,2
0.002957246157907887,False,475,time1,0.8476589130353874,7,time1,TIME1,0.9369079017226254,0.9432205639913428,1.0,7
0.0007460288845069781,False,475,goleiro_time1,0.8892625204067539,9,goleiro1,GOL-TIME1,0.9330839448695537,0.8684390150419588,1.0,10
0.0009743977273180153,False,475,time0,0.9088488376470172,0,time0,TIME0,0.8491950954720956,0.9107781981584641,0.0,5
0.0022976911042935024,False,475,time1,0.8687394816311874,6,time1,TIME1,0.8422883026786074,0.9359338905830235,0.0,8
0.0002807989783919495,False,476,time1,0.9221756277174419,5,time1,TIME1,0.9658113556577942,0.9588106319266133,1.0,1
0.0009777738247121765,False,476,time0,0.9367017185291964,3,time0,TIME0,0.96044170175362,0.921811649274691,1.0,2
0.0004382844680209139,False,476,goleiro_time1,0.9587907098996542,9,goleiro1,GOL-TIME1,0.9539105101146012,0.8684390150419588,1.0,10
0.003203467059989128,False,476,time1,0.8419866676160171,7,time1,TIME1,0.9352410460997396,0.9432205639913428,1.0,7
0.001139401484101149,False,476,time0,0.8938808296424038,0,time0,TIME0,0.8446525450243446,0.9107781981584641,0.0,5
0.0036370917798130512,False,476,time1,0.7441534607462568,6,time1,TIME1,0.7998869567478788,0.9359338905830235,0.0,8
0.001212174381438518,False,477,time0,0.9250600837016696,3,time0,TIME0,0.9565166980386007,0.9211087990940869,1.0,2
0.0008741330245187661,False,477,time1,0.8925019108445776,5,time1,TIME1,0.9557656711590806,0.9583499907979729,1.0,1
0.0005116011622857999,False,477,goleiro_time1,0.9395366887251229,9,goleiro1,GOL-TIME1,0.946580336925612,0.86233456740051,1.0,10
0.0034200678320827405,False,477,time1,0.8265560703580724,7,time1,TIME1,0.9298051009912597,0.9426583255071275,1.0,7
1.703507865880383e-05,False,477,time1,0.9361663756444115,6,time1,TIME1,0.8624058683674956,0.9361920489651642,0.0,8
0.0014118373051578842,False,477,time0,0.8758464595290829,0,time0,TIME0,0.8391436497483313,0.9117182841899263,0.0,5
0.0007892280280102549,False,478,time1,0.898394503916239,5,time1,TIME1,0.9583300348705054,0.9583499907979729,1.0,1
0.001297866582037445,False,478,time0,0.9248217226197316,3,time0,TIME0,0.9564853490118391,0.9211087990940869,1.0,2
0.0006571895450968656,False,478,goleiro_time1,0.8959422397166548,9,goleiro1,GOL-TIME1,0.9336311500885016,0.86233456740051,1.0,10
0.004322147548815571,False,478,time1,0.7763432043475128,7,time1,TIME1,0.9139227801260964,0.9426583255071275,1.0,7
0.0009523856675496589,False,478,time1,0.9604580134796729,6,time1,TIME1,0.8706657482490879,0.9361920489651642,0.0,8
0.0015701810783144514,False,478,time0,0.9221026659396986,0,time0,TIME0,0.8524974025879739,0.9117182841899263,0.0,5
0.0007306210162831631,False,479,time1,0.9109862765610245,5,time1,TIME1,0.9621714969811704,0.9583499907979729,1.0,1
0.001342398728796322,False,479,time0,0.9245060505848144,3,time0,TIME0,0.9563634457727787,0.9211087990940869,1.0,2
0.0005688376693869296,False,479,goleiro_time1,0.9264802335174008,9,goleiro1,GOL-TIME1,0.942909299798617,0.86233456740051,1.0,10
0.0034342086085503796,False,479,time1,0.8070925324298875,7,time1,TIME1,0.9240480637877891,0.9426583255071275,1.0,7
0.0012012007120442052,False,479,time0,0.9411631208223956,0,time0,TIME0,0.8589305539645548,0.9117182841899263,0.0,5
0.0019394520396191059,False,479,time1,0.9201481082166929,6,time1,TIME1,0.8576529354769973,0.9361920489651642,0.0,8
0.001455818349527485,False,480,time0,0.9186682468751816,3,time0,TIME0,0.9543125114352945,0.9204612189145789,1.0,2
0.001233118869728513,False,480,time1,0.8568986637962516,5,time1,TIME1,0.9448401764512165,0.9570665677213988,1.0,1
0.0021775315186581463,False,480,time1,0.8673875055648514,7,time1,TIME1,0.9429238268277661,0.942181910245043,1.0,7
0.00043957542428550185,False,480,goleiro_time1,0.8865510075898028,9,goleiro1,GOL-TIME1,0.9289994718986601,0.8548237347883259,1.0,10
0.001602389398116915,False,480,time1,0.9327806899228901,6,time1,TIME1,0.8618709954327829,0.9351164127717332,0.0,8
0.0016522115650217115,False,480,time0,0.9177827288841792,0,time0,TIME0,0.851604993279848,0.9123188494390149,0.0,5
0.0006992973067279003,False,481,time1,0.916631660290882,5,time1,TIME1,0.963230851039166,0.9570665677213988,1.0,1
0.0012441853996589607,False,481,time0,0.9300855414313449,3,time0,TIME0,0.9578398621496744,0.9204612189145789,1.0,2
0.001861555470205793,False,481,time1,0.8873149768889957,7,time1,TIME1,0.9497571569659562,0.942181910245043,1.0,7
0.0007287635349878084,False,481,goleiro_time1,0.8827644200100527,9,goleiro1,GOL-TIME1,0.9275938510435142,0.8548237347883259,1.0,10
0.002068941836325689,False,481,time1,0.9121776612602458,6,time1,TIME1,0.8552321118638793,0.9351164127717332,0.0,8
0.0019505033092516574,False,481,time0,0.8853390262561109,0,time0,TIME0,0.8411779380625637,0.9123188494390149,0.0,5
0.0013982202491265576,False,482,time0,0.9214381048387346,3,time0,TIME0,0.9551687024365701,0.9204612189145789,1.0,2
0.0018406737547723927,False,482,time1,0.8892022824885327,7,time1,TIME1,0.9506136507426619,0.942181910245043,1.0,7
0.0008551026213241241,False,482,goleiro_time1,0.9278196428011329,9,goleiro1,GOL-TIME1,0.9407067612388308,0.8548237347883259,1.0,10
0.0013656242528200908,False,482,time1,0.8400285416746539,5,time1,TIME1,0.939578359221782,0.9570665677213988,1.0,1
0.0020896845856420766,False,482,time1,0.9133054186930406,6,time1,TIME1,0.8556141519821354,0.9351164127717332,0.0,8
0.0019733350959438892,False,482,time0,0.8740067922191068,0,time0,TIME0,0.8384721539503956,0.9123188494390149,0.0,5
0.0014103572727200706,False,483,time0,0.9170480198220896,3,time0,TIME0,0.9535066815502804,0.9193147503989296,1.0,2
0.0010389606926162456,False,483,time1,0.8694427753126077,5,time1,TIME1,0.9487945714305998,0.956588839441155,1.0,1
0.001970891716615474,False,483,time1,0.8840444823436121,7,time1,TIME1,0.9483707852879656,0.9403709966756238,1.0,7
0.0007329524867603389,False,483,goleiro_time1,0.9296097156673884,9,goleiro1,GOL-TIME1,0.9394878686584135,0.8477627807508628,1.0,10
0.00222872646299923,False,483,time1,0.9102816673493891,6,time1,TIME1,0.8542032947888885,0.9331694338831287,0.0,8
0.0037274327433590645,False,483,time0,0.7738313777900255,0,time0,TIME0,0.806032567712497,0.9143484276523379,0.0,5
0.0014131594313926432,False,484,time0,0.9192971607534336,3,time0,TIME0,0.9543240493565699,0.9193147503989296,1.0,2
0.0010174669418310475,False,484,time1,0.8731447987201949,5,time1,TIME1,0.950061810123426,0.956588839441155,1.0,1
0.0023179236618064637,False,484,time1,0.868894095693465,7,time1,TIME1,0.9434145278517526,0.9403709966756238,1.0,7
0.00047406045065921546,False,484,goleiro_time1,0.9008664328994603,9,goleiro1,GOL-TIME1,0.9310651880286313,0.8477627807508628,1.0,10
0.0023484115724219812,False,484,time1,0.9027377620718189,6,time1,TIME1,0.8517085337278523,0.9331694338831287,0.0,8
0.0030127533810388974,False,484,time0,0.8016993476322376,0,time0,TIME0,0.81577102972021,0.9143484276523379,0.0,5
0.0007672419432170413,False,485,time1,0.8981676915349899,5,time1,TIME1,0.9577245313669117,0.956588839441155,1.0,1
0.0016143364797046975,False,485,time0,0.9022663066766927,3,time0,TIME0,0.9488782525827426,0.9193147503989296,1.0,2
0.0004912195192384267,False,485,goleiro_time1,0.9460796879009893,9,goleiro1,GOL-TIME1,0.9448435186207981,0.8477627807508628,1.0,10
0.0031952433828589762,False,485,time1,0.8311898009099187,7,time1,TIME1,0.9309236948199322,0.9403709966756238,1.0,7
0.0015840573429518885,False,485,time1,0.9324253264718346,6,time1,TIME1,0.8610580384371509,0.9331694338831287,0.0,8
0.003264007367470272,False,485,time0,0.7997823519114209,0,time0,TIME0,0.8152715243986518,0.9143484276523379,0.0,5
0.002093026266194174,False,486,time0,0.8795761661259598,3,time0,TIME0,0.9408647025512361,0.9170633184497633,1.0,2
0.0012699060365033038,False,486,time1,0.8358030525148965,5,time1,TIME1,0.9380219514510378,0.9551210175201945,1.0,1
0.003937796274546557,False,486,time1,0.8065585118121414,7,time1,TIME1,0.9225467282844848,0.9388286277006084,1.0,7
0.0013208666649227887,False,486,goleiro_time1,0.7653373555391957,9,goleiro1,GOL-TIME1,0.8873611408842036,0.8407829369798965,1.0,10
0.0019300296173861225,False,486,time1,0.919726996131466,6,time1,TIME1,0.8563021472543935,0.9295783957406218,0.0,8
0.0013984229621617332,False,486,time0,0.8940096402615036,0,time0,TIME0,0.8448486172392018,0.9169148275787194,0.0,5
0.0020287494585387645,False,487,time0,0.8854703840300584,3,time0,TIME0,0.9430099194290282,0.9170633184497633,1.0,2
0.0011714970292198684,False,487,time1,0.8442337786819937,5,time1,TIME1,0.9408798231563299,0.9551210175201945,1.0,1
0.0035562886106812797,False,487,time1,0.8334949417636923,7,time1,TIME1,0.9312271381980142,0.9388286277006084,1.0,7
0.00037785744931156376,False,487,goleiro_time1,0.8735157510721828,9,goleiro1,GOL-TIME1,0.9212631981608682,0.8407829369798965,1.0,10
0.0007498981817416598,False,487,time0,0.9556183378054796,0,time0,TIME0,0.8646689693300451,0.9169148275787194,0.0,5
0.002177141677572881,False,487,time1,0.9088741325368602,6,time1,TIME1,0.8528784508495302,0.9295783957406218,0.0,8
0.000968314496368678,False,488,time1,0.8690354929415643,5,time1,TIME1,0.9484711058721252,0.9551210175201945,1.0,1
0.0019667106114500178,False,488,time0,0.8870054013459404,3,time0,TIME0,0.9435113884817091,0.9170633184497633,1.0,2
0.00034621330055774476,False,488,goleiro_time1,0.914237367254285,9,goleiro1,GOL-TIME1,0.9338248645831567,0.8407829369798965,1.0,10
0.003712684152473088,False,488,time1,0.8224488258909028,7,time1,TIME1,0.9276498027236981,0.9388286277006084,1.0,7
0.0006197068983626313,False,488,time0,0.9713047781126048,0,time0,TIME0,0.8699146605016875,0.9169148275787194,0.0,5
0.0018637291427089774,False,488,time1,0.9160555320740211,6,time1,TIME1,0.8552512699866073,0.9295783957406218,0.0,8
0.0023473002764021296,False,489,time1,0.8842253604663877,7,time1,TIME1,0.9467654053063319,0.9382834807231819,1.0,7
0.0018936278543050101,False,489,time0,0.89057337987113,3,time0,TIME0,0.9440305579587113,0.9145333695790822,1.0,2
0.0011544470555362562,False,489,time1,0.8448724974165953,5,time1,TIME1,0.9407607524322916,0.9539409717108206,1.0,1
0.0008116562285262086,False,489,time0,0.9343168100775466,0,time0,TIME0,0.8587446981445188,0.918242978678284,0.0,5
0.001770604960576433,False,489,time1,0.914542135005241,6,time1,TIME1,0.8543251815824522,0.9265676396281113,0.0,8
0.0008485054105541525,False,489,goleiro_time1,0.9080878682932334,9,goleiro1,GOL-TIME1,0.8305045076977207,0.8367709483801848,0.0,10
0.0009489808894537777,False,490,time1,0.8697766112249936,5,time1,TIME1,0.9483851921375309,0.9539409717108206,1.0,1
0.001922851649463587,False,490,time0,0.8836666879316132,3,time0,TIME0,0.9419304275544482,0.9145333695790822,1.0,2
0.0025702530122087425,False,490,time1,0.8625385839128813,7,time1,TIME1,0.9406006485482872,0.9382834807231819,1.0,7
0.0003777707848892911,False,490,time0,0.9184369569715509,0,time0,TIME0,0.8544200014999124,0.918242978678284,0.0,5
0.0019469194120563553,False,490,time1,0.8979627680251686,6,time1,TIME1,0.8491149851955869,0.9265676396281113,0.0,8
0.00038047743141368304,False,490,goleiro_time1,0.9039564567124502,9,goleiro1,GOL-TIME1,0.8297025305139873,0.8367709483801848,0.0,10
0.0008248668303110846,False,491,time1,0.8836260594814579,5,time1,TIME1,0.9527099806523761,0.9539409717108206,1.0,1
0.00133644439866113,False,491,time0,0.9157679775384064,3,time0,TIME0,0.951742072735609,0.9145333695790822,1.0,2
0.0029088296700745587,False,491,time1,0.8352751851191895,7,time1,TIME1,0.9322562420557199,0.9382834807231819,1.0,7
0.001553828965629671,False,491,time1,0.9116162948409314,6,time1,TIME1,0.853444233327534,0.9265676396281113,0.0,8
0.0008851932230490229,False,491,time0,0.8905587828538387,0,time0,TIME0,0.8453071250376023,0.918242978678284,0.0,5
0.0003242901239074546,False,491,goleiro_time1,0.9253514886546382,9,goleiro1,GOL-TIME1,0.8363413276868521,0.8367709483801848,0.0,10
0.0016830305483412343,False,492,time0,0.8942060896422241,3,time0,TIME0,0.9444977457099842,0.9120984425949006,1.0,2
0.0011030911745783512,False,492,time1,0.8501724935494642,5,time1,TIME1,0.9422597631595004,0.9536230082980682,1.0,1
0.00356048768187121,False,492,time1,0.7854315246937505,7,time1,TIME1,0.916410286635948,0.9379209839215633,1.0,7
0.0009767469473615385,False,492,time1,0.931364131475439,6,time1,TIME1,0.8598010625780845,0.9268436275162628,0.0,8
0.0009673415170914609,False,492,time0,0.9280145596061674,0,time0,TIME0,0.8571696438232187,0.9190700446434024,0.0,5
0.0005884044558182664,False,492,goleiro_time1,0.8966330643710236,9,goleiro1,GOL-TIME1,0.8260210384233913,0.8313585784678016,0.0,10
0.0010708252769143216,False,493,time1,0.8560419319053346,5,time1,TIME1,0.9441635191690166,0.9536230082980682,1.0,1
0.0017472629820807749,False,493,time0,0.8878802331223499,3,time0,TIME0,0.9426771836190748,0.9120984425949006,1.0,2
0.004028916487346848,False,493,time1,0.7366952110016002,7,time1,TIME1,0.90122052810174,0.9379209839215633,1.0,7
0.000848117842279212,False,493,time1,0.9439113667510813,6,time1,TIME1,0.863998121667158,0.9268436275162628,0.0,8
0.000736154876508234,False,493,time0,0.9154085329730495,0,time0,TIME0,0.8535631303666643,0.9190700446434024,0.0,5
0.0003791123111836098,False,493,goleiro_time1,0.9407928528819671,9,goleiro1,GOL-TIME1,0.8395622030766022,0.8313585784678016,0.0,10
0.0011953258220413242,False,494,time0,0.9161376703587726,3,time0,TIME0,0.9514022220177594,0.9120984425949006,1.0,2
0.0009625154749390262,False,494,time1,0.8725322003462044,5,time1,TIME1,0.9492158867863559,0.9536230082980682,1.0,1
0.0045517464149286745,False,494,time1,0.6884881404810201,7,time1,TIME1,0.8865252625174836,0.9379209839215633,1.0,7
0.0008181765966613834,False,494,time0,0.9333872469391586,0,time0,TIME0,0.8588248260024545,0.9190700446434024,0.0,5
0.0011766242728548943,False,494,time1,0.9202942033177326,6,time1,TIME1,0.8564196041191783,0.9268436275162628,0.0,8
0.00013885895671189152,False,494,goleiro_time1,0.9680785361257238,9,goleiro1,GOL-TIME1,0.8479446335026198,0.8313585784678016,0.0,10
0.001001674373402464,False,495,time0,0.9332173178208045,3,time0,TIME0,0.9560536567433616,0.9090532781114388,1.0,2
0.0009340303431360673,False,495,time1,0.87961371572559,5,time1,TIME1,0.9512150841804276,0.9531400437413828,1.0,1
0.004035340964532122,False,495,time1,0.7155325698548329,7,time1,TIME1,0.895084357293262,0.9377806912872533,1.0,7
0.00042507892594473756,False,495,time0,0.9659245043684334,0,time0,TIME0,0.8686700900108242,0.9185560632916636,0.0,5
0.0016903566818511457,False,495,time1,0.8857724753747186,6,time1,TIME1,0.845744990138193,0.9279648346557778,0.0,8
0.0003812292175432013,False,495,goleiro_time1,0.9537101062268623,9,goleiro1,GOL-TIME1,0.8424621649971025,0.8274922040138201,0.0,10
0.0018533824442771693,False,496,time0,0.8782065778905864,3,time0,TIME0,0.9384596165871407,0.9090532781114388,1.0,2
0.0013910721524254363,False,496,time1,0.826929561765867,5,time1,TIME1,0.9347565162970848,0.9531400437413828,1.0,1
0.003596449385581781,False,496,time1,0.7453503056788403,7,time1,TIME1,0.9044815209732373,0.9377806912872533,1.0,7
0.00046850640571387747,False,496,time0,0.9636079977885241,0,time0,TIME0,0.8682186921975708,0.9185560632916636,0.0,5
0.0004238552069855969,False,496,goleiro_time1,0.97097074785786,9,goleiro1,GOL-TIME1,0.8476731522761296,0.8274922040138201,0.0,10
0.0017815433472961773,False,496,time1,0.8819747595884154,6,time1,TIME1,0.8448153713366575,0.9279648346557778,0.0,8
0.000953203554579462,False,497,time1,0.8818838438928432,5,time1,TIME1,0.9516112606434022,0.9531400437413828,1.0,1
0.001928438433700511,False,497,time0,0.8737833209652623,3,time0,TIME0,0.9375537233920707,0.9090532781114388,1.0,2
0.004474958760495825,False,497,time1,0.7158334465099513,7,time1,TIME1,0.8943615133687486,0.9377806912872533,1.0,7
0.0005251082575890225,False,497,time0,0.9452328162555956,0,time0,TIME0,0.8625997097445689,0.9185560632916636,0.0,5
0.0012799848680039537,False,497,time1,0.9147773588209464,6,time1,TIME1,0.8548997668593119,0.9279648346557778,0.0,8
0.0006547759287608012,False,497,goleiro_time1,0.9426653767581732,9,goleiro1,GOL-TIME1,0.8388561074314594,0.8274922040138201,0.0,10
0.0009597387500962808,False,498,time1,0.8779128749529537,5,time1,TIME1,0.9508306615248244,0.953514433688922,1.0,1
0.0021958044807547233,False,498,time0,0.8585554410638371,3,time0,TIME0,0.9322807580789195,0.9078495966901341,1.0,2
0.0045578063766294466,False,498,time1,0.7387173596839547,7,time1,TIME1,0.9017538447897855,0.9375108210866179,1.0,7
0.0012135684800002348,False,498,time0,0.9298984335057253,0,time0,TIME0,0.8567492073740752,0.9180611133108798,0.0,5
0.001553109999963536,False,498,time1,0.8951717540936361,6,time1,TIME1,0.8490059669368273,0.9283312116647398,0.0,8
0.0006364657899810515,False,498,goleiro_time1,0.940911806188467,9,goleiro1,GOL-TIME1,0.8386171457422493,0.8280781772707472,0.0,10
0.0009444209825674916,False,499,time1,0.884681781750946,5,time1,TIME1,0.9528024113762421,0.953514433688922,1.0,1
0.0023697913580037412,False,499,time0,0.8508424543225124,3,time0,TIME0,0.9299065041100928,0.9078495966901341,1.0,2
0.004282844381011029,False,499,time1,0.7834235237710072,7,time1,TIME1,0.9152626660419314,0.9375108210866179,1.0,7
0.0010012352880934907,False,499,time0,0.9328635625139376,0,time0,TIME0,0.8582277904084057,0.9180611133108798,0.0,5
0.0016251188001154598,False,499,time1,0.889435011273599,6,time1,TIME1,0.8473868153375264,0.9283312116647398,0.0,8
0.0009850392417176921,False,499,goleiro_time1,0.9095855141012698,9,goleiro1,GOL-TIME1,0.8287476687169629,0.8280781772707472,0.0,10
0.0007469447188388815,False,500,time1,0.9096453590294827,5,time1,TIME1,0.9604578341333021,0.953514433688922,1.0,1
0.003208459883127791,False,500,time1,0.84742499835066,7,time1,TIME1,0.9349529606084385,0.9375108210866179,1.0,7
0.0022734075329489244,False,500,time0,0.8554861847817324,3,time0,TIME0,0.9313912303869035,0.9078495966901341,1.0,2
0.0015229580323598629,False,500,time1,0.8954964132391491,6,time1,TIME1,0.8491246457980537,0.9283312116647398,0.0,8
0.0008932585069453363,False,500,goleiro_time1,0.9196674284037347,9,goleiro1,GOL-TIME1,0.8319723328501852,0.8280781772707472,0.0,10
0.005068606860306475,False,500,time0,0.8210430788536499,0,time0,TIME0,0.8183178600503758,0.9180611133108798,0.0,5
0.0006792196791187587,False,501,time1,0.9367154512636314,5,time1,TIME1,0.9680973352560068,0.9517947152426962,1.0,1
0.002529051290179401,False,501,time1,0.8808420256198374,7,time1,TIME1,0.9459072559712589,0.9379467570418983,1.0,7
0.002748324887215189,False,501,time0,0.8266845856350357,3,time0,TIME0,0.9219676070445617,0.907532389932966,1.0,2
0.0012250802642962523,False,501,time1,0.9146568949302882,6,time1,TIME1,0.855229250356277,0.9287625554480269,0.0,8
0.0011015785651925464,False,501,time0,0.9075787964440569,0,time0,TIME0,0.847258670146388,0.9183366188147561,0.0,5
0.001287696838123796,False,501,goleiro_time1,0.886579402458252,9,goleiro1,GOL-TIME1,0.8219794181223945,0.8298509684002513,0.0,10
0.000481601635317495,False,502,time1,0.9280004826999726,5,time1,TIME1,0.9657138441133509,0.9517947152426962,1.0,1
0.0015113260055747476,False,502,time1,0.9270040093708386,7,time1,TIME1,0.9605026429098698,0.9379467570418983,1.0,7
0.0027131993612460833,False,502,time0,0.8208251816654161,3,time0,TIME0,0.9204596425832248,0.907532389932966,1.0,2
0.0008747783944219969,False,502,time1,0.9360700748249238,6,time1,TIME1,0.8619775586788344,0.9287625554480269,0.0,8
0.0011415430125725945,False,502,time0,0.9283697185390268,0,time0,TIME0,0.8567648731741748,0.9183366188147561,0.0,5
0.0012330440834459149,False,502,goleiro_time1,0.8926324268462837,9,goleiro1,GOL-TIME1,0.8240081174592147,0.8298509684002513,0.0,10
0.00014171512168694816,False,503,time1,0.9236706392232044,5,time1,TIME1,0.9646593207211436,0.9517947152426962,1.0,1
0.001546133446327419,False,503,time1,0.9254961743128164,7,time1,TIME1,0.9606547958500838,0.9379467570418983,1.0,7
0.002608258513546785,False,503,time0,0.8200319553862715,3,time0,TIME0,0.920447333956365,0.907532389932966,1.0,2
0.0007338034918834489,False,503,time1,0.9472219558241926,6,time1,TIME1,0.8655875530466797,0.9287625554480269,0.0,8
0.0008258925712565601,False,503,time0,0.9368955064646384,0,time0,TIME0,0.8595652044617881,0.9183366188147561,0.0,5
0.0007246310246716816,False,503,goleiro_time1,0.936580605293581,9,goleiro1,GOL-TIME1,0.8373097032252035,0.8298509684002513,0.0,10
0.0016170089799596831,False,504,time1,0.9213317562087117,7,time1,TIME1,0.9593418571322107,0.9381152790745864,1.0,7
0.0005904989587617976,False,504,time1,0.8954742736897195,5,time1,TIME1,0.955337648625385,0.9502473311619144,1.0,1
0.0016054694890235135,False,504,time0,0.8831995596261156,3,time0,TIME0,0.9400157065874417,0.9088068305937312,1.0,2
0.0006653193876293148,False,504,time1,0.9522155820952152,6,time1,TIME1,0.8674483847325701,0.9308192077328853,0.0,8
0.0009290729109010362,False,504,goleiro_time1,0.9155078440876677,9,goleiro1,GOL-TIME1,0.830221210394843,0.8263702359941101,0.0,10
0.006452313267384908,False,504,time0,0.8166870959965683,0,time0,TIME0,0.8143527646465308,0.9165845538692802,0.0,5
0.000761762846897896,False,505,time1,0.9421634000414377,5,time1,TIME1,0.9693584533451021,0.9502473311619144,1.0,1
0.002035706855630714,False,505,time1,0.89954104057633,7,time1,TIME1,0.9522312951404676,0.9381152790745864,1.0,7
0.0017992595790921975,False,505,time0,0.8706918646488777,3,time0,TIME0,0.9366272179364685,0.9088068305937312,1.0,2
0.0008579707997251843,False,505,time1,0.9380669592950447,6,time1,TIME1,0.8632015316374315,0.9308192077328853,0.0,8
0.001885364781795892,False,505,time0,0.9073985607195375,0,time0,TIME0,0.8462647808142578,0.9165845538692802,0.0,5
0.0009531132915408414,False,505,goleiro_time1,0.9206676793464703,9,goleiro1,GOL-TIME1,0.8315910096192187,0.8263702359941101,0.0,10
0.0007398541999993262,False,506,time1,0.9453204668892697,5,time1,TIME1,0.9703832968097433,0.9502473311619144,1.0,1
0.0015256718761169506,False,506,time0,0.8936552813007548,3,time0,TIME0,0.9436276625940554,0.9088068305937312,1.0,2
0.0027123783355734506,False,506,time1,0.8627675820417366,7,time1,TIME1,0.9404200179003935,0.9381152790745864,1.0,7
0.0010535558146907544,False,506,time1,0.9246520492286979,6,time1,TIME1,0.8589414095413982,0.9308192077328853,0.0,8
0.0011153914075990102,False,506,time0,0.9326349909155967,0,time0,TIME0,0.8568992811874337,0.9165845538692802,0.0,5
0.0008405938119274329,False,506,goleiro_time1,0.9273800751952385,9,goleiro1,GOL-TIME1,0.8339481515697464,0.8263702359941101,0.0,10
0.0006957031818861357,False,507,time1,0.9462911642146837,5,time1,TIME1,0.9707410728574145,0.9502063611385131,1.0,1
0.002536286186589124,False,507,time1,0.8615275248900915,7,time1,TIME1,0.9406482611738518,0.9386407046178246,1.0,7
0.0007925299884961967,False,507,time1,0.943422040638802,6,time1,TIME1,0.8647365005889718,0.9304501608564855,0.0,8
0.0007368172924889022,False,507,time0,0.9543798745499453,0,time0,TIME0,0.8640358628504629,0.915235688317368,0.0,5
0.002195571138894692,False,507,time0,0.8547321028067663,3,time0,TIME0,0.83141502800106,0.9104386419466025,0.0,2
0.0015515632984228562,False,507,goleiro_time1,0.8667781833723639,9,goleiro1,GOL-TIME1,0.8154353307856863,0.8292767670605496,0.0,10
0.000897186356103152,False,508,time1,0.9259409383165101,5,time1,TIME1,0.9643622496456203,0.9502063611385131,1.0,1
0.002910967843445048,False,508,time1,0.8279057075237564,7,time1,TIME1,0.9300082221858832,0.9386407046178246,1.0,7
0.0005018854392918312,False,508,time0,0.9528497701125828,0,time0,TIME0,0.8636441946040908,0.915235688317368,0.0,5
0.000853041831733747,False,508,time1,0.9363742157985632,6,time1,TIME1,0.8626578951792732,0.9304501608564855,0.0,8
0.0018721095355224897,False,508,time0,0.8859823857157311,3,time0,TIME0,0.8414810632685705,0.9104386419466025,0.0,2
0.0012358219988083544,False,508,goleiro_time1,0.8944633202378319,9,goleiro1,GOL-TIME1,0.8243023420684485,0.8292767670605496,0.0,10
0.0008580369276827348,False,509,time1,0.9286810719337921,5,time1,TIME1,0.965343069857409,0.9502063611385131,1.0,1
0.00255458360845396,False,509,time1,0.8317875161639693,7,time1,TIME1,0.9315353854913214,0.9386407046178246,1.0,7
0.00025365737512097656,False,509,time0,0.9541549719716709,0,time0,TIME0,0.864643336174341,0.915235688317368,0.0,5
0.0015636683944427563,False,509,time1,0.8913911677249293,6,time1,TIME1,0.8481219845040319,0.9304501608564855,0.0,8
0.0007735494788996413,False,509,goleiro_time1,0.9291846857523737,9,goleiro1,GOL-TIME1,0.8349466156487557,0.8292767670605496,0.0,10
0.0031462641038975574,False,509,time0,0.8352389717725328,3,time0,TIME0,0.8244494090994197,0.9104386419466025,0.0,2
0.0011544496530337704,False,510,time1,0.9006627266603218,5,time1,TIME1,0.9564397527799243,0.9500491237455297,1.0,1
0.0008480108578503434,False,510,goleiro_time1,0.9263373254229472,9,goleiro1,GOL-TIME1,0.9343653018709562,0.8301309016116396,1.0,10
0.002601086389993657,False,510,time1,0.8105420846650799,7,time1,TIME1,0.9256993335862673,0.9397462078070369,1.0,7
0.00015648092099395668,False,510,time0,0.9631219492913332,0,time0,TIME0,0.8669303248146607,0.9129402472269781,0.0,5
0.0020736093229006907,False,510,time1,0.8624339491404592,6,time1,TIME1,0.8387993750625817,0.9292209894862518,0.0,8
0.003188502227435089,False,510,time0,0.8511860009501971,3,time0,TIME0,0.8306720654538855,0.9131227799485464,0.0,2
0.0007551315980875812,False,511,time1,0.9339143671736385,5,time1,TIME1,0.9667277070540359,0.9500491237455297,1.0,1
0.001750089816979733,False,511,time1,0.8558997389463535,7,time1,TIME1,0.939519755877647,0.9397462078070369,1.0,7
0.0008661772684343041,False,511,goleiro_time1,0.9195925151400148,9,goleiro1,GOL-TIME1,0.9324662557645993,0.8301309016116396,1.0,10
0.00023369990882913527,False,511,time0,0.9624590328856812,0,time0,TIME0,0.8667028617363182,0.9129402472269781,0.0,5
0.0021763544193679337,False,511,time0,0.9009556184364251,3,time0,TIME0,0.8458757069188083,0.9131227799485464,0.0,2
0.002330523039957515,False,511,time1,0.8498106647052255,6,time1,TIME1,0.8349506984588693,0.9292209894862518,0.0,8
0.001211742331018646,False,512,time1,0.8957007336819545,5,time1,TIME1,0.9548094440926598,0.9500491237455297,1.0,1
0.0023543672013059303,False,512,time1,0.8040232976072735,7,time1,TIME1,0.9235895939385858,0.9397462078070369,1.0,7
0.0012420769892808221,False,512,goleiro_time1,0.8889817346330882,9,goleiro1,GOL-TIME1,0.9227939524141358,0.8301309016116396,1.0,10
0.00028921378804752564,False,512,time0,0.9794946369488439,0,time0,TIME0,0.8717313915527136,0.9129402472269781,0.0,5
0.0016820006405768298,False,512,time0,0.9243971841821795,3,time0,TIME0,0.8537128752107757,0.9131227799485464,0.0,2
0.0019299629482832565,False,512,time1,0.8757977458527929,6,time1,TIME1,0.8429586846439479,0.9292209894862518,0.0,8
0.0012838025399755394,False,513,time1,0.8853281536452831,5,time1,TIME1,0.951925113570789,0.9502187813774112,1.0,1
0.0007911095902721481,False,513,goleiro_time1,0.928535496447222,9,goleiro1,GOL-TIME1,0.9344942866595594,0.8278720942134972,1.0,10
0.0032180007079557994,False,513,time1,0.7437440926911738,7,time1,TIME1,0.9049559506620286,0.9417210952416837,1.0,7
0.0005980290499411099,False,513,time0,0.9593223545710963,0,time0,TIME0,0.8644830084128186,0.9098784308842116,0.0,5
0.0011125720405054055,False,513,time0,0.9498998896002038,3,time0,TIME0,0.8624961877528295,0.9157087074100811,0.0,2
0.0018340968910662827,False,513,time1,0.8858883496911945,6,time1,TIME1,0.845945828129949,0.9276595390634129,0.0,8
0.0012225776836703244,False,514,time1,0.884218669892884,5,time1,TIME1,0.9516061302343769,0.9502187813774112,1.0,1
0.0009572727508936787,False,514,goleiro_time1,0.9087080775056091,9,goleiro1,GOL-TIME1,0.9285840151600044,0.8278720942134972,1.0,10
0.004161262016112236,False,514,time1,0.7076420352474312,7,time1,TIME1,0.8932967572048812,0.9417210952416837,1.0,7
0.0006257606910068068,False,514,time0,0.9516572400471481,0,time0,TIME0,0.8623708570520421,0.9098784308842116,0.0,5
0.001316985895407419,False,514,time0,0.9406330995901249,3,time0,TIME0,0.8597017948041218,0.9157087074100811,0.0,2
0.0029565285992195723,False,514,time1,0.8330977229048874,6,time1,TIME1,0.8283856212753355,0.9276595390634129,0.0,8
0.001467733503541655,False,515,time1,0.8648768890625066,5,time1,TIME1,0.9454845920332211,0.9502187813774112,1.0,1
0.0009594728312882582,False,515,goleiro_time1,0.9212266969093056,9,goleiro1,GOL-TIME1,0.9322448952532163,0.8278720942134972,1.0,10
0.003920701277572698,False,515,time1,0.7529401537424074,7,time1,TIME1,0.907430353687207,0.9417210952416837,1.0,7
0.00040602641696395867,False,515,time0,0.960760656843215,0,time0,TIME0,0.8649745201041321,0.9098784308842116,0.0,5
0.0015241092649039961,False,515,time0,0.9327905800581365,3,time0,TIME0,0.8571711288559798,0.9157087074100811,0.0,2
0.004038544111883459,False,515,time1,0.7981979447748979,6,time1,TIME1,0.8169021078527576,0.9276595390634129,0.0,8
0.0019406910459334086,False,516,time1,0.8740601919272005,7,time1,TIME1,0.945060479818749,0.9439041924484068,1.0,7
0.0014397231726384903,False,516,time1,0.8594684246937363,5,time1,TIME1,0.9440084753250794,0.9504147140630794,1.0,1
0.000807915128616762,False,516,goleiro_time1,0.9336175688397492,9,goleiro1,GOL-TIME1,0.935832652047926,0.8263487977741095,1.0,10
0.0008858441126344715,False,516,time0,0.9415261853346887,0,time0,TIME0,0.8577405847623024,0.9056674236725031,0.0,5
0.001517059007275912,False,516,time0,0.9329136043064516,3,time0,TIME0,0.8576213687500431,0.9173337517307669,0.0,2
0.003947757244597497,False,516,time1,0.8160533626710603,6,time1,TIME1,0.8226537877444595,0.926035873230922,0.0,8
0.0012004476542231955,False,517,time1,0.8848313053028963,5,time1,TIME1,0.9517555188794936,0.9504147140630794,1.0,1
0.0018781210106029954,False,517,time1,0.8808089860242906,7,time1,TIME1,0.9482410837994529,0.9439041924484068,1.0,7
0.0009287611029702617,False,517,goleiro_time1,0.9261015940606977,9,goleiro1,GOL-TIME1,0.9334863027986054,0.8263487977741095,1.0,10
0.0014804102654728186,False,517,time0,0.9340527875326533,3,time0,TIME0,0.8580885794626096,0.9173337517307669,0.0,2
0.0012339604589231337,False,517,time0,0.92126784309666,0,time0,TIME0,0.851416507727451,0.9056674236725031,0.0,5
0.0035913446535918788,False,517,time1,0.8407868490213328,6,time1,TIME1,0.8302371169307242,0.926035873230922,0.0,8
0.0012170854916345448,False,518,time1,0.9177935866040777,7,time1,TIME1,0.9584828084619598,0.9439041924484068,1.0,7
0.0014879556710645587,False,518,time1,0.8546839103498483,5,time1,TIME1,0.9424289925507731,0.9504147140630794,1.0,1
0.0011530612906123976,False,518,goleiro_time1,0.8788788229787557,9,goleiro1,GOL-TIME1,0.9188667184639662,0.8263487977741095,1.0,10
0.0012838806813590935,False,518,time0,0.9166416232355925,0,time0,TIME0,0.850155585943251,0.9056674236725031,0.0,5
0.002247423033648758,False,518,time0,0.896296603406419,3,time0,TIME0,0.8455772707543159,0.9173337517307669,0.0,2
0.002526689732022685,False,518,time1,0.8894364600860142,6,time1,TIME1,0.8453114777092912,0.926035873230922,0.0,8
0.000834964114866992,False,519,time1,0.954766939132704,7,time1,TIME1,0.9708070465692984,0.9440794781452713,1.0,7
0.0013591385179851062,False,519,time1,0.8718295710611994,5,time1,TIME1,0.9478990450954602,0.9507646838171526,1.0,1
0.0014510199057861395,False,519,goleiro_time1,0.8451406250159287,9,goleiro1,GOL-TIME1,0.9095706904699379,0.8302145567297453,1.0,10
0.0020261768537090147,False,519,time1,0.9080243949580956,6,time1,TIME1,0.8512197283645306,0.9239837419215919,0.0,8
0.002833546399618719,False,519,time0,0.8661371016428281,3,time0,TIME0,0.8365090382606537,0.9185773564153896,0.0,2
0.002067161035321537,False,519,time0,0.8497864683593365,0,time0,TIME0,0.8283031071423221,0.9037983056097979,0.0,5
0.001541625056475166,False,520,time1,0.8580611483155897,5,time1,TIME1,0.943577067992588,0.9507646838171526,1.0,1
0.002140566964448944,False,520,time1,0.8659522758716226,7,time1,TIME1,0.9428289399609533,0.9440794781452713,1.0,7
0.0010980501895066115,False,520,goleiro_time1,0.8766616557376572,9,goleiro1,GOL-TIME1,0.9193132421230588,0.8302145567297453,1.0,10
0.001541744541360822,False,520,time1,0.9287403877421386,6,time1,TIME1,0.857883574227651,0.9239837419215919,0.0,8
0.0016258124401808307,False,520,time0,0.8880135603361492,0,time0,TIME0,0.8404680481629582,0.9037983056097979,0.0,5
0.0031417316871932975,False,520,time0,0.8471528560464416,3,time0,TIME0,0.8306972181889374,0.9185773564153896,0.0,2
0.001367453107528257,False,521,time1,0.8869109382931213,5,time1,TIME1,0.9522550410161551,0.9507646838171526,1.0,1
0.003341959350163889,False,521,time1,0.8082249929776555,7,time1,TIME1,0.9244630535602778,0.9440794781452713,1.0,7
0.001141868673823445,False,521,goleiro_time1,0.8824030751830211,9,goleiro1,GOL-TIME1,0.9210625700982173,0.8302145567297453,1.0,10
0.0011343423165468094,False,521,time1,0.9418236104958146,6,time1,TIME1,0.8621237896233404,0.9239837419215919,0.0,8
0.001458389763837541,False,521,time0,0.9078561644815843,0,time0,TIME0,0.8468407527168955,0.9037983056097979,0.0,5
0.00320153495475477,False,521,time0,0.8389697031396101,3,time0,TIME0,0.8282225640012786,0.9185773564153896,0.0,2
0.0009959664808439376,False,522,time1,0.9325853212340083,5,time1,TIME1,0.9663539694223584,0.9512986573047573,1.0,1
0.0007985813459864527,False,522,goleiro_time1,0.9118098905423794,9,goleiro1,GOL-TIME1,0.9307976929118279,0.8328772749991691,1.0,10
0.002882182375992003,False,522,time1,0.8257635287681119,7,time1,TIME1,0.9305506424060946,0.9446292572481092,1.0,7
0.003968015560627474,False,522,time0,0.7950972796597462,3,time0,TIME0,0.9143553394220211,0.9199543944184765,1.0,2
0.0010918119745389233,False,522,time1,0.9426430527489935,6,time1,TIME1,0.8619681007336335,0.921045173403301,0.0,8
0.0010744704317593352,False,522,time0,0.9325679548243578,0,time0,TIME0,0.853568453140243,0.9003853830421203,0.0,5
0.00107399000294826,False,523,time1,0.9485474364431032,5,time1,TIME1,0.9712139146143113,0.9512986573047573,1.0,1
0.00257132989138653,False,523,time1,0.8323583287669913,7,time1,TIME1,0.9328757797460424,0.9446292572481092,1.0,7
0.0027321054633617616,False,523,time0,0.8455435840801536,3,time0,TIME0,0.9303019218974075,0.9199543944184765,1.0,2
0.0007914151209172631,False,523,goleiro_time1,0.9067302739543812,9,goleiro1,GOL-TIME1,0.9294506687631928,0.8328772749991691,1.0,10
0.0010061335190310093,False,523,time1,0.9560692367537633,6,time1,TIME1,0.8657361911484076,0.921045173403301,0.0,8
0.0020900294034370947,False,523,time0,0.8721486378664326,0,time0,TIME0,0.8340591322653348,0.9003853830421203,0.0,5
0.0008335202850507835,False,524,time1,0.9543681824814151,5,time1,TIME1,0.9732039118456923,0.9512986573047573,1.0,1
0.0017870396520363544,False,524,time0,0.8935618598507428,3,time0,TIME0,0.9457805769855582,0.9199543944184765,1.0,2
0.002565501106964527,False,524,time1,0.8155486580357312,7,time1,TIME1,0.928130567016855,0.9446292572481092,1.0,7
0.0010697994818543147,False,524,goleiro_time1,0.8772701387809301,9,goleiro1,GOL-TIME1,0.9202343209480235,0.8328772749991691,1.0,10
0.0014256329391433159,False,524,time1,0.928996555237982,6,time1,TIME1,0.8572895340246128,0.921045173403301,0.0,8
0.0012596990617919504,False,524,time0,0.9126818263058174,0,time0,TIME0,0.8471821110005626,0.9003853830421203,0.0,5
0.001299080587438173,False,525,time1,0.9244157462448794,5,time1,TIME1,0.9635590955971182,0.9509431021584775,1.0,1
0.001516116115678235,False,525,time0,0.9057485894794376,3,time0,TIME0,0.9512053585002429,0.9242315133576452,1.0,2
0.0020703938374361614,False,525,time1,0.8399890098913065,7,time1,TIME1,0.9363396105137074,0.9465024362426265,1.0,7
0.0011401734820082002,False,525,goleiro_time1,0.8591660273848496,9,goleiro1,GOL-TIME1,0.9160394168053733,0.8377668429076057,1.0,10
0.0011221037740921141,False,525,time0,0.9240932511909844,0,time0,TIME0,0.8498151236532351,0.895425070181122,0.0,5
0.007754969093693336,False,525,time1,0.7078266856136919,6,time1,TIME1,0.7798551427574412,0.9173810885508944,0.0,8
0.0011636008532346397,False,526,time1,0.9279786303127442,5,time1,TIME1,0.9648021171838993,0.9509431021584775,1.0,1
0.0017898039305368442,False,526,time0,0.8974235693743353,3,time0,TIME0,0.9484678584261562,0.9242315133576452,1.0,2
0.0008555617290097699,False,526,goleiro_time1,0.8852159346372014,9,goleiro1,GOL-TIME1,0.9239768576343901,0.8377668429076057,1.0,10
0.0024416749371296647,False,526,time1,0.789722388690917,7,time1,TIME1,0.9207347898926331,0.9465024362426265,1.0,7
0.004050738929796664,False,526,time1,0.861860108549618,6,time1,TIME1,0.8313300370547054,0.9173810885508944,0.0,8
0.002206970906110407,False,526,time0,0.8538694510808469,0,time0,TIME0,0.8272512450856367,0.895425070181122,0.0,5
0.0009302978474371367,False,527,time1,0.9518685600070504,5,time1,TIME1,0.9722423184987109,0.9509431021584775,1.0,1
0.0015249546421158252,False,527,time0,0.9126632079013677,3,time0,TIME0,0.953288512911547,0.9242315133576452,1.0,2
0.0006530799252275832,False,527,goleiro_time1,0.9387739595085635,9,goleiro1,GOL-TIME1,0.9400556334581381,0.8377668429076057,1.0,10
0.002123455083741242,False,527,time1,0.8292459938004397,7,time1,TIME1,0.9330106042099534,0.9465024362426265,1.0,7
0.0013560403528249708,False,527,time1,0.9031328157621364,6,time1,TIME1,0.846704413067959,0.9173810885508944,0.0,8
0.002804604000024187,False,527,time0,0.8150743598629113,0,time0,TIME0,0.8152757605159991,0.895425070181122,0.0,5
0.0012527006458850883,False,528,time1,0.9435653148741777,5,time1,TIME1,0.9692135567133668,0.9501784521242276,1.0,1
0.002160329807828076,False,528,time0,0.8796466899061369,3,time0,TIME0,0.9433046698967306,0.9277658581491719,1.0,2
0.002113323328228739,False,528,time1,0.8305477367682321,7,time1,TIME1,0.9340456877957884,0.9477979627182531,1.0,7
0.0017237195892986982,False,528,goleiro_time1,0.8924336157401574,9,goleiro1,GOL-TIME1,0.9252134544547134,0.8393797244466263,1.0,10
0.0030208348451801433,False,528,time1,0.8588371303040001,6,time1,TIME1,0.8328294391331776,0.917603577504063,0.0,8
0.002763202920060626,False,528,time0,0.8167874700019797,0,time0,TIME0,0.8155402637328246,0.8928049606738535,0.0,5
0.001156298421889546,False,529,time1,0.9298806770467238,5,time1,TIME1,0.9651887877585204,0.9501784521242276,1.0,1
0.0016756442394722426,False,529,time0,0.9111610318177549,3,time0,TIME0,0.9533588296541581,0.9277658581491719,1.0,2
0.0025159062210922288,False,529,time1,0.80610440360429,7,time1,TIME1,0.9261983310106451,0.9477979627182531,1.0,7
0.0016308777767917667,False,529,goleiro_time1,0.8849701332105064,9,goleiro1,GOL-TIME1,0.9235594724956817,0.8393797244466263,1.0,10
0.0023730473211378677,False,529,time0,0.852132544698269,0,time0,TIME0,0.826167608797453,0.8928049606738535,0.0,5
0.0030345998503407195,False,529,time1,0.8393487329189507,6,time1,TIME1,0.8246727483789587,0.917603577504063,0.0,8
0.0011929839615740913,False,530,time1,0.9389821848776441,5,time1,TIME1,0.967847067231155,0.9501784521242276,1.0,1
0.0010034789848004971,False,530,time0,0.947649561987092,3,time0,TIME0,0.9648645613173122,0.9277658581491719,1.0,2
0.0022551421468867644,False,530,time1,0.8309090303791388,7,time1,TIME1,0.9339635285254274,0.9477979627182531,1.0,7
0.001154407876615416,False,530,goleiro_time1,0.8866629515100624,9,goleiro1,GOL-TIME1,0.9244694017948462,0.8393797244466263,1.0,10
0.0019206097926506532,False,530,time0,0.8960497078455597,0,time0,TIME0,0.8398233639745865,0.8928049606738535,0.0,5
0.002920815822354118,False,530,time1,0.855614531921749,6,time1,TIME1,0.8333515323138035,0.917603577504063,0.0,8
0.0011110441708217043,False,531,time1,0.9500343719216614,5,time1,TIME1,0.9712228283454427,0.9494915486297728,1.0,1
0.001159142356980473,False,531,time0,0.9378811011082969,3,time0,TIME0,0.9626955634923803,0.9309036353139575,1.0,2
0.0021127982008146058,False,531,time1,0.8492632575642471,7,time1,TIME1,0.9402004317222191,0.9497725254789504,1.0,7
0.0025570202775804635,False,531,goleiro_time1,0.8265761969932052,9,goleiro1,GOL-TIME1,0.9056330078981168,0.843765693073951,1.0,10
0.001941722901820949,False,531,time0,0.8882622572018947,0,time0,TIME0,0.8373620170521242,0.8919534761355182,0.0,5
0.0032576541050085145,False,531,time1,0.866602190074131,6,time1,TIME1,0.8361719994060209,0.917699977517692,0.0,8
0.0010625964047891415,False,532,time0,0.9498244905854069,3,time0,TIME0,0.9662380175831139,0.9309036353139575,1.0,2
0.001263150161926836,False,532,time1,0.9300936146380836,5,time1,TIME1,0.9651032205253383,0.9494915486297728,1.0,1
0.0023569597202832897,False,532,time1,0.8440028426952627,7,time1,TIME1,0.9382646289390045,0.9497725254789504,1.0,7
0.00344457846800169,False,532,goleiro_time1,0.6863442539606226,9,goleiro1,GOL-TIME1,0.8628678153508029,0.843765693073951,1.0,10
0.001241218732810485,False,532,time1,0.9208861881220314,6,time1,TIME1,0.8529436457946111,0.917699977517692,0.0,8
0.002101710349758728,False,532,time0,0.8781789579982155,0,time0,TIME0,0.8338842623081236,0.8919534761355182,0.0,5
0.001122478030192294,False,533,time0,0.9607079806040844,3,time0,TIME0,0.9696240176569585,0.9309036353139575,1.0,2
0.0011477726774442982,False,533,time1,0.9336887711305246,5,time1,TIME1,0.9663528786118725,0.9494915486297728,1.0,1
0.0012634823169214722,False,533,time1,0.9198543864274747,7,time1,TIME1,0.9614140662089237,0.9497725254789504,1.0,7
0.0009529144747519373,False,533,time1,0.9387233835822616,6,time1,TIME1,0.8597001126228266,0.917699977517692,0.0,8
0.0018548747065991126,False,533,time0,0.9056844586763377,0,time0,TIME0,0.842460244205267,0.8919534761355182,0.0,5
0.0012162477986861955,False,534,time1,0.9397225246012495,7,time1,TIME1,0.9680355267897603,0.950478509626029,1.0,7
0.00120788093450557,False,534,time1,0.9054408134937911,5,time1,TIME1,0.9575493443358365,0.9492286876662033,1.0,1
0.0017520473560439182,False,534,time0,0.9082532605860639,3,time0,TIME0,0.9534849512212868,0.9329418228928358,1.0,2
0.0014353485539082217,False,534,time0,0.9276558811764137,0,time0,TIME0,0.8494831450681425,0.8911314133842572,0.0,5
0.001772342686413474,False,534,time1,0.8986657079056203,6,time1,TIME1,0.8465916740249297,0.9166749620108858,0.0,8
0.0012247700798014242,False,535,time1,0.9435667657368573,7,time1,TIME1,0.9695123197718464,0.950478509626029,1.0,7
0.001125178345316495,False,535,time1,0.929956658495952,5,time1,TIME1,0.9650453554087386,0.9492286876662033,1.0,1
0.0020445413775929695,False,535,time0,0.8819536374948511,3,time0,TIME0,0.94573793306486,0.9329418228928358,1.0,2
0.00177354543599164,False,535,time1,0.9032146920083349,6,time1,TIME1,0.8485018856798032,0.9166749620108858,0.0,8
0.0023936078127120043,False,535,time0,0.87814479139292,0,time0,TIME0,0.8333844501513593,0.8911314133842572,0.0,5
0.0013567200313412025,False,536,time1,0.9227845202102323,5,time1,TIME1,0.9625950485425498,0.9492286876662033,1.0,1
0.0018299432760828527,False,536,time1,0.9088574442826252,7,time1,TIME1,0.9581996006545107,0.950478509626029,1.0,7
0.0019282198109930608,False,536,time0,0.8643528256967143,3,time0,TIME0,0.9406248068949544,0.9329418228928358,1.0,2
0.001568072992623502,False,536,time1,0.915271246624687,6,time1,TIME1,0.8519029369090483,0.9166749620108858,0.0,8
0.0034789989898537993,False,536,time0,0.8315458813892957,0,time0,TIME0,0.8182815982188282,0.8911314133842572,0.0,5
0.005354212101989579,False,536,goleiro_time1,0.4071031155365451,9,goleiro1,GOL-TIME1,0.77523686686541,0.843765693073951,1.0,10
0.001227340195362723,False,537,time1,0.9134024986326629,5,time1,TIME1,0.959805626004839,0.9492085855119132,1.0,1
0.0022510339881098335,False,537,time0,0.862443711045203,3,time0,TIME0,0.9401678336944514,0.9348107992375895,1.0,2
0.0026740418697604657,False,537,time1,0.8520957154149286,7,time1,TIME1,0.9398873884913189,0.9506149576512282,1.0,7
0.0009177677358864656,False,537,goleiro_time1,0.8439316375338218,9,goleiro1,GOL-TIME1,0.9104098562250768,0.8447863127085242,1.0,10
0.001482532096254781,False,537,time1,0.9222974955861571,6,time1,TIME1,0.854066304622505,0.9152516734787917,0.0,8
0.004173642555097711,False,537,time0,0.7992954005280013,0,time0,TIME0,0.8077435798954875,0.888898107743046,0.0,5
0.0014325089479798184,False,538,time1,0.9053767205825934,5,time1,TIME1,0.9574630481830294,0.9492085855119132,1.0,1
0.002090922076749496,False,538,time1,0.8812070582000681,7,time1,TIME1,0.9496957669522087,0.9506149576512282,1.0,7
0.002709175188222114,False,538,time0,0.8223531347176116,3,time0,TIME0,0.9274760196567154,0.9348107992375895,1.0,2
0.0012327368211357903,False,538,time1,0.9351647999008731,6,time1,TIME1,0.8580425645829461,0.9152516734787917,0.0,8
0.004113907038929736,False,538,time0,0.7889531932461764,0,time0,TIME0,0.8048088064585253,0.888898107743046,0.0,5
0.0011821089970853204,False,539,time1,0.9320256887016101,5,time1,TIME1,0.9656222744545425,0.9492085855119132,1.0,1
0.0017155919113475112,False,539,time1,0.8774268146035314,7,time1,TIME1,0.9488257114286981,0.9506149576512282,1.0,7
0.0022369512224200126,False,539,time0,0.8590575397992887,3,time0,TIME0,0.9390107245454938,0.9348107992375895,1.0,2
0.0009371327292296633,False,539,time1,0.9589270645228801,6,time1,TIME1,0.865166919769573,0.9152516734787917,0.0,8
0.004666448008912189,False,539,goleiro_time1,0.6994849871986522,9,goleiro1,GOL-TIME1,0.863563246246709,0.8447863127085242,1.0,10
0.0024832305681953245,False,539,time0,0.8639914254180912,0,time0,TIME0,0.8279294220041868,0.888898107743046,0.0,5
0.0013793150128433842,False,540,time1,0.8853708696216605,5,time1,TIME1,0.9510973468966165,0.9483785342922095,1.0,1
0.0020124943190945165,False,540,time0,0.878055248109896,3,time0,TIME0,0.9457192894017472,0.9372501194782683,1.0,2
0.0020843441307527547,False,540,time1,0.8271751779983784,7,time1,TIME1,0.9333509882686141,0.950885892302088,1.0,7
0.0024856540333761303,False,540,goleiro_time1,0.8124927482267607,9,goleiro1,GOL-TIME1,0.9016313698607054,0.8465678863777782,1.0,10
0.0011105231561119688,False,540,time1,0.9495799294783114,6,time1,TIME1,0.8622738816669432,0.9143085339067517,0.0,8
0.002148847137150031,False,540,time0,0.8709731866445426,0,time0,TIME0,0.8303532536828291,0.8855549891390624,0.0,5
0.0011821184130138096,False,541,time1,0.8799034007138669,5,time1,TIME1,0.9497886697593836,0.9483785342922095,1.0,1
0.0015009435915521185,False,541,time1,0.8483542685120226,7,time1,TIME1,0.9404652018898275,0.950885892302088,1.0,7
0.002639945818639513,False,541,time0,0.8395820943611065,3,time0,TIME0,0.9332525192485956,0.9372501194782683,1.0,2
0.0020269299115300244,False,541,goleiro_time1,0.8348809247101738,9,goleiro1,GOL-TIME1,0.9099308346928281,0.8465678863777782,1.0,10
0.00107618380605718,False,541,time1,0.9383309227347929,6,time1,TIME1,0.8588850396151845,0.9143085339067517,0.0,8
0.002413793182353456,False,541,time0,0.8700034079251008,0,time0,TIME0,0.8297485363900778,0.8855549891390624,0.0,5
0.0011300901048869002,False,542,time1,0.8982191102805135,5,time1,TIME1,0.9553570818309789,0.9483785342922095,1.0,1
0.001399415097983118,False,542,time1,0.8860809835202789,7,time1,TIME1,0.9520040975512808,0.950885892302088,1.0,7
0.003028201348130589,False,542,time0,0.8305015738791296,3,time0,TIME0,0.9303766539864121,0.9372501194782683,1.0,2
0.002230941911920769,False,542,goleiro_time1,0.8378575284215013,9,goleiro1,GOL-TIME1,0.9107337724664544,0.8465678863777782,1.0,10
0.0009733318875046633,False,542,time1,0.9460265052278225,6,time1,TIME1,0.8614154195910698,0.9143085339067517,0.0,8
0.002683173372271852,False,542,time0,0.8565817962798637,0,time0,TIME0,0.825377603387772,0.8855549891390624,0.0,5
0.001470002201162236,False,543,time1,0.9080138537637766,5,time1,TIME1,0.9576327816562717,0.9473143251314133,1.0,1
0.0018231153209503639,False,543,time0,0.8781035667571448,3,time0,TIME0,0.9456101246797354,0.939137448297745,1.0,2
0.002041440831393446,False,543,time1,0.8346765562171885,7,time1,TIME1,0.9357045194632109,0.9510490069001858,1.0,7
0.0013151418886304194,False,543,goleiro_time1,0.8901162864816005,9,goleiro1,GOL-TIME1,0.9272241566571701,0.84817555198585,1.0,10
0.0012762397095046412,False,543,time1,0.9564544203231982,6,time1,TIME1,0.8637197544227765,0.9126515785764817,0.0,8
0.0040723345241302335,False,543,time0,0.805059171409439,0,time0,TIME0,0.8084286321272718,0.8863229860928448,0.0,5
0.0014010187280109852,False,544,time1,0.9017904458592888,5,time1,TIME1,0.9558412711818978,0.9473143251314133,1.0,1
0.0014157602840078605,False,544,time0,0.8974306406774392,3,time0,TIME0,0.95244803255768,0.939137448297745,1.0,2
0.003043375495692652,False,544,time1,0.7610018334208013,7,time1,TIME1,0.9124091534091693,0.9510490069001858,1.0,7
0.0025592013096599384,False,544,goleiro_time1,0.7329122463811489,9,goleiro1,GOL-TIME1,0.8786899652943497,0.84817555198585,1.0,10
0.0012880239063524667,False,544,time1,0.9610489879371444,6,time1,TIME1,0.8652688127162459,0.9126515785764817,0.0,8
0.00284690619516707,False,544,time0,0.8666599105553089,0,time0,TIME0,0.8280557654928096,0.8863229860928448,0.0,5
0.0011727071383743248,False,545,time1,0.9353341015706083,5,time1,TIME1,0.9661275427786316,0.9473143251314133,1.0,1
0.0012182106409744725,False,545,time0,0.919819331348283,3,time0,TIME0,0.9594556053733426,0.939137448297745,1.0,2
0.0034768118969467914,False,545,time1,0.7643439854379994,7,time1,TIME1,0.9135171344135372,0.9510490069001858,1.0,7
0.0014335622332218513,False,545,time1,0.94487832423204,6,time1,TIME1,0.8601322491302661,0.9126515785764817,0.0,8
0.002419487546279096,False,545,time0,0.8885664139089776,0,time0,TIME0,0.8356139651143166,0.8863229860928448,0.0,5
0.0014228223386038219,False,546,time0,0.9509484753331839,3,time0,TIME0,0.9679828598233567,0.9405790033006897,1.0,2
0.001410671461690233,False,546,time1,0.9220231009509743,5,time1,TIME1,0.9619213284864231,0.9470518911916537,1.0,1
0.002730271630116693,False,546,time1,0.830787390323673,7,time1,TIME1,0.934034799010199,0.9519681888617486,1.0,7
0.0013521666181987022,False,546,time1,0.9467492055261986,6,time1,TIME1,0.8605279028430075,0.9111745240651822,0.0,8
0.004994602424460157,False,546,goleiro_time1,0.6192869931793348,9,goleiro1,GOL-TIME1,0.8409907237918345,0.8525633390792028,1.0,10
0.002399646994432662,False,546,time0,0.8732600872020948,0,time0,TIME0,0.8304212142190901,0.8847075157889239,0.0,5
0.0012879927363822956,False,547,time0,0.9312452936042818,3,time0,TIME0,0.962962495699573,0.9405790033006897,1.0,2
0.0014750429697758497,False,547,time1,0.8936512982364486,5,time1,TIME1,0.9531052659001503,0.9470518911916537,1.0,1
0.0020916876891418244,False,547,time1,0.8770654116826915,7,time1,TIME1,0.948764165615421,0.9519681888617486,1.0,7
0.0028080378917380404,False,547,goleiro_time1,0.8032582801423849,9,goleiro1,GOL-TIME1,0.8996887830813926,0.8525633390792028,1.0,10
0.0014682136076655408,False,547,time1,0.9358733516765232,6,time1,TIME1,0.857078191349462,0.9111745240651822,0.0,8
0.003693493407921472,False,547,time0,0.8005856767371531,0,time0,TIME0,0.8071126926054588,0.8847075157889239,0.0,5
0.0015703095462123444,False,548,time0,0.9516380931823986,3,time0,TIME0,0.9688508191061083,0.9405790033006897,1.0,2
0.0012927316541389395,False,548,time1,0.9397895586021665,5,time1,TIME1,0.96717938808761,0.9470518911916537,1.0,1
0.0014388141567375618,False,548,time1,0.9003134773108318,7,time1,TIME1,0.9556101392731605,0.9519681888617486,1.0,7
0.002692002482780953,False,548,goleiro_time1,0.8067056743378515,9,goleiro1,GOL-TIME1,0.9023430857398308,0.8525633390792028,1.0,10
0.0017114503097900844,False,548,time1,0.9120852131166894,6,time1,TIME1,0.8494683041278903,0.9111745240651822,0.0,8
0.00530641468439715,False,548,time0,0.703652191465657,0,time0,TIME0,0.7763487845778949,0.8847075157889239,0.0,5
0.0009516855337405024,False,549,time1,0.9447309025714403,7,time1,TIME1,0.9701163628559932,0.9525807632467288,1.0,7
0.0016316847326861973,False,549,time0,0.9469734867607204,3,time0,TIME0,0.9678975390820842,0.9414135803172392,1.0,2
0.0013640261424744415,False,549,time1,0.8936203162194978,5,time1,TIME1,0.9530311384627485,0.9460152705872467,1.0,1
0.004870572351070425,False,549,goleiro_time1,0.6485254810561205,9,goleiro1,GOL-TIME1,0.8526521564736173,0.8560401761690599,1.0,10
0.002237847791978685,False,549,time1,0.8869801284652367,6,time1,TIME1,0.8410772099146806,0.9098110532118195,0.0,8
0.004857658892178275,False,549,time0,0.7154676510104077,0,time0,TIME0,0.7804927347635038,0.882937769144818,0.0,5
0.0012920984058907752,False,550,time1,0.9530609159231207,7,time1,TIME1,0.9725416019291885,0.9525807632467288,1.0,7
0.0015271477958503665,False,550,time0,0.9247125827688021,3,time0,TIME0,0.9609834769391409,0.9414135803172392,1.0,2
0.0015894877361926415,False,550,time1,0.8844098407568398,5,time1,TIME1,0.9502201408555543,0.9460152705872467,1.0,1
0.004233185423533379,False,550,goleiro_time1,0.6967559412919929,9,goleiro1,GOL-TIME1,0.8686486543339067,0.8560401761690599,1.0,10
0.0024318561800676305,False,550,time1,0.8843376732176172,6,time1,TIME1,0.8402773178435317,0.9098110532118195,0.0,8
0.0031389521483949114,False,550,time0,0.8333609347151916,0,time0,TIME0,0.8162483334585008,0.882937769144818,0.0,5
0.0015022682070553288,False,551,time1,0.9350344658619013,7,time1,TIME1,0.9671311263934503,0.9525807632467288,1.0,7
0.0019265312211506646,False,551,time0,0.8958631178786135,3,time0,TIME0,0.9520233521502784,0.9414135803172392,1.0,2
0.001475893217295518,False,551,time1,0.882649191159061,5,time1,TIME1,0.9498346733975415,0.9460152705872467,1.0,1
0.0023493142028081873,False,551,goleiro_time1,0.7829926103342011,9,goleiro1,GOL-TIME1,0.8954725368140063,0.8560401761690599,1.0,10
0.0028027554476265375,False,551,time0,0.8599401977069825,0,time0,TIME0,0.8259391171916549,0.882937769144818,0.0,5
0.0017266333321353212,False,552,time0,0.8851711986946635,3,time0,TIME0,0.9492601716191452,0.9416840490277307,1.0,2
0.0019915141152137003,False,552,time1,0.8670326957896749,7,time1,TIME1,0.9458785347932852,0.9527365733454229,1.0,7
0.001730935653851443,False,552,time1,0.8495617053844583,5,time1,TIME1,0.939481877848448,0.9456635994918321,1.0,1
0.0033544587246606412,False,552,time1,0.8554454833544325,6,time1,TIME1,0.8298832866620603,0.9081797286089546,0.0,8
0.0036476774480161717,False,552,time0,0.8234123231918077,0,time0,TIME0,0.8138234910708235,0.8840107949097235,0.0,5
0.001513420129716558,False,553,time1,0.8930630701613527,5,time1,TIME1,0.9526520491167357,0.9456635994918321,1.0,1
0.002152076908850889,False,553,time0,0.8632606956954831,3,time0,TIME0,0.942105161954849,0.9416840490277307,1.0,2
0.002468758177878364,False,553,time1,0.8435343435988097,7,time1,TIME1,0.9386540742850935,0.9527365733454229,1.0,7
0.0012851005311292287,False,553,time1,0.9435377931209368,6,time1,TIME1,0.8575269363135521,0.9081797286089546,0.0,8
0.004545755286912031,False,553,time0,0.809485078476726,0,time0,TIME0,0.8091033863518547,0.8840107949097235,0.0,5
0.0017564901590839362,False,554,time1,0.8463534523384241,5,time1,TIME1,0.9384017523986635,0.9456635994918321,1.0,1
0.0024908364738333343,False,554,time0,0.8526651565636968,3,time0,TIME0,0.9382152819790747,0.9416840490277307,1.0,2
0.002564991131619227,False,554,time1,0.825460165021962,7,time1,TIME1,0.9332684511151655,0.9527365733454229,1.0,7
0.00042333067483131076,False,554,time1,0.9766769158480253,6,time1,TIME1,0.8689607236444259,0.9081797286089546,0.0,8
0.0036638001150871924,False,554,time0,0.8562569735504346,0,time0,TIME0,0.8238687020719794,0.8840107949097235,0.0,5
0.001627979077794914,False,555,time1,0.8463138561339786,5,time1,TIME1,0.9386277279650743,0.9454081070903796,1.0,1
0.0036584981897443323,False,555,time0,0.7861056763217704,3,time0,TIME0,0.9170214704337437,0.9417447043109848,1.0,2
0.009911701583922286,False,555,time1,0.6412976196331184,7,time1,TIME1,0.8659134917458604,0.9522655408978795,1.0,7
0.0009778621396276616,False,555,time1,0.9480629195376454,6,time1,TIME1,0.8597898224874778,0.9067932064150459,0.0,8
0.0022824996400813446,False,555,time0,0.9158918559400158,0,time0,TIME0,0.8428193883405292,0.8854426068035006,0.0,5
0.0037190298389004287,False,556,time1,0.8490557838514723,7,time1,TIME1,0.9351642701523953,0.9522655408978795,1.0,7
0.0019326227857378601,False,556,time1,0.8129164443874248,5,time1,TIME1,0.9282470504339594,0.9454081070903796,1.0,1
0.003614920190405694,False,556,time0,0.7688043293197553,3,time0,TIME0,0.9122260182530378,0.9417447043109848,1.0,2
0.000808649733382514,False,556,time1,0.9552996292887433,6,time1,TIME1,0.8623792952816995,0.9067932064150459,0.0,8
0.0023947998476129243,False,556,time0,0.9048407592200529,0,time0,TIME0,0.84025709794719,0.8854426068035006,0.0,5
0.0015799004810965655,False,557,time0,0.9098958871737101,3,time0,TIME0,0.9552093615658835,0.9417447043109848,1.0,2
0.0015637423148928498,False,557,time1,0.855663228610438,5,time1,TIME1,0.9413291294486369,0.9454081070903796,1.0,1
0.000860130456564698,False,557,time1,0.9584539005197679,6,time1,TIME1,0.8633406286725253,0.9067932064150459,0.0,8
0.007525264596014653,False,557,time1,0.5908116810383537,7,time1,TIME1,0.8508463303170042,0.9522655408978795,1.0,7
0.0027999482021879994,False,557,time0,0.8812709982157986,0,time0,TIME0,0.8329030112149122,0.8854426068035006,0.0,5
0.0017475576898195804,False,558,time0,0.9145232149492596,3,time0,TIME0,0.9580493922644768,0.9420637114198747,1.0,2
0.0021556220600416035,False,558,time1,0.8138026706119329,5,time1,TIME1,0.9279735941835754,0.9447972097090771,1.0,1
0.0039036426455640377,False,558,time1,0.7036447444969509,7,time1,TIME1,0.892104839746937,0.9524851074130902,1.0,7
0.0015522808571111712,False,558,time1,0.9411660375606411,6,time1,TIME1,0.8564152621949066,0.9038263495592107,0.0,8
0.005198702090392008,False,558,time0,0.7728209248897518,0,time0,TIME0,0.7971477094175559,0.8866696362573195,0.0,5
0.0016171997877979182,False,559,time1,0.8635249689106558,5,time1,TIME1,0.9434141587786754,0.9447972097090771,1.0,1
0.0027427394017270216,False,559,time1,0.8161892057974369,7,time1,TIME1,0.9292851449654523,0.9524851074130902,1.0,7
0.00415277512590064,False,559,time0,0.7572040085916263,3,time0,TIME0,0.906743738734566,0.9420637114198747,1.0,2
0.001487053040678353,False,559,time1,0.9559585088801825,6,time1,TIME1,0.8611211703471788,0.9038263495592107,0.0,8
0.006129441295948443,False,559,time0,0.727335021529337,0,time0,TIME0,0.7836137701966585,0.8866696362573195,0.0,5
0.001922264398567238,False,560,time1,0.8424720865911884,5,time1,TIME1,0.9369852109647093,0.9447972097090771,1.0,1
0.0034087304048073678,False,560,time1,0.8010157999479959,7,time1,TIME1,0.9247878590999768,0.9524851074130902,1.0,7
0.004895214377071971,False,560,time0,0.7493030407643944,3,time0,TIME0,0.9053501976016487,0.9420637114198747,1.0,2
0.0017814605520629103,False,560,time1,0.9372395668564972,6,time1,TIME1,0.8552431563011853,0.9038263495592107,0.0,8
0.0034967974757377715,False,560,time0,0.8378043258175728,0,time0,TIME0,0.8176620701221714,0.8866696362573195,0.0,5
0.0024394148978341313,False,561,time1,0.866135680412338,7,time1,TIME1,0.9452110916513019,0.9533734646881943,1.0,7
0.0016505037104060846,False,561,time1,0.8523353084421278,5,time1,TIME1,0.9398316285386517,0.9434330854394095,1.0,1
0.0019163626677567095,False,561,time0,0.8281572745006343,3,time0,TIME0,0.9302398853459835,0.942312639001734,1.0,2
0.0017096118226953027,False,561,time1,0.9322433553433165,6,time1,TIME1,0.8532207006923576,0.9009443878519103,0.0,8
0.00608358680649668,False,561,time0,0.7455100833951408,0,time0,TIME0,0.7880684716866679,0.887936515944302,0.0,5
0.0015083373682264636,False,562,time1,0.9150371762870139,7,time1,TIME1,0.9607729256280725,0.9533734646881943,1.0,7
0.0016697896965332235,False,562,time1,0.85853468352686,5,time1,TIME1,0.9417998970238619,0.9434330854394095,1.0,1
0.001709377939689956,False,562,time0,0.8215651644308531,3,time0,TIME0,0.9285970355640926,0.942312639001734,1.0,2
0.001796071583809694,False,562,time1,0.9301629377392755,6,time1,TIME1,0.8525850036227502,0.9009443878519103,0.0,8
0.0024326209266274544,False,562,time0,0.8996386144881823,0,time0,TIME0,0.8369142579280537,0.887936515944302,0.0,5
0.0016448672490292004,False,563,time1,0.9346651874071991,7,time1,TIME1,0.9661233917548671,0.9533734646881943,1.0,7
0.001829388926821684,False,563,time0,0.928579691429111,3,time0,TIME0,0.9623159100039891,0.942312639001734,1.0,2
0.0015883989518179135,False,563,time1,0.8835973886594819,5,time1,TIME1,0.9492934998471978,0.9434330854394095,1.0,1
0.0016708681991469574,False,563,time1,0.9005884545210182,6,time1,TIME1,0.8428637388207256,0.9009443878519103,0.0,8
0.004108020676646167,False,563,time0,0.8294062465796538,0,time0,TIME0,0.8158570032448065,0.887936515944302,0.0,5
0.0015120060087781687,False,564,time1,0.9306127604189669,7,time1,TIME1,0.9658584297709227,0.9533906230362627,1.0,7
0.002034040344517189,False,564,time1,0.8214671862287797,5,time1,TIME1,0.929757777458234,0.9423687694839158,1.0,1
0.00729255306204696,False,564,time0,0.7318935168260464,3,time0,TIME0,0.8942327533831359,0.941800572489423,1.0,2
0.0011581393982527787,False,564,time1,0.9278121956530591,6,time1,TIME1,0.8515570589470333,0.8987584355785451,0.0,8
0.004797175729642444,False,564,time0,0.8140483264373128,0,time0,TIME0,0.8109841369336219,0.8877535934854053,0.0,5
0.0018479690429993223,False,565,time1,0.9287984785002842,7,time1,TIME1,0.9649381714630104,0.9533906230362627,1.0,7
0.0014817648604265059,False,565,time0,0.9515612536608327,3,time0,TIME0,0.9647503829648311,0.941800572489423,1.0,2
0.0018041259906851662,False,565,time1,0.8608450188263922,5,time1,TIME1,0.9419288344375188,0.9423687694839158,1.0,1
0.0006096899197715397,False,565,time1,0.9365956573714793,6,time1,TIME1,0.8545079950129643,0.8987584355785451,0.0,8
0.0038495281140169244,False,565,time0,0.856730680946294,0,time0,TIME0,0.8248038882732538,0.8877535934854053,0.0,5
0.0022726261191133843,False,566,time0,0.9009891541159134,3,time0,TIME0,0.9526470954725824,0.941800572489423,1.0,2
0.002285636767704194,False,566,time1,0.8889430299308575,7,time1,TIME1,0.9523691723272527,0.9533906230362627,1.0,7
0.0018214018384234561,False,566,time1,0.8749751071355982,5,time1,TIME1,0.9462946236485376,0.9423687694839158,1.0,1
0.0022940509279853914,False,566,time1,0.9180277738341444,6,time1,TIME1,0.8467841680454314,0.8987584355785451,0.0,8
0.003227454300158954,False,566,time0,0.8793057926093926,0,time0,TIME0,0.8323195057315848,0.8877535934854053,0.0,5
0.002019910174497733,False,567,time1,0.8904555250209484,7,time1,TIME1,0.9531972747320075,0.9524278332398788,1.0,7
0.001674181307226398,False,567,time1,0.8739119302695887,5,time1,TIME1,0.945825093993599,0.9413063046365123,1.0,1
0.003279335416760055,False,567,time0,0.8507748523411761,3,time0,TIME0,0.9367495002395007,0.9415753513589086,1.0,2
0.0028062609869801596,False,567,time0,0.8851436090982342,0,time0,TIME0,0.8341609717592409,0.8883577450664354,0.0,5
0.00292217128314031,False,567,time1,0.8484219927753737,6,time1,TIME1,0.8258513856784839,0.9013948052674798,0.0,8
0.0016288104934576038,False,568,time1,0.904691674956995,5,time1,TIME1,0.9550247568134668,0.9413063046365123,1.0,1
0.0021205883123180023,False,568,time1,0.8289848377745089,7,time1,TIME1,0.9343191512617176,0.9524278332398788,1.0,7
0.0037249032136964263,False,568,time0,0.8307572798570027,3,time0,TIME0,0.930871477634501,0.9415753513589086,1.0,2
0.0034310509174055428,False,568,time0,0.8288228597937213,0,time0,TIME0,0.8168411432606466,0.8883577450664354,0.0,5
0.015189761985453758,False,568,time1,0.6671407215545306,6,time1,TIME1,0.7525342207807983,0.9013948052674798,0.0,8
0.0017746453679598666,False,569,time1,0.8704829925255706,5,time1,TIME1,0.9445847597731708,0.9413063046365123,1.0,1
0.0030846205093472308,False,569,time0,0.8576094187903819,3,time0,TIME0,0.9392533772272708,0.9415753513589086,1.0,2
0.0018543948189333526,False,569,time1,0.841755604323571,7,time1,TIME1,0.938708926577576,0.9524278332398788,1.0,7
0.004455473632892593,False,569,time1,0.8376431584714163,6,time1,TIME1,0.8152658201403153,0.9013948052674798,0.0,8
0.006098123701335245,False,569,time0,0.7236028479406045,0,time0,TIME0,0.7816659695965209,0.8883577450664354,0.0,5
0.0016263776123483088,False,570,time1,0.88408873234542,5,time1,TIME1,0.9489721701280304,0.9413168417133344,1.0,1
0.0027742379553337133,False,570,time0,0.856993473094363,3,time0,TIME0,0.9393240518478391,0.9400783803909318,1.0,2
0.0018588384878058756,False,570,time1,0.8263213557975372,7,time1,TIME1,0.9340689006564632,0.9524834020808222,1.0,7
0.002497193848999489,False,570,time1,0.870977604917707,6,time1,TIME1,0.830076608658943,0.9031627273088154,0.0,8
0.006385051069253108,False,570,time0,0.6895535456686439,0,time0,TIME0,0.7721444646387055,0.887535178646278,0.0,5
0.001471703129117825,False,571,time1,0.8855803097355511,7,time1,TIME1,0.9518938226130357,0.9524834020808222,1.0,7
0.0025422779639801465,False,571,time0,0.8666588485627456,3,time0,TIME0,0.9425090889469158,0.9400783803909318,1.0,2
0.0017939110070231438,False,571,time1,0.8456073388694543,5,time1,TIME1,0.9370205076159698,0.9413168417133344,1.0,1
0.004986002110190437,False,571,time0,0.748541382177603,0,time0,TIME0,0.790610630862607,0.887535178646278,0.0,5
0.011673033478372806,False,571,time1,0.6088746619764107,6,time1,TIME1,0.7413226878199132,0.9031627273088154,0.0,8
0.0018519020871521664,False,572,time1,0.8908772094161043,7,time1,TIME1,0.9530723749335649,0.9524834020808222,1.0,7
0.002045911990447995,False,572,time0,0.8994160693239936,3,time0,TIME0,0.9525827884485853,0.9400783803909318,1.0,2
0.0018985005431836385,False,572,time1,0.8497797714142652,5,time1,TIME1,0.9383640642480534,0.9413168417133344,1.0,1
0.002618138528258531,False,572,time1,0.9088256667037464,6,time1,TIME1,0.8397998554284716,0.9031627273088154,0.0,8
0.0035715898191634155,False,572,time0,0.8364018472726682,0,time0,TIME0,0.8183792799224603,0.887535178646278,0.0,5
0.002315168366318211,False,573,time0,0.8831598051536731,3,time0,TIME0,0.9470640330332839,0.9380130580703203,1.0,2
0.002031788747088577,False,573,time1,0.8418855393583511,5,time1,TIME1,0.9363028908348716,0.9427034996641789,1.0,1
0.0030038827105695683,False,573,time1,0.7753593088530865,7,time1,TIME1,0.9167938789997196,0.9525114178898052,1.0,7
0.0013084954336367398,False,573,time1,0.925311714243709,6,time1,TIME1,0.8505392514382626,0.9012982342830298,0.0,8
0.004047684272719892,False,573,time0,0.8236606516162126,0,time0,TIME0,0.8149307643078871,0.8886293120910513,0.0,5
0.0022768580919384947,False,574,time0,0.8893353930724005,3,time0,TIME0,0.9491974451523116,0.9380130580703203,1.0,2
0.001974447907170624,False,574,time1,0.830427869236503,5,time1,TIME1,0.9327249591582849,0.9427034996641789,1.0,1
0.00337479193520228,False,574,time1,0.776276766890166,7,time1,TIME1,0.9175135676306738,0.9525114178898052,1.0,7
0.0012957698603981206,False,574,time1,0.8931246234974286,6,time1,TIME1,0.8419962715323253,0.9012982342830298,0.0,8
0.006030479671068848,False,574,time0,0.776884698738521,0,time0,TIME0,0.7982073448774252,0.8886293120910513,0.0,5
0.0023384614252773502,False,575,time0,0.8926838259574723,3,time0,TIME0,0.9500874697621315,0.9380130580703203,1.0,2
0.0020318368007925906,False,575,time1,0.8394754404938222,5,time1,TIME1,0.9354224267497089,0.9427034996641789,1.0,1
0.0028264454907891068,False,575,time1,0.8292575798842103,7,time1,TIME1,0.9339529700887066,0.9525114178898052,1.0,7
0.0018211661155240369,False,575,time1,0.8879307676491501,6,time1,TIME1,0.839361149272003,0.9012982342830298,0.0,8
0.005364903401758279,False,575,time0,0.8201592910415159,0,time0,TIME0,0.8128451733726294,0.8886293120910513,0.0,5
0.002064026938112454,False,576,time1,0.8842199409698828,7,time1,TIME1,0.9511000402418762,0.9532505083931152,1.0,7
0.0026962138920840753,False,576,time0,0.8764726039364521,3,time0,TIME0,0.9442329669797664,0.9367745848919156,1.0,2
0.0020660016855976716,False,576,time1,0.8410169815914739,5,time1,TIME1,0.9362498378242926,0.9435039615203309,1.0,1
0.00037023636454745486,False,576,time1,0.9418498707517344,6,time1,TIME1,0.8564289130109651,0.9010782016079041,0.0,8
0.004376442173523674,False,576,time0,0.8583716092849423,0,time0,TIME0,0.8251628143554877,0.8893955732176477,0.0,5
0.001482302542411958,False,577,time1,0.9120205076029454,7,time1,TIME1,0.95946292997189,0.9532505083931152,1.0,7
0.0018748650474688688,False,577,time0,0.9143110244306113,3,time0,TIME0,0.9560956655851421,0.9367745848919156,1.0,2
0.0017678865711986953,False,577,time1,0.857531935214129,5,time1,TIME1,0.9413020220096223,0.9435039615203309,1.0,1
0.001379388175690036,False,577,time1,0.9567537678264695,6,time1,TIME1,0.8598493874523678,0.9010782016079041,0.0,8
0.0025053896030313625,False,577,time0,0.9147744001299479,0,time0,TIME0,0.843227785679447,0.8893955732176477,0.0,5
0.0014712466189296934,False,578,time1,0.9473759887714714,7,time1,TIME1,0.9708877672776861,0.9532505083931152,1.0,7
0.0014636214485184529,False,578,time0,0.9335683231797036,3,time0,TIME0,0.96190494965302,0.9367745848919156,1.0,2
0.002135736268446796,False,578,time1,0.8343087085210992,5,time1,TIME1,0.9339761495668969,0.9435039615203309,1.0,1
0.002356372252928814,False,578,time1,0.9097562463391896,6,time1,TIME1,0.8453089392644726,0.9010782016079041,0.0,8
0.002509899724548625,False,578,time0,0.8877418042159874,0,time0,TIME0,0.8363785717713452,0.8893955732176477,0.0,5
0.0014969107602031014,False,579,time1,0.9436513101736709,7,time1,TIME1,0.9701038200465429,0.9538395879446407,1.0,7
0.0014787587981990639,False,579,time0,0.9456701268178597,3,time0,TIME0,0.9658870633385789,0.9358081038919812,1.0,2
0.0019182503990751991,False,579,time1,0.846124824764343,5,time1,TIME1,0.9378279014569139,0.94366497232596,1.0,1
0.0023787304292409456,False,579,time1,0.8979454970179445,6,time1,TIME1,0.8420713930627348,0.9007200121924188,0.0,8
0.0038185746019719752,False,579,time0,0.852678339074977,0,time0,TIME0,0.8232174571718983,0.8871297944459315,0.0,5
0.0017673798427252881,False,580,time0,0.9368635991638227,3,time0,TIME0,0.9632028259676585,0.9358081038919812,1.0,2
0.0022844533911283217,False,580,time1,0.8913418923846179,7,time1,TIME1,0.9530746201096876,0.9538395879446407,1.0,7
0.002251127498020347,False,580,time1,0.8191440615025474,5,time1,TIME1,0.9293620736353706,0.94366497232596,1.0,1
0.00270813727150704,False,580,time1,0.8799474188116094,6,time1,TIME1,0.8364561893021992,0.9007200121924188,0.0,8
0.006160005616282505,False,580,time0,0.754828188456153,0,time0,TIME0,0.7910344475202394,0.8871297944459315,0.0,5
0.0012483948608389475,False,581,time0,0.9583569308578174,3,time0,TIME0,0.9698228515438022,0.9358081038919812,1.0,2
0.002103885104552544,False,581,time1,0.8868270460472437,7,time1,TIME1,0.9517814874427611,0.9538395879446407,1.0,7
0.0019117657465308453,False,581,time1,0.8467344422916739,5,time1,TIME1,0.9379603280198815,0.94366497232596,1.0,1
0.0017672541887830356,False,581,time1,0.9183470174777159,6,time1,TIME1,0.8484359085912555,0.9007200121924188,0.0,8
0.00665635665420395,False,581,time0,0.7207259354443994,0,time0,TIME0,0.7816033263773532,0.8871297944459315,0.0,5
0.0018816049041439986,False,582,time0,0.9131501271819815,3,time0,TIME0,0.9550161734571749,0.9352436767205323,1.0,2
0.00205932438532101,False,582,time1,0.8514409135647564,5,time1,TIME1,0.9391723591088095,0.9436258498684348,1.0,1
0.0022940901069062316,False,582,time1,0.8318199057377471,7,time1,TIME1,0.9352105456147114,0.9537634789235407,1.0,7
0.0018184690472717287,False,582,time1,0.9275114464967426,6,time1,TIME1,0.8510951787540258,0.8995217329343039,0.0,8
0.005054607214537111,False,582,time0,0.7721829874350845,0,time0,TIME0,0.7968272195957965,0.8844461088392999,0.0,5
0.002005881090423207,False,583,time0,0.8725285121381241,3,time0,TIME0,0.9432323756137942,0.9352436767205323,1.0,2
0.002299692909044493,False,583,time1,0.8161162823687029,5,time1,TIME1,0.928261292242096,0.9436258498684348,1.0,1
0.0018023859920378005,False,583,time1,0.8051601477859629,7,time1,TIME1,0.9279099976332745,0.9537634789235407,1.0,7
0.0014020196303864807,False,583,time1,0.9395176434665691,6,time1,TIME1,0.855022665028267,0.8995217329343039,0.0,8
0.0027198716829858424,False,583,time0,0.8861968346290894,0,time0,TIME0,0.8326352984108919,0.8844461088392999,0.0,5
0.0016422121736533728,False,584,time1,0.8844073300525869,7,time1,TIME1,0.95195477471947,0.9537634789235407,1.0,7
0.0018595097244551858,False,584,time1,0.8638813264782869,5,time1,TIME1,0.9429375732871337,0.9436258498684348,1.0,1
0.0027753767415355907,False,584,time0,0.8701161648422269,3,time0,TIME0,0.941588876081595,0.9352436767205323,1.0,2
0.0007132331514645708,False,584,time1,0.9528664964686244,6,time1,TIME1,0.8595623628262253,0.8995217329343039,0.0,8
0.004123583583002864,False,584,time0,0.83145012980623,0,time0,TIME0,0.8156918926401531,0.8844461088392999,0.0,5
0.001531282037831503,False,585,time1,0.881077186250928,7,time1,TIME1,0.9510505545353886,0.9529057751095176,1.0,7
0.0020873691330662385,False,585,time0,0.8850219593229328,3,time0,TIME0,0.9463277719798127,0.9327517082608607,1.0,2
0.0018247623508325318,False,585,time1,0.8674315834779417,5,time1,TIME1,0.9440466073790255,0.9420443627910796,1.0,1
0.0003039584826872308,False,585,time1,0.939604277820308,6,time1,TIME1,0.8558479119446557,0.898944649946047,0.0,8
0.00572041119779643,False,585,time0,0.7953543181625362,0,time0,TIME0,0.803088868251139,0.8844248239051131,0.0,5
0.0016303694248824131,False,586,time0,0.9171391640310811,3,time0,TIME0,0.9561365513928824,0.9327517082608607,1.0,2
0.001932311302494275,False,586,time1,0.8561707911064665,5,time1,TIME1,0.9405100242098041,0.9420443627910796,1.0,1
0.0023570831014152168,False,586,time1,0.8387208744865903,7,time1,TIME1,0.9363597817244181,0.9529057751095176,1.0,7
0.0004838795324084392,False,586,time1,0.9711256043748511,6,time1,TIME1,0.8651025586386538,0.898944649946047,0.0,8
0.004930956375784461,False,586,time0,0.8414049422286547,0,time0,TIME0,0.8184849402757219,0.8844248239051131,0.0,5
0.0013142757314384764,False,587,time0,0.966283554889915,3,time0,TIME0,0.9716535400187248,0.9327517082608607,1.0,2
0.0018760817585961739,False,587,time1,0.8469419631718033,5,time1,TIME1,0.9376452821221929,0.9420443627910796,1.0,1
0.0024714589259188175,False,587,time1,0.8294999173333742,7,time1,TIME1,0.9342749018817854,0.9529057751095176,1.0,7
0.0005617818920766276,False,587,time1,0.9697608488233387,6,time1,TIME1,0.8650900356812641,0.898944649946047,0.0,8
0.0038269021790026973,False,587,time0,0.8817726647562526,0,time0,TIME0,0.8314017684021527,0.8844248239051131,0.0,5
0.0015352737421365443,False,588,time0,0.9623606799043133,3,time0,TIME0,0.9695428055918488,0.9295322257037448,1.0,2
0.0018700917128701608,False,588,time1,0.8484528615534775,5,time1,TIME1,0.9377807076557999,0.9399492288168811,1.0,1
0.0031127254324515396,False,588,time1,0.8121266340186172,7,time1,TIME1,0.928480790683918,0.9529587775285517,1.0,7
0.0011748739924465343,False,588,time1,0.9432223904685879,6,time1,TIME1,0.8566812493618725,0.901098136618108,0.0,8
0.0028987368770247695,False,588,time0,0.9113321879168808,0,time0,TIME0,0.841143254469894,0.8843490320356242,0.0,5
0.0013502523707597546,False,589,time0,0.9538063046185845,3,time0,TIME0,0.9671127352651231,0.9295322257037448,1.0,2
0.0024014910012096617,False,589,time1,0.865908522497589,7,time1,TIME1,0.9452008204750068,0.9529587775285517,1.0,7
0.002089813811143411,False,589,time1,0.8216714589216587,5,time1,TIME1,0.9293240085807005,0.9399492288168811,1.0,1
0.0015507876207276601,False,589,time1,0.9317445032095695,6,time1,TIME1,0.8531222228061318,0.901098136618108,0.0,8
0.0029901631616154915,False,589,time0,0.8851455822756547,0,time0,TIME0,0.8338492720639719,0.8843490320356242,0.0,5
0.0015040517137860584,False,590,time1,0.9052199940255411,7,time1,TIME1,0.9577941257249033,0.9529587775285517,1.0,7
0.0026616779980507075,False,590,time0,0.856772348846003,3,time0,TIME0,0.9354657504343599,0.9295322257037448,1.0,2
0.0019316827080958236,False,590,time1,0.8307206031610251,5,time1,TIME1,0.9323362181072338,0.9399492288168811,1.0,1
0.0015182006074334299,False,590,time1,0.93079649373644,6,time1,TIME1,0.8528730889871412,0.901098136618108,0.0,8
0.0059182218893300016,False,590,time0,0.7941889606717353,0,time0,TIME0,0.8019648522351459,0.8843490320356242,0.0,5
0.0009133699561366948,False,591,time1,0.940982580776572,7,time1,TIME1,0.9683669760949453,0.9524799490522691,1.0,7
0.002223221067017753,False,591,time0,0.8852508580640394,3,time0,TIME0,0.9450732751787932,0.9272788089792574,1.0,2
0.0020548395894045115,False,591,time1,0.8203586716376108,5,time1,TIME1,0.9287856841501231,0.9385632072601393,1.0,1
0.0014358755212164273,False,591,time1,0.9335392772996365,6,time1,TIME1,0.8546566998185782,0.9038853714287072,0.0,8
0.006590798847357757,False,591,time0,0.7546024467927533,0,time0,TIME0,0.7909770453663595,0.8845023081951111,0.0,5
0.00130667870058364,False,592,time1,0.9436051249412304,7,time1,TIME1,0.9697179582228538,0.9524799490522691,1.0,7
0.0019718744365083696,False,592,time0,0.91438327823686,3,time0,TIME0,0.9537869547566721,0.9272788089792574,1.0,2
0.0022969653201963926,False,592,time1,0.8004913389898003,5,time1,TIME1,0.9225343878364737,0.9385632072601393,1.0,1
0.002085989212511787,False,592,time1,0.9040121273669334,6,time1,TIME1,0.844832175711108,0.9038853714287072,0.0,8
0.008148533258729183,False,592,time0,0.6869297161432325,0,time0,TIME0,0.7686858000458112,0.8845023081951111,0.0,5
0.0014853854472741972,False,593,time1,0.9290201835962991,7,time1,TIME1,0.9652105873542413,0.9524799490522691,1.0,7
0.0011841106936072482,False,593,time0,0.9239865924688865,3,time0,TIME0,0.957400839123905,0.9272788089792574,1.0,2
0.001703405318843101,False,593,time1,0.8393038827077405,5,time1,TIME1,0.9343405904214587,0.9385632072601393,1.0,1
0.0018897415651074226,False,593,time1,0.9117104497076304,6,time1,TIME1,0.8476188390835926,0.9038853714287072,0.0,8
0.003680204177722258,False,593,time0,0.8498529514141705,0,time0,TIME0,0.819385642334261,0.8845023081951111,0.0,5
0.0010849018735475462,False,594,time0,0.9378597030046365,3,time0,TIME0,0.9607485098292782,0.9251179290838435,1.0,2
0.0013030325716770587,False,594,time1,0.8850806464738001,7,time1,TIME1,0.952316022390591,0.9533716491783364,1.0,7
0.0020115858443389037,False,594,time1,0.8121662826278304,5,time1,TIME1,0.9259702280012151,0.9376382983572253,1.0,1
0.0018820352228988613,False,594,time1,0.9129891572126998,6,time1,TIME1,0.8485631571226797,0.9062229649645107,0.0,8
0.0026961474394393355,False,594,time0,0.8990713047653068,0,time0,TIME0,0.8380437803403744,0.8860584067323785,0.0,5
0.0014790433324059385,False,595,time1,0.8973245459226631,7,time1,TIME1,0.9560191850875218,0.9533716491783364,1.0,7
0.002401697069345793,False,595,time0,0.9013935050230536,3,time0,TIME0,0.9482818585895829,0.9251179290838435,1.0,2
0.002662365469059482,False,595,time1,0.7556755315017755,5,time1,TIME1,0.9081568250555185,0.9376382983572253,1.0,1
0.002055560394964719,False,595,time1,0.9035727869131429,6,time1,TIME1,0.8455610779221379,0.9062229649645107,0.0,8
0.003202674823247278,False,595,time0,0.8819101267914672,0,time0,TIME0,0.8326509391304273,0.8860584067323785,0.0,5
0.00254034520937141,False,596,time0,0.8964437201896863,3,time0,TIME0,0.9476149230227716,0.9251179290838435,1.0,2
0.0014115092628676454,False,596,time1,0.8622909192294947,7,time1,TIME1,0.9453509180470371,0.9533716491783364,1.0,7
0.0025449124758339862,False,596,time1,0.7808170642825467,5,time1,TIME1,0.915645429911174,0.9376382983572253,1.0,1
0.002296981338097731,False,596,time1,0.8920284353950055,6,time1,TIME1,0.8419093532746309,0.9062229649645107,0.0,8
0.005012675379248136,False,596,time0,0.8330670526680458,0,time0,TIME0,0.8155169591786116,0.8860584067323785,0.0,5
0.0019906904920435533,False,597,time0,0.9169264602845554,3,time0,TIME0,0.9536086368357396,0.9228673062956243,1.0,2
0.001337888390820933,False,597,time1,0.8468550954178445,7,time1,TIME1,0.9413545437035451,0.9543509177063177,1.0,7
0.0021559036720637747,False,597,time1,0.8000863099109595,5,time1,TIME1,0.9216247012682125,0.9364214750471054,1.0,1
0.002263033777251343,False,597,time1,0.8901666987715443,6,time1,TIME1,0.8413802709301482,0.9083494609815479,0.0,8
0.00440413496035572,False,597,time0,0.8618144479382938,0,time0,TIME0,0.8257460236974618,0.8866395920515955,0.0,5
0.0015751733603077988,False,598,time0,0.933693029413237,3,time0,TIME0,0.9590656564955343,0.9228673062956243,1.0,2
0.0012072586173927783,False,598,time1,0.8573030656484778,7,time1,TIME1,0.9445635938708107,0.9543509177063177,1.0,7
0.002090227462622557,False,598,time1,0.8051364606774829,5,time1,TIME1,0.9237000249056158,0.9364214750471054,1.0,1
0.0030811937607515415,False,598,time0,0.9037322206498165,0,time0,TIME0,0.8390070202135262,0.8866395920515955,0.0,5
0.0027514293296609835,False,598,time1,0.8629372343538921,6,time1,TIME1,0.8330148872819082,0.9083494609815479,0.0,8
0.0019698105082751626,False,599,time0,0.9133005972309474,3,time0,TIME0,0.9526444568156,0.9228673062956243,1.0,2
0.0015671648425550785,False,599,time1,0.8807365465781718,7,time1,TIME1,0.9507990351915581,0.9543509177063177,1.0,7
0.002355597332837059,False,599,time1,0.7816390682552522,5,time1,TIME1,0.9162138931525204,0.9364214750471054,1.0,1
0.0021115091926731536,False,599,time0,0.9096188601372553,0,time0,TIME0,0.8418209457435837,0.8866395920515955,0.0,5
0.0029524598358216083,False,599,time1,0.8566202005631379,6,time1,TIME1,0.8311616305901525,0.9083494609815479,0.0,8
0.0009427516574983263,False,600,time1,0.950541078972905,7,time1,TIME1,0.9724507269506132,0.9548925448524734,1.0,7
0.002325898412091499,False,600,time1,0.7839091383499731,5,time1,TIME1,0.9162613343468864,0.9336401184714361,1.0,1
0.001809158750348111,False,600,time0,0.9150989571493356,3,time0,TIME0,0.8519860139776867,0.9194135689579067,0.0,2
0.002891280543951956,False,600,time1,0.8650201712417819,6,time1,TIME1,0.8341583993827948,0.9093846219846184,0.0,8
0.0024260252310643656,False,600,time0,0.855491861106968,0,time0,TIME0,0.8257907552964064,0.8865261114019094,0.0,5
0.0018602177589859483,False,601,time1,0.8364877502289085,5,time1,TIME1,0.9321770784514228,0.9336401184714361,1.0,1
0.0019530845724064548,False,601,time1,0.8104562500635494,7,time1,TIME1,0.9286636951517239,0.9548925448524734,1.0,7
0.0017863727445495679,False,601,time0,0.9355424498842195,3,time0,TIME0,0.8580462086588032,0.9194135689579067,0.0,2
0.0022255737503912953,False,601,time1,0.8981560652020866,6,time1,TIME1,0.8441796479228547,0.9093846219846184,0.0,8
0.004991009652481681,False,601,time0,0.8088282210519766,0,time0,TIME0,0.8079909275763072,0.8865261114019094,0.0,5
0.001719008811098459,False,602,time1,0.8515979443950895,7,time1,TIME1,0.9424119471157263,0.9548925448524734,1.0,7
0.0028169364853056476,False,602,time1,0.7562999762336282,5,time1,TIME1,0.9069898645359868,0.9336401184714361,1.0,1
0.001213375724038864,False,602,time0,0.9561984741816079,3,time0,TIME0,0.8652187023046775,0.9194135689579067,0.0,2
0.0024037936827560544,False,602,time1,0.8866860141442178,6,time1,TIME1,0.8407578403001927,0.9093846219846184,0.0,8
0.005642678920100894,False,602,time0,0.7588784861059868,0,time0,TIME0,0.7936841072108444,0.8865261114019094,0.0,5
0.0011111492612419689,False,603,time1,0.8559421517634199,7,time1,TIME1,0.9439025501987589,0.9542907599434343,1.0,7
0.0033466034592612623,False,603,time1,0.7102673492464489,5,time1,TIME1,0.8920658023011134,0.9304029931984137,1.0,1
0.000800156890572447,False,603,time0,0.9577413707737278,3,time0,TIME0,0.865334388110561,0.9173970287961243,0.0,2
0.0034100423575101958,False,603,time1,0.841059959606298,6,time1,TIME1,0.8259840092960491,0.909808561335544,0.0,8
0.00477581434300141,False,603,time0,0.7775363548452233,0,time0,TIME0,0.7993253186153187,0.8846689330766204,0.0,5
0.0013451118149499681,False,604,time1,0.9276770179770393,7,time1,TIME1,0.9640710178582409,0.9542907599434343,1.0,7
0.0027742037549497757,False,604,time1,0.748640560718189,5,time1,TIME1,0.9042311269970138,0.9304029931984137,1.0,1
0.0013033052006869931,False,604,time0,0.9397776691731977,3,time0,TIME0,0.8596489442172762,0.9173970287961243,0.0,2
0.0029108039846435234,False,604,time1,0.8619176529133943,6,time1,TIME1,0.8329791614727762,0.909808561335544,0.0,8
0.0025468445810683444,False,604,time0,0.8780223903154771,0,time0,TIME0,0.8302661816265161,0.8846689330766204,0.0,5
0.002637150261939789,False,605,time1,0.8627964204429625,7,time1,TIME1,0.9441326964934501,0.9542907599434343,1.0,7
0.002215692220472666,False,605,time1,0.795130307452581,5,time1,TIME1,0.9187447551057037,0.9304029931984137,1.0,1
0.0017214390947102398,False,605,time0,0.9197629952576598,3,time0,TIME0,0.8533901008652396,0.9173970287961243,0.0,2
0.003017878027176409,False,605,time1,0.8594754053828766,6,time1,TIME1,0.8323962653955888,0.909808561335544,0.0,8
0.0026313249408478055,False,605,time0,0.85158380437874,0,time0,TIME0,0.8240926648856982,0.8846689330766204,0.0,5
0.0018028263760955308,False,606,time1,0.9029128250818277,7,time1,TIME1,0.9572611393779904,0.9544103700046577,1.0,7
0.0022102482985990263,False,606,time1,0.8044288417860582,5,time1,TIME1,0.9207773221006021,0.9271450429593746,1.0,1
0.0017772013055139,False,606,time0,0.9187347434422432,3,time0,TIME0,0.8524489404291683,0.9155822241383422,0.0,2
0.0032079908183683405,False,606,time1,0.8582290750363859,6,time1,TIME1,0.8321161268991449,0.9117149534809905,0.0,8
0.004388365120030387,False,606,time0,0.8172007254844311,0,time0,TIME0,0.8107548453266187,0.8850022101205012,0.0,5
0.0014387228114083103,False,607,time1,0.9168898371610795,7,time1,TIME1,0.9619285034695727,0.9544103700046577,1.0,7
0.002270295081552461,False,607,time1,0.8008626885209049,5,time1,TIME1,0.9198642652433703,0.9271450429593746,1.0,1
0.0015787543353183975,False,607,time0,0.9272060001902724,3,time0,TIME0,0.8553362963066166,0.9155822241383422,0.0,2
0.003066856873221575,False,607,time0,0.8950147857487816,0,time0,TIME0,0.8360616167226024,0.8850022101205012,0.0,5
0.003098765614977394,False,607,time1,0.8638839459814738,6,time1,TIME1,0.8340449378835135,0.9117149534809905,0.0,8
0.0016860921320780437,False,608,time1,0.9041760726818839,7,time1,TIME1,0.9580239936156143,0.9544103700046577,1.0,7
0.002051951605084905,False,608,time1,0.8248693760337459,5,time1,TIME1,0.9267773077176958,0.9271450429593746,1.0,1
0.0017779828275785033,False,608,time0,0.9224159974908358,3,time0,TIME0,0.8536736997322357,0.9155822241383422,0.0,2
0.0034111770310076756,False,608,time0,0.8974712969698088,0,time0,TIME0,0.8363687372825411,0.8850022101205012,0.0,5
0.003890468138171704,False,608,time1,0.8364843206180339,6,time1,TIME1,0.8247875366081284,0.9117149534809905,0.0,8
0.001460980010004575,False,609,time1,0.9198182519273789,7,time1,TIME1,0.9628921502729875,0.9541123416021092,1.0,7
0.0016183173611034293,False,609,time0,0.9271318331750262,3,time0,TIME0,0.954922216646116,0.9145307417407148,1.0,2
0.001981806834086653,False,609,time1,0.8342449778916508,5,time1,TIME1,0.9293859675369156,0.9249331111843206,1.0,1
0.002032608906928705,False,609,time0,0.9286151575521405,0,time0,TIME0,0.8466830204437886,0.8845816266400512,0.0,5
0.004840948324836526,False,609,time1,0.8036814231941893,6,time1,TIME1,0.8145268014649052,0.9140085831996478,0.0,8
0.0015432876713424193,False,610,time0,0.9310264301330327,3,time0,TIME0,0.9564200850463301,0.9145307417407148,1.0,2
0.0017556969482805187,False,610,time1,0.8471984723786058,7,time1,TIME1,0.940550431211943,0.9541123416021092,1.0,7
0.0018968087064693494,False,610,time1,0.8458335794187314,5,time1,TIME1,0.9331759713275976,0.9249331111843206,1.0,1
0.0026909522279526866,False,610,time0,0.9084583134404379,0,time0,TIME0,0.8404453715256038,0.8845816266400512,0.0,5
0.005560196685284279,False,610,time1,0.7699702884911377,6,time1,TIME1,0.8039471293366565,0.9140085831996478,0.0,8
0.002224456610002037,False,611,time0,0.9018473183298276,3,time0,TIME0,0.9466999060535868,0.9145307417407148,1.0,2
0.0010050266604027447,False,611,time1,0.8045319231395286,7,time1,TIME1,0.9284581709830286,0.9541123416021092,1.0,7
0.0023444560166240133,False,611,time1,0.8170103962538571,5,time1,TIME1,0.9238631148343698,0.9249331111843206,1.0,1
0.004547135423924608,False,611,time0,0.8501632498061988,0,time0,TIME0,0.8207938909197668,0.8845816266400512,0.0,5
0.004089712215416895,False,611,time1,0.8201974647664986,6,time1,TIME1,0.8198326669555263,0.9140085831996478,0.0,8
0.001994640852846493,False,612,time0,0.9092968362904922,3,time0,TIME0,0.9490562871777287,0.9132533021819038,1.0,2
0.0019796483136523017,False,612,time1,0.8576654120601561,7,time1,TIME1,0.943713699388345,0.9555557043730606,1.0,7
0.0026489006913199293,False,612,time1,0.7974471278967333,5,time1,TIME1,0.9170045967328756,0.9216988693681314,1.0,1
0.0034293945798239485,False,612,time1,0.8456311714321334,6,time1,TIME1,0.8283882192940651,0.9132374125116596,0.0,8
0.005421587724179502,False,612,time0,0.8123107217443657,0,time0,TIME0,0.8091716631442322,0.8847271791546985,0.0,5
0.0019116724530784581,False,613,time0,0.9115317769875523,3,time0,TIME0,0.9498185071386928,0.9132533021819038,1.0,2
0.005655438260807199,False,613,time1,0.7988560022113101,7,time1,TIME1,0.920735118636513,0.9555557043730606,1.0,7
0.00241102273479637,False,613,time1,0.8040715829288023,5,time1,TIME1,0.9191579816163574,0.9216988693681314,1.0,1
0.003981411721141026,False,613,time1,0.8256538968140655,6,time1,TIME1,0.8219404698503536,0.9132374125116596,0.0,8
0.004230572341034032,False,613,time0,0.8410076131036813,0,time0,TIME0,0.8186136600687367,0.8847271791546985,0.0,5
0.0022758825151637635,False,614,time1,0.9111740132356383,7,time1,TIME1,0.9578265922736414,0.9555557043730606,1.0,7
0.0020214965961045683,False,614,time0,0.9037920658437597,3,time0,TIME0,0.9474879110052047,0.9132533021819038,1.0,2
0.0025311972560424336,False,614,time1,0.791512252893367,5,time1,TIME1,0.9153971220564722,0.9216988693681314,1.0,1
0.0023635242458762066,False,614,time0,0.9165768688634658,0,time0,TIME0,0.8423221960138613,0.8847271791546985,0.0,5
0.004181871860139144,False,614,time1,0.8258637045387321,6,time1,TIME1,0.8220542278959058,0.9132374125116596,0.0,8
0.002608419125476417,False,615,time1,0.7804006979881847,5,time1,TIME1,0.9115733966901794,0.9199187441533871,1.0,1
0.006244831659689489,False,615,time1,0.7017444540656393,7,time1,TIME1,0.8879960474229108,0.9556950034211371,1.0,7
0.002201103808600069,False,615,time0,0.8985923036306934,3,time0,TIME0,0.8447272877060759,0.9101673165629498,0.0,2
0.002418684486630937,False,615,time0,0.9128547423819134,0,time0,TIME0,0.8431306700307919,0.8861672734825696,0.0,5
0.003792082724824023,False,615,time1,0.8415266047727122,6,time1,TIME1,0.8266397211279065,0.9117686712138435,0.0,8
0.0019669179783349065,False,616,time1,0.8400976496790357,7,time1,TIME1,0.9361386443310264,0.9556950034211371,1.0,7
0.0028510494201604434,False,616,time1,0.7635890087209325,5,time1,TIME1,0.9061528167671956,0.9199187441533871,1.0,1
0.0018930535908962321,False,616,time0,0.9368637579190369,0,time0,TIME0,0.8504582164734529,0.8861672734825696,0.0,5
0.0028809693446528424,False,616,time0,0.8733879649958207,3,time0,TIME0,0.8364240733545591,0.9101673165629498,0.0,2
0.004098144558180692,False,616,time1,0.828228119039264,6,time1,TIME1,0.8217911673727828,0.9117686712138435,0.0,8
0.0008888150004164081,False,617,time1,0.8857104946987976,7,time1,TIME1,0.9530526352290587,0.9556950034211371,1.0,7
0.003400427504003031,False,617,time1,0.7177374372590654,5,time1,TIME1,0.8916971305321629,0.9199187441533871,1.0,1
0.0017646285517123699,False,617,time0,0.9220037166050222,0,time0,TIME0,0.8460760612761271,0.8861672734825696,0.0,5
0.0027398587769837056,False,617,time0,0.8662401609035647,3,time0,TIME0,0.8344891142000295,0.9101673165629498,0.0,2
0.004342242222502151,False,617,time1,0.8269512834256071,6,time1,TIME1,0.8213709900860521,0.9117686712138435,0.0,8
0.00035620046204195384,False,618,time1,0.9459986605283619,7,time1,TIME1,0.9714685481242955,0.9545146728259031,1.0,7
0.003076536014792218,False,618,time1,0.7314832075665808,5,time1,TIME1,0.8959636571720458,0.919178728096032,1.0,1
0.0016337126206413938,False,618,time0,0.949120049484539,0,time0,TIME0,0.8545058649543942,0.8868999987875286,0.0,5
0.0026646978053691626,False,618,time0,0.8624053324633816,3,time0,TIME0,0.8327344705374056,0.9073936480485888,0.0,2
0.004230151979352973,False,618,time1,0.8280884011868606,6,time1,TIME1,0.8212240929747407,0.9114589602872237,0.0,8
0.0014013994778549507,False,619,time1,0.9234459425090107,7,time1,TIME1,0.963606242582055,0.9545146728259031,1.0,7
0.0033865670408088056,False,619,time1,0.6969174677266824,5,time1,TIME1,0.8852089435716592,0.919178728096032,1.0,1
0.0011766013282935182,False,619,time0,0.9425621124399594,0,time0,TIME0,0.853043394840989,0.8868999987875286,0.0,5
0.002727566769371842,False,619,time0,0.8564970231819743,3,time0,TIME0,0.8311990261540313,0.9073936480485888,0.0,2
0.005072413492913625,False,619,time1,0.801434164839837,6,time1,TIME1,0.8131021569365122,0.9114589602872237,0.0,8
0.002416940050591984,False,620,time1,0.8819567411052017,7,time1,TIME1,0.950237906523187,0.9545146728259031,1.0,7
0.0030950654797683285,False,620,time1,0.7176988560689529,5,time1,TIME1,0.891945727826613,0.919178728096032,1.0,1
0.0022894773842371554,False,620,time0,0.8768668880931909,3,time0,TIME0,0.8375270397605812,0.9073936480485888,0.0,2
0.002012935893671941,False,620,time0,0.8796743612314482,0,time0,TIME0,0.8329069469272319,0.8868999987875286,0.0,5
0.004513527269420084,False,620,time1,0.8235887799317643,6,time1,TIME1,0.8204447835283207,0.9114589602872237,0.0,8
0.003359707401304459,False,621,time1,0.8407948536443549,7,time1,TIME1,0.937108796940657,0.9542847082439081,1.0,7
0.003416156433742515,False,621,time1,0.6865188301944164,5,time1,TIME1,0.883113736777859,0.9223068159828856,1.0,1
0.002567165237038664,False,621,time0,0.8631566765973716,3,time0,TIME0,0.8323790954335325,0.9041938690532766,0.0,2
0.0039750976376001085,False,621,time1,0.844683057599002,6,time1,TIME1,0.8272722572316885,0.911493247688937,0.0,8
0.003801926807486821,False,621,time0,0.8387914272110196,0,time0,TIME0,0.8183116766532269,0.886276616948244,0.0,5
0.004035596818037277,False,622,time1,0.8068221722015129,7,time1,TIME1,0.9264508598212583,0.9542847082439081,1.0,7
0.0043071712439808445,False,622,time1,0.623032008397303,5,time1,TIME1,0.8629630308250225,0.9223068159828856,1.0,1
0.001374785843011017,False,622,time0,0.8798039719786004,0,time0,TIME0,0.8324737534143758,0.886276616948244,0.0,5
0.0029201080042814817,False,622,time0,0.8503766319826778,3,time0,TIME0,0.8280362217890913,0.9041938690532766,0.0,2
0.0047352189201835225,False,622,time1,0.8207011904408978,6,time1,TIME1,0.8192606123269818,0.911493247688937,0.0,8
0.0029640905638579663,False,623,time1,0.8480112600593365,7,time1,TIME1,0.9395488695876583,0.9542847082439081,1.0,7
0.004363122639186793,False,623,time1,0.6208678763745497,5,time1,TIME1,0.8626440083099641,0.9223068159828856,1.0,1
0.001581480517188678,False,623,time0,0.9213904150949325,0,time0,TIME0,0.8463429287022649,0.886276616948244,0.0,5
0.002634919877407543,False,623,time0,0.8593233278905764,3,time0,TIME0,0.8305196386191418,0.9041938690532766,0.0,2
0.004954100511552783,False,623,time1,0.8164274428270087,6,time1,TIME1,0.8180533080055598,0.911493247688937,0.0,8
0.002784023377844315,False,624,time1,0.8447134796236394,7,time1,TIME1,0.9393941436806054,0.9548957163066578,1.0,7
0.004806592091047894,False,624,time1,0.5983038211460708,5,time1,TIME1,0.8563245082420389,0.9261650236184573,1.0,1
0.0009836297746290158,False,624,time0,0.9507559945328353,0,time0,TIME0,0.8555225269330226,0.8864732860354771,0.0,5
0.0030708933843587374,False,624,time0,0.842552068559848,3,time0,TIME0,0.8253709344739318,0.9031844543027536,0.0,2
0.0055661865145521655,False,624,time1,0.8003468661173251,6,time1,TIME1,0.812102035884635,0.9099549412676127,0.0,8
0.0021607746292773935,False,625,time1,0.8521499873625297,7,time1,TIME1,0.9419674876460614,0.9548957163066578,1.0,7
0.004484621451248878,False,625,time1,0.6256659163187317,5,time1,TIME1,0.864824579876747,0.9261650236184573,1.0,1
0.0032558241680097173,False,625,time0,0.8354405093550695,3,time0,TIME0,0.8231440828396484,0.9031844543027536,0.0,2
0.0024741025290139574,False,625,time0,0.8459154893675974,0,time0,TIME0,0.821294305904579,0.8864732860354771,0.0,5
0.005127325456197617,False,625,time1,0.8175025926459942,6,time1,TIME1,0.8177480326888525,0.9099549412676127,0.0,8
0.003126732004880942,False,626,time1,0.7856294390945151,7,time1,TIME1,0.9209070398233511,0.9548957163066578,1.0,7
0.004726140666371179,False,626,time1,0.6234277352996213,5,time1,TIME1,0.8639869697982557,0.9261650236184573,1.0,1
0.0024371962020406997,False,626,time0,0.8933049451411404,0,time0,TIME0,0.8373123272165913,0.8864732860354771,0.0,5
0.005399521116963346,False,626,time1,0.8114410087759529,6,time1,TIME1,0.8158188157487142,0.9099549412676127,0.0,8
0.004126223506309859,False,626,time0,0.7964677684165049,3,time0,TIME0,0.8103827749011516,0.9031844543027536,0.0,2
0.004802701905604036,False,627,time1,0.6958638299628072,7,time1,TIME1,0.8920590447124761,0.9552566823842787,1.0,7
0.0056567028091803915,False,627,time1,0.5716504557705997,5,time1,TIME1,0.8485259280116113,0.9314628237766116,1.0,1
0.0009306011052719267,False,627,time0,0.882731400018132,0,time0,TIME0,0.8342897589339903,0.8856433857113282,0.0,5
0.007176241019604603,False,627,time1,0.7587292425149056,6,time1,TIME1,0.7962758944277826,0.9055771774286016,0.0,8
0.013699481554113935,False,627,time0,0.5479802511214296,3,time0,TIME0,0.7206306673934573,0.9072902005059644,0.0,2
0.003863601355549193,False,628,time1,0.7523144687111485,7,time1,TIME1,0.9102631442752228,0.9552566823842787,1.0,7
0.001025023062100034,False,628,time0,0.9304119123095832,0,time0,TIME0,0.8494372344096119,0.8856433857113282,0.0,5
0.00626324921581436,False,628,time1,0.5404047741891747,5,time1,TIME1,0.8388787616431151,0.9314628237766116,1.0,1
0.00728535885976496,False,628,time1,0.7570457920618575,6,time1,TIME1,0.7965290357449231,0.9055771774286016,0.0,8
0.009001944530369803,False,628,time0,0.5704928058657451,3,time0,TIME0,0.7356780064565306,0.9072902005059644,0.0,2
0.0029227492263372333,False,629,time1,0.81477897053568,7,time1,TIME1,0.9297690450197426,0.9552566823842787,1.0,7
0.003294320163461703,False,629,time0,0.8838947085638058,0,time0,TIME0,0.8319867358558685,0.8856433857113282,0.0,5
0.006862523928157152,False,629,time1,0.512566185200359,5,time1,TIME1,0.8298960744313811,0.9314628237766116,1.0,1
0.006805310582075525,False,629,time1,0.7728042761244347,6,time1,TIME1,0.8017116604005097,0.9055771774286016,0.0,8
0.02107360642809876,False,629,time0,0.3909131775879342,3,time0,TIME0,0.6569101693460582,0.9072902005059644,0.0,2
0.003819081113987256,False,630,time1,0.7795790933880765,7,time1,TIME1,0.9181504890206048,0.9534830004496183,1.0,7
0.0018954584406781858,False,630,time0,0.916830951840372,0,time0,TIME0,0.8437962852303081,0.8868874921783062,0.0,5
0.006374367994893203,False,630,time1,0.5421925134901654,5,time1,TIME1,0.8402761263933665,0.9352135913339139,1.0,1
0.006388700553260645,False,630,time1,0.7884126923328201,6,time1,TIME1,0.8056427291542989,0.9008522596261823,0.0,8
0.007614242739198184,False,630,time0,0.6243097543995858,3,time0,TIME0,0.7476822392519005,0.9116246794829419,0.0,2
0.006096240515637405,False,631,time1,0.6780347694624581,7,time1,TIME1,0.8846382919373666,0.9534830004496183,1.0,7
0.002491373722902534,False,631,time0,0.9052848064541282,0,time0,TIME0,0.8401580948509537,0.8868874921783062,0.0,5
0.008745566330717169,False,631,time1,0.43070041223956573,5,time1,TIME1,0.8034460556015087,0.9352135913339139,1.0,1
0.00825699523076719,False,631,time1,0.7412635518363586,6,time1,TIME1,0.7888106219928078,0.9008522596261823,0.0,8
0.006460889338344495,False,631,time0,0.6355336799985968,3,time0,TIME0,0.7591327334624596,0.9116246794829419,0.0,2
0.006521859964580501,False,632,time1,0.6606357956639052,7,time1,TIME1,0.880053798739541,0.9534830004496183,1.0,7
0.002339875762673866,False,632,time0,0.9103949972097646,0,time0,TIME0,0.8425243833197641,0.8868874921783062,0.0,5
0.008960871168009291,False,632,time1,0.4321837290089001,5,time1,TIME1,0.805005941216068,0.9352135913339139,1.0,1
0.009520936655374308,False,632,time1,0.7130697719158298,6,time1,TIME1,0.7796127817264231,0.9008522596261823,0.0,8
0.007441413047091769,False,632,time0,0.6131523316898325,3,time0,TIME0,0.7542923702465438,0.9116246794829419,0.0,2
0.008580267649737103,False,633,time1,0.5674759835028552,7,time1,TIME1,0.8493285317636915,0.9531592345249673,1.0,7
0.005242250002051106,False,633,time0,0.815553644888441,0,time0,TIME0,0.8094454423529989,0.886313853340008,0.0,5
0.010138827632401813,False,633,time1,0.38632114718375105,5,time1,TIME1,0.7903664862534026,0.9379701094824229,1.0,1
0.01111197747862235,False,633,time1,0.6803840595286869,6,time1,TIME1,0.7679927211779223,0.9003293927871197,0.0,8
0.009031168974902758,False,633,time0,0.5649315042983442,3,time0,TIME0,0.7380304064441878,0.9119568309318361,0.0,2
0.00804547408152084,False,634,time1,0.5780929063101412,7,time1,TIME1,0.8536350203043059,0.9531592345249673,1.0,7
0.01055697451391263,False,634,time1,0.3711053359150723,5,time1,TIME1,0.7859209411236202,0.9379701094824229,1.0,1
0.008009688358266862,False,634,time0,0.7342499076325666,0,time0,TIME0,0.7826282690748475,0.886313853340008,0.0,5
0.011746377284017997,False,634,time1,0.6679821684738312,6,time1,TIME1,0.7643414105244501,0.9003293927871197,0.0,8
0.009283708073229313,False,634,time0,0.5612740963296047,3,time0,TIME0,0.737718375323234,0.9119568309318361,0.0,2
0.008339470106007513,False,635,time1,0.5684795903480013,7,time1,TIME1,0.850965141060678,0.9531592345249673,1.0,7
0.007749017361055658,False,635,time0,0.7359303350753769,0,time0,TIME0,0.7851178400135204,0.886313853340008,0.0,5
0.011351277132118715,False,635,time1,0.34938058446047643,5,time1,TIME1,0.7784413093587822,0.9379701094824229,1.0,1
0.012326983781725793,False,635,time1,0.6507396310415264,6,time1,TIME1,0.7585285366428651,0.9003293927871197,0.0,8
0.009920664682011497,False,635,time0,0.5427227840546045,3,time0,TIME0,0.7313505457424928,0.9119568309318361,0.0,2
0.00787312925561709,False,636,time1,0.5942714240839834,7,time1,TIME1,0.8589845922438678,0.9529603116017182,1.0,7
0.006681094787613523,False,636,time0,0.7516607302856111,0,time0,TIME0,0.7903054289715556,0.8866119570510476,0.0,5
0.01171339512641441,False,636,time1,0.3455222828914893,5,time1,TIME1,0.7781195524985073,0.9416051873966409,1.0,1
0.013113193463509944,False,636,time1,0.6340592962812059,6,time1,TIME1,0.7526290718758157,0.8997195594660425,0.0,8
0.01102514660005061,False,636,time0,0.5040113433505597,3,time0,TIME0,0.7180726642572919,0.9108123521847824,0.0,2
0.007408352964562754,False,637,time1,0.6245751153503015,7,time1,TIME1,0.8685297531228513,0.9529603116017182,1.0,7
0.011728707374260981,False,637,time1,0.3568019735413914,5,time1,TIME1,0.7816764036791647,0.9416051873966409,1.0,1
0.008895325049901913,False,637,time0,0.6718616640482388,0,time0,TIME0,0.7635231077358395,0.8866119570510476,0.0,5
0.012043630570387553,False,637,time1,0.6576292174101033,6,time1,TIME1,0.7604632908576845,0.8997195594660425,0.0,8
0.009476409487152332,False,637,time0,0.5626155848269385,3,time0,TIME0,0.7368027359844278,0.9108123521847824,0.0,2
0.007019522738746648,False,638,time1,0.6541748160493989,7,time1,TIME1,0.8777199317049325,0.9529603116017182,1.0,7
0.0060237677374919965,False,638,time0,0.768502718743553,0,time0,TIME0,0.7946661402302403,0.8866119570510476,0.0,5
0.011332845289757516,False,638,time1,0.3822782217474793,5,time1,TIME1,0.7894739437445188,0.9416051873966409,1.0,1
0.012306247093236938,False,638,time1,0.6475651809105095,6,time1,TIME1,0.7578325924567249,0.8997195594660425,0.0,8
0.009373584084720273,False,638,time0,0.5713281437870981,3,time0,TIME0,0.7402814179827661,0.9108123521847824,0.0,2
0.007313694094315534,False,639,time1,0.659940607142638,7,time1,TIME1,0.8792180304692595,0.9524800914451991,1.0,7
0.011300786109603996,False,639,time1,0.3853784193152922,5,time1,TIME1,0.790998857546873,0.9450808564256927,1.0,1
0.007032119302942059,False,639,time0,0.7282407636131382,0,time0,TIME0,0.7831204628984305,0.8871240548688947,0.0,5
0.01214574166100319,False,639,time1,0.6427015844893466,6,time1,TIME1,0.7565580538462865,0.9003273992860993,0.0,8
0.009607758009788496,False,639,time0,0.5675290537457696,3,time0,TIME0,0.7384585524631861,0.9088168571388018,0.0,2
0.008584255674253999,False,640,time1,0.6265689009032115,7,time1,TIME1,0.8674124519201195,0.9524800914451991,1.0,7
0.01100784033994559,False,640,time1,0.4001610555478896,5,time1,TIME1,0.7942230547403581,0.9450808564256927,1.0,1
0.0066282525969321455,False,640,time0,0.7291972299999342,0,time0,TIME0,0.7840006302180728,0.8871240548688947,0.0,5
0.011723372114366687,False,640,time1,0.6477530070705957,6,time1,TIME1,0.7580055555010698,0.9003273992860993,0.0,8
0.00892906827427718,False,640,time0,0.5916511982563433,3,time0,TIME0,0.7460895874786728,0.9088168571388018,0.0,2
0.009836479787574284,False,641,time1,0.5846286268180538,7,time1,TIME1,0.8536339091104823,0.9524800914451991,1.0,7
0.011504701786128587,False,641,time1,0.4025289175792192,5,time1,TIME1,0.7957039445808206,0.9450808564256927,1.0,1
0.007979385952265487,False,641,time0,0.6651784147889896,0,time0,TIME0,0.7630474151791818,0.8871240548688947,0.0,5
0.0119208988128387,False,641,time1,0.6402554631578425,6,time1,TIME1,0.7561856279778776,0.9003273992860993,0.0,8
0.009779436144663587,False,641,time0,0.5633947743359831,3,time0,TIME0,0.7367508447317863,0.9088168571388018,0.0,2
0.009345264435154786,False,642,time1,0.5927344173212776,7,time1,TIME1,0.8568414030614785,0.9514554675189506,1.0,7
0.011344027516556412,False,642,time1,0.4221990876560766,5,time1,TIME1,0.8021936875080274,0.9476374502878793,1.0,1
0.007043031389999471,False,642,time0,0.6878148025424836,0,time0,TIME0,0.7707737580802253,0.8869155088901697,0.0,5
0.011395160986789658,False,642,time1,0.653802175879049,6,time1,TIME1,0.7602508704409847,0.9008574569681282,0.0,8
0.009454918658551838,False,642,time0,0.5715040307006626,3,time0,TIME0,0.7391489791845804,0.9061058990145313,0.0,2
0.008799594279013808,False,643,time1,0.5933557682596511,7,time1,TIME1,0.8574693516077793,0.9514554675189506,1.0,7
0.01171956591467579,False,643,time1,0.40650444067020564,5,time1,TIME1,0.7975951659336834,0.9476374502878793,1.0,1
0.006248579415686316,False,643,time0,0.7082424777970704,0,time0,TIME0,0.7779276219418322,0.8869155088901697,0.0,5
0.011258918778836625,False,643,time1,0.6588669325421163,6,time1,TIME1,0.7621756727286875,0.9008574569681282,0.0,8
0.009645796629219846,False,643,time0,0.5619922924056052,3,time0,TIME0,0.7361243712962113,0.9061058990145313,0.0,2
0.0073998193193959005,False,644,time1,0.6273394326120215,7,time1,TIME1,0.868239689859687,0.9514554675189506,1.0,7
0.012468881607599876,False,644,time1,0.37990853967969224,5,time1,TIME1,0.7889543715926547,0.9476374502878793,1.0,1
0.0060305498035017335,False,644,time0,0.7050713290679675,0,time0,TIME0,0.77752258389811,0.8869155088901697,0.0,5
0.01111651444094726,False,644,time1,0.664684726245347,6,time1,TIME1,0.7644141320234756,0.9008574569681282,0.0,8
0.00941253096244911,False,644,time0,0.5672194300353981,3,time0,TIME0,0.7379738809689408,0.9061058990145313,0.0,2
0.0058760125547232525,False,645,time1,0.6895692188281678,7,time1,TIME1,0.888363646007294,0.951504198046523,1.0,7
0.012193066334048024,False,645,time1,0.38298561303369716,5,time1,TIME1,0.7909885438887767,0.9495964210227384,1.0,1
0.0060489253667501235,False,645,time0,0.6976283795765913,0,time0,TIME0,0.7750958906141792,0.8865903450634396,0.0,5
0.011204549692533115,False,645,time1,0.6635948424381736,6,time1,TIME1,0.764104688566224,0.9023425440318547,0.0,8
0.009461579508010909,False,645,time0,0.5634177542701851,3,time0,TIME0,0.7369820316074941,0.9064979905314653,0.0,2
0.008172840640467641,False,646,time1,0.598985063615957,7,time1,TIME1,0.8584395185935575,0.951504198046523,1.0,7
0.011986222411992356,False,646,time1,0.39574246521564704,5,time1,TIME1,0.7944295600531325,0.9495964210227384,1.0,1
0.01072412434478786,False,646,time1,0.6752818690238619,6,time1,TIME1,0.7680849627766599,0.9023425440318547,0.0,8
0.006654291210763859,False,646,time0,0.6742032321257546,0,time0,TIME0,0.7673638425384778,0.8865903450634396,0.0,5
0.009449444865456784,False,646,time0,0.5618739137173663,3,time0,TIME0,0.7359335288954499,0.9064979905314653,0.0,2
0.008590263686004487,False,647,time1,0.571195658394187,7,time1,TIME1,0.8511369660414124,0.951504198046523,1.0,7
0.012735798720500374,False,647,time1,0.3658505146349845,5,time1,TIME1,0.7849311079545971,0.9495964210227384,1.0,1
0.006092346001031023,False,647,time0,0.7036451816911488,0,time0,TIME0,0.7767515800363817,0.8865903450634396,0.0,5
0.011471975914946407,False,647,time1,0.6573849123307661,6,time1,TIME1,0.7618620581043379,0.9023425440318547,0.0,8
0.009449109788277444,False,647,time0,0.5523788279983102,3,time0,TIME0,0.7334226110374394,0.9064979905314653,0.0,2
0.00948521154039566,False,648,time1,0.5261917871484914,7,time1,TIME1,0.8360473163938994,0.9499145268284208,1.0,7
0.00532553356485087,False,648,time0,0.7631357379121766,0,time0,TIME0,0.7951949880415243,0.8869451713845782,0.0,5
0.013233768432289456,False,648,time1,0.30018246060390585,5,time1,TIME1,0.7637408234956907,0.9519762340622953,1.0,1
0.011474173397843472,False,648,time1,0.6566958347481111,6,time1,TIME1,0.7616121684257806,0.9005388101076732,0.0,8
0.008980524700034697,False,648,time0,0.5617792789895342,3,time0,TIME0,0.7366713480091767,0.9067756514476717,0.0,2
0.006916685647575776,False,649,time1,0.652671158666172,7,time1,TIME1,0.8752059055380891,0.9499145268284208,1.0,7
0.006819163469235334,False,649,time0,0.7269192179315509,0,time0,TIME0,0.7825111413494741,0.8869451713845782,0.0,5
0.010923316039166513,False,649,time1,0.6700489174118716,6,time1,TIME1,0.7658136739156312,0.9005388101076732,0.0,8
0.01452971016043977,False,649,time1,0.28483269880729406,5,time1,TIME1,0.7529181499912573,0.9519762340622953,1.0,1
0.009491029068995101,False,649,time0,0.5422585701365998,3,time0,TIME0,0.7303501789444835,0.9067756514476717,0.0,2
0.0071512483314386316,False,650,time1,0.6789190880518688,7,time1,TIME1,0.883758463454751,0.9499145268284208,1.0,7
0.006950199426337281,False,650,time0,0.7197347087400916,0,time0,TIME0,0.7809864829048843,0.8869451713845782,0.0,5
0.012259813361839495,False,650,time1,0.3289533159133632,5,time1,TIME1,0.7689612672876734,0.9519762340622953,1.0,1
0.011642165683745827,False,650,time1,0.652485048145807,6,time1,TIME1,0.7598021670157493,0.9005388101076732,0.0,8
0.009050385261513265,False,650,time0,0.5497263936757746,3,time0,TIME0,0.7324776163559306,0.9067756514476717,0.0,2
0.008310816245095191,False,651,time1,0.6687482582916319,7,time1,TIME1,0.8791341802298706,0.9476681359643002,1.0,7
0.01220860889334086,False,651,time1,0.34953352055043313,5,time1,TIME1,0.7784615910637042,0.9514200828758386,1.0,1
0.007476078383084598,False,651,time0,0.6981133060022533,0,time0,TIME0,0.7739550661272522,0.8869742235646414,0.0,5
0.010339118934061503,False,651,time1,0.6843187967913574,6,time1,TIME1,0.7691050946705879,0.8966004779320133,0.0,8
0.008894361378324122,False,651,time0,0.5527800471295896,3,time0,TIME0,0.733676135445232,0.9055519235420076,0.0,2
0.008336765245262664,False,652,time1,0.6836070460114345,7,time1,TIME1,0.8844012428454743,0.9476681359643002,1.0,7
0.006646408671640581,False,652,time0,0.7149684119136833,0,time0,TIME0,0.7794106255303158,0.8869742235646414,0.0,5
0.013607234027392454,False,652,time1,0.34255025830440206,5,time1,TIME1,0.7747787834116792,0.9514200828758386,1.0,1
0.011202318442168364,False,652,time1,0.6624381912457129,6,time1,TIME1,0.7620972356125668,0.8966004779320133,0.0,8
0.009055286739322675,False,652,time0,0.5414042395846586,3,time0,TIME0,0.7303823991353565,0.9055519235420076,0.0,2
0.009637170339974983,False,653,time1,0.6415967250432892,7,time1,TIME1,0.8696916973336358,0.9476681359643002,1.0,7
0.012254246058833929,False,653,time1,0.3862729738823432,5,time1,TIME1,0.7894562494664635,0.9514200828758386,1.0,1
0.007085094831829169,False,653,time0,0.6948079970012099,0,time0,TIME0,0.7734359572531815,0.8869742235646414,0.0,5
0.011305927423017226,False,653,time1,0.6602086760260809,6,time1,TIME1,0.7615649407150697,0.8966004779320133,0.0,8
0.00835434077927666,False,653,time0,0.5673835095392006,3,time0,TIME0,0.7384196645515599,0.9055519235420076,0.0,2
0.009307598989532985,False,654,time1,0.64067910394026,7,time1,TIME1,0.8700894165770897,0.9473232209391396,1.0,7
0.011495977657810687,False,654,time1,0.4306881153477392,5,time1,TIME1,0.8059445904727615,0.950833673191751,1.0,1
0.007091593770609851,False,654,time0,0.6979117374394547,0,time0,TIME0,0.7741978622411831,0.8866340650514859,0.0,5
0.01128429632955096,False,654,time1,0.6630511257695618,6,time1,TIME1,0.7611740929050831,0.8921296247149963,0.0,8
0.007506361740770867,False,654,time0,0.6134067088978161,3,time0,TIME0,0.752692336488954,0.904299562004353,0.0,2
0.008047765940160925,False,655,time1,0.6542817760391164,7,time1,TIME1,0.8748482699909649,0.9473232209391396,1.0,7
0.01166111702560988,False,655,time1,0.43503894920648584,5,time1,TIME1,0.8072424849773986,0.950833673191751,1.0,1
0.007183788481548542,False,655,time0,0.7000389626365254,0,time0,TIME0,0.77473886875775,0.8866340650514859,0.0,5
0.009842440178537009,False,655,time1,0.7040159302097073,6,time1,TIME1,0.7740749191199565,0.8921296247149963,0.0,8
0.007058560095972231,False,655,time0,0.6503807261311135,3,time0,TIME0,0.7643580579797169,0.904299562004353,0.0,2
0.007180699191171581,False,656,time1,0.6487110524878029,7,time1,TIME1,0.8743198869313044,0.9473232209391396,1.0,7
0.011005179636658481,False,656,time1,0.4618727153870101,5,time1,TIME1,0.8157072101419247,0.950833673191751,1.0,1
0.007200565717993157,False,656,time1,0.7793838184321183,6,time1,TIME1,0.7984774775521378,0.8921296247149963,0.0,8
0.007352485988026019,False,656,time0,0.6878975420014591,0,time0,TIME0,0.771090886480691,0.8866340650514859,0.0,5
0.00733145145315553,False,656,time0,0.656009584575014,3,time0,TIME0,0.7658046057827781,0.904299562004353,0.0,2
0.005445472146739389,False,657,time1,0.68850804573217,7,time1,TIME1,0.8867413452017977,0.945408573754152,1.0,7
0.004422928720703907,False,657,time1,0.873231943233131,6,time1,TIME1,0.8276033011402665,0.889084338316954,0.0,8
0.01043662725908187,False,657,time1,0.4891081052903953,5,time1,TIME1,0.8244485825433743,0.9503675499353047,1.0,1
0.00698179581901701,False,657,time0,0.6935770389162116,0,time0,TIME0,0.7728862391107874,0.8856965299431512,0.0,5
0.007887102060578806,False,657,time0,0.6416763184079987,3,time0,TIME0,0.7604747406272347,0.9026493273177831,0.0,2
0.006696229972712873,False,658,time1,0.6322001029352334,7,time1,TIME1,0.8690655916965208,0.945408573754152,1.0,7
0.00382685888737746,False,658,time1,0.894553341562394,6,time1,TIME1,0.8365778719623037,0.889084338316954,0.0,8
0.010687053726096825,False,658,time1,0.48932411761600414,5,time1,TIME1,0.8244917892606534,0.9503675499353047,1.0,1
0.004030161121572433,False,658,time0,0.8121428565270454,0,time0,TIME0,0.8093554005185051,0.8856965299431512,0.0,5
0.007842173146074626,False,658,time0,0.6362064980335153,3,time0,TIME0,0.759164526180508,0.9026493273177831,0.0,2
0.006331276809880363,False,659,time1,0.6818861416608003,7,time1,TIME1,0.884864215522606,0.945408573754152,1.0,7
0.004881735529554216,False,659,time1,0.8765879637889027,6,time1,TIME1,0.8299937514823652,0.889084338316954,0.0,8
0.01078160783061097,False,659,time1,0.489429432625798,5,time1,TIME1,0.8245376926173345,0.9503675499353047,1.0,1
0.004417968799200424,False,659,time0,0.8029371571457293,0,time0,TIME0,0.8078992048722737,0.8856965299431512,0.0,5
0.008272053789689867,False,659,time0,0.6045963615038006,3,time0,TIME0,0.7479033555505441,0.9026493273177831,0.0,2
0.006319696733045533,False,660,time1,0.7067252302602088,7,time1,TIME1,0.892196974763071,0.9439297479873432,1.0,7
0.010463110477904774,False,660,time1,0.49824575904543256,5,time1,TIME1,0.8270930901585031,0.9493994560022774,1.0,1
0.005080260532904209,False,660,time0,0.7693615557700325,0,time0,TIME0,0.7971055261427615,0.8856288950507845,0.0,5
0.01019290493315122,False,660,time1,0.7237360836385247,6,time1,TIME1,0.7773990237251363,0.8933582621117423,0.0,8
0.0082858837322883,False,660,time0,0.5991638444577098,3,time0,TIME0,0.744840568634261,0.9025978128424026,0.0,2
0.0038950323742205136,False,661,time1,0.81988353477728,7,time1,TIME1,0.9267273489341382,0.9439297479873432,1.0,7
0.009981551755410795,False,661,time1,0.5110874891601546,5,time1,TIME1,0.8311939944438163,0.9493994560022774,1.0,1
0.00594608091600296,False,661,time0,0.7306395780853971,0,time0,TIME0,0.7846024849836666,0.8856288950507845,0.0,5
0.007400927585001986,False,661,time0,0.6183494476579471,3,time0,TIME0,0.7529362404536952,0.9025978128424026,0.0,2
0.022457909826689222,False,661,time1,0.5685642208488816,6,time1,TIME1,0.7150829488424737,0.8933582621117423,0.0,8
0.0033414684231336937,False,662,time1,0.8566772639944675,7,time1,TIME1,0.9392936410639078,0.9439297479873432,1.0,7
0.009789846048868242,False,662,time1,0.5109222324943639,5,time1,TIME1,0.8312979421288005,0.9493994560022774,1.0,1
0.005825481703913315,False,662,time0,0.7282031229643091,0,time0,TIME0,0.7840396062782391,0.8856288950507845,0.0,5
0.006918392203442645,False,662,time0,0.6141399138542324,3,time0,TIME0,0.7524405750876042,0.9025978128424026,0.0,2
0.012949769309902671,False,662,time1,0.5944245197066415,6,time1,TIME1,0.7333266939967373,0.8933582621117423,0.0,8
0.004495690253989651,False,663,time1,0.8228640731204759,7,time1,TIME1,0.9276859705704797,0.9429400499191878,1.0,7
0.00980622846569069,False,663,time1,0.5101341253417278,5,time1,TIME1,0.8309570112626002,0.9484510834900588,1.0,1
0.00530316911125308,False,663,time0,0.7441920948989319,0,time0,TIME0,0.7895686080250606,0.8870755793277632,0.0,5
0.006563853706893566,False,663,time0,0.6326378986124512,3,time0,TIME0,0.7585058563968015,0.9018819600397459,0.0,2
0.011551333793169619,False,663,time1,0.5148057023985472,6,time1,TIME1,0.7173640426095518,0.8989259680687645,0.0,8
0.004962691301664951,False,664,time1,0.814649465264256,7,time1,TIME1,0.9250010619168275,0.9429400499191878,1.0,7
0.009236862205559608,False,664,time1,0.5309619728724381,5,time1,TIME1,0.837612027943177,0.9484510834900588,1.0,1
0.00421595578960503,False,664,time0,0.7892680992410374,0,time0,TIME0,0.8039693015509715,0.8870755793277632,0.0,5
0.006365809673499963,False,664,time0,0.6381739022655509,3,time0,TIME0,0.7608426803386807,0.9018819600397459,0.0,2
0.006536489070580822,False,665,time1,0.7565855151180882,7,time1,TIME1,0.90560358502123,0.9429400499191878,1.0,7
0.009540570273252105,False,665,time1,0.5212539795036427,5,time1,TIME1,0.8343027721480337,0.9484510834900588,1.0,1
0.00481127581198236,False,665,time0,0.7638073192926685,0,time0,TIME0,0.7961312761256485,0.8870755793277632,0.0,5
0.006116322634752666,False,665,time0,0.6531441487924328,3,time0,TIME0,0.7656646001194277,0.9018819600397459,0.0,2
0.005542831548568937,False,666,time1,0.7747441023545651,7,time1,TIME1,0.9122997507620709,0.9425462622711955,1.0,7
0.008172280446837066,False,666,time1,0.5714475794870939,5,time1,TIME1,0.8499350545071667,0.9474535498187482,1.0,1
0.004260539236939814,False,666,time0,0.7862829341576408,0,time0,TIME0,0.8023036392071431,0.8856838816159773,0.0,5
0.005761875483532838,False,666,time0,0.672193630387203,3,time0,TIME0,0.7713143937608014,0.9006192530916297,0.0,2
0.004532072535839406,False,667,time1,0.792290278454443,7,time1,TIME1,0.9184750237032092,0.9425462622711955,1.0,7
0.004693230372865486,False,667,time1,0.6990016519071368,5,time1,TIME1,0.8897017847734151,0.9474535498187482,1.0,1
0.0029791991246077942,False,667,time0,0.8471768928679554,0,time0,TIME0,0.8219919800530433,0.8856838816159773,0.0,5
0.005413834627015684,False,667,time0,0.6905574382313453,3,time0,TIME0,0.7771260766422702,0.9006192530916297,0.0,2
0.004101651179824945,False,668,time1,0.7913285796419552,7,time1,TIME1,0.919005592014819,0.9425462622711955,1.0,7
0.00516087863033809,False,668,time1,0.6083673720278916,5,time1,TIME1,0.864038430056577,0.9474535498187482,1.0,1
0.0030315261449488434,False,668,time0,0.8505491857633092,0,time0,TIME0,0.8233210161596575,0.8856838816159773,0.0,5
0.005179356361822041,False,668,time0,0.7022674164220454,3,time0,TIME0,0.7808492459959088,0.9006192530916297,0.0,2
0.0025702105864160094,False,669,time1,0.8579356932193257,7,time1,TIME1,0.9397858370682642,0.9432184280973923,1.0,7
0.0036456830028414712,False,669,time0,0.8325776461169214,0,time0,TIME0,0.8171989320768678,0.884750137462846,0.0,5
0.006480665385669324,False,669,time1,0.40044970830018145,5,time1,TIME1,0.79949694712927,0.9456031180948026,1.0,1
0.0048146291812732715,False,669,time0,0.7212305354525815,3,time0,TIME0,0.7861266742859301,0.8978492694405478,0.0,2
0.0013392587872178322,False,670,time1,0.9253085009659537,7,time1,TIME1,0.9613227878050529,0.9432184280973923,1.0,7
0.003648813853178661,False,670,time0,0.8305398852851767,0,time0,TIME0,0.816819088919408,0.884750137462846,0.0,5
0.0041923843654956125,False,670,time0,0.7536549669503386,3,time0,TIME0,0.7961810269381779,0.8978492694405478,0.0,2
0.0014718374413851248,False,671,time1,0.9152286811820648,7,time1,TIME1,0.9589215283205051,0.9432184280973923,1.0,7
0.003972221774935569,False,671,time0,0.7974596581138338,0,time0,TIME0,0.8064292033478004,0.884750137462846,0.0,5
0.004118204165650829,False,671,time0,0.7592511473920232,3,time0,TIME0,0.7984170357583042,0.8978492694405478,0.0,2
0.0015592364143090479,False,672,time1,0.8398914764199601,7,time1,TIME1,0.9340446981096818,0.9412748672161868,1.0,7
0.003717479132884415,False,672,time0,0.7821312088807568,3,time0,TIME0,0.8050146181643352,0.8961238179512041,0.0,2
0.004219605273612568,False,672,time0,0.779389615298281,0,time0,TIME0,0.8011006105672429,0.8852611015370808,0.0,5
0.0009761635927114607,False,673,time1,0.8342872653012544,7,time1,TIME1,0.933350865533717,0.9412748672161868,1.0,7
0.0034439360202831626,False,673,time0,0.7989645809038382,3,time0,TIME0,0.8103369910925946,0.8961238179512041,0.0,2
0.004319054362192339,False,673,time0,0.7833952131504339,0,time0,TIME0,0.8018768637181677,0.8852611015370808,0.0,5
0.001270057990107888,False,674,time1,0.8925189408350966,7,time1,TIME1,0.9516946861769379,0.9412748672161868,1.0,7
0.0036642758900485546,False,674,time0,0.7870665572488664,3,time0,TIME0,0.8066323236852562,0.8961238179512041,0.0,2
0.004196589713971201,False,674,time0,0.7867036410635756,0,time0,TIME0,0.8032948452003625,0.8852611015370808,0.0,5
0.0019320993899887365,False,675,time1,0.9227266478993138,7,time1,TIME1,0.9589377222571528,0.9393076731495611,1.0,7
0.003106186665375639,False,675,time0,0.8126530159192761,3,time0,TIME0,0.8146918763094292,0.8965399727158667,0.0,2
0.0039246529371243935,False,675,time0,0.7969217803227019,0,time0,TIME0,0.8063178724530227,0.8849960535382353,0.0,5
0.0020015720585051734,False,676,time1,0.912936345495751,7,time1,TIME1,0.9568132749554089,0.9393076731495611,1.0,7
0.003125144717441602,False,676,time0,0.8076123741625796,3,time0,TIME0,0.813557729943708,0.8965399727158667,0.0,2
0.0037869812397060133,False,676,time0,0.8015978894186161,0,time0,TIME0,0.80789411569009,0.8849960535382353,0.0,5
0.0014724205795770765,False,677,time1,0.8951772881176538,7,time1,TIME1,0.9516540535915777,0.9393076731495611,1.0,7
0.002677139385546223,False,677,time0,0.830902652327963,3,time0,TIME0,0.820665375776938,0.8965399727158667,0.0,2
0.003259462829110945,False,677,time0,0.8203825502976274,0,time0,TIME0,0.8140128568692886,0.8849960535382353,0.0,5
0.0008857833420155442,False,678,time1,0.8471792413726804,7,time1,TIME1,0.937053018573726,0.938076828574768,1.0,7
0.0028179982124146023,False,678,time0,0.8408768466511434,0,time0,TIME0,0.8204747468674032,0.8844693942008687,0.0,5
0.0025706826815892264,False,678,time0,0.8248231542753808,3,time0,TIME0,0.8183051101603618,0.8964423644767516,0.0,2
0.0007398083649911058,False,679,time1,0.8281032060873609,7,time1,TIME1,0.9319307372376578,0.938076828574768,1.0,7
0.0022296879699957592,False,679,time0,0.8475228495253558,3,time0,TIME0,0.8260025448456974,0.8964423644767516,0.0,2
0.0026568180802015243,False,679,time0,0.8473323767147684,0,time0,TIME0,0.8221902885360323,0.8844693942008687,0.0,5
0.00044548860031945226,False,680,time1,0.9676862982876157,7,time1,TIME1,0.9740435319132833,0.938076828574768,1.0,7
0.0019014021643651946,False,680,time0,0.8694036034269788,3,time0,TIME0,0.8324370441191173,0.8964423644767516,0.0,2
0.0019865762724390894,False,680,time0,0.8713549886515037,0,time0,TIME0,0.8301834309753823,0.8844693942008687,0.0,5
0.001019088213196199,False,681,time1,0.9318520364872875,7,time1,TIME1,0.9620637409910046,0.936552476552058,1.0,7
0.001695169628286946,False,681,time0,0.882507054347964,3,time0,TIME0,0.8372462737701412,0.896707518764061,0.0,2
0.001676450004846979,False,681,time0,0.8749469856849645,0,time0,TIME0,0.8318067552459849,0.884402645045699,0.0,5
0.0010137762225504712,False,682,time1,0.9403844905912404,7,time1,TIME1,0.965042217496597,0.936552476552058,1.0,7
0.0011877161283861061,False,682,time0,0.9166899995151039,3,time0,TIME0,0.8477519824017017,0.896707518764061,0.0,2
0.0013346486620462706,False,682,time0,0.8926855191975083,0,time0,TIME0,0.8373677473936407,0.884402645045699,0.0,5
0.0032325295938436943,False,683,time1,0.8497052434394103,7,time1,TIME1,0.9345542133068863,0.936552476552058,1.0,7
0.0010144321989018854,False,683,time0,0.9090827400852707,3,time0,TIME0,0.8450201846895322,0.896707518764061,0.0,2
0.001339282705840776,False,683,time0,0.9176395869737104,0,time0,TIME0,0.844431587155259,0.884402645045699,0.0,5
0.004370229392385813,False,684,time1,0.8257054199103224,7,time1,TIME1,0.9266173222565052,0.93470486160572,1.0,7
0.0012455330679526102,False,684,time0,0.9270567917417805,0,time0,TIME0,0.8477622057883344,0.8841634605730072,0.0,5
0.0010847859602209722,False,684,time0,0.9031143353749785,3,time0,TIME0,0.8435660982724499,0.8955280711124676,0.0,2
0.0040281350735113085,False,685,time1,0.8528921968647847,7,time1,TIME1,0.9354969487484305,0.93470486160572,1.0,7
0.0007846055106109689,False,685,time0,0.9411098170593405,3,time0,TIME0,0.8552641904821747,0.8955280711124676,0.0,2
0.0010671177821289658,False,685,time0,0.9335236399760867,0,time0,TIME0,0.849879732505267,0.8841634605730072,0.0,5
0.0029072802628073015,False,686,time1,0.8935527745739993,7,time1,TIME1,0.9483150735203437,0.93470486160572,1.0,7
0.0008336398781655026,False,686,time0,0.9523356490108722,3,time0,TIME0,0.8587312108266948,0.8955280711124676,0.0,2
0.0013448542297798038,False,686,time0,0.9155688301485834,0,time0,TIME0,0.8441004855228165,0.8841634605730072,0.0,5
0.0015878856213716575,False,687,time1,0.9226070745658462,7,time1,TIME1,0.957691671794528,0.9330937212006865,1.0,7
0.0008193173851009281,False,687,time0,0.9689052880074999,3,time0,TIME0,0.8619063198212864,0.8891160345384506,0.0,2
0.0015854295792428602,False,687,time0,0.8942059389838535,0,time0,TIME0,0.8374594442774262,0.8832345619858364,0.0,5
0.0011559146416318137,False,688,time1,0.8867860821091661,7,time1,TIME1,0.9477161349924751,0.9330937212006865,1.0,7
0.001141819321370674,False,688,time0,0.9460810680177778,3,time0,TIME0,0.85479783082942,0.8891160345384506,0.0,2
0.0012547807002486963,False,688,time0,0.9095400106534752,0,time0,TIME0,0.8423044873228838,0.8832345619858364,0.0,5
0.0016373223845827756,False,689,time1,0.8684651310502118,7,time1,TIME1,0.941974059025049,0.9330937212006865,1.0,7
0.0008417764308998636,False,689,time0,0.9464656565460798,3,time0,TIME0,0.8551610780219108,0.8891160345384506,0.0,2
0.0008481161106142026,False,689,time0,0.9439341036233979,0,time0,TIME0,0.8529257859415084,0.8832345619858364,0.0,5
0.0021339630434770605,False,690,time1,0.8169659707062367,7,time1,TIME1,0.9254757437130525,0.9312769654046926,1.0,7
0.0005333697066621943,False,690,time0,0.9536644208476972,3,time0,TIME0,0.8565921741164986,0.8850897291041955,0.0,2
0.0009454031613150718,False,690,time0,0.9427097195476285,0,time0,TIME0,0.8527673221302279,0.8835300167591641,0.0,5
0.0031374520935804253,False,691,time1,0.8267365211257901,7,time1,TIME1,0.9272477686489791,0.9312769654046926,1.0,7
0.0006895588015161502,False,691,time0,0.9285382377013599,3,time0,TIME0,0.8489383025303139,0.8850897291041955,0.0,2
0.0013690971069966584,False,691,time0,0.9084112440155176,0,time0,TIME0,0.841871982002313,0.8835300167591641,0.0,5
0.0038746939686838465,False,692,time1,0.7900826979292711,7,time1,TIME1,0.91570892642368,0.9312769654046926,1.0,7
0.0007795257795346415,False,692,time0,0.9470852967874034,0,time0,TIME0,0.8536888166255879,0.8835300167591641,0.0,5
0.0007522906392958893,False,692,time0,0.9347712106854392,3,time0,TIME0,0.8507403798717732,0.8850897291041955,0.0,2
0.0031236035355831403,False,693,time1,0.8224042950971566,7,time1,TIME1,0.9256697634896965,0.9293553321860826,1.0,7
0.001095601939870357,False,693,time0,0.956719102984386,0,time0,TIME0,0.8566004373792766,0.8837155255577145,0.0,5
0.0009165813288968267,False,693,time0,0.9393854010724333,3,time0,TIME0,0.8517044615320006,0.8840786778085055,0.0,2
0.003952688160712071,False,694,time1,0.7946295099534447,7,time1,TIME1,0.9165687249761622,0.9293553321860826,1.0,7
0.0007525267951115609,False,694,time0,0.9684061377937596,0,time0,TIME0,0.8604696957831828,0.8837155255577145,0.0,5
0.0010595878532932482,False,694,time0,0.9624905936156707,3,time0,TIME0,0.8581711852341953,0.8840786778085055,0.0,2
0.0039547765487135365,False,695,time1,0.8221467578337225,7,time1,TIME1,0.9253077271311675,0.9293553321860826,1.0,7
0.00041411816286619855,False,695,time0,0.9708347450909884,0,time0,TIME0,0.861568199363268,0.8837155255577145,0.0,5
0.0013998302646691474,False,695,time0,0.8805780746177423,3,time0,TIME0,0.8336664075879058,0.8840786778085055,0.0,2
0.003555416933807119,False,696,time1,0.8614354642400736,7,time1,TIME1,0.9366967392515689,0.9273020311647304,1.0,7
0.0010309515254891466,False,696,time0,0.9319139643259402,0,time0,TIME0,0.8485934211743101,0.88278032879558,0.0,5
0.0012009379318790123,False,696,time0,0.8765541242078086,3,time0,TIME0,0.8327846396740058,0.8841946303164936,0.0,2
0.0024514616583890233,False,697,time1,0.9087693793030203,7,time1,TIME1,0.951423359144002,0.9273020311647304,1.0,7
0.0009633495963282934,False,697,time0,0.9417175432634617,0,time0,TIME0,0.8522606044869426,0.88278032879558,0.0,5
0.0013748054324714371,False,697,time0,0.8970995069661306,3,time0,TIME0,0.8386548047502981,0.8841946303164936,0.0,2
0.0018043405006882192,False,698,time1,0.9305042940323915,7,time1,TIME1,0.9588450333944815,0.9273020311647304,1.0,7
0.0012939100521779095,False,698,time0,0.9234488203821382,0,time0,TIME0,0.8463050853763802,0.88278032879558,0.0,5
0.0014696386597393026,False,698,time0,0.8870369047421807,3,time0,TIME0,0.8357475818571051,0.8841946303164936,0.0,2
0.0019264251566688323,False,699,time1,0.8927785621554684,7,time1,TIME1,0.9471292307558082,0.9276395024088966,1.0,7
0.0010163968810842348,False,699,time0,0.9212537509781568,3,time0,TIME0,0.846555047676908,0.8857407459440281,0.0,2
0.0017006800028053254,False,699,time0,0.8962511065950876,0,time0,TIME0,0.8375892852407181,0.8826733317421762,0.0,5
0.0018272633080225133,False,700,time1,0.8693838238790729,7,time1,TIME1,0.9405577062727656,0.9276395024088966,1.0,7
0.0010773408829707204,False,700,time0,0.9290538378136141,0,time0,TIME0,0.8479643396928489,0.8826733317421762,0.0,5
0.001485721823202294,False,700,time0,0.9027959769731206,3,time0,TIME0,0.8402429652048816,0.8857407459440281,0.0,2
0.0023259131312440796,False,701,time1,0.8283105210825379,7,time1,TIME1,0.9278506826337466,0.9276395024088966,1.0,7
0.0005018512389078933,False,701,time0,0.9652470089811048,0,time0,TIME0,0.8593879863259115,0.8826733317421762,0.0,5
0.0026866371352071198,False,701,time0,0.8872629016468864,3,time0,TIME0,0.8342400570651544,0.8857407459440281,0.0,2
0.003945099138807903,False,702,time1,0.7955897239533517,7,time1,TIME1,0.9158329485706903,0.9274523573354716,1.0,7
0.0002937699610311349,False,702,time0,0.9735342797277277,0,time0,TIME0,0.8624090450379095,0.883274428433583,0.0,5
0.003763953991325833,False,702,time0,0.8631580473342653,3,time0,TIME0,0.8270725014298957,0.8895292210832553,0.0,2
0.0046453862003178,False,703,time1,0.743469252189747,7,time1,TIME1,0.9001415747375164,0.9274523573354716,1.0,7
0.00030074697464077,False,703,time0,0.9800411334207793,0,time0,TIME0,0.8642863066538065,0.883274428433583,0.0,5
0.005321831265060544,False,703,time0,0.8171446650882126,3,time0,TIME0,0.811595084944083,0.8895292210832553,0.0,2
0.0033437825769607743,False,704,time1,0.8114393866668478,7,time1,TIME1,0.9213543098917608,0.9274523573354716,1.0,7
0.0007416917130325401,False,704,time0,0.9522903377268073,0,time0,TIME0,0.8554934380760141,0.883274428433583,0.0,5
0.005825703357034532,False,704,time0,0.8073415326542082,3,time0,TIME0,0.8088794925250884,0.8895292210832553,0.0,2
0.0025664108804688973,False,705,time1,0.852322209830776,7,time1,TIME1,0.934329243739482,0.9259863204912724,1.0,7
0.0009719858426469604,False,705,time0,0.9320422563080657,0,time0,TIME0,0.8493239872013554,0.883270531189916,0.0,5
0.005638304301370626,False,705,time0,0.7987229534040543,3,time0,TIME0,0.8074228479251289,0.8929072456053689,0.0,2
0.003934500916033464,False,706,time1,0.806392134596735,7,time1,TIME1,0.9188934565010342,0.9259863204912724,1.0,7
0.0005918197862477994,False,706,time0,0.9325417227756789,0,time0,TIME0,0.8497740463778398,0.883270531189916,0.0,5
0.005085546007429479,False,706,time0,0.8177711773370313,3,time0,TIME0,0.81349342515767,0.8929072456053689,0.0,2
0.00495639496769038,False,707,time1,0.7864073326757723,7,time1,TIME1,0.9121655518314712,0.9259863204912724,1.0,7
0.0019993637527017986,False,707,time0,0.9174267081897048,3,time0,TIME0,0.844476857264971,0.8929072456053689,0.0,2
0.001355000163299572,False,707,time0,0.8861416198579523,0,time0,TIME0,0.8348798249145617,0.883270531189916,0.0,5
0.0038708488065302346,False,708,time1,0.8430177728251834,7,time1,TIME1,0.9298596386969047,0.9248560766091756,1.0,7
0.0012912433962923308,False,708,time0,0.9438840057223629,3,time0,TIME0,0.8556506956014545,0.8965690957549057,0.0,2
0.0014669553365780073,False,708,time0,0.8741322029724843,0,time0,TIME0,0.8317829507865653,0.883911521484678,0.0,5
0.0023933277158967163,False,709,time1,0.8943358727543217,7,time1,TIME1,0.9461579435857421,0.9248560766091756,1.0,7
0.002183997555803648,False,709,time0,0.9226180189344143,3,time0,TIME0,0.8482916543785437,0.8965690957549057,0.0,2
0.0008914162318333463,False,709,time0,0.8879852277757015,0,time0,TIME0,0.8360968381032151,0.883911521484678,0.0,5
0.001884835325219235,False,710,time1,0.8858887557923784,7,time1,TIME1,0.9447763234081049,0.9248560766091756,1.0,7
0.0008980789753010215,False,710,time0,0.9232285953436306,0,time0,TIME0,0.8469730776137734,0.883911521484678,0.0,5
0.0030130994975826725,False,710,time0,0.9000314114121438,3,time0,TIME0,0.8407596738155988,0.8965690957549057,0.0,2
0.002518167126220267,False,711,time1,0.8254156120029191,7,time1,TIME1,0.9260506839165384,0.9246150765751033,1.0,7
0.00046867280789838486,False,711,time0,0.9788522091180983,0,time0,TIME0,0.8637196470242754,0.8848144419833519,0.0,5
0.0028242484408082936,False,711,time0,0.8971061930895908,3,time0,TIME0,0.8407753990845738,0.8991532871715343,0.0,2
0.003572667564173708,False,712,time1,0.7978961049083823,7,time1,TIME1,0.9161995925135967,0.9246150765751033,1.0,7
0.0006041646637569847,False,712,time0,0.9705081600167743,0,time0,TIME0,0.8615498200544391,0.8848144419833519,0.0,5
0.0037228472944138883,False,712,time0,0.865817648437408,3,time0,TIME0,0.830437211494,0.8991532871715343,0.0,2
0.005012420391575486,False,713,time1,0.7010351805028677,7,time1,TIME1,0.8858624572393798,0.9246150765751033,1.0,7
0.0005556982823255696,False,713,time0,0.9621734981008002,0,time0,TIME0,0.8593000077560975,0.8848144419833519,0.0,5
0.0053995583477610505,False,713,time0,0.7916434620505448,3,time0,TIME0,0.8062159159213288,0.8991532871715343,0.0,2
9.461979955544358e-05,False,714,time0,0.9499367892267632,0,time0,TIME0,0.8556513762292404,0.8847762135659272,0.0,5
0.003617191918440042,False,714,time1,0.7630747702760695,7,time1,TIME1,0.8053746438991845,0.9228077543107238,0.0,7
0.0020918638860565417,False,714,time0,0.6660672124815488,3,time0,TIME0,0.7708737934218015,0.9009306358406715,0.0,2
0.0008811957826036376,False,715,time0,0.9029046330431291,0,time0,TIME0,0.8407262886409406,0.8847762135659272,0.0,5
0.0034251162849598337,False,715,time1,0.7964843759106198,7,time1,TIME1,0.8162886840086857,0.9228077543107238,0.0,7
0.00426094834279831,False,715,time0,0.7438860000405998,3,time0,TIME0,0.7930311058647804,0.9009306358406715,0.0,2
0.0003137879003119801,False,716,time0,0.9253489546147068,0,time0,TIME0,0.8480536379717023,0.8847762135659272,0.0,5
0.0026504137336219864,False,716,time0,0.8366446487979509,3,time0,TIME0,0.8227086343352354,0.9009306358406715,0.0,2
0.004276287431452528,False,716,time1,0.772988823244228,7,time1,TIME1,0.8080738050958209,0.9228077543107238,0.0,7
0.0012841020097931212,False,717,time0,0.8771934311834905,0,time0,TIME0,0.8327843679912892,0.8862786364290532,0.0,5
0.004375782409155052,False,717,time1,0.8296135002981706,7,time1,TIME1,0.8256454504651668,0.9232668647153663,0.0,7
0.0033768684180068057,False,717,time0,0.8085479411812637,3,time0,TIME0,0.8149112303191215,0.9049551138186346,0.0,2
0.002962711942052272,False,718,time1,0.8955705077533045,7,time1,TIME1,0.8457932772311344,0.9232668647153663,0.0,7
0.0035518709167838996,False,718,time0,0.8188070009940231,3,time0,TIME0,0.8185136104950408,0.9049551138186346,0.0,2
0.004243155051909367,False,718,time0,0.7679801576550013,0,time0,TIME0,0.7960570150617137,0.8862786364290532,0.0,5
0.002050559562875387,False,719,time1,0.9244700641188371,7,time1,TIME1,0.8555661422875733,0.9232668647153663,0.0,7
0.005509413011382953,False,719,time0,0.8633507580658232,0,time0,TIME0,0.8207807756823938,0.8862786364290532,0.0,5
0.008424677548632842,False,719,time0,0.6687539100428724,3,time0,TIME0,0.7657920938757038,0.9049551138186346,0.0,2
0.00216188679112975,False,720,time1,0.9102226496383022,7,time1,TIME1,0.9519162105210464,0.9239343671731048,1.0,7
0.0013544196226051347,False,720,time0,0.8528031960528627,3,time0,TIME0,0.9266108114101326,0.9086169574928625,1.0,2
0.014756928852997305,False,720,time0,0.6430844330010965,0,time0,TIME0,0.7376232878590623,0.8875672069033234,0.0,5
0.00156834259121967,False,721,time1,0.8919182630787703,7,time1,TIME1,0.946708512010702,0.9239343671731048,1.0,7
0.0030208129829093983,False,721,time0,0.858694530697746,3,time0,TIME0,0.9304168282106484,0.9086169574928625,1.0,2
0.00920796850904347,False,721,time0,0.5497742932417057,0,time0,TIME0,0.7230070592206972,0.8875672069033234,0.0,5
0.0025151423403649096,False,722,time1,0.8427748801294808,7,time1,TIME1,0.9308457088511342,0.9239343671731048,1.0,7
0.004649974246760491,False,722,time0,0.7826581383345781,3,time0,TIME0,0.9064519741987886,0.9086169574928625,1.0,2
0.0026549693113457487,False,722,time0,0.8244983702489629,0,time0,TIME0,0.8097132649053598,0.8875672069033234,0.0,5
0.0024383284944987913,False,723,time1,0.8166971726457607,7,time1,TIME1,0.9232918479222773,0.9240957695592915,1.0,7
0.006386606537347898,False,723,time0,0.6822662569707364,3,time0,TIME0,0.8758183586870733,0.9125522943346697,1.0,2
0.011712184692572764,False,723,time0,0.6672046124583121,0,time0,TIME0,0.7551263068067579,0.8888776294975992,0.0,5
0.002167285689713142,False,724,time1,0.8209098634419599,7,time1,TIME1,0.9251043094582007,0.9240957695592915,1.0,7
0.0032245940224794995,False,724,time0,0.8086731809804998,3,time0,TIME0,0.91564455016154,0.9125522943346697,1.0,2
0.0026205864532075963,False,724,time0,0.9020656589995212,0,time0,TIME0,0.8342134896045067,0.8888776294975992,0.0,5
0.0024353413723573907,False,725,time0,0.8484144270250195,3,time0,TIME0,0.9297607156459717,0.9125522943346697,1.0,2
0.002653568610811183,False,725,time1,0.8315520134052437,7,time1,TIME1,0.9277240051114163,0.9240957695592915,1.0,7
0.0009542193925656644,False,725,time0,0.9368857370483419,0,time0,TIME0,0.8511035907337278,0.8888776294975992,0.0,5
0.0016656101065746507,False,726,time1,0.8838775238005194,7,time1,TIME1,0.9442788615231791,0.9252272949777585,1.0,7
0.0013023673958552815,False,726,time0,0.884042236156657,3,time0,TIME0,0.9422212780873945,0.9158859965674429,1.0,2
0.0004967892032833817,False,726,time0,0.9718179235500645,0,time0,TIME0,0.8629044575127796,0.8885814468529226,0.0,5
0.0034466556001805943,False,727,time1,0.8170141197306774,7,time1,TIME1,0.922056983178512,0.9252272949777585,1.0,7
0.002881478670623764,False,727,time0,0.817568960828364,3,time0,TIME0,0.920489175396679,0.9158859965674429,1.0,2
0.0003468246053633667,False,727,time0,0.9733702179079331,0,time0,TIME0,0.8636610906742478,0.8885814468529226,0.0,5
0.004098881381642238,False,728,time1,0.8128805603292695,7,time1,TIME1,0.9209878070071219,0.9252272949777585,1.0,7
0.004594666598021826,False,728,time0,0.8206080663449472,3,time0,TIME0,0.9197938639710871,0.9158859965674429,1.0,2
0.0007714233189551552,False,728,time0,0.9452208539295095,0,time0,TIME0,0.8546823531558986,0.8885814468529226,0.0,5
0.002473598181579938,False,729,time1,0.898776308224591,7,time1,TIME1,0.9473923869734137,0.924638713801488,1.0,7
0.004583976597001883,False,729,time0,0.8290538456024779,3,time0,TIME0,0.9236882356302668,0.9193508176201493,1.0,2
0.001457268943660137,False,729,time0,0.9232339992182182,0,time0,TIME0,0.8467204035572289,0.8875887480319555,0.0,5
0.0011967514152604014,False,730,time1,0.9485108881705607,7,time1,TIME1,0.9635794589809682,0.924638713801488,1.0,7
0.002744184909093708,False,730,time0,0.8895484417017878,3,time0,TIME0,0.9428884713244351,0.9193508176201493,1.0,2
0.001714286777075658,False,730,time0,0.8830873193986755,0,time0,TIME0,0.8342493032046745,0.8875887480319555,0.0,5
0.0012169470666628472,False,731,time1,0.9591455184258306,7,time1,TIME1,0.9672531692657382,0.924638713801488,1.0,7
0.0027818209164103473,False,731,time0,0.8907360801910811,3,time0,TIME0,0.9441517674088066,0.9193508176201493,1.0,2
0.002687121135577277,False,731,time0,0.8340736147719068,0,time0,TIME0,0.8190118660017862,0.8875887480319555,0.0,5
0.000910481430671773,False,732,time1,0.9246539399873138,7,time1,TIME1,0.9573095858318572,0.9249070532781256,1.0,7
0.002278024368322398,False,732,time0,0.8592079642023003,3,time0,TIME0,0.9355631616124347,0.9208684454482952,1.0,2
0.002633380643672217,False,732,time0,0.8680800619597784,0,time0,TIME0,0.8263066079965242,0.8872287135760982,0.0,5
0.00080590174335602,False,733,time1,0.8781413937960537,7,time1,TIME1,0.9437995310873017,0.9249070532781256,1.0,7
0.005777201151783233,False,733,time0,0.7620763202709858,3,time0,TIME0,0.901191443172556,0.9208684454482952,1.0,2
0.0012396823130307992,False,733,time0,0.928554499699314,0,time0,TIME0,0.8476666788007384,0.8872287135760982,0.0,5
0.0012250693331608798,False,734,time1,0.8188579785900281,7,time1,TIME1,0.9251769048954167,0.9249070532781256,1.0,7
0.004488864463438424,False,734,time0,0.7870574579768033,3,time0,TIME0,0.9113588029843165,0.9208684454482952,1.0,2
0.002067754779961672,False,734,time0,0.9037306777911681,0,time0,TIME0,0.8400749610510916,0.8872287135760982,0.0,5
0.0018704555789802837,False,735,time1,0.8911506156289998,7,time1,TIME1,0.9462373100059112,0.9264842790356989,1.0,7
0.006525268747151717,False,735,time0,0.6988586007329496,3,time0,TIME0,0.8832363279238721,0.9235981757873881,1.0,2
0.0025996272457650205,False,735,time0,0.884964877297247,0,time0,TIME0,0.8342797053576774,0.8861677775614704,0.0,5
0.0015387773333670304,False,736,time1,0.905932970609577,7,time1,TIME1,0.9516036743022736,0.9264842790356989,1.0,7
0.0017759272329831547,False,736,time0,0.8441724876390666,3,time0,TIME0,0.9292220354401125,0.9235981757873881,1.0,2
0.002314095599844821,False,736,time0,0.8978897063795793,0,time0,TIME0,0.8384500534611233,0.8861677775614704,0.0,5
0.0009083842761161961,False,737,time0,0.9466212002447465,3,time0,TIME0,0.9634488831403968,0.9235981757873881,1.0,2
0.00016279231233692944,False,737,time1,0.9407196012304923,7,time1,TIME1,0.9626828703232642,0.9264842790356989,1.0,7
0.0024100527859329196,False,737,time0,0.8947077197259644,0,time0,TIME0,0.8376747700362089,0.8861677775614704,0.0,5
0.00048578165819232027,False,738,time1,0.9405676584851814,7,time1,TIME1,0.9633089808159796,0.9277591429250589,1.0,7
0.0022245763113458187,False,738,time0,0.9056964501663579,3,time0,TIME0,0.9504746170324861,0.9269708506958159,1.0,2
0.0022929976427433583,False,738,time0,0.8959340598039034,0,time0,TIME0,0.8380005649600357,0.8855432619785735,0.0,5
0.003211389210949499,False,739,time0,0.8687444001784672,3,time0,TIME0,0.9387504472186011,0.9269708506958159,1.0,2
0.0020847982599014984,False,739,time1,0.8444424274346709,7,time1,TIME1,0.9316423683231223,0.9277591429250589,1.0,7
0.0015701952563217168,False,739,time0,0.9224655430427714,0,time0,TIME0,0.8462050632524953,0.8855432619785735,0.0,5
0.003001160533174622,False,740,time0,0.8788973907661525,3,time0,TIME0,0.942505500541576,0.9269708506958159,1.0,2
0.0009250426770495334,False,740,time1,0.8584262122397508,7,time1,TIME1,0.9378359542755941,0.9277591429250589,1.0,7
0.0019742056905274192,False,740,time0,0.8949239536526409,0,time0,TIME0,0.8377300026883487,0.8855432619785735,0.0,5
0.0006330895302432955,False,741,time1,0.9160014939945322,7,time1,TIME1,0.9562619641168933,0.9289782756805235,1.0,7
0.0027786669050536552,False,741,time0,0.8716937967805222,3,time0,TIME0,0.940823846019276,0.9286214094225476,1.0,2
0.0010959043318726422,False,741,time0,0.8931696029867516,0,time0,TIME0,0.8374442493960517,0.8845623257475833,0.0,5
0.0005191316322668331,False,742,time1,0.9875333919369057,7,time1,TIME1,0.9774469018953399,0.9289782756805235,1.0,7
0.006428705911226543,False,742,time0,0.7368155289951797,3,time0,TIME0,0.8947977371774325,0.9286214094225476,1.0,2
0.0005578863492941455,False,742,time0,0.8712123815076358,0,time0,TIME0,0.8316162580029602,0.8845623257475833,0.0,5
0.0004955720592398241,False,743,time1,0.9203548782522837,7,time1,TIME1,0.9575167443337916,0.9289782756805235,1.0,7
0.006479538071748134,False,743,time0,0.7333537691903727,3,time0,TIME0,0.8958224341401712,0.9286214094225476,1.0,2
0.0008999333720680781,False,743,time0,0.9366512792787205,0,time0,TIME0,0.8509073378273849,0.8845623257475833,0.0,5
0.0008664283598606826,False,744,time1,0.8727044156342811,7,time1,TIME1,0.9432941020583007,0.9307968164446384,1.0,7
0.003914207966703297,False,744,time0,0.8179114342668348,3,time0,TIME0,0.9226119914834923,0.9301852620706602,1.0,2
0.0015221813806030986,False,744,time0,0.8926063714574073,0,time0,TIME0,0.837293054354709,0.8854313047968663,0.0,5
0.00027283164179773645,False,745,time0,0.9350044545112222,3,time0,TIME0,0.960001251368106,0.9301852620706602,1.0,2
0.0003193734399146785,False,745,time1,0.8456366877327501,7,time1,TIME1,0.9356621103303147,0.9307968164446384,1.0,7
0.0013203826645526312,False,745,time0,0.9073123485267734,0,time0,TIME0,0.8421904335182888,0.8854313047968663,0.0,5
0.0014010027101096472,False,746,time0,0.9265858360503646,3,time0,TIME0,0.9581927369216368,0.9301852620706602,1.0,2
0.0008837349446528912,False,746,time1,0.8269150650644801,7,time1,TIME1,0.9291808045410606,0.9307968164446384,1.0,7
0.0013364464550133287,False,746,time0,0.9080889534900509,0,time0,TIME0,0.8425581245678586,0.8854313047968663,0.0,5
0.0006962341536696759,False,747,time0,0.9674484313456598,3,time0,TIME0,0.9721050335730108,0.9321060058442104,1.0,2
0.0019323701791045982,False,747,time1,0.8791876555532565,7,time1,TIME1,0.9442856834689967,0.932378339120226,1.0,7
0.0016310867671126016,False,747,time0,0.8914322943031402,0,time0,TIME0,0.837034974574085,0.8853117930075511,0.0,5
0.0013005364847949166,False,748,time1,0.9104005434779717,7,time1,TIME1,0.9546016292552293,0.932378339120226,1.0,7
0.002916156344729785,False,748,time0,0.8762221518531448,3,time0,TIME0,0.9416055873515202,0.9321060058442104,1.0,2
0.0006522968338415649,False,748,time0,0.8743272674038602,0,time0,TIME0,0.8319027606478802,0.8853117930075511,0.0,5
0.0004584608005355975,False,749,time1,0.9614488513674674,7,time1,TIME1,0.9704982847439637,0.932378339120226,1.0,7
0.003071954029177061,False,749,time0,0.8758963209300342,3,time0,TIME0,0.9425959116795405,0.9321060058442104,1.0,2
0.0006474004969126506,False,749,time0,0.9406327269598155,0,time0,TIME0,0.8523036988303807,0.8853117930075511,0.0,5
0.0016915016371096194,False,750,time0,0.9100898457599786,3,time0,TIME0,0.9538426622306936,0.9336691548495664,1.0,2
0.001104709090842547,False,750,time1,0.8256840717173847,7,time1,TIME1,0.9294134991420487,0.9326439731311933,1.0,7
0.0013925031570976682,False,750,time0,0.913908746941734,0,time0,TIME0,0.8436737986348524,0.8856392758907339,0.0,5
0.0017398170389980182,False,751,time0,0.8628130193459708,3,time0,TIME0,0.9404053103128366,0.9336691548495664,1.0,2
0.0010807131923476735,False,751,time1,0.8106989045593898,7,time1,TIME1,0.9251612933293482,0.9326439731311933,1.0,7
0.0032024367193084708,False,751,time0,0.8307455982916648,0,time0,TIME0,0.8157531825318933,0.8856392758907339,0.0,5
0.00011326489375683713,False,752,time1,0.912296595895619,7,time1,TIME1,0.9559367743148438,0.9326439731311933,1.0,7
0.0036261032830370945,False,752,time0,0.8282093047450794,3,time0,TIME0,0.9272466896021957,0.9336691548495664,1.0,2
0.0024098051578365603,False,752,time0,0.8740760767955092,0,time0,TIME0,0.8303211437408191,0.8856392758907339,0.0,5
0.0010499049237053968,False,753,time1,0.9564323216243518,7,time1,TIME1,0.968672950008083,0.9333461126691609,1.0,7
0.005188701724962101,False,753,time0,0.7365140110880534,3,time0,TIME0,0.8986619433594697,0.93402908301696,1.0,2
0.002837113196622052,False,753,time0,0.8377983379593127,0,time0,TIME0,0.819417155948099,0.8848577013880559,0.0,5
5.7132837187318284e-05,False,754,time0,0.9534541787833718,3,time0,TIME0,0.9659477159829167,0.93402908301696,1.0,2
0.0021227673962743413,False,754,time1,0.9034164598996394,7,time1,TIME1,0.9515549425618973,0.9333461126691609,1.0,7
0.0027211329844871427,False,754,time0,0.8379657545870289,0,time0,TIME0,0.8196037391142678,0.8848577013880559,0.0,5
0.0025509897541848535,False,755,time1,0.8824160039518852,7,time1,TIME1,0.9454194719433089,0.9333461126691609,1.0,7
0.00042151448292352653,False,755,time0,0.872214395176329,3,time0,TIME0,0.9445397905105525,0.93402908301696,1.0,2
0.002682614044473781,False,755,time0,0.8290110326944016,0,time0,TIME0,0.8172621484955738,0.8848577013880559,0.0,5
0.002184209901225439,False,756,time1,0.8701695889446086,7,time1,TIME1,0.9418213516271995,0.9330024069643142,1.0,7
0.002410738741734811,False,756,time0,0.7967813973334026,3,time0,TIME0,0.9186035839299684,0.9341086483087557,1.0,2
0.0028765823878093813,False,756,time0,0.8216893093964032,0,time0,TIME0,0.8150923350443284,0.8854967076314966,0.0,5
0.0008185712539399564,False,757,time1,0.8414405221132848,7,time1,TIME1,0.9337238161210757,0.9330024069643142,1.0,7
0.0028554177616050527,False,757,time0,0.8385129453349709,3,time0,TIME0,0.9319541146100352,0.9341086483087557,1.0,2
0.0024579625452928414,False,757,time0,0.8403017342637819,0,time0,TIME0,0.8209442703756971,0.8854967076314966,0.0,5
0.0005015932749360083,False,758,time1,0.9366269310672954,7,time1,TIME1,0.9635609769444659,0.9330024069643142,1.0,7
0.0026024414178635966,False,758,time0,0.9053792946734152,3,time0,TIME0,0.9525850482595095,0.9341086483087557,1.0,2
0.0026970513685742985,False,758,time0,0.8262076699354753,0,time0,TIME0,0.8165527753597579,0.8854967076314966,0.0,5
0.0015139460147341327,False,759,time0,0.9406098090485672,3,time0,TIME0,0.9634566284991251,0.9341258763778537,1.0,2
0.0016995916513468498,False,759,time1,0.8923950827798599,7,time1,TIME1,0.9485933252411544,0.9338268667991677,1.0,7
0.003380622234831166,False,759,time0,0.7838469912225281,0,time0,TIME0,0.8029992183261765,0.8855479386709739,0.0,5
0.0015346168999526254,False,760,time1,0.9028145511202113,7,time1,TIME1,0.9527843879929685,0.9338268667991677,1.0,7
0.0009902145390567319,False,760,time0,0.8850158707284249,3,time0,TIME0,0.9475736080696194,0.9341258763778537,1.0,2
0.0013140418484331297,False,760,time0,0.8888232495932081,0,time0,TIME0,0.8353469741096957,0.8855479386709739,0.0,5
0.0008219702958954938,False,761,time1,0.9378317984697473,7,time1,TIME1,0.9635309339594623,0.9338268667991677,1.0,7
0.004205511252100185,False,761,time0,0.8364897467915873,3,time0,TIME0,0.9282580906153388,0.9341258763778537,1.0,2
0.0008474403824587737,False,761,time0,0.886975566374593,0,time0,TIME0,0.8362499568999504,0.8855479386709739,0.0,5
0.000982400833617581,False,762,time1,0.9146541911688412,7,time1,TIME1,0.9559298688588365,0.9344722580891758,1.0,7
0.005134089772641006,False,762,time0,0.7991264574868413,3,time0,TIME0,0.9177373505386532,0.9335064579295477,1.0,2
0.00098103736388072,False,762,time0,0.8565150167984535,0,time0,TIME0,0.8273485237470568,0.8855135720677283,0.0,5
0.0006446461754859655,False,763,time1,0.9627451206393243,7,time1,TIME1,0.9712263776872084,0.9344722580891758,1.0,7
0.0036674024112232206,False,763,time0,0.8348496152832974,3,time0,TIME0,0.9294373010354607,0.9335064579295477,1.0,2
0.0011217534366148782,False,763,time0,0.869311151961447,0,time0,TIME0,0.8309030435709072,0.8855135720677283,0.0,5
0.0012043003924112237,False,764,time1,0.9467415490745168,7,time1,TIME1,0.9658896002490309,0.9344722580891758,1.0,7
0.00028922956243347165,False,764,time0,0.9057000351694443,3,time0,TIME0,0.9525162242883403,0.9335064579295477,1.0,2
0.0019599014881745078,False,764,time0,0.8946360471740891,0,time0,TIME0,0.8373967475785687,0.8855135720677283,0.0,5
0.0010364477220002606,False,765,time0,0.9611015169371795,3,time0,TIME0,0.9699877043338369,0.9330765258057634,1.0,2
0.0012189318794509324,False,765,time1,0.9368322794075448,7,time1,TIME1,0.9633264722021077,0.9341510599026088,1.0,7
0.0027357980225364105,False,765,time0,0.8628852213444402,0,time0,TIME0,0.8272227850503717,0.8860123048915927,0.0,5
0.0011496803229103971,False,766,time0,0.9288377726798372,3,time0,TIME0,0.9599253106561793,0.9330765258057634,1.0,2
0.000991246286715209,False,766,time1,0.8523695707436403,7,time1,TIME1,0.9372121009627842,0.9341510599026088,1.0,7
0.0035309316234889334,False,766,time0,0.8318357106768787,0,time0,TIME0,0.8172634308417677,0.8860123048915927,0.0,5
0.003315526566084386,False,767,time0,0.8534403844257374,3,time0,TIME0,0.9348091334957077,0.9330765258057634,1.0,2
0.000451327179471665,False,767,time1,0.8380632607864942,7,time1,TIME1,0.9339728068978282,0.9341510599026088,1.0,7
0.00348456780806625,False,767,time0,0.8322785589626248,0,time0,TIME0,0.8178831675455036,0.8860123048915927,0.0,5
0.0020655575135227326,False,768,time1,0.8683771690715099,7,time1,TIME1,0.9409053235980481,0.9357731599905306,1.0,7
0.0032440525257332107,False,768,time0,0.8578971088239823,3,time0,TIME0,0.9371434014873826,0.9322216122631695,1.0,2
0.0024442715688114216,False,768,time0,0.8786579697252906,0,time0,TIME0,0.8323245002912216,0.8866917716583408,0.0,5
0.003048119391986198,False,769,time0,0.873899527152096,3,time0,TIME0,0.9418864775577825,0.9322216122631695,1.0,2
0.002179161015432093,False,769,time1,0.8590953767858772,7,time1,TIME1,0.9396125479024117,0.9357731599905306,1.0,7
0.0020895144495548922,False,769,time0,0.8913135553724121,0,time0,TIME0,0.8368667177652886,0.8866917716583408,0.0,5
0.0006915838214011748,False,770,time1,0.9200055812975407,7,time1,TIME1,0.9582842386087426,0.9357731599905306,1.0,7
0.0014635674422159687,False,770,time0,0.8995256127360257,3,time0,TIME0,0.9504514124435669,0.9322216122631695,1.0,2
0.0019536231202244114,False,770,time0,0.882233719162292,0,time0,TIME0,0.8342099387045192,0.8866917716583408,0.0,5
0.0007699464251601714,False,771,time1,0.8956160654517831,7,time1,TIME1,0.9508705339227056,0.9353081092537833,1.0,7
0.0008398368037456204,False,771,time0,0.8177805746396074,3,time0,TIME0,0.9268302382127168,0.9310085065980882,1.0,2
0.0016244617414734148,False,771,time0,0.8678079995952135,0,time0,TIME0,0.8303056727510312,0.8871230902743796,0.0,5
0.0017166819944709963,False,772,time1,0.8965545804105397,7,time1,TIME1,0.9505445283548911,0.9353081092537833,1.0,7
0.002446664729854561,False,772,time0,0.8679605797295376,3,time0,TIME0,0.9397067925019608,0.9310085065980882,1.0,2
0.001993896886266783,False,772,time0,0.8554525788875067,0,time0,TIME0,0.8263413122338252,0.8871230902743796,0.0,5
0.0023888067714731443,False,773,time0,0.8597327795145446,3,time0,TIME0,0.93845967391412,0.9310085065980882,1.0,2
0.00044929807393950864,False,773,time1,0.8397753981206687,7,time1,TIME1,0.9338919465645444,0.9353081092537833,1.0,7
0.0019196729618805096,False,773,time0,0.8502843361708343,0,time0,TIME0,0.8247558138128774,0.8871230902743796,0.0,5
0.0015984270238879723,False,774,time0,0.9010395952226683,3,time0,TIME0,0.9507805058238784,0.9303619184442409,1.0,2
0.001440123728401002,False,774,time1,0.8706098084879005,7,time1,TIME1,0.9428679471697433,0.9347897943457455,1.0,7
0.0018146486695735657,False,774,time0,0.8623709999818535,0,time0,TIME0,0.8287998051914862,0.8874736376258268,0.0,5
0.0005430923022016695,False,775,time1,0.9093483215563991,7,time1,TIME1,0.9549373803058128,0.9347897943457455,1.0,7
0.0013140656588270104,False,775,time0,0.9054434119162103,3,time0,TIME0,0.9527302003460779,0.9303619184442409,1.0,2
0.0020302261358756224,False,775,time0,0.8583094610845395,0,time0,TIME0,0.8271870534292636,0.8874736376258268,0.0,5
0.0013539420077496999,False,776,time1,0.9330382239785241,7,time1,TIME1,0.961478497612215,0.9347897943457455,1.0,7
0.002737935113616269,False,776,time0,0.8146239981790924,3,time0,TIME0,0.9235063951935357,0.9303619184442409,1.0,2
0.001563012201633216,False,776,time0,0.8889624624796156,0,time0,TIME0,0.836816540185649,0.8874736376258268,0.0,5
0.0009083134943089325,False,777,time1,0.8968150916419204,7,time1,TIME1,0.9513564940769472,0.9341994023023533,1.0,7
0.002138482256235623,False,777,time0,0.8637021045673726,3,time0,TIME0,0.9386720859349402,0.9283490275197104,1.0,2
0.001309036470723148,False,777,time0,0.8495712125047764,0,time0,TIME0,0.8247349458307963,0.8861002408867469,0.0,5
0.0015830771123274442,False,778,time0,0.9259957005387676,3,time0,TIME0,0.9580596823431836,0.9283490275197104,1.0,2
0.0009152528171473451,False,778,time1,0.8598615477152272,7,time1,TIME1,0.9401434578534866,0.9341994023023533,1.0,7
0.001450386549308912,False,778,time0,0.8850195264679633,0,time0,TIME0,0.8353271659075916,0.8861002408867469,0.0,5
0.0017683876717608216,False,779,time0,0.9135159344905113,3,time0,TIME0,0.9532365263913871,0.9283490275197104,1.0,2
0.0023333214106128794,False,779,time1,0.8873638298034983,7,time1,TIME1,0.9458224517922411,0.9341994023023533,1.0,7
0.0015307597243730102,False,779,time0,0.9209921688930269,0,time0,TIME0,0.8462691929041894,0.8861002408867469,0.0,5
0.002594227914265376,False,780,time1,0.8697713983799106,7,time1,TIME1,0.9414447141255772,0.9336622558490426,1.0,7
0.00021796382244285414,False,780,time0,0.8670001782115521,3,time0,TIME0,0.9401567217157393,0.9264209850049236,1.0,2
0.002128779737187352,False,780,time0,0.887059718077596,0,time0,TIME0,0.8343823592741878,0.883444419116441,0.0,5
0.0015069291998865448,False,781,time1,0.9152374068104798,7,time1,TIME1,0.9558754192766149,0.9336622558490426,1.0,7
0.003443052005295809,False,781,time0,0.8478131025532809,3,time0,TIME0,0.9304325593545261,0.9264209850049236,1.0,2
0.0022194888960060115,False,781,time0,0.8805468162354491,0,time0,TIME0,0.8328436421925586,0.883444419116441,0.0,5
0.0001975914194517425,False,782,time1,0.973989982080941,7,time1,TIME1,0.974472818566852,0.9336622558490426,1.0,7
0.0023938112833506216,False,782,time0,0.8828201891610533,3,time0,TIME0,0.9434739840990962,0.9264209850049236,1.0,2
0.0019168406072993338,False,782,time0,0.8909227077830378,0,time0,TIME0,0.8361886679902103,0.883444419116441,0.0,5
0.0002120759043665033,False,783,time1,0.9606278081592046,7,time1,TIME1,0.971117003979176,0.9333394202014496,1.0,7
0.0011753419749153538,False,783,time0,0.9400991247568625,3,time0,TIME0,0.9613576091692136,0.9249086825284121,1.0,2
0.0010712675008661247,False,783,time0,0.9292451454421844,0,time0,TIME0,0.847026595567383,0.880757942768297,0.0,5
9.851066819526326e-05,False,784,time0,0.9670232334666603,3,time0,TIME0,0.9705082498755552,0.9249086825284121,1.0,2
0.0015303627401695805,False,784,time1,0.8824391855607439,7,time1,TIME1,0.9454907795804649,0.9333394202014496,1.0,7
0.0009904232046903775,False,784,time0,0.936707503854925,0,time0,TIME0,0.8500875506023171,0.880757942768297,0.0,5
0.0006519961735042891,False,785,time0,0.9278628058469865,3,time0,TIME0,0.9584842643834887,0.9249086825284121,1.0,2
0.0013396840192067294,False,785,time1,0.8943071252023429,7,time1,TIME1,0.9502338733932326,0.9333394202014496,1.0,7
0.0007587778352232257,False,785,time0,0.9224985716423852,0,time0,TIME0,0.8459990286209438,0.880757942768297,0.0,5
0.0011617333607509487,False,786,time1,0.9266602626461056,7,time1,TIME1,0.960195512309876,0.9337703320906284,1.0,7
0.0002091603622217066,False,786,time0,0.9215483912838648,3,time0,TIME0,0.9568246451782422,0.9237842869004201,1.0,2
0.0012094780707896516,False,786,time0,0.9141031099631621,0,time0,TIME0,0.842480008899106,0.8788882224042978,0.0,5
0.0001902630672460377,False,787,time1,0.9478626798602053,7,time1,TIME1,0.9668146915145679,0.9337703320906284,1.0,7
0.0007852107275317919,False,787,time0,0.9538763306796307,3,time0,TIME0,0.9658604442943516,0.9237842869004201,1.0,2
0.0018405940981819555,False,787,time0,0.8660864515806116,0,time0,TIME0,0.8274191111007398,0.8788882224042978,0.0,5
0.0015029044857172596,False,788,time0,0.9140002681650105,3,time0,TIME0,0.953288378365613,0.9237842869004201,1.0,2
0.0006480394813011589,False,788,time1,0.8864145996955679,7,time1,TIME1,0.9482913060655211,0.9337703320906284,1.0,7
0.0017337128116104406,False,788,time0,0.8704493704478131,0,time0,TIME0,0.8290277329254063,0.8788882224042978,0.0,5
0.0007991189197428417,False,789,time0,0.9408088824535424,3,time0,TIME0,0.9615065337648953,0.9219353280853044,1.0,2
0.0002942703851616168,False,789,time1,0.8458690125807748,7,time1,TIME1,0.9369126912778738,0.9347551975064848,1.0,7
0.0010464005748714689,False,789,time0,0.8831434549338779,0,time0,TIME0,0.8325973462476629,0.8790778764529303,0.0,5
0.00027941177943300503,False,790,time0,0.9231448720007854,3,time0,TIME0,0.9568028188886045,0.9219353280853044,1.0,2
0.0006997367708385944,False,790,time1,0.8726343813466132,7,time1,TIME1,0.9441655601731537,0.9347551975064848,1.0,7
0.0012945628898864937,False,790,time0,0.8617466571699279,0,time0,TIME0,0.8264867030018308,0.8790778764529303,0.0,5
0.0008222734455012207,False,791,time0,0.9011075792956079,3,time0,TIME0,0.9493312071229455,0.9219353280853044,1.0,2
0.003040873023295787,False,791,time1,0.8167605355520751,7,time1,TIME1,0.924302526102634,0.9347551975064848,1.0,7
0.0009916001957515272,False,791,time0,0.9003363135020269,0,time0,TIME0,0.8380206565524284,0.8790778764529303,0.0,5
0.0006431281005324744,False,792,time0,0.9389738820788188,3,time0,TIME0,0.9608326930589096,0.921249029007124,1.0,2
0.002174392659370288,False,792,time1,0.8626547910994513,7,time1,TIME1,0.9394617476987539,0.9339267507354005,1.0,7
0.0019020188535667055,False,792,time0,0.896683689494872,0,time0,TIME0,0.8362626531376081,0.8789104366931999,0.0,5
0.0008286647504786557,False,793,time0,0.9428961089150295,3,time0,TIME0,0.9618743698280895,0.921249029007124,1.0,2
0.00032049655995967306,False,793,time1,0.8835735822224058,7,time1,TIME1,0.9468783577597623,0.9339267507354005,1.0,7
0.002388260647620771,False,793,time0,0.8708247080366476,0,time0,TIME0,0.82794515946611,0.8789104366931999,0.0,5
0.0011020034724942543,False,794,time0,0.9184785252137259,3,time0,TIME0,0.9546448937466888,0.921249029007124,1.0,2
0.0013923670049362958,False,794,time1,0.8839277792935256,7,time1,TIME1,0.9465404616062619,0.9339267507354005,1.0,7
0.0018716363580586416,False,794,time0,0.8902485680403662,0,time0,TIME0,0.8347123872134599,0.8789104366931999,0.0,5
0.0002936215789856327,False,795,time1,0.9287171002294948,7,time1,TIME1,0.9602632333743788,0.9321006017102067,1.0,7
0.0013544082585535099,False,795,time0,0.9036965018158293,3,time0,TIME0,0.949319614354705,0.9189044472170418,1.0,2
0.002032811511734817,False,795,time0,0.8880778056392293,0,time0,TIME0,0.8341304594405544,0.8786676029832563,0.0,5
0.0006161336076155122,False,796,time1,0.8856921063529103,7,time1,TIME1,0.9476851316563003,0.9321006017102067,1.0,7
0.0019850965646884653,False,796,time0,0.8771637276827741,3,time0,TIME0,0.9406382474658078,0.9189044472170418,1.0,2
0.001203305983779514,False,796,time0,0.8683811816666465,0,time0,TIME0,0.8282667019613671,0.8786676029832563,0.0,5
0.0010677651001553324,False,797,time1,0.898174141308283,7,time1,TIME1,0.9511910894827549,0.9321006017102067,1.0,7
0.001577602669858012,False,797,time0,0.9053069671273068,3,time0,TIME0,0.9495999164249528,0.9189044472170418,1.0,2
0.0014980766036707524,False,797,time0,0.8854981435277824,0,time0,TIME0,0.8332615915260811,0.8786676029832563,0.0,5
0.0005352304348294417,False,798,time1,0.9530850420366804,7,time1,TIME1,0.9678482417935906,0.9320017405772991,1.0,7
0.0005582356585952822,False,798,time0,0.9550883890140238,3,time0,TIME0,0.9643289493287307,0.9166074117996972,1.0,2
0.0020606631788314855,False,798,time0,0.848169571996815,0,time0,TIME0,0.8217255586375424,0.8781865327652163,0.0,5
0.0009393179822425988,False,799,time1,0.9126428718438787,7,time1,TIME1,0.9549351524499272,0.9320017405772991,1.0,7
0.002054789804035488,False,799,time0,0.8956908661352504,3,time0,TIME0,0.9442306067238716,0.9166074117996972,1.0,2
0.00175866415627431,False,799,time0,0.8643913567550302,0,time0,TIME0,0.8270388612576504,0.8781865327652163,0.0,5
0.0004964514203774647,False,800,time0,0.9481990232637586,3,time0,TIME0,0.9617615594757333,0.9166074117996972,1.0,2
0.0016719845819327744,False,800,time1,0.8603887863899219,7,time1,TIME1,0.9379770682350009,0.9320017405772991,1.0,7
0.0014317589205725754,False,800,time0,0.8888828829587432,0,time0,TIME0,0.834676349849297,0.8781865327652163,0.0,5
0.0014313204846379806,False,801,time1,0.8531299793719569,7,time1,TIME1,0.9374775084253436,0.932301233348616,1.0,7
0.0009444562652420604,False,801,time0,0.9467859817499789,3,time0,TIME0,0.8612651810690278,0.9157579838584221,0.0,2
0.001420580373561825,False,801,time0,0.8954344920833701,0,time0,TIME0,0.8366407058862,0.8782062229316917,0.0,5
0.0007765200961089201,False,802,time1,0.8308081376362201,7,time1,TIME1,0.9310117769867866,0.932301233348616,1.0,7
0.0013058690389626322,False,802,time0,0.9243334319059064,3,time0,TIME0,0.8547553581334159,0.9157579838584221,0.0,2
0.001072422196740277,False,802,time0,0.9197526278084204,0,time0,TIME0,0.8442419954238275,0.8782062229316917,0.0,5
0.0014843623579407674,False,803,time1,0.9266221398020309,7,time1,TIME1,0.9586057279967709,0.932301233348616,1.0,7
0.001097453522681773,False,803,time0,0.9357709940378659,3,time0,TIME0,0.858525272796475,0.9157579838584221,0.0,2
0.0015775838380010336,False,803,time0,0.8974088661946455,0,time0,TIME0,0.8368696298961178,0.8782062229316917,0.0,5
0.00028437908757004347,False,804,time0,0.9680484216585445,3,time0,TIME0,0.9681649712031832,0.9151774362288498,1.0,2
0.003442659350254903,False,804,time1,0.8318171581411671,7,time1,TIME1,0.9281245023285196,0.9321919467748195,1.0,7
0.002058291663600965,False,804,time0,0.8428873020342122,0,time0,TIME0,0.819330588089264,0.8790508791831643,0.0,5
3.8812704130023365e-05,False,805,time0,0.9837861007608789,3,time0,TIME0,0.9737032883183964,0.9151774362288498,1.0,2
0.002337054014540873,False,805,time1,0.8599441533040432,7,time1,TIME1,0.9372735563137775,0.9321919467748195,1.0,7
0.000566249263113968,False,805,time0,0.9389388652896997,0,time0,TIME0,0.849174725017202,0.8790508791831643,0.0,5
0.00038613940779219175,False,806,time0,0.980076989370199,3,time0,TIME0,0.9721776206394441,0.9151774362288498,1.0,2
0.001360175785325801,False,806,time1,0.8323253289384512,7,time1,TIME1,0.9307573583291773,0.9321919467748195,1.0,7
0.000783868146004108,False,806,time0,0.9191248278780577,0,time0,TIME0,0.844453989348147,0.8790508791831643,0.0,5
0.0005332689995189851,False,807,time1,0.9631465700507109,7,time1,TIME1,0.9704482133362408,0.9330645662482633,1.0,7
0.0004811384690419833,False,807,time0,0.9690984495486896,3,time0,TIME0,0.9686471765262291,0.9140843362496651,1.0,2
0.0004200347751729022,False,808,time0,0.9735102402686511,3,time0,TIME0,0.9701504097363663,0.9140843362496651,1.0,2
0.0009114616612962174,False,808,time1,0.9109090246947553,7,time1,TIME1,0.9547252386210331,0.9330645662482633,1.0,7
0.0007388097354259354,False,809,time0,0.9641387967173563,3,time0,TIME0,0.9667465240245078,0.9140843362496651,1.0,2
0.0008340321544046877,False,809,time1,0.9008487577484874,7,time1,TIME1,0.9516248683892451,0.9330645662482633,1.0,7
0.000359790582408384,False,810,time0,0.9639754911124767,3,time0,TIME0,0.9666556995654886,0.9122258762432278,1.0,2
0.0006002401155855934,False,810,time1,0.8569279275277534,7,time1,TIME1,0.9401824005351976,0.935317538180235,1.0,7
0.00030063815031782876,False,811,time0,0.9614548443185812,3,time0,TIME0,0.966053185034946,0.9122258762432278,1.0,2
0.001327863349164641,False,811,time1,0.8785066094123697,7,time1,TIME1,0.9449260042789532,0.935317538180235,1.0,7
0.0003627587644637432,False,812,time0,0.9859607917782269,3,time0,TIME0,0.973063378185902,0.9122258762432278,1.0,2
0.002192626009629772,False,812,time1,0.8698300254676428,7,time1,TIME1,0.9420021798072198,0.935317538180235,1.0,7
0.002170910930410546,False,813,time1,0.8667858974919839,7,time1,TIME1,0.9418616516364592,0.9366583858110056,1.0,7
0.00024251259557791157,False,813,time0,0.9626827663042838,3,time0,TIME0,0.8664408554324916,0.9118738905007042,0.0,2
0.019514486251803475,False,813,time0,0.14329309280989622,0,time0,TIME0,0.5819141573031327,0.8815316519246652,0.0,5
0.0014401815227206944,False,814,time1,0.9086157846130352,7,time1,TIME1,0.9548341695054673,0.9366583858110056,1.0,7
0.0013040594490276967,False,814,time0,0.9126401104803747,3,time0,TIME0,0.8496492359301079,0.9118738905007042,0.0,2
0.002906408802391267,False,814,time0,0.7634904976217382,0,time0,TIME0,0.7838764679395789,0.8815316519246652,0.0,5
0.00036422791988071577,False,815,time1,0.8811591251539166,7,time1,TIME1,0.9470095017069137,0.9366583858110056,1.0,7
0.0006533555846512842,False,815,time0,0.9491121818547701,3,time0,TIME0,0.8616606195123113,0.9118738905007042,0.0,2
0.001141473421285025,False,815,time0,0.9104154582195554,0,time0,TIME0,0.8411696631670963,0.8815316519246652,0.0,5
0.0010631959937986834,False,816,time1,0.9100157873339978,7,time1,TIME1,0.9559724032940397,0.9378538768287034,1.0,7
0.0011542567888433366,False,816,time0,0.9301517255818212,3,time0,TIME0,0.8550615624779732,0.9105781278403942,0.0,2
0.0011686856710769326,False,816,time0,0.9178535782409818,0,time0,TIME0,0.8443374658068052,0.8803719300210997,0.0,5
0.001378218977121429,False,817,time1,0.8871628447246306,7,time1,TIME1,0.9476960651348563,0.9378538768287034,1.0,7
0.001073940542266426,False,817,time0,0.9199899222680576,3,time0,TIME0,0.8521318325328935,0.9105781278403942,0.0,2
0.0012020404613447531,False,817,time0,0.8984597542560719,0,time0,TIME0,0.8381959787770326,0.8803719300210997,0.0,5
0.0009514362822081964,False,818,time1,0.9182600373654398,7,time1,TIME1,0.9587058079635074,0.9378538768287034,1.0,7
0.000839807690127648,False,818,time0,0.9291348343187402,3,time0,TIME0,0.8548378360165794,0.9105781278403942,0.0,2
0.0011900046319252334,False,818,time0,0.8841018903213598,0,time0,TIME0,0.8342260290261769,0.8803719300210997,0.0,5
0.0012088682000191157,False,819,time1,0.9434645664461077,7,time1,TIME1,0.9662933976547732,0.9389274883474656,1.0,7
0.0007644580752561316,False,819,time0,0.944254655270663,3,time0,TIME0,0.8589313895324291,0.9076739018597271,0.0,2
0.001034767898711975,False,819,time0,0.8240132339712476,0,time0,TIME0,0.8159696972820805,0.8806053125345012,0.0,5
0.00024665157258055835,False,820,time1,0.8936311775274323,7,time1,TIME1,0.9516836444214213,0.9389274883474656,1.0,7
0.0018555180201501446,False,820,time0,0.8931221038827192,3,time0,TIME0,0.8420983958251171,0.9076739018597271,0.0,2
0.001191044713221569,False,820,time0,0.865391248094497,0,time0,TIME0,0.8281860912945918,0.8806053125345012,0.0,5
0.0017104681310425042,False,821,time1,0.8764630856284731,7,time1,TIME1,0.9447822471718268,0.9389274883474656,1.0,7
0.0012140963131409455,False,821,time0,0.9287190012907777,3,time0,TIME0,0.8538898002385744,0.9076739018597271,0.0,2
0.0012132811318377196,False,821,time0,0.8663066888870601,0,time0,TIME0,0.8289040201156581,0.8806053125345012,0.0,5
0.003583770350840292,False,822,time1,0.8296666853291923,7,time1,TIME1,0.9291345546408117,0.9392200346222082,1.0,7
0.0014106787130374603,False,822,time0,0.9040627669604616,3,time0,TIME0,0.846195596887084,0.9061251017969634,0.0,2
0.0019447325356074733,False,822,time0,0.8949853095104457,0,time0,TIME0,0.8363342869634185,0.8810566133511427,0.0,5
0.0036735645411595536,False,823,time1,0.8163648291516713,7,time1,TIME1,0.9261821141791012,0.9392200346222082,1.0,7
0.0003498836727744593,False,823,time0,0.9393717166466333,3,time0,TIME0,0.8568518427846366,0.9061251017969634,0.0,2
0.002436063043750103,False,823,time0,0.8745124664886902,0,time0,TIME0,0.8300247726641317,0.8810566133511427,0.0,5
0.0025054919877250496,False,824,time1,0.8496803687656506,7,time1,TIME1,0.9366018126802852,0.9392200346222082,1.0,7
0.0009041000286536112,False,824,time0,0.9313473848362709,3,time0,TIME0,0.8546564445797948,0.9061251017969634,0.0,2
0.0023368252183014917,False,824,time0,0.8710398625057217,0,time0,TIME0,0.8293603152361231,0.8810566133511427,0.0,5
0.0018639856455885107,False,825,time1,0.8217014459464929,7,time1,TIME1,0.9268140281690864,0.939894585529983,1.0,7
0.0011766741664529807,False,825,time0,0.9169920785660911,3,time0,TIME0,0.8498435434176271,0.9040067018575201,0.0,2
0.0019498197344891542,False,825,time0,0.8834779958720462,0,time0,TIME0,0.8332666631865524,0.8814510144102456,0.0,5
0.0008218525426748472,False,826,time1,0.9436800221590107,7,time1,TIME1,0.9655117513182769,0.939894585529983,1.0,7
0.0011034872929492762,False,826,time0,0.9229931043299425,3,time0,TIME0,0.851799137376344,0.9040067018575201,0.0,2
0.0014455216529228267,False,826,time0,0.885237170165664,0,time0,TIME0,0.8342757688693808,0.8814510144102456,0.0,5
0.0017018926012282332,False,827,time1,0.8639688048666228,7,time1,TIME1,0.94200747414356,0.939894585529983,1.0,7
0.00047054906693618637,False,827,time0,0.9610426117713504,3,time0,TIME0,0.8634152380341455,0.9040067018575201,0.0,2
0.0012554009610092893,False,827,time0,0.9072130901041865,0,time0,TIME0,0.8409270674907307,0.8814510144102456,0.0,5
0.0020031301240974776,False,828,time1,0.8810412542688305,7,time1,TIME1,0.9470916912175875,0.9400033025320593,1.0,7
0.0008584513908798542,False,828,time0,0.9558430370809242,3,time0,TIME0,0.8611912237474121,0.9030847557238535,0.0,2
0.0018722333495706693,False,828,time0,0.8635666132452107,0,time0,TIME0,0.8274939561124846,0.8824070708082281,0.0,5
0.001380691686525943,False,829,time1,0.9327880508387948,7,time1,TIME1,0.9629733877630928,0.9400033025320593,1.0,7
0.0006343151161537745,False,829,time0,0.9291313801414066,3,time0,TIME0,0.8537452228492354,0.9030847557238535,0.0,2
0.0022190103070890087,False,829,time0,0.8381667350436501,0,time0,TIME0,0.8196130781590913,0.8824070708082281,0.0,5
0.0011826240591965857,False,830,time1,0.9228634309936036,7,time1,TIME1,0.9604284889090796,0.9400033025320593,1.0,7
0.00036996573777518777,False,830,time0,0.9330860542790204,3,time0,TIME0,0.8551499307790557,0.9030847557238535,0.0,2
0.0014891448920098381,False,830,time0,0.8946729906735039,0,time0,TIME0,0.8370983113974992,0.8824070708082281,0.0,5
0.00027028349673624595,False,831,time1,0.8664771560183605,7,time1,TIME1,0.9439325924021823,0.9408115604011302,1.0,7
0.000208441829471824,False,831,time0,0.9748323016772598,3,time0,TIME0,0.8672333726703703,0.9003808480676714,0.0,2
0.0031249029337146496,False,831,time0,0.789909857931985,0,time0,TIME0,0.8038381333379753,0.8837002200189494,0.0,5
0.0005175605250724258,False,832,time1,0.8123587776446106,7,time1,TIME1,0.9282623493676508,0.9408115604011302,1.0,7
0.0003633527526192701,False,832,time0,0.9787778731413623,3,time0,TIME0,0.868056243175682,0.9003808480676714,0.0,2
0.0013161734198307705,False,832,time0,0.883567702258862,0,time0,TIME0,0.8333753047698408,0.8837002200189494,0.0,5
0.0015267828474496128,False,833,time1,0.823046928008777,7,time1,TIME1,0.929798015159642,0.9408115604011302,1.0,7
0.0008220293889639432,False,833,time0,0.9324309542376954,3,time0,TIME0,0.8534802590848563,0.9003808480676714,0.0,2
0.0010997218956151648,False,833,time0,0.8794694049829175,0,time0,TIME0,0.8335272538942349,0.8837002200189494,0.0,5
0.0028289802154467733,False,834,time1,0.8031015512116843,7,time1,TIME1,0.9227707139195066,0.9413605207446205,1.0,7
0.0007986923890051874,False,834,time0,0.9300898347020179,3,time0,TIME0,0.8535585054797141,0.9011333349607982,0.0,2
0.0017450364937948003,False,834,time0,0.8963397338798886,0,time0,TIME0,0.8377623324797137,0.8836191573506753,0.0,5
0.0016937056137504704,False,835,time1,0.8707219960804566,7,time1,TIME1,0.9442114359845307,0.9413605207446205,1.0,7
0.0007605198361082588,False,835,time0,0.9379585921328351,3,time0,TIME0,0.8558469120401162,0.9011333349607982,0.0,2
0.0023115784082953753,False,835,time0,0.8726203345453146,0,time0,TIME0,0.8300855075767679,0.8836191573506753,0.0,5
0.0007192136730330316,False,836,time1,0.8645334592690324,7,time1,TIME1,0.9424109594137814,0.9413605207446205,1.0,7
0.0015406545664663999,False,836,time0,0.8814314978343022,3,time0,TIME0,0.8377379152004403,0.9011333349607982,0.0,2
0.003091947833376836,False,836,time0,0.8305700698343892,0,time0,TIME0,0.8167280469550733,0.8836191573506753,0.0,5
0.0005425254524837134,False,837,time1,0.8654996838430697,7,time1,TIME1,0.9439547945399248,0.9408066478450443,1.0,7
0.0014098075773086149,False,837,time0,0.8654637384838155,3,time0,TIME0,0.8320519823436835,0.8998010444984818,0.0,2
0.0032007589523723842,False,837,time0,0.8255027312945459,0,time0,TIME0,0.8155312659516969,0.8841359236509131,0.0,5
0.001847843497286133,False,838,time1,0.8081874151534034,7,time1,TIME1,0.9244858235759615,0.9408066478450443,1.0,7
0.0012641871045803417,False,838,time0,0.9134537811372023,3,time0,TIME0,0.8465702894677054,0.8998010444984818,0.0,2
0.0027873732838052073,False,838,time0,0.8417786415988701,0,time0,TIME0,0.8207145153662652,0.8841359236509131,0.0,5
0.0007664611787558795,False,839,time1,0.8859225164547216,7,time1,TIME1,0.9490824391395182,0.9408066478450443,1.0,7
0.0017938861143386323,False,839,time0,0.8739820682302192,3,time0,TIME0,0.8351009852317922,0.8998010444984818,0.0,2
0.002609131056253451,False,839,time0,0.8302228324744745,0,time0,TIME0,0.8175412873391116,0.8841359236509131,0.0,5
0.0007245787500342071,False,840,time1,0.9187658598946461,7,time1,TIME1,0.9596606371567772,0.9412455740518555,1.0,7
0.0006499490748903934,False,840,time0,0.9497127185115779,3,time0,TIME0,0.8581424365393366,0.8985708972497293,0.0,2
0.0027675738590027493,False,840,time0,0.808540438804411,0,time0,TIME0,0.8107063118115272,0.8831260414567641,0.0,5
0.0001414750425677394,False,841,time1,0.9601450896317468,7,time1,TIME1,0.9726402816973992,0.9412455740518555,1.0,7
0.0006830639213253341,False,841,time0,0.9581169265292738,3,time0,TIME0,0.8612348608097948,0.8985708972497293,0.0,2
0.0030521816616403768,False,841,time0,0.7758753944196761,0,time0,TIME0,0.8005612154724175,0.8831260414567641,0.0,5
0.0015786550892675402,False,842,time1,0.9157469326436236,7,time1,TIME1,0.9575912249720514,0.9412455740518555,1.0,7
0.0009399949550322532,False,842,time0,0.9200651927123094,3,time0,TIME0,0.8495639273935636,0.8985708972497293,0.0,2
0.0029063694070123004,False,842,time0,0.7770030549087549,0,time0,TIME0,0.8011346826563299,0.8831260414567641,0.0,5
0.0013803050923125702,False,843,time1,0.8711631388115917,7,time1,TIME1,0.9451203385569281,0.9418904318965236,1.0,7
0.000679104090479374,False,843,time0,0.8747936783639694,3,time0,TIME0,0.8356513919765619,0.896061100392649,0.0,2
0.0025985533970009993,False,843,time0,0.7945191760973693,0,time0,TIME0,0.8057715416149575,0.8822634750836671,0.0,5
0.0013699390208784684,False,844,time1,0.8942947168017452,7,time1,TIME1,0.951013594992168,0.9418904318965236,1.0,7
0.0020561567371023682,False,844,time0,0.853504546981391,3,time0,TIME0,0.8271583274625254,0.896061100392649,0.0,2
0.0022490062083837,False,844,time0,0.822295572855921,0,time0,TIME0,0.8148785538273393,0.8822634750836671,0.0,5
0.0013761538583685281,False,845,time1,0.9151867036323921,7,time1,TIME1,0.9583928864387553,0.9418904318965236,1.0,7
0.0022362349624804553,False,845,time0,0.8401934077014813,3,time0,TIME0,0.8236674085784521,0.896061100392649,0.0,2
0.0010936935368008164,False,845,time0,0.8488706440775386,0,time0,TIME0,0.8232452792754947,0.8822634750836671,0.0,5
0.0008032592766660429,False,846,time1,0.8831561687835895,7,time1,TIME1,0.9491576023962829,0.9415016677365107,1.0,7
0.0017390742629380025,False,846,time0,0.8652501329009518,3,time0,TIME0,0.8310855209881836,0.8940276677301509,0.0,2
0.001048117845415585,False,846,time0,0.8454593087426499,0,time0,TIME0,0.8232687617231165,0.8833976439301132,0.0,5
0.001256649058564892,False,847,time1,0.9147306345547639,7,time1,TIME1,0.9572526585497085,0.9415016677365107,1.0,7
0.001801170471430189,False,847,time0,0.8826739781373764,0,time0,TIME0,0.8332403302629923,0.8833976439301132,0.0,5
0.001835461659551901,False,847,time0,0.8554039111645549,3,time0,TIME0,0.8281417716954851,0.8940276677301509,0.0,2
0.0016739737238833832,False,848,time1,0.8918315138866593,7,time1,TIME1,0.9511182739693571,0.9415016677365107,1.0,7
0.0020091610804093404,False,848,time0,0.8480073187029968,3,time0,TIME0,0.8255029703465859,0.8940276677301509,0.0,2
0.003026159282168127,False,848,time0,0.8405687633206166,0,time0,TIME0,0.8192621950900024,0.8833976439301132,0.0,5
0.00085544175709333,False,849,time1,0.9437367524035093,7,time1,TIME1,0.9670612672101843,0.941136287478059,1.0,7
0.001942861255106574,False,849,time0,0.8378972770022345,3,time0,TIME0,0.8225185559687923,0.8924088159460433,0.0,2
0.003893835793698944,False,849,time0,0.8107204951907779,0,time0,TIME0,0.8102563456006637,0.8847240967892527,0.0,5
0.0007574547890414304,False,850,time1,0.9065261614716454,7,time1,TIME1,0.9554827714656334,0.941136287478059,1.0,7
0.002157289436987633,False,850,time0,0.8189020072509026,3,time0,TIME0,0.8164955016003603,0.8924088159460433,0.0,2
0.004101541219096842,False,850,time0,0.8075865574356642,0,time0,TIME0,0.8095507372582016,0.8847240967892527,0.0,5
0.0011174003554681653,False,851,time1,0.9101186956495853,7,time1,TIME1,0.957054500785303,0.941136287478059,1.0,7
0.002058271965911482,False,851,time0,0.8361276001874186,3,time0,TIME0,0.8218210996496084,0.8924088159460433,0.0,2
0.004277632069332411,False,851,time0,0.7959704389858346,0,time0,TIME0,0.8058089508676389,0.8847240967892527,0.0,5
0.00047397684370797515,False,852,time1,0.9229853920570349,7,time1,TIME1,0.9614050526999187,0.9415243082123851,1.0,7
0.0018156994655471475,False,852,time0,0.8537245555301354,3,time0,TIME0,0.8273016569332088,0.8920063800169922,0.0,2
0.0035371534958680943,False,852,time0,0.8303259649532742,0,time0,TIME0,0.8171555753336798,0.887453761683125,0.0,5
0.001318799814504878,False,853,time1,0.922708119313937,7,time1,TIME1,0.9597747374039579,0.9415243082123851,1.0,7
0.0012774049035979135,False,853,time0,0.8914578376236605,3,time0,TIME0,0.838886459304605,0.8920063800169922,0.0,2
0.003655402405623585,False,853,time0,0.8230034472938453,0,time0,TIME0,0.8151762175841578,0.887453761683125,0.0,5
0.002074308915564532,False,854,time1,0.8775135888774918,7,time1,TIME1,0.9462285514229871,0.9415243082123851,1.0,7
0.0017795786651138277,False,854,time0,0.8543723962728911,3,time0,TIME0,0.8273433380481072,0.8920063800169922,0.0,2
0.003223367787194642,False,854,time0,0.8206308848834573,0,time0,TIME0,0.8147518119849947,0.887453761683125,0.0,5
0.0022581385767275913,False,855,time1,0.8530922014609696,7,time1,TIME1,0.9395418770098987,0.9433518146745961,1.0,7
0.0016999108188539148,False,855,time0,0.85040667771511,3,time0,TIME0,0.826309630855274,0.891853253770366,0.0,2
0.002922908755976234,False,855,time0,0.8258776507718036,0,time0,TIME0,0.8168354101314577,0.8887974525608409,0.0,5
0.0007459999332326004,False,856,time1,0.9196625815947742,7,time1,TIME1,0.9599945722239153,0.9433518146745961,1.0,7
0.0015566962781982262,False,856,time0,0.8674969181280388,3,time0,TIME0,0.8312764987902173,0.891853253770366,0.0,2
0.0027497558918874207,False,856,time0,0.8122401296709506,0,time0,TIME0,0.8132189107882837,0.8887974525608409,0.0,5
0.0002759288058390381,False,857,time1,0.9723545442419202,7,time1,TIME1,0.9769728576244843,0.9433518146745961,1.0,7
0.0011772864182629046,False,857,time0,0.9042120558362498,3,time0,TIME0,0.8428161825704925,0.891853253770366,0.0,2
0.0037102399073121683,False,857,time0,0.7278495091917214,0,time0,TIME0,0.7865215354544599,0.8887974525608409,0.0,5
0.0004406821746847034,False,858,time1,0.9553081009644466,7,time1,TIME1,0.9717308149513922,0.9429366680870996,1.0,7
0.002102598910366732,False,858,time0,0.8368666623441965,3,time0,TIME0,0.8214993706805028,0.8919283211973396,0.0,2
0.003776677832899443,False,858,time0,0.7029706775553384,0,time0,TIME0,0.7795934592739715,0.8898485746818068,0.0,5
0.0006151180943164991,False,859,time1,0.9464902694175757,7,time1,TIME1,0.9689751648400272,0.9429366680870996,1.0,7
0.002414866814659351,False,859,time0,0.8237904302281693,3,time0,TIME0,0.8174015242783773,0.8919283211973396,0.0,2
0.002388252422211976,False,859,time0,0.802862606640016,0,time0,TIME0,0.8101467773784679,0.8898485746818068,0.0,5
0.0003252378316984392,False,860,time1,0.9339441337555909,7,time1,TIME1,0.9651352691620897,0.9429366680870996,1.0,7
0.0017465356827767815,False,860,time0,0.855645400611264,0,time0,TIME0,0.8271233045243869,0.8898485746818068,0.0,5
0.002112095361278872,False,860,time0,0.8378618172827955,3,time0,TIME0,0.8215837101758089,0.8919283211973396,0.0,2
0.00028952857227753525,False,861,time1,0.8407942510925521,7,time1,TIME1,0.9372071452215129,0.9415361268255774,1.0,7
0.0016135154540320646,False,861,time0,0.8789563832869286,3,time0,TIME0,0.8350436418965563,0.8930684067686812,0.0,2
0.0012157337106364979,False,861,time0,0.8225909091840942,0,time0,TIME0,0.8181123226776928,0.8914623956600511,0.0,5
0.0005061565369232502,False,862,time1,0.8751431734523486,7,time1,TIME1,0.9469317521882481,0.9415361268255774,1.0,7
0.00143600712775715,False,862,time0,0.8888977073076372,3,time0,TIME0,0.8384856817228579,0.8930684067686812,0.0,2
0.0016079563764352927,False,862,time0,0.8748082427812587,0,time0,TIME0,0.8335717605584447,0.8914623956600511,0.0,5
0.0008878749227743716,False,863,time1,0.9315920102526903,7,time1,TIME1,0.9637404738800289,0.9415361268255774,1.0,7
0.0014095154670673237,False,863,time0,0.8875020901777195,3,time0,TIME0,0.8381960445741801,0.8930684067686812,0.0,2
0.0022980036698277187,False,863,time0,0.8707856320747577,0,time0,TIME0,0.8313898130044354,0.8914623956600511,0.0,5
0.001408199618118224,False,864,time1,0.9151444314660334,7,time1,TIME1,0.9583007012121734,0.9415693358164496,1.0,7
0.0020728818071385716,False,864,time0,0.8413688400169422,3,time0,TIME0,0.8231829683625009,0.8930708235509204,0.0,2
0.0032536234382407594,False,864,time0,0.8344574890042671,0,time0,TIME0,0.8199535186986665,0.8931547838662582,0.0,5
0.0015732251289430398,False,865,time1,0.9158348579112954,7,time1,TIME1,0.9582064846040173,0.9415693358164496,1.0,7
0.0036264379273001817,False,865,time0,0.8249504604219524,0,time0,TIME0,0.8171742575382492,0.8931547838662582,0.0,5
0.00214163713342482,False,865,time0,0.817877847373918,3,time0,TIME0,0.8166325316286733,0.8930708235509204,0.0,2
0.001897557002211583,False,866,time1,0.8995065679906562,7,time1,TIME1,0.9532813173681542,0.9415693358164496,1.0,7
0.002143149959268751,False,866,time0,0.825603862323743,3,time0,TIME0,0.8184992094589278,0.8930708235509204,0.0,2
0.003839380124144957,False,866,time0,0.8163621260247708,0,time0,TIME0,0.8145613708632817,0.8931547838662582,0.0,5
0.0022455896333199417,False,867,time1,0.8834999171688013,7,time1,TIME1,0.948288913165045,0.9420912456632913,1.0,7
0.0034186413730311585,False,867,time0,0.8298701671683919,0,time0,TIME0,0.8189394314636261,0.8934949778330075,0.0,5
0.002230233228015628,False,867,time0,0.8231782824463637,3,time0,TIME0,0.8178523736820393,0.8931051192951902,0.0,2
0.0010254281634831958,False,868,time1,0.8628490683620489,7,time1,TIME1,0.9425953155055175,0.9420912456632913,1.0,7
0.002908342206374382,False,868,time0,0.8434018100093688,0,time0,TIME0,0.8232562092672716,0.8934949778330075,0.0,5
0.001767286765731027,False,868,time0,0.8396087343339871,3,time0,TIME0,0.8227142270893117,0.8931051192951902,0.0,2
0.0013438074382815565,False,869,time1,0.9143306841212537,7,time1,TIME1,0.9582986143629028,0.9420912456632913,1.0,7
0.0022016243903935522,False,869,time0,0.8653170970777623,0,time0,TIME0,0.8304697277402564,0.8934949778330075,0.0,5
0.002074245926249811,False,869,time0,0.8344258573440075,3,time0,TIME0,0.8208698032587902,0.8931051192951902,0.0,2
0.0013286744177634692,False,870,time1,0.9083922066348508,7,time1,TIME1,0.9564034327495138,0.9409175363393036,1.0,7
0.0015600781117327315,False,870,time0,0.8648041136574469,3,time0,TIME0,0.8308226834726645,0.8948191270599478,0.0,2
0.0029339699826825905,False,870,time0,0.808062156199554,0,time0,TIME0,0.8123322899700534,0.8924134648327569,0.0,5
0.0025864650764858793,False,871,time1,0.8365977644650693,7,time1,TIME1,0.932987048006522,0.9409175363393036,1.0,7
0.001927143797647778,False,871,time0,0.8376952670502106,3,time0,TIME0,0.8230105528432957,0.8948191270599478,0.0,2
0.0028568898933212603,False,871,time0,0.7922795759251556,0,time0,TIME0,0.8079576285155585,0.8924134648327569,0.0,5
0.0020252326633625807,False,872,time1,0.8711339353708453,7,time1,TIME1,0.944328803567123,0.9409175363393036,1.0,7
0.0015735003554504883,False,872,time0,0.8502076238597147,3,time0,TIME0,0.8270881486770104,0.8948191270599478,0.0,2
0.002164372812709024,False,872,time0,0.830714695403065,0,time0,TIME0,0.8198554305219674,0.8924134648327569,0.0,5
0.0006788105732602625,False,873,time1,0.8715211359245103,7,time1,TIME1,0.9446403788049856,0.9402599301902022,1.0,7
0.00188583795925974,False,873,time0,0.8535219314039139,0,time0,TIME0,0.8270290693316321,0.8915692864249913,0.0,5
0.0016289696984094154,False,873,time0,0.8440064436359678,3,time0,TIME0,0.8257324275774651,0.8963087953074363,0.0,2
0.0008769891353792912,False,874,time1,0.9162815922915691,7,time1,TIME1,0.958580763022114,0.9402599301902022,1.0,7
0.0006459449783576278,False,874,time0,0.852309832873263,0,time0,TIME0,0.8270175462844559,0.8915692864249913,0.0,5
0.001520689767655534,False,874,time0,0.8432479447750244,3,time0,TIME0,0.8255080859531372,0.8963087953074363,0.0,2
0.0009760963824632791,False,875,time1,0.947756272398096,7,time1,TIME1,0.9683598317016427,0.9402599301902022,1.0,7
0.0004620773829079542,False,875,time0,0.8635289156100536,0,time0,TIME0,0.8309757032468604,0.8915692864249913,0.0,5
0.001335532352346435,False,875,time0,0.8547193877115464,3,time0,TIME0,0.8291330972384122,0.8963087953074363,0.0,2
0.0015082736213083011,False,876,time1,0.9188358563399448,7,time1,TIME1,0.9586833569502934,0.9392448109920329,1.0,7
0.0007883614379020595,False,876,time0,0.8817273956798569,0,time0,TIME0,0.83637527972886,0.8927073878642263,0.0,5
0.0011821244738413428,False,876,time0,0.8672192590060436,3,time0,TIME0,0.8343284982779275,0.901413369633018,0.0,2
0.001692719646985682,False,877,time1,0.8994599975544976,7,time1,TIME1,0.9526395640127426,0.9392448109920329,1.0,7
0.0021053236852591924,False,877,time0,0.889516220441594,0,time0,TIME0,0.8370152176878003,0.8927073878642263,0.0,5
0.0015668517358755469,False,877,time0,0.8412359625876165,3,time0,TIME0,0.8258985809679433,0.901413369633018,0.0,2
0.00236123541764989,False,878,time1,0.86056097322873,7,time1,TIME1,0.9403278463648875,0.9392448109920329,1.0,7
0.0013821981268551514,False,878,time0,0.8712473653625532,3,time0,TIME0,0.8350797875792817,0.901413369633018,0.0,2
0.002911653582788813,False,878,time0,0.870331694425419,0,time0,TIME0,0.8309463061927882,0.8927073878642263,0.0,5
0.002574241253183765,False,879,time1,0.8524247066556384,7,time1,TIME1,0.9378530971489312,0.9386937503528249,1.0,7
0.0010503821056445793,False,879,time0,0.8717482619752813,3,time0,TIME0,0.8369064235158283,0.9065974477294068,0.0,2
0.0036326297119998025,False,879,time0,0.8421858282425828,0,time0,TIME0,0.8221634578162266,0.8932461286569607,0.0,5
0.001692849521861395,False,880,time1,0.8903626844587205,7,time1,TIME1,0.9495845506793126,0.9386937503528249,1.0,7
0.0008836138904458204,False,880,time0,0.9235388598882904,3,time0,TIME0,0.8527791663865267,0.9065974477294068,0.0,2
0.0034246117210676883,False,880,time0,0.8554358480624683,0,time0,TIME0,0.8266491769898768,0.8932461286569607,0.0,5
0.0009524595879997523,False,881,time1,0.9358138242201144,7,time1,TIME1,0.9639889547030555,0.9386937503528249,1.0,7
0.000964244975367272,False,881,time0,0.9176136010812255,3,time0,TIME0,0.850604493458603,0.9065974477294068,0.0,2
0.0027943122819564306,False,881,time0,0.8786231759056603,0,time0,TIME0,0.833917316647481,0.8932461286569607,0.0,5
0.0013003322565528577,False,882,time1,0.9080937642043548,7,time1,TIME1,0.9556134669290605,0.9388234303582923,1.0,7
0.002616059015040238,False,882,time0,0.8763885862103414,0,time0,TIME0,0.8335140017443237,0.8926859454198937,0.0,5
0.012438987874540746,False,882,time0,0.4633362216666374,3,time0,TIME0,0.6966376867306439,0.9085129075622618,0.0,2
0.0007064297643294045,False,883,time1,0.9480768611457809,7,time1,TIME1,0.9680767626565855,0.9388234303582923,1.0,7
0.0018030028976974376,False,883,time0,0.897677692199191,0,time0,TIME0,0.8401380784619872,0.8926859454198937,0.0,5
0.002625137052394456,False,883,time0,0.8338506319897698,3,time0,TIME0,0.8181988517400935,0.9085129075622618,0.0,2
0.000795360394954237,False,884,time1,0.8979628571292931,7,time1,TIME1,0.9524697140110728,0.9388234303582923,1.0,7
0.0015535641291122794,False,884,time0,0.874142123754287,0,time0,TIME0,0.8338286108571187,0.8926859454198937,0.0,5
0.00019920292314394976,False,884,time0,0.8565566816182197,3,time0,TIME0,0.8319942590648514,0.9085129075622618,0.0,2
0.0010570755320516419,False,885,time1,0.8918015607345906,7,time1,TIME1,0.9511549410611887,0.9391164524349995,1.0,7
0.0020757773674925945,False,885,time0,0.8706738108681947,3,time0,TIME0,0.835484490538524,0.9098174857748139,0.0,2
0.0011392573229891075,False,885,time0,0.8374766290539071,0,time0,TIME0,0.8230426330344758,0.892490913693267,0.0,5
0.0006785636486528131,False,886,time1,0.9130126477354414,7,time1,TIME1,0.9578034682745756,0.9391164524349995,1.0,7
0.002175199182348466,False,886,time0,0.8864555945168735,3,time0,TIME0,0.8407285292718951,0.9098174857748139,0.0,2
0.0020326485187657974,False,886,time0,0.8521434319864963,0,time0,TIME0,0.8262469903102962,0.892490913693267,0.0,5
0.00035782868712440916,False,887,time1,0.9566582188908458,7,time1,TIME1,0.971229687843996,0.9391164524349995,1.0,7
0.0008953434857313149,False,887,time0,0.9234324131523751,3,time0,TIME0,0.8526413282533467,0.9098174857748139,0.0,2
0.0020226113554544386,False,887,time0,0.8394758231966664,0,time0,TIME0,0.8229279506191016,0.892490913693267,0.0,5
0.0010168216801568796,False,888,time1,0.9482969083077467,7,time1,TIME1,0.9675172058096257,0.9394344071783651,1.0,7
0.001109041933154461,False,888,time0,0.9084668458130349,0,time0,TIME0,0.844073655552442,0.8926597706325128,0.0,5
0.0011164906901928583,False,888,time0,0.8830866308753662,3,time0,TIME0,0.8406056369949929,0.9097576871895097,0.0,2
0.0013446795480719696,False,889,time1,0.9362388702203758,7,time1,TIME1,0.96426958318143,0.9394344071783651,1.0,7
0.00038114212020467624,False,889,time0,0.8744070338837491,3,time0,TIME0,0.8386128085124166,0.9097576871895097,0.0,2
0.0011049890794287717,False,889,time0,0.8481337524426643,0,time0,TIME0,0.8250931632900687,0.8926597706325128,0.0,5
0.0019821761116499306,False,890,time1,0.9078076369519896,7,time1,TIME1,0.9549633080282585,0.9394344071783651,1.0,7
0.0006604614179032672,False,890,time0,0.8840171166006188,3,time0,TIME0,0.8415448521272652,0.9097576871895097,0.0,2
0.0011941015348796023,False,890,time0,0.8744924680081747,0,time0,TIME0,0.8342151797493935,0.8926597706325128,0.0,5
0.0015795659450625413,False,891,time1,0.9231418317118896,7,time1,TIME1,0.9600386738293808,0.939339537888734,1.0,7
0.0017295367932109499,False,891,time0,0.9016931465231243,3,time0,TIME0,0.8459049431474446,0.911290750273807,0.0,2
0.0013695753712264717,False,891,time0,0.8857928948316016,0,time0,TIME0,0.8373122818593142,0.8919078151817044,0.0,5
0.0017864394136524338,False,892,time1,0.9074754759001039,7,time1,TIME1,0.9551475740013404,0.939339537888734,1.0,7
0.0010532398940555825,False,892,time0,0.9319154486897688,3,time0,TIME0,0.8559407766003435,0.911290750273807,0.0,2
0.0003747989230457867,False,892,time0,0.910975810449603,0,time0,TIME0,0.8447834202166982,0.8919078151817044,0.0,5
0.0016626051266378395,False,893,time1,0.8979359279157451,7,time1,TIME1,0.9523061571445912,0.939339537888734,1.0,7
0.0015037002940181915,False,893,time0,0.9285280885890258,3,time0,TIME0,0.8547042360771497,0.911290750273807,0.0,2
0.00168946909530471,False,893,time0,0.9149878844983442,0,time0,TIME0,0.8450099965700453,0.8919078151817044,0.0,5
0.0014196577207989467,False,894,time1,0.8762564967454822,7,time1,TIME1,0.9463814249937424,0.9402376456966527,1.0,7
0.0008980863889918435,False,894,time0,0.9185550552226661,3,time0,TIME0,0.8520349107921998,0.9112380311921029,0.0,2
0.0021263114651744247,False,894,time0,0.8997320301589316,0,time0,TIME0,0.8407206205997405,0.8921647498278249,0.0,5
0.0016134800631284329,False,895,time1,0.8985468789663018,7,time1,TIME1,0.9528950634640334,0.9402376456966527,1.0,7
0.0010106830359272382,False,895,time0,0.9447569627640113,3,time0,TIME0,0.8599624910005284,0.9112380311921029,0.0,2
0.002181863495137556,False,895,time0,0.8963033036789245,0,time0,TIME0,0.8398354489947601,0.8921647498278249,0.0,5
0.001593571759888502,False,896,time1,0.8937694049449941,7,time1,TIME1,0.9514596193680992,0.9402376456966527,1.0,7
0.0010793716931106205,False,896,time0,0.9325337385019669,3,time0,TIME0,0.8563540857361793,0.9112380311921029,0.0,2
0.001436622842897093,False,896,time0,0.9265372504454493,0,time0,TIME0,0.8491162570571106,0.8921647498278249,0.0,5
0.001252344139351256,False,897,time1,0.9158684676350483,7,time1,TIME1,0.9585901569564391,0.9409533837594382,1.0,7
0.0008447922878575157,False,897,time0,0.9615657801872456,3,time0,TIME0,0.8650940000254568,0.910287145456419,0.0,2
0.0014571287870234302,False,897,time0,0.8942847994780888,0,time0,TIME0,0.8395869373894336,0.8917806941791835,0.0,5
0.0005695127481679798,False,898,time1,0.9524232538554805,7,time1,TIME1,0.9699281732051389,0.9409533837594382,1.0,7
0.0010278364765951686,False,898,time0,0.9335330424018258,3,time0,TIME0,0.8565520801772986,0.910287145456419,0.0,2
0.0013725173618485621,False,898,time0,0.867760169145434,0,time0,TIME0,0.8314827994329959,0.8917806941791835,0.0,5
0.0005610630346395558,False,899,time1,0.9695089433750836,7,time1,TIME1,0.9755749063773232,0.9409533837594382,1.0,7
0.0008191579636909902,False,899,time0,0.9346116383417994,3,time0,TIME0,0.8569290290439917,0.910287145456419,0.0,2
0.0013122300939169323,False,899,time0,0.833003196439411,0,time0,TIME0,0.8215217838871864,0.8917806941791835,0.0,5
0.00044250872952527893,False,900,time1,0.9724002549705678,7,time1,TIME1,0.9766639924936904,0.9417299906511918,1.0,7
0.0012675961036096837,False,900,time0,0.8901338214320554,3,time0,TIME0,0.8424526220302534,0.9077972673365323,0.0,2
0.00101733306248,False,900,time0,0.861979467380018,0,time0,TIME0,0.8306018651372229,0.8926489570319238,0.0,5
0.0005952689382595494,False,901,time1,0.8986400721680168,7,time1,TIME1,0.9541937381003498,0.9417299906511918,1.0,7
0.0011264535001378711,False,901,time0,0.8999701239473129,0,time0,TIME0,0.8418055655210331,0.8926489570319238,0.0,5
0.0017372678116458968,False,901,time0,0.8543239034440908,3,time0,TIME0,0.8313459841788612,0.9077972673365323,0.0,2
0.0006213925660203238,False,902,time1,0.8995407234114464,7,time1,TIME1,0.9544078356012048,0.9417299906511918,1.0,7
0.0006626592254875217,False,902,time0,0.9760769820276554,0,time0,TIME0,0.864872138057406,0.8926489570319238,0.0,5
0.0014635627883662558,False,902,time0,0.874421481569699,3,time0,TIME0,0.8377359286263919,0.9077972673365323,0.0,2
0.0007244487669294309,False,903,time1,0.9442495922713879,7,time1,TIME1,0.967888995275119,0.9422960778931364,1.0,7
0.0016045920760090087,False,903,time0,0.8774246379442487,0,time0,TIME0,0.8338057219564631,0.8922006753285373,0.0,5
0.0019291614038419805,False,903,time0,0.8023866082523607,3,time0,TIME0,0.8151890005184674,0.906177466580053,0.0,2
0.0010598340744117874,False,904,time1,0.9422375346314327,7,time1,TIME1,0.9670452730611311,0.9422960778931364,1.0,7
0.0016417558799233674,False,904,time0,0.85768586073804,3,time0,TIME0,0.8320925084277457,0.906177466580053,0.0,2
0.002657874179399198,False,904,time0,0.8259861272847809,0,time0,TIME0,0.8176601741517457,0.8922006753285373,0.0,5
0.0007819307916601898,False,905,time1,0.9768632355338525,7,time1,TIME1,0.9772481171892439,0.9422960778931364,1.0,7
0.0015319406116804312,False,905,time0,0.8600045486660362,3,time0,TIME0,0.8329624356438456,0.906177466580053,0.0,2
0.002772367540665319,False,905,time0,0.8384052404494166,0,time0,TIME0,0.82197204934212,0.8922006753285373,0.0,5
0.0009682193630222182,False,906,time1,0.9390175273574045,7,time1,TIME1,0.9663842256887444,0.9440136214151333,1.0,7
0.001391981493013554,False,906,time0,0.9234004884798608,3,time0,TIME0,0.8510437063748295,0.9026137137817691,0.0,2
0.001956126458453781,False,906,time0,0.8895190686736609,0,time0,TIME0,0.8377244807678081,0.8928143418930763,0.0,5
0.0008876347624833655,False,907,time1,0.9421343353026778,7,time1,TIME1,0.9674849282359174,0.9440136214151333,1.0,7
0.0009050638084604652,False,907,time0,0.9598061962942278,3,time0,TIME0,0.8623788927026224,0.9026137137817691,0.0,2
0.0006585675716427129,False,907,time0,0.9117675361978805,0,time0,TIME0,0.8451243487645004,0.8928143418930763,0.0,5
0.001164360404799435,False,908,time1,0.9303974911591326,7,time1,TIME1,0.9638065522920344,0.9440136214151333,1.0,7
0.0008320839230399285,False,908,time0,0.9493356512276586,0,time0,TIME0,0.8565999231977641,0.8928143418930763,0.0,5
0.0005098367038701748,False,908,time0,0.9068463820672789,3,time0,TIME0,0.846974051831737,0.9026137137817691,0.0,2
0.001905739768755885,False,909,time1,0.8984472420476349,7,time1,TIME1,0.9533792027903244,0.944437703158989,1.0,7
0.0009691952644841389,False,909,time0,0.9509915324399492,0,time0,TIME0,0.8572912527025072,0.8923523843956482,0.0,5
0.0007001998829995746,False,909,time0,0.8706363378400258,3,time0,TIME0,0.8352154020072003,0.8999566437202899,0.0,2
0.0014655535537528108,False,910,time1,0.875315031405818,7,time1,TIME1,0.947004717053723,0.944437703158989,1.0,7
0.0008049888312088203,False,910,time0,0.9592816822046583,0,time0,TIME0,0.8600255612669097,0.8923523843956482,0.0,5
0.0017368340295610151,False,910,time0,0.862592823536896,3,time0,TIME0,0.8314478885408533,0.8999566437202899,0.0,2
0.0008233650979461207,False,911,time1,0.9116730820140386,7,time1,TIME1,0.9584213023818573,0.944437703158989,1.0,7
0.0008204892893961124,False,911,time0,0.9304611392453669,0,time0,TIME0,0.8512387966749908,0.8923523843956482,0.0,5
0.0018511637484837377,False,911,time0,0.8414584898195033,3,time0,TIME0,0.8256469957975814,0.8999566437202899,0.0,2
0.0008422514482577841,False,912,time1,0.9606380179672318,7,time1,TIME1,0.9734841137399725,0.9445097895798157,1.0,7
0.0012053270533037355,False,912,time0,0.8912007390604537,0,time0,TIME0,0.8386691296250004,0.8913695704018003,0.0,5
0.0015407285951455564,False,912,time0,0.8649475060128866,3,time0,TIME0,0.8318365488413995,0.8961234636563253,0.0,2
0.0008225633370467186,False,913,time1,0.9426238864053105,7,time1,TIME1,0.967859840158573,0.9445097895798157,1.0,7
0.0015394022479773366,False,913,time0,0.8767902766861418,3,time0,TIME0,0.8354693162952525,0.8961234636563253,0.0,2
0.0015188272537087454,False,913,time0,0.8692617524795251,0,time0,TIME0,0.8318656044973936,0.8913695704018003,0.0,5
0.0021159699617376453,False,914,time1,0.8587272163126092,7,time1,TIME1,0.9408490967394394,0.9445097895798157,1.0,7
0.0014152661101057722,False,914,time0,0.9103160235919164,3,time0,TIME0,0.8454663438480694,0.8961234636563253,0.0,2
0.0016710737261377733,False,914,time0,0.8319314187121248,0,time0,TIME0,0.8204545188685111,0.8913695704018003,0.0,5
0.002480917929575127,False,915,time1,0.8487170837236268,7,time1,TIME1,0.9382619693789161,0.9447594755826196,1.0,7
0.0010089606786171568,False,915,time0,0.9387422972363703,3,time0,TIME0,0.8534961916381762,0.8923558488579064,0.0,2
0.001309004543149535,False,915,time0,0.847787919388688,0,time0,TIME0,0.8258444097195679,0.8917811901920139,0.0,5
0.002222509785615098,False,916,time1,0.8733553341689759,7,time1,TIME1,0.9459720458278514,0.9447594755826196,1.0,7
0.0011728867986190612,False,916,time0,0.9048367402249443,3,time0,TIME0,0.8430489492898909,0.8923558488579064,0.0,2
0.0008203760276815843,False,916,time0,0.8923525196806191,0,time0,TIME0,0.8395052854303477,0.8917811901920139,0.0,5
0.0020556582340377563,False,917,time1,0.8870941458520998,7,time1,TIME1,0.9503204035278673,0.9447594755826196,1.0,7
0.0010203369601261801,False,917,time0,0.9156284508502471,3,time0,TIME0,0.8467359326141087,0.8923558488579064,0.0,2
0.001294237012177517,False,917,time0,0.8957249385308678,0,time0,TIME0,0.84002374981261,0.8917811901920139,0.0,5
0.0014795499526502826,False,918,time1,0.9197137891464422,7,time1,TIME1,0.9606573639707902,0.9459257054278822,1.0,7
0.0006195748589056562,False,918,time0,0.9496482007687662,3,time0,TIME0,0.8556127460324339,0.8862430652232196,0.0,2
0.0020453556930636906,False,918,time0,0.839996710422073,0,time0,TIME0,0.822252014562034,0.8909423262074307,0.0,5
0.0008209003974922758,False,919,time1,0.9562269324840873,7,time1,TIME1,0.9720268485365303,0.9459257054278822,1.0,7
0.0008712667942408416,False,919,time0,0.949284818888889,3,time0,TIME0,0.8552388522067486,0.8862430652232196,0.0,2
0.0035951406797508456,False,919,time0,0.7639263479170199,0,time0,TIME0,0.7975612351923349,0.8909423262074307,0.0,5
0.0007351513225206928,False,920,time1,0.9505281696167939,7,time1,TIME1,0.9703747917328951,0.9459257054278822,1.0,7
0.0009754340205971424,False,920,time0,0.918171190021407,3,time0,TIME0,0.8457146222763099,0.8862430652232196,0.0,2
0.0035009084484703425,False,920,time0,0.7940541870056135,0,time0,TIME0,0.8076590414419946,0.8909423262074307,0.0,5
0.0009216886583842433,False,921,time1,0.9660560568908269,7,time1,TIME1,0.9754821941316686,0.946636997561503,1.0,7
0.0014352219259044013,False,921,time0,0.880115731432995,3,time0,TIME0,0.8317910675873875,0.8775205378835872,0.0,2
0.002696869327290174,False,921,time0,0.8530367451007516,0,time0,TIME0,0.8255683118431443,0.8906319993230718,0.0,5
0.0006426132548793352,False,922,time1,0.9622779960762011,7,time1,TIME1,0.9745502902486862,0.946636997561503,1.0,7
0.0013007702595712002,False,922,time0,0.9193597285133155,0,time0,TIME0,0.8463156208748576,0.8906319993230718,0.0,5
0.001427007772931802,False,922,time0,0.8834849899692417,3,time0,TIME0,0.8329422056614663,0.8775205378835872,0.0,2
0.0007125440570198498,False,923,time1,0.9444872653561593,7,time1,TIME1,0.969105592488937,0.946636997561503,1.0,7
0.0008548152190470774,False,923,time0,0.9379592606889192,0,time0,TIME0,0.8525764528238297,0.8906319993230718,0.0,5
0.0015611641903808822,False,923,time0,0.8688596075495955,3,time0,TIME0,0.8285226002047668,0.8775205378835872,0.0,2
0.0020375796513384965,False,924,time1,0.8854322670691271,7,time1,TIME1,0.9495972077175738,0.9468950135507135,1.0,7
0.0007705650083702864,False,924,time0,0.9748955685658935,0,time0,TIME0,0.8640622910962559,0.8897664215046255,0.0,5
0.0021558473929509654,False,924,time0,0.8137612730241858,3,time0,TIME0,0.808963434236345,0.8692111183726593,0.0,2
0.001790314988172775,False,925,time1,0.8773481640161962,7,time1,TIME1,0.9480537245685083,0.9468950135507135,1.0,7
0.0008499024854151043,False,925,time0,0.9442715496366194,0,time0,TIME0,0.8548855116581173,0.8897664215046255,0.0,5
0.0024046255313349965,False,925,time0,0.801469144638588,3,time0,TIME0,0.8053547640972492,0.8692111183726593,0.0,2
0.0013839510047610256,False,926,time1,0.8980717543890051,7,time1,TIME1,0.9544840196313199,0.9468950135507135,1.0,7
0.0011823351958271872,False,926,time0,0.9214450318139258,0,time0,TIME0,0.8472688401431276,0.8897664215046255,0.0,5
0.0020012200975919906,False,926,time0,0.8400915829122763,3,time0,TIME0,0.8171804538636285,0.8692111183726593,0.0,2
0.0012689718032306745,False,927,time1,0.9111415962871092,7,time1,TIME1,0.9584288421823622,0.9467457107720622,1.0,7
0.0019318469998136007,False,927,time0,0.8691663941823059,0,time0,TIME0,0.8309289542309187,0.8897966704783817,0.0,5
0.0015584978591824928,False,927,time0,0.8780514970627623,3,time0,TIME0,0.8266398585401225,0.860082427383947,0.0,2
0.0021712237124028888,False,928,time1,0.8478665391641171,7,time1,TIME1,0.9383165089421289,0.9467457107720622,1.0,7
0.0011933344072803905,False,928,time0,0.8993763982849167,3,time0,TIME0,0.833392637480159,0.860082427383947,0.0,2
0.0022762740879140385,False,928,time0,0.8384786096410495,0,time0,TIME0,0.8216639932451055,0.8897966704783817,0.0,5
0.0014136793638117478,False,929,time1,0.9045531249284721,7,time1,TIME1,0.9562361756620306,0.9467457107720622,1.0,7
0.0011167318245454323,False,929,time0,0.9141293556769404,3,time0,TIME0,0.837854977574482,0.860082427383947,0.0,2
0.0018210591852096999,False,929,time0,0.8410308655107276,0,time0,TIME0,0.8227925417308677,0.8897966704783817,0.0,5
0.0017991182319357965,False,930,time1,0.88690667157688,7,time1,TIME1,0.9505243748594802,0.945636896946991,1.0,7
0.0011850426540695525,False,930,time0,0.8959340944868028,0,time0,TIME0,0.839675914504201,0.8897765897676477,0.0,5
0.0006634367971913222,False,930,time0,0.9252083662024695,3,time0,TIME0,0.8393127487489128,0.8508511325983283,0.0,2
0.0014113350140760638,False,931,time1,0.913470693525928,7,time1,TIME1,0.958861693989251,0.945636896946991,1.0,7
0.0005352140381263829,False,931,time0,0.9439655552523051,3,time0,TIME0,0.8451193372837831,0.8508511325983283,0.0,2
0.0013865453636324571,False,931,time0,0.8831376110968657,0,time0,TIME0,0.8357524248049404,0.8897765897676477,0.0,5
0.001671695935021502,False,932,time1,0.9033187124963297,7,time1,TIME1,0.95565065297401,0.945636896946991,1.0,7
0.0008261271577508168,False,932,time0,0.9188901009073052,3,time0,TIME0,0.837425383259257,0.8508511325983283,0.0,2
0.0027274533453137194,False,932,time0,0.7853804579045194,0,time0,TIME0,0.8046270988997839,0.8897765897676477,0.0,5
0.0016186826341913724,False,933,time1,0.9100717966529693,7,time1,TIME1,0.9576816894557131,0.9447215634649997,1.0,7
0.0009486748176633472,False,933,time0,0.9085182977795428,3,time0,TIME0,0.832438521364128,0.8433902736544585,0.0,2
0.0037730629821920957,False,933,time0,0.7451971933005034,0,time0,TIME0,0.7916572228936619,0.8890384518171132,0.0,5
0.0013126935307651018,False,934,time1,0.9256487687584378,7,time1,TIME1,0.9623376305058394,0.9447215634649997,1.0,7
0.0012723969283904176,False,934,time0,0.8830204427223062,3,time0,TIME0,0.824374031711937,0.8433902736544585,0.0,2
0.0037745976703067717,False,934,time0,0.7782702462885386,0,time0,TIME0,0.8021804463633728,0.8890384518171132,0.0,5
0.0014697553306693182,False,935,time1,0.9173919493226874,7,time1,TIME1,0.9599463164426597,0.9447215634649997,1.0,7
0.0008960940542838735,False,935,time0,0.9206912189971352,3,time0,TIME0,0.8359635731299521,0.8433902736544585,0.0,2
0.0031945719297515394,False,935,time0,0.8215505482571137,0,time0,TIME0,0.8153580982533092,0.8890384518171132,0.0,5
0.001354654263213923,False,936,time1,0.9240776369192796,7,time1,TIME1,0.9618118495781293,0.9439312471051122,1.0,7
0.000658923645260293,False,936,time0,0.9462930112119725,3,time0,TIME0,0.842850818900747,0.8390811732880095,0.0,2
0.002189718760536935,False,936,time0,0.8831585318168638,0,time0,TIME0,0.8342060631127963,0.8877514402403099,0.0,5
0.0016910946958323852,False,937,time1,0.9032551859762665,7,time1,TIME1,0.9551589130834052,0.9439312471051122,1.0,7
0.0007249169117418449,False,937,time0,0.9598661722431808,0,time0,TIME0,0.858231292737198,0.8877514402403099,0.0,5
0.0005601593760772506,False,937,time0,0.9510131781873349,3,time0,TIME0,0.8443280946539996,0.8390811732880095,0.0,2
0.0023519175446918557,False,938,time1,0.8667821759589956,7,time1,TIME1,0.9433080665739294,0.9439312471051122,1.0,7
0.0008669842243287346,False,938,time0,0.9520655751816348,0,time0,TIME0,0.8566124492984215,0.8877514402403099,0.0,5
0.000693889912163055,False,938,time0,0.9360124424276992,3,time0,TIME0,0.8395505924500717,0.8390811732880095,0.0,2
0.0018344161668024108,False,939,time1,0.8863749236164303,7,time1,TIME1,0.9495086943334509,0.9426501379136509,1.0,7
0.0008767134759555901,False,939,time0,0.9517545057766313,0,time0,TIME0,0.8563091008029067,0.8865606116849076,0.0,5
0.00022212728627102595,False,939,time0,0.9655696143669213,3,time0,TIME0,0.8476512066743165,0.8341109830099644,0.0,2
0.0019470912798085487,False,940,time1,0.8678792977973161,7,time1,TIME1,0.9437513788588406,0.9426501379136509,1.0,7
0.0011332231198053519,False,940,time0,0.9374117551203976,0,time0,TIME0,0.8515561885222416,0.8865606116849076,0.0,5
0.0006053384079462416,False,940,time0,0.9387097799379206,3,time0,TIME0,0.8392335580998169,0.8341109830099644,0.0,2
0.0014867587658557997,False,941,time1,0.8935561633585076,7,time1,TIME1,0.9519869003789619,0.9426501379136509,1.0,7
0.0005975970536357693,False,941,time0,0.9522900070041171,3,time0,TIME0,0.8432692389329386,0.8341109830099644,0.0,2
0.0014867023785139276,False,941,time0,0.9046405467492226,0,time0,TIME0,0.8413604989925425,0.8865606116849076,0.0,5
0.0016306890253057304,False,942,time1,0.874042085059621,7,time1,TIME1,0.9460203593353179,0.9429244578933498,1.0,7
0.00045091174221297784,False,942,time0,0.9575032400364744,3,time0,TIME0,0.8449541156776759,0.8333590511806368,0.0,2
0.001710687186666207,False,942,time0,0.8834062198351837,0,time0,TIME0,0.8346978097231691,0.8863632339939307,0.0,5
0.003345616843122095,False,943,time1,0.7711963056135209,7,time1,TIME1,0.9127713816023278,0.9429244578933498,1.0,7
0.001737101463575921,False,943,time0,0.8861907070577425,0,time0,TIME0,0.8353566657851471,0.8863632339939307,0.0,5
0.001193213190729725,False,943,time0,0.9277298486200926,3,time0,TIME0,0.8349141718341003,0.8333590511806368,0.0,2
0.0035239125358310203,False,944,time1,0.7827230602807737,7,time1,TIME1,0.9168765607704702,0.9429244578933498,1.0,7
0.0006305959867441361,False,944,time0,0.9618059421067038,3,time0,TIME0,0.8459242797677401,0.8333590511806368,0.0,2
0.0011942984035453708,False,944,time0,0.8948752407721047,0,time0,TIME0,0.8382237873339946,0.8863632339939307,0.0,5
0.003441838108124144,False,945,time1,0.8084973893250932,7,time1,TIME1,0.925360187883726,0.9441640951439404,1.0,7
0.0011404197031267395,False,945,time0,0.9112047260841082,0,time0,TIME0,0.8438673944641695,0.8868106456190901,0.0,5
0.0007649491646299216,False,945,time0,0.9428218460494994,3,time0,TIME0,0.8405418374837503,0.8340995038558907,0.0,2
0.002714945961866298,False,946,time1,0.8539265704796372,7,time1,TIME1,0.9392407793270403,0.9441640951439404,1.0,7
0.0005335699304289185,False,946,time0,0.9454023871911559,3,time0,TIME0,0.8413965017256382,0.8340995038558907,0.0,2
0.0013606403044646015,False,946,time0,0.8902840342692583,0,time0,TIME0,0.8371182237494115,0.8868106456190901,0.0,5
0.0013803796621370422,False,947,time1,0.9243666970728586,7,time1,TIME1,0.9611278752236998,0.9441640951439404,1.0,7
0.0004175557614254632,False,947,time0,0.9593022059882355,3,time0,TIME0,0.8455684620180248,0.8340995038558907,0.0,2
0.0020791807386106556,False,947,time0,0.8438033823487859,0,time0,TIME0,0.8223747472936536,0.8868106456190901,0.0,5
0.0007107235359495418,False,948,time1,0.9584889727820874,7,time1,TIME1,0.9728195898039221,0.9455263683055176,1.0,7
0.0032802995212540985,False,948,time0,0.782559350614137,0,time0,TIME0,0.8026916579641129,0.8869019474093621,0.0,5
0.004810158022218723,False,948,time0,0.7152222000156325,3,time0,TIME0,0.767042819249948,0.8395782376356729,0.0,2
0.00023713263708056065,False,949,time1,0.965354977933809,7,time1,TIME1,0.975443647591574,0.9455263683055176,1.0,7
0.00333339648315,False,949,time0,0.8027047236267012,0,time0,TIME0,0.8092184347957637,0.8869019474093621,0.0,5
0.00047384664414507283,False,950,time1,0.973379294102513,7,time1,TIME1,0.9777746887333754,0.9455263683055176,1.0,7
0.003042137788127106,False,950,time0,0.8329129795125786,0,time0,TIME0,0.8183869924376027,0.8869019474093621,0.0,5
0.001135590414102412,False,951,time1,0.9362593259083154,7,time1,TIME1,0.9660512851886103,0.9478000274157385,1.0,7
0.001486196299414899,False,951,time0,0.9187643178784017,0,time0,TIME0,0.8450779730144001,0.8874481204192408,0.0,5
0.001460266888707847,False,952,time1,0.8980027099481017,7,time1,TIME1,0.954679764334066,0.9478000274157385,1.0,7
0.0007308630705827733,False,952,time0,0.9591243475916342,0,time0,TIME0,0.8584110781884298,0.8874481204192408,0.0,5
0.0016047617791799403,False,953,time1,0.9012005049327422,7,time1,TIME1,0.9555698970833283,0.9478000274157385,1.0,7
0.00024829554499169386,False,953,time0,0.9858516400537608,0,time0,TIME0,0.8670436820599797,0.8874481204192408,0.0,5
0.0021649522711128305,False,954,time1,0.8519805870512768,7,time1,TIME1,0.9403265992329073,0.9485049080176093,1.0,7
0.00043808164675667534,False,954,time0,0.975024856815506,0,time0,TIME0,0.8637402165218536,0.8876706964374268,0.0,5
0.0007469491562304683,False,955,time1,0.9068289294160823,7,time1,TIME1,0.956862754977739,0.9485049080176093,1.0,7
0.0006133687879697072,False,955,time0,0.9552242228441092,0,time0,TIME0,0.8577808926957768,0.8876706964374268,0.0,5
0.0024121247231167955,False,956,time1,0.890488791443713,7,time1,TIME1,0.9508683919903481,0.9485049080176093,1.0,7
0.0008997242194036484,False,956,time0,0.9280394934074068,0,time0,TIME0,0.8492805153750406,0.8876706964374268,0.0,5
0.0014501687924339665,False,957,time1,0.8363056370182735,7,time1,TIME1,0.9361300652364517,0.9500773531439077,1.0,7
0.0013022172821447698,False,957,time0,0.9039924770705147,0,time0,TIME0,0.8418273038130848,0.8885380457302672,0.0,5
0.0012487970400374057,False,958,time1,0.9344040499951339,7,time1,TIME1,0.9664115885948382,0.9500773531439077,1.0,7
0.001328607423973414,False,958,time0,0.8737704860257689,0,time0,TIME0,0.833026476388951,0.8885380457302672,0.0,5
0.0017900919280737378,False,959,time1,0.7649245796848718,7,time1,TIME1,0.9134454861526075,0.9500773531439077,1.0,7
0.0005359080569934747,False,959,time0,0.906266688165026,0,time0,TIME0,0.8428743379358397,0.8885380457302672,0.0,5
0.0013953441700038918,False,960,time1,0.8982760792900725,7,time1,TIME1,0.9549060307251197,0.9501336695477338,1.0,7
0.0003644452167821432,False,960,time0,0.9283672685197756,0,time0,TIME0,0.8504516717731032,0.8902653395529805,0.0,5
0.002693452319310163,False,961,time1,0.8449140982345407,7,time1,TIME1,0.9367418426601575,0.9501336695477338,1.0,7
0.0029784564567768416,False,961,time0,0.7928891450546152,0,time0,TIME0,0.8056016529877916,0.8902653395529805,0.0,5
0.00259630504644428,False,962,time1,0.8644969025029673,7,time1,TIME1,0.9442231293877452,0.9501336695477338,1.0,7
0.0007723508961404043,False,962,time0,0.9455604377683792,0,time0,TIME0,0.854000194393737,0.8902653395529805,0.0,5
0.00230976881836044,False,963,time1,0.8893535969894473,7,time1,TIME1,0.9516175216181013,0.9489637692346243,1.0,7
0.00019649956407734925,False,963,time0,0.9603875859501354,0,time0,TIME0,0.8604865209995451,0.8928315682192529,0.0,5
0.0008587703419287929,False,964,time1,0.938462889610821,7,time1,TIME1,0.9660061930814092,0.9489637692346243,1.0,7
0.001237671849954761,False,964,time0,0.914244344397707,0,time0,TIME0,0.8453794780780286,0.8928315682192529,0.0,5
0.0013241412434557675,False,965,time1,0.9184369478566203,7,time1,TIME1,0.9608536644315083,0.9489637692346243,1.0,7
0.0021356942755703157,False,965,time0,0.8643767810143542,0,time0,TIME0,0.8299608157629861,0.8928315682192529,0.0,5
0.0009620946803417158,False,966,time1,0.8639281916700594,7,time1,TIME1,0.944203282973969,0.9464088840875982,1.0,7
0.0014976198770244946,False,966,time0,0.9103264199462603,0,time0,TIME0,0.8446304484727989,0.8934659610803759,0.0,5
0.0024592710346656504,False,967,time1,0.8477425556551699,7,time1,TIME1,0.9376045436271383,0.9464088840875982,1.0,7
0.0007594511823392665,False,967,time0,0.9533232014440173,0,time0,TIME0,0.8580592869632704,0.8934659610803759,0.0,5
0.0012065002563476771,False,968,time1,0.8933570013286081,7,time1,TIME1,0.9521336703008382,0.9464088840875982,1.0,7
0.0004692960990727445,False,968,time0,0.9753917408838445,0,time0,TIME0,0.8649736178682794,0.8934659610803759,0.0,5
0.002314813591449388,False,969,time1,0.8211655216910343,7,time1,TIME1,0.9290091567606087,0.9426213389435527,1.0,7
0.0005040766449032369,False,969,time0,0.9755974620851855,0,time0,TIME0,0.8657634419816146,0.8943550361981809,0.0,5
0.0012752399976488397,False,970,time1,0.8878411034669796,7,time1,TIME1,0.9500610915703614,0.9426213389435527,1.0,7
0.0005291777244758971,False,970,time0,0.9391246548382205,0,time0,TIME0,0.854690035363911,0.8943550361981809,0.0,5
0.0017591070296004915,False,971,time1,0.8831769560524457,7,time1,TIME1,0.947679367303468,0.9426213389435527,1.0,7
0.0006038456044789829,False,971,time0,0.9067533865423424,0,time0,TIME0,0.8449227024327024,0.8943550361981809,0.0,5
0.0019429513016870684,False,972,time1,0.8308817318585732,7,time1,TIME1,0.9309106995316555,0.9398378775455993,1.0,7
0.00039862749940911647,False,972,time0,0.903900401081836,0,time0,TIME0,0.8441190832590835,0.8939515576756962,0.0,5
0.004680016037177934,False,973,time1,0.7390550150812284,7,time1,TIME1,0.8997752814686261,0.9398378775455993,1.0,7
0.00020493305677494206,False,973,time0,0.914701123261491,0,time0,TIME0,0.8473277493454694,0.8939515576756962,0.0,5
0.002677400434046406,False,974,time1,0.8070615024672546,7,time1,TIME1,0.9226962665072064,0.9398378775455993,1.0,7
0.0005876460406586337,False,974,time0,0.9494852429404957,0,time0,TIME0,0.8574023033364744,0.8939515576756962,0.0,5
0.0010340423310729915,False,975,time1,0.9179162081757871,7,time1,TIME1,0.9580006166373104,0.940226788235738,1.0,7
0.0006418958044200835,False,975,time0,0.9446320555625707,0,time0,TIME0,0.855634143149669,0.8934781918025881,0.0,5
0.0006889626758366272,False,976,time1,0.9361627031091403,7,time1,TIME1,0.9645533706248419,0.940226788235738,1.0,7
0.0004012040545996692,False,976,time0,0.9590952314674508,0,time0,TIME0,0.8602981168371915,0.8934781918025881,0.0,5
0.0011603158847116038,False,977,time1,0.9366294615813742,7,time1,TIME1,0.9644954527814498,0.940226788235738,1.0,7
0.001111485961857255,False,977,time0,0.9535311389008653,0,time0,TIME0,0.8574070026720885,0.8934781918025881,0.0,5
0.0007666001448728925,False,978,time1,0.9643375011221588,7,time1,TIME1,0.9732649240605851,0.9399397240888018,1.0,7
0.0007650349361624238,False,978,time0,0.9349591364326387,0,time0,TIME0,0.8530962622756177,0.8947538939151257,0.0,5
0.0010780386357404888,False,979,time1,0.9371172524491127,7,time1,TIME1,0.9647782225933793,0.9399397240888018,1.0,7
0.0033040038506529958,False,979,time0,0.7765300861201029,0,time0,TIME0,0.8009679620820861,0.8947538939151257,0.0,5
0.000769902267702429,False,980,time1,0.9531079075381446,7,time1,TIME1,0.9697954065222323,0.9399397240888018,1.0,7
0.004466115580208522,False,980,time0,0.8361827325050244,0,time0,TIME0,0.8153719027993092,0.8947538939151257,0.0,5
0.0007807041234590798,False,981,time1,0.9360420278271009,7,time1,TIME1,0.9648202570364786,0.9401623867729064,1.0,7
0.0025332726565563284,False,981,time0,0.9130338432832713,0,time0,TIME0,0.843802905672986,0.8944020511286004,0.0,5
0.00029793245079773887,False,982,time1,0.9072418781574965,7,time1,TIME1,0.956454884301164,0.9401623867729064,1.0,7
0.0010994392013023628,False,982,time0,0.9430764494540409,0,time0,TIME0,0.8545434016071787,0.8944020511286004,0.0,5
0.0005554171573341824,False,983,time1,0.8722124951937313,7,time1,TIME1,0.9458945745649595,0.9401623867729064,1.0,7
0.0008586795918593884,False,983,time0,0.9622430427756389,0,time0,TIME0,0.8611862930431436,0.8944020511286004,0.0,5
0.0013512869323738723,False,984,time1,0.8047106308605531,7,time1,TIME1,0.9242418178800577,0.9386261093414576,1.0,7
0.0019824276359925617,False,984,time0,0.9088714312685351,0,time0,TIME0,0.8436064974876223,0.8940654989167987,0.0,5
0.0008716624255809826,False,985,time1,0.8973803446536686,7,time1,TIME1,0.9525463525831638,0.9386261093414576,1.0,7
0.0008973778133157656,False,985,time0,0.9292380461698874,0,time0,TIME0,0.8507286507576137,0.8940654989167987,0.0,5
0.001244393632376354,False,986,time1,0.875051515182222,7,time1,TIME1,0.9447597999334177,0.9386261093414576,1.0,7
0.0006062224229335953,False,986,time0,0.9285334730764713,0,time0,TIME0,0.8512510676957905,0.8940654989167987,0.0,5
0.0016262604002729778,False,987,time1,0.8704678023957513,7,time1,TIME1,0.9437173861117407,0.9373707731809557,1.0,7
0.0005027150691749799,False,987,time0,0.9667104327625358,0,time0,TIME0,0.8628976903380191,0.8936503436842069,0.0,5
0.0009792357828964534,False,988,time1,0.926900182334707,7,time1,TIME1,0.9610361564810891,0.9373707731809557,1.0,7
0.0005333400518989064,False,988,time0,0.9634098920569291,0,time0,TIME0,0.861802688593032,0.8936503436842069,0.0,5
0.0008641053853649598,False,989,time1,0.9271501316286066,7,time1,TIME1,0.961420299900154,0.9373707731809557,1.0,7
0.0001503252036296121,False,989,time0,0.9773530982341573,0,time0,TIME0,0.8662170214672914,0.8936503436842069,0.0,5
0.0006285721573788056,False,990,time1,0.9305350455629183,7,time1,TIME1,0.962617226311597,0.9382875345279783,1.0,7
0.0006937079791079936,False,990,time0,0.952167581685075,0,time0,TIME0,0.8581989299572249,0.8941994653168908,0.0,5
0.0005202034787931869,False,991,time1,0.9374004385692271,7,time1,TIME1,0.9649408859851929,0.9382875345279783,1.0,7
0.0005839640338176365,False,991,time0,0.958854527745065,0,time0,TIME0,0.8605756270450219,0.8941994653168908,0.0,5
0.0008158953985840148,False,992,time1,0.9543110542583043,7,time1,TIME1,0.9699144358650458,0.9382875345279783,1.0,7
0.0023484578944609857,False,992,time0,0.855022206857853,0,time0,TIME0,0.8266971345986625,0.8941994653168908,0.0,5
0.0001363610840502083,False,993,time1,0.973988592945737,7,time1,TIME1,0.976383265419621,0.9392512143487854,1.0,7
0.001146588110348732,False,993,time0,0.926007398287051,0,time0,TIME0,0.8495401709306063,0.8948742907725802,0.0,5
0.00047868810893899846,False,994,time1,0.981169668393898,7,time1,TIME1,0.9784761364406586,0.9392512143487854,1.0,7
0.0008096060994985462,False,994,time0,0.9470030282258319,0,time0,TIME0,0.8568159908194217,0.8948742907725802,0.0,5
0.00041635831507138866,False,995,time1,0.9746035737703385,7,time1,TIME1,0.9765146708702505,0.9392512143487854,1.0,7
0.0005349376210992403,False,995,time0,0.9668647861405102,0,time0,TIME0,0.8624995279578007,0.8948742907725802,0.0,5
0.0006272244890851563,False,996,time1,0.9620276122130399,7,time1,TIME1,0.9726080097063075,0.9395771161905899,1.0,7
0.001391352898615103,False,996,time0,0.9131044270137386,0,time0,TIME0,0.8457959949142488,0.8950633070904308,0.0,5
0.0005172933075156461,False,997,time1,0.9199717214801165,7,time1,TIME1,0.9602256788805053,0.9395771161905899,1.0,7
0.0006742913605016999,False,997,time0,0.9225544335039629,0,time0,TIME0,0.8493789578805744,0.8950633070904308,0.0,5
0.00012513751374921075,False,998,time1,0.8624621475358412,7,time1,TIME1,0.9432223505955841,0.9395771161905899,1.0,7
0.0008714112800400724,False,998,time0,0.9493380747317147,0,time0,TIME0,0.8575929791849375,0.8950633070904308,0.0,5
0.00013793263768950093,False,999,time1,0.8672637840965807,7,time1,TIME1,0.9448481070562305,0.9398606248161713,1.0,7
0.002051193135810741,False,999,time0,0.8878449198212991,0,time0,TIME0,0.837757749980061,0.8964009119759296,0.0,5
0.0005063284587899754,False,1000,time1,0.9530136864258968,7,time1,TIME1,0.9701187356348535,0.9398606248161713,1.0,7
0.0005793066666600342,False,1000,time0,0.9244966828441633,0,time0,TIME0,0.8492909655704978,0.8964009119759296,0.0,5
