distancia,excluido,frame,grupo_metrica,iou,logical_id,papel,rotulo,score,score_aparencia,score_papel,tracker_id
0.0,False,1,goleiro_time1,1.0,9,goleiro1,GOL-TIME1,0.65,0.0,0.0,10
0.0,False,1,time0,0.9999999604118394,1,time0,TIME0,0.6499999881235518,0.0,0.0,9
0.0,False,1,time0,0.9999998081379075,3,time0,TIME0,0.6499999424413723,0.0,0.0,2
0.0,False,1,time0,0.9999995357914107,2,time0,TIME0,0.6499998607374232,0.0,0.0,4
0.0,False,1,time1,0.9999990664788422,6,time1,TIME1,0.6499997199436527,0.0,0.0,8
2.7706640152122156e-08,False,1,time0,0.9999991269555105,0,time0,TIME0,0.6499996940079075,0.0,0.0,5
0.0,False,1,time0,0.9999983385847298,4,time0,TIME0,0.649999501575419,0.0,0.0,6
0.0,False,1,time1,0.9999981534685664,7,time1,TIME1,0.6499994460405699,0.0,0.0,7
2.7706640152122156e-08,False,1,time1,0.9999981719451297,5,time1,TIME1,0.6499994075047932,0.0,0.0,1
2.7706640152122156e-08,False,1,time1,0.9999977819085483,8,time1,TIME1,0.6499992904938188,0.0,0.0,3
0.00020955591239005023,False,2,goleiro_time1,0.9721647117143148,9,goleiro1,GOL-TIME1,0.6413160291082194,0.0,0.0,10
0.0005020618526646747,False,2,time0,0.9635105665127404,2,time0,TIME0,0.6382544351882191,0.0,0.0,4
0.0005330996751497741,False,2,time0,0.9612475946817471,3,time0,TIME0,0.6375261652849676,0.0,0.0,2
0.0011793328133878904,False,2,time1,0.9627427238192808,8,time1,TIME1,0.6369466183226978,0.0,0.0,3
0.0006728617086927568,False,2,time1,0.9596532717657026,5,time1,TIME1,0.6368255108284253,0.0,0.0,1
0.0006155869426178233,False,2,time0,0.9507935448158288,4,time0,TIME0,0.634258720581493,0.0,0.0,6
0.0006958541073146206,False,2,time1,0.9463219017510246,7,time1,TIME1,0.6327895299000341,0.0,0.0,7
0.00042661301879956667,False,2,time0,0.9445899991790674,1,time0,TIME0,0.6326982972238119,0.0,0.0,9
0.0013205745546814973,False,2,time0,0.9435265049130162,0,time0,TIME0,0.6309570192566732,0.0,0.0,5
0.0014736929204428122,False,2,time1,0.8957987009195506,6,time1,TIME1,0.6163950988115243,0.0,0.0,8
0.0003776567114567897,False,3,time0,0.9730406201597422,4,time0,TIME0,0.9879201174060085,0.9860570874195975,1.0,6
0.00039395752356566365,False,3,goleiro_time1,0.9543854375733668,9,goleiro1,GOL-TIME1,0.985574536973006,0.9991450855375787,1.0,10
0.000570247461162795,False,3,time0,0.9575271564627715,2,time0,TIME0,0.9753199626056586,0.9545073817264319,1.0,4
0.0007484671229548964,False,3,time1,0.9361442312915084,5,time1,TIME1,0.9748741840026826,0.9792707393695569,1.0,1
0.0012039844717760518,False,3,time0,0.9358603826069853,3,time0,TIME0,0.9734845453082114,0.9775708414460484,1.0,2
0.0005683826202911499,False,3,time0,0.9257727890798109,1,time0,TIME0,0.9722688459750576,0.980633731326102,1.0,9
0.0014219097511438115,False,3,time1,0.9294183141927248,7,time1,TIME1,0.9658612185862511,0.9562233779479672,1.0,7
0.0009005021157946382,False,3,time0,0.9092005383461688,0,time0,TIME0,0.9649438348827375,0.97315533790937,1.0,5
0.0017440713070101261,False,3,time1,0.900090896337112,6,time1,TIME1,0.9525650855864835,0.938004670108943,1.0,8
0.0017144911135467797,False,3,time1,0.8975743828208068,8,time1,TIME1,0.9373527001636223,0.880180985245441,1.0,3
0.0007749996942305724,False,4,time0,0.9663114039430741,4,time0,TIME0,0.985236832046208,0.9860570874195975,1.0,6
0.00013405174641643525,False,4,time0,0.9712248104864039,3,time0,TIME0,0.9847778215542351,0.9775708414460484,1.0,2
0.00017030140707800155,False,4,time0,0.9654975031337689,1,time0,TIME0,0.984332518299803,0.980633731326102,1.0,9
0.0005695694060825097,False,4,goleiro_time1,0.9515146120303796,9,goleiro1,GOL-TIME1,0.9842320184707744,0.9991450855375787,1.0,10
0.00019135254158104286,False,4,time1,0.9774053778746316,7,time1,TIME1,0.9812455846082945,0.9562233779479672,1.0,7
0.00020126066879192742,False,4,time0,0.9644431398872984,2,time0,TIME0,0.9772710853326252,0.9545073817264319,1.0,4
0.0012133180379482347,False,4,time1,0.9237210491681612,5,time1,TIME1,0.9704194311871981,0.9792707393695569,1.0,1
0.001162512285318038,False,4,time0,0.9231719390590415,0,time0,TIME0,0.968968231794108,0.97315533790937,1.0,5
0.002254642345073395,False,4,time1,0.8749420838456548,6,time1,TIME1,0.9444609822843897,0.938004670108943,1.0,8
0.0020191746497849445,False,4,time1,0.9186663851640197,8,time1,TIME1,0.943208109873752,0.880180985245441,1.0,3
0.00039513421699688986,False,5,time0,0.9752290138889672,4,time0,TIME0,0.9883930058807606,0.9860570874195975,1.0,6
0.00017077578859017644,False,5,time0,0.9751636843807696,3,time0,TIME0,0.9867164940643266,0.9775708414460484,1.0,2
0.0003372699813298137,False,5,time1,0.980678160051238,7,time1,TIME1,0.9828156756548169,0.9562233779479672,1.0,7
0.00032017620193291416,False,5,time0,0.9559905840372991,1,time0,TIME0,0.9815521183194399,0.980633731326102,1.0,9
0.0006332791475618366,False,5,time1,0.9592370942745226,5,time1,TIME1,0.9815383125181163,0.9792707393695569,1.0,1
0.0005803938817133472,False,5,goleiro_time1,0.9407184523352264,9,goleiro1,GOL-TIME1,0.9813118251803724,0.9991450855375787,1.0,10
0.0003956595338118835,False,5,time0,0.9699978222754543,2,time0,TIME0,0.9788612486267205,0.9545073817264319,1.0,4
0.0018892783447173793,False,5,time0,0.9333760428432704,0,time0,TIME0,0.9710044770783962,0.97315533790937,1.0,5
0.0018888313586868002,False,5,time1,0.9292122269404897,8,time1,TIME1,0.9465468013307344,0.880180985245441,1.0,3
0.00237797260934116,False,5,time1,0.8744922317312106,6,time1,TIME1,0.9446028421661555,0.938004670108943,1.0,8
0.00036996974225052227,False,6,time0,0.9765230297767935,4,time0,TIME0,0.9892590917125685,0.9866459091176938,1.0,6
0.00036012087045168183,False,6,goleiro_time1,0.9601830499688605,9,goleiro1,GOL-TIME1,0.9867071272027917,0.996892655516896,1.0,10
0.0003143733924860541,False,6,time0,0.9822074496996931,2,time0,TIME0,0.9831339942379185,0.9559081796941015,1.0,4
0.0006286721610331046,False,6,time0,0.9653276544612067,3,time0,TIME0,0.9824944941568692,0.9753685186758257,1.0,2
0.0009750762153145529,False,6,time0,0.9657223604052144,0,time0,TIME0,0.9815242519393542,0.9732692834944452,1.0,5
0.0007800885165481999,False,6,time1,0.9540309602851067,5,time1,TIME1,0.9812222010047399,0.9835957603264985,1.0,1
0.0003122511829023709,False,6,time0,0.9530643354111623,1,time0,TIME0,0.9803488472456462,0.9791225646042738,1.0,9
0.0007694545781829396,False,6,time1,0.9694234214946127,7,time1,TIME1,0.9802948103550715,0.9619466102597225,1.0,7
0.001548220319122002,False,6,time1,0.9200393247019221,6,time1,TIME1,0.9588311292097101,0.9397375045075587,1.0,8
0.0017300580243788117,False,6,time1,0.9442130766365473,8,time1,TIME1,0.9538591064047496,0.8891404097159563,1.0,3
0.0005994426838487151,False,7,time0,0.9735973865465798,4,time0,TIME0,0.9879326233890362,0.9866459091176938,1.0,6
0.00044582865603569436,False,7,time1,0.9716107798883568,5,time1,TIME1,0.9865761939001986,0.9835957603264985,1.0,1
0.0008150215030140605,False,7,time0,0.9715665640275832,0,time0,TIME0,0.9837236873509697,0.9732692834944452,1.0,5
0.00041390138005282086,False,7,goleiro_time1,0.9461166400341781,9,goleiro1,GOL-TIME1,0.9825651077080063,0.996892655516896,1.0,10
0.0003653455743580241,False,7,time0,0.9515699207011807,1,time0,TIME0,0.9797362750168258,0.9791225646042738,1.0,9
0.0002938551914183216,False,7,time0,0.9571845182031837,2,time0,TIME0,0.9756865033043093,0.9559081796941015,1.0,4
0.0011270739773565903,False,7,time0,0.9399184192295496,3,time0,TIME0,0.9742830230242164,0.9753685186758257,1.0,2
0.0006843312836541675,False,7,time1,0.9368366872461403,7,time1,TIME1,0.9706569230920308,0.9619466102597225,1.0,7
0.001848319055789369,False,7,time1,0.9387176473827011,8,time1,TIME1,0.9516312843091265,0.8891404097159563,1.0,3
0.0026640047064491073,False,7,time1,0.864458229959654,6,time1,TIME1,0.9410337288055782,0.9397375045075587,1.0,8
0.00040535480151292745,False,8,time0,0.9722443071104062,4,time0,TIME0,0.9878284379645424,0.9866459091176938,1.0,6
0.0003780457137668162,False,8,time0,0.9757675680550811,1,time0,TIME0,0.9870701315421512,0.9791225646042738,1.0,9
0.0004937851432936069,False,8,time0,0.9807990053610645,0,time0,TIME0,0.9868617100930536,0.9732692834944452,1.0,5
0.00033375126508776,False,8,goleiro_time1,0.9528227873357421,9,goleiro1,GOL-TIME1,0.9846082113943747,0.996892655516896,1.0,10
0.0003563293357988333,False,8,time1,0.9508765633088994,5,time1,TIME1,0.9806205274074573,0.9835957603264985,1.0,1
0.0006387923901503881,False,8,time1,0.938821418120911,7,time1,TIME1,0.9713378706544435,0.9619466102597225,1.0,7
0.0008737563873791981,False,8,time0,0.9318717897643723,2,time0,TIME0,0.9669770055802984,0.9559081796941015,1.0,4
0.0020684671436549578,False,8,time0,0.9035374547370346,3,time0,TIME0,0.9623416916085691,0.9753685186758257,1.0,2
0.0013238899355712628,False,8,time1,0.9566607624341914,8,time1,TIME1,0.9576159122006623,0.8891404097159563,1.0,3
0.0030868833625984048,False,8,time1,0.8438213426087242,6,time1,TIME1,0.9349500529496483,0.9397375045075587,1.0,8
0.000378119336586986,False,9,time0,0.995114062735564,0,time0,TIME0,0.9914972968935944,0.9740607634909826,1.0,5
0.0002053205032921865,False,9,time0,0.9810433396431549,1,time0,TIME0,0.988591969952934,0.9783560403194524,1.0,9
0.0004971480367420706,False,9,time0,0.9638246476103408,4,time0,TIME0,0.9855334439693316,0.9877624345771296,1.0,6
0.000340491581736408,False,9,goleiro_time1,0.9520906473111087,9,goleiro1,GOL-TIME1,0.9847131784844072,0.9979687580122628,1.0,10
0.0002806411263034266,False,9,time0,0.9654508574263221,2,time0,TIME0,0.9792432524136664,0.9612338801578508,1.0,4
0.00035546845477371603,False,9,time1,0.9644200741917393,7,time1,TIME1,0.9774854648064354,0.9552918842514264,1.0,7
0.0008352937264786456,False,9,time1,0.9224287215588445,5,time1,TIME1,0.9716982256451255,0.9843995200602216,1.0,1
0.0010376846719623645,False,9,time1,0.9635468479350212,8,time1,TIME1,0.9618644938365574,0.8969006332783385,1.0,3
0.0033163103609593144,False,9,time0,0.8610614989633064,3,time0,TIME0,0.9480627844606627,0.9744531438740833,1.0,2
0.0035996111894310155,False,9,time1,0.807950805612871,6,time1,TIME1,0.9241628732754074,0.9420891747536871,1.0,8
0.0006680350171659436,False,10,time0,0.9636357625306918,4,time0,TIME0,0.9852720639166689,0.9877624345771296,1.0,6
0.0007256378255311156,False,10,time0,0.9749125079677048,0,time0,TIME0,0.9849840280859685,0.9740607634909826,1.0,5
0.0003080797101235301,False,10,time0,0.9527000396934042,1,time0,TIME0,0.9799939371250282,0.9783560403194524,1.0,9
8.648323329244979e-05,False,10,time1,0.96701603911483,7,time1,TIME1,0.9786548036110078,0.9552918842514264,1.0,7
0.00042563852431546625,False,10,time1,0.937200274820755,5,time1,TIME1,0.9764793789271368,0.9843995200602216,1.0,1
0.0009158978623633867,False,10,goleiro_time1,0.8790934163067718,9,goleiro1,GOL-TIME1,0.9619651571080986,0.9979687580122628,1.0,10
0.0026286928100333535,False,10,time0,0.895190568393435,3,time0,TIME0,0.959289263245484,0.9744531438740833,1.0,2
0.0016132209627513852,False,10,time1,0.9509839269430025,8,time1,TIME1,0.9576400611194388,0.8969006332783385,1.0,3
0.0025385038000919247,False,10,time0,0.8303102137917121,2,time0,TIME0,0.93525182837811,0.9612338801578508,1.0,4
0.004303248589818058,False,10,time1,0.7561725491245833,6,time1,TIME1,0.9079673919138628,0.9420891747536871,1.0,8
0.00016162508894872397,False,11,time0,0.9830287497631899,1,time0,TIME0,0.9890989735377839,0.9783560403194524,1.0,9
0.0009001376003101369,False,11,time0,0.9702485807746423,0,time0,TIME0,0.9836142074303769,0.9740607634909826,1.0,5
0.0003943047494573357,False,11,time1,0.9570714003541598,5,time1,TIME1,0.9824371803378079,0.9843995200602216,1.0,1
0.0008115048160669397,False,11,time0,0.9493945408022104,4,time0,TIME0,0.9808996357275132,0.9877624345771296,1.0,6
0.0006396575732807633,False,11,time1,0.963529875686633,7,time1,TIME1,0.9768912936116197,0.9552918842514264,1.0,7
0.0007807736065175863,False,11,time0,0.9484706393946322,2,time0,TIME0,0.9727852682888692,0.9612338801578508,1.0,4
0.001784066491444093,False,11,time0,0.9300048834099238,3,time0,TIME0,0.9704167704006263,0.9744531438740833,1.0,2
0.0017406367659218939,False,11,goleiro_time1,0.8582987587167497,9,goleiro1,GOL-TIME1,0.9548023450375726,0.9979687580122628,1.0,10
0.0020841748604980754,False,11,time1,0.9354147546634971,8,time1,TIME1,0.9526143190433437,0.8969006332783385,1.0,3
0.00429249581594152,False,11,time1,0.7346888463902079,6,time1,TIME1,0.9019553004279602,0.9420891747536871,1.0,8
0.0009541454721155711,False,12,time1,0.9440696102484497,5,time1,TIME1,0.978225595258919,0.985584605444962,1.0,1
0.0006996129026758831,False,12,time0,0.9525917335437182,2,time0,TIME0,0.9781670050820479,0.9753858791303598,1.0,4
0.0005497416793800526,False,12,time1,0.9692441231616323,7,time1,TIME1,0.9774025934747114,0.9491796776825356,1.0,7
0.0010912508068467797,False,12,time0,0.9374737536310339,4,time0,TIME0,0.9768596217971007,0.9875672496476449,1.0,6
0.001643451829342054,False,12,time0,0.9454463713837009,0,time0,TIME0,0.9752311825920555,0.9744004393410253,1.0,5
0.0005532291444801378,False,12,goleiro_time1,0.9229945577741695,9,goleiro1,GOL-TIME1,0.9747995713522104,0.997548604704285,1.0,10
0.0015962493469094533,False,12,time0,0.9381488067567549,3,time0,TIME0,0.9738442301815203,0.9759618606331859,1.0,2
0.0005779747456950651,False,12,time0,0.9099217868361326,1,time0,TIME0,0.9663815444426546,0.9776183665580496,1.0,9
0.0018091806126188561,False,12,time1,0.9422168294964045,8,time1,TIME1,0.9563643241422635,0.9021647259672481,1.0,3
0.004678156228957723,False,12,time1,0.6870282878909215,6,time1,TIME1,0.8860433840301692,0.9378336526403979,1.0,8
0.0008421878636832162,False,13,time0,0.9571351763656238,4,time0,TIME0,0.983065823115494,0.9875672496476449,1.0,6
0.00021612518653311074,False,13,time1,0.974814353173657,7,time1,TIME1,0.9792934268916961,0.9491796776825356,1.0,7
0.0007528509411555281,False,13,goleiro_time1,0.9324958133976055,9,goleiro1,GOL-TIME1,0.977976108705724,0.997548604704285,1.0,10
0.0013017194284545364,False,13,time1,0.9424210267270515,5,time1,TIME1,0.9777015362136044,0.985584605444962,1.0,1
0.0017041598918709942,False,13,time0,0.9447293557185469,0,time0,TIME0,0.9753329086572348,0.9744004393410253,1.0,5
0.0005201481196274141,False,13,time0,0.924755034265091,1,time0,TIME0,0.97126885930937,0.9776183665580496,1.0,9
0.0018429848781857069,False,13,time0,0.9301862631654922,3,time0,TIME0,0.971201500314428,0.9759618606331859,1.0,2
0.0013411538781126122,False,13,time1,0.9514811965366506,8,time1,TIME1,0.9590558776286354,0.9021647259672481,1.0,3
0.002650278880209371,False,13,time0,0.8398524680852015,2,time0,TIME0,0.9419906868772241,0.9753858791303598,1.0,4
0.00181432982675369,False,13,time1,0.8673886428363287,6,time1,TIME1,0.9408609068775652,0.9378336526403979,1.0,8
0.0005415716838651956,False,14,time0,0.9778740308971992,4,time0,TIME0,0.98950863467485,0.9875672496476449,1.0,6
0.0010342031594607495,False,14,time0,0.968409631836477,0,time0,TIME0,0.9827016468400881,0.9744004393410253,1.0,5
0.0008211340099249647,False,14,time1,0.9571007163294558,5,time1,TIME1,0.9824378967089353,0.985584605444962,1.0,1
0.000962254426438843,False,14,goleiro_time1,0.9434691640731865,9,goleiro1,GOL-TIME1,0.9812072705792186,0.997548604704285,1.0,10
0.00014664818885415016,False,14,time1,0.9766250615379869,7,time1,TIME1,0.9799367193813809,0.9491796776825356,1.0,7
0.00038256557589975727,False,14,time0,0.9406873302400165,1,time0,TIME0,0.9756747106329139,0.9776183665580496,1.0,9
0.0016212615163067815,False,14,time0,0.9360613661582335,3,time0,TIME0,0.9731387699617202,0.9759618606331859,1.0,2
0.0013251519946760044,False,14,time1,0.961099586871843,8,time1,TIME1,0.9620208422899535,0.9021647259672481,1.0,3
0.001373842843184277,False,14,time1,0.8987227486969717,6,time1,TIME1,0.952189453368559,0.9378336526403979,1.0,8
0.005266958697155518,False,14,time0,0.6744072850297195,2,time0,TIME0,0.8895083493391115,0.9753858791303598,1.0,4
0.00012693828301550407,False,15,goleiro_time1,0.9775508696789204,9,goleiro1,GOL-TIME1,0.9916757624769533,0.9969815260519617,1.0,10
0.0005503563122293648,False,15,time0,0.9667824786878045,4,time0,TIME0,0.9859929587666361,0.9887742430964933,1.0,6
0.0008830165201320718,False,15,time1,0.9545638216577359,5,time1,TIME1,0.9803931472818425,0.9838397990962225,1.0,1
0.0014394220793849622,False,15,time0,0.9482910348798737,0,time0,TIME0,0.9757474634805509,0.9724287436111595,1.0,5
0.0011953958462451461,False,15,time0,0.9383244172023277,1,time0,TIME0,0.9740048363223504,0.9779899337038197,1.0,9
0.0012808273230310793,False,15,time1,0.9520536642140285,8,time1,TIME1,0.9610026655259123,0.9066038986878615,1.0,3
0.0016861479782746005,False,15,time0,0.8582516730770411,3,time0,TIME0,0.9481307845932777,0.9777708926605685,1.0,2
0.002391171576501753,False,15,time1,0.8699386391978764,7,time1,TIME1,0.9450110277906175,0.9511590314602483,1.0,7
0.003369703437571842,False,15,time1,0.7794150245100618,6,time1,TIME1,0.9145490528624748,0.9414520416479766,1.0,8
0.004276608655311792,False,15,time0,0.7128119023617591,2,time0,TIME0,0.9040063658002827,0.981083430635566,1.0,4
0.0034763798465269192,False,16,time1,0.8810721385737935,5,time1,TIME1,0.9541493658871142,0.9838397990962225,1.0,1
0.0024172666859044022,False,16,time0,0.8782023769844639,1,time0,TIME0,0.9533147822053107,0.9779899337038197,1.0,9
0.005660920279311048,False,16,time0,0.8951459204581432,0,time0,TIME0,0.9530631254008073,0.9724287436111595,1.0,5
0.003355225202885475,False,16,goleiro_time1,0.8614121843850089,9,goleiro1,GOL-TIME1,0.9522584672164968,0.9969815260519617,1.0,10
0.003907242777118804,False,16,time0,0.871198243240732,4,time0,TIME0,0.9520538626667353,0.9887742430964933,1.0,6
0.0033308502862116453,False,16,time1,0.9191228176453451,8,time1,TIME1,0.9479593554561948,0.9066038986878615,1.0,3
0.0036196515321279214,False,16,time1,0.8450985780077219,7,time1,TIME1,0.934966635925912,0.9511590314602483,1.0,7
0.004156810338289045,False,16,time1,0.7724482868771732,6,time1,TIME1,0.9102495467119812,0.9414520416479766,1.0,8
0.004092705398385829,False,16,time0,0.735082901415151,3,time0,TIME0,0.9084521459412811,0.9777708926605685,1.0,2
0.006761708988801132,False,16,time0,0.6205586698618846,2,time0,TIME0,0.8712895801848818,0.981083430635566,1.0,4
0.0013628986120951256,False,17,time0,0.9526704083647453,0,time0,TIME0,0.9740391563609769,0.9724287436111595,1.0,5
0.0005646599193224293,False,17,time1,0.9645302812760246,7,time1,TIME1,0.9738261606190679,0.9511590314602483,1.0,7
8.760720564131622e-05,False,17,time1,0.9828081746074175,8,time1,TIME1,0.969087265093237,0.9066038986878615,1.0,3
0.0016747367387781975,False,17,time0,0.9119928674724797,3,time0,TIME0,0.9632145057356406,0.9777708926605685,1.0,2
0.0019143597807150879,False,17,time0,0.8973912076272469,4,time0,TIME0,0.9610484916713743,0.9887742430964933,1.0,6
0.0016714835895997112,False,17,time1,0.915718385120883,6,time1,TIME1,0.9550675738511875,0.9414520416479766,1.0,8
0.002254230858175511,False,17,time0,0.8552590323938697,2,time0,TIME0,0.9438714224748014,0.981083430635566,1.0,4
0.00222589605654119,False,17,time1,0.8390875935163351,5,time1,TIME1,0.9424921365131101,0.9838397990962225,1.0,1
0.002387835956777189,False,17,goleiro_time1,0.790814073020999,9,goleiro1,GOL-TIME1,0.9309312164223308,0.9969815260519617,1.0,10
0.0032248366720389566,False,17,time0,0.6859286586733876,1,time0,TIME0,0.8936253763709341,0.9779899337038197,1.0,9
0.0007768148038477257,False,18,time1,0.95502866287181,5,time1,TIME1,0.979723710322487,0.9834103947172528,1.0,1
0.0017736724969117127,False,18,time0,0.9433181304851157,4,time0,TIME0,0.9766162409917057,0.989435451127664,1.0,6
0.0012526883077718957,False,18,goleiro_time1,0.9316089702924405,9,goleiro1,GOL-TIME1,0.9751204712249347,0.9961529322214295,1.0,10
0.0013765229194736795,False,18,time1,0.9636249368685379,8,time1,TIME1,0.9634755955850552,0.9065446242505626,1.0,3
0.003528337589304691,False,18,time0,0.9161503772712648,0,time0,TIME0,0.9623884430229268,0.9726771046984469,1.0,5
0.001487742026894011,False,18,time0,0.8982308649075184,1,time0,TIME0,0.9592513542222346,0.9764437366431993,1.0,9
0.0022440320006438894,False,18,time1,0.8830387701705633,7,time1,TIME1,0.9488202158601634,0.9513869797986044,1.0,7
0.0016378798724867739,False,18,time0,0.8509332746794414,3,time0,TIME0,0.9464998285769902,0.9787555790795675,1.0,2
0.00445476278440619,False,18,time1,0.7562744704286541,6,time1,TIME1,0.9053417115328236,0.9416983887206449,1.0,8
0.0035526163985704928,False,18,time0,0.702469513049473,2,time0,TIME0,0.9001638272273257,0.9838489903565212,1.0,4
0.000419855926646139,False,19,time1,0.9671555170899752,5,time1,TIME1,0.9850103207903668,0.9834103947172528,1.0,1
0.0019748767107186037,False,19,time0,0.957205188151034,0,time0,TIME0,0.9773984869045816,0.9726771046984469,1.0,5
0.0012870487624939877,False,19,time0,0.9323484857350123,4,time0,TIME0,0.9750677439059459,0.989435451127664,1.0,6
0.0013151132079286993,False,19,time1,0.9596593995343544,7,time1,TIME1,0.9736834508521586,0.9513869797986044,1.0,7
0.0009579985349907887,False,19,goleiro_time1,0.9132883335432027,9,goleiro1,GOL-TIME1,0.9714291866453809,0.9961529322214295,1.0,10
0.000595297889533927,False,19,time1,0.9736695470938305,8,time1,TIME1,0.9675445469375669,0.9065446242505626,1.0,3
0.0016544513654824465,False,19,time0,0.9027034022161647,3,time0,TIME0,0.9635759162251424,0.9787555790795675,1.0,2
0.0024485717259462815,False,19,time0,0.8317274205706432,1,time0,TIME0,0.9387691387796891,0.9764437366431993,1.0,9
0.006640697640439224,False,19,time1,0.6835359949331843,6,time1,TIME1,0.8829566307787772,0.9416983887206449,1.0,8
0.0007147755779572581,False,20,time0,0.9667580805273611,0,time0,TIME0,0.9816872279418113,0.9726771046984469,1.0,5
0.0010354859985456054,False,20,time0,0.9443892722540984,4,time0,TIME0,0.9791966242572421,0.989435451127664,1.0,6
0.0004075383228608535,False,20,time1,0.9863185611780885,8,time1,TIME1,0.9717053342592332,0.9065446242505626,1.0,3
0.0007716647779949184,False,20,time1,0.9449643091604427,7,time1,TIME1,0.9696066325849061,0.9513869797986044,1.0,7
0.0013355262915189015,False,20,goleiro_time1,0.8829824980976438,9,goleiro1,GOL-TIME1,0.9621048115135903,0.9961529322214295,1.0,10
0.0014800218313653734,False,20,time1,0.890793933091504,5,time1,TIME1,0.9608345514831981,0.9834103947172528,1.0,1
0.002023382162841796,False,20,time0,0.8708467966504562,3,time0,TIME0,0.9529710975029392,0.9787555790795675,1.0,2
0.0012706060620833973,False,20,time0,0.7687763212189576,1,time0,TIME0,0.9225019515511929,0.9764437366431993,1.0,9
0.005014778919318436,False,20,time1,0.7650981794432753,6,time1,TIME1,0.9092329635854027,0.9416983887206449,1.0,8
0.0008444158130615424,False,21,goleiro_time1,0.9550479864542913,9,goleiro1,GOL-TIME1,0.9837291713318148,0.9959323947823727,1.0,10
0.0008125631880749382,False,21,time1,0.9517028371057031,7,time1,TIME1,0.9718479813252819,0.9521329359450303,1.0,7
0.0010277506509481348,False,21,time0,0.9133756840744551,3,time0,TIME0,0.9671806287772209,0.9799407875695461,1.0,2
0.0010465196268408725,False,21,time1,0.9727481336842349,8,time1,TIME1,0.9666343345298058,0.9059595238660942,1.0,3
0.0006921830857235275,False,21,time0,0.908939755062342,1,time0,TIME0,0.9648484752836953,0.9764437366431993,1.0,9
0.0009230224733578166,False,21,time0,0.8949286417352001,4,time0,TIME0,0.9639571494989306,0.989595730666553,1.0,6
0.0013577525366031214,False,21,time1,0.9023273232068777,5,time1,TIME1,0.9636895603558051,0.9832832296009636,1.0,1
0.0036641412530940653,False,21,time0,0.8841004483871864,0,time0,TIME0,0.9530705875190675,0.9739278564076188,1.0,5
0.004312611269608213,False,21,time1,0.7749219401332199,6,time1,TIME1,0.9143015416379843,0.9449618726153379,1.0,8
0.0005585056901077023,False,22,time0,0.9430149723135856,4,time0,TIME0,0.9791772125188556,0.989595730666553,1.0,6
0.0008908485703974171,False,22,goleiro_time1,0.9357149681405593,9,goleiro1,GOL-TIME1,0.9787262361928476,0.9959323947823727,1.0,10
0.0005143071594358134,False,22,time1,0.9670086336417051,7,time1,TIME1,0.9772782450977694,0.9521329359450303,1.0,7
0.0015474201816585462,False,22,time1,0.9290908303899061,5,time1,TIME1,0.972540753311659,0.9832832296009636,1.0,1
0.0012041193251886672,False,22,time0,0.9143935985282066,3,time0,TIME0,0.9668604129815039,0.9799407875695461,1.0,2
0.0029838694251384363,False,22,time0,0.8991568454757742,0,time0,TIME0,0.9598520408171554,0.9739278564076188,1.0,5
0.0008755597541430057,False,22,time0,0.8683723548169866,1,time0,TIME0,0.9536798809954062,0.9764437366431993,1.0,9
0.0020090532842624988,False,22,time1,0.9323934033330961,8,time1,TIME1,0.9534223775105369,0.9059595238660942,1.0,3
0.0022103392110120255,False,22,time1,0.8780906904705497,6,time1,TIME1,0.9462242281847503,0.9449618726153379,1.0,8
0.0007823118661913445,False,23,goleiro_time1,0.953038455998487,9,goleiro1,GOL-TIME1,0.9838290755646043,0.9959323947823727,1.0,10
0.0005523627708300686,False,23,time0,0.9567306324859391,4,time0,TIME0,0.9834656316839671,0.989595730666553,1.0,6
0.000856213051511471,False,23,time1,0.9453943525314662,7,time1,TIME1,0.970512548720318,0.9521329359450303,1.0,7
0.0013137404304924122,False,23,time1,0.9090806016309796,5,time1,TIME1,0.9667135423005856,0.9832832296009636,1.0,1
0.0013335714581812937,False,23,time0,0.9038709533377668,3,time0,TIME0,0.9648254897895758,0.9799407875695461,1.0,2
0.000837090653613199,False,23,time0,0.8733273033132126,1,time0,TIME0,0.9552995558589884,0.9764437366431993,1.0,9
0.002386984843425016,False,23,time0,0.8793772847436582,0,time0,TIME0,0.9541342140172185,0.9739278564076188,1.0,5
0.002476488330480806,False,23,time1,0.921861098850653,8,time1,TIME1,0.9504715567828355,0.9059595238660942,1.0,3
0.005361437041325497,False,23,time1,0.6850582337601905,6,time1,TIME1,0.8818566660046933,0.9449618726153379,1.0,8
0.0008408249892062022,False,24,time0,0.9527553639915086,4,time0,TIME0,0.9821667453198809,0.9898412666150821,1.0,6
0.0007641503259152231,False,24,goleiro_time1,0.943976434939652,9,goleiro1,GOL-TIME1,0.9812674121275036,0.9954981450954374,1.0,10
0.000983409420256556,False,24,time1,0.9312739654351871,5,time1,TIME1,0.97382959665668,0.9840197345507768,1.0,1
0.0005792563942602269,False,24,time1,0.9500518992923478,7,time1,TIME1,0.9715080529323865,0.9493648432341478,1.0,7
0.0014552249295745395,False,24,time0,0.9060148285358935,3,time0,TIME0,0.9655214266725965,0.9805060350542256,1.0,2
0.001810469187844056,False,24,time1,0.910134515011412,6,time1,TIME1,0.9543504409178538,0.946525165156119,1.0,8
0.0017845888049025857,False,24,time0,0.8698559037118074,1,time0,TIME0,0.95284341728131,0.9769125826659106,1.0,9
0.002452994831296816,False,24,time1,0.9207083503880354,8,time1,TIME1,0.949416450452314,0.9020094658424036,1.0,3
0.002111387543206236,False,24,time0,0.8477716334193919,0,time0,TIME0,0.9459060335327145,0.9757636285296178,1.0,5
0.0010887811278560327,False,25,time0,0.928770335551613,4,time0,TIME0,0.9743642756696462,0.9898412666150821,1.0,6
0.0009865184083230009,False,25,goleiro_time1,0.9091808967267307,9,goleiro1,GOL-TIME1,0.9704201815690142,0.9954981450954374,1.0,10
0.001156610879194699,False,25,time1,0.9176201339667023,5,time1,TIME1,0.9701194525865368,0.9840197345507768,1.0,1
0.0010996374769459514,False,25,time1,0.9340230969287441,7,time1,TIME1,0.9661879000130108,0.9493648432341478,1.0,7
0.0018164412675455953,False,25,time0,0.8879641308613501,3,time0,TIME0,0.9595164276445164,0.9805060350542256,1.0,2
0.0038784200788680545,False,25,time0,0.8912731965996962,0,time0,TIME0,0.9565589510825268,0.9757636285296178,1.0,5
0.003117776049909895,False,25,time1,0.9030623967159878,8,time1,TIME1,0.9426807252624018,0.9020094658424036,1.0,3
0.003175888130131457,False,25,time1,0.7859943785608035,6,time1,TIME1,0.917949371632097,0.946525165156119,1.0,8
0.005092320713862925,False,25,time0,0.7591855610584546,1,time0,TIME0,0.9150905475806459,0.9769125826659106,1.0,9
0.0015947538377156171,False,26,time0,0.9000330026335176,3,time0,TIME0,0.9634034848930958,0.9805060350542256,1.0,2
0.0017321110214766461,False,26,time1,0.9447764769453261,8,time1,TIME1,0.9564144023434321,0.9020094658424036,1.0,3
0.004810627303436299,False,26,time0,0.8909277185014922,0,time0,TIME0,0.9560319688118596,0.9757636285296178,1.0,5
0.0021448827065688896,False,26,time1,0.8645578020857281,5,time1,TIME1,0.9527262686060599,0.9840197345507768,1.0,1
0.0017899871623406627,False,26,goleiro_time1,0.8293015387714556,9,goleiro1,GOL-TIME1,0.9452461578197088,0.9954981450954374,1.0,10
0.0027075175518917628,False,26,time0,0.8241664954275996,4,time0,TIME0,0.9410430284612937,0.9898412666150821,1.0,6
0.0036701215582044,False,26,time1,0.7965040864755847,7,time1,TIME1,0.9212004859741261,0.9493648432341478,1.0,7
0.005386678223420333,False,26,time1,0.7014156641622656,6,time1,TIME1,0.8903185084574188,0.946525165156119,1.0,8
0.0029078969520088126,False,26,time0,0.6690784672081247,1,time0,TIME0,0.8899285798048382,0.9769125826659106,1.0,9
0.001103788169744678,False,27,time1,0.9534294541913299,5,time1,TIME1,0.9797702803093323,0.9844989254305874,1.0,1
0.001166637003141622,False,27,time0,0.942684622083416,4,time0,TIME0,0.9776096749019503,0.9898175040590815,1.0,6
0.0005778837250530028,False,27,time0,0.9449984031230808,3,time0,TIME0,0.9775818591188669,0.981331727769982,1.0,2
0.001156508602730075,False,27,goleiro_time1,0.9341008132102646,9,goleiro1,GOL-TIME1,0.9766424255704628,0.9953283615247042,1.0,10
0.0021145619016267893,False,27,time0,0.9498434492059584,0,time0,TIME0,0.9760031904631574,0.979449527329904,1.0,5
0.0010623382784736618,False,27,time1,0.9388662222048579,7,time1,TIME1,0.9660842708489153,0.9495514168888142,1.0,7
0.0017939354667914032,False,27,time0,0.8635304877291264,1,time0,TIME0,0.9500832981186905,0.9760225398447636,1.0,9
0.0030865036950450705,False,27,time1,0.9046040743081091,8,time1,TIME1,0.94282166303974,0.9007297013238189,1.0,3
0.002636824059543623,False,27,time1,0.8413638956213981,6,time1,TIME1,0.8346841743192628,0.9465078691899345,0.0,8
0.024545806035292727,False,27,time0,0.0,2,time0,TIME0,0.6595405355584292,0.9848198649860349,1.0,4
0.001531064930330936,False,28,time0,0.9665232127641835,0,time0,TIME0,0.9828841298257095,0.979449527329904,1.0,5
0.0009168335026138362,False,28,time0,0.9447221246782183,3,time0,TIME0,0.977300685933535,0.981331727769982,1.0,2
0.0013090190458439897,False,28,time1,0.929435120838167,5,time1,TIME1,0.973515319065423,0.9844989254305874,1.0,1
0.0013221424691185434,False,28,goleiro_time1,0.885178511533344,9,goleiro1,GOL-TIME1,0.9626177399164342,0.9953283615247042,1.0,10
0.0015959805059167272,False,28,time0,0.8862458451509683,4,time0,TIME0,0.9612006419647383,0.9898175040590815,1.0,6
0.0014816670213534688,False,28,time0,0.8873453102812308,1,time0,TIME0,0.9583921361393236,0.9760225398447636,1.0,9
0.002074414763588238,False,28,time1,0.9372357539787362,8,time1,TIME1,0.9537772570724531,0.9007297013238189,1.0,3
0.0019781134090794995,False,28,time1,0.8824693812983885,7,time1,TIME1,0.9496252645102071,0.9495514168888142,1.0,7
0.003987885983695322,False,28,time0,0.6802448161940237,2,time0,TIME0,0.8826113251423461,0.9848198649860349,1.0,4
0.002517847850484139,False,28,time1,0.8445514901515652,6,time1,TIME1,0.8375927114309911,0.9465078691899345,0.0,8
0.0013820995301786726,False,29,time0,0.9533920416689194,0,time0,TIME0,0.9782494680145606,0.979449527329904,1.0,5
0.000999208265970799,False,29,time0,0.9422167044755323,3,time0,TIME0,0.9769761207944317,0.981331727769982,1.0,2
0.001468890147538943,False,29,time1,0.9215958153502298,5,time1,TIME1,0.9711572453583898,0.9844989254305874,1.0,1
0.001673021091670028,False,29,time0,0.881624361177017,4,time0,TIME0,0.9603419010960809,0.9898175040590815,1.0,6
0.0018561442335092077,False,29,time1,0.943075553024733,8,time1,TIME1,0.9561086142044503,0.9007297013238189,1.0,3
0.001318955989042923,False,29,time0,0.8761554163124854,1,time0,TIME0,0.9552978480143083,0.9760225398447636,1.0,9
0.002024417049143103,False,29,goleiro_time1,0.8501847459377917,9,goleiro1,GOL-TIME1,0.9514994810123835,0.9953283615247042,1.0,10
0.0022141259294715665,False,29,time1,0.8726143646026155,7,time1,TIME1,0.9469948576779731,0.9495514168888142,1.0,7
0.0037280059244772117,False,29,time0,0.690133999974514,2,time0,TIME0,0.899677998169727,0.9848198649860349,1.0,4
0.003911496179298407,False,29,time1,0.7534973393383361,6,time1,TIME1,0.8081483303857033,0.9465078691899345,0.0,8
0.0013036667939867908,False,30,time1,0.957105741080108,5,time1,TIME1,0.9818018587411242,0.985000914169369,1.0,1
0.0010783131046444958,False,30,goleiro_time1,0.9333790602280901,9,goleiro1,GOL-TIME1,0.9770034919686748,0.9949676935013287,1.0,10
0.0031552849963064613,False,30,time0,0.9362785599130017,0,time0,TIME0,0.9717667768732879,0.9816502162513474,1.0,5
0.0012052674190899707,False,30,time0,0.9224865689413144,3,time0,TIME0,0.9703073518561387,0.9818756937146924,1.0,2
0.0011042408919156013,False,30,time0,0.9204805321408309,1,time0,TIME0,0.9684294926367765,0.9754350350025449,1.0,9
0.001133602137984308,False,30,time1,0.9342539987333741,7,time1,TIME1,0.9663006084636417,0.9511852187467119,1.0,7
0.0021865195094318696,False,30,time0,0.8390319610773233,4,time0,TIME0,0.9467786283874206,0.9898331992744056,1.0,6
0.001086647500106193,False,30,time0,0.8394226048966532,2,time0,TIME0,0.9447512243933919,0.9831302750564033,1.0,4
0.00518455611892934,False,30,time1,0.862355202565987,8,time1,TIME1,0.9269071270236188,0.9008987407428355,1.0,3
0.00234135547042449,False,30,time1,0.8296959268918714,6,time1,TIME1,0.8316369151678789,0.9442862178332192,0.0,8
0.0009036791258272377,False,31,goleiro_time1,0.9335044040726999,9,goleiro1,GOL-TIME1,0.9777285427447454,0.9949676935013287,1.0,10
0.0013961184407212679,False,31,time1,0.9417727029194363,5,time1,TIME1,0.977354092856509,0.985000914169369,1.0,1
0.0009456757903250062,False,31,time0,0.9361884991497436,3,time0,TIME0,0.9750169337325465,0.9818756937146924,1.0,2
0.0010495357543711824,False,31,time0,0.9351905979012236,1,time0,TIME0,0.973272002189673,0.9754350350025449,1.0,9
0.0011904491286873614,False,31,time1,0.9305339188346227,7,time1,TIME1,0.9658280477055498,0.9511852187467119,1.0,7
0.001377981306098874,False,31,time0,0.8913387064842343,4,time0,TIME0,0.96302016800668,0.9898331992744056,1.0,6
0.00550035856796449,False,31,time0,0.8846221050653084,0,time0,TIME0,0.9540606564843434,0.9816502162513474,1.0,5
0.005652376244154137,False,31,time1,0.863548235132001,8,time1,TIME1,0.928481712943063,0.9008987407428355,1.0,3
0.0006840454506985357,False,31,time0,0.7497686695761933,2,time0,TIME0,0.9189459926794513,0.9831302750564033,1.0,4
0.003086855655958253,False,31,time1,0.7533247768715664,6,time1,TIME1,0.8086151962446377,0.9442862178332192,0.0,8
0.001074704422993745,False,32,time0,0.9567386569971007,3,time0,TIME0,0.9814228332843153,0.9818756937146924,1.0,2
0.0010818903998669493,False,32,goleiro_time1,0.9115379549379184,9,goleiro1,GOL-TIME1,0.9710706810429808,0.9949676935013287,1.0,10
0.0015177716956563875,False,32,time1,0.9120375765522267,5,time1,TIME1,0.9680908834935329,0.985000914169369,1.0,1
0.0013370913920003073,False,32,time0,0.9138104967539404,1,time0,TIME0,0.9665815828533625,0.9754350350025449,1.0,9
0.001685622526173278,False,32,time1,0.9113379149652601,7,time1,TIME1,0.9592487828668917,0.9511852187467119,1.0,7
0.0017236726178853155,False,32,time0,0.8627234808054035,4,time0,TIME0,0.9544704417227897,0.9898331992744056,1.0,6
0.0028133679566373047,False,32,time0,0.8342399818093398,2,time0,TIME0,0.9412442506745479,0.9831302750564033,1.0,4
0.00850165611913299,False,32,time0,0.8470409163067086,0,time0,TIME0,0.9379255441178519,0.9816502162513474,1.0,5
0.004881303046218092,False,32,time1,0.8858559661741565,8,time1,TIME1,0.9357261371904749,0.9008987407428355,1.0,3
0.0061417685862348755,False,32,time1,0.5527224898960726,6,time1,TIME1,0.744221979964736,0.9442862178332192,0.0,8
0.001167570695268936,False,33,time0,0.9487583122459221,3,time0,TIME0,0.978970200511231,0.9820344979033409,1.0,2
0.0013223754862913852,False,33,time0,0.9453320170670413,1,time0,TIME0,0.9759946267939383,0.9756725679334685,1.0,9
0.001273541558961702,False,33,goleiro_time1,0.9177574290632435,9,goleiro1,GOL-TIME1,0.9726163630094333,0.9947440866520338,1.0,10
0.0009891428548739728,False,33,time1,0.947347856033283,7,time1,TIME1,0.9700921064111465,0.9493991036822127,1.0,7
0.0016203519592605377,False,33,time1,0.8970251006608678,5,time1,TIME1,0.9633566160279581,0.9845832439825166,1.0,1
0.0017151917885012517,False,33,time0,0.862145494555833,4,time0,TIME0,0.9542869054393427,0.9891029950766704,1.0,6
0.003936367217997461,False,33,time1,0.9104005163715666,8,time1,TIME1,0.9441018140619291,0.902194825993511,1.0,3
0.0030856768250030306,False,33,time0,0.8169108700446058,2,time0,TIME0,0.9374131569738893,0.9820457356775129,1.0,4
0.01396640732533948,False,33,time0,0.7574763439246539,0,time0,TIME0,0.9066768877664495,0.9835267989763495,1.0,5
0.0014660902616766953,False,33,time1,0.8173042452127228,6,time1,TIME1,0.8254844130290127,0.9421494885011705,0.0,8
0.0013448174318983518,False,34,time0,0.9600576610507687,3,time0,TIME0,0.9820675661625399,0.9820344979033409,1.0,2
0.0008886230020584789,False,34,time0,0.9521188835631793,1,time0,TIME0,0.9782733504089114,0.9756725679334685,1.0,9
0.0011340608127537012,False,34,goleiro_time1,0.934542457155054,9,goleiro1,GOL-TIME1,0.9778971220974838,0.9947440866520338,1.0,10
0.00079905030251684,False,34,time1,0.9350789462140164,5,time1,TIME1,0.9752807253250014,0.9845832439825166,1.0,1
0.0012263177554036717,False,34,time0,0.8896245528559991,4,time0,TIME0,0.962673768240959,0.9891029950766704,1.0,6
0.0022818175805257245,False,34,time1,0.9529641562869304,8,time1,TIME1,0.9580087566965554,0.902194825993511,1.0,3
0.0025658669211977856,False,34,time1,0.8713341214519488,7,time1,TIME1,0.9453220426906416,0.9493991036822127,1.0,7
0.012941331772143844,False,34,time0,0.7650490415234282,0,time0,TIME0,0.9129239173760836,0.9835267989763495,1.0,5
0.005499355933923985,False,34,time0,0.669905392531352,2,time0,TIME0,0.8898378885957524,0.9820457356775129,1.0,4
0.001786204015440204,False,34,time1,0.8403831098635495,6,time1,TIME1,0.8352711359197988,0.9421494885011705,0.0,8
0.0009882661994629095,False,35,time0,0.9551444108277559,1,time0,TIME0,0.9791809032248318,0.9756725679334685,1.0,9
0.0010569262841736348,False,35,time0,0.9476792335440156,3,time0,TIME0,0.978514220441338,0.9820344979033409,1.0,2
0.0003618050770170226,False,35,time1,0.9159194994737152,5,time1,TIME1,0.9700149360968859,0.9845832439825166,1.0,1
0.001455056741610491,False,35,time0,0.8851550311303603,4,time0,TIME0,0.9612084702970362,0.9891029950766704,1.0,6
0.0015941629070311228,False,35,goleiro_time1,0.8801507473760883,9,goleiro1,GOL-TIME1,0.9608783259804357,0.9947440866520338,1.0,10
0.002210273191283538,False,35,time1,0.9349184656423534,8,time1,TIME1,0.9538081223260502,0.902194825993511,1.0,3
0.0027904954758173495,False,35,time1,0.8581652866756976,7,time1,TIME1,0.9420947325426314,0.9493991036822127,1.0,7
0.0018874159389996538,False,35,time0,0.749355930248335,2,time0,TIME0,0.9161360210118489,0.9820457356775129,1.0,4
0.011963889128364736,False,35,time0,0.7738578805392501,0,time0,TIME0,0.915989813467581,0.9835267989763495,1.0,5
0.002220813836196411,False,35,time1,0.8062583041675971,6,time1,TIME1,0.8250908002984036,0.9421494885011705,0.0,8
0.001214763328856795,False,36,time0,0.9491753452164624,3,time0,TIME0,0.9789331807504408,0.9817398045404169,1.0,2
0.0014885765811995305,False,36,time0,0.9557313157851964,1,time0,TIME0,0.9788527920972148,0.9756190472492134,1.0,9
0.001340092259232721,False,36,time1,0.9065975133656563,5,time1,TIME1,0.9660625384041269,0.9841196763413537,1.0,1
0.0013488104349521502,False,36,goleiro_time1,0.8959313683697753,9,goleiro1,GOL-TIME1,0.9658204099835294,0.9937570936035156,1.0,10
0.006356419719985909,False,36,time0,0.8529193525449583,0,time0,TIME0,0.9423368458246323,0.984663948717006,1.0,5
0.003095812909678057,False,36,time1,0.837343432841987,7,time1,TIME1,0.9353268838330807,0.9487914435547662,1.0,7
0.002462575051503791,False,36,time0,0.7975133565549858,4,time0,TIME0,0.9332874496960556,0.9881010125303844,1.0,6
0.0091378161620108,False,36,time1,0.8272279309012335,8,time1,TIME1,0.9099169959378605,0.9015925601611372,1.0,3
0.00333666305273231,False,36,time1,0.7399463392819828,6,time1,TIME1,0.9035502701042966,0.941623126169048,1.0,8
0.004513955856509937,False,36,time0,0.6182982825370987,2,time0,TIME0,0.8750911606306823,0.9820422513397109,1.0,4
0.0010953284450279177,False,37,time0,0.9357745371775731,3,time0,TIME0,0.9748980890099977,0.9817398045404169,1.0,2
0.00028739786671239917,False,37,time1,0.9313981367092828,5,time1,TIME1,0.9744648561967076,0.9841196763413537,1.0,1
0.002065827869722342,False,37,time0,0.9435523170217434,0,time0,TIME0,0.9740722471950021,0.984663948717006,1.0,5
0.0005243180771993716,False,37,time0,0.9196931555924271,1,time0,TIME0,0.9683861048788578,0.9756190472492134,1.0,9
0.0011101056083865513,False,37,goleiro_time1,0.8946323022525252,9,goleiro1,GOL-TIME1,0.9654049276219431,0.9937570936035156,1.0,10
0.0017669046089092413,False,37,time1,0.8698521427864211,6,time1,TIME1,0.9436038405585789,0.941623126169048,1.0,8
0.0024081983891658634,False,37,time0,0.7895867136239406,4,time0,TIME0,0.931618211851745,0.9881010125303844,1.0,6
0.003518833995274387,False,37,time1,0.8130585625124108,7,time1,TIME1,0.9275161928099337,0.9487914435547662,1.0,7
0.0029291202383653382,False,37,time0,0.7348222580983705,2,time0,TIME0,0.9122074129601244,0.9820422513397109,1.0,4
0.012746377462043455,False,37,time1,0.774475741788876,8,time1,TIME1,0.8936926817302132,0.9015925601611372,1.0,3
0.0008802949921115044,False,38,time0,0.9764016456923941,1,time0,TIME0,0.9854528745341719,0.9756190472492134,1.0,9
0.00021699647107691793,False,38,time1,0.946261285752978,5,time1,TIME1,0.9796358583179285,0.9841196763413537,1.0,1
0.0013184725298180811,False,38,time0,0.9165011527315361,3,time0,TIME0,0.9689930200417146,0.9817398045404169,1.0,2
0.0014623412069311112,False,38,goleiro_time1,0.8886154976791706,9,goleiro1,GOL-TIME1,0.9632315273792222,0.9937570936035156,1.0,10
0.0018310197223443878,False,38,time0,0.8449805725661698,4,time0,TIME0,0.9483253441613827,0.9881010125303844,1.0,6
0.0066075990283637484,False,38,time0,0.8439545714567228,0,time0,TIME0,0.9399872577419716,0.984663948717006,1.0,5
0.003129515872841852,False,38,time1,0.8313252145008267,7,time1,TIME1,0.9334669700724098,0.9487914435547662,1.0,7
0.0022973839502124413,False,38,time1,0.8207716411609041,6,time1,TIME1,0.9289971198588544,0.941623126169048,1.0,8
0.01026725743366445,False,38,time1,0.8059433418829058,8,time1,TIME1,0.9061354063802353,0.9015925601611372,1.0,3
0.003999135312513336,False,38,time0,0.673097984074272,2,time0,TIME0,0.8930614030113183,0.9820422513397109,1.0,4
0.00024176181056722692,False,39,time1,0.9806640918044591,5,time1,TIME1,0.9896703648913079,0.9839174783696659,1.0,1
0.0013027321277979092,False,39,time0,0.9537402268027879,1,time0,TIME0,0.9787323259721998,0.9763732651263943,1.0,9
0.0012408954525990224,False,39,time0,0.9223702342492983,3,time0,TIME0,0.9708699850144854,0.9813806666233724,1.0,2
0.0015565626153053048,False,39,goleiro_time1,0.8917203967134243,9,goleiro1,GOL-TIME1,0.9640443121966362,0.9922622984453672,1.0,10
0.0018944174935493455,False,39,time1,0.9536052080655529,8,time1,TIME1,0.9534269080753105,0.9016874730185993,1.0,3
0.0015916479882920021,False,39,time0,0.8584162380067963,4,time0,TIME0,0.9525756322186482,0.9866958199024242,1.0,6
0.002035293420609694,False,39,time1,0.886087549364079,7,time1,TIME1,0.9506859228302232,0.9499951369821671,1.0,7
0.007856424749102874,False,39,time0,0.8117869600438333,0,time0,TIME0,0.9317212899945871,0.9849110218493379,1.0,5
0.0026814016625089994,False,39,time1,0.7919128322571405,6,time1,TIME1,0.9203539290351246,0.9419185221795274,1.0,8
0.004730202286650979,False,39,time0,0.6489789743657908,2,time0,TIME0,0.8852652222643459,0.981551336394806,1.0,4
0.000573727187884869,False,40,time1,0.9427067937033874,5,time1,TIME1,0.978041459518634,0.9839174783696659,1.0,1
0.0017049961778415233,False,40,time0,0.9465236173123395,1,time0,TIME0,0.9761454486499013,0.9763732651263943,1.0,9
0.0009570998008508542,False,40,time0,0.9144172842623878,3,time0,TIME0,0.9679961328701484,0.9813806666233724,1.0,2
0.0011063143443063605,False,40,goleiro_time1,0.901472708961767,9,goleiro1,GOL-TIME1,0.9669896793412947,0.9922622984453672,1.0,10
0.002635652371706565,False,40,time1,0.9476264711543755,8,time1,TIME1,0.9557979747532476,0.9016874730185993,1.0,3
0.0022834786801860948,False,40,time1,0.8736828392977163,7,time1,TIME1,0.94693838819709,0.9499951369821671,1.0,7
0.00899745085967013,False,40,time0,0.783739009629685,0,time0,TIME0,0.9222525619597906,0.9849110218493379,1.0,5
0.0038491874089263034,False,40,time1,0.7097399770676374,6,time1,TIME1,0.8940844225190671,0.9419185221795274,1.0,8
0.005195011912256747,False,40,time0,0.6451461443263007,2,time0,TIME0,0.8833979158567483,0.981551336394806,1.0,4
0.012834781558276335,False,40,time0,0.5813833675567239,4,time0,TIME0,0.8514062570231674,0.9866958199024242,1.0,6
0.0016140492397712454,False,41,time0,0.9539049334635082,1,time0,TIME0,0.9786267584718583,0.9763732651263943,1.0,9
0.0019806104700232094,False,41,time1,0.938103386263268,5,time1,TIME1,0.9745721837412947,0.9839174783696659,1.0,1
0.0010434884554707926,False,41,time0,0.9125801137405616,3,time0,TIME0,0.9678133747625611,0.9813806666233724,1.0,2
0.0009847597942767828,False,41,time1,0.9342322088152545,7,time1,TIME1,0.9659790971674419,0.9499951369821671,1.0,7
0.0014995488436160232,False,41,goleiro_time1,0.8944953323553089,9,goleiro1,GOL-TIME1,0.9645979852634619,0.9922622984453672,1.0,10
0.0038898862987285093,False,41,time1,0.9184413713813182,8,time1,TIME1,0.94482658999161,0.9016874730185993,1.0,3
0.003025685238871774,False,41,time0,0.7797759832810311,2,time0,TIME0,0.925089779380405,0.981551336394806,1.0,4
0.003933876650797537,False,41,time0,0.7561173686567914,4,time0,TIME0,0.9138025613691907,0.9866958199024242,1.0,6
0.010185668305076489,False,41,time0,0.7504271364282484,0,time0,TIME0,0.9105406970237742,0.9849110218493379,1.0,5
0.0040082278525620085,False,41,time1,0.6913891050166246,6,time1,TIME1,0.8891435564877427,0.9419185221795274,1.0,8
0.0016184952896831561,False,42,time0,0.9414535546816172,1,time0,TIME0,0.9750059871838059,0.9765887918232239,1.0,9
0.0028046161216792533,False,42,time1,0.9211912881511001,5,time1,TIME1,0.9690929265016394,0.9835003121551351,1.0,1
0.001231723472418039,False,42,time0,0.9137938438372163,3,time0,TIME0,0.9681150172168685,0.980983985751273,1.0,2
0.0015511510539215304,False,42,goleiro_time1,0.8812376121542492,9,goleiro1,GOL-TIME1,0.9605886222630909,0.9911537414045224,1.0,10
0.0017313962767439718,False,42,time1,0.8908438844024207,7,time1,TIME1,0.9527455504138015,0.9503176227764871,1.0,7
0.0022465141259768923,False,42,time0,0.8248766668551558,2,time0,TIME0,0.9399964370239148,0.9807706563845888,1.0,4
0.001737459810003826,False,42,time0,0.8082342884208089,4,time0,TIME0,0.9354609839338958,0.9863063588293737,1.0,6
0.005509261923610874,False,42,time1,0.8784804725124294,8,time1,TIME1,0.932970335851064,0.9025344135361582,1.0,3
0.012415200858137646,False,42,time0,0.6954249188825832,0,time0,TIME0,0.8917942717317445,0.9851174767246715,1.0,5
0.0048231944293265485,False,42,time1,0.6236221944097173,6,time1,TIME1,0.8674978722052987,0.9425297769045632,1.0,8
0.0015056531792326637,False,43,time0,0.9588670972213974,1,time0,TIME0,0.9802686742080051,0.9765887918232239,1.0,9
0.002199722372838734,False,43,time1,0.9415839901923497,5,time1,TIME1,0.9759333382066772,0.9835003121551351,1.0,1
0.0012975915719881227,False,43,time0,0.9109154495883024,3,time0,TIME0,0.9672236172538314,0.980983985751273,1.0,2
0.0016851782458692762,False,43,goleiro_time1,0.8752402353809225,9,goleiro1,GOL-TIME1,0.9587281261168049,0.9911537414045224,1.0,10
0.0017131013441475868,False,43,time0,0.8670899614398898,2,time0,TIME0,0.9531555947505298,0.9807706563845888,1.0,4
0.002842199096754976,False,43,time1,0.8520800046394329,7,time1,TIME1,0.939858181072735,0.9503176227764871,1.0,7
0.004387981123314528,False,43,time0,0.7399615378089149,4,time0,TIME0,0.9110325340638413,0.9863063588293737,1.0,6
0.009600019198861007,False,43,time1,0.7934863811561447,8,time1,TIME1,0.9020737720123789,0.9025344135361582,1.0,3
0.016642348398699124,False,43,time0,0.5990935214197075,0,time0,TIME0,0.8575799001096475,0.9851174767246715,1.0,5
0.009095551414123748,False,43,time1,0.4539924375184411,6,time1,TIME1,0.8100055891217416,0.9425297769045632,1.0,8
0.0017947375523779945,False,44,time0,0.9536256331774401,1,time0,TIME0,0.9784061496393552,0.9765887918232239,1.0,9
0.0014345038260707712,False,44,time1,0.9246366975815032,5,time1,TIME1,0.9710145187375067,0.9835003121551351,1.0,1
0.0011618356372155728,False,44,time0,0.9231736149805547,3,time0,TIME0,0.9709685744667406,0.980983985751273,1.0,2
0.0014460335763912622,False,44,goleiro_time1,0.8945207155077113,9,goleiro1,GOL-TIME1,0.9646637239932788,0.9911537414045224,1.0,10
0.0027709817757414603,False,44,time1,0.8672666161115563,7,time1,TIME1,0.9451720231706161,0.9503176227764871,1.0,7
0.002343022414454267,False,44,time0,0.7956256548098782,2,time0,TIME0,0.9311929705846783,0.9807706563845888,1.0,4
0.012549176316593231,False,44,time1,0.7100283632077935,8,time1,TIME1,0.8751309829524133,0.9025344135361582,1.0,3
0.0040727418983237205,False,44,time1,0.5751873983198401,6,time1,TIME1,0.849194131190236,0.9425297769045632,1.0,8
0.01745806305474777,False,44,time0,0.5646351416759179,0,time0,TIME0,0.8491307149048308,0.9851174767246715,1.0,5
0.0015227977451174202,False,45,time0,0.9516447538335916,1,time0,TIME0,0.978056664376124,0.9766483394701633,1.0,9
0.0015357215939996282,False,45,goleiro_time1,0.894748262922947,9,goleiro1,GOL-TIME1,0.9642212801836618,0.9891868774363362,1.0,10
0.0017044726738633365,False,45,time0,0.9020741231521533,3,time0,TIME0,0.9635971277684044,0.9798713519369526,1.0,2
0.0018602969826601334,False,45,time1,0.8910994999506991,5,time1,TIME1,0.9608699690558813,0.9825785410749202,1.0,1
0.0027681963925736673,False,45,time1,0.8742384212866149,7,time1,TIME1,0.946968460642495,0.949803903176917,1.0,7
0.0027338349637900075,False,45,time0,0.7451658536380134,2,time0,TIME0,0.9157116226286309,0.9809001407119065,1.0,4
0.011773450134776639,False,45,time0,0.6976624273614866,0,time0,TIME0,0.8911860542242706,0.9859083909496176,1.0,5
0.011288938057608945,False,45,time1,0.697010318516687,8,time1,TIME1,0.8727916423658184,0.9020455401015988,1.0,3
0.004346113359630905,False,45,time1,0.6015159561576154,6,time1,TIME1,0.8595170862116804,0.9407435311279291,1.0,8
0.0009503773690548824,False,46,time0,0.9573171303490371,1,time0,TIME0,0.980013557780277,0.9766483394701633,1.0,9
0.0016256171949510087,False,46,time1,0.9270761094419918,7,time1,TIME1,0.9632879160646515,0.949803903176917,1.0,7
0.0016967518289603203,False,46,time0,0.8959709399051441,3,time0,TIME0,0.9620767839699123,0.9798713519369526,1.0,2
0.00147732108332492,False,46,goleiro_time1,0.8845669189930602,9,goleiro1,GOL-TIME1,0.9611102311183505,0.9891868774363362,1.0,10
0.002466300945229873,False,46,time1,0.8661048046410232,5,time1,TIME1,0.9526691374000587,0.9825785410749202,1.0,1
0.009141467377683347,False,46,time0,0.7785834540700219,0,time0,TIME0,0.9195594576913472,0.9859083909496176,1.0,5
0.0034753553502156692,False,46,time0,0.6902193049233388,2,time0,TIME0,0.8985647020197304,0.9809001407119065,1.0,4
0.008002624896693079,False,46,time1,0.7500040068320991,8,time1,TIME1,0.890746421171284,0.9020455401015988,1.0,3
0.0033942318230571387,False,46,time1,0.6479495854452173,6,time1,TIME1,0.8744447275363685,0.9407435311279291,1.0,8
0.0015034130540847394,False,47,time0,0.9575684026994447,1,time0,TIME0,0.9796537916358327,0.9766483394701633,1.0,9
0.0013108339390030168,False,47,time0,0.9208398900612119,3,time0,TIME0,0.969759412812926,0.9798713519369526,1.0,2
0.0015784336526044494,False,47,time1,0.9330399275244726,7,time1,TIME1,0.9656147543592479,0.949803903176917,1.0,7
0.0015938176563198522,False,47,goleiro_time1,0.8907636358777264,9,goleiro1,GOL-TIME1,0.962836851175855,0.9891868774363362,1.0,10
0.0035486777265063677,False,47,time1,0.8007814840450544,5,time1,TIME1,0.931914110698993,0.9825785410749202,1.0,1
0.008353762403163486,False,47,time0,0.8100644825402505,0,time0,TIME0,0.9311097251730803,0.9859083909496176,1.0,5
0.003560080307677723,False,47,time0,0.697846909580491,2,time0,TIME0,0.9012708567872486,0.9809001407119065,1.0,4
0.003294809358826889,False,47,time1,0.7132724381293993,6,time1,TIME1,0.8956857352531196,0.9407435311279291,1.0,8
0.00770501228983405,False,47,time1,0.7509103892947028,8,time1,TIME1,0.8931434673832817,0.9020455401015988,1.0,3
0.0016967893844452141,False,48,time0,0.9581311071726671,1,time0,TIME0,0.9797225841748384,0.9758591212628098,1.0,9
0.0016985836058531901,False,48,time0,0.9011710802198845,3,time0,TIME0,0.9635525140491796,0.9800584376516666,1.0,2
0.0018995921415140068,False,48,time1,0.9170068885371006,7,time1,TIME1,0.9601412177122849,0.9487200661404294,1.0,7
0.0016485522321694325,False,48,goleiro_time1,0.8723477487512433,9,goleiro1,GOL-TIME1,0.956903246465668,0.9876397784630762,1.0,10
0.003605762063544787,False,48,time1,0.8796483790478142,6,time1,TIME1,0.9425709500834808,0.9395675303939253,1.0,8
0.0028247891532075125,False,48,time1,0.8216966936175428,5,time1,TIME1,0.9391998814252077,0.9830329895724946,1.0,1
0.008961928349497595,False,48,time0,0.7922488227344819,0,time0,TIME0,0.9252927344341101,0.9861365679899983,1.0,5
0.003307444019652509,False,48,time0,0.728385746562174,2,time0,TIME0,0.9106028352317143,0.9810646591580385,1.0,4
0.008996291509946264,False,48,time1,0.7254861378685789,8,time1,TIME1,0.8838857600469509,0.9012187489250081,1.0,3
0.0014351254938091845,False,49,time0,0.9539872018000342,1,time0,TIME0,0.9786494723825647,0.9758591212628098,1.0,9
0.0010369202500897302,False,49,goleiro_time1,0.9236612377963702,9,goleiro1,GOL-TIME1,0.9726279537026638,0.9876397784630762,1.0,10
0.0015034656534094032,False,49,time0,0.9169952193260418,3,time0,TIME0,0.9685767611868618,0.9800584376516666,1.0,2
0.0027731736307272446,False,49,time1,0.8411366855474968,5,time1,TIME1,0.9448380784970779,0.9830329895724946,1.0,1
0.004069888547304304,False,49,time1,0.8293169958711196,7,time1,TIME1,0.9307948797604246,0.9487200661404294,1.0,7
0.0028895400041592744,False,49,time0,0.7648829374398645,2,time0,TIME0,0.9217624895673441,0.9810646591580385,1.0,4
0.0098389049844201,False,49,time0,0.762091718828701,0,time0,TIME0,0.9151109218690939,0.9861365679899983,1.0,5
0.0021890315059862864,False,49,time1,0.7589482409799201,6,time1,TIME1,0.9073604480411436,0.9395675303939253,1.0,8
0.007274425126894929,False,49,time1,0.7831067380822189,8,time1,TIME1,0.9023975169696367,0.9012187489250081,1.0,3
0.0013239682934129428,False,50,time0,0.954107900253371,1,time0,TIME0,0.978911228220589,0.9758591212628098,1.0,9
0.0011082328126787687,False,50,goleiro_time1,0.9185571231648655,9,goleiro1,GOL-TIME1,0.9714202964889279,0.9876397784630762,1.0,10
0.0015072526965561332,False,50,time1,0.924340150776767,5,time1,TIME1,0.9707601847668814,0.9830329895724946,1.0,1
0.0015657673888924057,False,50,time0,0.9120650242347821,3,time0,TIME0,0.9671669660037683,0.9800584376516666,1.0,2
0.0010565583053591145,False,50,time1,0.9189172273428496,6,time1,TIME1,0.9583920584201299,0.9395675303939253,1.0,8
0.002228267788229837,False,50,time0,0.8133200125350175,2,time0,TIME0,0.9367851808260393,0.9810646591580385,1.0,4
0.007024568377668101,False,50,time0,0.803296646762104,0,time0,TIME0,0.9290837715574999,0.9861365679899983,1.0,5
0.005015133477729132,False,50,time1,0.789023068686704,7,time1,TIME1,0.9186654142345256,0.9487200661404294,1.0,7
0.006873128211759125,False,50,time1,0.8206676089307708,8,time1,TIME1,0.9128434713408401,0.9012187489250081,1.0,3
0.001212612059769671,False,51,time0,0.9594924986605388,1,time0,TIME0,0.9804709445201761,0.9752089626632272,1.0,9
0.0012985515637777684,False,51,time0,0.932743230228608,3,time0,TIME0,0.9735314237293554,0.980426051008065,1.0,2
0.0012881510755016025,False,51,goleiro_time1,0.9201817847770938,9,goleiro1,GOL-TIME1,0.9712577207108387,0.9862770381387048,1.0,10
0.0025434829863686375,False,51,time1,0.8447670492766264,5,time1,TIME1,0.9461184214062391,0.9832592907265373,1.0,1
0.0020689411869513107,False,51,time0,0.8279363450027786,2,time0,TIME0,0.9414248411121923,0.9806952867486363,1.0,4
0.0064395214579596755,False,51,time0,0.807616952515589,0,time0,TIME0,0.9324066335759383,0.9861708777306967,1.0,5
0.004807315061189364,False,51,time1,0.7878672184309986,7,time1,TIME1,0.9187824895568303,0.9478310166930902,1.0,7
0.008552180909115394,False,51,time1,0.8120347679498933,8,time1,TIME1,0.9094024067126153,0.9013872117853139,1.0,3
0.001285700553055023,False,51,time1,0.9019610736988087,6,time1,TIME1,0.8535720494323689,0.9378154101835874,0.0,8
0.0014117031011196472,False,52,time0,0.955542496270034,1,time0,TIME0,0.9790404333374215,0.9752089626632272,1.0,9
0.000832373381669174,False,52,time0,0.9436859252147125,3,time0,TIME0,0.9770642111490375,0.980426051008065,1.0,2
0.0018005525917089843,False,52,goleiro_time1,0.8879391713738863,9,goleiro1,GOL-TIME1,0.9609635900843116,0.9862770381387048,1.0,10
0.0022281710314474303,False,52,time1,0.8544958389743355,5,time1,TIME1,0.9499135845035737,0.9832592907265373,1.0,1
0.0024526612693243598,False,52,time0,0.7916723630658316,2,time0,TIME0,0.9300593768865185,0.9806952867486363,1.0,4
0.006881983080785243,False,52,time0,0.7909031963107788,0,time0,TIME0,0.927254950736083,0.9861708777306967,1.0,5
0.007514905775927778,False,52,time1,0.8331767247257837,8,time1,TIME1,0.9177214849975863,0.9013872117853139,1.0,3
0.006049224511880516,False,52,time1,0.722930944183083,7,time1,TIME1,0.8973214174250083,0.9478310166930902,1.0,7
0.0017280001569731382,False,52,time1,0.8717807735834082,6,time1,TIME1,0.8440350467911693,0.9378154101835874,0.0,8
0.0005224165466753376,False,53,time0,0.9610509334946338,3,time0,TIME0,0.9827351990742795,0.980426051008065,1.0,2
0.0012107041978454461,False,53,time0,0.944427944588193,1,time0,TIME0,0.9757932530490889,0.9752089626632272,1.0,9
0.00110036845603809,False,53,goleiro_time1,0.9296494737077984,9,goleiro1,GOL-TIME1,0.9739863674902532,0.9862770381387048,1.0,10
0.0021776105258742053,False,53,time1,0.8657013615220625,5,time1,TIME1,0.9533754249882945,0.9832592907265373,1.0,1
0.005698162765754276,False,53,time0,0.8278308940048482,0,time0,TIME0,0.9378732668727394,0.9861708777306967,1.0,5
0.002720524520694427,False,53,time0,0.7764553668679968,2,time0,TIME0,0.9254009055614154,0.9806952867486363,1.0,4
0.00414425490113761,False,53,time1,0.7813688568983622,7,time1,TIME1,0.916220706263842,0.9478310166930902,1.0,7
0.006931025565519508,False,53,time1,0.8200380691606486,8,time1,TIME1,0.9113255268982082,0.9013872117853139,1.0,3
0.0021973233674261877,False,53,time1,0.8349504128424002,6,time1,TIME1,0.8326172730409411,0.9378154101835874,0.0,8
0.00030672633274680255,False,54,time0,0.9766860916790864,3,time0,TIME0,0.9877523602335373,0.9807414946745168,1.0,2
0.001247625893345663,False,54,time0,0.9480431812949145,1,time0,TIME0,0.9768651669452219,0.9745563274143749,1.0,9
0.0013315999575679693,False,54,goleiro_time1,0.9101063033328274,9,goleiro1,GOL-TIME1,0.9678698419737652,0.9848471822442605,1.0,10
0.001851307693137653,False,54,time1,0.8895063668060393,5,time1,TIME1,0.9608530976341633,0.9836347859968003,1.0,1
0.002011450558010036,False,54,time0,0.8326983675954855,2,time0,TIME0,0.9424875055911824,0.9800127344365914,1.0,4
0.0031007094089505662,False,54,time1,0.8319111834090835,7,time1,TIME1,0.9327010093974407,0.9472885282283721,1.0,7
0.006477900782481645,False,54,time0,0.8038212256732412,0,time0,TIME0,0.9311899810500578,0.9859469697888841,1.0,5
0.005035293954686072,False,54,time1,0.8531556936174801,8,time1,TIME1,0.9244558115642654,0.9025279764931936,1.0,3
0.0029074897942734518,False,54,time1,0.7727477327736971,6,time1,TIME1,0.8126815355942033,0.9364661456309329,0.0,8
0.0005625677974182864,False,55,time0,0.968009811964859,3,time0,TIME0,0.9848385252859523,0.9807414946745168,1.0,2
0.0010321073036539297,False,55,time0,0.9537961075859129,1,time0,TIME0,0.9786899755985893,0.9745563274143749,1.0,9
0.0012574454080111392,False,55,goleiro_time1,0.9209945938023723,9,goleiro1,GOL-TIME1,0.9712810718810171,0.9848471822442605,1.0,10
0.0017702124137645903,False,55,time1,0.9120831993465148,5,time1,TIME1,0.9676522384901644,0.9836347859968003,1.0,1
0.0021069540478656436,False,55,time1,0.9274999683379826,8,time1,TIME1,0.949923277147213,0.9025279764931936,1.0,3
0.003038010797493197,False,55,time1,0.8294124318020176,7,time1,TIME1,0.9324073732510862,0.9472885282283721,1.0,7
0.00906830453103165,False,55,time0,0.7355032773427708,0,time0,TIME0,0.9070964544062138,0.9859469697888841,1.0,5
0.0008626199414739914,False,55,time0,0.6704648777841008,2,time0,TIME0,0.8944224369235059,0.9800127344365914,1.0,4
0.003013326345698918,False,55,time1,0.7589270902277757,6,time1,TIME1,0.8089480384624645,0.9364661456309329,0.0,8
0.00930545085908869,False,55,time0,0.3579947177225527,4,time0,TIME0,0.787481250799876,0.9863063588293737,1.0,6
0.0006258445685307049,False,56,time0,0.9664886954108182,3,time0,TIME0,0.9844382771199579,0.9807414946745168,1.0,2
0.0013826228176987332,False,56,time0,0.9474251763339377,1,time0,TIME0,0.9763700506116662,0.9745563274143749,1.0,9
0.0020269770994015336,False,56,time1,0.9366619206768212,5,time1,TIME1,0.9746020538115607,0.9836347859968003,1.0,1
0.0015218507408153459,False,56,goleiro_time1,0.913834679514805,9,goleiro1,GOL-TIME1,0.9687841473404525,0.9848471822442605,1.0,10
0.002625883832929806,False,56,time1,0.9307084815590073,8,time1,TIME1,0.9514891079299973,0.9025279764931936,1.0,3
0.0017706937084081703,False,56,time0,0.8284471943360481,4,time0,TIME0,0.9378311380400883,0.9863063588293737,1.0,6
0.0029881046448354395,False,56,time1,0.829998770953608,7,time1,TIME1,0.9328855065677107,0.9472885282283721,1.0,7
0.009631573598664254,False,56,time0,0.7338472736198534,0,time0,TIME0,0.9074786297464524,0.9859469697888841,1.0,5
0.005221473485267033,False,56,time0,0.7031660480951794,2,time0,TIME0,0.8979756785914889,0.9800127344365914,1.0,4
0.002155895013738727,False,56,time1,0.8135827233457307,6,time1,TIME1,0.8255159060298836,0.9364661456309329,0.0,8
0.0010947143533239212,False,57,time0,0.9643233371752291,1,time0,TIME0,0.9817252596602225,0.9745004790426188,1.0,9
0.0007858241157468784,False,57,time0,0.927167853467027,3,time0,TIME0,0.972511925583695,0.9812618852338002,1.0,2
0.0015665970728900862,False,57,goleiro_time1,0.9173763723548337,9,goleiro1,GOL-TIME1,0.9698530961848709,0.9844830267240577,1.0,10
0.0020191525710560733,False,57,time1,0.9203800401242047,5,time1,TIME1,0.9697281814565551,0.9841140104028742,1.0,1
0.0027889183619099404,False,57,time1,0.9432802726577099,8,time1,TIME1,0.9565792165864906,0.9053917964308438,1.0,3
0.002244241748568166,False,57,time0,0.8351190404417167,4,time0,TIME0,0.9434817484134368,0.9847711784280998,1.0,6
0.0031803335306689893,False,57,time1,0.8168118492520162,7,time1,TIME1,0.928624404621064,0.9470663832084585,1.0,7
0.0035440039626457066,False,57,time0,0.7855662432817461,2,time0,TIME0,0.9260548539778556,0.979005258564942,1.0,4
0.012125204113990429,False,57,time0,0.6974757022002802,0,time0,TIME0,0.8929610262558217,0.9857881960984369,1.0,5
0.0021342812369225576,False,57,time1,0.8291195556635933,6,time1,TIME1,0.8299935841896304,0.9351100081938633,0.0,8
0.002077707957520069,False,58,time1,0.9364129818238696,5,time1,TIME1,0.9748480275879027,0.9841140104028742,1.0,1
0.0016193890452861884,False,58,time0,0.9427517231041526,1,time0,TIME0,0.9746192351325019,0.9745004790426188,1.0,9
0.0010745260614977658,False,58,goleiro_time1,0.9309370701903114,9,goleiro1,GOL-TIME1,0.9740664510739012,0.9844830267240577,1.0,10
0.001582585319464744,False,58,time0,0.883641681071479,3,time0,TIME0,0.9579984413251267,0.9812618852338002,1.0,2
0.0020935552898545783,False,58,time0,0.8646765259815585,2,time0,TIME0,0.9512317593061473,0.979005258564942,1.0,4
0.0039047656303227035,False,58,time1,0.9187419687809801,8,time1,TIME1,0.9474872731513629,0.9053917964308438,1.0,3
0.006155385101120886,False,58,time0,0.8334325676995495,0,time0,TIME0,0.9367236570542693,0.9857881960984369,1.0,5
0.00284162245230681,False,58,time1,0.8313723545260067,7,time1,TIME1,0.9332569882206788,0.9470663832084585,1.0,7
0.003203083712647648,False,58,time0,0.748363418224674,4,time0,TIME0,0.9170059381691512,0.9847711784280998,1.0,6
0.0018384773541659585,False,58,time1,0.8452122372572949,6,time1,TIME1,0.8354649395540394,0.9351100081938633,0.0,8
0.0012492207568194197,False,59,time0,0.9478419838330417,1,time0,TIME0,0.9765685442772832,0.9745004790426188,1.0,9
0.0009865434092365757,False,59,goleiro_time1,0.9247278585887371,9,goleiro1,GOL-TIME1,0.9725131420586288,0.9844830267240577,1.0,10
0.002203624030563281,False,59,time1,0.907041949335591,5,time1,TIME1,0.9658103548742477,0.9841140104028742,1.0,1
0.0037395621909181607,False,59,time0,0.8934048681709879,0,time0,TIME0,0.9593079843708825,0.9857881960984369,1.0,5
0.001739112792484464,False,59,time0,0.887300259526469,2,time0,TIME0,0.958937065260791,0.979005258564942,1.0,4
0.0015582837820956924,False,59,time0,0.8829453142388427,3,time0,TIME0,0.9585720435989701,0.9812618852338002,1.0,2
0.004092657777598068,False,59,time1,0.9103532102332146,8,time1,TIME1,0.9451439509409525,0.9053917964308438,1.0,3
0.0039967486452139826,False,59,time1,0.7845029884777536,7,time1,TIME1,0.9176594375428638,0.9470663832084585,1.0,7
0.0058759826835018385,False,59,time0,0.6954298898261267,4,time0,TIME0,0.8967083017540846,0.9847711784280998,1.0,6
0.0022982872299730254,False,59,time1,0.8064714212164972,6,time1,TIME1,0.8233148016753953,0.9351100081938633,0.0,8
0.0018404451749911377,False,60,time0,0.9344218492305969,1,time0,TIME0,0.9717522877138097,0.9740420217742216,1.0,9
0.0025277867418062082,False,60,time1,0.9160439542072302,5,time1,TIME1,0.968179205554711,0.9839995160683259,1.0,1
0.0016422301396778463,False,60,time0,0.9181415662267085,2,time0,TIME0,0.9678633059832051,0.978283969249511,1.0,4
0.0013576699578279805,False,60,time0,0.907050687627147,3,time0,TIME0,0.9656551039157232,0.9815954713402971,1.0,2
0.001884945502405465,False,60,goleiro_time1,0.8851782475112823,9,goleiro1,GOL-TIME1,0.9592437784703168,0.9841729642714393,1.0,10
0.0050796548830671345,False,60,time0,0.8627476725740607,0,time0,TIME0,0.9492077402040521,0.9857418961054603,1.0,5
0.0043963987469257445,False,60,time1,0.9146400633546854,8,time1,TIME1,0.946855990929968,0.9067816276714895,1.0,3
0.002924451236583453,False,60,time0,0.7862415091864925,4,time0,TIME0,0.9267261307072133,0.9834402241686222,1.0,6
0.004343685565287575,False,60,time1,0.7839481614252262,7,time1,TIME1,0.9177639329929427,0.947158342205229,1.0,7
0.0023193488221092884,False,60,time1,0.8242244322300284,6,time1,TIME1,0.8283534048114114,0.9343631771049098,0.0,8
0.0016287516168472806,False,61,time0,0.9313470135136103,2,time0,TIME0,0.9723023002621051,0.978283969249511,1.0,4
0.0020149489542454937,False,61,time0,0.9248047931630188,1,time0,TIME0,0.9689995462387936,0.9740420217742216,1.0,9
0.0013706250849094227,False,61,goleiro_time1,0.9127416106813073,9,goleiro1,GOL-TIME1,0.9682678206195156,0.9841729642714393,1.0,10
0.0025541048030788315,False,61,time1,0.9130812329742033,5,time1,TIME1,0.9675760835288295,0.9839995160683259,1.0,1
0.00173253928387931,False,61,time0,0.8990264471813076,3,time0,TIME0,0.9632150453984442,0.9815954713402971,1.0,2
0.004838225281609075,False,61,time0,0.8656761672483929,0,time0,TIME0,0.9515200326484111,0.9857418961054603,1.0,5
0.004251051444352722,False,61,time1,0.8948332730605486,8,time1,TIME1,0.9405822295434173,0.9067816276714895,1.0,3
0.004335878786508462,False,61,time1,0.7958742759209415,7,time1,TIME1,0.9215306851068906,0.947158342205229,1.0,7
0.0036437110693118943,False,61,time0,0.7745380752533245,4,time0,TIME0,0.9214645014827023,0.9834402241686222,1.0,6
0.002159153574370368,False,61,time1,0.8342673278890973,6,time1,TIME1,0.831792892521116,0.9343631771049098,0.0,8
0.0006910492239440208,False,62,time0,0.9651277412158445,3,time0,TIME0,0.983343410640138,0.9815954713402971,1.0,2
0.001663862423663805,False,62,time0,0.9527542198727958,1,time0,TIME0,0.9775572861653293,0.9740420217742216,1.0,9
0.0011970819468190912,False,62,goleiro_time1,0.9306754665734704,9,goleiro1,GOL-TIME1,0.9740188106755809,0.9841729642714393,1.0,10
0.0023724730577290897,False,62,time1,0.9168287118614741,5,time1,TIME1,0.9685987719710153,0.9839995160683259,1.0,1
0.0017796752054381078,False,62,time0,0.9059193860485613,2,time0,TIME0,0.9644284767872903,0.978283969249511,1.0,4
0.0011715291732516072,False,62,time0,0.9036700700764887,4,time0,TIME0,0.9639694116644129,0.9834402241686222,1.0,6
0.0020401137266217845,False,62,time1,0.8989041235113467,7,time1,TIME1,0.9529832317831973,0.947158342205229,1.0,7
0.004856730286816926,False,62,time0,0.8507294595208605,0,time0,TIME0,0.9457034800059206,0.9857418961054603,1.0,5
0.00421121838705527,False,62,time1,0.8240293427343625,8,time1,TIME1,0.9184585861101093,0.9067816276714895,1.0,3
0.0019165081276175083,False,62,time1,0.8530624792159991,6,time1,TIME1,0.8375947074380602,0.9343631771049098,0.0,8
0.0012042606723450683,False,63,time0,0.9582846452900889,3,time0,TIME0,0.9811436993426491,0.980856163917674,1.0,2
0.0018886408755357544,False,63,time1,0.9440473821648506,5,time1,TIME1,0.9769136332535789,0.9830401306665546,1.0,1
0.0018188441692044133,False,63,time0,0.940570418834508,1,time0,TIME0,0.9737660616674785,0.9735347854350438,1.0,9
0.002085042641125965,False,63,time0,0.8909238655894649,2,time0,TIME0,0.9595806415795509,0.977629384599207,1.0,4
0.0018533666428339577,False,63,goleiro_time1,0.8710359615437976,9,goleiro1,GOL-TIME1,0.9549816457772714,0.9833820105960349,1.0,10
0.0020979314237917304,False,63,time0,0.8408673515586889,4,time0,TIME0,0.9450234871990415,0.9821625708603849,1.0,6
0.0036488671018777034,False,63,time1,0.8733835073281369,7,time1,TIME1,0.943133005567058,0.9452977722462637,1.0,7
0.005838718118329739,False,63,time0,0.8138132367571528,0,time0,TIME0,0.9346263079542628,0.9861964914555094,1.0,5
0.0037472473202303557,False,63,time1,0.8445713962649152,8,time1,TIME1,0.925185031398176,0.9076683973329316,1.0,3
0.0020568617412193638,False,63,time1,0.8465671542077745,6,time1,TIME1,0.8350784140790879,0.9323317916929268,0.0,8
0.0013090628786145428,False,64,time0,0.951179618393221,3,time0,TIME0,0.9792874019463876,0.980856163917674,1.0,2
0.0017060754380586987,False,64,time1,0.9383580826597367,5,time1,TIME1,0.9755397787712715,0.9830401306665546,1.0,1
0.0018045870464939477,False,64,time0,0.9446692152829805,1,time0,TIME0,0.9751042537235296,0.9735347854350438,1.0,9
0.0014518248053283713,False,64,time1,0.9273500973465671,7,time1,TIME1,0.9616056763756077,0.9452977722462637,1.0,7
0.0015879806464890543,False,64,time0,0.8763372975812843,4,time0,TIME0,0.9564819839812226,0.9821625708603849,1.0,6
0.0016388266603307223,False,64,goleiro_time1,0.8729190176220709,9,goleiro1,GOL-TIME1,0.9559899493016567,0.9833820105960349,1.0,10
0.0023005327665741046,False,64,time0,0.8457172503277982,2,time0,TIME0,0.9454106840332858,0.977629384599207,1.0,4
0.0027935988359725134,False,64,time1,0.8684649586240017,8,time1,TIME1,0.9342601162937915,0.9076683973329316,1.0,3
0.005831197497193448,False,64,time0,0.7967645805017319,0,time0,TIME0,0.9300090498435049,0.9861964914555094,1.0,5
0.0026160419148482696,False,64,time1,0.7926501985421363,6,time1,TIME1,0.8174363863229054,0.9323317916929268,0.0,8
0.0017481410444696584,False,65,time0,0.9488923067180954,1,time0,TIME0,0.9764117297336831,0.9735347854350438,1.0,9
0.00203223378499602,False,65,time1,0.9361431429032223,5,time1,TIME1,0.9744341668485162,0.9830401306665546,1.0,1
0.0010549264275457797,False,65,time0,0.9133437105175423,4,time0,TIME0,0.9682171765753963,0.9821625708603849,1.0,6
0.001324424262455759,False,65,goleiro_time1,0.8895240929883543,9,goleiro1,GOL-TIME1,0.9612194679129233,0.9833820105960349,1.0,10
0.0023083025310136392,False,65,time0,0.8836111357949804,3,time0,TIME0,0.95727030999095,0.980856163917674,1.0,2
0.0027510009590292566,False,65,time0,0.8243253769732882,2,time0,TIME0,0.9387096670605971,0.977629384599207,1.0,4
0.006391273807464773,False,65,time0,0.7605231751168595,0,time0,TIME0,0.9184858115742245,0.9861964914555094,1.0,5
0.003648407344817679,False,65,time1,0.8135518641181316,8,time1,TIME1,0.9169815646052871,0.9076683973329316,1.0,3
0.005837890815371447,False,65,time1,0.7657822655839737,7,time1,TIME1,0.9075074053825588,0.9452977722462637,1.0,7
0.0021886788956987256,False,65,time1,0.8408567012894864,6,time1,TIME1,0.8330400343049261,0.9323317916929268,0.0,8
0.0009652191451641831,False,66,time0,0.9541741495097813,4,time0,TIME0,0.9800676808944004,0.980727651494601,1.0,6
0.0018569286777585148,False,66,time0,0.9393467825859718,1,time0,TIME0,0.9730795511980338,0.9722499437181882,1.0,9
0.0014977254003610116,False,66,time0,0.9053340583014045,2,time0,TIME0,0.9635772032317834,0.9768304339037474,1.0,4
0.0015079686318085017,False,66,goleiro_time1,0.8922479632502944,9,goleiro1,GOL-TIME1,0.9617970878935423,0.9830538870102699,1.0,10
0.0020427252939142484,False,66,time1,0.888156189594638,5,time1,TIME1,0.959819877834278,0.9816856361073139,1.0,1
0.002744960262101715,False,66,time0,0.8596675626264179,3,time0,TIME0,0.9501769692079404,0.9803453474397383,1.0,2
0.004432489676137651,False,66,time0,0.8178885302351425,0,time0,TIME0,0.9366065667951866,0.9864700599252033,1.0,5
0.004040882292562546,False,66,time1,0.8336607056133858,7,time1,TIME1,0.9310396677398911,0.9444564641977107,1.0,7
0.004346379603126117,False,66,time1,0.8185156337079195,8,time1,TIME1,0.9180102863202272,0.9079651047621853,1.0,3
0.002222971707256384,False,66,time1,0.8444976590500737,6,time1,TIME1,0.832919855761953,0.9289339719708918,0.0,8
0.0017275079311941857,False,67,time0,0.9431469143047013,1,time0,TIME0,0.9743477614120786,0.9722499437181882,1.0,9
0.0011157951020043517,False,67,time0,0.9280996609265519,4,time0,TIME0,0.9723209369750825,0.980727651494601,1.0,6
0.0011075549740566096,False,67,time0,0.9177068192787634,2,time0,TIME0,0.9680906848225667,0.9768304339037474,1.0,4
0.001523128060217984,False,67,goleiro_time1,0.90957871473763,9,goleiro1,GOL-TIME1,0.9670321459224916,0.9830538870102699,1.0,10
0.0022229195408479726,False,67,time0,0.8994730792634557,3,time0,TIME0,0.9622393739380902,0.9803453474397383,1.0,2
0.002013114038709794,False,67,time1,0.8792372550835635,5,time1,TIME1,0.9573083684664455,0.9816856361073139,1.0,1
0.0016623724341521867,False,67,time1,0.8512448379768204,7,time1,TIME1,0.936962254500355,0.9444564641977107,1.0,7
0.004676025848079776,False,67,time0,0.813852902431402,0,time0,TIME0,0.9359491474170007,0.9864700599252033,1.0,5
0.0030293736853420255,False,67,time1,0.8193433259195881,8,time1,TIME1,0.9189529100871828,0.9079651047621853,1.0,3
0.002331877634911202,False,67,time1,0.8578833844002556,6,time1,TIME1,0.8370189427431556,0.9289339719708918,0.0,8
0.0016654331520564915,False,68,time0,0.9527732190500339,1,time0,TIME0,0.9772793734200432,0.9722499437181882,1.0,9
0.0011643805354051705,False,68,time0,0.9315048567390357,4,time0,TIME0,0.9734783613837266,0.980727651494601,1.0,6
0.0023673023060107,False,68,time0,0.9327162534058968,3,time0,TIME0,0.9718518603326919,0.9803453474397383,1.0,2
0.0014801089557611642,False,68,goleiro_time1,0.9249702428481624,9,goleiro1,GOL-TIME1,0.9717667156857132,0.9830538870102699,1.0,10
0.0016661215971268339,False,68,time1,0.9003570089164762,5,time1,TIME1,0.9633621379698217,0.9816856361073139,1.0,1
0.002214036965181703,False,68,time0,0.8525044891049305,2,time0,TIME0,0.9469720406690363,0.9768304339037474,1.0,4
0.0036820427730461028,False,68,time0,0.8466214533291692,0,time0,TIME0,0.9465572585873389,0.9864700599252033,1.0,5
0.00228295874776699,False,68,time1,0.8769926584345041,7,time1,TIME1,0.9455242684965448,0.9444564641977107,1.0,7
0.004162868135408554,False,68,time1,0.8808182794050659,8,time1,TIME1,0.9366772839758412,0.9079651047621853,1.0,3
0.00191520526615598,False,68,time1,0.9100079529753031,6,time1,TIME1,0.8526732701410265,0.9289339719708918,0.0,8
0.001783553052768774,False,69,time0,0.9430884506350904,1,time0,TIME0,0.9740410644572394,0.971466501350074,1.0,9
0.0013600206930783872,False,69,goleiro_time1,0.9148718963847764,9,goleiro1,GOL-TIME1,0.9684190152596469,0.9815494049971238,1.0,10
0.0007802379267698014,False,69,time0,0.9147490386308538,2,time0,TIME0,0.9664095253460224,0.9756894245947265,1.0,4
0.002193800078506218,False,69,time0,0.9090801063456102,3,time0,TIME0,0.9652925369378694,0.9803668800425787,1.0,2
0.0014407267807405632,False,69,time1,0.9036088836242152,5,time1,TIME1,0.9648030955630686,0.9807534048329827,1.0,1
0.0021095688620300004,False,69,time0,0.8882832113746791,4,time0,TIME0,0.9589315297344029,0.9800580936088779,1.0,6
0.0020072017014510827,False,69,time1,0.8962472560398048,7,time1,TIME1,0.9529597609563817,0.9445554337266551,1.0,7
0.003943003391230146,False,69,time0,0.838480589920337,0,time0,TIME0,0.9444430995108533,0.9866455952133872,1.0,5
0.003580040777326065,False,69,time1,0.8837154571744341,8,time1,TIME1,0.9374448882224211,0.9065291749096498,1.0,3
0.0038457751630250688,False,69,time1,0.6958075442643913,6,time1,TIME1,0.7849773076642453,0.9273789233052332,0.0,8
0.0016193505157397268,False,70,time0,0.9596862082522162,1,time0,TIME0,0.9791045025829228,0.971466501350074,1.0,9
0.001383778054718201,False,70,time0,0.9345157506322651,2,time0,TIME0,0.9725181406863477,0.9756894245947265,1.0,4
0.0015185125235932673,False,70,time0,0.9182350355044726,4,time0,TIME0,0.9687010092499845,0.9800580936088779,1.0,6
0.0014902138704660198,False,70,goleiro_time1,0.9113158977757277,9,goleiro1,GOL-TIME1,0.9673287835405523,0.9815494049971238,1.0,10
0.0027010826847164325,False,70,time0,0.9095493431465954,0,time0,TIME0,0.9658134138720539,0.9866455952133872,1.0,5
0.0009499058150269809,False,70,time1,0.901417972986552,7,time1,TIME1,0.9547019310209718,0.9445554337266551,1.0,7
0.0016330792641641664,False,70,time1,0.8400610429255555,5,time1,TIME1,0.9455036588702375,0.9807534048329827,1.0,1
0.0031810114775202114,False,70,time0,0.8390525518224106,3,time0,TIME0,0.9426787511318747,0.9803668800425787,1.0,2
0.0024232993738812748,False,70,time1,0.8848358674179992,8,time1,TIME1,0.9387945820796013,0.9065291749096498,1.0,3
0.0008233954561983186,False,70,time1,0.7634736474133103,6,time1,TIME1,0.8074913519973147,0.9273789233052332,0.0,8
0.0017864701507063526,False,71,time0,0.9423537328694213,1,time0,TIME0,0.9737502556750556,0.971466501350074,1.0,9
0.0018000980296439884,False,71,time0,0.9030126081025672,4,time0,TIME0,0.9640811874853416,0.9800580936088779,1.0,6
0.0018342665942372145,False,71,goleiro_time1,0.8883444723932036,9,goleiro1,GOL-TIME1,0.9599882669030554,0.9815494049971238,1.0,10
0.002743676232497165,False,71,time0,0.8655985892902597,3,time0,TIME0,0.951873884287766,0.9803668800425787,1.0,2
0.002584868481347113,False,71,time1,0.872505306541747,8,time1,TIME1,0.9358846017981378,0.9065291749096498,1.0,3
0.005177225980944094,False,71,time0,0.8158253046181216,0,time0,TIME0,0.934972274067495,0.9866455952133872,1.0,5
0.0017453695146219413,False,71,time1,0.7976208325302966,5,time1,TIME1,0.9327926125812395,0.9807534048329827,1.0,1
0.0019328732277898602,False,71,time1,0.8127994400586439,7,time1,TIME1,0.9263640753369021,0.9445554337266551,1.0,7
0.0032282590914721227,False,71,time0,0.7569158842269333,2,time0,TIME0,0.9160594064016401,0.9756894245947265,1.0,4
0.0011278254117416536,False,71,time1,0.93371957424958,6,time1,TIME1,0.8602995579489039,0.9273789233052332,0.0,8
0.0014624921864741275,False,72,time0,0.935150229351907,1,time0,TIME0,0.9713976193360241,0.9701537535403721,1.0,9
0.0008588344135341447,False,72,time1,0.9532138092117308,7,time1,TIME1,0.9698092255375083,0.945739711809378,1.0,7
0.0020047386244331842,False,72,time0,0.9083808048353532,4,time0,TIME0,0.9649661154666547,0.9792291037258933,1.0,6
0.0021470778084265664,False,72,time0,0.8984128116071394,3,time0,TIME0,0.9623991187000895,0.9810312271585224,1.0,2
0.0012582773648191446,False,72,time1,0.8940789281689218,5,time1,TIME1,0.9616000013141803,0.9807559863552485,1.0,1
0.0022523450749801573,False,72,goleiro_time1,0.8792822976389945,9,goleiro1,GOL-TIME1,0.9563836118343529,0.9797642468972899,1.0,10
0.002245411921198341,False,72,time1,0.877023982701922,8,time1,TIME1,0.9366463215411364,0.9039939859395583,1.0,3
0.005975198430221579,False,72,time0,0.8107180871254233,0,time0,TIME0,0.9336598274419247,0.9872714254301067,1.0,5
0.003206317164136651,False,72,time0,0.7644605920923984,2,time0,TIME0,0.9188947246195166,0.9760914104496055,1.0,4
0.0020712120491531536,False,72,time1,0.8436531175465375,6,time1,TIME1,0.8330221469562579,0.9304135530181039,0.0,8
0.0013928063067033952,False,73,time1,0.955558142879879,5,time1,TIME1,0.9804833758736042,0.9807559863552485,1.0,1
0.001305148558089614,False,73,time0,0.9456077016559169,3,time0,TIME0,0.9770194506833358,0.9810312271585224,1.0,2
0.0014543839897542975,False,73,time0,0.9479020127948595,1,time0,TIME0,0.9753932459099955,0.9701537535403721,1.0,9
0.0011948672555009941,False,73,time1,0.9571006852395724,7,time1,TIME1,0.9722492486873432,0.945739711809378,1.0,7
0.0019183848195715623,False,73,time0,0.9304038836138038,4,time0,TIME0,0.972107750073335,0.9792291037258933,1.0,6
0.001179718541768758,False,73,goleiro_time1,0.9180911829901132,9,goleiro1,GOL-TIME1,0.968490671475531,0.9797642468972899,1.0,10
0.0016410028221023579,False,73,time1,0.9083727625663806,8,time1,TIME1,0.946605513360863,0.9039939859395583,1.0,3
0.004998122899424486,False,73,time0,0.8406035981888533,0,time0,TIME0,0.9437753711909121,0.9872714254301067,1.0,5
0.0019985630740930274,False,73,time0,0.8292946017277187,2,time0,TIME0,0.9400113112085132,0.9760914104496055,1.0,4
0.0020244462709901384,False,73,time1,0.84569306814563,6,time1,TIME1,0.8343266228579014,0.9304135530181039,0.0,8
0.0016490757361476193,False,74,time0,0.9560368632542019,1,time0,TIME0,0.9776083258430102,0.9701537535403721,1.0,9
0.0016059032711083952,False,74,time0,0.9349181225733801,4,time0,TIME0,0.9736066089467809,0.9792291037258933,1.0,6
0.0011456672974799263,False,74,goleiro_time1,0.9276590123024206,9,goleiro1,GOL-TIME1,0.9720766192028527,0.9797642468972899,1.0,10
0.001693916660423504,False,74,time1,0.9261765292520094,5,time1,TIME1,0.9710077711465767,0.9807559863552485,1.0,1
0.0018942263610239212,False,74,time1,0.9301103145243195,7,time1,TIME1,0.9630951967449334,0.945739711809378,1.0,7
0.0022719418949765026,False,74,time0,0.8870531816107456,2,time0,TIME0,0.9576464021662093,0.9760914104496055,1.0,4
0.0014077054442161359,False,74,time0,0.8750444219459498,3,time0,TIME0,0.9546465114220266,0.9810312271585224,1.0,2
0.004138353386785207,False,74,time0,0.8547130520712222,0,time0,TIME0,0.9488404531844216,0.9872714254301067,1.0,5
0.002874141389520354,False,74,time1,0.8665520702422462,8,time1,TIME1,0.9323881636867619,0.9039939859395583,1.0,3
0.001578409084607127,False,74,time1,0.891976333121827,6,time1,TIME1,0.8483545075014212,0.9304135530181039,0.0,8
0.0015000438833506161,False,75,time0,0.9613190214220313,1,time0,TIME0,0.9791750110840224,0.9690183283283453,1.0,9
0.0018411337282905433,False,75,time0,0.937835060989805,4,time0,TIME0,0.9736663487854557,0.9774160238420921,1.0,6
0.0007045395978569954,False,75,time1,0.9406781272434548,7,time1,TIME1,0.9669297548802102,0.945051350527353,1.0,7
0.001286324277145635,False,75,time1,0.9070694149470394,5,time1,TIME1,0.9653868729894318,0.9804009432280398,1.0,1
0.0015285924373845483,False,75,time0,0.9015686512157745,2,time0,TIME0,0.9626667227990399,0.9763861979838213,1.0,4
0.0014583251510868736,False,75,goleiro_time1,0.8948627120384254,9,goleiro1,GOL-TIME1,0.9613530264932878,0.9780433103969253,1.0,10
0.0034065110596395577,False,75,time0,0.8677972475304737,3,time0,TIME0,0.9494747887761135,0.9820592649531221,1.0,2
0.003334853246339248,False,75,time0,0.854527874234105,0,time0,TIME0,0.9494050026741231,0.9877572237653149,1.0,5
0.0043245389781937016,False,75,time1,0.8079317046066868,8,time1,TIME1,0.9126969662228409,0.9009549307599463,1.0,3
0.0018742654584593267,False,75,time1,0.8606415899396624,6,time1,TIME1,0.8389029192151627,0.9309998938350778,0.0,8
0.001487558686861129,False,76,time0,0.9460713689569783,1,time0,TIME0,0.974443851233595,0.9690183283283453,1.0,9
0.0018723463407125398,False,76,time0,0.9382840826849882,3,time0,TIME0,0.9741286284877388,0.9820592649531221,1.0,2
0.002040959428520803,False,76,time0,0.9202404272374468,4,time0,TIME0,0.9683489563921067,0.9774160238420921,1.0,6
0.0010717122140863789,False,76,time1,0.9417091611278922,7,time1,TIME1,0.967320468047198,0.945051350527353,1.0,7
0.002580300349052032,False,76,time1,0.8701942010622638,5,time1,TIME1,0.9526834130699572,0.9804009432280398,1.0,1
0.001909374966527094,False,76,goleiro_time1,0.8620538322297722,9,goleiro1,GOL-TIME1,0.951083132235132,0.9780433103969253,1.0,10
0.0034238870192612094,False,76,time1,0.8623377103449507,8,time1,TIME1,0.9301023352600492,0.9009549307599463,1.0,3
0.004242919545468074,False,76,time0,0.7805966060608934,0,time0,TIME0,0.9261472320928587,0.9877572237653149,1.0,5
0.0036015948116994065,False,76,time1,0.7539020991976191,6,time1,TIME1,0.8042384773831993,0.9309998938350778,0.0,8
0.001365338528093522,False,77,time0,0.9597324904339349,1,time0,TIME0,0.9787799324702572,0.9690183283283453,1.0,9
0.0013958675657530155,False,77,time0,0.9329391094048204,3,time0,TIME0,0.9733144363023262,0.9820592649531221,1.0,2
0.001881271342171542,False,77,time0,0.931480425502212,4,time0,TIME0,0.9719774841971981,0.9774160238420921,1.0,6
0.0014790758011248668,False,77,time0,0.9249541556648887,0,time0,TIME0,0.9707930100728693,0.9877572237653149,1.0,5
0.0015135875600771646,False,77,goleiro_time1,0.9052823287963505,9,goleiro1,GOL-TIME1,0.9643062730730031,0.9780433103969253,1.0,10
0.0022617692288781502,False,77,time1,0.8787923604857962,5,time1,TIME1,0.9564465037655795,0.9804009432280398,1.0,1
0.0029444718815908755,False,77,time1,0.9059764442419979,7,time1,TIME1,0.9540654277766448,0.945051350527353,1.0,7
0.0029877132885432907,False,77,time1,0.8983493318630053,8,time1,TIME1,0.9415899696123514,0.9009549307599463,1.0,3
0.001612060747195015,False,77,time1,0.9203481379622432,6,time1,TIME1,0.8554507733043087,0.9309998938350778,0.0,8
0.0016700259605779582,False,78,time0,0.9545216474403718,1,time0,TIME0,0.9764410882609319,0.96744064722903,1.0,9
0.0014998623832118071,False,78,time0,0.9281517893447065,4,time0,TIME0,0.9705330968279494,0.974974947002746,1.0,6
0.0014432452710387658,False,78,goleiro_time1,0.9232948201805663,9,goleiro1,GOL-TIME1,0.9698875514789834,0.9775516018261516,1.0,10
0.002326259897162233,False,78,time0,0.912482722750932,0,time0,TIME0,0.9678949136010816,0.9873818891546681,1.0,5
0.001604023873427764,False,78,time0,0.9069668945538449,3,time0,TIME0,0.9646920230140975,0.9827218541632414,1.0,2
0.002320401241518817,False,78,time1,0.8744886466551322,5,time1,TIME1,0.9553385650455614,0.9807002992320858,1.0,1
0.002075830832649763,False,78,time1,0.90041750367493,7,time1,TIME1,0.953414875220284,0.944668115497245,1.0,7
0.0025392285018984036,False,78,time1,0.914800582261169,8,time1,TIME1,0.9460852778226246,0.8990652899876264,1.0,3
0.0013305443995156113,False,78,time1,0.9253151985101413,6,time1,TIME1,0.8586503104276197,0.9313961742660133,0.0,8
0.0006405682667321697,False,79,time0,0.9628875230825351,3,time0,TIME0,0.9826994870358353,0.9827218541632414,1.0,2
0.0012308798268712195,False,79,time0,0.9503539513895565,0,time0,TIME0,0.9800843179724071,0.9873818891546681,1.0,5
0.0017363929961289062,False,79,time0,0.9510762801901976,1,time0,TIME0,0.9755207937858023,0.96744064722903,1.0,9
0.0016659869601723448,False,79,time1,0.9273049972440588,5,time1,TIME1,0.9711812694119134,0.9807002992320858,1.0,1
0.001671864555901803,False,79,goleiro_time1,0.924451019455006,9,goleiro1,GOL-TIME1,0.9698639144976421,0.9775516018261516,1.0,10
0.0014064980407882566,False,79,time0,0.9176911588066246,4,time0,TIME0,0.9674377468327849,0.974974947002746,1.0,6
0.001237406580521117,False,79,time1,0.9352783914948624,7,time1,TIME1,0.9649192319123648,0.944668115497245,1.0,7
0.0022884481258471294,False,79,time1,0.9226372722751993,8,time1,TIME1,0.9491590488288341,0.8990652899876264,1.0,3
0.001234139036877239,False,79,time1,0.9546720181422506,6,time1,TIME1,0.8680387353902941,0.9313961742660133,0.0,8
0.0007110071502093802,False,80,time0,0.9611618197770534,0,time0,TIME0,0.984078237337142,0.9873818891546681,1.0,5
0.0013614305930833156,False,80,time0,0.9357286033412537,3,time0,TIME0,0.9743099215679917,0.9827218541632414,1.0,2
0.0016108480405430442,False,80,time1,0.930817047337348,5,time1,TIME1,0.972694984739789,0.9807002992320858,1.0,1
0.001365253568278993,False,80,time0,0.9307346382801472,4,time0,TIME0,0.9711917297291779,0.974974947002746,1.0,6
0.0016702478301573013,False,80,goleiro_time1,0.9221836487530523,9,goleiro1,GOL-TIME1,0.969493515347076,0.9775516018261516,1.0,10
0.00175311774147792,False,80,time0,0.9081740254397558,1,time0,TIME0,0.9620699258279483,0.96744064722903,1.0,9
0.0013451317290975773,False,80,time1,0.9125066453022264,7,time1,TIME1,0.9585741561572049,0.944668115497245,1.0,7
0.001879393135010605,False,80,time1,0.9240134137517578,8,time1,TIME1,0.9499738332456823,0.8990652899876264,1.0,3
0.0019312487095528158,False,80,time1,0.928763883075254,6,time1,TIME1,0.8592102332605982,0.9313961742660133,0.0,8
0.001077277460739747,False,81,time0,0.949681036592623,0,time0,TIME0,0.9801499697437397,0.985931462916144,1.0,5
0.001118084471375984,False,81,goleiro_time1,0.9501952592377557,9,goleiro1,GOL-TIME1,0.9776962974621838,0.9761294646488226,1.0,10
0.0013927572789378135,False,81,time1,0.9272242396089968,5,time1,TIME1,0.9717534662825261,0.9802496714042057,1.0,1
0.0013362880076649589,False,81,time0,0.933417314266785,4,time0,TIME0,0.9715991697877234,0.9720392197572478,1.0,6
0.002022573908198608,False,81,time0,0.9121851356843861,3,time0,TIME0,0.9667616616062498,0.9820228520535704,1.0,2
0.0019494015373893582,False,81,time0,0.9213874453873175,1,time0,TIME0,0.9658782725469015,0.9666796469269486,1.0,9
0.0014581082600444329,False,81,time1,0.922777796295068,7,time1,TIME1,0.9611270798998908,0.9444345678220434,1.0,7
0.0016709266428410283,False,81,time1,0.9184057812622477,8,time1,TIME1,0.9485811519714281,0.8994407170828562,1.0,3
0.002863456150579187,False,81,time1,0.8971902130962787,6,time1,TIME1,0.848244512679132,0.9295281867344027,0.0,8
0.001651482858739898,False,82,time1,0.941751096504653,5,time1,TIME1,0.9758088665812934,0.9802496714042057,1.0,1
0.001602341019725712,False,82,time0,0.936202967821279,0,time0,TIME0,0.975466603213142,0.985931462916144,1.0,5
0.0016849776974153625,False,82,time0,0.9418457149039916,1,time0,TIME0,0.9724544330363717,0.9666796469269486,1.0,9
0.0014623106863353185,False,82,goleiro_time1,0.9248957866658126,9,goleiro1,GOL-TIME1,0.969921832632923,0.9761294646488226,1.0,10
0.0015215644749434615,False,82,time0,0.9169007389650955,4,time0,TIME0,0.9665428278059048,0.9720392197572478,1.0,6
0.0027432868243281523,False,82,time0,0.8800317484651088,3,time0,TIME0,0.9563448314363782,0.9820228520535704,1.0,2
0.0010251625693623624,False,82,time1,0.9064476214953129,7,time1,TIME1,0.9559418631143205,0.9444345678220434,1.0,7
0.00107101164736097,False,82,time1,0.9260721253018006,8,time1,TIME1,0.9511721652281585,0.8994407170828562,1.0,3
0.0012058624624788628,False,82,time1,0.948809349885835,6,time1,TIME1,0.8647605573773971,0.9295281867344027,0.0,8
0.0019979221415813834,False,83,time1,0.9329542499767279,5,time1,TIME1,0.9728202516277138,0.9802496714042057,1.0,1
0.0017704596089446975,False,83,time0,0.9161310272379719,1,time0,TIME0,0.9646112052002093,0.9666796469269486,1.0,9
0.0018897052001422229,False,83,time1,0.9307900073566249,7,time1,TIME1,0.9617964736395506,0.9444345678220434,1.0,7
0.001606041912538219,False,83,time0,0.8993521447019057,4,time0,TIME0,0.9611824543443938,0.9720392197572478,1.0,6
0.0021174929611135073,False,83,goleiro_time1,0.8875081050527936,9,goleiro1,GOL-TIME1,0.957909275918296,0.9761294646488226,1.0,10
0.0028194928557759335,False,83,time0,0.8777013888089997,0,time0,TIME0,0.9562715333545542,0.985931462916144,1.0,5
0.003256080021514872,False,83,time0,0.857833804928485,3,time0,TIME0,0.9495460644941945,0.9820228520535704,1.0,2
0.0014668581468793487,False,83,time1,0.8941448661655668,8,time1,TIME1,0.9411440255264368,0.8994407170828562,1.0,3
0.0007401855432759893,False,83,time1,0.958234310124014,6,time1,TIME1,0.8688595056128843,0.9295281867344027,0.0,8
0.0018638912698454926,False,84,time1,0.921573870764836,5,time1,TIME1,0.9694501725527561,0.9795098473047295,1.0,1
0.0017176975077700094,False,84,goleiro_time1,0.9112333275724873,9,goleiro1,GOL-TIME1,0.965244889571251,0.9748436448084176,1.0,10
0.0018711540893534939,False,84,time0,0.896221239170556,4,time0,TIME0,0.9591203070883408,0.9688969120876546,1.0,6
0.0018765659754244575,False,84,time1,0.9146730506099421,7,time1,TIME1,0.9583692622624761,0.9452635754578074,1.0,7
0.0020347944846288296,False,84,time0,0.8910460436216533,1,time0,TIME0,0.9564255744642888,0.9647521510153159,1.0,9
0.0014336910258069336,False,84,time1,0.9289429961982768,8,time1,TIME1,0.951907869303705,0.9010537930755078,1.0,3
0.0033102945567162847,False,84,time0,0.85705567790168,3,time0,TIME0,0.9488842119325974,0.9812318445916701,1.0,2
0.0014707193269342983,False,84,time1,0.9462578697486982,6,time1,TIME1,0.8644648834586532,0.929768373609227,0.0,8
0.00111625604958407,False,85,goleiro_time1,0.930692822794818,9,goleiro1,GOL-TIME1,0.971470623806917,0.9748436448084176,1.0,10
0.0016819727174785513,False,85,time1,0.9262406318019039,5,time1,TIME1,0.9710931712917589,0.9795098473047295,1.0,1
0.00155938479635455,False,85,time0,0.9249208923434713,4,time0,TIME0,0.9678636687410137,0.9688969120876546,1.0,6
0.0019427735895654677,False,85,time0,0.8821911394865255,1,time0,TIME0,0.9539426530554395,0.9647521510153159,1.0,9
0.0022561759508974402,False,85,time1,0.8912519749532607,7,time1,TIME1,0.9513492551556104,0.9452635754578074,1.0,7
0.002041206190784658,False,85,time1,0.9144777201032367,8,time1,TIME1,0.9468855238980157,0.9010537930755078,1.0,3
0.0034392267572898065,False,85,time0,0.8421893554473932,3,time0,TIME0,0.9444791229350076,0.9812318445916701,1.0,2
0.0013801514070429764,False,85,time1,0.928373895418699,6,time1,TIME1,0.8596370312411936,0.929768373609227,0.0,8
0.0015361466095303992,False,86,time0,0.9462222877312166,4,time0,TIME0,0.9746054741368628,0.9688969120876546,1.0,6
0.001614101947324972,False,86,time1,0.9242836254579562,5,time1,TIME1,0.970621598294433,0.9795098473047295,1.0,1
0.0015507594811712555,False,86,goleiro_time1,0.9095812103995281,9,goleiro1,GOL-TIME1,0.9648753333205722,0.9748436448084176,1.0,10
0.00155223009768058,False,86,time0,0.9117452346670724,1,time0,TIME0,0.9629822298031686,0.9647521510153159,1.0,9
0.002512439427743194,False,86,time1,0.9191161692090497,8,time1,TIME1,0.9476716403782818,0.9010537930755078,1.0,3
0.0035873484036661875,False,86,time0,0.8259143402633875,3,time0,TIME0,0.9395133543978573,0.9812318445916701,1.0,2
0.0018715015046460264,False,86,time1,0.8373869642410897,7,time1,TIME1,0.9355448012391001,0.9452635754578074,1.0,7
0.001429119105494644,False,86,time1,0.9167939299753659,6,time1,TIME1,0.8558544135441457,0.929768373609227,0.0,8
0.001379890033855604,False,87,time0,0.9264409656215269,4,time0,TIME0,0.9679108976144863,0.9664360885602595,1.0,6
0.001533258841668919,False,87,time0,0.9095164690935781,1,time0,TIME0,0.9622398414492083,0.9631673737336179,1.0,9
0.0019129365685353987,False,87,time1,0.8929432110713788,5,time1,TIME1,0.9606803259709346,0.9794393094208889,1.0,1
0.001988080439957973,False,87,goleiro_time1,0.8924048807162889,9,goleiro1,GOL-TIME1,0.9588153147142995,0.9728246267734657,1.0,10
0.002633121110378917,False,87,time1,0.93284729656424,8,time1,TIME1,0.9523089727486816,0.9016301497006434,1.0,3
0.002104405686346027,False,87,time1,0.8777485245216792,7,time1,TIME1,0.9471746926804386,0.9449533234182238,1.0,7
0.0037753890412161165,False,87,time0,0.8067739207115902,3,time0,TIME0,0.9335080217418548,0.9801476806516017,1.0,2
0.001811013904718609,False,87,time1,0.854217939950794,6,time1,TIME1,0.8367528376334241,0.929860302622901,0.0,8
0.026442976659749064,False,87,time0,0.37888158432699076,0,time0,TIME0,0.7693678057112309,0.9833979098681086,1.0,5
0.0011755934992579847,False,88,goleiro_time1,0.9221812717378195,9,goleiro1,GOL-TIME1,0.9682083160432424,0.9728246267734657,1.0,10
0.00014542576864376663,False,88,time0,0.9074079673334128,4,time0,TIME0,0.9628234322512197,0.9664360885602595,1.0,6
0.0020031792600921226,False,88,time0,0.8971945014365296,1,time0,TIME0,0.9577708580909711,0.9631673737336179,1.0,9
0.002328857611134621,False,88,time0,0.8751312665280202,3,time0,TIME0,0.954403907976854,0.9801476806516017,1.0,2
0.002324696420116774,False,88,time1,0.8706061618997366,5,time1,TIME1,0.9536470223909249,0.9794393094208889,1.0,1
0.002565677520337371,False,88,time1,0.9222725709910035,8,time1,TIME1,0.9493526578795057,0.9016301497006434,1.0,3
0.002191666883672631,False,88,time1,0.8843224718044003,7,time1,TIME1,0.9493130481221482,0.9449533234182238,1.0,7
0.0014916239869290746,False,88,time1,0.9340634953728542,6,time1,TIME1,0.8609105009779973,0.929860302622901,0.0,8
0.0014601878814917884,False,89,time0,0.9366351743975312,1,time0,TIME0,0.9700574021670866,0.9631673737336179,1.0,9
0.001014844118716022,False,89,goleiro_time1,0.9232545444274096,9,goleiro1,GOL-TIME1,0.9690921481294352,0.9728246267734657,1.0,10
0.0016030760032931847,False,89,time0,0.90564205627248,3,time0,TIME0,0.9646042813539805,0.9801476806516017,1.0,2
0.0014700552334031521,False,89,time0,0.8919631014620933,4,time0,TIME0,0.9568404972873686,0.9664360885602595,1.0,6
0.0016986559028673372,False,89,time1,0.8963715510608853,7,time1,TIME1,0.9531761649842988,0.9449533234182238,1.0,7
0.0015764238389027897,False,89,time1,0.8517308465856317,5,time1,TIME1,0.9483542861564794,0.9794393094208889,1.0,1
0.0026054893647384563,False,89,time1,0.9135858478267643,8,time1,TIME1,0.9469108628587135,0.9016301497006434,1.0,3
0.001109011737245858,False,89,time1,0.9504650969472306,6,time1,TIME1,0.8663355102295037,0.929860302622901,0.0,8
0.0012681753455553641,False,90,time0,0.9138135545433785,3,time0,TIME0,0.9675761313980821,0.9792666152905178,1.0,2
0.0018241510730841756,False,90,time0,0.9254923112879901,1,time0,TIME0,0.9663061605358989,0.9622695132457916,1.0,9
0.0014242245543452708,False,90,goleiro_time1,0.9160649845421438,9,goleiro1,GOL-TIME1,0.96611382216293,0.9718421914888858,1.0,10
0.0007760234329383807,False,90,time1,0.9521735570258663,8,time1,TIME1,0.9590120266036494,0.9017661591635883,1.0,3
0.0019774174962038037,False,90,time1,0.8852022243820862,5,time1,TIME1,0.9583956311328367,0.9796246077113324,1.0,1
0.001935593889977923,False,90,time1,0.8853824485718174,7,time1,TIME1,0.9497912530083363,0.9444059736453427,1.0,7
0.0018810325888583563,False,90,time0,0.8646410167658701,4,time0,TIME0,0.9482978247303466,0.9638925240720188,1.0,6
0.0012208595472937035,False,90,time1,0.9441884681867254,6,time1,TIME1,0.8655769260629327,0.9342878144663678,0.0,8
0.0011437880080283581,False,91,time0,0.9200915571009302,1,time0,TIME0,0.9650017596426305,0.9622695132457916,1.0,9
0.0015677895407072583,False,91,time0,0.9060600825623853,3,time0,TIME0,0.9648050080697194,0.9792666152905178,1.0,2
0.001997126441509515,False,91,time1,0.8969361165204537,5,time1,TIME1,0.961564627250744,0.9796246077113324,1.0,1
0.002899692106735639,False,91,time1,0.880312204671828,8,time1,TIME1,0.935449515639321,0.9017661591635883,1.0,3
0.0021632946347824793,False,91,goleiro_time1,0.8158817558726578,9,goleiro1,GOL-TIME1,0.9345001514476023,0.9718421914888858,1.0,10
0.002600766031966898,False,91,time1,0.8287444463247167,7,time1,TIME1,0.9314424669831477,0.9444059736453427,1.0,7
0.004733181183383585,False,91,time0,0.6760122387163238,4,time0,TIME0,0.8875248082852656,0.9638925240720188,1.0,6
0.0016120594484462579,False,91,time1,0.880049517209382,6,time1,TIME1,0.8450130497604915,0.9342878144663678,0.0,8
0.02056424409221213,False,91,time0,0.35874136754637737,0,time0,TIME0,0.7807671689444751,0.9833979098681086,1.0,5
0.001555270793208212,False,92,time0,0.9155583480845333,3,time0,TIME0,0.9674453525630656,0.9792666152905178,1.0,2
0.002089803421153354,False,92,time1,0.9050671866205172,5,time1,TIME1,0.9643096941295309,0.9796246077113324,1.0,1
0.0012945911376719614,False,92,time0,0.899094332591842,1,time0,TIME0,0.959004631391651,0.9622695132457916,1.0,9
0.0018176776763623838,False,92,goleiro_time1,0.8699529338550912,9,goleiro1,GOL-TIME1,0.951232051858463,0.9718421914888858,1.0,10
0.0023669473146837507,False,92,time0,0.8057850052561776,4,time0,TIME0,0.9288538775582388,0.9638925240720188,1.0,6
0.003855621410269129,False,92,time1,0.8432201500745874,8,time1,TIME1,0.9241541647020822,0.9017661591635883,1.0,3
0.003411554966896001,False,92,time1,0.7926294279876955,7,time1,TIME1,0.9201679385650164,0.9444059736453427,1.0,7
0.002724328988720315,False,92,time0,0.7403846587594486,0,time0,TIME0,0.903322589549578,0.9833979098681086,1.0,5
0.0008056015700495282,False,92,time1,0.9533900035283713,6,time1,TIME1,0.8681085047928738,0.9342878144663678,0.0,8
0.0026234640475371455,False,93,time1,0.8926801129920248,5,time1,TIME1,0.960078913844776,0.9801601240795279,1.0,1
0.0013659578147925471,False,93,goleiro_time1,0.8914933257889601,9,goleiro1,GOL-TIME1,0.9582487567662824,0.969530695125849,1.0,10
0.002505767106003435,False,93,time0,0.8641411748080527,3,time0,TIME0,0.9510476580902353,0.9793388119838811,1.0,2
0.001796302436401274,False,93,time0,0.8344302122113216,0,time0,TIME0,0.9426649831449345,0.9806567392973804,1.0,5
0.002346624927048422,False,93,time0,0.8049757322249815,4,time0,TIME0,0.929846339731662,0.9620800068353195,1.0,6
0.0018232019042008394,False,93,time0,0.8035023789514257,1,time0,TIME0,0.9284567943612586,0.963307312273447,1.0,9
0.003797867351788283,False,93,time1,0.7860848971281463,7,time1,TIME1,0.9182425130524235,0.9445335746030534,1.0,7
0.005754915056027122,False,93,time1,0.7807482680718433,8,time1,TIME1,0.9034509391900943,0.9032427964864667,1.0,3
0.0009435673799468676,False,93,time1,0.9329210187087834,6,time1,TIME1,0.8617100347063162,0.9351594302568469,0.0,8
0.0034026321300182605,False,94,time1,0.8532974066953491,5,time1,TIME1,0.9472410917279498,0.9801601240795279,1.0,1
0.003087201772502028,False,94,time0,0.8329874790695198,3,time0,TIME0,0.9414814410574502,0.9793388119838811,1.0,2
0.0029306921572777186,False,94,goleiro_time1,0.8142895898152958,9,goleiro1,GOL-TIME1,0.9328936794997612,0.969530695125849,1.0,10
0.0020051234869815472,False,94,time0,0.7984435015457313,0,time0,TIME0,0.9324647163803043,0.9806567392973804,1.0,5
0.0027336682910328422,False,94,time0,0.808974330802877,4,time0,TIME0,0.9297910762669938,0.9620800068353195,1.0,6
0.003461548135720486,False,94,time1,0.8137129415530996,7,time1,TIME1,0.9268260505669317,0.9445335746030534,1.0,7
0.0012442058549518855,False,94,time0,0.7865494812752274,1,time0,TIME0,0.9245366918064029,0.963307312273447,1.0,9
0.007051487976073402,False,94,time1,0.7489143476411408,8,time1,TIME1,0.8930834517113061,0.9032427964864667,1.0,3
0.0012929376140460077,False,94,time1,0.8924558070066678,6,time1,TIME1,0.8492094763780051,0.9351594302568469,0.0,8
0.0020916396354378106,False,95,time0,0.829484066828408,0,time0,TIME0,0.9416541733567235,0.9806567392973804,1.0,5
0.003337652266368991,False,95,time0,0.8247626941564142,3,time0,TIME0,0.9387414789238414,0.9793388119838811,1.0,2
0.0043665967921121185,False,95,time1,0.816886998227384,5,time1,TIME1,0.9354780230822998,0.9801601240795279,1.0,1
0.0025962126188243976,False,95,goleiro_time1,0.8159183242592231,9,goleiro1,GOL-TIME1,0.9344405208244986,0.969530695125849,1.0,10
0.003397011794771777,False,95,time1,0.8233524796040057,7,time1,TIME1,0.929840595362591,0.9445335746030534,1.0,7
0.0032099893762474385,False,95,time0,0.7700978644786937,4,time0,TIME0,0.9182235612090422,0.9620800068353195,1.0,6
0.00153207243467928,False,95,time0,0.6953194313552938,1,time0,TIME0,0.8974840160046,0.963307312273447,1.0,9
0.0067969310550945175,False,95,time1,0.7514776236046683,8,time1,TIME1,0.8947456183095781,0.9032427964864667,1.0,3
0.002640468348556132,False,95,time1,0.8519666573352087,6,time1,TIME1,0.8357784202304783,0.9351594302568469,0.0,8
0.0023234535175562002,False,96,time1,0.884395438986317,7,time1,TIME1,0.9482982233725975,0.9437834579903841,1.0,7
0.003529516420259913,False,96,time1,0.8442484907559955,5,time1,TIME1,0.9447357871140192,0.9810372369056695,1.0,1
0.0023193709008381596,False,96,goleiro_time1,0.8483871820753254,9,goleiro1,GOL-TIME1,0.9441137455659423,0.9679807637600532,1.0,10
0.0034208947021247805,False,96,time0,0.8177704809194579,3,time0,TIME0,0.937138609028272,0.9799090191924011,1.0,2
0.002756090971866578,False,96,time0,0.8046769408305422,4,time0,TIME0,0.9285770608387832,0.9601147435163249,1.0,6
0.0034287917439425135,False,96,time0,0.7055385786008178,0,time0,TIME0,0.8998412504437726,0.9781530083728474,1.0,5
0.006039048382452145,False,96,time1,0.7654483754787307,8,time1,TIME1,0.8997684412705264,0.904585382824483,1.0,3
0.00412478665726822,False,96,time0,0.6325614963841072,1,time0,TIME0,0.8745087657097443,0.963307312273447,1.0,9
0.0019517120114282938,False,96,time1,0.8895167195292546,6,time1,TIME1,0.848392806735929,0.9351366994504023,0.0,8
0.002174289841760348,False,97,goleiro_time1,0.8910691218147825,9,goleiro1,GOL-TIME1,0.9569451484083364,0.9679807637600532,1.0,10
0.00301338587168362,False,97,time1,0.8673799004080546,5,time1,TIME1,0.952330946043336,0.9810372369056695,1.0,1
0.0023266876184195816,False,97,time1,0.886303912878193,7,time1,TIME1,0.9496072721119285,0.9437834579903841,1.0,7
0.002625231211679348,False,97,time0,0.8511612544780649,3,time0,TIME0,0.9473384089989245,0.9799090191924011,1.0,2
0.0022380244218096553,False,97,time0,0.8456938461022012,4,time0,TIME0,0.9413093897070152,0.9601147435163249,1.0,6
0.005339750534578929,False,97,time1,0.7776343271814357,8,time1,TIME1,0.9040363926475466,0.904585382824483,1.0,3
0.0016407455616193828,False,97,time1,0.917564839084584,6,time1,TIME1,0.857293568311002,0.9351366994504023,0.0,8
0.0013668262447948153,False,98,goleiro_time1,0.9065656282296125,9,goleiro1,GOL-TIME1,0.9620834704879083,0.9679807637600532,1.0,10
0.002285715991378379,False,98,time0,0.8696710933703113,3,time0,TIME0,0.9535618032896979,0.9799090191924011,1.0,2
0.002746997565985401,False,98,time1,0.8704077787070011,5,time1,TIME1,0.9534594926452862,0.9810372369056695,1.0,1
0.001578731931902337,False,98,time0,0.8781082022303265,4,time0,TIME0,0.9515310855640428,0.9601147435163249,1.0,6
0.0020921987467777555,False,98,time1,0.8866235505704223,7,time1,TIME1,0.9497481086742303,0.9437834579903841,1.0,7
0.0026955028271395463,False,98,time1,0.8791754563346686,8,time1,TIME1,0.9355047385526566,0.904585382824483,1.0,3
0.003852188817304033,False,98,time0,0.659259475193049,0,time0,TIME0,0.8865151906753123,0.9781530083728474,1.0,5
0.00157980480660479,False,98,time1,0.9123960185895785,6,time1,TIME1,0.8559674321589457,0.9351366994504023,0.0,8
0.0008392066941402857,False,99,goleiro_time1,0.9393872906507494,9,goleiro1,GOL-TIME1,0.9726118186755202,0.9676793747672913,1.0,10
0.001279004204463257,False,99,time0,0.9003285217492167,4,time0,TIME0,0.9581392294584045,0.9576317026792638,1.0,6
0.002640932218320554,False,99,time1,0.8771376506494211,5,time1,TIME1,0.9558634041557309,0.9815260510945174,1.0,1
0.0018608316342318188,False,99,time1,0.8951951209469967,7,time1,TIME1,0.9523327257340274,0.9424962841676339,1.0,7
0.00250230377598442,False,99,time0,0.862923788987005,3,time0,TIME0,0.9515664786688489,0.9808821865846813,1.0,2
0.0021956715754652438,False,99,time1,0.9064023961805368,8,time1,TIME1,0.9458436047588503,0.9056758309326107,1.0,3
0.0012037153060961365,False,99,time1,0.9412471186402075,6,time1,TIME1,0.8642064715849851,0.9328344509569723,0.0,8
0.015374838878339915,False,99,time0,0.5823007977114936,0,time0,TIME0,0.843791301618594,0.9730826690624199,1.0,5
0.0008860724218430688,False,100,goleiro_time1,0.9558825903266162,9,goleiro1,GOL-TIME1,0.9776573669680633,0.9676793747672913,1.0,10
0.0013209972974019433,False,100,time1,0.9291781014374684,7,time1,TIME1,0.9627562709275724,0.9424962841676339,1.0,7
0.0013608601176917459,False,100,time1,0.9477102962600155,8,time1,TIME1,0.9588680107423639,0.9056758309326107,1.0,3
0.0015205409526937795,False,100,time0,0.8994053507423094,4,time0,TIME0,0.9575547149878605,0.9576317026792638,1.0,6
0.002436111313912243,False,100,time1,0.8801245301529569,5,time1,TIME1,0.9569260125063678,0.9815260510945174,1.0,1
0.002389643598588989,False,100,time0,0.9146915988148744,0,time0,TIME0,0.9566447657706242,0.9730826690624199,1.0,5
0.002153031705645506,False,100,time0,0.8751128973555844,3,time0,TIME0,0.9554622510843975,0.9808821865846813,1.0,2
0.0010327991038252282,False,100,time1,0.9501937428007096,6,time1,TIME1,0.8671071163713729,0.9328344509569723,0.0,8
0.0014094324553759303,False,101,goleiro_time1,0.9372925305755508,9,goleiro1,GOL-TIME1,0.9714682569260321,0.9676793747672913,1.0,10
0.0010129200224323327,False,101,time0,0.9214161254551613,0,time0,TIME0,0.9671209929779218,0.9730826690624199,1.0,5
0.0016462571266574564,False,101,time0,0.9229402582000809,4,time0,TIME0,0.9644337131413,0.9576317026792638,1.0,6
0.002269069712100108,False,101,time1,0.8896042256396302,5,time1,TIME1,0.9599549469390002,0.9815260510945174,1.0,1
0.001444316197618083,False,101,time1,0.9188259407274699,7,time1,TIME1,0.9598478751753575,0.9424962841676339,1.0,7
0.002101546923873456,False,101,time0,0.8799856100660589,3,time0,TIME0,0.9571849484683149,0.9808821865846813,1.0,2
0.0033727219461415396,False,101,time1,0.8536151093901214,8,time1,TIME1,0.9277177315502083,0.9056758309326107,1.0,3
0.0010381702957684685,False,101,time1,0.9536506850685124,6,time1,TIME1,0.868332584891856,0.9328344509569723,0.0,8
0.0011791895181083535,False,102,goleiro_time1,0.9383094790129369,9,goleiro1,GOL-TIME1,0.9720603823937147,0.9672936134871695,1.0,10
0.0014314964650945718,False,102,time0,0.9311161004407101,4,time0,TIME0,0.9668707812217158,0.9559351126835975,1.0,6
0.0014618934632970903,False,102,time1,0.9255169720186757,7,time1,TIME1,0.9615175873033449,0.9409916550451584,1.0,7
0.001934861395678901,False,102,time0,0.8963580996358977,0,time0,TIME0,0.9583729577858833,0.9688059112292059,1.0,5
0.0023230428964908204,False,102,time0,0.8641579657594187,3,time0,TIME0,0.9524548705615506,0.9822774273334878,1.0,2
0.002640500600816934,False,102,time1,0.8644056371958412,5,time1,TIME1,0.9521215437635129,0.9823440919164148,1.0,1
0.004163438286112935,False,102,time1,0.8297853675056791,8,time1,TIME1,0.9203352050276409,0.9068211886620567,1.0,3
0.0005930255662397322,False,102,time1,0.9588591670436039,6,time1,TIME1,0.8694367318775891,0.9308897600604904,0.0,8
0.0008558016728426498,False,103,goleiro_time1,0.9526506662678657,9,goleiro1,GOL-TIME1,0.9766186872615791,0.9672936134871695,1.0,10
0.00129349033987123,False,103,time0,0.9297533907163484,0,time0,TIME0,0.9695087634119038,0.9688059112292059,1.0,5
0.001568227760183727,False,103,time0,0.9129581092562713,4,time0,TIME0,0.9613091393673946,0.9559351126835975,1.0,6
0.0021193997407471014,False,103,time1,0.8909225381218917,5,time1,TIME1,0.9605586630906728,0.9823440919164148,1.0,1
0.001439621545548245,False,103,time1,0.9150107423287946,7,time1,TIME1,0.958238335730059,0.9409916550451584,1.0,7
0.0021208541228969614,False,103,time1,0.907656860854733,8,time1,TIME1,0.9455198760412252,0.9068211886620567,1.0,3
0.0031115271202649605,False,103,time0,0.8245331992825259,3,time0,TIME0,0.9394942566699299,0.9822774273334878,1.0,2
0.0004991316048959301,False,103,time1,0.9574758352466558,6,time1,TIME1,0.8694252300897936,0.9308897600604904,0.0,8
0.0006800487137420605,False,104,goleiro_time1,0.96285286252346,9,goleiro1,GOL-TIME1,0.9799406715972282,0.9672936134871695,1.0,10
0.0014750487059161936,False,104,time0,0.9228151781604386,0,time0,TIME0,0.9675810935188999,0.9688059112292059,1.0,5
0.0013345785296133856,False,104,time1,0.9209298543472216,7,time1,TIME1,0.9602411898493184,0.9409916550451584,1.0,7
0.0013123571548370049,False,104,time0,0.8948705698157694,4,time0,TIME0,0.9558026525085491,0.9559351126835975,1.0,6
0.0017615045198061548,False,104,time1,0.9199497210571824,8,time1,TIME1,0.9506340077620764,0.9068211886620567,1.0,3
0.0027812633202772856,False,104,time1,0.8554444997153802,5,time1,TIME1,0.9489535625874804,0.9823440919164148,1.0,1
0.0034582426036754623,False,104,time0,0.8219203030195106,3,time0,TIME0,0.9385553371749044,0.9822774273334878,1.0,2
0.00033966633513031453,False,104,time1,0.9615425121026875,6,time1,TIME1,0.8707513289533699,0.9308897600604904,0.0,8
0.000748197253786071,False,105,goleiro_time1,0.9599105443781277,9,goleiro1,GOL-TIME1,0.9792357761563576,0.9679588907628307,1.0,10
0.0015321016565263154,False,105,time0,0.9253978758529084,0,time0,TIME0,0.9678113037255883,0.9667116965586524,1.0,5
0.0017041170331620087,False,105,time0,0.911416907480558,3,time0,TIME0,0.9666033906952386,0.983715392683683,1.0,2
0.002069916763726042,False,105,time1,0.8907087678125052,5,time1,TIME1,0.9603847194605551,0.9831169393355287,1.0,1
0.0014429257788445115,False,105,time0,0.881254635484728,4,time0,TIME0,0.9517917992627382,0.9554780108227581,1.0,6
0.0041124931344494724,False,105,time1,0.8324833654345294,7,time1,TIME1,0.9290052388349634,0.9399118115906492,1.0,7
0.005477929609845095,False,105,time1,0.7810548660399944,8,time1,TIME1,0.903857477876008,0.908364201399229,1.0,3
0.0005302623961462275,False,105,time1,0.9830841805221232,6,time1,TIME1,0.8772945515530293,0.9325443817278306,0.0,8
0.0011996889684909048,False,106,time1,0.9420749882305981,5,time1,TIME1,0.9766376008706926,0.9831169393355287,1.0,1
0.0010671715719733237,False,106,goleiro_time1,0.9520437808762942,9,goleiro1,GOL-TIME1,0.9764056362140724,0.9679588907628307,1.0,10
0.0018234707451935655,False,106,time0,0.908875014665116,3,time0,TIME0,0.9667813492589181,0.983715392683683,1.0,2
0.002079805220304709,False,106,time0,0.8923180827536266,0,time0,TIME0,0.9568807271108565,0.9667116965586524,1.0,5
0.0015557947301026514,False,106,time1,0.9327782532696519,8,time1,TIME1,0.9528338362165059,0.908364201399229,1.0,3
0.0018724818434995337,False,106,time0,0.8653085873516813,4,time0,TIME0,0.9464105173119975,0.9554780108227581,1.0,6
0.0024927066720436025,False,106,time1,0.8468734558295689,7,time1,TIME1,0.93486461083161,0.9399118115906492,1.0,7
0.000578920992393698,False,106,time1,0.9747483536808482,6,time1,TIME1,0.8750007828832125,0.9325443817278306,0.0,8
0.0007145379610492348,False,107,time0,0.9685185484124005,3,time0,TIME0,0.9848537776953156,0.983715392683683,1.0,2
0.001312599587938336,False,107,time1,0.9442442965680964,5,time1,TIME1,0.9776931796547957,0.9831169393355287,1.0,1
0.001069285285575554,False,107,goleiro_time1,0.9552286139175625,9,goleiro1,GOL-TIME1,0.9775458890949623,0.9679588907628307,1.0,10
0.0016896452922194273,False,107,time0,0.9155353306250608,0,time0,TIME0,0.9644417091182481,0.9667116965586524,1.0,5
0.0010080097780688108,False,107,time1,0.9451251677864825,8,time1,TIME1,0.9584655471262881,0.908364201399229,1.0,3
0.0015532886861467044,False,107,time1,0.8981746276544409,7,time1,TIME1,0.9523314868763844,0.9399118115906492,1.0,7
0.0020610443615917034,False,107,time0,0.8339716269252513,4,time0,TIME0,0.9362324742998364,0.9554780108227581,1.0,6
0.00046441074739373415,False,107,time1,0.9689004195196286,6,time1,TIME1,0.873305361480041,0.9325443817278306,0.0,8
0.0007594985866689017,False,108,time0,0.9606791670487699,3,time0,TIME0,0.9831856402876155,0.9839121479029851,1.0,2
0.0009968814493433362,False,108,time1,0.9607718046328982,5,time1,TIME1,0.9828269615577047,0.9829251020575411,1.0,1
0.0011014927395455126,False,108,goleiro_time1,0.9372685610918468,9,goleiro1,GOL-TIME1,0.9720922541899213,0.9683502548798395,1.0,10
0.0015663709823772823,False,108,time1,0.9380128621591036,8,time1,TIME1,0.956813411141172,0.911128777062084,1.0,3
0.0027556296995996706,False,108,time0,0.8172836336495088,4,time0,TIME0,0.9309688926058971,0.9564633822409736,1.0,6
0.0005798454309361173,False,108,time1,0.9609158717782673,6,time1,TIME1,0.8715144612886859,0.9354818188037061,0.0,8
0.0011663987909737517,False,108,time1,0.9308807805739727,7,time1,TIME1,0.8624543521769787,0.9380697069069538,0.0,7
0.0023052543676806534,False,108,time0,0.8873126617598179,0,time0,TIME0,0.854692169382852,0.9640556601400967,0.0,5
0.0007287287934585551,False,109,time0,0.9768360642569082,3,time0,TIME0,0.9877289336285111,0.9839121479029851,1.0,2
0.0007132307163106511,False,109,goleiro_time1,0.9614213480853364,9,goleiro1,GOL-TIME1,0.9794761657720326,0.9683502548798395,1.0,10
0.0010931891893667973,False,109,time1,0.9470521359163188,5,time1,TIME1,0.978619833989017,0.9829251020575411,1.0,1
0.0015737682223816466,False,109,time1,0.9137263849390399,8,time1,TIME1,0.9498324209968386,0.911128777062084,1.0,3
0.0022919205471074447,False,109,time0,0.8543658377574697,4,time0,TIME0,0.9429462311742124,0.9564633822409736,1.0,6
0.0006962023343251262,False,109,time1,0.9704312354554203,6,time1,TIME1,0.8741997974252764,0.9354818188037061,0.0,8
0.0013954619232245382,False,109,time1,0.9533096376141889,7,time1,TIME1,0.8683752462886738,0.9380697069069538,0.0,7
0.0023709476773138395,False,109,time0,0.8852128263626644,0,time0,TIME0,0.8543643559711014,0.9640556601400967,0.0,5
0.0009150699100307158,False,110,time0,0.9588397657693531,3,time0,TIME0,0.9823560916938471,0.9839121479029851,1.0,2
0.0007651733070195897,False,110,goleiro_time1,0.9524830736073217,9,goleiro1,GOL-TIME1,0.9768634818153229,0.9683502548798395,1.0,10
0.001539446297206016,False,110,time1,0.9184376443139569,5,time1,TIME1,0.9694569125204288,0.9829251020575411,1.0,1
0.00209973906560353,False,110,time0,0.8734760313164722,4,time0,TIME0,0.9490394204531601,0.9564633822409736,1.0,6
0.0020699542109818727,False,110,time1,0.8952792508769523,8,time1,TIME1,0.9436955370144687,0.911128777062084,1.0,3
0.0006308379869292148,False,110,time1,0.968421091838927,7,time1,TIME1,0.8739387979481184,0.9380697069069538,0.0,7
0.0007455213984301292,False,110,time1,0.9630614039964852,6,time1,TIME1,0.8720039671449549,0.9354818188037061,0.0,8
0.0021554311439743053,False,110,time0,0.8952106235801266,0,time0,TIME0,0.85737054050928,0.9640556601400967,0.0,5
0.0006345416395828308,False,111,goleiro_time1,0.9624950240598998,9,goleiro1,GOL-TIME1,0.9800626464398016,0.968017333119932,1.0,10
0.001241788667056739,False,111,time0,0.941531467654538,3,time0,TIME0,0.9770648810551591,0.9838734748924267,1.0,2
0.0018658746756557575,False,111,time1,0.9030289287223315,5,time1,TIME1,0.9644109220505733,0.9818111249104434,1.0,1
0.0012431442360719943,False,111,time1,0.9591216310607471,8,time1,TIME1,0.9638615684263651,0.913089688842395,1.0,3
0.001648115311441721,False,111,time0,0.9025265095530073,4,time0,TIME0,0.9581910364132898,0.9571953756932556,1.0,6
0.0007845889515643155,False,111,time1,0.9679186718556586,6,time1,TIME1,0.8742620776018918,0.9385368954158677,0.0,8
0.0006996515404514077,False,111,time1,0.9421174706295267,7,time1,TIME1,0.8659360202614372,0.9370555415979628,0.0,7
0.0016268274123345282,False,111,time0,0.9190937581708511,0,time0,TIME0,0.86364311874081,0.9591204880240398,0.0,5
0.0007044762297405537,False,112,goleiro_time1,0.9577049387102291,9,goleiro1,GOL-TIME1,0.9785336988538215,0.968017333119932,1.0,10
0.0008261950714879085,False,112,time0,0.9566477397789844,4,time0,TIME0,0.974843569547124,0.9571953756932556,1.0,6
0.0012901488757772587,False,112,time0,0.932635419725305,3,time0,TIME0,0.9742992711897941,0.9838734748924267,1.0,2
0.0016865613050665574,False,112,time1,0.9067096113885961,5,time1,TIME1,0.9657452346169998,0.9818111249104434,1.0,1
0.002162579673591679,False,112,time1,0.9027196504552241,8,time1,TIME1,0.9457747437843641,0.913089688842395,1.0,3
0.0006799193800116628,False,112,time1,0.9657156885623549,7,time1,TIME1,0.8731335357293328,0.9370555415979628,0.0,7
0.000974683452044584,False,112,time1,0.9596425245931798,6,time1,TIME1,0.8715110311363975,0.9385368954158677,0.0,8
0.001971920542089248,False,112,time0,0.9098977692660173,0,time0,TIME0,0.8605520064652538,0.9591204880240398,0.0,5
0.0007128729110280616,False,113,goleiro_time1,0.9556284083246045,9,goleiro1,GOL-TIME1,0.9778331100505214,0.968017333119932,1.0,10
0.0005876272088016553,False,113,time0,0.9636722636533687,4,time0,TIME0,0.9776079741965116,0.9571953756932556,1.0,6
0.0016123273153774162,False,113,time1,0.9019028186851257,5,time1,TIME1,0.9643120118663675,0.9818111249104434,1.0,1
0.0020088788190127907,False,113,time0,0.8966951615703201,3,time0,TIME0,0.962645100384025,0.9838734748924267,1.0,2
0.002099439054640633,False,113,time1,0.9206366139145304,8,time1,TIME1,0.9521690017791528,0.913089688842395,1.0,3
0.0005390235388037051,False,113,time1,0.9817377820692955,7,time1,TIME1,0.8779405739818629,0.9370555415979628,0.0,7
0.0008769957373521399,False,113,time1,0.9656542605608097,6,time1,TIME1,0.8734630319671484,0.9385368954158677,0.0,8
0.0014419559382101241,False,113,time0,0.930680708137933,0,time0,TIME0,0.867059015716433,0.9591204880240398,0.0,5
0.001055545714244805,False,114,goleiro_time1,0.9516163745535009,9,goleiro1,GOL-TIME1,0.976179308090917,0.96769785028273,1.0,10
0.000816497476862008,False,114,time0,0.9491933366433586,4,time0,TIME0,0.9727882175392393,0.9560425907584524,1.0,6
0.001981226509850342,False,114,time1,0.8763127432169924,5,time1,TIME1,0.9560246500044413,0.9816481537450645,1.0,1
0.002542075142715908,False,114,time0,0.8712568715301795,3,time0,TIME0,0.9546718885205329,0.9838789682177901,1.0,2
0.001657076461407797,False,114,time1,0.9262956618260455,8,time1,TIME1,0.9543371289853794,0.9136373461792007,1.0,3
0.0011996699201758004,False,114,time1,0.9677297070858232,7,time1,TIME1,0.8729816900076723,0.9368465388732207,0.0,7
0.0007750067291196736,False,114,time1,0.958238506245945,6,time1,TIME1,0.8715078949053678,0.939575509644565,0.0,8
0.0004581307560076916,False,115,goleiro_time1,0.9636826834016474,9,goleiro1,GOL-TIME1,0.9801239860848753,0.96769785028273,1.0,10
0.0009681281259220298,False,115,time0,0.9485144706127142,4,time0,TIME0,0.972568789419686,0.9560425907584524,1.0,6
0.0017517378209234687,False,115,time1,0.8829977073160789,5,time1,TIME1,0.9585607909548509,0.9816481537450645,1.0,1
0.0014265181446503636,False,115,time1,0.9338013264916577,8,time1,TIME1,0.9569299102604084,0.9136373461792007,1.0,3
0.002957994670108247,False,115,time0,0.8511272128268199,3,time0,TIME0,0.9481870514416872,0.9838789682177901,1.0,2
0.00041087245443580003,False,115,time1,0.9864699785668409,7,time1,TIME1,0.8792363195933901,0.9368465388732207,0.0,7
0.0007320630603198305,False,115,time1,0.9480312820064701,6,time1,TIME1,0.8684223253001089,0.939575509644565,0.0,8
0.0019230276299201784,False,115,time0,0.895308067642985,0,time0,TIME0,0.8561447917914826,0.9591204880240398,0.0,5
0.0007518438156089047,False,116,goleiro_time1,0.9680111184536261,9,goleiro1,GOL-TIME1,0.9813275467290895,0.96769785028273,1.0,10
0.0007298174154896885,False,116,time0,0.965402276306858,4,time0,TIME0,0.9776621653335331,0.9560425907584524,1.0,6
0.00208313477920174,False,116,time1,0.8524409543767428,5,time1,TIME1,0.9490129286335354,0.9816481537450645,1.0,1
0.0028562989626367656,False,116,time0,0.8516708282362124,3,time0,TIME0,0.9488039931309181,0.9838789682177901,1.0,2
0.0019376922350531937,False,116,time1,0.9039271697436755,8,time1,TIME1,0.9472772345114261,0.9136373461792007,1.0,3
0.00045980679127876885,False,116,time1,0.9739784709839275,7,time1,TIME1,0.8757615464827821,0.9368465388732207,0.0,7
0.0009219762230048847,False,116,time0,0.9571569380810511,0,time0,TIME0,0.8753290845985335,0.9591204880240398,0.0,5
0.0007545205909118827,False,116,time1,0.9437887004573362,6,time1,TIME1,0.8672550923494486,0.939575509644565,0.0,8
0.000567647528494614,False,117,goleiro_time1,0.9653486783335099,9,goleiro1,GOL-TIME1,0.9805849173364865,0.9664978616376225,1.0,10
0.0007397899660503798,False,117,time0,0.9592152774165655,4,time0,TIME0,0.9761307611911226,0.9570791997094272,1.0,6
0.0016848579960715804,False,117,time1,0.869506759590761,5,time1,TIME1,0.9543701688496516,0.9813081291304289,1.0,1
0.0029417001352850325,False,117,time0,0.8465307069270913,3,time0,TIME0,0.9469469281746871,0.9837376484990126,1.0,2
0.0027210847143250027,False,117,time1,0.8689394777235273,8,time1,TIME1,0.9356902170680684,0.9125957187080724,1.0,3
0.00027778769411221306,False,117,time1,0.9742418280488009,7,time1,TIME1,0.8760258058786755,0.9367948413753777,0.0,7
0.0006570508495525104,False,117,time1,0.9507806715100631,6,time1,TIME1,0.8696274598688586,0.9408401498516326,0.0,8
0.0014625406730943938,False,117,time0,0.9328423009989578,0,time0,TIME0,0.866859375857324,0.9550086869038814,0.0,5
0.0005244430817672454,False,118,goleiro_time1,0.9588574505248947,9,goleiro1,GOL-TIME1,0.9786015041561272,0.9664978616376225,1.0,10
0.0008104822678788255,False,118,time0,0.9552079471943304,4,time0,TIME0,0.9750471118679572,0.9570791997094272,1.0,6
0.0008870644494353905,False,118,time1,0.9330119733288148,5,time1,TIME1,0.9738248877991853,0.9813081291304289,1.0,1
0.002091144162786965,False,118,time0,0.8818079785847063,3,time0,TIME0,0.9579957060958088,0.9837376484990126,1.0,2
0.0026523343665756567,False,118,time1,0.8852133586005128,8,time1,TIME1,0.9407441709493533,0.9125957187080724,1.0,3
0.0003405899348974949,False,118,time1,0.9862840517148641,7,time1,TIME1,0.8794962740409188,0.9367948413753777,0.0,7
0.0006439857617429646,False,118,time1,0.9526592940728746,6,time1,TIME1,0.8703383603701108,0.9408401498516326,0.0,8
0.0013279066407898788,False,118,time0,0.9410518379280587,0,time0,TIME0,0.869762454287206,0.9550086869038814,0.0,5
0.00039142793978849384,False,119,goleiro_time1,0.9722301142992589,9,goleiro1,GOL-TIME1,0.9828316571419804,0.9664978616376225,1.0,10
0.0007433073023718791,False,119,time1,0.9404049972868608,5,time1,TIME1,0.9766078140714467,0.9813081291304289,1.0,1
0.0011919960466861674,False,119,time0,0.9230233048939219,4,time0,TIME0,0.964634192142204,0.9570791997094272,1.0,6
0.0021055814868874826,False,119,time0,0.8818979602444091,3,time0,TIME0,0.9585685773317772,0.9837376484990126,1.0,2
0.0017833344300613237,False,119,time1,0.9162187916572349,8,time1,TIME1,0.9507963735636097,0.9125957187080724,1.0,3
0.0011096289675926842,False,119,time0,0.9511956532583721,0,time0,TIME0,0.8726169438440428,0.9550086869038814,0.0,5
0.0009262598210930911,False,119,time1,0.9625549743625257,7,time1,TIME1,0.8717025298890726,0.9367948413753777,0.0,7
0.0008804925642661829,False,119,time1,0.9342248414979331,6,time1,TIME1,0.8645150608164401,0.9408401498516326,0.0,8
0.0003365322920357635,False,120,goleiro_time1,0.9724488972800934,9,goleiro1,GOL-TIME1,0.9825451954045508,0.9647579104627598,1.0,10
0.0010421465233174873,False,120,time0,0.9352213549200887,4,time0,TIME0,0.9692541267677409,0.9591155885501002,1.0,6
0.0011471546894940303,False,120,time1,0.9167687181955579,5,time1,TIME1,0.9690639929285055,0.9815762386751569,1.0,1
0.0018452100677229242,False,120,time0,0.9001486973247004,3,time0,TIME0,0.9641093724058931,0.9837538773516575,1.0,2
0.0013497702102836697,False,120,time1,0.9354176223342874,8,time1,TIME1,0.9563899484173701,0.9124632229159356,1.0,3
0.0005727617846420685,False,120,time1,0.9847886863302111,7,time1,TIME1,0.8788898039776095,0.9370185956559247,0.0,7
0.0010394834389909906,False,120,time0,0.962455616039276,0,time0,TIME0,0.8752220789597422,0.9505332904255266,0.0,5
0.0009642980076081882,False,120,time1,0.9281408975212683,6,time1,TIME1,0.8627717902342001,0.9412896069028088,0.0,8
0.0002807644533208224,False,121,goleiro_time1,0.9846077895161516,9,goleiro1,GOL-TIME1,0.9861226126651176,0.9647579104627598,1.0,10
0.0015810044175401266,False,121,time0,0.9066095731659063,4,time0,TIME0,0.9599209587080909,0.9591155885501002,1.0,6
0.0021934916256763997,False,121,time0,0.882517025924265,3,time0,TIME0,0.9584503113996843,0.9837538773516575,1.0,2
0.0016774130270503917,False,121,time1,0.8769362111163346,5,time1,TIME1,0.9565692534313202,0.9815762386751569,1.0,1
0.0023143960437239704,False,121,time1,0.9058855073931441,8,time1,TIME1,0.9468277142496557,0.9124632229159356,1.0,3
0.001305548356248684,False,121,time1,0.9638111230343096,7,time1,TIME1,0.8717112866452201,0.9370185956559247,0.0,7
0.0015986662101174103,False,121,time0,0.9401631933627747,0,time0,TIME0,0.8678398071857647,0.9505332904255266,0.0,5
0.001320921104141525,False,121,time1,0.9026066204709662,6,time1,TIME1,0.8546434132819692,0.9412896069028088,0.0,8
0.00045904134123003494,False,122,goleiro_time1,0.9763631533105669,9,goleiro1,GOL-TIME1,0.9835534537488718,0.9647579104627598,1.0,10
0.0007224837059453605,False,122,time0,0.9546190180580842,4,time0,TIME0,0.9747862995330417,0.9591155885501002,1.0,6
0.0014060388248735478,False,122,time0,0.9207347351142081,3,time0,TIME0,0.9703248510533822,0.9837538773516575,1.0,2
0.00132548447435783,False,122,time1,0.9006273496638862,5,time1,TIME1,0.9641007811965632,0.9815762386751569,1.0,1
0.002293840530686736,False,122,time1,0.9273085215324399,8,time1,TIME1,0.953608630923414,0.9124632229159356,1.0,3
0.0004129822447344931,False,122,time0,0.9820446579854465,0,time0,TIME0,0.8810387361219929,0.9505332904255266,0.0,5
0.0007494710557441585,False,122,time1,0.974300411203208,7,time1,TIME1,0.8754723888586444,0.9370185956559247,0.0,7
0.0006634518951456239,False,122,time1,0.9486957077172793,6,time1,TIME1,0.8688382379065439,0.9412896069028088,0.0,8
0.00015980282268477356,False,123,time0,0.972047007087494,4,time0,TIME0,0.9813328723887008,0.9610092816265641,1.0,6
0.0006288306083814746,False,123,goleiro_time1,0.965612939749638,9,goleiro1,GOL-TIME1,0.9795965960339325,0.9625376692376568,1.0,10
0.0016841716073534368,False,123,time1,0.9496762998629886,8,time1,TIME1,0.9611812913157886,0.9129326911794204,1.0,3
0.002482007363324233,False,123,time0,0.8770817323498658,3,time0,TIME0,0.9562505787620952,0.9846371717151716,1.0,2
0.001901193498731549,False,123,time1,0.8613344321072837,5,time1,TIME1,0.9517828792521882,0.9822903493165172,1.0,1
0.00017315740970946358,False,123,time1,0.9857220218186146,7,time1,TIME1,0.879356262126642,0.9367756308265685,0.0,7
0.0007722900714069453,False,123,time1,0.9350133303966603,6,time1,TIME1,0.8651016346273857,0.9417431501912772,0.0,8
0.005235797385309428,False,123,time0,0.8832466777868201,0,time0,TIME0,0.8430876713068411,0.9463092651450509,0.0,5
0.00022568841477717974,False,124,time0,0.987683594203041,4,time0,TIME0,0.9862138625260197,0.9610092816265641,1.0,6
0.00031901885444671603,False,124,goleiro_time1,0.9698115030759646,9,goleiro1,GOL-TIME1,0.9809035114865893,0.9625376692376568,1.0,10
0.0018267814722336179,False,124,time1,0.9607862414266486,8,time1,TIME1,0.9644799143657199,0.9129326911794204,1.0,3
0.0014096435020489642,False,124,time1,0.896272525579644,5,time1,TIME1,0.9627983458586281,0.9822903493165172,1.0,1
0.0031726142009728567,False,124,time0,0.8657450286990067,3,time0,TIME0,0.9524939839579506,0.9846371717151716,1.0,2
0.0001890209899320697,False,124,time1,0.9809103677551133,7,time1,TIME1,0.8780752494928363,0.9367756308265685,0.0,7
0.0009206169742014842,False,124,time1,0.9222123698621262,6,time1,TIME1,0.8611594990752922,0.9417431501912772,0.0,8
0.01728196138160589,False,124,time0,0.633859855382261,0,time0,TIME0,0.7528054752079623,0.9463092651450509,0.0,5
0.00019492893038509294,False,125,time0,0.9936400199047235,4,time0,TIME0,0.9879951005547357,0.9610092816265641,1.0,6
0.0005784654562671343,False,125,goleiro_time1,0.9512887367302021,9,goleiro1,GOL-TIME1,0.9752676892421485,0.9625376692376568,1.0,10
0.002132950668820877,False,125,time0,0.9114632156476444,3,time0,TIME0,0.9669415807768925,0.9846371717151716,1.0,2
0.0015206617363281926,False,125,time1,0.8898110235132078,5,time1,TIME1,0.961018059432781,0.9822903493165172,1.0,1
0.00311967936621347,False,125,time1,0.9215130214246506,8,time1,TIME1,0.9507578938536632,0.9129326911794204,1.0,3
0.0004486875808518599,False,125,time1,0.9784090475392275,7,time1,TIME1,0.8769156756033969,0.9367756308265685,0.0,7
0.0010227462472997208,False,125,time1,0.9169260004486236,6,time1,TIME1,0.8594927231603271,0.9417431501912772,0.0,8
0.00417522876024642,False,125,time0,0.8518579041016032,0,time0,TIME0,0.8293838913965803,0.9463092651450509,0.0,5
0.0005906696901088286,False,126,time0,0.9667486785220178,4,time0,TIME0,0.9797702248747112,0.9627429437208256,1.0,6
0.0005321073228702632,False,126,goleiro_time1,0.9542188001277953,9,goleiro1,GOL-TIME1,0.9760694912178012,0.9613004257623587,1.0,10
0.0009489960415226109,False,126,time1,0.928934434631744,5,time1,TIME1,0.9730766952854473,0.9825993932438712,1.0,1
0.0020488969480081335,False,126,time0,0.9138988716310897,3,time0,TIME0,0.9684673533974562,0.9851739481129527,1.0,2
0.0009229420591639376,False,126,time1,0.9235110365174273,6,time1,TIME1,0.9616791985314203,0.942248320052666,1.0,8
0.002691236870388624,False,126,time1,0.9115479968255445,8,time1,TIME1,0.948394389350279,0.9122639428075193,1.0,3
0.0003299879511631133,False,126,time1,0.9730870987185053,7,time1,TIME1,0.8757335116604774,0.9367638923943103,0.0,7
0.0011866123001716081,False,126,time0,0.9401696316301315,0,time0,TIME0,0.8641363985173598,0.9471689582399597,0.0,5
0.0005246451454280423,False,127,time1,0.973969396669487,5,time1,TIME1,0.9869260447887532,0.9825993932438712,1.0,1
0.0002813696161271138,False,127,time0,0.9842762329357154,4,time0,TIME0,0.9854753189136479,0.9627429437208256,1.0,6
0.0004344082170689284,False,127,goleiro_time1,0.9743375271084006,9,goleiro1,GOL-TIME1,0.9820238857122969,0.9613004257623587,1.0,10
0.0014824166158444593,False,127,time0,0.9351603720631021,3,time0,TIME0,0.9750784415138447,0.9851739481129527,1.0,2
0.0009423823799350488,False,127,time1,0.9222683384921424,6,time1,TIME1,0.9612953076515294,0.942248320052666,1.0,8
0.0020772566423269663,False,127,time1,0.9224363362133825,8,time1,TIME1,0.9523301029731579,0.9122639428075193,1.0,3
0.00034314221972064874,False,127,time1,0.9753738496326777,7,time1,TIME1,0.8763880924716714,0.9367638923943103,0.0,7
0.0028253495632962144,False,127,time0,0.8871277433317039,0,time0,TIME0,0.8492155368515699,0.9471689582399597,0.0,5
0.00019782496424126695,False,128,goleiro_time1,0.988282549108076,9,goleiro1,GOL-TIME1,0.9864687233394325,0.9613004257623587,1.0,10
0.0005506999936192204,False,128,time1,0.9425039815248188,5,time1,TIME1,0.9776760829647559,0.9825993932438712,1.0,1
0.0013181922165446671,False,128,time0,0.9284488966433136,4,time0,TIME0,0.9672671672509452,0.9627429437208256,1.0,6
0.0008965418520324258,False,128,time1,0.9259250151189179,6,time1,TIME1,0.9624525543997178,0.942248320052666,1.0,8
0.0012317447935434687,False,128,time1,0.937234931910348,8,time1,TIME1,0.9564523398272944,0.9122639428075193,1.0,3
0.003282374705309867,False,128,time0,0.8571676073495159,3,time0,TIME0,0.9492291907370278,0.9851739481129527,1.0,2
0.00031295028853542807,False,128,time1,0.9748018608850094,7,time1,TIME1,0.8759821748310117,0.9367638923943103,0.0,7
0.0006686755708758667,False,128,time0,0.9620240507955965,0,time0,TIME0,0.8728703384726616,0.9471689582399597,0.0,5
8.955122283693118e-05,False,129,goleiro_time1,0.9912915027334068,9,goleiro1,GOL-TIME1,0.987246934875169,0.9605414499804625,1.0,10
0.0005982970251013312,False,129,time1,0.9392414226063747,5,time1,TIME1,0.9767070587958421,0.9823534433773531,1.0,1
0.0009449453523781833,False,129,time0,0.9485899941572062,4,time0,TIME0,0.9745534476567188,0.9643628468944185,1.0,6
0.0012571091403121054,False,129,time1,0.9446827095291812,8,time1,TIME1,0.9601510357614013,0.9129194759927535,1.0,3
0.0012329094464914256,False,129,time1,0.8999288918596473,6,time1,TIME1,0.9541477000166139,0.9420802902939411,1.0,8
0.003238820083448857,False,129,time0,0.8437956716401459,3,time0,TIME0,0.9464106663709987,0.9854856551088571,1.0,2
0.00032828418219461815,False,129,time1,0.9796339454959374,7,time1,TIME1,0.8773805754951542,0.9352594726262133,0.0,7
0.0006991288481911942,False,129,time0,0.960803967717266,0,time0,TIME0,0.8744925372632739,0.9484346485568029,0.0,5
0.00011411826639070223,False,130,goleiro_time1,0.9833871776549579,9,goleiro1,GOL-TIME1,0.9850183707409269,0.9605414499804625,1.0,10
0.00032475694291384574,False,130,time0,0.9481192780253053,4,time0,TIME0,0.9746510570142214,0.9643628468944185,1.0,6
0.0009275640895324396,False,130,time1,0.9245083861683785,5,time1,TIME1,0.9716195640228794,0.9823534433773531,1.0,1
0.0006948077487326256,False,130,time1,0.9705375271308245,8,time1,TIME1,0.9683228357267258,0.9129194759927535,1.0,3
0.0011951043853782334,False,130,time1,0.9016774331822438,6,time1,TIME1,0.954729361982442,0.9420802902939411,1.0,8
0.003469643453181808,False,130,time0,0.8215343283558266,3,time0,TIME0,0.9394448618527309,0.9854856551088571,1.0,2
0.0004618599507201979,False,130,time0,0.9705284149056846,0,time0,TIME0,0.8776680763243376,0.9484346485568029,0.0,5
0.0006602852751030814,False,130,time1,0.9685178826720454,7,time1,TIME1,0.873543325005208,0.9352594726262133,0.0,7
0.00028862504900155887,False,131,time0,0.9703087226846141,4,time0,TIME0,0.9815285047433041,0.9643628468944185,1.0,6
0.0003508072725416396,False,131,goleiro_time1,0.9695407700689624,9,goleiro1,GOL-TIME1,0.9803871678806894,0.9605414499804625,1.0,10
0.0013953174374253074,False,131,time1,0.9111313223696885,5,time1,TIME1,0.9672733052624362,0.9823534433773531,1.0,1
0.00247703726828882,False,131,time1,0.9458817428408467,8,time1,TIME1,0.9580398401722049,0.9129194759927535,1.0,3
0.0011911114905534981,False,131,time1,0.9068441544767902,6,time1,TIME1,0.9563985764186979,0.9420802902939411,1.0,8
0.0034164566611635384,False,131,time0,0.8009586064331762,3,time0,TIME0,0.9331199713883118,0.9854856551088571,1.0,2
0.0001859883709982708,False,131,time1,0.9711589955037532,7,time1,TIME1,0.8745011295621066,0.9352594726262133,0.0,7
0.0011431341962582057,False,131,time0,0.9453059357365161,0,time0,TIME0,0.8691638189579971,0.9484346485568029,0.0,5
0.00019691969577164816,False,132,goleiro_time1,0.9828183783058563,9,goleiro1,GOL-TIME1,0.9847766055911197,0.9610903789837509,1.0,10
0.0007314266734288365,False,132,time0,0.9548808256263457,4,time0,TIME0,0.9766049301436975,0.9654921804178438,1.0,6
0.0014354505056856563,False,132,time1,0.9128157396483244,5,time1,TIME1,0.9677230457575451,0.981590421519847,1.0,1
0.0011759988170992727,False,132,time1,0.9097603684570098,6,time1,TIME1,0.9563409520478502,0.9399474500084228,1.0,8
0.0040600907866805095,False,132,time1,0.9199723674402578,8,time1,TIME1,0.9494785780986338,0.9132401940654222,1.0,3
0.0028378190665715526,False,132,time0,0.8192707629225066,3,time0,TIME0,0.9390411965484363,0.9849415961307085,1.0,2
0.0005104976046439596,False,132,time1,0.9725022914105692,7,time1,TIME1,0.8746959698338449,0.9347707267613928,0.0,7
0.014042473308379617,False,132,time0,0.6761805108221547,0,time0,TIME0,0.7668961703120899,0.9458755155451065,0.0,5
9.924644318776004e-05,False,133,goleiro_time1,0.9901759852592044,9,goleiro1,GOL-TIME1,0.9870416507087783,0.9610903789837509,1.0,10
0.0007479918891388496,False,133,time0,0.9506751019653442,4,time0,TIME0,0.975813196571203,0.9654921804178438,1.0,6
0.0012269604195803252,False,133,time1,0.9251846942114763,5,time1,TIME1,0.9716456323578696,0.981590421519847,1.0,1
0.003760535684597065,False,133,time1,0.9418319154075903,8,time1,TIME1,0.9571011806656097,0.9132401940654222,1.0,3
0.0014457555359281733,False,133,time1,0.8994107116210657,6,time1,TIME1,0.9532302302687751,0.9399474500084228,1.0,8
0.002282613929971972,False,133,time0,0.8492742446825877,3,time0,TIME0,0.9485619637525605,0.9849415961307085,1.0,2
0.0003051442132452254,False,133,time1,0.9654193472591368,7,time1,TIME1,0.8728979620463662,0.9347707267613928,0.0,7
0.003543728411451069,False,133,time0,0.8805196411143459,0,time0,TIME0,0.840078596983264,0.9458755155451065,0.0,5
0.00010824559508361482,False,134,goleiro_time1,0.987444095199011,9,goleiro1,GOL-TIME1,0.9862690578743981,0.9610903789837509,1.0,10
0.0007440559769158335,False,134,time0,0.9464421178971072,4,time0,TIME0,0.9743584650264555,0.9654921804178438,1.0,6
0.0011712907446256107,False,134,time1,0.9297078673617944,5,time1,TIME1,0.973190786780168,0.981590421519847,1.0,1
0.001132848539017983,False,134,time1,0.9193827918068539,6,time1,TIME1,0.9595554703992005,0.9399474500084228,1.0,8
0.00330419671484343,False,134,time1,0.9417667191656593,8,time1,TIME1,0.9574801406845747,0.9132401940654222,1.0,3
0.002129750551883307,False,134,time0,0.8590384875252359,3,time0,TIME0,0.9517283889216768,0.9849415961307085,1.0,2
0.0003943773441014062,False,134,time1,0.9391252686571203,7,time1,TIME1,0.8647761580405877,0.9347707267613928,0.0,7
0.004443945073091796,False,134,time0,0.8470866836747241,0,time0,TIME0,0.8314588982359542,0.9458755155451065,0.0,5
6.383114066653645e-05,False,135,goleiro_time1,0.9932607407917244,9,goleiro1,GOL-TIME1,0.9882445864617094,0.9615223934705128,1.0,10
0.000605271089468997,False,135,time0,0.9699339818343533,4,time0,TIME0,0.9812834947947204,0.9670742874458319,1.0,6
0.0011603258417854083,False,135,time1,0.9305328372420593,5,time1,TIME1,0.97333168294971,0.9810789113223188,1.0,1
0.0009912636033653042,False,135,time1,0.9262809247866368,6,time1,TIME1,0.9610580036914883,0.9368036545451228,1.0,8
0.0029562526151086822,False,135,time1,0.9308776669708068,8,time1,TIME1,0.9543462118525675,0.9124436771044944,1.0,3
0.003932112949985353,False,135,time0,0.776899091653364,3,time0,TIME0,0.9243759011456432,0.9844409824881128,1.0,2
0.0010940209297166765,False,135,time1,0.9466662734261114,7,time1,TIME1,0.8659230307769155,0.9341474735286439,0.0,7
0.0022872777367588283,False,135,time0,0.9238281385105105,0,time0,TIME0,0.856685182155496,0.9439010853258362,0.0,5
6.414571520273626e-05,False,136,goleiro_time1,0.983327018192406,9,goleiro1,GOL-TIME1,0.985249003619661,0.9615223934705128,1.0,10
0.00031496226681834976,False,136,time0,0.9770902406276691,4,time0,TIME0,0.9843920087014809,0.9670742874458319,1.0,6
0.0010654567906976588,False,136,time1,0.9361815602177503,5,time1,TIME1,0.975084265434602,0.9810789113223188,1.0,1
0.0013122757665815581,False,136,time1,0.9011092207179465,6,time1,TIME1,0.9530871766792076,0.9368036545451228,1.0,8
0.004659126096335738,False,136,time1,0.8954401900702547,8,time1,TIME1,0.9413462968031612,0.9124436771044944,1.0,3
0.003613640273505542,False,136,time0,0.8200752570043071,3,time0,TIME0,0.9386261396037296,0.9844409824881128,1.0,2
0.0011287326959775726,False,136,time1,0.946835728999898,7,time1,TIME1,0.8664964171143996,0.9341474735286439,0.0,7
0.004400392399353922,False,136,time0,0.87564673197127,0,time0,TIME0,0.8402292412658497,0.9439010853258362,0.0,5
0.0001117264514465349,False,137,time0,0.9846183329499898,4,time0,TIME0,0.9867912506125337,0.9670742874458319,1.0,6
8.377089121361248e-05,False,137,goleiro_time1,0.9804350096850245,9,goleiro1,GOL-TIME1,0.9843525978854787,0.9615223934705128,1.0,10
0.0015550468672766702,False,137,time1,0.9095924746271723,5,time1,TIME1,0.9663719314715103,0.9810789113223188,1.0,1
0.0009060105963044136,False,137,time1,0.9315748947563032,6,time1,TIME1,0.9625708963871557,0.9368036545451228,1.0,8
0.0031620865435475548,False,137,time1,0.9132904890560333,8,time1,TIME1,0.9481865698529912,0.9124436771044944,1.0,3
0.003565893074198388,False,137,time0,0.8482838655337648,3,time0,TIME0,0.947239533827548,0.9844409824881128,1.0,2
0.00025857576372149635,False,137,time0,0.9822119186336907,0,time0,TIME0,0.87734276684039,0.9439010853258362,0.0,5
0.001271405009027159,False,137,time1,0.9413613994487549,7,time1,TIME1,0.8645721261307204,0.9341474735286439,0.0,7
0.00022231372436083864,False,138,time0,0.9870907485292217,4,time0,TIME0,0.9879589392887117,0.9684410896629186,1.0,6
0.00037715739667420453,False,138,goleiro_time1,0.9785340569703499,9,goleiro1,GOL-TIME1,0.9831019064183121,0.9606528808693976,1.0,10
0.0015441168141947842,False,138,time0,0.933445101786732,3,time0,TIME0,0.9732445916742652,0.9840950913328019,1.0,2
0.001539478441237755,False,138,time1,0.9080856795282554,5,time1,TIME1,0.9660305230618781,0.9808948856636551,1.0,1
0.0008035361807239695,False,138,time1,0.939527512923924,6,time1,TIME1,0.9646119009073765,0.9343929528277395,1.0,8
0.002313491465214629,False,138,time1,0.9454443644666177,8,time1,TIME1,0.9589156563331437,0.911906351684308,1.0,3
0.0016507669234875296,False,138,time1,0.9276524054316909,7,time1,TIME1,0.8595924784981273,0.9340466600552241,0.0,7
0.004075467106132433,False,138,time0,0.9055249636611485,0,time0,TIME0,0.851370574498725,0.9444819652814467,0.0,5
0.0003501040542041849,False,139,time0,0.9852167150521313,3,time0,TIME0,0.9904050355378863,0.9840950913328019,1.0,2
0.0005100550560049673,False,139,goleiro_time1,0.9775911254952503,9,goleiro1,GOL-TIME1,0.9828852557769922,0.9606528808693976,1.0,10
0.0006258041990901707,False,139,time0,0.9662196429276895,4,time0,TIME0,0.9811165521416465,0.9684410896629186,1.0,6
0.0006609712309049725,False,139,time1,0.9566293875369822,5,time1,TIME1,0.9809934629499527,0.9808948856636551,1.0,1
0.0020073454296468717,False,139,time1,0.9604608969573475,8,time1,TIME1,0.9639954088952923,0.911906351684308,1.0,3
0.0009211991383318681,False,139,time1,0.9367436247168137,6,time1,TIME1,0.9635606332751084,0.9343929528277395,1.0,8
0.0026514919115485313,False,139,time1,0.8821510548771885,7,time1,TIME1,0.845034494909586,0.9340466600552241,0.0,7
0.005387984331753754,False,139,time0,0.8786193888750785,0,time0,TIME0,0.8439054892128606,0.9444819652814467,0.0,5
0.00023839128696981495,False,140,time0,0.9898120373193905,3,time0,TIME0,0.9925912783740914,0.9840950913328019,1.0,2
0.00015116871389010274,False,140,time1,0.977139178449263,5,time1,TIME1,0.9877778226844032,0.9808948856636551,1.0,1
0.00012241787973724748,False,140,goleiro_time1,0.991005449216591,9,goleiro1,GOL-TIME1,0.9870849886687775,0.9606528808693976,1.0,10
0.0011424642583576525,False,140,time0,0.9383255653346223,4,time0,TIME0,0.9722144540876931,0.9684410896629186,1.0,6
0.0004968811438724802,False,140,time1,0.9639068932957272,6,time1,TIME1,0.9720108173299217,0.9343929528277395,1.0,8
0.0021480332545955622,False,140,time1,0.9332815948836053,8,time1,TIME1,0.9553229355492291,0.911906351684308,1.0,3
0.001300365807562417,False,140,time0,0.9713569248729718,0,time0,TIME0,0.8735581668466834,0.9444819652814467,0.0,5
0.002222218432977248,False,140,time1,0.9019008059070407,7,time1,TIME1,0.8516190247894123,0.9340466600552241,0.0,7
0.00029647211604940846,False,141,time0,0.9868819727435338,3,time0,TIME0,0.9917301133190426,0.9840264080677081,1.0,2
0.00019695366616882687,False,141,time1,0.9873311636230946,5,time1,TIME1,0.9913493099989842,0.9818470638473855,1.0,1
0.00046280246351615396,False,141,goleiro_time1,0.9776452501760287,9,goleiro1,GOL-TIME1,0.982693342226846,0.9602114464767113,1.0,10
0.0010910643281710683,False,141,time0,0.9460496540781761,4,time0,TIME0,0.975255324133142,0.9701490135853443,1.0,6
0.000588420527834136,False,141,time1,0.9581878912715626,6,time1,TIME1,0.9700299604377866,0.9327173727344338,1.0,8
0.0021015592619866488,False,141,time1,0.9252690425864266,8,time1,TIME1,0.9523406893145014,0.9097600673672495,1.0,3
0.0030189432176153824,False,141,time1,0.8613365987644288,7,time1,TIME1,0.8382765129510333,0.9360544138527711,0.0,7
0.007035446264341575,False,141,time0,0.8368430705842071,0,time0,TIME0,0.8270659495831709,0.9453241078077432,0.0,5
8.304438333464315e-05,False,142,time1,0.9836294841054396,5,time1,TIME1,0.9903212433509093,0.9818470638473855,1.0,1
0.00017125874725560153,False,142,goleiro_time1,0.9848037041357235,9,goleiro1,GOL-TIME1,0.9850446074564092,0.9602114464767113,1.0,10
0.0008381586580078128,False,142,time0,0.9648207319943899,3,time0,TIME0,0.9843062220252352,0.9840264080677081,1.0,2
0.0012245569767761917,False,142,time0,0.9334695713798384,4,time0,TIME0,0.9713727032963794,0.9701490135853443,1.0,6
0.0006492723726733967,False,142,time1,0.954196279688704,6,time1,TIME1,0.9686880446755907,0.9327173727344338,1.0,8
0.0037441606273509085,False,142,time1,0.8854879113294032,8,time1,TIME1,0.9381888302741109,0.9097600673672495,1.0,3
0.001240505611513757,False,142,time0,0.9273097278485554,0,time0,TIME0,0.8578653980763835,0.9453241078077432,0.0,5
0.00517919228656239,False,142,time1,0.8029494646475508,7,time1,TIME1,0.8184167532804866,0.9360544138527711,0.0,7
0.0008003892042563787,False,143,time0,0.9615956622840264,3,time0,TIME0,0.983641450297992,0.9840264080677081,1.0,2
0.00032811772589557927,False,143,goleiro_time1,0.978757481530173,9,goleiro1,GOL-TIME1,0.9832017182889523,0.9602114464767113,1.0,10
0.00029358172363314826,False,143,time1,0.9544501740984658,5,time1,TIME1,0.9813277120466178,0.9818470638473855,1.0,1
0.0013617289806102664,False,143,time0,0.9167570894209441,4,time0,TIME0,0.9661784459909949,0.9701490135853443,1.0,6
0.0007494410221791498,False,143,time1,0.9457417077544712,6,time1,TIME1,0.9661516247765786,0.9327173727344338,1.0,8
0.006106624011950666,False,143,time1,0.8314649885702438,8,time1,TIME1,0.9196952760758953,0.9097600673672495,1.0,3
0.004552817016820802,False,143,time0,0.9092321759385985,0,time0,TIME0,0.851145394642258,0.9453241078077432,0.0,5
0.002706324651158338,False,143,time1,0.8843595867148792,7,time1,TIME1,0.8451748519101248,0.9360544138527711,0.0,7
0.0004069020712561883,False,144,goleiro_time1,0.979361267373099,9,goleiro1,GOL-TIME1,0.9830395507868359,0.9588552344961226,1.0,10
0.0008121660956424455,False,144,time0,0.9500156173414718,3,time0,TIME0,0.9799839008352852,0.9839564074029683,1.0,2
0.00024320323228678163,False,144,time1,0.9387176632840241,5,time1,TIME1,0.9769212766517866,0.9823965605183111,1.0,1
0.0011126200942094195,False,144,time0,0.9344689185390523,4,time0,TIME0,0.9721590207820879,0.9720394080998316,1.0,6
0.0009809078136921961,False,144,time1,0.9298155206039076,6,time1,TIME1,0.9602130398554376,0.9294469573240004,1.0,8
0.006136412113444216,False,144,time1,0.8466896699897893,8,time1,TIME1,0.9248070226382971,0.9073731985855215,1.0,3
0.0015945676837270952,False,144,time0,0.9538748596109027,0,time0,TIME0,0.8692315485151607,0.9462080309998553,0.0,5
0.0015758250074966893,False,144,time1,0.9166676715375925,7,time1,TIME1,0.8569194215671037,0.9364917304298542,0.0,7
0.00044424675299224335,False,145,time1,0.9711174490439756,5,time1,TIME1,0.9862423615463091,0.9823965605183111,1.0,1
0.0006329520793331659,False,145,goleiro_time1,0.9582438979128647,9,goleiro1,GOL-TIME1,0.9763924975814712,0.9588552344961226,1.0,10
0.002146647273213578,False,145,time0,0.9047512562339088,3,time0,TIME0,0.9645503753162626,0.9839564074029683,1.0,2
0.0015235978825808758,False,145,time0,0.9063424584290023,4,time0,TIME0,0.963187444349003,0.9720394080998316,1.0,6
0.0011213344819116405,False,145,time1,0.9215264667676905,6,time1,TIME1,0.957630624584536,0.9294469573240004,1.0,8
0.004144377849353284,False,145,time1,0.9064298664762778,8,time1,TIME1,0.9435886776598092,0.9073731985855215,1.0,3
0.0006418816264128182,False,145,time1,0.946800011404999,7,time1,TIME1,0.8669094565126256,0.9364917304298542,0.0,7
0.0023088183507283463,False,145,time0,0.9426104216914185,0,time0,TIME0,0.8666186769898057,0.9462080309998553,0.0,5
0.0005927029895171799,False,146,time1,0.9718777903821307,5,time1,TIME1,0.9859383129716767,0.9823965605183111,1.0,1
0.00023418485620359472,False,146,goleiro_time1,0.9817310696466945,9,goleiro1,GOL-TIME1,0.9837392833655306,0.9588552344961226,1.0,10
0.0012323348583954583,False,146,time0,0.9200238924189014,4,time0,TIME0,0.9676980197431037,0.9720394080998316,1.0,6
0.0021882998775197694,False,146,time0,0.8949961068758702,3,time0,TIME0,0.9623761678379189,0.9839564074029683,1.0,2
0.0012192501811254925,False,146,time1,0.9116813704847775,6,time1,TIME1,0.9545438534980285,0.9294469573240004,1.0,8
0.0042281999599710065,False,146,time1,0.9246825905578272,8,time1,TIME1,0.9496904150655638,0.9073731985855215,1.0,3
0.00037857638792043296,False,146,time1,0.9655975340524828,7,time1,TIME1,0.8730395384295643,0.9364917304298542,0.0,7
0.0022547120445900277,False,146,time0,0.9273216473922274,0,time0,TIME0,0.859717472690626,0.9462080309998553,0.0,5
0.0009320377378554395,False,147,time1,0.9645504420392177,5,time1,TIME1,0.983808245072391,0.9822906510528859,1.0,1
0.000571792918069249,False,147,time0,0.965875319329578,4,time0,TIME0,0.9819946880370104,0.9731182658107747,1.0,6
0.000416808142114874,False,147,goleiro_time1,0.9756526530127665,9,goleiro1,GOL-TIME1,0.9816335970411029,0.9578820098079536,1.0,10
0.0010872335604828482,False,147,time1,0.9209892108844281,6,time1,TIME1,0.9571909064291381,0.9283247614364147,1.0,8
0.0025888039065393455,False,147,time0,0.8656871514196526,3,time0,TIME0,0.9529714073742659,0.9837394377535594,1.0,2
0.006004067450511333,False,147,time1,0.9079335543665941,8,time1,TIME1,0.941960355832893,0.9049994992552046,1.0,3
0.0002792459183938131,False,147,time1,0.9762668978880443,7,time1,TIME1,0.87611902655158,0.9351676777175922,0.0,7
0.0016083205672326047,False,147,time0,0.9525108567559625,0,time0,TIME0,0.8692223262575824,0.9496399501597135,0.0,5
0.0005021836103606558,False,148,time0,0.9684155566720676,4,time0,TIME0,0.9828531028454164,0.9731182658107747,1.0,6
0.000568362652029009,False,148,goleiro_time1,0.9596344587395822,9,goleiro1,GOL-TIME1,0.9767124257178342,0.9578820098079536,1.0,10
0.002583483365797633,False,148,time1,0.9137970330759976,5,time1,TIME1,0.9662371474146282,0.9822906510528859,1.0,1
0.0012663049308869697,False,148,time1,0.905683476699093,6,time1,TIME1,0.952488137958578,0.9283247614364147,1.0,8
0.004892466657618135,False,148,time1,0.9159294294509206,8,time1,TIME1,0.9457774954044863,0.9049994992552046,1.0,3
0.003732758046179553,False,148,time0,0.8023270914047349,3,time0,TIME0,0.9322602220933925,0.9837394377535594,1.0,2
0.0020944968827034983,False,148,time0,0.9431320265766809,0,time0,TIME0,0.8681053268399253,0.9496399501597135,0.0,5
0.0009114159886315917,False,148,time1,0.9360242787286046,7,time1,TIME1,0.8629644908138723,0.9351676777175922,0.0,7
0.0003159783753772099,False,149,goleiro_time1,0.9742970913859575,9,goleiro1,GOL-TIME1,0.9812702327168809,0.9578820098079536,1.0,10
0.00020139212651768822,False,149,time1,0.955645240071827,5,time1,TIME1,0.9803572581257921,0.9822906510528859,1.0,1
0.0008802087876627497,False,149,time0,0.9423301453649431,4,time0,TIME0,0.9748744649702,0.9731182658107747,1.0,6
0.0033237593344558375,False,149,time1,0.9277629726297238,8,time1,TIME1,0.9503890331703772,0.9049994992552046,1.0,3
0.0025023719602941695,False,149,time0,0.8462155921702533,3,time0,TIME0,0.9466010732524445,0.9837394377535594,1.0,2
0.0018490396448914504,False,149,time1,0.866271600378253,6,time1,TIME1,0.9398812494464774,0.9283247614364147,1.0,8
0.00025211243230257224,False,149,time1,0.96561225122003,7,time1,TIME1,0.8726182368968661,0.9351676777175922,0.0,7
0.0014013891960939567,False,149,time0,0.9490040130691461,0,time0,TIME0,0.8702343514418808,0.9496399501597135,0.0,5
0.0003740040617491569,False,150,goleiro_time1,0.9732722866614915,9,goleiro1,GOL-TIME1,0.9807320742392028,0.9567236232816049,1.0,10
0.000798682161358725,False,150,time0,0.9488305840314668,4,time0,TIME0,0.9772801537740801,0.9736734353144119,1.0,6
0.002547721452937534,False,150,time1,0.8943035081240825,5,time1,TIME1,0.9596329522259365,0.9813623758776115,1.0,1
0.003480907501152403,False,150,time1,0.8979952514303943,8,time1,TIME1,0.9408234391093778,0.9024880532494768,1.0,3
0.0021503963279591617,False,150,time1,0.8507921207105003,6,time1,TIME1,0.9355600372095817,0.9299314453533956,1.0,8
0.0037029418051295984,False,150,time0,0.7673973978469795,3,time0,TIME0,0.9217656639629858,0.9834383710934607,1.0,2
0.0007191832065517706,False,150,time0,0.9696114612059243,0,time0,TIME0,0.8782360182103695,0.9540400381095376,0.0,5
0.001026655264600558,False,150,time1,0.9545908234097362,7,time1,TIME1,0.8682202373789023,0.9339430594726744,0.0,7
0.00042046195528493515,False,151,goleiro_time1,0.967617775085555,9,goleiro1,GOL-TIME1,0.9790365196291192,0.9567236232816049,1.0,10
0.0008013731687834998,False,151,time0,0.9493863784884953,4,time0,TIME0,0.9773529599781922,0.9736734353144119,1.0,6
0.0018892854878355435,False,151,time1,0.9199619041687339,5,time1,TIME1,0.9690975515622844,0.9813623758776115,1.0,1
0.001907880756082015,False,151,time1,0.8711386964631757,6,time1,TIME1,0.9419074598303151,0.9299314453533956,1.0,8
0.002568273502644749,False,151,time0,0.8279291646120003,3,time0,TIME0,0.9410739964989886,0.9834383710934607,1.0,2
0.0035929996924247156,False,151,time1,0.8879923070970195,8,time1,TIME1,0.9381916964874756,0.9024880532494768,1.0,3
0.0007448817105527108,False,151,time0,0.9674468174121911,0,time0,TIME0,0.8778627930188125,0.9540400381095376,0.0,5
0.002806598012282635,False,151,time1,0.8979876253299136,7,time1,TIME1,0.8491164907232456,0.9339430594726744,0.0,7
0.0002179145241046147,False,152,time0,0.9788965178025509,4,time0,TIME0,0.9864783949782719,0.9736734353144119,1.0,6
0.00047710515066218224,False,152,time1,0.962639971417293,5,time1,TIME1,0.982158154430188,0.9813623758776115,1.0,1
0.0004167143345744371,False,152,goleiro_time1,0.9696288902634902,9,goleiro1,GOL-TIME1,0.9796594138530239,0.9567236232816049,1.0,10
0.0014430956984735695,False,152,time0,0.8985589704709951,3,time0,TIME0,0.963348191387659,0.9834383710934607,1.0,2
0.0014530731193421,False,152,time1,0.9086844602292775,6,time1,TIME1,0.9532965726433585,0.9299314453533956,1.0,8
0.00359079484995136,False,152,time1,0.8857422736859631,8,time1,TIME1,0.9374397427335779,0.9024880532494768,1.0,3
0.0004867189218787163,False,152,time0,0.9809469900591489,0,time0,TIME0,0.8820511256985077,0.9540400381095376,0.0,5
0.0013764356868488255,False,152,time1,0.9554749720614204,7,time1,TIME1,0.8678705209450591,0.9339430594726744,0.0,7
0.0004735604323877201,False,153,time0,0.9712486964118996,4,time0,TIME0,0.9842850417300787,0.9746784957757058,1.0,6
0.0005372964194148474,False,153,time0,0.9762591090238346,0,time0,TIME0,0.9823640789186293,0.9604702112793307,1.0,5
0.0007623458768607846,False,153,time1,0.9568630145403395,5,time1,TIME1,0.9812850144914267,0.980638576083316,1.0,1
0.0005651841809040577,False,153,goleiro_time1,0.9497900663861177,9,goleiro1,GOL-TIME1,0.9738109273356301,0.9580082226495262,1.0,10
0.0010832043006929132,False,153,time1,0.9391246453962443,6,time1,TIME1,0.9633578608898311,0.9317375051515764,1.0,8
0.0023132879945760116,False,153,time1,0.9445339727484177,8,time1,TIME1,0.9539166416474091,0.8982395983544291,1.0,3
0.0022887695661645193,False,153,time0,0.854684107253775,3,time0,TIME0,0.9497251670239799,0.9839151299938966,1.0,2
0.0007847799217461453,False,153,time1,0.9726191726475301,7,time1,TIME1,0.8744630824194146,0.935185413110821,0.0,7
0.0003430905132857555,False,154,time0,0.9795600959037618,4,time0,TIME0,0.9870460277057926,0.9746784957757058,1.0,6
0.0004147985719286062,False,154,time1,0.9728628977303082,5,time1,TIME1,0.9862123285037728,0.980638576083316,1.0,1
0.0007618631211248529,False,154,time0,0.9692918459385251,0,time0,TIME0,0.9799990013858274,0.9604702112793307,1.0,5
0.0008075200384219365,False,154,goleiro_time1,0.9527829444050299,9,goleiro1,GOL-TIME1,0.9744298354167145,0.9580082226495262,1.0,10
0.001003130595446397,False,154,time1,0.933758280369644,6,time1,TIME1,0.9620026266691436,0.9317375051515764,1.0,8
0.0025911503126272283,False,154,time0,0.8548197461734167,3,time0,TIME0,0.9497773663763835,0.9839151299938966,1.0,2
0.006525425029918825,False,154,time1,0.9068489804669679,8,time1,TIME1,0.9376782897118562,0.8982395983544291,1.0,3
0.0005755862385016386,False,154,time1,0.9661483237577253,7,time1,TIME1,0.8725156525710958,0.935185413110821,0.0,7
0.00014375141092316741,False,155,time0,0.9909325891165621,4,time0,TIME0,0.9905807081797949,0.9746784957757058,1.0,6
0.0006860142996998143,False,155,time0,0.9715906455701269,0,time0,TIME0,0.9809152497456579,0.9604702112793307,1.0,5
0.0007199090988779435,False,155,goleiro_time1,0.954676584133652,9,goleiro1,GOL-TIME1,0.9751837780995025,0.9580082226495262,1.0,10
0.0011818291167281587,False,155,time1,0.9311588733678211,5,time1,TIME1,0.9728816855180197,0.980638576083316,1.0,1
0.0010096919823964843,False,155,time1,0.9300055695201804,6,time1,TIME1,0.9609394004705,0.9317375051515764,1.0,8
0.0027112871701593347,False,155,time0,0.8677168803011658,3,time0,TIME0,0.9536577400719801,0.9839151299938966,1.0,2
0.006617789011112196,False,155,time1,0.9046210861103122,8,time1,TIME1,0.9397763164046199,0.8982395983544291,1.0,3
0.0008022936569651162,False,155,time1,0.9556874244599964,7,time1,TIME1,0.869607681388139,0.935185413110821,0.0,7
0.00038127407848985385,False,156,time0,0.9763385804270704,4,time0,TIME0,0.9861128535471345,0.9756561507382395,1.0,6
0.0006076825953383311,False,156,time0,0.9752281235830763,0,time0,TIME0,0.9830472044212691,0.9643540889642678,1.0,5
0.00036790581401731533,False,156,goleiro_time1,0.9691747496963176,9,goleiro1,GOL-TIME1,0.9798964958966381,0.9590008784528559,1.0,10
0.0004740882655284307,False,156,time1,0.963923206294719,6,time1,TIME1,0.9715454607362524,0.9327329959741291,1.0,8
0.0024762010905473543,False,156,time0,0.8884964250218425,3,time0,TIME0,0.9601333055178032,0.9840273193930328,1.0,2
0.005441007914344878,False,156,time1,0.9120518755251436,8,time1,TIME1,0.9415531794736536,0.8950014975331203,1.0,3
0.008633232355717904,False,156,time1,0.7051647813343884,5,time1,TIME1,0.8924176295369871,0.9800871374045579,1.0,1
0.0019426318094928144,False,156,time1,0.8819238422179488,7,time1,TIME1,0.8461415919110555,0.9370429357230023,0.0,7
0.00035649268051230826,False,157,goleiro_time1,0.9653285381693609,9,goleiro1,GOL-TIME1,0.9789190595829281,0.9590008784528559,1.0,10
0.001124951064283997,False,157,time0,0.9635906969676645,0,time0,TIME0,0.9787464013035728,0.9643540889642678,1.0,5
0.001545903567797407,False,157,time0,0.9302404544859623,3,time0,TIME0,0.9729885070572757,0.9840273193930328,1.0,2
0.0011059067536547476,False,157,time0,0.931887319774107,4,time0,TIME0,0.9718845919391755,0.9756561507382395,1.0,6
0.0005507289448935982,False,157,time1,0.9592914823114143,6,time1,TIME1,0.9703761075658561,0.9327329959741291,1.0,8
0.0013855213002374597,False,157,time1,0.8990827038932465,5,time1,TIME1,0.9582624401397196,0.9800871374045579,1.0,1
0.005144128234701123,False,157,time1,0.9100576369258981,8,time1,TIME1,0.9418886873669673,0.8950014975331203,1.0,3
0.001881292987984161,False,157,time1,0.9084114430307016,7,time1,TIME1,0.8544225276590327,0.9370429357230023,0.0,7
0.0008139927316548183,False,158,time0,0.9720958023552135,3,time0,TIME0,0.9860744331511344,0.9840273193930328,1.0,2
0.0003613289773684711,False,158,goleiro_time1,0.971902935331477,9,goleiro1,GOL-TIME1,0.9807621465427792,0.9590008784528559,1.0,10
0.001962451364901008,False,158,time0,0.9619458866900139,0,time0,TIME0,0.9771924146945182,0.9643540889642678,1.0,5
0.0005497255532496515,False,158,time1,0.9564340117497268,6,time1,TIME1,0.9695169874700966,0.9327329959741291,1.0,8
0.0013849483355774389,False,158,time0,0.9131069656850447,4,time0,TIME0,0.966320271861535,0.9756561507382395,1.0,6
0.0027657365624276617,False,158,time1,0.8845585479965932,5,time1,TIME1,0.9553236901085237,0.9800871374045579,1.0,1
0.006297259116601089,False,158,time1,0.8921027947979044,8,time1,TIME1,0.93483185688579,0.8950014975331203,1.0,3
0.0012204871310875964,False,158,time1,0.9296447734828727,7,time1,TIME1,0.8615184932331676,0.9370429357230023,0.0,7
0.00029234958986435204,False,159,time0,0.9876234983482864,3,time0,TIME0,0.9916433885694832,0.9839629690102043,1.0,2
0.0015938345400536948,False,159,time0,0.9709824264004494,0,time0,TIME0,0.9813247177687906,0.9669234898841033,1.0,5
0.0008134253407915468,False,159,time0,0.9447452276364029,4,time0,TIME0,0.9764131378190285,0.9767396228424878,1.0,6
0.0004961326316721206,False,159,goleiro_time1,0.9548689605421098,9,goleiro1,GOL-TIME1,0.9758036326656471,0.9598044957200644,1.0,10
0.0011374456767019733,False,159,time1,0.9130794661291373,6,time1,TIME1,0.9557669721528194,0.933118250774897,1.0,8
0.008485470246289121,False,159,time1,0.8695203530510424,8,time1,TIME1,0.9244923842548407,0.891404229830147,1.0,3
0.0051568239367183275,False,159,time1,0.7814753169875741,5,time1,TIME1,0.9227007946510968,0.9790110100012397,1.0,1
0.001635718321638656,False,159,time1,0.9240758542584214,7,time1,TIME1,0.8599296050510954,0.9383993706750307,0.0,7
0.000582856796387651,False,160,time0,0.9729068547409343,3,time0,TIME0,0.9871157984160349,0.9839629690102043,1.0,2
0.0016677680858636864,False,160,time0,0.9707557560882478,0,time0,TIME0,0.9813413929172151,0.9669234898841033,1.0,5
0.000266104393808457,False,160,goleiro_time1,0.9656821436001678,9,goleiro1,GOL-TIME1,0.9792544559255324,0.9598044957200644,1.0,10
0.0007790455671816924,False,160,time0,0.9467932326766064,4,time0,TIME0,0.9774869354248968,0.9767396228424878,1.0,6
0.0011054369312918555,False,160,time1,0.9166225414418794,6,time1,TIME1,0.9572376580897163,0.933118250774897,1.0,8
0.0027807301839124837,False,160,time1,0.8827764600387279,5,time1,TIME1,0.9554200608726188,0.9790110100012397,1.0,1
0.005783878452059895,False,160,time1,0.8817067308875548,8,time1,TIME1,0.9298736505487573,0.891404229830147,1.0,3
0.0020405704532680423,False,160,time1,0.920390661051861,7,time1,TIME1,0.858522510981951,0.9383993706750307,0.0,7
0.0009617751881474617,False,161,time0,0.9833723760503102,0,time0,TIME0,0.9853868179288069,0.9669234898841033,1.0,5
0.0007080516850689346,False,161,time0,0.952151414632067,4,time0,TIME0,0.9790289695192366,0.9767396228424878,1.0,6
0.0011471374810729982,False,161,time0,0.946687125710315,3,time0,TIME0,0.9785259617432104,0.9839629690102043,1.0,2
0.0018856676067144297,False,161,time1,0.9354585124572852,5,time1,TIME1,0.973035293085785,0.9790110100012397,1.0,1
0.0006265041705557327,False,161,goleiro_time1,0.9391870047067734,9,goleiro1,GOL-TIME1,0.9708316142369043,0.9598044957200644,1.0,10
0.0013650771549061495,False,161,time1,0.9003121170505225,6,time1,TIME1,0.9519357825878062,0.933118250774897,1.0,8
0.0048577156042073355,False,161,time1,0.8756810644907869,8,time1,TIME1,0.9294952495627293,0.891404229830147,1.0,3
0.002470045237896681,False,161,time1,0.9105388271729346,7,time1,TIME1,0.8552200196612776,0.9383993706750307,0.0,7
0.0006981091680732519,False,162,time0,0.9869902710562872,0,time0,TIME0,0.9879280950847251,0.970590896677577,1.0,5
0.0009305640909323485,False,162,time0,0.9361004031131327,4,time0,TIME0,0.9742726493273335,0.9779100150492006,1.0,6
0.0006771425469398542,False,162,goleiro_time1,0.9322620401814052,9,goleiro1,GOL-TIME1,0.969197196500509,0.9607670214313366,1.0,10
0.0027683139293361875,False,162,time1,0.9103479294915907,5,time1,TIME1,0.9643884954477847,0.9776164194385853,1.0,1
0.001792715508792205,False,162,time0,0.9026093395661847,3,time0,TIME0,0.964374728694349,0.98360238713335,1.0,2
0.0012738048802722103,False,162,time1,0.9113320293302838,6,time1,TIME1,0.9554370209944177,0.9334714454967223,1.0,8
0.005061123037051636,False,162,time1,0.8658745538345176,8,time1,TIME1,0.9265637965060007,0.8874687231806511,1.0,3
0.0009012263846848648,False,162,time1,0.9508217157789749,7,time1,TIME1,0.8682066540566125,0.9400019261630883,0.0,7
0.0004781519962749612,False,163,time1,0.9676350518736697,5,time1,TIME1,0.9826583347275701,0.9776164194385853,1.0,1
0.0014739582981055193,False,163,time0,0.9710468021440767,0,time0,TIME0,0.9820880757969065,0.970590896677577,1.0,5
0.0009882180375298327,False,163,time0,0.932012340440849,4,time0,TIME0,0.9731345796916346,0.9779100150492006,1.0,6
0.0006980582462990661,False,163,goleiro_time1,0.932427456084934,9,goleiro1,GOL-TIME1,0.9691720083437122,0.9607670214313366,1.0,10
0.001955214303910023,False,163,time0,0.897423318664055,3,time0,TIME0,0.963127325701836,0.98360238713335,1.0,2
0.0013122658095077533,False,163,time1,0.9197511688633778,6,time1,TIME1,0.9578588723930715,0.9334714454967223,1.0,8
0.0049434226321879065,False,163,time1,0.8648650747091599,8,time1,TIME1,0.9265063827447803,0.8874687231806511,1.0,3
0.0008836162173706768,False,163,time1,0.9480252527295627,7,time1,TIME1,0.8682464619319115,0.9400019261630883,0.0,7
0.0007613295518437982,False,164,time0,0.9497046482485352,4,time0,TIME0,0.9784839715681518,0.9779100150492006,1.0,6
0.001974864805521663,False,164,time0,0.9565197364516392,0,time0,TIME0,0.9774564044633743,0.970590896677577,1.0,5
0.0014646104456970078,False,164,time1,0.9393184722993595,5,time1,TIME1,0.9736201019245937,0.9776164194385853,1.0,1
0.0008091676094494199,False,164,goleiro_time1,0.9228062937587617,9,goleiro1,GOL-TIME1,0.9662043456257118,0.9607670214313366,1.0,10
0.0017429708338965839,False,164,time0,0.9007569295384189,3,time0,TIME0,0.9642033700855219,0.98360238713335,1.0,2
0.0015897860154905291,False,164,time1,0.9016298754310871,6,time1,TIME1,0.9522076193505565,0.9334714454967223,1.0,8
0.00488000776079098,False,164,time1,0.8656774130336109,8,time1,TIME1,0.9268007808752527,0.8874687231806511,1.0,3
0.0010392730416923354,False,164,time1,0.9419544315988937,7,time1,TIME1,0.8665208171436318,0.9400019261630883,0.0,7
0.0006351678529418939,False,165,time0,0.9625367957402464,4,time0,TIME0,0.9826831204111323,0.9786089530350619,1.0,6
0.0007206775252259125,False,165,time1,0.9634689414335221,5,time1,TIME1,0.9819280593800693,0.9762554543105484,1.0,1
0.002106733693493184,False,165,time0,0.9589941610624867,0,time0,TIME0,0.9790201790204776,0.9734704350522153,1.0,5
0.0008288816415210965,False,165,goleiro_time1,0.921712895269329,9,goleiro1,GOL-TIME1,0.9659903891594148,0.9612238910834344,1.0,10
0.00124638861869637,False,165,time1,0.9189614572863043,6,time1,TIME1,0.9577151853395228,0.9337434820571742,1.0,8
0.0021908079778279153,False,165,time0,0.862820589896425,3,time0,TIME0,0.952302772119007,0.9830359782027365,1.0,2
0.007355539779270286,False,165,time1,0.8744991135491132,8,time1,TIME1,0.923138559629349,0.8836755617630498,1.0,3
0.0009565089783954229,False,165,time1,0.946588670114181,7,time1,TIME1,0.8683998161463904,0.9413969915238145,0.0,7
0.0007112455247208452,False,166,time1,0.9700602911031649,5,time1,TIME1,0.9841869227101044,0.9762554543105484,1.0,1
0.0016901771298354724,False,166,time0,0.9695526844614073,0,time0,TIME0,0.9824088812565211,0.9734704350522153,1.0,5
0.0007937979460848772,False,166,time0,0.9482201119765741,4,time0,TIME0,0.9781151298910098,0.9786089530350619,1.0,6
0.0006297592678573546,False,166,goleiro_time1,0.9372590755046802,9,goleiro1,GOL-TIME1,0.9707108488948175,0.9612238910834344,1.0,10
0.0012351295492626774,False,166,time1,0.9333265487153801,6,time1,TIME1,0.962019568794611,0.9337434820571742,1.0,8
0.0016285162186350506,False,166,time0,0.88617834663451,3,time0,TIME0,0.9597381105623589,0.9830359782027365,1.0,2
0.006842668657158138,False,166,time1,0.8815220662589853,8,time1,TIME1,0.9287570578484304,0.8836755617630498,1.0,3
0.0011422319987882523,False,166,time1,0.9364282071763883,7,time1,TIME1,0.8650896361260287,0.9413969915238145,0.0,7
0.0005020766259317872,False,167,time1,0.9817068206268884,5,time1,TIME1,0.9879535259690504,0.9762554543105484,1.0,1
0.0010306769483560765,False,167,time0,0.9748433767062447,0,time0,TIME0,0.9844092485510724,0.9734704350522153,1.0,5
0.0008714008900500154,False,167,time0,0.9447916246969891,4,time0,TIME0,0.977227904316668,0.9786089530350619,1.0,6
0.0003654277202169126,False,167,goleiro_time1,0.9481888272005919,9,goleiro1,GOL-TIME1,0.9742447250139362,0.9612238910834344,1.0,10
0.0009032518374861417,False,167,time0,0.9270846339435144,3,time0,TIME0,0.9725679018943955,0.9830359782027365,1.0,2
0.0009724227633746718,False,167,time1,0.9505410771085088,6,time1,TIME1,0.9675285226292002,0.9337434820571742,1.0,8
0.00337731908382553,False,167,time1,0.9217017353298175,8,time1,TIME1,0.9418060188141423,0.8836755617630498,1.0,3
0.0011921604466330073,False,167,time1,0.9295478613223175,7,time1,TIME1,0.8630466564629977,0.9413969915238145,0.0,7
0.00011444533461937299,False,168,time1,0.9921524193870958,5,time1,TIME1,0.9907595008155957,0.9741778317805081,1.0,1
0.0007052915733873741,False,168,time0,0.9834050982939385,0,time0,TIME0,0.9877809079553784,0.9744915327693224,1.0,5
0.00014023977015611345,False,168,goleiro_time1,0.9602259568572906,9,goleiro1,GOL-TIME1,0.9781496097546093,0.96196215656148,1.0,10
0.00093601017738725,False,168,time0,0.9439596383219577,4,time0,TIME0,0.9768606094759237,0.9790499258324905,1.0,6
0.0010750852810667735,False,168,time0,0.9235324152443621,3,time0,TIME0,0.9717237521082619,0.9831212346123765,1.0,2
0.0007392451409467635,False,168,time1,0.9602899611591688,6,time1,TIME1,0.9707252982378536,0.9339063861700265,1.0,8
0.0028524912477389847,False,168,time1,0.9281801669859436,8,time1,TIME1,0.9449754692782077,0.8784829135410033,1.0,3
0.0012641445705585458,False,168,time1,0.9284108367476247,7,time1,TIME1,0.8628665829402391,0.9424423404101572,0.0,7
0.0006342250154587486,False,169,time0,0.9796757002626709,0,time0,TIME0,0.9868218775996094,0.9744915327693224,1.0,5
0.00021116936420539318,False,169,goleiro_time1,0.9838734021791365,9,goleiro1,GOL-TIME1,0.9853403001453591,0.96196215656148,1.0,10
0.0006225929886736335,False,169,time1,0.9753871298527509,5,time1,TIME1,0.9851439569373923,0.9741778317805081,1.0,1
0.0004826420413010198,False,169,time0,0.970083347959454,4,time0,TIME0,0.9850392276395322,0.9790499258324905,1.0,6
0.0010087061238607592,False,169,time1,0.948967005270892,6,time1,TIME1,0.9670627362894288,0.9339063861700265,1.0,8
0.0019378493836528065,False,169,time0,0.8744295153670956,3,time0,TIME0,0.9557125445474924,0.9831212346123765,1.0,2
0.003036616374244291,False,169,time1,0.9276567569917475,8,time1,TIME1,0.944831919494636,0.8784829135410033,1.0,3
0.001138605459342091,False,169,time1,0.9321342559101989,7,time1,TIME1,0.8640206414367544,0.9424423404101572,0.0,7
0.0005167232109257973,False,170,time0,0.9833364253985342,0,time0,TIME0,0.9880738508480192,0.9744915327693224,1.0,5
0.0005995265613726132,False,170,time0,0.9645563151910487,4,time0,TIME0,0.9834807304796699,0.9790499258324905,1.0,6
0.0006766448555932154,False,170,time1,0.9621332016942751,5,time1,TIME1,0.9814107498708857,0.9741778317805081,1.0,1
0.0003526839374384278,False,170,goleiro_time1,0.9620465756919003,9,goleiro1,GOL-TIME1,0.9786720018573342,0.96196215656148,1.0,10
0.0007193694146548241,False,170,time1,0.9674237707416858,6,time1,TIME1,0.9728380257070265,0.9339063861700265,1.0,8
0.0013066340019805822,False,170,time0,0.9144838405540058,3,time0,TIME0,0.9685050140858126,0.9831212346123765,1.0,2
0.0030343165066535386,False,170,time1,0.9310806109916334,8,time1,TIME1,0.9460605592845168,0.8784829135410033,1.0,3
0.0015829754852371986,False,170,time1,0.9066213677210457,7,time1,TIME1,0.8558545315594049,0.9424423404101572,0.0,7
0.0004731067902697607,False,171,time0,0.9806304107272882,0,time0,TIME0,0.9875728938601727,0.975832373581369,1.0,5
0.0007509699741534819,False,171,time0,0.9584358527747721,4,time0,TIME0,0.9816178639840093,0.9795186477723541,1.0,6
0.0003037531180400095,False,171,goleiro_time1,0.9692839568094954,9,goleiro1,GOL-TIME1,0.980906130669884,0.9618201760148872,1.0,10
0.0007323272474628436,False,171,time0,0.9519445678525227,3,time0,TIME0,0.9803210282271222,0.9832034450957416,1.0,2
0.0006864249207651937,False,171,time1,0.9527934067383618,5,time1,TIME1,0.9781730817896469,0.9728993077336616,1.0,1
0.0005101273530191142,False,171,time1,0.9770022393726847,6,time1,TIME1,0.9762382101776605,0.934975907492131,1.0,8
0.0013573761159216798,False,171,time1,0.9195763323307341,7,time1,TIME1,0.9599825980332105,0.9420083725709081,1.0,7
0.0038746848774425463,False,171,time1,0.9175884078812858,8,time1,TIME1,0.9394243823289091,0.873009709033542,1.0,3
0.0004887343093771255,False,172,time0,0.9792469200268863,0,time0,TIME0,0.9872009770447326,0.975832373581369,1.0,5
7.270961715704117e-05,False,172,goleiro_time1,0.9846210654791887,9,goleiro1,GOL-TIME1,0.9856145523414132,0.9618201760148872,1.0,10
0.0007113314044824105,False,172,time0,0.9577575400323467,4,time0,TIME0,0.9813999159054821,0.9795186477723541,1.0,6
0.0007779335135583991,False,172,time1,0.9477360193747435,5,time1,TIME1,0.9766763208427394,0.9728993077336616,1.0,1
0.0003317185879965215,False,172,time1,0.9770167024019837,6,time1,TIME1,0.9763417606823395,0.934975907492131,1.0,8
0.0010749588695210795,False,172,time0,0.9329554204254441,3,time0,TIME0,0.974445903673622,0.9832034450957416,1.0,2
0.0010972291638339786,False,172,time1,0.9341546968178052,7,time1,TIME1,0.9645736387996103,0.9420083725709081,1.0,7
0.0037348637508311145,False,172,time1,0.9080626679058549,8,time1,TIME1,0.9367111718399134,0.873009709033542,1.0,3
0.00031303284025330317,False,173,time0,0.9831971605858795,0,time0,TIME0,0.9884827332722858,0.975832373581369,1.0,5
0.0002464098429681374,False,173,goleiro_time1,0.9899221783603706,9,goleiro1,GOL-TIME1,0.9870882049786177,0.9618201760148872,1.0,10
0.0006315143644590221,False,173,time1,0.9520711120295029,5,time1,TIME1,0.9781294475964364,0.9728993077336616,1.0,1
0.00036462955793385845,False,173,time1,0.9754355670476254,6,time1,TIME1,0.976003916797848,0.934975907492131,1.0,8
0.0011747005012583943,False,173,time0,0.9350901063994012,4,time0,TIME0,0.973984010578973,0.9795186477723541,1.0,6
0.0010975389154125543,False,173,time0,0.9310001755799993,3,time0,TIME0,0.9738794490004692,0.9832034450957416,1.0,2
0.0012974387525510336,False,173,time1,0.9223982581191799,7,time1,TIME1,0.9609054473240507,0.9420083725709081,1.0,7
0.005603404324769009,False,173,time1,0.861269839993128,8,time1,TIME1,0.9199122230382507,0.873009709033542,1.0,3
0.0002808960869188108,False,174,time0,0.9899581605928732,0,time0,TIME0,0.9909876633639262,0.9774606910098671,1.0,5
0.0005488942458160248,False,174,time1,0.9607290087674698,5,time1,TIME1,0.9798988568078577,0.9695077553782614,1.0,1
0.00035958321552349544,False,174,goleiro_time1,0.9626486612193449,9,goleiro1,GOL-TIME1,0.9785330333358577,0.9610820641353923,1.0,10
0.0012003669153421272,False,174,time0,0.9270210536414909,3,time0,TIME0,0.9726997875675701,0.9834035915360559,1.0,2
0.0008423196325675334,False,174,time1,0.9452470388683457,6,time1,TIME1,0.9666329604479603,0.9366022622686214,1.0,8
0.0019429625575096302,False,174,time0,0.8958032859396712,4,time0,TIME0,0.9615294328723868,0.980357589707691,1.0,6
0.0013703719371308451,False,174,time1,0.9189291180969262,7,time1,TIME1,0.959622191474587,0.940956322320412,1.0,7
0.0059189859865154465,False,174,time1,0.8533129562381263,8,time1,TIME1,0.9171715054720487,0.8676076978128782,1.0,3
0.0003648437703069877,False,175,time0,0.9870105370591472,0,time0,TIME0,0.9900390005809386,0.9774606910098671,1.0,5
0.0008067658983102959,False,175,time0,0.9498914318537284,3,time0,TIME0,0.9797492395127131,0.9834035915360559,1.0,2
0.0006119284755980491,False,175,time1,0.9562831326997691,5,time1,TIME1,0.9784597075484968,0.9695077553782614,1.0,1
0.0005304473596150555,False,175,goleiro_time1,0.9436654309579704,9,goleiro1,GOL-TIME1,0.9727612162450169,0.9610820641353923,1.0,10
0.0007746161304309665,False,175,time1,0.9485761733807944,6,time1,TIME1,0.9679587760913898,0.9366022622686214,1.0,8
0.0015185299484724256,False,175,time0,0.9128343232806287,4,time0,TIME0,0.9672583611429143,0.980357589707691,1.0,6
0.0012980573898756802,False,175,time1,0.9265208407071727,7,time1,TIME1,0.9618609388669865,0.940956322320412,1.0,7
0.00545297631705809,False,175,time1,0.8627009154425803,8,time1,TIME1,0.9202711762999916,0.8676076978128782,1.0,3
0.0003025696602923399,False,176,time0,0.9890779787590805,0,time0,TIME0,0.9907617393086253,0.9774606910098671,1.0,5
0.00045176209796170914,False,176,time0,0.9696328094863986,3,time0,TIME0,0.9860879814013287,0.9834035915360559,1.0,2
0.00047998967165176963,False,176,goleiro_time1,0.9675870261448148,9,goleiro1,GOL-TIME1,0.979822178653635,0.9610820641353923,1.0,10
0.0008193600273517872,False,176,time0,0.9478134828414283,4,time0,TIME0,0.9781664740026975,0.980357589707691,1.0,6
0.0008094148046295271,False,176,time1,0.9439816986445945,5,time1,TIME1,0.9746324478657158,0.9695077553782614,1.0,1
0.0008281674920482692,False,176,time1,0.9446983480112622,6,time1,TIME1,0.9667376331016072,0.9366022622686214,1.0,8
0.0014160086697076618,False,176,time1,0.9196477467024519,7,time1,TIME1,0.9597413458394922,0.940956322320412,1.0,7
0.005573299761494971,False,176,time1,0.8585965837100068,8,time1,TIME1,0.9191040374654694,0.8676076978128782,1.0,3
0.0006663923705608309,False,177,time0,0.983873900611347,0,time0,TIME0,0.9889339342897661,0.9787179733436511,1.0,5
0.00034921535830985243,False,177,time0,0.9750840758974896,3,time0,TIME0,0.9878166348945081,0.9835565257141732,1.0,2
0.00043001425239363165,False,177,time0,0.9754067709521814,4,time0,TIME0,0.9869780460658327,0.9806358972658167,1.0,6
0.0003015179443717217,False,177,goleiro_time1,0.9748877780253741,9,goleiro1,GOL-TIME1,0.9821797108500098,0.9604770173562642,1.0,10
0.0008444555872422296,False,177,time1,0.939190372162115,5,time1,TIME1,0.972193613287852,0.9657835907605956,1.0,1
0.0007253739630752919,False,177,time1,0.9434197930496929,6,time1,TIME1,0.9669800090157856,0.9392595875937039,1.0,8
0.0016486691195575743,False,177,time1,0.9061790622685628,7,time1,TIME1,0.9548212779214192,0.9387770816866353,1.0,7
0.004062051031471272,False,177,time1,0.8912141583361916,8,time1,TIME1,0.9280939939408669,0.8621381561831247,1.0,3
0.0002689010598560776,False,178,time0,0.9835616257215193,4,time0,TIME0,0.9898231556414117,0.9806358972658167,1.0,6
0.0007874131889657594,False,178,time0,0.9802356072995123,0,time0,TIME0,0.9879214385108653,0.9787179733436511,1.0,5
0.0005074837499239747,False,178,time0,0.9637810595801736,3,time0,TIME0,0.9844517777554262,0.9835565257141732,1.0,2
0.0003005223722775837,False,178,goleiro_time1,0.9750824499127236,9,goleiro1,GOL-TIME1,0.9823700371498302,0.9604770173562642,1.0,10
0.0008901291718150298,False,178,time1,0.940628132872735,6,time1,TIME1,0.9659099384514218,0.9392595875937039,1.0,8
0.0015474013498015678,False,178,time1,0.910010498103776,5,time1,TIME1,0.9623660571181298,0.9657835907605956,1.0,1
0.0019793424583199977,False,178,time1,0.8889711786504939,7,time1,TIME1,0.9493592675950938,0.9387770816866353,1.0,7
0.003915649577823711,False,178,time1,0.8919308839354806,8,time1,TIME1,0.929080677621145,0.8621381561831247,1.0,3
0.0004364437351730731,False,179,time0,0.9788470822464277,4,time0,TIME0,0.9883018369429579,0.9806358972658167,1.0,6
0.00018798745649405138,False,179,goleiro_time1,0.985781199926938,9,goleiro1,GOL-TIME1,0.9856041938644863,0.9604770173562642,1.0,10
0.001017530796978273,False,179,time0,0.9629011849031589,3,time0,TIME0,0.9833990142713621,0.9835565257141732,1.0,2
0.002096175082555837,False,179,time0,0.9607307014636172,0,time0,TIME0,0.980062607862696,0.9787179733436511,1.0,5
0.0009608006936633613,False,179,time1,0.9479763514101621,6,time1,TIME1,0.9681039813632433,0.9392595875937039,1.0,8
0.0013172312506934535,False,179,time1,0.9217618425121868,5,time1,TIME1,0.9666190568149763,0.9657835907605956,1.0,1
0.0023212376357184088,False,179,time1,0.8687362669682098,7,time1,TIME1,0.9429055758059373,0.9387770816866353,1.0,7
0.004754426115552729,False,179,time1,0.8755737414731221,8,time1,TIME1,0.9231966355608537,0.8621381561831247,1.0,3
0.00047721651836810623,False,180,time0,0.9790338292825063,4,time0,TIME0,0.9884051333916807,0.9808945544143567,1.0,6
0.0016079516143565167,False,180,time0,0.9712219869156177,0,time0,TIME0,0.9844194075008045,0.9794108857097763,1.0,5
0.0001557329228816467,False,180,goleiro_time1,0.9815701340163767,9,goleiro1,GOL-TIME1,0.9842687818094128,0.9601373876974899,1.0,10
0.0016346644952513075,False,180,time0,0.9536399859930023,3,time0,TIME0,0.9800350099804674,0.9834025556518444,1.0,2
0.0010658607015611263,False,180,time1,0.9300216740150266,5,time1,TIME1,0.9680844248539022,0.9611325951409841,1.0,1
0.0014491336896745334,False,180,time1,0.9078421057687063,6,time1,TIME1,0.9560389878791102,0.9416305986119241,1.0,8
0.002108306045321817,False,180,time1,0.877652870537282,7,time1,TIME1,0.9451288539555674,0.9359049202451957,1.0,7
0.004594220694281878,False,180,time1,0.887878279317734,8,time1,TIME1,0.9256106865630933,0.8570544922578596,1.0,3
0.0004889758225314201,False,181,time0,0.9708910659935285,4,time0,TIME0,0.9858969423679129,0.9808945544143567,1.0,6
0.00016905429711259966,False,181,goleiro_time1,0.9829844611241377,9,goleiro1,GOL-TIME1,0.9847223103794583,0.9601373876974899,1.0,10
0.0010113587099681355,False,181,time0,0.967241811455508,3,time0,TIME0,0.9846055484188239,0.9834025556518444,1.0,2
0.0010991941707035175,False,181,time0,0.9648444967474474,0,time0,TIME0,0.9827989157368607,0.9794108857097763,1.0,5
0.000953716993254781,False,181,time1,0.9316519942571996,5,time1,TIME1,0.9686216191274714,0.9611325951409841,1.0,1
0.001287444231490534,False,181,time1,0.9140021769258386,6,time1,TIME1,0.9582455433085919,0.9416305986119241,1.0,8
0.001583910909029522,False,181,time1,0.9021424247898708,7,time1,TIME1,0.9527941409763218,0.9359049202451957,1.0,7
0.005393179326782277,False,181,time1,0.8634713950460442,8,time1,TIME1,0.9176662212013786,0.8570544922578596,1.0,3
0.0008343567333649073,False,182,time0,0.9717660981410973,3,time0,TIME0,0.9865006453193761,0.9834025556518444,1.0,2
0.00035599109291939803,False,182,time0,0.9725100554683012,4,time0,TIME0,0.9864756792745129,0.9808945544143567,1.0,6
0.0012357002411123733,False,182,time0,0.9715219113018099,0,time0,TIME0,0.9849171527856064,0.9794108857097763,1.0,5
0.0002460670544680522,False,182,goleiro_time1,0.9833789786642332,9,goleiro1,GOL-TIME1,0.9846811913038477,0.9601373876974899,1.0,10
0.0008739628884315819,False,182,time1,0.9424568600940875,5,time1,TIME1,0.9720662551464021,0.9611325951409841,1.0,1
0.0009607695236931901,False,182,time1,0.9393129101482351,6,time1,TIME1,0.9660688693876749,0.9416305986119241,1.0,8
0.001314400627777287,False,182,time1,0.9174792928019507,7,time1,TIME1,0.9576902034034128,0.9359049202451957,1.0,7
0.005096900101980569,False,182,time1,0.8712681512737392,8,time1,TIME1,0.9206705748218122,0.8570544922578596,1.0,3
0.0005626348994374048,False,183,time0,0.9779759358676035,3,time0,TIME0,0.9885017835754466,0.9832415541330506,1.0,2
0.0009646108978295935,False,183,time0,0.9807849341567164,0,time0,TIME0,0.9880959430124452,0.9796896000683959,1.0,5
0.00031859429888946315,False,183,time0,0.9749731193703186,4,time0,TIME0,0.9872544467863521,0.9811625019477341,1.0,6
0.0002670351096365358,False,183,goleiro_time1,0.976878483508361,9,goleiro1,GOL-TIME1,0.9829094042927203,0.9605754842343175,1.0,10
0.0009256695397829752,False,183,time1,0.9391828969934122,5,time1,TIME1,0.9701422083052095,0.9574674341443359,1.0,1
0.0009531773631461933,False,183,time1,0.9486535385265724,6,time1,TIME1,0.9690788314264379,0.9427776700946087,1.0,8
0.0013042431137477676,False,183,time1,0.918529365585607,7,time1,TIME1,0.9575643734763161,0.9329107857597603,1.0,7
0.005530933278288609,False,183,time1,0.8594181986477591,8,time1,TIME1,0.9158717993368239,0.853481675026817,1.0,3
0.00025868864663430364,False,184,time0,0.9838195374067515,3,time0,TIME0,0.9904704043993726,0.9832415541330506,1.0,2
0.00012052158479414064,False,184,goleiro_time1,0.9873632094218148,9,goleiro1,GOL-TIME1,0.986104683562012,0.9605754842343175,1.0,10
0.001741403027688601,False,184,time0,0.9720794156986425,0,time0,TIME0,0.9844261808065611,0.9796896000683959,1.0,5
0.0006130051383177105,False,184,time0,0.9588854435484253,4,time0,TIME0,0.9821133705465895,0.9811625019477341,1.0,6
0.0007594190383075274,False,184,time1,0.9484470470004759,5,time1,TIME1,0.9730771454235488,0.9574674341443359,1.0,1
0.0006631624906309098,False,184,time1,0.9401036672130778,6,time1,TIME1,0.9669134386044101,0.9427776700946087,1.0,8
0.0010562832953097921,False,184,time1,0.9346276299583821,7,time1,TIME1,0.9624711405995215,0.9329107857597603,1.0,7
0.004150549503447169,False,184,time1,0.8950004546224041,8,time1,TIME1,0.9269860955670652,0.853481675026817,1.0,3
0.00024006475180064367,False,185,time0,0.9839310248052605,3,time0,TIME0,0.9905807068254008,0.9832415541330506,1.0,2
0.00040184793635328255,False,185,goleiro_time1,0.9660276128387202,9,goleiro1,GOL-TIME1,0.9793152333614803,0.9605754842343175,1.0,10
0.0005126662986102417,False,185,time1,0.9772972691539887,6,time1,TIME1,0.9782941854518439,0.9427776700946087,1.0,8
0.0018037979483949277,False,185,time0,0.9505111101526865,0,time0,TIME0,0.9780307622938833,0.9796896000683959,1.0,5
0.0008676587619644694,False,185,time0,0.942526732383668,4,time0,TIME0,0.9770448313417536,0.9811625019477341,1.0,6
0.0010319011272887353,False,185,time1,0.9319199196961052,5,time1,TIME1,0.9678169817944098,0.9574674341443359,1.0,1
0.0012098777607196585,False,185,time1,0.9269367531859705,7,time1,TIME1,0.9600923151799395,0.9329107857597603,1.0,7
0.0034531636302025763,False,185,time1,0.9106872424713609,8,time1,TIME1,0.932930010870479,0.853481675026817,1.0,3
0.00043507650447626947,False,186,time0,0.9687758651571432,3,time0,TIME0,0.9857631898044505,0.9828840799088305,1.0,2
0.001194859138321262,False,186,time0,0.9739247635877382,0,time0,TIME0,0.9856637560120112,0.9802274123504534,1.0,5
0.00018907556443713497,False,186,goleiro_time1,0.9807268449534384,9,goleiro1,GOL-TIME1,0.9839506842089744,0.9603938092680302,1.0,10
0.0011769029626923619,False,186,time0,0.926709317370446,4,time0,TIME0,0.9718902900496115,0.9814230111480373,1.0,6
0.0008228040384830401,False,186,time1,0.945130337897558,5,time1,TIME1,0.9708599714692471,0.9536003501683112,1.0,1
0.0005906112464147577,False,186,time1,0.9638606413834556,7,time1,TIME1,0.9707609121177619,0.9302475980153009,1.0,7
0.0006853621113656085,False,186,time1,0.9482601690153872,6,time1,TIME1,0.9692572667229995,0.9438230114473334,1.0,8
0.0029504980758239623,False,186,time1,0.9250835139660248,8,time1,TIME1,0.9372037835583013,0.8513765274346958,1.0,3
0.001144680573111696,False,187,time0,0.9705150359619681,0,time0,TIME0,0.9850188036615436,0.9802274123504534,1.0,5
0.0002989277252619534,False,187,time1,0.9799106698221025,5,time1,TIME1,0.9817069711208884,0.9536003501683112,1.0,1
0.0008195310292714761,False,187,time0,0.946926355599151,3,time0,TIME0,0.9787149166843558,0.9828840799088305,1.0,2
0.000335361957061994,False,187,goleiro_time1,0.9634907073051344,9,goleiro1,GOL-TIME1,0.9786888212608481,0.9603938092680302,1.0,10
0.0007154009795983481,False,187,time1,0.9464824395550244,6,time1,TIME1,0.9690923411183328,0.9438230114473334,1.0,8
0.000811139867666186,False,187,time1,0.949715449913402,7,time1,TIME1,0.9665774389204838,0.9302475980153009,1.0,7
0.001653789328303499,False,187,time0,0.8937242298137129,4,time0,TIME0,0.9614485109162555,0.9814230111480373,1.0,6
0.0035525871767234573,False,187,time1,0.8979323454325122,8,time1,TIME1,0.9281969686922728,0.8513765274346958,1.0,3
0.00038192353404021656,False,188,time0,0.9766379762372361,3,time0,TIME0,0.9880450591380842,0.9828840799088305,1.0,2
0.0011078160225567928,False,188,time0,0.9682275076214278,0,time0,TIME0,0.9844425084855978,0.9802274123504534,1.0,5
0.00039946227017276226,False,188,goleiro_time1,0.9574116231548278,9,goleiro1,GOL-TIME1,0.9769002989513328,0.9603938092680302,1.0,10
0.0006754456775741315,False,188,time1,0.9566816682336031,5,time1,TIME1,0.9745261354083078,0.9536003501683112,1.0,1
0.000504198510828281,False,188,time1,0.9622216551361381,6,time1,TIME1,0.9740198293176223,0.9438230114473334,1.0,8
0.0007784872675597207,False,188,time1,0.9516346943120719,7,time1,TIME1,0.9672692411596026,0.9302475980153009,1.0,7
0.0016402465174094553,False,188,time0,0.8938225755868188,4,time0,TIME0,0.9612746723839974,0.9814230111480373,1.0,6
0.005472060997127873,False,188,time1,0.8400449212846807,8,time1,TIME1,0.9085576253758413,0.8513765274346958,1.0,3
0.0008254744823858271,False,189,time0,0.9748245245469176,0,time0,TIME0,0.9866848886215014,0.9807336470668547,1.0,5
0.00044995345503107576,False,189,time0,0.9714271766616543,3,time0,TIME0,0.9865593752141258,0.9824945246644882,1.0,2
0.0005593035547608329,False,189,time1,0.9596494002845317,6,time1,TIME1,0.9734131070063153,0.9442907066170381,1.0,8
0.0005637800170394733,False,189,goleiro_time1,0.9399373309555108,9,goleiro1,GOL-TIME1,0.9714574317363909,0.9608341684054746,1.0,10
0.0007248775704774102,False,189,time1,0.9601418321864339,7,time1,TIME1,0.9694004647639666,0.9290821915804659,1.0,7
0.0017679407939593056,False,189,time0,0.8946746328328194,4,time0,TIME0,0.9617472883968409,0.9816593497152242,1.0,6
0.005931365226752165,False,189,time1,0.8159363527043927,8,time1,TIME1,0.9019515895524611,0.8520020939796049,1.0,3
0.000774624788756014,False,189,time1,0.9488625766164935,5,time1,TIME1,0.871710811337645,0.9513539564293598,0.0,1
0.0007090181164878345,False,190,time0,0.9748936317172902,0,time0,TIME0,0.9868862362587443,0.9807336470668547,1.0,5
0.0007098336224782495,False,190,time0,0.9562114057505717,3,time0,TIME0,0.9816640894572279,0.9824945246644882,1.0,2
0.00042371026121284795,False,190,goleiro_time1,0.961691108480879,9,goleiro1,GOL-TIME1,0.9781790227770942,0.9608341684054746,1.0,10
0.0005949603772006678,False,190,time1,0.9627556203178087,6,time1,TIME1,0.9741190653275945,0.9442907066170381,1.0,8
0.0011803849081102294,False,190,time1,0.9283774756960395,7,time1,TIME1,0.959237701885721,0.9290821915804659,1.0,7
0.0019802528811987464,False,190,time0,0.883920039511482,4,time0,TIME0,0.9585505866742537,0.9816593497152242,1.0,6
0.006471684105097512,False,190,time1,0.7797186392875326,8,time1,TIME1,0.890320717347996,0.8520020939796049,1.0,3
0.0008386922272888673,False,190,time1,0.9470461335490896,5,time1,TIME1,0.8711345447661683,0.9513539564293598,0.0,1
0.00015582406528140495,False,191,time0,0.9766798315920133,0,time0,TIME0,0.9876681262631346,0.9807336470668547,1.0,5
0.0008956851648835035,False,191,time0,0.9439573477113227,3,time0,TIME0,0.9776507602150717,0.9824945246644882,1.0,2
0.0005650040336285375,False,191,goleiro_time1,0.941597671880068,9,goleiro1,GOL-TIME1,0.9720397404402444,0.9608341684054746,1.0,10
0.0012688163862960712,False,191,time0,0.9268832088667429,4,time0,TIME0,0.9718411122445704,0.9816593497152242,1.0,6
0.0007436343706005499,False,191,time1,0.9503484047305646,6,time1,TIME1,0.970362964666165,0.9442907066170381,1.0,8
0.001096336057605325,False,191,time1,0.9325962120674756,7,time1,TIME1,0.9609056129273249,0.9290821915804659,1.0,7
0.0004814023856123386,False,191,time1,0.96851351995178,5,time1,TIME1,0.8776488486676642,0.9513539564293598,0.0,1
0.007430666334042765,False,191,time1,0.6491741673003062,8,time1,TIME1,0.8503394499563425,0.8520020939796049,1.0,3
0.00020597661492992948,False,192,time0,0.9795453187220751,0,time0,TIME0,0.988902792577265,0.981274566967782,1.0,5
0.0007103574511436256,False,192,time0,0.9582486860307509,3,time0,TIME0,0.9822743214282664,0.9822915227494872,1.0,2
0.0005037701401965541,False,192,goleiro_time1,0.9440764716307407,9,goleiro1,GOL-TIME1,0.9728681949333667,0.9609215488190499,1.0,10
0.0007396108469509589,False,192,time1,0.9557532293097725,6,time1,TIME1,0.9721404809680797,0.9447972921893258,1.0,8
0.0013245729691884504,False,192,time0,0.9260501942428919,4,time0,TIME0,0.9719462014929087,0.9817750246036041,1.0,6
0.001171677014151794,False,192,time1,0.927664248669878,7,time1,TIME1,0.9592687498229884,0.9285819126811071,1.0,7
0.0009593357050653178,False,192,time1,0.9510465181554952,5,time1,TIME1,0.8711869551783281,0.9489717074288005,0.0,1
0.007533380044081711,False,192,time1,0.4988256341725626,8,time1,TIME1,0.8073142112667483,0.8625711143459929,1.0,3
0.00046441534712891565,False,193,time0,0.9726639162883466,3,time0,TIME0,0.9867805066923522,0.9822915227494872,1.0,2
0.0007095031450340913,False,193,time0,0.9719028843099807,0,time0,TIME0,0.9858994454112503,0.981274566967782,1.0,5
0.00046816239963683246,False,193,goleiro_time1,0.9552938241691027,9,goleiro1,GOL-TIME1,0.9762099947671469,0.9609215488190499,1.0,10
0.0011578494525927494,False,193,time0,0.9377239084003931,4,time0,TIME0,0.9755451465672328,0.9817750246036041,1.0,6
0.0013786998388487567,False,193,time1,0.9480262333267742,6,time1,TIME1,0.9688124688641945,0.9447972921893258,1.0,8
0.0012277201876032466,False,193,time1,0.9247914608521972,7,time1,TIME1,0.9582856423020886,0.9285819126811071,1.0,7
0.0008226033818000634,False,193,time1,0.9538913445937558,5,time1,TIME1,0.8725497415024726,0.9489717074288005,0.0,1
0.0005516959174578135,False,194,time0,0.9823340910257021,0,time0,TIME0,0.9894097283610179,0.981274566967782,1.0,5
0.00044404939729569105,False,194,time0,0.9746066557852969,3,time0,TIME0,0.9872330217087748,0.9822915227494872,1.0,2
0.001086854217616703,False,194,time0,0.9429451611823946,4,time0,TIME0,0.9771697585605262,0.9817750246036041,1.0,6
0.0006032445002625576,False,194,goleiro_time1,0.9441457599651253,9,goleiro1,GOL-TIME1,0.9728326963221544,0.9609215488190499,1.0,10
0.0013983425479678542,False,194,time1,0.9508756494598739,6,time1,TIME1,0.9699915737000053,0.9447972921893258,1.0,8
0.001219703227983605,False,194,time1,0.9229766484610633,7,time1,TIME1,0.957703174621746,0.9285819126811071,1.0,7
0.0009554712781384754,False,194,time1,0.9346849794480336,5,time1,TIME1,0.8664293743008911,0.9489717074288005,0.0,1
0.0005476689304782036,False,195,time0,0.9777525030818771,0,time0,TIME0,0.9882451320761908,0.9817317371997404,1.0,5
0.001246078325972479,False,195,time0,0.9651553410281425,3,time0,TIME0,0.9832741513463024,0.9817266205595447,1.0,2
0.0009963449578775782,False,195,time0,0.9469428312565062,4,time0,TIME0,0.978474786610291,0.9818194409215799,1.0,6
0.001584559850491835,False,195,time1,0.9402836281421478,6,time1,TIME1,0.9669084489398337,0.9456561679997917,1.0,8
0.0009579488578508284,False,195,goleiro_time1,0.8938174244710154,9,goleiro1,GOL-TIME1,0.9572963609949602,0.9610943426928251,1.0,10
0.0014024501655994694,False,195,time1,0.9097142365221675,7,time1,TIME1,0.9534812015517401,0.9278798056773294,1.0,7
0.0010472855639203904,False,195,time1,0.9295422989502163,5,time1,TIME1,0.864433932951598,0.9471507987955048,0.0,1
0.0012335697520053635,False,196,time0,0.9553916896586951,0,time0,TIME0,0.9803465629668898,0.9817317371997404,1.0,5
0.0013578558953583765,False,196,time0,0.9502140438492048,3,time0,TIME0,0.9791132568889657,0.9817266205595447,1.0,2
0.0015718836297059868,False,196,time0,0.9263722719026083,4,time0,TIME0,0.9713997033884222,0.9818194409215799,1.0,6
0.0008525361855509707,False,196,time1,0.9495796623869543,6,time1,TIME1,0.9699906337545053,0.9456561679997917,1.0,8
0.0005038688451020959,False,196,goleiro_time1,0.8969609256324769,9,goleiro1,GOL-TIME1,0.9585712118448074,0.9610943426928251,1.0,10
0.0013954538060448063,False,196,time1,0.9079473625228148,7,time1,TIME1,0.9530736577706292,0.9278798056773294,1.0,7
0.0015728553102344468,False,196,time1,0.8898363547318583,5,time1,TIME1,0.8519302078838729,0.9471507987955048,0.0,1
0.0006502956784649527,False,197,time0,0.9657184611314035,3,time0,TIME0,0.9839404206702019,0.9817266205595447,1.0,2
0.0005881533643918879,False,197,goleiro_time1,0.9494340192996267,9,goleiro1,GOL-TIME1,0.9744504078772475,0.9610943426928251,1.0,10
0.002719079446243993,False,197,time0,0.9391709755025204,0,time0,TIME0,0.9734992635130679,0.9817317371997404,1.0,5
0.0010796590412731357,False,197,time1,0.9470399098356861,6,time1,TIME1,0.9693896222898509,0.9456561679997917,1.0,8
0.0025265362632112174,False,197,time0,0.8855708441835441,4,time0,TIME0,0.9581726288384772,0.9818194409215799,1.0,6
0.0017256094851984497,False,197,time1,0.8844807399739179,7,time1,TIME1,0.9455202783695013,0.9278798056773294,1.0,7
0.0011196824734925701,False,197,time1,0.9159961773241554,5,time1,TIME1,0.8602581857308305,0.9471507987955048,0.0,1
0.0004687776277459916,False,198,time0,0.9723084259026562,3,time0,TIME0,0.9863704239939749,0.9812998664808739,1.0,2
0.0008234917259499409,False,198,time1,0.9701456147627467,6,time1,TIME1,0.9763945152820548,0.9453699542909172,1.0,8
0.0004289027669729197,False,198,goleiro_time1,0.9559942448746882,9,goleiro1,GOL-TIME1,0.9762400784515103,0.9597881640456125,1.0,10
0.0028144543599726447,False,198,time0,0.9357172725682933,0,time0,TIME0,0.9735947483521398,0.982082211357926,1.0,5
0.0028015930674889053,False,198,time0,0.8666006867474867,4,time0,TIME0,0.9527050191112607,0.9818388099586809,1.0,6
0.0014238070066198531,False,198,time1,0.9007043002619037,7,time1,TIME1,0.950415936864304,0.9270228743901288,1.0,7
0.0011078823669724697,False,198,time1,0.9120706259507754,5,time1,TIME1,0.8594047690210703,0.9474886129671051,0.0,1
0.0006425170933567759,False,199,time0,0.9613263211502591,3,time0,TIME0,0.98297976638737,0.9812998664808739,1.0,2
0.00048340797838053765,False,199,goleiro_time1,0.9650256781752015,9,goleiro1,GOL-TIME1,0.9788160691063267,0.9597881640456125,1.0,10
0.001095912232594248,False,199,time1,0.9717957540725514,6,time1,TIME1,0.9766986740114127,0.9453699542909172,1.0,8
0.0029571190969878147,False,199,time0,0.940508257548955,0,time0,TIME0,0.9748010936764189,0.982082211357926,1.0,5
0.0010504594894246916,False,199,time1,0.9227610233332354,7,time1,TIME1,0.9573743901727243,0.9270228743901288,1.0,7
0.0027820122653938978,False,199,time0,0.8556222735382889,4,time0,TIME0,0.9494726695479254,0.9818388099586809,1.0,6
0.0013357190474802725,False,199,time1,0.8912068425462324,5,time1,TIME1,0.8528628401592129,0.9474886129671051,0.0,1
0.0015709157371947351,False,200,time0,0.9589492427054255,0,time0,TIME0,0.9807897900939884,0.982082211357926,1.0,5
0.0009469215068412207,False,200,time0,0.9486650839479223,3,time0,TIME0,0.9788483735324655,0.9812998664808739,1.0,2
0.0004709344706298649,False,200,goleiro_time1,0.9635869471792837,9,goleiro1,GOL-TIME1,0.9784167903303841,0.9597881640456125,1.0,10
0.0007505857609794974,False,200,time1,0.9731272195553806,6,time1,TIME1,0.9772865474469521,0.9453699542909172,1.0,8
0.0011815948008065597,False,200,time1,0.9213549746595153,7,time1,TIME1,0.9567873492333776,0.9270228743901288,1.0,7
0.0027645131410984447,False,200,time0,0.8494667853353391,4,time0,TIME0,0.9476974900918876,0.9818388099586809,1.0,6
0.0017364451625373175,False,200,time1,0.8596926677748096,5,time1,TIME1,0.8429184259201123,0.9474886129671051,0.0,1
0.0015983013699457198,False,201,time0,0.9556110893779313,0,time0,TIME0,0.9807849872057909,0.9825068297133022,1.0,5
0.000508906691531006,False,201,time1,0.9789219709887345,6,time1,TIME1,0.9790276204840499,0.9439421377940743,1.0,8
0.0011944753580635297,False,201,time0,0.9332736640498241,3,time0,TIME0,0.9738565253811388,0.980849477755946,1.0,2
0.0018006385255850811,False,201,time0,0.8908014494098268,4,time0,TIME0,0.9603382854796351,0.9819431820069631,1.0,6
0.0010861799505536259,False,201,goleiro_time1,0.9030452497549198,9,goleiro1,GOL-TIME1,0.9590951125155563,0.9587711919428203,1.0,10
0.0013285196502032446,False,201,time1,0.9186786195114702,7,time1,TIME1,0.9559385811890101,0.9268069987814321,1.0,7
0.0017537179798618407,False,201,time1,0.8587328985779873,5,time1,TIME1,0.8427986882145826,0.9476789750895122,0.0,1
0.000391176523674926,False,202,time1,0.9764480168877585,6,time1,TIME1,0.978460878748959,0.9439421377940743,1.0,8
0.0009636202772150921,False,202,time0,0.9455624000762816,3,time0,TIME0,0.9778290051750275,0.980849477755946,1.0,2
0.0005038061263600329,False,202,goleiro_time1,0.9574711304970744,9,goleiro1,GOL-TIME1,0.9755649216891892,0.9587711919428203,1.0,10
0.0025223822153115348,False,202,time0,0.9382279152217033,0,time0,TIME0,0.9741561687923627,0.9825068297133022,1.0,5
0.0015415745135027008,False,202,time0,0.9127255991350928,4,time0,TIME0,0.9673553715878038,0.9819431820069631,1.0,6
0.0016473165809560858,False,202,time1,0.8992785792781526,7,time1,TIME1,0.949769453984507,0.9268069987814321,1.0,7
0.001093864322262379,False,202,time1,0.9106223875000441,5,time1,TIME1,0.8586417823123316,0.9476789750895122,0.0,1
0.0005169243546395579,False,203,goleiro_time1,0.96665206713953,9,goleiro1,GOL-TIME1,0.9789522124264418,0.9587711919428203,1.0,10
0.0010390763894846933,False,203,time0,0.9403921926934488,3,time0,TIME0,0.9763244620498692,0.980849477755946,1.0,2
0.0023690863538867453,False,203,time0,0.9424937987995415,0,time0,TIME0,0.9761163457014915,0.9825068297133022,1.0,5
0.0005350177647204616,False,203,time1,0.965910384106572,6,time1,TIME1,0.9750445875411375,0.9439421377940743,1.0,8
0.0017991436657656236,False,203,time0,0.9023908874277109,4,time0,TIME0,0.9643730406262059,0.9819431820069631,1.0,6
0.0015327655335993355,False,203,time1,0.9010593879899276,7,time1,TIME1,0.9504566161900575,0.9268069987814321,1.0,7
0.0009490859798740422,False,203,time1,0.9215735316405494,5,time1,TIME1,0.8624300435408526,0.9476789750895122,0.0,1
0.0005343769404378806,False,204,time1,0.9677648802846673,6,time1,TIME1,0.9754830300325437,0.9427397145252279,1.0,8
0.0011485433766025921,False,204,time0,0.9330159219540534,3,time0,TIME0,0.9738314770849988,0.9803988053431318,1.0,2
0.0033280341659899333,False,204,time0,0.932137126004032,0,time0,TIME0,0.9716189847803427,0.9827965633881838,1.0,5
0.0015399418780859245,False,204,time0,0.9165160683226479,4,time0,TIME0,0.9689010517053167,0.9821013583969291,1.0,6
0.001557372601613502,False,204,time1,0.9091692873295986,7,time1,TIME1,0.9532726301522515,0.9282071896374045,1.0,7
0.0008249621801156706,False,204,goleiro_time1,0.9295855223128084,9,goleiro1,GOL-TIME1,0.8671903416727009,0.9580210078464647,0.0,10
0.0010990634299952995,False,204,time1,0.9099462182142869,5,time1,TIME1,0.858349776890741,0.9458795199651803,0.0,1
0.000471619722942846,False,205,time1,0.9773897224432266,6,time1,TIME1,0.9784301529707432,0.9427397145252279,1.0,8
0.0011746166237344962,False,205,time0,0.9328626818059017,4,time0,TIME0,0.9740581179703451,0.9821013583969291,1.0,6
0.002170250083751293,False,205,time0,0.9309934967775151,0,time0,TIME0,0.9718907577415706,0.9827965633881838,1.0,5
0.001271166255713973,False,205,time0,0.9230652175551002,3,time0,TIME0,0.9707713466653614,0.9803988053431318,1.0,2
0.0011837198784604148,False,205,time1,0.947219451193771,7,time1,TIME1,0.9647646989192664,0.9282071896374045,1.0,7
0.0006071637452098573,False,205,goleiro_time1,0.9701996608427056,9,goleiro1,GOL-TIME1,0.8796423596316767,0.9580210078464647,0.0,10
0.0011273250687829689,False,205,time1,0.9078490374263255,5,time1,TIME1,0.8576734281691868,0.9458795199651803,0.0,1
0.0010950352524959955,False,206,time0,0.9470925107332973,4,time0,TIME0,0.9784557589926256,0.9821013583969291,1.0,6
0.0006862832489216035,False,206,time1,0.9649711237312131,6,time1,TIME1,0.9744009752510971,0.9427397145252279,1.0,8
0.0019273548443208117,False,206,time0,0.9318295596507405,0,time0,TIME0,0.9731433463857794,0.9827965633881838,1.0,5
0.0012131393517650663,False,206,time0,0.9246758569051443,3,time0,TIME0,0.9712816718839031,0.9803988053431318,1.0,2
0.0009449602879888902,False,206,time1,0.9596660836915399,7,time1,TIME1,0.9689276139988701,0.9282071896374045,1.0,7
0.0005545709142898486,False,206,goleiro_time1,0.9658830583761947,9,goleiro1,GOL-TIME1,0.8787176906451927,0.9580210078464647,0.0,10
0.0013341040534007803,False,206,time1,0.8874964158371251,5,time1,TIME1,0.851198431956795,0.9458795199651803,0.0,1
0.0013946226068402424,False,207,time0,0.9489709032392271,0,time0,TIME0,0.9787873259277781,0.9829158784150771,1.0,5
0.0011126341639876216,False,207,time0,0.9346171632718893,3,time0,TIME0,0.9743324792566428,0.980168682096051,1.0,2
0.0006321075138393101,False,207,time1,0.963101790804997,6,time1,TIME1,0.9735032525736088,0.9412509511213478,1.0,8
0.001181008307513652,False,207,time0,0.9300610607802409,4,time0,TIME0,0.9732127044261688,0.9821347892076682,1.0,6
0.001474025724811827,False,207,time1,0.9125721883909256,7,time1,TIME1,0.9543451306756157,0.9296565252785092,1.0,7
0.000650570688514275,False,207,goleiro_time1,0.944506941198705,9,goleiro1,GOL-TIME1,0.8718945985656802,0.9571656811515097,0.0,10
0.0016215131488784755,False,207,time1,0.8735951291703098,5,time1,TIME1,0.846696573196293,0.9455548851586871,0.0,1
0.0006676296993246557,False,208,time0,0.9573076370451296,3,time0,TIME0,0.9813107685842981,0.980168682096051,1.0,2
0.0008193082397450966,False,208,time0,0.9513183164750577,4,time0,TIME0,0.9799377502143897,0.9821347892076682,1.0,6
0.0014170122778097345,False,208,time0,0.9472922226342617,0,time0,TIME0,0.9786025432647169,0.9829158784150771,1.0,5
0.0009442662150072669,False,208,time1,0.9529361624641466,6,time1,TIME1,0.9700400014630269,0.9412509511213478,1.0,8
0.0015299639160720783,False,208,time1,0.9014418701975454,7,time1,TIME1,0.9511426360376357,0.9296565252785092,1.0,7
0.000499940075997244,False,208,goleiro_time1,0.9713451235857814,9,goleiro1,GOL-TIME1,0.8800776203558138,0.9571656811515097,0.0,10
0.0016776358706913025,False,208,time1,0.8733338748003343,5,time1,TIME1,0.8464575813705808,0.9455548851586871,0.0,1
0.0005327462531442399,False,209,time0,0.9678350716610042,3,time0,TIME0,0.9847950122995073,0.980168682096051,1.0,2
0.0007407114824080956,False,209,time0,0.9629270452670967,4,time0,TIME0,0.9835777857182549,0.9821347892076682,1.0,6
0.001417114878961548,False,209,time0,0.948266103480148,0,time0,TIME0,0.9788675965578727,0.9829158784150771,1.0,5
0.0013810870472934261,False,209,time1,0.9460231438998251,6,time1,TIME1,0.96752492195447,0.9412509511213478,1.0,8
0.0014430992700326516,False,209,time1,0.9076115753731333,7,time1,TIME1,0.9532396459211346,0.9296565252785092,1.0,7
0.00036432586718281604,False,209,goleiro_time1,0.9654486501203606,9,goleiro1,GOL-TIME1,0.8784749010187823,0.9571656811515097,0.0,10
0.0020932842842805903,False,209,time1,0.8399969436819568,5,time1,TIME1,0.8361891954783316,0.9455548851586871,0.0,1
0.00070485210927668,False,210,time0,0.9685076917947509,4,time0,TIME0,0.985364870413724,0.982174875909199,1.0,6
0.0011717446573162279,False,210,time0,0.958000442030196,0,time0,TIME0,0.9819496647378888,0.9831479478688581,1.0,5
0.001436138193152557,False,210,time0,0.9375403837373226,3,time0,TIME0,0.9739503415972037,0.9796646760648966,1.0,2
0.001742991397418572,False,210,time1,0.919379526642198,6,time1,TIME1,0.9587878660426009,0.93948190025984,1.0,8
0.0017311704026892942,False,210,time1,0.8936519231582714,7,time1,TIME1,0.9489850120022987,0.9307952495245506,1.0,7
0.0005067757153932122,False,210,goleiro_time1,0.9672610556984138,9,goleiro1,GOL-TIME1,0.8787041819060184,0.9563735029804847,0.0,10
0.0014589752830688808,False,210,time1,0.8844945329006112,5,time1,TIME1,0.8496421649750064,0.9442165800441491,0.0,1
0.0011397566918862243,False,211,time0,0.9573816579820963,0,time0,TIME0,0.9818350842770404,0.9831479478688581,1.0,5
0.0007583031425524944,False,211,time0,0.9538558900989937,4,time0,TIME0,0.9807106338618901,0.982174875909199,1.0,6
0.0013969573241893111,False,211,time1,0.9410138699441107,6,time1,TIME1,0.9656542858984182,0.93948190025984,1.0,8
0.0016412354063589474,False,211,time0,0.9023275697465777,3,time0,TIME0,0.9633492506630865,0.9796646760648966,1.0,2
0.002687358590141706,False,211,time1,0.841405924331038,7,time1,TIME1,0.9319223484017374,0.9307952495245506,1.0,7
0.00045786640652108396,False,211,goleiro_time1,0.9634873041588483,9,goleiro1,GOL-TIME1,0.877549040709865,0.9563735029804847,0.0,10
0.0018713980376617082,False,211,time1,0.8602562163828428,5,time1,TIME1,0.8421009550157715,0.9442165800441491,0.0,1
0.0007780850883612626,False,212,time0,0.9729265648467929,0,time0,TIME0,0.9866747485653403,0.9831479478688581,1.0,5
0.0010414269082769736,False,212,time0,0.9408355431296846,4,time0,TIME0,0.9766257319090642,0.982174875909199,1.0,6
0.0011958047356455163,False,212,time0,0.9275924205710099,3,time0,TIME0,0.9715810884665952,0.9796646760648966,1.0,2
0.0010730984119264899,False,212,time1,0.9560958470797274,6,time1,TIME1,0.9705017572226419,0.93948190025984,1.0,8
0.0024829524195031723,False,212,time1,0.8534935395220404,7,time1,TIME1,0.9363347788090426,0.9307952495245506,1.0,7
0.00042631868986248194,False,212,goleiro_time1,0.9650458762852178,9,goleiro1,GOL-TIME1,0.8781972414148096,0.9563735029804847,0.0,10
0.0011738817483960865,False,212,time1,0.9067637716641757,5,time1,TIME1,0.8563095857620225,0.9442165800441491,0.0,1
0.0008919819992606714,False,213,time0,0.9718400825895916,0,time0,TIME0,0.9864363304042765,0.983267889653908,1.0,5
0.0005609309410680493,False,213,goleiro_time1,0.9711865331472507,9,goleiro1,GOL-TIME1,0.9802113158507393,0.9581143164259078,1.0,10
0.000807457373794405,False,213,time0,0.9512338745184135,4,time0,TIME0,0.9800415855514123,0.9823574740442788,1.0,6
0.0011796076069790866,False,213,time1,0.9667499540120863,6,time1,TIME1,0.9732439864654577,0.9386253082931628,1.0,8
0.0015925389299393938,False,213,time0,0.9053075809987816,3,time0,TIME0,0.9645799082660688,0.9788516324696377,1.0,2
0.001951594041749521,False,213,time1,0.884772606004778,7,time1,TIME1,0.9465691589998418,0.933095788178558,1.0,7
0.0012053119012349024,False,213,time1,0.9035426167683985,5,time1,TIME1,0.8553489726048188,0.9416775728204727,0.0,1
0.0009912954227098538,False,214,time0,0.978461959374428,0,time0,TIME0,0.9882031271692377,0.983267889653908,1.0,5
0.0005514567853429068,False,214,goleiro_time1,0.9721484506272327,9,goleiro1,GOL-TIME1,0.9806480867763999,0.9581143164259078,1.0,10
0.0010874351912273927,False,214,time0,0.9392102749392753,4,time0,TIME0,0.9761421490000327,0.9823574740442788,1.0,6
0.001193795463089172,False,214,time1,0.9695899942029639,6,time1,TIME1,0.9743134018791159,0.9386253082931628,1.0,8
0.0016841986646192104,False,214,time0,0.8971472412918273,3,time0,TIME0,0.9621853482000514,0.9788516324696377,1.0,2
0.0016361859794202863,False,214,time1,0.9069816245588701,7,time1,TIME1,0.9534440486650625,0.933095788178558,1.0,7
0.001869836725197511,False,214,time1,0.8575244085918247,5,time1,TIME1,0.8404938539801904,0.9416775728204727,0.0,1
0.0010560142378589399,False,215,time0,0.9717137719208846,0,time0,TIME0,0.9862857324721762,0.983267889653908,1.0,5
0.0005975595522654071,False,215,goleiro_time1,0.9726020392942064,9,goleiro1,GOL-TIME1,0.9806985647330001,0.9581143164259078,1.0,10
0.001185116790977772,False,215,time0,0.9288578658605258,4,time0,TIME0,0.9729722848694596,0.9823574740442788,1.0,6
0.0008673670305248989,False,215,time1,0.9509581062621337,6,time1,TIME1,0.9686045095019294,0.9386253082931628,1.0,8
0.0014367836712848511,False,215,time0,0.9123888574081521,3,time0,TIME0,0.9669546456306832,0.9788516324696377,1.0,2
0.0017049355695661905,False,215,time1,0.9087360371625146,7,time1,TIME1,0.9542589699072003,0.933095788178558,1.0,7
0.0016672156847256535,False,215,time1,0.8784230148278815,5,time1,TIME1,0.8471665188728311,0.9416775728204727,0.0,1
0.0006750183892330354,False,216,goleiro_time1,0.9686067082357679,9,goleiro1,GOL-TIME1,0.9796521957331995,0.9590816403116085,1.0,10
0.0028497402814132555,False,216,time0,0.9538056396309724,0,time0,TIME0,0.9781881291978745,0.9834864926266652,1.0,5
0.0008616554581782273,False,216,time1,0.9599719762571325,6,time1,TIME1,0.9709507805952805,0.9357009799861955,1.0,8
0.0013294618924265427,False,216,time0,0.9188370320282286,3,time0,TIME0,0.968903705033349,0.9784742266496689,1.0,2
0.0015382761245758413,False,216,time0,0.9103607713942443,4,time0,TIME0,0.967111041886609,0.9826269922818229,1.0,6
0.0019611324855381414,False,216,time1,0.904823105659795,7,time1,TIME1,0.9531085602130628,0.934908854965746,1.0,7
0.0011833343665376731,False,216,time1,0.9130614871223813,5,time1,TIME1,0.8572571885295364,0.9389794421196828,0.0,1
0.0026684074647357805,False,217,time0,0.959723449321625,0,time0,TIME0,0.9812391953873015,0.9834864926266652,1.0,5
0.0006556891114806588,False,217,goleiro_time1,0.9660892445658728,9,goleiro1,GOL-TIME1,0.9789571920000223,0.9590816403116085,1.0,10
0.001714654322973926,False,217,time0,0.9142502211486517,4,time0,TIME0,0.9679975179480244,0.9826269922818229,1.0,6
0.001463836391437758,False,217,time0,0.9123404172226083,3,time0,TIME0,0.9668756745853241,0.9784742266496689,1.0,2
0.0010354300441199856,False,217,time1,0.9410817255330195,6,time1,TIME1,0.9649845769247689,0.9357009799861955,1.0,8
0.0023826699671375753,False,217,time1,0.8926319876016803,7,time1,TIME1,0.9490445294443425,0.934908854965746,1.0,7
0.0010011108246709324,False,217,time1,0.9296412811919825,5,time1,TIME1,0.8625291208524244,0.9389794421196828,0.0,1
0.0016499234943988365,False,218,time0,0.9741862542853542,0,time0,TIME0,0.9859250278249341,0.9834864926266652,1.0,5
0.0008975743572943448,False,218,goleiro_time1,0.950678625494244,9,goleiro1,GOL-TIME1,0.9739686135113846,0.9590816403116085,1.0,10
0.0008535125199291437,False,218,time1,0.9433472785747866,6,time1,TIME1,0.9660290901145966,0.9357009799861955,1.0,8
0.0015834256099106075,False,218,time0,0.9067912798504805,3,time0,TIME0,0.9651074536601542,0.9784742266496689,1.0,2
0.0019393479232604092,False,218,time0,0.9011729499580654,4,time0,TIME0,0.9640858714353141,0.9826269922818229,1.0,6
0.002180602410094382,False,218,time1,0.9109176551718094,7,time1,TIME1,0.9547590606003612,0.934908854965746,1.0,7
0.0008758539748510274,False,218,time1,0.957793246473553,5,time1,TIME1,0.8708150638490126,0.9389794421196828,0.0,1
0.0014339309696398135,False,219,time0,0.9712746692327581,0,time0,TIME0,0.9858249982665702,0.9837028668787065,1.0,5
0.0006064059794246031,False,219,goleiro_time1,0.955937474776661,9,goleiro1,GOL-TIME1,0.9760444948028627,0.9601620342207962,1.0,10
0.000695782243216726,False,219,time1,0.9514035729376599,6,time1,TIME1,0.968126190529731,0.9337955818701753,1.0,8
0.001517560973670543,False,219,time0,0.9097945526781903,3,time0,TIME0,0.9659201133287693,0.9782082541626833,1.0,2
0.001896310852779116,False,219,time0,0.8981872962560096,4,time0,TIME0,0.9634012429989582,0.983094081889866,1.0,6
0.0019300759394251267,False,219,time1,0.9154340135860248,7,time1,TIME1,0.9568055276221744,0.9369252207836102,1.0,7
0.0010834516041020835,False,219,time1,0.9191568507121248,5,time1,TIME1,0.8576955793772482,0.9345928028826301,0.0,1
0.0022010810804968194,False,220,time0,0.9692804340241024,0,time0,TIME0,0.9841447707936578,0.9837028668787065,1.0,5
0.0007671885862889358,False,220,goleiro_time1,0.9489896761408225,9,goleiro1,GOL-TIME1,0.9739175755250297,0.9601620342207962,1.0,10
0.000667829436060596,False,220,time1,0.9543274653061768,6,time1,TIME1,0.9691170617131043,0.9337955818701753,1.0,8
0.0013623869050848163,False,220,time0,0.9198094281689675,3,time0,TIME0,0.9690650836868823,0.9782082541626833,1.0,2
0.0016407765151314278,False,220,time0,0.9148461775549587,4,time0,TIME0,0.968538600675823,0.983094081889866,1.0,6
0.0018486194996685185,False,220,time1,0.9254458808285908,7,time1,TIME1,0.9599820587641041,0.9369252207836102,1.0,7
0.0019412237493819583,False,220,time1,0.8530612688080477,5,time1,TIME1,0.837075250016767,0.9345928028826301,0.0,1
0.0026897108405989955,False,221,time0,0.9564975157965281,0,time0,TIME0,0.9800868378336848,0.9837028668787065,1.0,5
0.0006935566748777879,False,221,goleiro_time1,0.9432554921589915,9,goleiro1,GOL-TIME1,0.9722641505655135,0.9601620342207962,1.0,10
0.0013559713026827167,False,221,time0,0.9210666755958938,3,time0,TIME0,0.9695986058485705,0.9782082541626833,1.0,2
0.0018850665024980043,False,221,time0,0.8979656935923608,4,time0,TIME0,0.9632621114365642,0.983094081889866,1.0,6
0.0014419910044265666,False,221,time1,0.9378729032273497,6,time1,TIME1,0.9629715694321058,0.9337955818701753,1.0,8
0.0017373924915265813,False,221,time1,0.9329173633250698,7,time1,TIME1,0.96242029876446,0.9369252207836102,1.0,7
0.0011098550581054882,False,221,time1,0.9091814440192599,5,time1,TIME1,0.8547936809718677,0.9345928028826301,0.0,1
0.0021500893903362264,False,222,time0,0.9646953461721799,0,time0,TIME0,0.9830385942488454,0.9838597886646641,1.0,5
0.0006898048602910949,False,222,goleiro_time1,0.9568375353522933,9,goleiro1,GOL-TIME1,0.9767370378733881,0.9617391159696667,1.0,10
0.0010783734964617024,False,222,time0,0.9367754005625594,3,time0,TIME0,0.9742132186057285,0.9781841463104322,1.0,2
0.0013097950482263753,False,222,time1,0.9466766348463885,7,time1,TIME1,0.9667745462158964,0.9370732057192648,1.0,7
0.0018583817611596179,False,222,time0,0.8976731669639979,4,time0,TIME0,0.9634392514097185,0.9834275717442084,1.0,6
0.0014081363041163139,False,222,time1,0.9383814388729289,6,time1,TIME1,0.962880008861978,0.9313612017710987,1.0,8
0.0006816440642466009,False,222,time1,0.8235183395771732,5,time1,TIME1,0.8300494973723603,0.9356857925889693,0.0,1
0.002689874266484268,False,223,time0,0.9633754924172069,0,time0,TIME0,0.9821334600439872,0.9838597886646641,1.0,5
0.0007699833312706865,False,223,goleiro_time1,0.9667319055325031,9,goleiro1,GOL-TIME1,0.9796224341564136,0.9617391159696667,1.0,10
0.0010095742291758379,False,223,time0,0.9392653114626833,3,time0,TIME0,0.9753496636923843,0.9781841463104322,1.0,2
0.0012043088342781451,False,223,time1,0.9617038884946302,7,time1,TIME1,0.9713892949153539,0.9370732057192648,1.0,7
0.0015768280744534466,False,223,time0,0.906483543224901,4,time0,TIME0,0.9661230762804264,0.9834275717442084,1.0,6
0.002607148949191943,False,223,time1,0.9385582764498043,6,time1,TIME1,0.9611935817804473,0.9313612017710987,1.0,8
0.0011703856249709536,False,223,time1,0.8928458090456183,5,time1,TIME1,0.8503528939793449,0.9356857925889693,0.0,1
0.0018241300766459355,False,224,time0,0.9733481549236296,0,time0,TIME0,0.9857172855702448,0.9838597886646641,1.0,5
0.0007058065272695764,False,224,goleiro_time1,0.9671065032376627,9,goleiro1,GOL-TIME1,0.979876193068484,0.9617391159696667,1.0,10
0.0010147145685274982,False,224,time0,0.9424016835066644,4,time0,TIME0,0.9772550982547249,0.9834275717442084,1.0,6
0.0008502309065070637,False,224,time1,0.976667657217486,7,time1,TIME1,0.9761521501830767,0.9370732057192648,1.0,7
0.001514897456427794,False,224,time0,0.9058535897042861,3,time0,TIME0,0.9645528841938155,0.9781841463104322,1.0,2
0.002339296087811933,False,224,time1,0.946201532350229,6,time1,TIME1,0.9643898453706459,0.9313612017710987,1.0,8
0.001482215418016167,False,224,time1,0.8547823335415603,5,time1,TIME1,0.8386989526422187,0.9356857925889693,0.0,1
0.0014531388143833983,False,225,time0,0.9795977876301735,0,time0,TIME0,0.9882664273959207,0.9838581877527011,1.0,5
0.0011085841242175726,False,225,time0,0.9385236177234447,4,time0,TIME0,0.9763733601743217,0.9835727231763876,1.0,6
0.0007999673273684374,False,225,time1,0.9747895097855692,7,time1,TIME1,0.9759332388178752,0.9371419387782098,1.0,7
0.0009399049084517589,False,225,goleiro_time1,0.9489709277856118,9,goleiro1,GOL-TIME1,0.9748779170386221,0.9648454121862229,1.0,10
0.000993764993471538,False,225,time1,0.9669599510237332,6,time1,TIME1,0.9709021038205374,0.9306770023942706,1.0,8
0.0014371757851804415,False,225,time0,0.9035351825154683,3,time0,TIME0,0.9637975374445263,0.9782155681334834,1.0,2
0.0011626837201539793,False,225,time1,0.8833073893313654,5,time1,TIME1,0.9487356540155417,0.9407706538748519,1.0,1
0.0006800088313323102,False,226,goleiro_time1,0.9711264855467587,9,goleiro1,GOL-TIME1,0.9817442879875867,0.9648454121862229,1.0,10
0.001467345394121399,False,226,time0,0.9544868791526189,0,time0,TIME0,0.9803275445161741,0.9838581877527011,1.0,5
0.0010403267598506208,False,226,time0,0.9348677680613219,4,time0,TIME0,0.9752029361045741,0.9835727231763876,1.0,6
0.0007788081126172636,False,226,time1,0.9621236676911054,7,time1,TIME1,0.9720405564359959,0.9371419387782098,1.0,7
0.0015306202171106818,False,226,time1,0.9543223498518993,6,time1,TIME1,0.9672029562138679,0.9306770023942706,1.0,8
0.0015863704144883383,False,226,time0,0.8849783929798919,3,time0,TIME0,0.958363451138909,0.9782155681334834,1.0,2
0.0009168289569931863,False,226,time1,0.9025512382719717,5,time1,TIME1,0.9548835761925255,0.9407706538748519,1.0,1
0.0010743649084228185,False,227,time0,0.9749358571318434,0,time0,TIME0,0.9870782960376244,0.9838581877527011,1.0,5
0.0007950101115915325,False,227,goleiro_time1,0.9630359923988442,9,goleiro1,GOL-TIME1,0.9793175025490799,0.9648454121862229,1.0,10
0.001076791187559265,False,227,time0,0.9404508200038081,4,time0,TIME0,0.9768564850503395,0.9835727231763876,1.0,6
0.0007149722301649003,False,227,time1,0.9748428258309344,7,time1,TIME1,0.9760428929549871,0.9371419387782098,1.0,7
0.0007725449508505322,False,227,time1,0.9372285189282511,5,time1,TIME1,0.9652837268886546,0.9407706538748519,1.0,1
0.0015059930184907796,False,227,time1,0.9457319030421169,6,time1,TIME1,0.9648450746485431,0.9306770023942706,1.0,8
0.0017028674203995228,False,227,time0,0.8706026685759828,3,time0,TIME0,0.9540574263278858,0.9782155681334834,1.0,2
0.000903067306933566,False,228,time0,0.9714249555736164,0,time0,TIME0,0.9865523303298128,0.9842507554896345,1.0,5
0.0006009578907320343,False,228,goleiro_time1,0.9639041098758449,9,goleiro1,GOL-TIME1,0.9801995795813793,0.9668939921531778,1.0,10
0.0009469524603532656,False,228,time0,0.9409892276802255,4,time0,TIME0,0.9771227558482246,0.9835427767055493,1.0,6
0.0008618196416669411,False,228,time1,0.941678788934058,5,time1,TIME1,0.9681824958652095,0.9463120386867134,1.0,1
0.0010700712450317442,False,228,time1,0.9503198563212307,7,time1,TIME1,0.9679015505142872,0.936865007610879,1.0,7
0.001405694548223845,False,228,time1,0.9348455788010785,6,time1,TIME1,0.9613966812478519,0.9304402687857125,1.0,8
0.002198193096177213,False,228,time0,0.8256460930088318,3,time0,TIME0,0.9391076957211242,0.9778819506156111,1.0,2
0.0009123593131455209,False,229,time0,0.9838222708612543,0,time0,TIME0,0.990258688180549,0.9842507554896345,1.0,5
0.0008334350546635968,False,229,time0,0.962942267218598,4,time0,TIME0,0.9836823738278205,0.9835427767055493,1.0,6
0.0006860489871145359,False,229,goleiro_time1,0.9579660970609897,9,goleiro1,GOL-TIME1,0.9784312125086888,0.9668939921531778,1.0,10
0.0009140381623722385,False,229,time1,0.9275419881636834,5,time1,TIME1,0.9639057902375786,0.9463120386867134,1.0,1
0.0015701073743224843,False,229,time1,0.9292982544800362,7,time1,TIME1,0.9612114217928487,0.936865007610879,1.0,7
0.0014604662466420667,False,229,time1,0.928705301731125,6,time1,TIME1,0.9595641375717735,0.9304402687857125,1.0,8
0.0015769184457211302,False,229,time0,0.8705441773669492,3,time0,TIME0,0.9537762927629784,0.9778819506156111,1.0,2
0.0010088420595640054,False,230,time0,0.9789414066553987,0,time0,TIME0,0.9887621971062114,0.9842507554896345,1.0,5
0.0009908244098272678,False,230,time0,0.9579222414941986,4,time0,TIME0,0.9822517096805329,0.9835427767055493,1.0,6
0.0006020355816277951,False,230,goleiro_time1,0.9545150399775716,9,goleiro1,GOL-TIME1,0.9774345269114194,0.9668939921531778,1.0,10
0.0012063822866689043,False,230,time0,0.9024206230845476,3,time0,TIME0,0.9638464791800401,0.9778819506156111,1.0,2
0.0018221817370521131,False,230,time1,0.9227869759701637,7,time1,TIME1,0.959165667673939,0.936865007610879,1.0,7
0.0019977838248387493,False,230,time1,0.9080885283608323,6,time1,TIME1,0.9527497727079576,0.9304402687857125,1.0,8
0.001208310387427928,False,230,time1,0.887843203520436,5,time1,TIME1,0.9515649193895773,0.9463120386867134,1.0,1
0.0008743063533633114,False,231,time0,0.9748749963201423,0,time0,TIME0,0.987682103286065,0.9845683020748215,1.0,5
0.0015324806747052716,False,231,time0,0.9453654773931992,4,time0,TIME0,0.9777442774021298,0.9836487497728716,1.0,6
0.0008828632136641988,False,231,goleiro_time1,0.9498138342368561,9,goleiro1,GOL-TIME1,0.9761409672211815,0.9689362281716933,1.0,10
0.0017802572613394285,False,231,time1,0.9175190739471237,6,time1,TIME1,0.9559163520393942,0.930027057564158,1.0,8
0.00123760886064004,False,231,time1,0.8969673571926664,5,time1,TIME1,0.9556162745304717,0.9512711130330112,1.0,1
0.001791975654916893,False,231,time0,0.8695613642644713,3,time0,TIME0,0.9532024968164127,0.9775660701005899,1.0,2
0.0023414063380841443,False,231,time1,0.9045149253579529,7,time1,TIME1,0.9529654281543611,0.9370015643142229,1.0,7
0.0010522452689657464,False,232,time0,0.9798928663295494,0,time0,TIME0,0.988914503194061,0.9845683020748215,1.0,5
0.0017538409280775159,False,232,time0,0.9423871540455713,4,time0,TIME0,0.9768694262299683,0.9836487497728716,1.0,6
0.0008809279156724793,False,232,goleiro_time1,0.928719572672206,9,goleiro1,GOL-TIME1,0.9698214190737585,0.9689362281716933,1.0,10
0.0016858333563881855,False,232,time1,0.938499767409325,7,time1,TIME1,0.9635496830528125,0.9370015643142229,1.0,7
0.002490003542963761,False,232,time1,0.8882637927407878,6,time1,TIME1,0.9461377859138737,0.930027057564158,1.0,8
0.0012486239817655182,False,232,time1,0.8654877355920483,5,time1,TIME1,0.9456577863737423,0.9512711130330112,1.0,1
0.0026975987911754293,False,232,time0,0.8279490046118958,3,time0,TIME0,0.9396512930550377,0.9775660701005899,1.0,2
0.0016761871164527233,False,233,time0,0.9712324742349744,0,time0,TIME0,0.9855595989705839,0.9845683020748215,1.0,5
0.0018025180314947755,False,233,time0,0.9404160994074281,4,time0,TIME0,0.9760729364062312,0.9836487497728716,1.0,6
0.000859808691560119,False,233,goleiro_time1,0.9351040355026333,9,goleiro1,GOL-TIME1,0.9719357893543131,0.9689362281716933,1.0,10
0.0019175756990958697,False,233,time0,0.8864386641126315,3,time0,TIME0,0.9579562960378204,0.9775660701005899,1.0,2
0.00208701241007428,False,233,time1,0.9184058463242227,7,time1,TIME1,0.9575918871892027,0.9370015643142229,1.0,7
0.0012029193895661415,False,233,time1,0.8636221954418317,5,time1,TIME1,0.9457791137317709,0.9512711130330112,1.0,1
0.002844211075037898,False,233,time1,0.8728396385820946,6,time1,TIME1,0.9415313346385649,0.930027057564158,1.0,8
0.0031047402921764475,False,234,time0,0.952492009367072,0,time0,TIME0,0.9781538953941242,0.9848358417632159,1.0,5
0.000978563463956512,False,234,goleiro_time1,0.9351613249574899,9,goleiro1,GOL-TIME1,0.972238065016787,0.9707579232773645,1.0,10
0.0020692037506583774,False,234,time0,0.9258561241479016,4,time0,TIME0,0.9716815969678866,0.9840166780370432,1.0,6
0.0020471745906980522,False,234,time1,0.9310443331367856,7,time1,TIME1,0.9612451926022456,0.9364909257995376,1.0,7
0.0019969147454621024,False,234,time0,0.8887071793826975,3,time0,TIME0,0.9590359763690285,0.9772205870208774,1.0,2
0.002069118682614785,False,234,time1,0.9039066705199451,6,time1,TIME1,0.9510647575079355,0.929247840102789,1.0,8
0.0013385746713100136,False,234,time1,0.8454954718905725,5,time1,TIME1,0.9411027721071464,0.955285178998788,1.0,1
0.0037336970415309586,False,235,time0,0.9428447478312229,0,time0,TIME0,0.9752231731688381,0.9848358417632159,1.0,5
0.0019274732469158368,False,235,time0,0.9365783749625993,4,time0,TIME0,0.9750899561002283,0.9840166780370432,1.0,6
0.0007612549820193264,False,235,goleiro_time1,0.9423220609406491,9,goleiro1,GOL-TIME1,0.9745264302419253,0.9707579232773645,1.0,10
0.0011654878269496875,False,235,time0,0.936165008653586,3,time0,TIME0,0.9735196670241818,0.9772205870208774,1.0,2
0.0016427229066021145,False,235,time1,0.9505681658612493,7,time1,TIME1,0.9675167133145315,0.9364909257995376,1.0,7
0.0012231049756657195,False,235,time1,0.9408839899506897,6,time1,TIME1,0.9628883190164846,0.929247840102789,1.0,8
0.000702061693457453,False,235,time1,0.9142811521665468,5,time1,TIME1,0.9620242913738665,0.955285178998788,1.0,1
0.0008322657478659267,False,236,time0,0.9622834621038412,3,time0,TIME0,0.9818511498271926,0.9772205870208774,1.0,2
0.0034233997720191593,False,236,time0,0.9485191868096333,0,time0,TIME0,0.9774409634609603,0.9848358417632159,1.0,5
0.0017409829906947323,False,236,time0,0.9435818588407747,4,time0,TIME0,0.9773550892402466,0.9840166780370432,1.0,6
0.0008785599178865092,False,236,goleiro_time1,0.9282161403455886,9,goleiro1,GOL-TIME1,0.970254798609458,0.9707579232773645,1.0,10
0.0013706014909736681,False,236,time1,0.9544060469985336,7,time1,TIME1,0.9689382281401644,0.9364909257995376,1.0,7
0.0014545528270927244,False,236,time1,0.9382559417616213,6,time1,TIME1,0.9620410590038028,0.929247840102789,1.0,8
0.0012987246220496562,False,236,time1,0.8960109167575608,5,time1,TIME1,0.9556931963924512,0.955285178998788,1.0,1
0.0005706627360778875,False,237,time0,0.9690817531304562,3,time0,TIME0,0.984177456961334,0.9768264487736604,1.0,2
0.002978962319417744,False,237,time0,0.949822008125983,0,time0,TIME0,0.9781486992735301,0.9849950226470257,1.0,5
0.002011130416441403,False,237,time0,0.9444041074167109,4,time0,TIME0,0.977436596975336,0.9845511001188263,1.0,6
0.0009523173750108465,False,237,time1,0.9458933637466217,5,time1,TIME1,0.972163567932334,0.9583839081364185,1.0,1
0.0012527122263948395,False,237,time1,0.957928790525803,7,time1,TIME1,0.9699070720901485,0.93589210891406,1.0,7
0.0009723679994687461,False,237,goleiro_time1,0.9233511739631184,9,goleiro1,GOL-TIME1,0.9692090315374092,0.9726291235289046,1.0,10
0.00249672413486566,False,237,time1,0.9285619499497348,6,time1,TIME1,0.9578345079647009,0.9297109384073192,1.0,8
0.00229169023566118,False,238,time0,0.9625837880034763,0,time0,TIME0,0.9824704279241192,0.9849950226470257,1.0,5
0.0013633900802706366,False,238,time0,0.9547428881868191,4,time0,TIME0,0.9808701773742572,0.9845511001188263,1.0,6
0.0011671483854647422,False,238,time0,0.9348992017234319,3,time0,TIME0,0.9732032558514889,0.9768264487736604,1.0,2
0.0011830843574019256,False,238,goleiro_time1,0.9170921588717235,9,goleiro1,GOL-TIME1,0.9670361703481004,0.9726291235289046,1.0,10
0.001980900523912302,False,238,time1,0.9441812409516361,7,time1,TIME1,0.9649283587318017,0.93589210891406,1.0,7
0.00099189760921691,False,238,time1,0.9170475938577006,5,time1,TIME1,0.9636774205564801,0.9583839081364185,1.0,1
0.00237592361671866,False,238,time1,0.9245771128496304,6,time1,TIME1,0.9574774772668043,0.9297109384073192,1.0,8
0.001762640708510518,False,239,time0,0.9675403098676961,0,time0,TIME0,0.9845360596285424,0.9849950226470257,1.0,5
0.0011628494188495764,False,239,time0,0.9599807332248179,4,time0,TIME0,0.9829320155326315,0.9845511001188263,1.0,6
0.0007946786600858064,False,239,goleiro_time1,0.9367160890700091,9,goleiro1,GOL-TIME1,0.9731727779682028,0.9726291235289046,1.0,10
0.0012636378420851386,False,239,time1,0.9601181211074034,7,time1,TIME1,0.9703590982921666,0.93589210891406,1.0,7
0.0008640513249479442,False,239,time1,0.9136783218958947,5,time1,TIME1,0.9623256995367986,0.9583839081364185,1.0,1
0.0017939197735772545,False,239,time0,0.8977093288700618,3,time0,TIME0,0.9612466611131326,0.9768264487736604,1.0,2
0.0024271551424830695,False,239,time1,0.9260048964760638,6,time1,TIME1,0.9579507199398113,0.9297109384073192,1.0,8
0.0014402657249317817,False,240,time0,0.9724081991672475,0,time0,TIME0,0.9864695018731038,0.985104827315458,1.0,5
0.0009522439957060686,False,240,time0,0.9645206086199068,4,time0,TIME0,0.9845926985153022,0.9850433962426798,1.0,6
0.0009563642761380659,False,240,goleiro_time1,0.930316403114988,9,goleiro1,GOL-TIME1,0.9716820955551292,0.9743430551744399,1.0,10
0.0015040984687413152,False,240,time1,0.9635493875564013,7,time1,TIME1,0.9713724672230543,0.9354215007260712,1.0,7
0.001122643404200702,False,240,time1,0.8958248577823195,5,time1,TIME1,0.9574521796055676,0.9600334030759543,1.0,1
0.002042576803639683,False,240,time1,0.9218988587751288,6,time1,TIME1,0.9568565239059569,0.930184233377867,1.0,8
0.0025023273699201743,False,240,time0,0.8540073480472163,3,time0,TIME0,0.947494898558054,0.9763019460679621,1.0,2
0.0011507740858220272,False,241,time0,0.9589262114787216,0,time0,TIME0,0.9825367727495963,0.985104827315458,1.0,5
0.0006382514612930431,False,241,time0,0.9515753505103955,4,time0,TIME0,0.9808264581008539,0.9850433962426798,1.0,6
0.0008113184456202914,False,241,goleiro_time1,0.9348625415710025,9,goleiro1,GOL-TIME1,0.9731925782852546,0.9743430551744399,1.0,10
0.001174001774427058,False,241,time1,0.9674623161373639,7,time1,TIME1,0.9726831037401493,0.9354215007260712,1.0,7
0.0012514034123348409,False,241,time1,0.9380022098096521,6,time1,TIME1,0.9620970820731394,0.930184233377867,1.0,8
0.0018170441034270303,False,241,time0,0.8881104740124235,3,time0,TIME0,0.9583786700345069,0.9763019460679621,1.0,2
0.0012235664643907534,False,241,time1,0.8934464793164686,5,time1,TIME1,0.9565526939390127,0.9600334030759543,1.0,1
0.0007809179299732225,False,242,time0,0.9614114027496339,4,time0,TIME0,0.9838536980405996,0.9850433962426798,1.0,6
0.0007401296429649011,False,242,time0,0.9620501460353322,0,time0,TIME0,0.9837945911368441,0.985104827315458,1.0,5
0.0009148274769293848,False,242,time1,0.967655457708155,7,time1,TIME1,0.9731144971303828,0.9354215007260712,1.0,7
0.0009888509610908077,False,242,goleiro_time1,0.9125376925780633,9,goleiro1,GOL-TIME1,0.9662924256519965,0.9743430551744399,1.0,10
0.0009960882385399185,False,242,time1,0.922128239246106,5,time1,TIME1,0.9655498638175876,0.9600334030759543,1.0,1
0.0017249091349311669,False,242,time1,0.9294078044531053,6,time1,TIME1,0.9593308659944348,0.930184233377867,1.0,8
0.002606092633536143,False,242,time0,0.8407170666087327,3,time0,TIME0,0.9433823469654816,0.9763019460679621,1.0,2
0.0006488990365202532,False,243,time0,0.9774649967706892,0,time0,TIME0,0.9888515045442747,0.9853170894075002,1.0,5
0.0010917498510567072,False,243,time0,0.9502786074800158,4,time0,TIME0,0.9801971563729281,0.9853061969280653,1.0,6
0.0008323227845821775,False,243,time1,0.9690166857133884,5,time1,TIME1,0.9799128367374664,0.9617997987433584,1.0,1
0.0006988503206973211,False,243,time1,0.9733872835323055,7,time1,TIME1,0.9748893095225529,0.934905368234374,1.0,7
0.000938929981051406,False,243,goleiro_time1,0.9092181374367787,9,goleiro1,GOL-TIME1,0.9653095621915099,0.9742796656315769,1.0,10
0.0022892920960811383,False,243,time1,0.8944424121613177,6,time1,TIME1,0.9484620965494549,0.9309265002133966,1.0,8
0.002599177878695053,False,243,time0,0.8318018648687011,3,time0,TIME0,0.9410776022932491,0.9761512705036075,1.0,2
0.0006082506355759811,False,244,time0,0.9890802084364044,0,time0,TIME0,0.9923534622654205,0.9853170894075002,1.0,5
0.000820148313732834,False,244,time1,0.9706120765958297,7,time1,TIME1,0.9738941511136584,0.934905368234374,1.0,7
0.0010002848204613973,False,244,time1,0.9317010244836597,5,time1,TIME1,0.9686863700392429,0.9617997987433584,1.0,1
0.0010005093957673177,False,244,goleiro_time1,0.9111209610048272,9,goleiro1,GOL-TIME1,0.9658869031963407,0.9742796656315769,1.0,10
0.001481169925266677,False,244,time1,0.9364681799861505,6,time1,TIME1,0.9617324009780964,0.9309265002133966,1.0,8
0.0020673075774729666,False,244,time0,0.8914708981806786,4,time0,TIME0,0.9611244109445393,0.9853061969280653,1.0,6
0.0038052693538714235,False,244,time0,0.7533587333530245,3,time0,TIME0,0.915761862985034,0.9761512705036075,1.0,2
0.0007232238303933304,False,245,time0,0.9856417304790716,0,time0,TIME0,0.9912680031868301,0.9853170894075002,1.0,5
0.0006315279472064405,False,245,time1,0.9567884269888488,5,time1,TIME1,0.9766609299982859,0.9617997987433584,1.0,1
0.0007940361582527475,False,245,time1,0.9742642705059941,7,time1,TIME1,0.9752465613405986,0.934905368234374,1.0,7
0.002147574796284295,False,245,time0,0.905659752111407,4,time0,TIME0,0.9655768677039598,0.9853061969280653,1.0,6
0.0010928787884138431,False,245,time1,0.9376111919353001,6,time1,TIME1,0.9627003442269103,0.9309265002133966,1.0,8
0.001290831584707257,False,245,goleiro_time1,0.8871646566494786,9,goleiro1,GOL-TIME1,0.9583305154946723,0.9742796656315769,1.0,10
0.002743577094675371,False,245,time0,0.7988527759373423,3,time0,TIME0,0.9304664593052686,0.9761512705036075,1.0,2
0.00043962258509974516,False,246,time0,0.9828279384466926,0,time0,TIME0,0.9906683006476141,0.9856617240454159,1.0,5
0.0006672100411325078,False,246,time1,0.9831188271994441,7,time1,TIME1,0.9777640366853672,0.934667323004265,1.0,7
0.0006130285157953389,False,246,time1,0.9440375751404252,5,time1,TIME1,0.972989289072253,0.964091489025303,1.0,1
0.002055465153389196,False,246,time0,0.9168428686465394,4,time0,TIME0,0.9695040187594621,0.9858413401008606,1.0,6
0.0010924128622972224,False,246,goleiro_time1,0.919977117430122,9,goleiro1,GOL-TIME1,0.9680583226145206,0.9734724398873416,1.0,10
0.0008434940802457005,False,246,time1,0.9411664876139548,6,time1,TIME1,0.9642075444117129,0.9313648942624546,1.0,8
0.0021377105830157612,False,246,time0,0.8364293349302135,3,time0,TIME0,0.9425601471780385,0.9761948105281602,1.0,2
0.0007704351334945733,False,247,time0,0.9786777106647154,0,time0,TIME0,0.9890918636578725,0.9856617240454159,1.0,5
0.001077327787254086,False,247,goleiro_time1,0.9425040009723047,9,goleiro1,GOL-TIME1,0.974890449901192,0.9734724398873416,1.0,10
0.001039720460639167,False,247,time1,0.9726179841413071,7,time1,TIME1,0.9741833914787942,0.934667323004265,1.0,7
0.0017809851017887373,False,247,time0,0.9274995635099588,4,time0,TIME0,0.9729039807620092,0.9858413401008606,1.0,6
0.0012553206550444734,False,247,time0,0.9196005897174641,3,time0,TIME0,0.967917182635324,0.9761948105281602,1.0,2
0.0011469624746779747,False,247,time1,0.9269376671913254,5,time1,TIME1,0.9668617412734272,0.964091489025303,1.0,1
0.0009911696605385384,False,247,time1,0.9449330798392773,6,time1,TIME1,0.9651505638258612,0.9313648942624546,1.0,8
0.0006017208515123171,False,248,time0,0.9835507304172463,0,time0,TIME0,0.99080828801565,0.9856617240454159,1.0,5
0.0007448973496523279,False,248,goleiro_time1,0.9614026881693217,9,goleiro1,GOL-TIME1,0.9808843713782086,0.9734724398873416,1.0,10
0.0006327670076352747,False,248,time1,0.9807334585325529,7,time1,TIME1,0.9769771626833029,0.934667323004265,1.0,7
0.000560711236069968,False,248,time1,0.9714033881377427,6,time1,TIME1,0.9732130712450194,0.9313648942624546,1.0,8
0.0016450976687045278,False,248,time0,0.921361291840973,4,time0,TIME0,0.9710835542477874,0.9858413401008606,1.0,6
0.001252216537285868,False,248,time1,0.9316470305483182,5,time1,TIME1,0.9692055596430412,0.964091489025303,1.0,1
0.0021031807498099265,False,248,time0,0.855185267508448,3,time0,TIME0,0.947879733280748,0.9761948105281602,1.0,2
0.00032373791217028206,False,249,time0,0.991235154163667,0,time0,TIME0,0.9933763448623404,0.9859948088051917,1.0,5
0.0011724282320787311,False,249,time0,0.9469650798187957,4,time0,TIME0,0.9792378654887145,0.9862124377952797,1.0,6
0.0007145000267626202,False,249,time1,0.9759707312731231,7,time1,TIME1,0.9755110133648098,0.9337740915354689,1.0,7
0.000805229749103268,False,249,goleiro_time1,0.9434934228997967,9,goleiro1,GOL-TIME1,0.9750842263498228,0.9717444398607789,1.0,10
0.0009371299152740229,False,249,time1,0.9431175768827804,5,time1,TIME1,0.9730676424326393,0.9651656369717279,1.0,1
0.000891067842479246,False,249,time1,0.959512650685144,6,time1,TIME1,0.9698930758113017,0.9323860371867723,1.0,8
0.0013482206947873496,False,249,time0,0.9126478308774246,3,time0,TIME0,0.9660600647631962,0.9762388199119287,1.0,2
0.000661903191367277,False,250,time0,0.9857589708758219,0,time0,TIME0,0.99138314468743,0.9859948088051917,1.0,5
0.0011148863025615494,False,250,time0,0.9634694308861455,4,time0,TIME0,0.9843077262528985,0.9862124377952797,1.0,6
0.0006633364147353022,False,250,time1,0.9562309176849666,5,time1,TIME1,0.977354409882151,0.9651656369717279,1.0,1
0.0008621869169925515,False,250,time0,0.9461047028336643,3,time0,TIME0,0.9767658589355225,0.9762388199119287,1.0,2
0.0008022658420959011,False,250,goleiro_time1,0.9455265896359012,9,goleiro1,GOL-TIME1,0.9758467548493398,0.9717444398607789,1.0,10
0.0012239275165452357,False,250,time1,0.9629564726004409,7,time1,TIME1,0.9708510884386735,0.9337740915354689,1.0,7
0.0013303277249312967,False,250,time1,0.9486863070385505,6,time1,TIME1,0.9661836872514605,0.9323860371867723,1.0,8
0.00035636210214768505,False,251,time0,0.9878694304268468,0,time0,TIME0,0.9922378806677631,0.9859948088051917,1.0,5
0.0009558288669629387,False,251,time0,0.9651835208770188,4,time0,TIME0,0.9850000623633439,0.9862124377952797,1.0,6
0.0005063946408620575,False,251,time0,0.9606181830742684,3,time0,TIME0,0.981388919675877,0.9762388199119287,1.0,2
0.0004807144275727801,False,251,time1,0.9582179448892686,5,time1,TIME1,0.9777892701327778,0.9651656369717279,1.0,1
0.0009781528428911325,False,251,time1,0.9721378539804648,7,time1,TIME1,0.9740039969991255,0.9337740915354689,1.0,7
0.0009827835315846822,False,251,goleiro_time1,0.9183073618164408,9,goleiro1,GOL-TIME1,0.9671664581901972,0.9717444398607789,1.0,10
0.0022779295596631276,False,251,time1,0.9198616804748089,6,time1,TIME1,0.9563344217229516,0.9323860371867723,1.0,8
0.0006229481423441771,False,252,time0,0.9818289163472063,0,time0,TIME0,0.9903454600397376,0.9862969730906099,1.0,5
0.00022279196153338627,False,252,time1,0.9810167656545749,5,time1,TIME1,0.9852494180943729,0.9657456748512216,1.0,1
0.0013568434124731298,False,252,time0,0.9588407940465105,4,time0,TIME0,0.9827869407749,0.986568625034205,1.0,6
0.001234295103186221,False,252,time1,0.9646708859917703,7,time1,TIME1,0.9714131099145122,0.9336865164895234,1.0,7
0.0012996643750045032,False,252,goleiro_time1,0.8941460001489525,9,goleiro1,GOL-TIME1,0.9595465057789161,0.9709211208125823,1.0,10
0.00216861127927792,False,252,time1,0.9177062065153208,6,time1,TIME1,0.9572720264813588,0.9363421362434892,1.0,8
0.00179566150388963,False,252,time0,0.8838441663881148,3,time0,TIME0,0.9568629505908458,0.9769999122934215,1.0,2
0.000338404600712762,False,253,time0,0.9884340203504428,0,time0,TIME0,0.9925943551342503,0.9862969730906099,1.0,5
0.0011543454284460106,False,253,time0,0.9696269165571985,4,time0,TIME0,0.9862953334034813,0.986568625034205,1.0,6
0.000856821948220439,False,253,time1,0.9727905837171897,7,time1,TIME1,0.9742199589478496,0.9336865164895234,1.0,7
0.0007248130659558061,False,253,time1,0.9362995298606526,5,time1,TIME1,0.9710763993783479,0.9657456748512216,1.0,1
0.0014087251784486096,False,253,goleiro_time1,0.8900474058639873,9,goleiro1,GOL-TIME1,0.9582413778208214,0.9709211208125823,1.0,10
0.0018746492387170589,False,253,time0,0.8801811956251409,3,time0,TIME0,0.9555711160413162,0.9769999122934215,1.0,2
0.0027728770830943664,False,253,time1,0.889439542260991,6,time1,TIME1,0.9479350484710531,0.9363421362434892,1.0,8
0.00033939354377678554,False,254,time0,0.9847057475891875,0,time0,TIME0,0.9914673603890322,0.9862969730906099,1.0,5
0.0010983477112010574,False,254,time0,0.9663015346861654,4,time0,TIME0,0.9854232385311904,0.986568625034205,1.0,6
0.0004818027249167241,False,254,time1,0.9652040908578055,5,time1,TIME1,0.9800999512596748,0.9657456748512216,1.0,1
0.0013904121715986877,False,254,time1,0.9623280942491489,7,time1,TIME1,0.9704914771511606,0.9336865164895234,1.0,7
0.0014502282101896053,False,254,time0,0.9011211210053985,3,time0,TIME0,0.9629749738073334,0.9769999122934215,1.0,2
0.001793012922257588,False,254,time1,0.9228492603337192,6,time1,TIME1,0.9586133950034841,0.9363421362434892,1.0,8
0.001733770605930133,False,254,goleiro_time1,0.8609460181916746,9,goleiro1,GOL-TIME1,0.9491863837211406,0.9709211208125823,1.0,10
0.0001324095056703092,False,255,time0,0.9916415195973057,0,time0,TIME0,0.9937605967324113,0.986360632027673,1.0,5
0.0006324587712635823,False,255,time0,0.9656082662337511,4,time0,TIME0,0.9854889624914219,0.9868964031089551,1.0,6
0.00025731302818511023,False,255,time1,0.9590807110709513,5,time1,TIME1,0.9788908339684707,0.9664654479471253,1.0,1
0.0013283323056950283,False,255,time1,0.9680171070866475,7,time1,TIME1,0.9725531006278406,0.9339842006268964,1.0,7
0.0015247976017452754,False,255,time1,0.9266731787285089,6,time1,TIME1,0.9610973100808599,0.9400045076855272,1.0,8
0.0015652313303429002,False,255,goleiro_time1,0.8681819875431895,9,goleiro1,GOL-TIME1,0.9511568922228452,0.9704856509894881,1.0,10
0.002142905361586158,False,255,time0,0.8465802168346068,3,time0,TIME0,0.9451303176085738,0.9770541221265887,1.0,2
0.0004637079619725318,False,256,time0,0.9799653334521543,0,time0,TIME0,0.9898846670743623,0.986360632027673,1.0,5
0.0006339568779549327,False,256,time0,0.9605719352955328,4,time0,TIME0,0.9842252667347705,0.9868964031089551,1.0,6
0.0002533365841779652,False,256,time1,0.974973519059045,5,time1,TIME1,0.9837684329121107,0.9664654479471253,1.0,1
0.0011561516632799902,False,256,time1,0.9725724813085209,7,time1,TIME1,0.9740989727285018,0.9339842006268964,1.0,7
0.0017371883715135857,False,256,time1,0.9183377897535091,6,time1,TIME1,0.9587537662645248,0.9400045076855272,1.0,8
0.0016584520527997246,False,256,goleiro_time1,0.858424957974201,9,goleiro1,GOL-TIME1,0.948576133018866,0.9704856509894881,1.0,10
0.0027660612496169445,False,256,time0,0.7892955973445743,3,time0,TIME0,0.9276254217833071,0.9770541221265887,1.0,2
0.0002647746915392813,False,257,time0,0.991239167739975,0,time0,TIME0,0.9935118927700753,0.986360632027673,1.0,5
0.0004945390669471212,False,257,time0,0.9728425260653317,4,time0,TIME0,0.9880045694183829,0.9868964031089551,1.0,6
0.0002648809183647083,False,257,time1,0.9654830686593656,5,time1,TIME1,0.9808226994154247,0.9664654479471253,1.0,1
0.0007291731278770885,False,257,time1,0.9750899616282869,7,time1,TIME1,0.9749736868285915,0.9339842006268964,1.0,7
0.0016691478981890747,False,257,time1,0.9265260414032676,6,time1,TIME1,0.9611156579091643,0.9400045076855272,1.0,8
0.0018588590513278634,False,257,goleiro_time1,0.8400627034452955,9,goleiro1,GOL-TIME1,0.9422698885915929,0.9704856509894881,1.0,10
0.003002245421303079,False,257,time0,0.7465371565869034,3,time0,TIME0,0.9149823589468621,0.9770541221265887,1.0,2
0.00038754092004473047,False,258,time0,0.9873092619534503,0,time0,TIME0,0.9922981190174996,0.986165949433085,1.0,5
0.0005648379020166878,False,258,time0,0.9741048350830017,4,time0,TIME0,0.9884409644323853,0.98719367132851,1.0,6
0.0008227695675264447,False,258,time1,0.9647956007275277,7,time1,TIME1,0.9719673137613333,0.933452105303768,1.0,7
0.000908657446271446,False,258,time1,0.890265447624903,5,time1,TIME1,0.9576944792777392,0.9676493944848925,1.0,1
0.0024809796201410907,False,258,time1,0.8898743426015951,6,time1,TIME1,0.9498296822035782,0.9427228843399769,1.0,8
0.0017433043958690404,False,258,time0,0.8439418279749072,3,time0,TIME0,0.9449898297325504,0.9770690340217085,1.0,2
0.001940461816777775,False,258,goleiro_time1,0.8290327612282444,9,goleiro1,GOL-TIME1,0.9398596700427759,0.9723252590347665,1.0,10
0.0006101639630678924,False,259,time0,0.987125584927831,0,time0,TIME0,0.9919003721968477,0.986165949433085,1.0,5
0.0016476686500983312,False,259,time0,0.9350764072149303,4,time0,TIME0,0.9750832095103151,0.98719367132851,1.0,6
0.0006648234279476855,False,259,time1,0.9702012112950065,7,time1,TIME1,0.973705911509196,0.933452105303768,1.0,7
0.001272410132336115,False,259,time0,0.8757510645223073,3,time0,TIME0,0.9553079041038898,0.9770690340217085,1.0,2
0.0012421420349477416,False,259,time1,0.8785183806782815,5,time1,TIME1,0.9535000537817376,0.9676493944848925,1.0,1
0.002649591842116849,False,259,time1,0.8793131910793245,6,time1,TIME1,0.9469494498029422,0.9427228843399769,1.0,8
0.0016619664669365204,False,259,goleiro_time1,0.8439489516970281,9,goleiro1,GOL-TIME1,0.9444596534044415,0.9723252590347665,1.0,10
0.0015378643129907675,False,260,time0,0.9775212647994579,0,time0,TIME0,0.9877253219080434,0.986165949433085,1.0,5
0.0015528053351509257,False,260,time0,0.946315209498497,4,time0,TIME0,0.9790823114601434,0.98719367132851,1.0,6
0.00017511030845256869,False,260,time1,0.9870978137788369,7,time1,TIME1,0.9789459461116856,0.933452105303768,1.0,7
0.0008808174137990602,False,260,time1,0.9153351061528572,5,time1,TIME1,0.9654059172747821,0.9676493944848925,1.0,1
0.0017129835909269404,False,260,time0,0.8624421076299953,3,time0,TIME0,0.9511351940642147,0.9770690340217085,1.0,2
0.0026933469042027093,False,260,time1,0.8741714229400833,6,time1,TIME1,0.9452857964255691,0.9427228843399769,1.0,8
0.0016235004509350117,False,260,goleiro_time1,0.8417398181948702,9,goleiro1,GOL-TIME1,0.9440301801606596,0.9723252590347665,1.0,10
0.0018632696021070793,False,261,time0,0.9637237405543748,0,time0,TIME0,0.9836015310317564,0.9858529545609295,1.0,5
0.001479930486036122,False,261,time0,0.9524432249804775,4,time0,TIME0,0.9812036753630932,0.9876999369979942,1.0,6
0.0004107494791628592,False,261,time1,0.9838704834473114,7,time1,TIME1,0.9778159971905506,0.9327584469183148,1.0,7
0.0012078146983189565,False,261,goleiro_time1,0.8775856678963333,9,goleiro1,GOL-TIME1,0.9553883128756296,0.9739763956327884,1.0,10
0.0022613631534334207,False,261,time0,0.8422503343312859,3,time0,TIME0,0.9442975112411193,0.9771687614198774,1.0,2
0.003438482790710097,False,261,time1,0.8343530418966091,6,time1,TIME1,0.932804033946653,0.944568169989824,1.0,8
0.008529939403733278,False,261,time1,0.6525867655959736,5,time1,TIME1,0.8751871194414355,0.9704939659809144,1.0,1
0.001369425149286897,False,262,time0,0.959915782369823,4,time0,TIME0,0.9835794403464532,0.9876999369979942,1.0,6
0.0022786038267262046,False,262,time0,0.9580387184085178,0,time0,TIME0,0.981514431273599,0.9858529545609295,1.0,5
0.00045316988749990734,False,262,time1,0.9812286353067177,7,time1,TIME1,0.9770117778845205,0.9327584469183148,1.0,7
0.0007923166148983065,False,262,goleiro_time1,0.9211661441999413,9,goleiro1,GOL-TIME1,0.9688165781065251,0.9739763956327884,1.0,10
0.001989147362061956,False,262,time0,0.8700432767732077,3,time0,TIME0,0.9529304903163317,0.9771687614198774,1.0,2
0.0031543661315607914,False,262,time1,0.834719300276948,6,time1,TIME1,0.9333713715679937,0.944568169989824,1.0,8
0.0011941796762631564,False,263,time0,0.960132904462518,4,time0,TIME0,0.9837209690410148,0.9876999369979942,1.0,6
0.0018373933318700068,False,263,time0,0.95462290536367,0,time0,TIME0,0.9807531949906747,0.9858529545609295,1.0,5
0.0006528774827650655,False,263,time1,0.9774550356878364,7,time1,TIME1,0.9756647111883613,0.9327584469183148,1.0,7
0.0006223694956583439,False,263,goleiro_time1,0.9380181097397462,9,goleiro1,GOL-TIME1,0.9742165721315384,0.9739763956327884,1.0,10
0.0013704024577266378,False,263,time0,0.9155404268572738,3,time0,TIME0,0.9672182640623012,0.9771687614198774,1.0,2
0.0032830093605358515,False,263,time1,0.8190241858189784,6,time1,TIME1,0.9286492707359921,0.944568169989824,1.0,8
0.010413697416858473,False,263,time1,0.5744139072923979,5,time1,TIME1,0.8425862538799712,0.9704939659809144,1.0,1
0.0007436800973797072,False,264,time0,0.9745276711046313,0,time0,TIME0,0.9872616473472575,0.985663796714008,1.0,5
0.0008498200148690265,False,264,time0,0.9617421938962324,4,time0,TIME0,0.98455189786032,0.9881519898459286,1.0,6
0.0008291816524839937,False,264,time0,0.951461055144278,3,time0,TIME0,0.9782862524934576,0.9768256311675567,1.0,2
0.0013192262370134693,False,264,time1,0.9673209628123256,7,time1,TIME1,0.971088629372232,0.9313576190633419,1.0,7
0.0009591283381804293,False,264,goleiro_time1,0.9142257683576304,9,goleiro1,GOL-TIME1,0.9669793005647269,0.9753698331705238,1.0,10
0.0017720504679431194,False,264,time1,0.9181711990809708,5,time1,TIME1,0.9605832823341577,0.9706900275680643,1.0,1
0.0027787684239148377,False,264,time1,0.8456059209675013,6,time1,TIME1,0.9375680994327186,0.9474643734788168,1.0,8
0.0007692735109603831,False,265,time0,0.9619703929479976,4,time0,TIME0,0.9848614512748818,0.9881519898459286,1.0,6
0.0009585422778037741,False,265,time0,0.9653613207109273,0,time0,TIME0,0.9845393998341536,0.985663796714008,1.0,5
0.0009590926225896082,False,265,time0,0.9390110734701301,3,time0,TIME0,0.9748517428559711,0.9768256311675567,1.0,2
0.0014357067921070635,False,265,time1,0.964334642853371,7,time1,TIME1,0.9706166799749866,0.9313576190633419,1.0,7
0.0011364814639788668,False,265,time1,0.9140905124096002,5,time1,TIME1,0.9650366444114623,0.9706900275680643,1.0,1
0.0011308486823901277,False,265,goleiro_time1,0.8996871452408407,9,goleiro1,GOL-TIME1,0.9625983225482231,0.9753698331705238,1.0,10
0.0024457592855127146,False,265,time1,0.8683783832097572,6,time1,TIME1,0.9447892410720341,0.9474643734788168,1.0,8
0.00041510853996530806,False,266,time0,0.9638159167985991,4,time0,TIME0,0.985490695164972,0.9881519898459286,1.0,6
0.0009768425136242507,False,266,time0,0.9655313909973222,0,time0,TIME0,0.9851736867216222,0.985663796714008,1.0,5
0.000910897246732181,False,266,time1,0.9297616283723179,5,time1,TIME1,0.9705281015828403,0.9706900275680643,1.0,1
0.001555508464230767,False,266,time1,0.9542512688852769,7,time1,TIME1,0.9676093632886439,0.9313576190633419,1.0,7
0.0008973952923094553,False,266,goleiro_time1,0.9151851770733929,9,goleiro1,GOL-TIME1,0.9671848732976789,0.9753698331705238,1.0,10
0.0020853651637339856,False,266,time0,0.8692740494781457,3,time0,TIME0,0.9522371374250388,0.9768256311675567,1.0,2
0.00290118848176198,False,266,time1,0.8516890473600062,6,time1,TIME1,0.9393906130809506,0.9474643734788168,1.0,8
0.0014941452911829177,False,267,time0,0.948240814836269,0,time0,TIME0,0.9791783113272315,0.9856701043912819,1.0,5
0.00037955843138168417,False,267,time0,0.9307081922215343,4,time0,TIME0,0.9759298505396229,0.9885392543326619,1.0,6
0.0007686300891802878,False,267,time1,0.930409336023659,5,time1,TIME1,0.9702102480204956,0.9688555710249593,1.0,1
0.0017548709440709835,False,267,time1,0.9469896079709044,7,time1,TIME1,0.9647485346627084,0.9295837780040891,1.0,7
0.001120762058396935,False,267,goleiro_time1,0.893729569531097,9,goleiro1,GOL-TIME1,0.9610697002670171,0.9767074523406751,1.0,10
0.0023868153567122106,False,267,time1,0.8804468317281818,6,time1,TIME1,0.949085509314081,0.9499715344928796,1.0,8
0.003562360261120866,False,267,time0,0.7868975489505353,3,time0,TIME0,0.9259489944522232,0.9765087148346407,1.0,2
0.0007090988012543712,False,268,time0,0.9606993737845091,4,time0,TIME0,0.9844647353530579,0.9885392543326619,1.0,6
0.0012524955518105247,False,268,time0,0.9571742390427732,0,time0,TIME0,0.9822504424981825,0.9856701043912819,1.0,5
0.0009848988686228589,False,268,time1,0.9526000928349504,7,time1,TIME1,0.9667190816241472,0.9295837780040891,1.0,7
0.0013146573471149465,False,268,goleiro_time1,0.8766036665438589,9,goleiro1,GOL-TIME1,0.9558033691892284,0.9767074523406751,1.0,10
0.0020328961468621567,False,268,time1,0.8893689782081353,6,time1,TIME1,0.9520237268536876,0.9499715344928796,1.0,8
0.0020059947309394558,False,268,time1,0.8675506745740678,5,time1,TIME1,0.9493884514946497,0.9688555710249593,1.0,1
0.002773756336002944,False,268,time0,0.8309664651432815,3,time0,TIME0,0.9403139125196758,0.9765087148346407,1.0,2
0.0002174057798649074,False,269,time0,0.9841476863798858,4,time0,TIME0,0.9916136691286296,0.9885392543326619,1.0,6
0.001363435211789947,False,269,time0,0.9543809290699306,0,time0,TIME0,0.9812291151862208,0.9856701043912819,1.0,5
0.0007721753486000654,False,269,time1,0.94212527248472,5,time1,TIME1,0.973292270265815,0.9688555710249593,1.0,1
0.001347714291001132,False,269,time1,0.9474426353418075,7,time1,TIME1,0.965137916508128,0.9295837780040891,1.0,7
0.00199850614560584,False,269,time1,0.8888319835201165,6,time1,TIME1,0.9521105796442911,0.9499715344928796,1.0,8
0.001623686713152597,False,269,goleiro_time1,0.8420103520539519,9,goleiro1,GOL-TIME1,0.9450560146128825,0.9767074523406751,1.0,10
0.0036218295337936295,False,269,time0,0.7844867830636119,3,time0,TIME0,0.9255490489561985,0.9765087148346407,1.0,2
0.0004092822177544908,False,270,time0,0.969160965120726,4,time0,TIME0,0.9874729576060576,0.989059236816347,1.0,6
0.0010407524247557705,False,270,time0,0.9647810246198734,0,time0,TIME0,0.9846694421920917,0.9856646756460661,1.0,5
0.001655533980800578,False,270,time1,0.9539157860896216,7,time1,TIME1,0.9662373640423508,0.927670228156219,1.0,7
0.0018058640412093965,False,270,time1,0.9000363180310099,6,time1,TIME1,0.9560368256323827,0.9520839908103769,1.0,8
0.0014782542343069185,False,270,goleiro_time1,0.8509416934887425,9,goleiro1,GOL-TIME1,0.9481931273768796,0.9781396626187049,1.0,10
0.0023923757330577395,False,270,time1,0.8266946312888812,5,time1,TIME1,0.9367885232622084,0.9683438575472277,1.0,1
0.0033863776399483906,False,270,time0,0.7739590508911193,3,time0,TIME0,0.922739136171269,0.9752298372996082,1.0,2
0.0020414804432305387,False,271,time0,0.9426167209866997,0,time0,TIME0,0.9761107077545227,0.9856646756460661,1.0,5
0.0008499403655871872,False,271,time1,0.977249739306606,7,time1,TIME1,0.9737373125631824,0.927670228156219,1.0,7
0.0012179545710111915,False,271,time1,0.9077058720456407,5,time1,TIME1,0.9624895008693773,0.9683438575472277,1.0,1
0.0013925902814934592,False,271,time1,0.9197762368054218,6,time1,TIME1,0.9624034843837522,0.9520839908103769,1.0,8
0.0028094375099819748,False,271,time0,0.8731213403834718,4,time0,TIME0,0.9549935723721987,0.989059236816347,1.0,6
0.00124787027457013,False,271,goleiro_time1,0.8683993345347147,9,goleiro1,GOL-TIME1,0.9537090429303687,0.9781396626187049,1.0,10
0.0035257827340412886,False,271,time0,0.7420295895698641,3,time0,TIME0,0.9129711877247403,0.9752298372996082,1.0,2
0.0010987426390522883,False,272,time0,0.9508743623818697,4,time0,TIME0,0.9803612459267957,0.989059236816347,1.0,6
0.0019053315287298935,False,272,time0,0.9523526859636083,0,time0,TIME0,0.9801555376639334,0.9856646756460661,1.0,5
0.0004205415307035752,False,272,time1,0.9898455692659269,7,time1,TIME1,0.9781806706644735,0.927670228156219,1.0,7
0.0009680574523438292,False,272,time1,0.939496661784593,6,time1,TIME1,0.9686819870830873,0.9520839908103769,1.0,8
0.0014298786570594393,False,272,time1,0.8945659333560646,5,time1,TIME1,0.9588684307948299,0.9683438575472277,1.0,1
0.0016132199886898175,False,272,time0,0.8656106386663411,3,time0,TIME0,0.9507146756667108,0.9752298372996082,1.0,2
0.001549496664463072,False,272,goleiro_time1,0.8412117479872367,9,goleiro1,GOL-TIME1,0.9451876864521221,0.9781396626187049,1.0,10
0.0003930587082539319,False,273,time0,0.9816504001909843,4,time0,TIME0,0.9910366760804363,0.9895250708071641,1.0,6
0.0007085607945817298,False,273,time0,0.9700550759619735,0,time0,TIME0,0.9859580691216895,0.9856194411326784,1.0,5
0.0008128853318812382,False,273,time1,0.9363335150767655,5,time1,TIME1,0.9721058000315158,0.9695317622272892,1.0,1
0.0005422214911600133,False,273,time1,0.9670264842523114,7,time1,TIME1,0.9710062632686479,0.925971758986517,1.0,7
0.0009500406684395963,False,273,time1,0.9353516425371153,6,time1,TIME1,0.9679061522692048,0.9529601661726501,1.0,8
0.001413548406645404,False,273,goleiro_time1,0.8544875230720835,9,goleiro1,GOL-TIME1,0.9495632456060117,0.9784318744042113,1.0,10
0.0025034010022260693,False,273,time0,0.8062218475788534,3,time0,TIME0,0.9324811790808477,0.9741712891972945,1.0,2
0.00020198876628526094,False,274,time0,0.9606931875875673,4,time0,TIME0,0.9852402362832752,0.9895250708071641,1.0,6
0.0016589534780490401,False,274,time0,0.9392458372075835,0,time0,TIME0,0.9758750160521991,0.9856194411326784,1.0,5
0.0009526903323622692,False,274,time1,0.9339987532103976,6,time1,TIME1,0.9675439351155543,0.9529601661726501,1.0,8
0.0007660781019870575,False,274,time1,0.9380886822279273,7,time1,TIME1,0.9617418159941703,0.925971758986517,1.0,7
0.0012108863473586336,False,274,time1,0.9009011011574555,5,time1,TIME1,0.9612774291832279,0.9695317622272892,1.0,1
0.0014905410469237537,False,274,goleiro_time1,0.8514581071154866,9,goleiro1,GOL-TIME1,0.9486219997716245,0.9784318744042113,1.0,10
0.003710406147153081,False,274,time0,0.7557731376278336,3,time0,TIME0,0.9160490546917724,0.9741712891972945,1.0,2
0.00016584648238291696,False,275,time0,0.956614942651304,4,time0,TIME0,0.9841111030204542,0.9895250708071641,1.0,6
0.001446311292167162,False,275,time0,0.963676558511171,0,time0,TIME0,0.9840045316107903,0.9856194411326784,1.0,5
0.0011865038546503876,False,275,time1,0.9168311969258539,6,time1,TIME1,0.9620208923369379,0.9529601661726501,1.0,8
0.0013875517856901704,False,275,time1,0.8969884756118935,5,time1,TIME1,0.9598900405053502,0.9695317622272892,1.0,1
0.0017788158666771396,False,275,time0,0.8805004531691647,3,time0,TIME0,0.9546637099628591,0.9741712891972945,1.0,2
0.0013278210316009713,False,275,goleiro_time1,0.86995302947149,9,goleiro1,GOL-TIME1,0.9542757755701656,0.9784318744042113,1.0,10
0.0014912655322721065,False,275,time1,0.8872382116624262,7,time1,TIME1,0.9457792961372823,0.925971758986517,1.0,7
0.0010071790117804995,False,276,time0,0.9759573583688581,0,time0,TIME0,0.9877421658693021,0.9856763214958366,1.0,5
0.0006890898449857629,False,276,time0,0.9518309340170074,4,time0,TIME0,0.9818309788077283,0.9899639718084854,1.0,6
0.0012723855643387925,False,276,time1,0.9155472544410594,6,time1,TIME1,0.9620801656635611,0.9548457472394168,1.0,8
0.0013570276183385163,False,276,time1,0.9016946167895223,5,time1,TIME1,0.961929214700415,0.9717949861503632,1.0,1
0.0014165099867279143,False,276,goleiro_time1,0.8616207046126378,9,goleiro1,GOL-TIME1,0.9518187523714056,0.9788301526603569,1.0,10
0.0023934608376443224,False,276,time0,0.8441902488856559,3,time0,TIME0,0.9439747934777746,0.9734912155173043,1.0,2
0.0016442844355244379,False,276,time1,0.874909514833759,7,time1,TIME1,0.9420605145634563,0.9247549567902078,1.0,7
0.0006103298241070843,False,277,time0,0.9629348218963036,4,time0,TIME0,0.9857606718251762,0.9899639718084854,1.0,6
0.0010447784376738127,False,277,time0,0.9659912133996339,0,time0,TIME0,0.9847910223980695,0.9856763214958366,1.0,5
0.0012963598170210471,False,277,time1,0.9141552700429532,6,time1,TIME1,0.9616420858754777,0.9548457472394168,1.0,8
0.001774728487880323,False,277,time1,0.8733451661620165,5,time1,TIME1,0.9530497928152414,0.9717949861503632,1.0,1
0.0017040283935593347,False,277,goleiro_time1,0.8355210469482848,9,goleiro1,GOL-TIME1,0.9435922927959829,0.9788301526603569,1.0,10
0.0025929369580007878,False,277,time0,0.8297649427810492,3,time0,TIME0,0.9397003105270142,0.9734912155173043,1.0,2
0.0018377528688176058,False,277,time1,0.8346969443021903,7,time1,TIME1,0.9297335980979166,0.9247549567902078,1.0,7
0.0006473815027120775,False,278,time0,0.9601332198179942,4,time0,TIME0,0.9844524164481111,0.9899639718084854,1.0,6
0.0016125297037254023,False,278,time0,0.9477968597873282,0,time0,TIME0,0.9788375775378934,0.9856763214958366,1.0,5
0.0014135500300813501,False,278,time1,0.9088224640037106,6,time1,TIME1,0.9599042984114706,0.9548457472394168,1.0,8
0.0014937099938911527,False,278,time1,0.8942126352404071,5,time1,TIME1,0.9596427613541593,0.9717949861503632,1.0,1
0.0013149581156812855,False,278,goleiro_time1,0.8733285971197462,9,goleiro1,GOL-TIME1,0.9552316615255593,0.9788301526603569,1.0,10
0.002303496294779751,False,278,time0,0.8370047920184732,3,time0,TIME0,0.9420269152761981,0.9734912155173043,1.0,2
0.0010904508858414503,False,278,time1,0.8628450013313587,7,time1,TIME1,0.9385400511079883,0.9247549567902078,1.0,7
0.00040512099967937815,False,279,time0,0.9562319876694496,4,time0,TIME0,0.9838320144529379,0.9901574310325694,1.0,6
0.0012013960655030901,False,279,time0,0.9605041358837703,0,time0,TIME0,0.983091384773113,0.9858266188777794,1.0,5
0.000535326704581064,False,279,time1,0.9725792396806852,7,time1,TIME1,0.9719312526577448,0.9241394145979932,1.0,7
0.0010388404501271479,False,279,time0,0.91618336510696,3,time0,TIME0,0.9666523943379696,0.9745226736779689,1.0,2
0.0014255322861146382,False,279,time1,0.9018668334038854,5,time1,TIME1,0.9625634133339726,0.9734989567001611,1.0,1
0.0014211555028031079,False,279,time1,0.9106622081423773,6,time1,TIME1,0.9603296932707263,0.9540082977388378,1.0,8
0.0014474349263002063,False,279,goleiro_time1,0.8621683929404411,9,goleiro1,GOL-TIME1,0.9520368330072987,0.9791714488732708,1.0,10
0.001327004226861799,False,280,time0,0.9528144113484547,0,time0,TIME0,0.980991863448536,0.9858266188777794,1.0,5
0.0005275828610021405,False,280,time0,0.9449067610302488,3,time0,TIME0,0.9761860164758466,0.9745226736779689,1.0,2
0.0007189874201766331,False,280,time0,0.9307262812442424,4,time0,TIME0,0.9756765789089178,0.9901574310325694,1.0,6
0.0013551521169041564,False,280,time1,0.901453557846888,5,time1,TIME1,0.9623401212758791,0.9734989567001611,1.0,1
0.0010345557697483104,False,280,time1,0.9394437776825885,7,time1,TIME1,0.9615868514194695,0.9241394145979932,1.0,7
0.0013785339236950332,False,280,time1,0.9121553833107462,6,time1,TIME1,0.9607870269503928,0.9540082977388378,1.0,8
0.001423928331399582,False,280,goleiro_time1,0.862350399300479,9,goleiro1,GOL-TIME1,0.9521347265220995,0.9791714488732708,1.0,10
0.0014896654738033215,False,281,time0,0.9441835159918492,0,time0,TIME0,0.9781192237312198,0.9858266188777794,1.0,5
0.0004705019872937404,False,281,time0,0.934443009920204,3,time0,TIME0,0.9733317069789483,0.9745226736779689,1.0,2
0.0016834962579997288,False,281,time0,0.9126651315871268,4,time0,TIME0,0.9690173227306836,0.9901574310325694,1.0,6
0.0009603066279903361,False,281,time1,0.9531878292813314,7,time1,TIME1,0.9659863490949602,0.9241394145979932,1.0,7
0.001578381377966975,False,281,time1,0.899526192494838,6,time1,TIME1,0.9566691251761664,0.9540082977388378,1.0,8
0.0014186268389729743,False,281,goleiro_time1,0.8617879505509067,9,goleiro1,GOL-TIME1,0.9519243124023041,0.9791714488732708,1.0,10
0.0018987375648318147,False,281,time1,0.8562868004889351,5,time1,TIME1,0.9479238663001321,0.9734989567001611,1.0,1
0.000511231343577207,False,282,time0,0.9587924859038315,4,time0,TIME0,0.983814283098747,0.9902272427367884,1.0,6
0.0017125912605732237,False,282,time0,0.936846303448,0,time0,TIME0,0.9754522581577837,0.9860930285895979,1.0,5
0.0008721405815817328,False,282,time1,0.9363588133531582,5,time1,TIME1,0.9729493407355255,0.9746746910010212,1.0,1
0.0008363651942032784,False,282,time1,0.962942375259696,7,time1,TIME1,0.9695922608198109,0.9270738294202974,1.0,7
0.0009443273644279152,False,282,time0,0.9221507904367806,3,time0,TIME0,0.9692109302012882,0.9751359469605532,1.0,2
0.0013738924120951742,False,282,goleiro_time1,0.8652649266434715,9,goleiro1,GOL-TIME1,0.9527205602121744,0.9783220230384412,1.0,10
0.0019900898207433804,False,282,time1,0.8726350711408656,6,time1,TIME1,0.947263418216699,0.9502715945484526,1.0,8
0.0007622849980127942,False,283,time0,0.9488698426573402,4,time0,TIME0,0.9811789675527729,0.9902272427367884,1.0,6
0.00022542593224191048,False,283,time1,0.9819944888556231,7,time1,TIME1,0.9756857089861725,0.9270738294202974,1.0,7
0.0016760875457146765,False,283,time0,0.9341473690070506,0,time0,TIME0,0.9749033327666473,0.9860930285895979,1.0,5
0.000942166571183239,False,283,time1,0.9317420217383896,5,time1,TIME1,0.9722060854254527,0.9746746910010212,1.0,1
0.00030237733724722146,False,283,time0,0.9186441620074253,3,time0,TIME0,0.968592970433536,0.9751359469605532,1.0,2
0.0014768153289130808,False,283,goleiro_time1,0.8647008046067295,9,goleiro1,GOL-TIME1,0.9525479104562115,0.9783220230384412,1.0,10
0.002276363485120154,False,283,time1,0.8567130473386527,6,time1,TIME1,0.9422229597567361,0.9502715945484526,1.0,8
0.0015682790607596335,False,284,time0,0.9378183847304288,0,time0,TIME0,0.9762656350485411,0.9860930285895979,1.0,5
0.0011715881580909935,False,284,time0,0.9296536655064238,4,time0,TIME0,0.975095088569817,0.9902272427367884,1.0,6
0.0005512556416291463,False,284,time0,0.9155852786033689,3,time0,TIME0,0.9674220629333116,0.9751359469605532,1.0,2
0.0006819460233326338,False,284,time1,0.953099000524363,7,time1,TIME1,0.9667157466872554,0.9270738294202974,1.0,7
0.0013290286514869767,False,284,time1,0.9065755554708216,5,time1,TIME1,0.9641167535989524,0.9746746910010212,1.0,1
0.0014150761681000418,False,284,goleiro_time1,0.8683872787795637,9,goleiro1,GOL-TIME1,0.95348213505605,0.9783220230384412,1.0,10
0.0027073694945334496,False,284,time1,0.8259381009354534,6,time1,TIME1,0.9322531725136223,0.9502715945484526,1.0,8
0.0013023132813237345,False,285,time0,0.9435641803263393,0,time0,TIME0,0.9781086805160243,0.9865173966946206,1.0,5
0.0002518067934283941,False,285,time0,0.9354571640339399,3,time0,TIME0,0.9739891560889224,0.9752622620614112,1.0,2
0.0007589375272058212,False,285,time1,0.9556300995728184,7,time1,TIME1,0.9687132755464105,0.9319809683140324,1.0,7
0.0015198700407316583,False,285,time0,0.9063591475473963,4,time0,TIME0,0.9676765382569409,0.990368845582984,1.0,6
0.0018468874017427586,False,285,time1,0.8836222392412636,5,time1,TIME1,0.9566697950036537,0.9748491616746751,1.0,1
0.0016345359191243516,False,285,goleiro_time1,0.8535484504328592,9,goleiro1,GOL-TIME1,0.9485881486448894,0.9767605600818045,1.0,10
0.0036499965803801545,False,285,time1,0.7648150739368952,6,time1,TIME1,0.9118283034447138,0.9453789058031896,1.0,8
0.0003602532616531118,False,286,time0,0.9499261048575564,3,time0,TIME0,0.9783025489004453,0.9752622620614112,1.0,2
0.0010933688496115338,False,286,time0,0.9296384656169813,4,time0,TIME0,0.9751603775307266,0.990368845582984,1.0,6
0.0016043223691837778,False,286,time0,0.9306826319397451,0,time0,TIME0,0.9741647142755591,0.9865173966946206,1.0,5
0.0009952686198451061,False,286,time1,0.9483531735515739,7,time1,TIME1,0.9663700041526305,0.9319809683140324,1.0,7
0.001675654954149489,False,286,time1,0.891181744084362,5,time1,TIME1,0.9593411538900688,0.9748491616746751,1.0,1
0.0016410445985207123,False,286,goleiro_time1,0.8548913811435823,9,goleiro1,GOL-TIME1,0.949136284565728,0.9767605600818045,1.0,10
0.002967168598412366,False,286,time1,0.8002557457399424,6,time1,TIME1,0.9231864763067182,0.9453789058031896,1.0,8
0.0006115325195707189,False,287,time1,0.9514427113129093,5,time1,TIME1,0.977846901833557,0.9748491616746751,1.0,1
0.0013778110617826268,False,287,time0,0.9160637651938925,4,time0,TIME0,0.9709454597797181,0.990368845582984,1.0,6
0.0007620240036271423,False,287,time1,0.9588209487680613,7,time1,TIME1,0.9697884024177155,0.9319809683140324,1.0,7
0.0019572814790151227,False,287,time0,0.9127212775439603,0,time0,TIME0,0.968204864382492,0.9865173966946206,1.0,5
0.0013884033319585959,False,287,time0,0.9191693305911391,3,time0,TIME0,0.9674365809194083,0.9752622620614112,1.0,2
0.0016088677733756091,False,287,goleiro_time1,0.8607842732708193,9,goleiro1,GOL-TIME1,0.9508205375713162,0.9767605600818045,1.0,10
0.0025679215417315666,False,287,time1,0.8283253852368174,6,time1,TIME1,0.9321041022901491,0.9453789058031896,1.0,8
0.0007546775230533693,False,288,time1,0.9534285846351781,5,time1,TIME1,0.9783096984825195,0.9727847131412157,1.0,1
0.001303850675164988,False,288,time0,0.9198999351009117,4,time0,TIME0,0.9722351352241779,0.9904361780567241,1.0,6
0.0018401843429490807,False,288,time0,0.9125847643600091,0,time0,TIME0,0.9686690046639725,0.9866670332034095,1.0,5
0.000852486562525542,False,288,time1,0.948847348624077,7,time1,TIME1,0.9675806578812692,0.9361578088484568,1.0,7
0.001904732372636604,False,288,time0,0.8981678245212534,3,time0,TIME0,0.9609988204157996,0.9746313473488724,1.0,2
0.001537185716765167,False,288,goleiro_time1,0.8674414129569691,9,goleiro1,GOL-TIME1,0.9525478875279522,0.9750524994940707,1.0,10
0.002366338634432909,False,288,time1,0.8481805290163813,6,time1,TIME1,0.93757078438352,0.9423751873049825,1.0,8
0.000692162955117792,False,289,time1,0.9594880055489908,5,time1,TIME1,0.9801278838742232,0.9727847131412157,1.0,1
0.0010507177239692344,False,289,time0,0.9474518410164586,0,time0,TIME0,0.9794074443417837,0.9866670332034095,1.0,5
0.0012241928942079428,False,289,time0,0.9407560224911977,3,time0,TIME0,0.9738809685123887,0.9746313473488724,1.0,2
0.0010141574053106892,False,289,time1,0.9432305493768938,7,time1,TIME1,0.9659722288334713,0.9361578088484568,1.0,7
0.0024436351819204275,False,289,time0,0.8544794312243399,4,time0,TIME0,0.9509139396096699,0.9904361780567241,1.0,6
0.00171279960151968,False,289,goleiro_time1,0.8603867661162375,9,goleiro1,GOL-TIME1,0.9501398555958827,0.9750524994940707,1.0,10
0.0023114409573852454,False,289,time1,0.8608462729791931,6,time1,TIME1,0.9416137422421186,0.9423751873049825,1.0,8
0.00040990080096460583,False,290,time1,0.960606870888974,5,time1,TIME1,0.9807589111663335,0.9727847131412157,1.0,1
0.0011383086952510867,False,290,time0,0.9395597543778644,0,time0,TIME0,0.9774195149501298,0.9866670332034095,1.0,5
0.0001836852024210941,False,290,time0,0.9257210901646113,3,time0,TIME0,0.9704971126523374,0.9746313473488724,1.0,2
0.000841847591508848,False,290,time1,0.9497701973096095,7,time1,TIME1,0.968014431394953,0.9361578088484568,1.0,7
0.0018688871233979222,False,290,time0,0.8832500416786431,4,time0,TIME0,0.9604930817021643,0.9904361780567241,1.0,6
0.0016165855878648586,False,290,goleiro_time1,0.8662082869269233,9,goleiro1,GOL-TIME1,0.9520490947453359,0.9750524994940707,1.0,10
0.00266338780078947,False,290,time1,0.8485828070526332,6,time1,TIME1,0.9374950813936428,0.9423751873049825,1.0,8
0.0015058793779745307,False,291,time0,0.9234449556989103,0,time0,TIME0,0.9720044649735758,0.9868075698355312,1.0,5
0.000575745822255171,False,291,time1,0.9326729068977326,5,time1,TIME1,0.9716565668789894,0.970524877195578,1.0,1
0.0008214138361675948,False,291,time1,0.9497013824823405,7,time1,TIME1,0.9689125834267066,0.9392145323687713,1.0,7
0.0014426865926150732,False,291,time0,0.8551961432612416,3,time0,TIME0,0.9478161017618286,0.9746916781676997,1.0,2
0.0018305588829937325,False,291,goleiro_time1,0.8529065412361653,9,goleiro1,GOL-TIME1,0.9474307309614638,0.9735884305318282,1.0,10
0.0025188455059877417,False,291,time1,0.8628671589231891,6,time1,TIME1,0.9412022693067854,0.9389231220891019,1.0,8
0.008126932469400586,False,291,time0,0.7373331404183598,4,time0,TIME0,0.9057178260123397,0.9904294291141347,1.0,6
0.0006266483316677741,False,292,time1,0.9687775843473388,5,time1,TIME1,0.9823407638049568,0.970524877195578,1.0,1
0.0006822463589827202,False,292,time1,0.9555280823083051,7,time1,TIME1,0.9706751943944395,0.9392145323687713,1.0,7
0.001913795907296367,False,292,time0,0.9116545365673657,0,time0,TIME0,0.9679307180533626,0.9868075698355312,1.0,5
0.0004377585830033391,False,292,time0,0.8870029183288347,3,time0,TIME0,0.9585223865119575,0.9746916781676997,1.0,2
0.0017711203473748877,False,292,goleiro_time1,0.8506815111212597,9,goleiro1,GOL-TIME1,0.946780533214829,0.9735884305318282,1.0,10
0.0025495816940739975,False,292,time1,0.8672073642794628,6,time1,TIME1,0.9424966452542789,0.9389231220891019,1.0,8
0.007027470215307783,False,292,time0,0.7433003572274779,4,time0,TIME0,0.9041505797038272,0.9904294291141347,1.0,6
0.0004279729710918772,False,293,time1,0.9844284308461687,7,time1,TIME1,0.9792146868679833,0.9392145323687713,1.0,7
0.0006654910389233821,False,293,time1,0.9542419007787247,5,time1,TIME1,0.9779396132137267,0.970524877195578,1.0,1
0.0017860820412860968,False,293,time0,0.9262873187085144,0,time0,TIME0,0.9726871644234262,0.9868075698355312,1.0,5
0.0008882246108772291,False,293,time0,0.9331698331455709,3,time0,TIME0,0.9720552228543408,0.9746916781676997,1.0,2
0.002325988458671993,False,293,time0,0.8640744760296872,4,time0,TIME0,0.9511553033416504,0.9904294291141347,1.0,6
0.0017058828985554541,False,293,goleiro_time1,0.8594519992245382,9,goleiro1,GOL-TIME1,0.9495272614962833,0.9735884305318282,1.0,10
0.0022259607775209204,False,293,time1,0.8848306727198815,6,time1,TIME1,0.9479229231299585,0.9389231220891019,1.0,8
0.00044944759239017333,False,294,time1,0.9742563118163242,7,time1,TIME1,0.9768490126856936,0.9408758888505921,1.0,7
0.0017911237839612782,False,294,time0,0.9200148728036124,0,time0,TIME0,0.9708806166098214,0.9866258497928689,1.0,5
0.0005830944132956744,False,294,time1,0.9253311987636793,5,time1,TIME1,0.9688700016919035,0.9682708394686188,1.0,1
0.000774465042658887,False,294,time0,0.9015876423661541,3,time0,TIME0,0.9633881205284209,0.9754594582997989,1.0,2
0.0015384500486802337,False,294,goleiro_time1,0.8729178490171143,9,goleiro1,GOL-TIME1,0.9534176909428538,0.9722599902920664,1.0,10
0.0022434817640871185,False,294,time0,0.8579404021109667,4,time0,TIME0,0.9522658877043558,0.9901354885022438,1.0,6
0.001997951579886545,False,294,time1,0.8960833403912244,6,time1,TIME1,0.9502505388595258,0.9343523145949071,1.0,8
0.0016586438346995276,False,295,time0,0.9283394086596413,0,time0,TIME0,0.9735356117948233,0.9866258497928689,1.0,5
0.0015767165985184595,False,295,time0,0.8992702127929846,4,time0,TIME0,0.9653072189539188,0.9901354885022438,1.0,6
0.0010369602948430748,False,295,time1,0.930185495634925,7,time1,TIME1,0.9624667872061164,0.9408758888505921,1.0,7
0.00025847754584673837,False,295,time1,0.8997814482999162,5,time1,TIME1,0.9615112814711021,0.9682708394686188,1.0,1
0.001774707816129272,False,295,time1,0.9088440560772424,6,time1,TIME1,0.9544751017385339,0.9343523145949071,1.0,8
0.0015461870197136507,False,295,goleiro_time1,0.8727590345583083,9,goleiro1,GOL-TIME1,0.9534627050051233,0.9722599902920664,1.0,10
0.0038643654527346382,False,295,time0,0.8038262674895237,3,time0,TIME0,0.929170062410642,0.9754594582997989,1.0,2
0.0015236874962451178,False,296,time0,0.9299680728931543,0,time0,TIME0,0.9735860347324489,0.9866258497928689,1.0,5
0.0014746748827322662,False,296,time1,0.9247468865171685,6,time1,TIME1,0.959455808444358,0.9343523145949071,1.0,8
0.0019782874414129552,False,296,time0,0.872037638246351,4,time0,TIME0,0.9570719315224935,0.9901354885022438,1.0,6
0.0014705745164478783,False,296,goleiro_time1,0.8750823320791535,9,goleiro1,GOL-TIME1,0.9540790517871914,0.9722599902920664,1.0,10
0.0015165417805833848,False,296,time1,0.8745031800021446,5,time1,TIME1,0.9521615873674641,0.9682708394686188,1.0,1
0.0013117295345001214,False,296,time1,0.8907470987608156,7,time1,TIME1,0.9510515026141598,0.9408758888505921,1.0,7
0.0030513669132534033,False,296,time0,0.7803243432929369,3,time0,TIME0,0.9233913940850499,0.9754594582997989,1.0,2
0.0008719582156104191,False,297,time0,0.9490349019948937,0,time0,TIME0,0.9799021748422746,0.9861692759504288,1.0,5
0.0006128978833161841,False,297,time1,0.9387778880847991,7,time1,TIME1,0.9658650662310718,0.9428713089477054,1.0,7
0.0013171762703294016,False,297,time1,0.9343230966616456,6,time1,TIME1,0.960795072847409,0.9274146623017965,1.0,8
0.00043757131966692026,False,297,time1,0.8854290681205879,5,time1,TIME1,0.9559093178832886,0.9656846570522113,1.0,1
0.0021664451828091523,False,297,time0,0.8551131257216104,4,time0,TIME0,0.9518729016839842,0.9898347060150766,1.0,6
0.00163472369654882,False,297,goleiro_time1,0.8630997913877044,9,goleiro1,GOL-TIME1,0.9499177335881803,0.9706150526797145,1.0,10
0.002609967450453043,False,297,time0,0.8212739513873808,3,time0,TIME0,0.9377009435120484,0.9761968509061523,1.0,2
0.0006309363130330359,False,298,time0,0.9521460385648782,3,time0,TIME0,0.9776966103362533,0.9761968509061523,1.0,2
0.0015643337867226597,False,298,time0,0.9298612088059487,0,time0,TIME0,0.9735861798890423,0.9861692759504288,1.0,5
0.0006685902322596169,False,298,time1,0.9319041358404151,5,time1,TIME1,0.9701070403745107,0.9656846570522113,1.0,1
0.0009582800387838967,False,298,time1,0.9522423020913263,7,time1,TIME1,0.9700936669653086,0.9428713089477054,1.0,7
0.0013497209660599618,False,298,time1,0.9339818904493783,6,time1,TIME1,0.9607572986080352,0.9274146623017965,1.0,8
0.0015312836612674493,False,298,goleiro_time1,0.8719347145456995,9,goleiro1,GOL-TIME1,0.9527379560419075,0.9706150526797145,1.0,10
0.0023597894773669512,False,298,time0,0.8420452785070013,4,time0,TIME0,0.9467958109311201,0.9898347060150766,1.0,6
0.0010245504257815016,False,299,time0,0.9061094635395154,0,time0,TIME0,0.967007537125392,0.9861692759504288,1.0,5
0.0010555351077966217,False,299,time1,0.9471570120057741,6,time1,TIME1,0.9648154540712038,0.9274146623017965,1.0,8
0.0021702842841352307,False,299,time0,0.9084865104627632,3,time0,TIME0,0.9630929926323873,0.9761968509061523,1.0,2
0.001415351935752806,False,299,time1,0.9244235050481858,7,time1,TIME1,0.96138901842306,0.9428713089477054,1.0,7
0.001756079754476683,False,299,goleiro_time1,0.8536954516244233,9,goleiro1,GOL-TIME1,0.9467093194283208,0.9706150526797145,1.0,10
0.0007647907172815516,False,299,time1,0.8447716373728048,5,time1,TIME1,0.9438631014701083,0.9656846570522113,1.0,1
0.002638110253729435,False,299,time0,0.8127632944324417,4,time0,TIME0,0.9385992055082829,0.9898347060150766,1.0,6
0.0007956618128949544,False,300,time0,0.9172687663978026,0,time0,TIME0,0.9702883523164891,0.9858548074845014,1.0,5
0.0019007211871002057,False,300,time0,0.901863920111933,3,time0,TIME0,0.9625231401516344,0.9763531124699183,1.0,2
0.0015998179838068592,False,300,time1,0.9126179528641929,7,time1,TIME1,0.9582493084783222,0.9445177502068267,1.0,7
0.0016015560343310895,False,300,time1,0.9233435935061016,6,time1,TIME1,0.9554369141406882,0.9210485948680119,1.0,8
0.0017423442958503315,False,300,goleiro_time1,0.8568913635687185,9,goleiro1,GOL-TIME1,0.9472122442892813,0.9689315194045225,1.0,10
0.00033227775345099784,False,300,time1,0.8491459033805325,5,time1,TIME1,0.9452115437279486,0.9655612804036628,1.0,1
0.0023498304554391467,False,300,time0,0.8243063097240522,4,time0,TIME0,0.9419359424046309,0.9896650400885862,1.0,6
0.0006789040290562444,False,301,time0,0.9359886426430853,0,time0,TIME0,0.9762174934975673,0.9858548074845014,1.0,5
0.0015105450246554598,False,301,time0,0.9192095662013656,3,time0,TIME0,0.9682103392068073,0.9763531124699183,1.0,2
0.0017704043038934564,False,301,time1,0.9052044278198691,7,time1,TIME1,0.9559424576841856,0.9445177502068267,1.0,7
0.0014197648675714101,False,301,time1,0.9227945841277464,6,time1,TIME1,0.955404733129114,0.9210485948680119,1.0,8
0.0016965611293511484,False,301,goleiro_time1,0.8620724447563145,9,goleiro1,GOL-TIME1,0.9490947998324101,0.9689315194045225,1.0,10
0.0017399080596400805,False,301,time1,0.8482250526215241,5,time1,TIME1,0.9433151177508737,0.9655612804036628,1.0,1
0.002236767665929005,False,301,time0,0.8248761001362263,4,time0,TIME0,0.9426805895913786,0.9896650400885862,1.0,6
0.0007567632053282582,False,302,time0,0.9371442378763591,0,time0,TIME0,0.9767989113769387,0.9858548074845014,1.0,5
0.0017529673030802191,False,302,time1,0.9090901813717647,7,time1,TIME1,0.9570483446663672,0.9445177502068267,1.0,7
0.0016153840288063864,False,302,time1,0.9168061565164598,6,time1,TIME1,0.953509984240646,0.9210485948680119,1.0,8
0.001998442074000488,False,302,goleiro_time1,0.8401660659626983,9,goleiro1,GOL-TIME1,0.9422599952357785,0.9689315194045225,1.0,10
0.002801460595115678,False,302,time1,0.8377953846172238,5,time1,TIME1,0.9393688420464689,0.9655612804036628,1.0,1
0.0037002018781683048,False,302,time0,0.8260665132235502,3,time0,TIME0,0.9370465494620976,0.9763531124699183,1.0,2
0.0026317784206221703,False,302,time0,0.78815761349366,4,time0,TIME0,0.9311712989169962,0.9896650400885862,1.0,6
0.0006014506035417708,False,303,time0,0.9375575141104262,0,time0,TIME0,0.9769233495306111,0.9859243991855697,1.0,5
0.0009888379736032362,False,303,time0,0.8750938041213933,3,time0,TIME0,0.9538776020470928,0.9770742134427655,1.0,2
0.00218782453547466,False,303,time1,0.893999148333295,7,time1,TIME1,0.9526498326273761,0.947116974339616,1.0,7
0.0025432115478783972,False,303,time1,0.8703389356894878,6,time1,TIME1,0.937200835404424,0.9161877560727818,1.0,8
0.002238343264629531,False,303,time0,0.8067396571750378,4,time0,TIME0,0.9366375425727818,0.9895877574971683,1.0,6
0.002660016465474085,False,303,goleiro_time1,0.7900986551831584,9,goleiro1,GOL-TIME1,0.9262827946734644,0.9685668264938107,1.0,10
0.004934459967014948,False,303,time1,0.7330975178485296,5,time1,TIME1,0.9050115785672497,0.964793358984544,1.0,1
0.0007001411146183145,False,304,time0,0.9473904722847822,0,time0,TIME0,0.9798692387799496,0.9859243991855697,1.0,5
0.0014132656041035386,False,304,time0,0.914806941246851,3,time0,TIME0,0.9665045470037296,0.9770742134427655,1.0,2
0.0017958298000827415,False,304,time1,0.9136225531283889,7,time1,TIME1,0.958944264755953,0.947116974339616,1.0,7
0.0018173923845520674,False,304,time1,0.904460144239148,6,time1,TIME1,0.9482102508145679,0.9161877560727818,1.0,8
0.002448880395234226,False,304,time1,0.8628255257174319,5,time1,TIME1,0.9460278096029752,0.964793358984544,1.0,1
0.002033291399400577,False,304,time0,0.8308676408081808,4,time0,TIME0,0.944491324388955,0.9895877574971683,1.0,6
0.0025166172860367577,False,304,goleiro_time1,0.79857610515701,9,goleiro1,GOL-TIME1,0.9292177013040519,0.9685668264938107,1.0,10
0.0003782109254316295,False,305,time0,0.9720780060849284,0,time0,TIME0,0.9874500858597541,0.9859243991855697,1.0,5
0.0011546718473003027,False,305,time1,0.9421055459022227,7,time1,TIME1,0.9678246191410558,0.947116974339616,1.0,7
0.0016802500354812806,False,305,time1,0.9093024387883974,5,time1,TIME1,0.9618683576353129,0.964793358984544,1.0,1
0.0012822775924765419,False,305,time1,0.9307841158634554,6,time1,TIME1,0.9567497291157475,0.9161877560727818,1.0,8
0.0017850089501255176,False,305,time0,0.8598224724184477,4,time0,TIME0,0.9529677950139951,0.9895877574971683,1.0,6
0.0023810837619888665,False,305,time0,0.8496556559186924,3,time0,TIME0,0.945967891563987,0.9770742134427655,1.0,2
0.0019197740478254397,False,305,goleiro_time1,0.8479562350604626,9,goleiro1,GOL-TIME1,0.9442371650447834,0.9685668264938107,1.0,10
0.0007547118316663702,False,306,time0,0.9771807554647395,0,time0,TIME0,0.9885780374726442,0.9856327820665414,1.0,5
0.0008171228243885664,False,306,time1,0.9551140627523231,7,time1,TIME1,0.9730613623900254,0.950051192894225,1.0,7
0.00029894912755918025,False,306,time1,0.8934040716512213,5,time1,TIME1,0.9575414688762257,0.9630295781649432,1.0,1
0.0016336286348884327,False,306,time1,0.9110398164182204,6,time1,TIME1,0.9493008832399658,0.9110669151433057,1.0,8
0.0020460702213382386,False,306,time0,0.8329784580377586,4,time0,TIME0,0.944923918738079,0.989265095260537,1.0,6
0.00309315610263722,False,306,time0,0.8205730845778928,3,time0,TIME0,0.9367905705140394,0.976806169099333,1.0,2
0.00227586000351864,False,306,goleiro_time1,0.8160832446933812,9,goleiro1,GOL-TIME1,0.935082414784037,0.9702905053728135,1.0,10
0.0015603454375185744,False,307,time0,0.9519115465219953,0,time0,TIME0,0.9798502523131963,0.9856327820665414,1.0,5
0.0004375085468103256,False,307,time1,0.9293884257638525,7,time1,TIME1,0.9651982540478793,0.950051192894225,1.0,7
0.0009306936411208723,False,307,time1,0.954268425642655,6,time1,TIME1,0.9625432028708282,0.9110669151433057,1.0,8
0.0009384356989202547,False,307,time1,0.8961761464644254,5,time1,TIME1,0.9583135191413532,0.9630295781649432,1.0,1
0.0015423097135283,False,307,time0,0.8645370573858834,4,time0,TIME0,0.9547731578672759,0.989265095260537,1.0,6
0.002134896194459059,False,307,goleiro_time1,0.8171811974245434,9,goleiro1,GOL-TIME1,0.9355033705202419,0.9702905053728135,1.0,10
0.0034893651695169646,False,307,time0,0.8174662514930937,3,time0,TIME0,0.935292894596982,0.976806169099333,1.0,2
0.001728189557833553,False,308,time0,0.948568919772596,0,time0,TIME0,0.9791078985394318,0.9856327820665414,1.0,5
0.0006171903561875642,False,308,time1,0.9405509317668239,6,time1,TIME1,0.959156972867926,0.9110669151433057,1.0,8
0.0010820829393701939,False,308,time1,0.9073406033248281,7,time1,TIME1,0.9582830781907526,0.950051192894225,1.0,7
0.0015029505912981377,False,308,time0,0.8715558188233019,4,time0,TIME0,0.9568583207976081,0.989265095260537,1.0,6
0.0022197666117819113,False,308,goleiro_time1,0.8119108255028618,9,goleiro1,GOL-TIME1,0.9338830483474482,0.9702905053728135,1.0,10
0.005888704793410439,False,308,time0,0.7625248086467942,3,time0,TIME0,0.9155479870811769,0.976806169099333,1.0,2
0.003512934861961373,False,308,time1,0.7337176302308555,5,time1,TIME1,0.9048674724345983,0.9630295781649432,1.0,1
0.0006115190450523637,False,309,time0,0.9331756975817057,4,time0,TIME0,0.975996090603933,0.9889704946840212,1.0,6
0.002367328280985843,False,309,time0,0.9288946441089411,0,time0,TIME0,0.9723135142821047,0.9849322741181856,1.0,5
0.0010653459641370502,False,309,time1,0.9369094582067019,7,time1,TIME1,0.9678218864048028,0.9539260578152264,1.0,7
0.002274110805400911,False,309,time0,0.8988822232614692,3,time0,TIME0,0.9588458109810781,0.9755410420290531,1.0,2
0.0010124828852464951,False,309,time1,0.9312078362335047,6,time1,TIME1,0.9540613055127306,0.9035560658897375,1.0,8
0.0013565244614241912,False,309,time1,0.8771735175993857,5,time1,TIME1,0.9504130223164429,0.9604745416470415,1.0,1
0.0021599038182357373,False,309,goleiro_time1,0.8082392940140363,9,goleiro1,GOL-TIME1,0.9333240689332664,0.9726928408973301,1.0,10
0.0005978595091137728,False,310,time1,0.951761692157212,5,time1,TIME1,0.9745776343049306,0.9604745416470415,1.0,1
0.0003738498623915134,False,310,time0,0.9088070845164566,4,time0,TIME0,0.9693686288525974,0.9889704946840212,1.0,6
0.0010065482528007863,False,310,time1,0.9386142013416235,7,time1,TIME1,0.9688679406609119,0.9539260578152264,1.0,7
0.0011111327021953155,False,310,time0,0.9203906740082265,3,time0,TIME0,0.9679816947510355,0.9755410420290531,1.0,2
0.0028308880773709982,False,310,time0,0.914523262680735,0,time0,TIME0,0.9674790960905076,0.9849322741181856,1.0,5
0.0012446862837629609,False,310,time1,0.9397647903845125,6,time1,TIME1,0.9563916770806861,0.9035560658897375,1.0,8
0.0021250707271951125,False,310,goleiro_time1,0.8175474742825782,9,goleiro1,GOL-TIME1,0.9361286722550078,0.9726928408973301,1.0,10
0.000309031205931723,False,311,time0,0.9415495841269753,4,time0,TIME0,0.9793472457003295,0.9889704946840212,1.0,6
0.0025337988662610922,False,311,time0,0.9259430900041417,0,time0,TIME0,0.9714703095258526,0.9849322741181856,1.0,5
0.0007336509430190176,False,311,time1,0.93733298749012,7,time1,TIME1,0.9687040944144946,0.9539260578152264,1.0,7
0.0006969542016264418,False,311,time1,0.906613928797673,5,time1,TIME1,0.9608088699264075,0.9604745416470415,1.0,1
0.002280622082294786,False,311,time1,0.8947475349917903,6,time1,TIME1,0.9414759634807096,0.9035560658897375,1.0,8
0.0028915190808070155,False,311,time0,0.8363319426482363,3,time0,TIME0,0.9406797008687918,0.9755410420290531,1.0,2
0.001997738801548502,False,311,goleiro_time1,0.8280384210810433,9,goleiro1,GOL-TIME1,0.9396540711759095,0.9726928408973301,1.0,10
0.002319433240778502,False,312,time0,0.9297109960734874,0,time0,TIME0,0.9726315543376393,0.9838921208082316,1.0,5
0.0007733745266191495,False,312,time1,0.9197639347558846,7,time1,TIME1,0.9637960440734251,0.9569336289459918,1.0,7
0.0015891091509299378,False,312,time0,0.8770381200197124,4,time0,TIME0,0.9578379190975008,0.9882027795659057,1.0,6
0.0007559636090101181,False,312,time1,0.8892777007091082,5,time1,TIME1,0.9556380497711275,0.9591230952368515,1.0,1
0.00115520725647543,False,312,time0,0.8733629706213409,3,time0,TIME0,0.953201310628679,0.9740962958322195,1.0,2
0.0024681213580711177,False,312,time1,0.8882137274580282,6,time1,TIME1,0.9377535515009273,0.8949550706990135,1.0,8
0.002365640340517825,False,312,goleiro_time1,0.797658512842546,9,goleiro1,GOL-TIME1,0.9307031623838773,0.9752322075069828,1.0,10
0.001526641824980401,False,313,time0,0.9516949624797114,0,time0,TIME0,0.9795503649220901,0.9838921208082316,1.0,5
0.0009479411328446315,False,313,time1,0.9482724436638633,7,time1,TIME1,0.9724913247328825,0.9569336289459918,1.0,7
0.0013958494914994787,False,313,time1,0.9034589564704704,5,time1,TIME1,0.9590900950300422,0.9591230952368515,1.0,1
0.0015172571746904374,False,313,time0,0.8746682896003072,4,time0,TIME0,0.9577732692489439,0.9882027795659057,1.0,6
0.002271393390084741,False,313,time1,0.8930755740207564,6,time1,TIME1,0.9392969196669899,0.8949550706990135,1.0,8
0.0024057786037732024,False,313,goleiro_time1,0.7863800827784857,9,goleiro1,GOL-TIME1,0.9272892085638863,0.9752322075069828,1.0,10
0.0022789081668516255,False,313,time0,0.7462271108926594,3,time0,TIME0,0.9136195619389711,0.9740962958322195,1.0,2
0.0015871920895353497,False,314,time0,0.9466201042094534,0,time0,TIME0,0.9782672147763128,0.9838921208082316,1.0,5
0.0010600757499096768,False,314,time1,0.9427769248264518,7,time1,TIME1,0.9709860262147202,0.9569336289459918,1.0,7
0.0016134339575475545,False,314,time0,0.8607308003404205,4,time0,TIME0,0.9534327368454687,0.9882027795659057,1.0,6
0.0022380166293171125,False,314,time1,0.8664215057726375,5,time1,TIME1,0.9468199564187246,0.9591230952368515,1.0,1
0.0022345240774510615,False,314,time1,0.8976449245504023,6,time1,TIME1,0.9409185079962127,0.8949550706990135,1.0,8
0.002524808061531729,False,314,goleiro_time1,0.7799352243451789,9,goleiro1,GOL-TIME1,0.9253193074734869,0.9752322075069828,1.0,10
0.0039041214509391666,False,314,time0,0.7455635791758886,3,time0,TIME0,0.9094829850163328,0.9740962958322195,1.0,2
0.0016606585187090267,False,315,time0,0.9340160536348432,0,time0,TIME0,0.9736766461882416,0.9827056253105964,1.0,5
0.0008826404782523509,False,315,time1,0.9417024479539208,5,time1,TIME1,0.9694423455545546,0.955410597759559,1.0,1
0.0011863192158687488,False,315,time1,0.9346810331730344,7,time1,TIME1,0.9689341634239271,0.9588831505120823,1.0,7
0.0014786187497914198,False,315,time0,0.8765344779596114,3,time0,TIME0,0.9529297618707105,0.9748273805882695,1.0,2
0.0020254895991583667,False,315,time1,0.9020969159470504,6,time1,TIME1,0.9404820530100487,0.8876799051125007,1.0,8
0.006524124549496685,False,315,time0,0.8170439294376343,4,time0,TIME0,0.9317023281051741,0.9877173272965732,1.0,6
0.0024144851989828806,False,315,goleiro_time1,0.7827017062509317,9,goleiro1,GOL-TIME1,0.9265552270690088,0.976669662994013,1.0,10
0.0010326377342921545,False,316,time1,0.9421681290620406,7,time1,TIME1,0.9712029092115039,0.9588831505120823,1.0,7
0.0009847545992817542,False,316,time0,0.9261796333467749,3,time0,TIME0,0.9690879599236376,0.9748273805882695,1.0,2
0.0019721874349588383,False,316,time0,0.9123482556558926,0,time0,TIME0,0.9671553903351341,0.9827056253105964,1.0,5
0.0009336519743314899,False,316,time0,0.9174162026014382,4,time0,TIME0,0.9670990521552828,0.9877173272965732,1.0,6
0.000666703745575353,False,316,time1,0.8596625080964627,5,time1,TIME1,0.9451951731451024,0.955410597759559,1.0,1
0.0009309334767246891,False,316,time1,0.9148827126313468,6,time1,TIME1,0.9447360763133221,0.8876799051125007,1.0,8
0.0026346815570106098,False,316,goleiro_time1,0.7645251147663074,9,goleiro1,GOL-TIME1,0.9208803629551553,0.976669662994013,1.0,10
0.0008140469003008969,False,317,time1,0.9576420242895236,7,time1,TIME1,0.9761087666447646,0.9588831505120823,1.0,7
0.0015420402231611952,False,317,time0,0.9253681303823722,0,time0,TIME0,0.9714149641471738,0.9827056253105964,1.0,5
0.0010262683456999963,False,317,time0,0.8989676888769328,3,time0,TIME0,0.962255386117507,0.9748273805882695,1.0,2
0.0011683228872574408,False,317,time1,0.9088733939018939,5,time1,TIME1,0.9594201800649708,0.955410597759559,1.0,1
0.003034147885773238,False,317,time0,0.8815112068085539,4,time0,TIME0,0.956852890648348,0.9877173272965732,1.0,6
0.0006970354816528256,False,317,time1,0.8815689774968244,6,time1,TIME1,0.9355467653436391,0.8876799051125007,1.0,8
0.0030969642504512537,False,317,goleiro_time1,0.7176478132216972,9,goleiro1,GOL-TIME1,0.9063146625474187,0.976669662994013,1.0,10
0.001305634398353844,False,318,time0,0.9643419433043097,0,time0,TIME0,0.9834224832427175,0.9828262576573945,1.0,5
0.0012070854508918274,False,318,time1,0.9411709576277123,7,time1,TIME1,0.971201828408886,0.9609692551867102,1.0,7
0.0011436495830566605,False,318,time1,0.9103312503845934,5,time1,TIME1,0.960805304067889,0.9565192778314121,1.0,1
0.001543950141437619,False,318,time0,0.895015883163797,3,time0,TIME0,0.9599568946408047,0.9755301794038125,1.0,2
0.0020545683673723974,False,318,time0,0.8524625243817188,4,time0,TIME0,0.949239092816595,0.9867186093550746,1.0,6
0.0006013271682953118,False,318,time1,0.8989745025921361,6,time1,TIME1,0.939047499109351,0.8801111835654742,1.0,8
0.0028271379403347835,False,318,goleiro_time1,0.731025410549396,9,goleiro1,GOL-TIME1,0.9111028877980741,0.9782048688042326,1.0,10
0.0006785474142933489,False,319,time0,0.9735133043999868,0,time0,TIME0,0.9863123663284871,0.9828262576573945,1.0,5
0.0008150752387438867,False,319,time1,0.9480833698294708,5,time1,TIME1,0.9722865886675282,0.9565192778314121,1.0,1
0.0016559663559076395,False,319,time1,0.9225828575469647,7,time1,TIME1,0.9651709506304645,0.9609692551867102,1.0,7
0.0006776620464427066,False,319,time1,0.9539582798907497,6,time1,TIME1,0.9554011147893738,0.8801111835654742,1.0,8
0.0018696287089382437,False,319,time0,0.8565358281813351,4,time0,TIME0,0.9516397184206083,0.9867186093550746,1.0,6
0.0027152072268246076,False,319,time0,0.8404025770958867,3,time0,TIME0,0.9424403444632098,0.9755301794038125,1.0,2
0.0028468947228863823,False,319,goleiro_time1,0.719786176766956,9,goleiro1,GOL-TIME1,0.9078680725476845,0.9782048688042326,1.0,10
0.0012421612997209725,False,320,time0,0.9496106351037915,0,time0,TIME0,0.9789969445278613,0.9828262576573945,1.0,5
0.0022293048391124055,False,320,time1,0.8959613040924719,7,time1,TIME1,0.9566121034732272,0.9609692551867102,1.0,7
0.0013969211756822376,False,320,time1,0.8966005176218085,5,time1,TIME1,0.956374507918474,0.9565192778314121,1.0,1
0.0016823110415297839,False,320,time0,0.8806504720175274,3,time0,TIME0,0.9557453136930144,0.9755301794038125,1.0,2
0.0009634313092709296,False,320,time1,0.9377592299071169,6,time1,TIME1,0.9501081873755358,0.8801111835654742,1.0,8
0.002240650275338447,False,320,goleiro_time1,0.7670433678154578,9,goleiro1,GOL-TIME1,0.9221409739142435,0.9782048688042326,1.0,10
0.012745342792200276,False,320,time0,0.6137856097889749,4,time0,TIME0,0.8601467395936032,0.9867186093550746,1.0,6
0.0011255272758159108,False,321,time0,0.9544913586553945,0,time0,TIME0,0.9808720097256994,0.9828604743049831,1.0,5
0.0023061976921945827,False,321,time1,0.891167797141852,7,time1,TIME1,0.9557915487800234,0.962850883182127,1.0,7
0.0009237384086101849,False,321,time1,0.8899742851405101,5,time1,TIME1,0.953896476238315,0.953496351699888,1.0,1
0.0010609573838576425,False,321,time1,0.9328639883001902,6,time1,TIME1,0.9471683309928477,0.87339583952175,1.0,8
0.0005789128210994343,False,321,time0,0.8439535258184748,3,time0,TIME0,0.9455963893889886,0.9747774054391816,1.0,2
0.0022808173275246078,False,321,goleiro_time1,0.7688146865513044,9,goleiro1,GOL-TIME1,0.9229249220645644,0.9784038304174534,1.0,10
0.007289602304870759,False,321,time0,0.6851801652891248,4,time0,TIME0,0.8913752028498986,0.9847611648807231,1.0,6
0.0013105451838626814,False,322,time0,0.9482500082702469,0,time0,TIME0,0.9786350537790257,0.9828604743049831,1.0,5
0.0009406967122773562,False,322,time1,0.9031994022322296,5,time1,TIME1,0.9583609631113338,0.953496351699888,1.0,1
0.0025626345519994135,False,322,time1,0.8705080475924968,7,time1,TIME1,0.9487968686591779,0.962850883182127,1.0,7
0.0015443469091829226,False,322,time1,0.9060712401751886,6,time1,TIME1,0.9384357831846978,0.87339583952175,1.0,8
0.0020367545129614663,False,322,goleiro_time1,0.7932142007479995,9,goleiro1,GOL-TIME1,0.9302822126089124,0.9784038304174534,1.0,10
0.0026587341675345447,False,322,time0,0.7848830310691783,3,time0,TIME0,0.9253012095770082,0.9747774054391816,1.0,2
0.003855908433744455,False,322,time0,0.7198798890554955,4,time0,TIME0,0.9059078354673366,0.9847611648807231,1.0,6
0.001002069409482758,False,323,time0,0.9609018208764467,0,time0,TIME0,0.9828569016693417,0.9828604743049831,1.0,5
0.0016702403623519478,False,323,time1,0.8900097417285153,5,time1,TIME1,0.9533567977983145,0.953496351699888,1.0,1
0.002322950252412812,False,323,time1,0.87761594609184,7,time1,TIME1,0.9517223099442018,0.962850883182127,1.0,7
0.0016512862065322558,False,323,goleiro_time1,0.8371048861559546,9,goleiro1,GOL-TIME1,0.9439626770803399,0.9784038304174534,1.0,10
0.001438613175367396,False,323,time1,0.9142673111444298,6,time1,TIME1,0.941249009886553,0.87339583952175,1.0,8
0.0032818240358368435,False,323,time0,0.7481523525312419,3,time0,TIME0,0.9146721060758224,0.9747774054391816,1.0,2
0.005908705524270252,False,323,time0,0.6849916802915671,4,time0,TIME0,0.8904449417360917,0.9847611648807231,1.0,6
0.0012649211140862468,False,324,time0,0.9484173678519606,0,time0,TIME0,0.9788335172799406,0.9827111500263903,1.0,5
0.0019228821700593797,False,324,time1,0.8779174465634193,5,time1,TIME1,0.9486078300157018,0.9529464539310044,1.0,1
0.0016811906542686325,False,324,goleiro_time1,0.8459254776022296,9,goleiro1,GOL-TIME1,0.9462806974013773,0.977336309825711,1.0,10
0.0013876197535417937,False,324,time1,0.919516346304585,6,time1,TIME1,0.9407144524726986,0.8646873256049676,1.0,8
0.0023911994996000316,False,324,time0,0.8206487103404673,3,time0,TIME0,0.9368061004056946,0.9743130467694521,1.0,2
0.003167910349432655,False,324,time1,0.8296716116485953,7,time1,TIME1,0.936467158682713,0.9645981379146682,1.0,7
0.007413515923788601,False,324,time0,0.6305581392390692,4,time0,TIME0,0.8694209404324006,0.9826992530531748,1.0,6
0.0011945082596987104,False,325,time0,0.9502727664102987,0,time0,TIME0,0.9796160321374613,0.9827111500263903,1.0,5
0.0007084120337345069,False,325,time0,0.9373046757827699,3,time0,TIME0,0.9729665318071253,0.9743130467694521,1.0,2
0.002566417157754557,False,325,time1,0.8522741557473126,7,time1,TIME1,0.9440866920719218,0.9645981379146682,1.0,7
0.0011461152575720731,False,325,time1,0.9289055530002103,6,time1,TIME1,0.9436332928068828,0.8646873256049676,1.0,8
0.002166049713812606,False,325,time1,0.8583020216140609,5,time1,TIME1,0.9434951273279834,0.9529464539310044,1.0,1
0.0025632902036636382,False,325,goleiro_time1,0.7828315129527103,9,goleiro1,GOL-TIME1,0.9262496587607955,0.977336309825711,1.0,10
0.0027262110921275236,False,325,time0,0.7189035745975539,4,time0,TIME0,0.9045366641737725,0.9826992530531748,1.0,6
0.0006821197309789,False,326,time0,0.9599557897539021,0,time0,TIME0,0.98226086024209,0.9827111500263903,1.0,5
0.0016904291953234187,False,326,time1,0.8986149375252322,7,time1,TIME1,0.9581379736568987,0.9645981379146682,1.0,7
0.0015577601698884426,False,326,time1,0.8950394264083844,5,time1,TIME1,0.9547597193096299,0.9529464539310044,1.0,1
0.001590568186929511,False,326,time0,0.8755346681521853,3,time0,TIME0,0.9538977727314567,0.9743130467694521,1.0,2
0.001095124216785859,False,326,time1,0.9547747670360068,6,time1,TIME1,0.9510649856780721,0.8646873256049676,1.0,8
0.0021846839445217913,False,326,time0,0.7865989725395679,4,time0,TIME0,0.9287000393555186,0.9826992530531748,1.0,6
0.002811240822631251,False,326,goleiro_time1,0.7654584217007449,9,goleiro1,GOL-TIME1,0.9212409139315857,0.977336309825711,1.0,10
0.0005503472209880648,False,327,time0,0.9576641602424847,0,time0,TIME0,0.9821675336340828,0.9822387240451371,1.0,5
0.0013209520576535699,False,327,time1,0.923496350107358,7,time1,TIME1,0.966858801484499,0.965642648644431,1.0,7
0.0014416115533313584,False,327,time1,0.9090385327636133,5,time1,TIME1,0.9593618622929397,0.9529985537440055,1.0,1
0.0022983712157259866,False,327,time0,0.7989613341500784,3,time0,TIME0,0.9304020748905802,0.9755716147748692,1.0,2
0.0020503972192807457,False,327,time1,0.8869066425820556,6,time1,TIME1,0.9267669430558853,0.8539588780646732,1.0,8
0.003253092466457219,False,327,goleiro_time1,0.7346635938720879,9,goleiro1,GOL-TIME1,0.9110927162006038,0.975979588753167,1.0,10
0.0069906065305853846,False,327,time0,0.6092014225388469,4,time0,TIME0,0.8672493640051359,0.9801069685093969,1.0,6
0.0011047686168272487,False,328,time0,0.9568205769939799,0,time0,TIME0,0.9810678155796727,0.9822387240451371,1.0,5
0.0002994706834142313,False,328,time1,0.9157414253636843,7,time1,TIME1,0.9650585279980439,0.965642648644431,1.0,7
0.0015669787967956194,False,328,time0,0.8650706803112191,3,time0,TIME0,0.9513683680874645,0.9755716147748692,1.0,2
0.0021570095566304714,False,328,time1,0.8489940888247224,5,time1,TIME1,0.9403271177034326,0.9529985537440055,1.0,1
0.0028690894733132415,False,328,goleiro_time1,0.7618932741194901,9,goleiro1,GOL-TIME1,0.9196750115614641,0.975979588753167,1.0,10
0.004202656169415759,False,328,time0,0.7659935679263408,4,time0,TIME0,0.9190971533842016,0.9801069685093969,1.0,6
0.0023003767002651226,False,328,time1,0.8506875434543498,6,time1,TIME1,0.9157588676004803,0.8539588780646732,1.0,8
0.0018229231061343085,False,329,time0,0.92726563252571,0,time0,TIME0,0.9715245720089575,0.9822387240451371,1.0,5
0.000980331061014967,False,329,time1,0.8874220570658055,7,time1,TIME1,0.9561883977255358,0.965642648644431,1.0,7
0.0023212021365857137,False,329,time1,0.8393512400744813,5,time1,TIME1,0.9378108740185008,0.9529985537440055,1.0,1
0.0030084978142780323,False,329,time0,0.76925919272511,3,time0,TIME0,0.9208866468596807,0.9755716147748692,1.0,2
0.002599564472908426,False,329,time1,0.8567234432797511,6,time1,TIME1,0.9176928934048875,0.8539588780646732,1.0,8
0.0030477226242408943,False,329,goleiro_time1,0.740788511470467,9,goleiro1,GOL-TIME1,0.9132700420038952,0.975979588753167,1.0,10
0.0004214594213876773,False,330,time0,0.9742281163861422,3,time0,TIME0,0.9841640614764691,0.9770929849202931,1.0,2
0.001898025850512907,False,330,time0,0.9231420305125658,0,time0,TIME0,0.9702820274032533,0.982275355564935,1.0,5
0.0007275131646218809,False,330,time1,0.9146298350212878,7,time1,TIME1,0.9650985590535293,0.9667665830916969,1.0,7
0.0024622538276445273,False,330,time1,0.8486110658061191,5,time1,TIME1,0.9397406687761017,0.9531956881715775,1.0,1
0.0012760481440629644,False,330,time1,0.8657499973912666,6,time1,TIME1,0.919093616296815,0.8465845180577998,1.0,8
0.0030343370701755266,False,330,goleiro_time1,0.7428755777103959,9,goleiro1,GOL-TIME1,0.9134848609554641,0.9739480536211025,1.0,10
0.0010543782473412075,False,331,time1,0.9506308968213306,7,time1,TIME1,0.9753560788946508,0.9667665830916969,1.0,7
0.0021106119737401025,False,331,time0,0.9110003055086249,0,time0,TIME0,0.9667415374767462,0.982275355564935,1.0,5
0.0030551161844571137,False,331,time1,0.8142577639231181,5,time1,TIME1,0.9293477154087811,0.9531956881715775,1.0,1
0.0006626093860039668,False,331,time1,0.8612265754259277,6,time1,TIME1,0.9183980419572697,0.8465845180577998,1.0,8
0.003336286415592742,False,331,goleiro_time1,0.7162664206781717,9,goleiro1,GOL-TIME1,0.9050488794285628,0.9739480536211025,1.0,10
0.0038463522403894873,False,331,time0,0.7155241854686789,3,time0,TIME0,0.9028612594293546,0.9770929849202931,1.0,2
0.006217623739060105,False,331,time0,0.646326958924268,4,time0,TIME0,0.8818863812463997,0.9801069685093969,1.0,6
0.0013522669465401906,False,332,time1,0.940362825620599,7,time1,TIME1,0.9723311805995914,0.9667665830916969,1.0,7
0.0018743961991675444,False,332,time0,0.9186375774993035,0,time0,TIME0,0.9692915220854972,0.982275355564935,1.0,5
0.0019454563715814474,False,332,time0,0.8353883691539108,4,time0,TIME0,0.9408179526805103,0.9801069685093969,1.0,6
0.002359848786893527,False,332,time1,0.833174828119385,5,time1,TIME1,0.9333445850176543,0.9531956881715775,1.0,1
0.00024138425348062273,False,332,time1,0.8946619407431122,6,time1,TIME1,0.9292787798356426,0.8465845180577998,1.0,8
0.003481401242138239,False,332,time0,0.7360190575291559,3,time0,TIME0,0.9115466010131634,0.9770929849202931,1.0,2
0.003091335040421597,False,332,goleiro_time1,0.7346378953347924,9,goleiro1,GOL-TIME1,0.9108865932054441,0.9739480536211025,1.0,10
0.0014146303725891568,False,333,time0,0.935260723197474,0,time0,TIME0,0.9745468510097071,0.9823849406710958,1.0,5
0.0017489323071499402,False,333,time1,0.921930954408946,7,time1,TIME1,0.966225725207901,0.9668035268078277,1.0,7
0.0015649467961360254,False,333,time0,0.9022449962683267,4,time0,TIME0,0.9628070522899408,0.9778820147850626,1.0,6
0.0011646703728361368,False,333,time1,0.9023112665868124,5,time1,TIME1,0.9559738631580722,0.9509136224885892,1.0,1
0.0012738716576041395,False,333,time1,0.9391758234529108,6,time1,TIME1,0.9401883001427255,0.8418626456235028,1.0,8
0.002288342061365297,False,333,time0,0.7986650997484147,3,time0,TIME0,0.930959733415722,0.9776988516222311,1.0,2
0.003375982021980064,False,333,goleiro_time1,0.7213295924632055,9,goleiro1,GOL-TIME1,0.9059069005118622,0.9717578525906811,1.0,10
0.001851596015361736,False,334,time0,0.9180630934375642,0,time0,TIME0,0.9688555021656533,0.9823849406710958,1.0,5
0.001969384518682824,False,334,time1,0.9155679223822462,7,time1,TIME1,0.96428227958287,0.9668035268078277,1.0,7
0.0008616212577942895,False,334,time1,0.9187753263400847,5,time1,TIME1,0.9622505537449059,0.9509136224885892,1.0,1
0.0018101272922337412,False,334,time0,0.8525100329226797,4,time0,TIME0,0.9474061383123836,0.9778820147850626,1.0,6
0.0013744505493735511,False,334,time1,0.9410550058221506,6,time1,TIME1,0.9413791337068497,0.8418626456235028,1.0,8
0.002800606884265991,False,334,time0,0.7635768155428272,3,time0,TIME0,0.9205984350860585,0.9776988516222311,1.0,2
0.00332615119675022,False,334,goleiro_time1,0.7199850206779451,9,goleiro1,GOL-TIME1,0.9056782799999138,0.9717578525906811,1.0,10
0.001629183883725279,False,335,time0,0.9259356130138123,0,time0,TIME0,0.9717389171600933,0.9823849406710958,1.0,5
0.0014303714239837075,False,335,time0,0.8933085881692949,3,time0,TIME0,0.9598649260179266,0.9776988516222311,1.0,2
0.0007156929816105763,False,335,time1,0.9088892277468935,5,time1,TIME1,0.9594835623187937,0.9509136224885892,1.0,1
0.0024345588762312194,False,335,time1,0.8983171462354292,7,time1,TIME1,0.9586295366196063,0.9668035268078277,1.0,7
0.001764096930554451,False,335,time1,0.904645016055018,6,time1,TIME1,0.9299828133450624,0.8418626456235028,1.0,8
0.003338969414066848,False,335,goleiro_time1,0.7221022200522406,9,goleiro1,GOL-TIME1,0.906466059705031,0.9717578525906811,1.0,10
0.0011013615659210424,False,336,time0,0.9530187748626509,0,time0,TIME0,0.9801454434047859,0.9825558615659744,1.0,5
0.0004805369319093056,False,336,time1,0.9465866437795369,5,time1,TIME1,0.9705003499286221,0.9484891707658225,1.0,1
0.0026787357642268626,False,336,time1,0.8872296077765451,7,time1,TIME1,0.9551881256719731,0.9665423594434654,1.0,7
0.0021382945870402174,False,336,time0,0.8225820554864272,3,time0,TIME0,0.9386610566723371,0.9778792524271656,1.0,2
0.0012188882631385053,False,336,time1,0.9311663255943065,6,time1,TIME1,0.9352152730341301,0.8348599033786316,1.0,8
0.003370464937259773,False,336,goleiro_time1,0.724709711224612,9,goleiro1,GOL-TIME1,0.9067434033446132,0.9697497720085881,1.0,10
2.908727434195833e-05,False,337,time0,0.9684104393104749,0,time0,TIME0,0.9853816149953248,0.9825558615659744,1.0,5
0.0010485005433826862,False,337,time1,0.9346463426842297,5,time1,TIME1,0.9661284352471003,0.9484891707658225,1.0,1
0.003395346149490757,False,337,time1,0.8507333703435225,7,time1,TIME1,0.9431861330133294,0.9665423594434654,1.0,7
0.00199506467785757,False,337,time0,0.8355004463395926,3,time0,TIME0,0.9431036842323097,0.9778792524271656,1.0,2
0.0034368225568822317,False,337,goleiro_time1,0.7228900013993683,9,goleiro1,GOL-TIME1,0.906120659672052,0.9697497720085881,1.0,10
0.004271928397707346,False,337,time1,0.8451254790297467,6,time1,TIME1,0.9060544710834413,0.8348599033786316,1.0,8
0.00728940229756216,False,337,time0,0.49440907986572336,4,time0,TIME0,0.8324088618697856,0.9778820147850626,1.0,6
0.00023002520744989696,False,338,time0,0.9879664265617322,0,time0,TIME0,0.9916434406680862,0.9825558615659744,1.0,5
0.002653950875862032,False,338,time1,0.8770226779974557,7,time1,TIME1,0.951730506304369,0.9665423594434654,1.0,7
0.002169519537575407,False,338,time0,0.8316151586763113,3,time0,TIME0,0.9418134062027883,0.9778792524271656,1.0,2
0.0017820973718701567,False,338,time0,0.8208532751478614,4,time0,TIME0,0.9353431657550132,0.9778820147850626,1.0,6
0.0032697270569966757,False,338,time1,0.8258585448232447,5,time1,TIME1,0.9302826598631594,0.9484891707658225,1.0,1
0.0032385278649785026,False,338,goleiro_time1,0.7390307682155203,9,goleiro1,GOL-TIME1,0.9110664674407626,0.9697497720085881,1.0,10
0.004381888259978576,False,338,time1,0.8341079486288265,6,time1,TIME1,0.9048183480528259,0.8348599033786316,1.0,8
0.0018397141958989994,False,339,time0,0.8825570007264483,0,time0,TIME0,0.9573554500317977,0.9824441116328674,1.0,5
0.002959347749855051,False,339,time1,0.8686755484473806,7,time1,TIME1,0.948458721128717,0.9648849886225433,1.0,7
0.0022138482136956667,False,339,time0,0.8389438976608291,3,time0,TIME0,0.943872341924111,0.9772565604544001,1.0,2
0.004098497817842632,False,339,time0,0.7518376487137529,4,time0,TIME0,0.912650192305534,0.9755444635859938,1.0,6
0.004122317735880915,False,339,time1,0.8320205943067109,6,time1,TIME1,0.9035144428885585,0.8313717301434018,1.0,8
0.003930565274383105,False,339,goleiro_time1,0.6947378005720841,9,goleiro1,GOL-TIME1,0.8963507701496377,0.9678995543360135,1.0,10
0.00232555078034084,False,339,time1,0.8581056807808725,5,time1,TIME1,0.8408517086458701,0.9450220857840317,0.0,1
0.002622812292119192,False,340,time0,0.8762053663289892,0,time0,TIME0,0.9555539642878527,0.9824441116328674,1.0,5
0.0016138288853987854,False,340,time0,0.8628462563642735,4,time0,TIME0,0.9493821623620832,0.9755444635859938,1.0,6
0.003324822143855423,False,340,time1,0.8537340084517968,7,time1,TIME1,0.9440464541390033,0.9648849886225433,1.0,7
0.0026178731505958237,False,340,time0,0.8218758025759513,3,time0,TIME0,0.9381170880624031,0.9772565604544001,1.0,2
0.0013493165140511787,False,340,time1,0.9296279380993395,6,time1,TIME1,0.9335617588001138,0.8313717301434018,1.0,8
0.003614824948830171,False,340,goleiro_time1,0.7200231562471888,9,goleiro1,GOL-TIME1,0.9044649363943744,0.9678995543360135,1.0,10
0.0023553908317846756,False,340,time1,0.8557377672362558,5,time1,TIME1,0.8404896840148196,0.9450220857840317,0.0,1
0.0018692291272373,False,341,time0,0.912387393433527,0,time0,TIME0,0.9670986639979712,0.9824441116328674,1.0,5
0.001570915412507546,False,341,time0,0.8761939042226443,4,time0,TIME0,0.955197165884478,0.9755444635859938,1.0,6
0.001961470809589374,False,341,time0,0.8691263209658507,3,time0,TIME0,0.952800167049222,0.9772565604544001,1.0,2
0.0027923600461163367,False,341,time1,0.8751449884841758,7,time1,TIME1,0.9508630839012348,0.9648849886225433,1.0,7
0.0010425037874547613,False,341,time1,0.9091673973853954,6,time1,TIME1,0.9293680442749427,0.8313717301434018,1.0,8
0.0035485441718425092,False,341,goleiro_time1,0.718894385908389,9,goleiro1,GOL-TIME1,0.9040564003499608,0.9678995543360135,1.0,10
0.001654684923800604,False,341,time1,0.8903211133292268,5,time1,TIME1,0.8506967491744704,0.9450220857840317,0.0,1
0.0008341915217000939,False,342,time0,0.9388872179536527,0,time0,TIME0,0.9749709609374381,0.9826034808492676,1.0,5
0.0015332939078853615,False,342,time0,0.8895815464817216,4,time0,TIME0,0.9587925019562242,0.9734913724694576,1.0,6
0.0029459786466072735,False,342,time1,0.8664596879412816,7,time1,TIME1,0.9479055358301319,0.9632065608412433,1.0,7
0.0024504382443684045,False,342,time0,0.8394586402400153,3,time0,TIME0,0.9432745766432802,0.9760609931223074,1.0,2
0.0023301546282267424,False,342,time1,0.9035804674288931,6,time1,TIME1,0.9263512215117423,0.8333429404462436,1.0,8
0.003793503988880576,False,342,goleiro_time1,0.706238980173348,9,goleiro1,GOL-TIME1,0.8998272172739082,0.9665525190995928,1.0,10
0.002915779707590217,False,342,time1,0.8067538266707626,5,time1,TIME1,0.8236902187569116,0.9412500123859785,0.0,1
0.00220867616322852,False,343,time0,0.9240596266481964,0,time0,TIME0,0.9697161744406211,0.9826034808492676,1.0,5
0.0013161454967324923,False,343,time0,0.8720649596328001,3,time0,TIME0,0.9536500345876942,0.9760609931223074,1.0,2
0.0026430708246072956,False,343,time1,0.8774377911105281,7,time1,TIME1,0.9513646417952463,0.9632065608412433,1.0,7
0.0017423958128843643,False,343,time0,0.8647777138448263,4,time0,TIME0,0.9506879134336773,0.9734913724694576,1.0,6
0.0016420427951696303,False,343,time1,0.932829071031405,6,time1,TIME1,0.9358473982494616,0.8333429404462436,1.0,8
0.0033043151174384547,False,343,goleiro_time1,0.7410920461571608,9,goleiro1,GOL-TIME1,0.9106139688650019,0.9665525190995928,1.0,10
0.0026260336219531286,False,343,time1,0.8196042297701152,5,time1,TIME1,0.8286052869994761,0.9412500123859785,0.0,1
0.0033002056599127673,False,344,time0,0.8947357624986577,0,time0,TIME0,0.9602249223885397,0.9826034808492676,1.0,5
0.0018138936636294203,False,344,time1,0.9051211594820484,7,time1,TIME1,0.9600078580930859,0.9632065608412433,1.0,7
0.0013248136706247718,False,344,time0,0.8860211882408431,4,time0,TIME0,0.9572476811043662,0.9734913724694576,1.0,6
0.0018838303101393421,False,344,time0,0.8559171101874938,3,time0,TIME0,0.9485345862194031,0.9760609931223074,1.0,2
0.0020456494267409283,False,344,time1,0.9140442159543013,6,time1,TIME1,0.9303987887621178,0.8333429404462436,1.0,8
0.003518475324159293,False,344,goleiro_time1,0.7273987278938685,9,goleiro1,GOL-TIME1,0.9064875358702363,0.9665525190995928,1.0,10
0.0027683810313553063,False,344,time1,0.8118662506566321,5,time1,TIME1,0.8259670481388321,0.9412500123859785,0.0,1
0.0033306693272181515,False,345,time0,0.8932788022388615,0,time0,TIME0,0.9607154130744638,0.9832259834263619,1.0,5
0.00262230469781328,False,345,time0,0.8257427660717002,4,time0,TIME0,0.9369218683077883,0.9714184112103211,1.0,6
0.004320839708817141,False,345,time1,0.8201262482731965,7,time1,TIME1,0.9306329311205601,0.9613402568151986,1.0,7
0.0027074049936661447,False,345,time0,0.7911846482020337,3,time0,TIME0,0.9281662036703707,0.9753583795660898,1.0,2
0.0029915783648445118,False,345,time1,0.8656059042521549,6,time1,TIME1,0.9150283311910975,0.836643567752599,1.0,8
0.003561948774222982,False,345,goleiro_time1,0.7267291033600106,9,goleiro1,GOL-TIME1,0.9060469102036246,0.9652616016390119,1.0,10
0.0023347240592705805,False,345,time1,0.8466661324267724,5,time1,TIME1,0.836119790658045,0.938693228391617,0.0,1
0.0024312044246496767,False,346,time0,0.9185738175409894,0,time0,TIME0,0.9685528338671819,0.9832259834263619,1.0,5
0.0019904335562477677,False,346,time0,0.8346626242321681,3,time0,TIME0,0.9419247989964247,0.9753583795660898,1.0,2
0.0028068997549105415,False,346,time0,0.8205516714508623,4,time0,TIME0,0.936152065009515,0.9714184112103211,1.0,6
0.004239629381950009,False,346,time1,0.8140576247457394,7,time1,TIME1,0.9305309956092842,0.9613402568151986,1.0,7
0.003497268055704105,False,346,goleiro_time1,0.7315731073702748,9,goleiro1,GOL-TIME1,0.9075598268476105,0.9652616016390119,1.0,10
0.0022825972626962553,False,346,time1,0.8137501024588043,6,time1,TIME1,0.9004831071020004,0.836643567752599,1.0,8
0.0022424672248496733,False,346,time1,0.8544874246071439,5,time1,TIME1,0.8389082574999008,0.938693228391617,0.0,1
0.0020608837496620715,False,347,time0,0.9270517442721411,0,time0,TIME0,0.9717882051852097,0.9832259834263619,1.0,5
0.0019897034429881342,False,347,time0,0.8621048985751456,4,time0,TIME0,0.9489034532331536,0.9714184112103211,1.0,6
0.003453787678980378,False,347,time1,0.8421011083587401,7,time1,TIME1,0.9392895059808712,0.9613402568151986,1.0,7
0.0024598719224239495,False,347,time0,0.7954697615421091,3,time0,TIME0,0.929923065403163,0.9753583795660898,1.0,2
0.003659669661123264,False,347,goleiro_time1,0.7202245508901831,9,goleiro1,GOL-TIME1,0.9039407970155315,0.9652616016390119,1.0,10
0.0026686282520244926,False,347,time1,0.771811008497819,6,time1,TIME1,0.8880097670243269,0.836643567752599,1.0,8
0.0022083289643941135,False,347,time1,0.851658606452219,5,time1,TIME1,0.8381032049474794,0.938693228391617,0.0,1
0.001432277662471986,False,348,time0,0.9429859085898282,0,time0,TIME0,0.9772606318197002,0.9843972870086508,1.0,5
0.0020816628639436585,False,348,time0,0.8479943623550255,4,time0,TIME0,0.9443253456908375,0.9687576013564385,1.0,6
0.00258025900554993,False,348,time0,0.7853217346318758,3,time0,TIME0,0.9269594142024278,0.9756814828157725,1.0,2
0.0033165872109027095,False,348,goleiro_time1,0.7467044616294335,9,goleiro1,GOL-TIME1,0.9118789432364426,0.9645156494726452,1.0,10
0.003766148010892879,False,348,time1,0.7654311936798474,6,time1,TIME1,0.885019331271339,0.8391653128602399,1.0,8
0.0020234278355064214,False,348,time1,0.9063411401598137,7,time1,TIME1,0.8592053379561366,0.96047343263,0.0,7
0.0020877836503778893,False,348,time1,0.8503810934067222,5,time1,TIME1,0.8380432815087253,0.9398365746219355,0.0,1
0.0015025651876044593,False,349,time0,0.9124628430425612,0,time0,TIME0,0.9684171812748134,0.9843972870086508,1.0,5
0.002339502588864317,False,349,time0,0.8204973167348436,4,time0,TIME0,0.9360296063832566,0.9687576013564385,1.0,6
0.0023058197563062574,False,349,time0,0.811494613675331,3,time0,TIME0,0.9350812169043341,0.9756814828157725,1.0,2
0.0032963940487687146,False,349,goleiro_time1,0.7497578936185082,9,goleiro1,GOL-TIME1,0.9129813293084251,0.9645156494726452,1.0,10
0.003631581188836546,False,349,time1,0.7677353880770171,6,time1,TIME1,0.8863171899862081,0.8391653128602399,1.0,8
0.002217426266521562,False,349,time1,0.8584663578810799,5,time1,TIME1,0.8403944781306282,0.9398365746219355,0.0,1
0.0037084320490422423,False,349,time1,0.8407724693555549,7,time1,TIME1,0.8378226495557446,0.96047343263,0.0,7
0.0005929334091925075,False,350,time0,0.8918408252017691,0,time0,TIME0,0.9624668422348938,0.9843972870086508,1.0,5
0.0012471105065472085,False,350,time0,0.9027650885919274,4,time0,TIME0,0.9611029805766198,0.9687576013564385,1.0,6
0.003434877247702176,False,350,goleiro_time1,0.7466905074017323,9,goleiro1,GOL-TIME1,0.9118964499833812,0.9645156494726452,1.0,10
0.001984992015413516,False,350,time1,0.8356027896533147,6,time1,TIME1,0.9075447469665668,0.8391653128602399,1.0,8
0.008499145204869205,False,350,time0,0.5965096428783642,3,time0,TIME0,0.8595788466379747,0.9756814828157725,1.0,2
0.0034587504144395005,False,350,time1,0.8465822931621331,7,time1,TIME1,0.840727331820881,0.96047343263,0.0,7
0.002191887454503217,False,350,time1,0.859196757582222,5,time1,TIME1,0.8404643302758735,0.9398365746219355,0.0,1
0.0017268465433896167,False,351,time0,0.9208531548788813,0,time0,TIME0,0.9701239000751231,0.9849690009220439,1.0,5
0.0011580031378623432,False,351,time0,0.90409152308719,4,time0,TIME0,0.9614429555160432,0.9660144857933968,1.0,6
0.0031923434933424292,False,351,goleiro_time1,0.7581465559716439,9,goleiro1,GOL-TIME1,0.9152017927926455,0.9634477726038777,1.0,10
0.0038759758337071344,False,351,time1,0.7700130133737817,6,time1,TIME1,0.886666755789858,0.8423725130341344,1.0,8
0.004424131794969262,False,351,time0,0.657594536337861,3,time0,TIME0,0.883722074216225,0.9749111930380998,1.0,2
0.002642353265918981,False,351,time1,0.8395294212097666,5,time1,TIME1,0.834345165882604,0.9410223020063749,0.0,1
0.004014740211746515,False,351,time1,0.8238027989867934,7,time1,TIME1,0.833343156013096,0.9611644786172803,0.0,7
0.002222690311692339,False,352,time0,0.896110341474965,0,time0,TIME0,0.962701067860755,0.9849690009220439,1.0,5
0.00035681184801937316,False,352,time0,0.8641728642630572,4,time0,TIME0,0.9496846202168724,0.9660144857933968,1.0,6
0.0028418832843488673,False,352,time1,0.8757556212686743,6,time1,TIME1,0.9200304514012004,0.8423725130341344,1.0,8
0.003104148928575701,False,352,goleiro_time1,0.7645800692863883,9,goleiro1,GOL-TIME1,0.9173186743385502,0.9634477726038777,1.0,10
0.0025146390752215212,False,352,time0,0.7619615602830652,3,time0,TIME0,0.9172081949959954,0.9749111930380998,1.0,2
0.00426437617368463,False,352,time1,0.8083450029948015,7,time1,TIME1,0.8287358675191157,0.9611644786172803,0.0,7
0.003097348247167112,False,352,time1,0.8061171511239934,5,time1,TIME1,0.8238819416897668,0.9410223020063749,0.0,1
0.0018374136789338685,False,353,time0,0.9116412292101599,0,time0,TIME0,0.9677892998945555,0.9849690009220439,1.0,5
0.0007246426592959641,False,353,time0,0.8975425468472131,4,time0,TIME0,0.9595418625736164,0.9660144857933968,1.0,6
0.0020727792059867583,False,353,time1,0.9131146028930438,6,time1,TIME1,0.9321011026363698,0.8423725130341344,1.0,8
0.0029680671160941742,False,353,goleiro_time1,0.7781581937484744,9,goleiro1,GOL-TIME1,0.9214846680804194,0.9634477726038777,1.0,10
0.009496656980276,False,353,time0,0.5888807832369829,3,time0,TIME0,0.8559709488026296,0.9749111930380998,1.0,2
0.0033656316437601108,False,353,time1,0.8453008654535865,7,time1,TIME1,0.8401610898865788,0.9611644786172803,0.0,7
0.0030270502238155185,False,353,time1,0.8061354482906413,5,time1,TIME1,0.8241701978505169,0.9410223020063749,0.0,1
0.0010532629468460214,False,354,time0,0.9511188038049665,0,time0,TIME0,0.9800677003064855,0.9854278662372571,1.0,5
0.00016409543084248257,False,354,time0,0.9317346389918223,4,time0,TIME0,0.9700068006871182,0.9648931546257489,1.0,6
0.0025610979157616016,False,354,time1,0.827647844512176,5,time1,TIME1,0.9307780128933214,0.9405189386908025,1.0,1
0.0035247370248336725,False,354,time0,0.7759561112016828,3,time0,TIME0,0.9187034934407551,0.9733483262769944,1.0,2
0.003263573368927264,False,354,goleiro_time1,0.7582686736450787,9,goleiro1,GOL-TIME1,0.9146258902989649,0.9616702107122548,1.0,10
0.0019482242216410193,False,354,time1,0.8201995007370313,6,time1,TIME1,0.9051577213111558,0.8444168670788457,1.0,8
0.0030369995051276444,False,354,time1,0.8562078330424888,7,time1,TIME1,0.8444068297914675,0.9621551796946191,0.0,7
0.0006911273112130433,False,355,time0,0.9470838219104509,0,time0,TIME0,0.9794283268882444,0.9854278662372571,1.0,5
0.0009862525977440415,False,355,time0,0.9384834200121678,4,time0,TIME0,0.9712999213479018,0.9648931546257489,1.0,6
0.0015955658803760132,False,355,time0,0.8841631438836446,3,time0,TIME0,0.9558094751242886,0.9733483262769944,1.0,2
0.0028440489479013824,False,355,time1,0.8128023777999854,5,time1,TIME1,0.9261192994301165,0.9405189386908025,1.0,1
0.0028439156096956505,False,355,goleiro_time1,0.7811716750222945,9,goleiro1,GOL-TIME1,0.9218737072794604,0.9616702107122548,1.0,10
0.0005925572590837235,False,355,time1,0.849153328259089,6,time1,TIME1,0.9138938944489431,0.8444168670788457,1.0,8
0.0030300386447056765,False,355,time1,0.8573067272339246,7,time1,TIME1,0.8448014642412491,0.9621551796946191,0.0,7
0.00042592852409002724,False,356,time0,0.9555530601118927,0,time0,TIME0,0.9823580066470036,0.9854278662372571,1.0,5
0.0008966634473848122,False,356,time0,0.9211992467823258,3,time0,TIME0,0.9682922015969924,0.9733483262769944,1.0,2
0.002123213949388668,False,356,time0,0.8790226891179236,4,time0,TIME0,0.9522239232304862,0.9648931546257489,1.0,6
0.0010145372893221498,False,356,time1,0.9357859815678112,6,time1,TIME1,0.9401144251864485,0.8444168670788457,1.0,8
0.002417157591008803,False,356,time1,0.8229111051619468,5,time1,TIME1,0.9291147200968398,0.9405189386908025,1.0,1
0.0026407172754012486,False,356,goleiro_time1,0.7981165407003586,9,goleiro1,GOL-TIME1,0.9272270354260784,0.9616702107122548,1.0,10
0.003501364092825969,False,356,time1,0.8331535837192324,7,time1,TIME1,0.8369652103351108,0.9621551796946191,0.0,7
0.0005834209944935613,False,357,time0,0.951383510831456,0,time0,TIME0,0.9811578948002447,0.9857104115035203,1.0,5
0.00125633454490754,False,357,time0,0.8945125825470978,3,time0,TIME0,0.9599759016044712,0.9720417623821302,1.0,2
0.001992692296794544,False,357,time0,0.8800885675667363,4,time0,TIME0,0.9529622870508563,0.9642919673020153,1.0,6
0.0024645922247817412,False,357,time1,0.8311472913548369,5,time1,TIME1,0.931500099063766,0.9390949106617004,1.0,1
0.0028227343162156057,False,357,goleiro_time1,0.7866236234606434,9,goleiro1,GOL-TIME1,0.923201850980526,0.9596200491266638,1.0,10
0.00271517129477566,False,357,time1,0.8441416025855548,6,time1,TIME1,0.9116704656337044,0.8482389050412977,1.0,8
0.0036573639491631047,False,357,time1,0.8199152335644198,7,time1,TIME1,0.8334824099541025,0.9637847572433546,0.0,7
0.0006331795227092584,False,358,time0,0.9725210915814106,0,time0,TIME0,0.9871141963322736,0.9857104115035203,1.0,5
0.00033689163958250206,False,358,time0,0.8973817736044679,3,time0,TIME0,0.9610064694484654,0.9720417623821302,1.0,2
0.0021479481865519703,False,358,time0,0.8687242584282521,4,time0,TIME0,0.949590633539517,0.9642919673020153,1.0,6
0.0025154538236084947,False,358,goleiro_time1,0.8067447337540474,9,goleiro1,GOL-TIME1,0.9294200942786671,0.9596200491266638,1.0,10
0.0030759680286690998,False,358,time1,0.8440549485125828,6,time1,TIME1,0.9121974740252625,0.8482389050412977,1.0,8
0.005109163753577901,False,358,time1,0.6692271157336244,5,time1,TIME1,0.8782213754809928,0.9390949106617004,1.0,1
0.004277629038918644,False,358,time1,0.783202884998506,7,time1,TIME1,0.8215953930122151,0.9637847572433546,0.0,7
0.0008242840709208537,False,359,time0,0.9554259535909311,0,time0,TIME0,0.9821336161048627,0.9857104115035203,1.0,5
0.0015470928969717494,False,359,time0,0.8866803217413719,4,time0,TIME0,0.9552495414526903,0.9642919673020153,1.0,6
0.0016160970418740513,False,359,time0,0.8235680390556175,3,time0,TIME0,0.9376902569128114,0.9720417623821302,1.0,2
0.0025238439570376852,False,359,goleiro_time1,0.8051562374929311,9,goleiro1,GOL-TIME1,0.9291481699421686,0.9596200491266638,1.0,10
0.002295060055769682,False,359,time1,0.8258798532847323,5,time1,TIME1,0.9271982761236838,0.9390949106617004,1.0,1
0.0027007566987783927,False,359,time1,0.8749555241323167,6,time1,TIME1,0.9215612753293003,0.8482389050412977,1.0,8
0.0036646607525969177,False,359,time1,0.8048173968742601,7,time1,TIME1,0.8286402710297861,0.9637847572433546,0.0,7
0.0012169673054976458,False,360,time0,0.9532861366847749,0,time0,TIME0,0.9809585287710919,0.9859995478812591,1.0,5
0.0008884326812510277,False,360,time0,0.9183139107218582,3,time0,TIME0,0.9664089325974361,0.9720695115228231,1.0,2
0.0013376943361108052,False,360,time0,0.904442386307018,4,time0,TIME0,0.9607915107812898,0.9641837936294297,1.0,6
0.0032403673261348523,False,360,time1,0.8212657156275437,7,time1,TIME1,0.9344803104331415,0.9657514413684907,1.0,7
0.002719958266236318,False,360,time1,0.8709659395582546,6,time1,TIME1,0.9220194576685617,0.8542200141461895,1.0,8
0.0041706775116851814,False,360,time1,0.7037299735529823,5,time1,TIME1,0.8897066148897677,0.9346369525884972,1.0,1
0.0023943569742867427,False,360,goleiro_time1,0.8230182489881325,9,goleiro1,GOL-TIME1,0.8339619063098819,0.9580887187262883,0.0,10
0.0019391957531976988,False,361,time0,0.9244850618476377,0,time0,TIME0,0.9715486939302298,0.9859995478812591,1.0,5
0.0017218084805025805,False,361,time0,0.8978551518126995,3,time0,TIME0,0.9597457943796719,0.9720695115228231,1.0,2
0.0025831656052683885,False,361,time1,0.8586705473702829,7,time1,TIME1,0.9462354167303764,0.9657514413684907,1.0,7
0.0020326188640025097,False,361,time0,0.8517019368773328,4,time0,TIME0,0.9442050494074165,0.9641837936294297,1.0,6
0.0029322571495300613,False,361,time1,0.7787361439030768,5,time1,TIME1,0.9136481161767704,0.9346369525884972,1.0,1
0.005338662616036705,False,361,time1,0.7883996221940157,6,time1,TIME1,0.8933767081534622,0.8542200141461895,1.0,8
0.0024337001868446296,False,361,goleiro_time1,0.8122210122337064,9,goleiro1,GOL-TIME1,0.8307490732319169,0.9580887187262883,0.0,10
0.0019499664930987101,False,362,time0,0.925715575135255,0,time0,TIME0,0.9722785766444307,0.9859995478812591,1.0,5
0.001392948519692301,False,362,time0,0.9090794863110674,3,time0,TIME0,0.9640157066057586,0.9720695115228231,1.0,2
0.0019968974288120073,False,362,time0,0.8486551189390026,4,time0,TIME0,0.9437966744234091,0.9641837936294297,1.0,6
0.002819811482137683,False,362,time1,0.8502787811087584,7,time1,TIME1,0.9437181839099503,0.9657514413684907,1.0,7
0.0025582043035307146,False,362,time1,0.8015848009169292,5,time1,TIME1,0.9208520664886258,0.9346369525884972,1.0,1
0.0035480491321079164,False,362,time1,0.8634180160519294,6,time1,TIME1,0.9181320439125061,0.8542200141461895,1.0,8
0.002391727008053553,False,362,goleiro_time1,0.8117166539981975,9,goleiro1,GOL-TIME1,0.830783636487886,0.9580887187262883,0.0,10
0.0023740692199516033,False,363,time0,0.9091127018802897,0,time0,TIME0,0.9668095724346628,0.986094660892094,1.0,5
0.0013116637312297601,False,363,time0,0.9088134108479656,3,time0,TIME0,0.9642520372249959,0.9721790309887298,1.0,2
0.001595634389372952,False,363,time0,0.8681746038612744,4,time0,TIME0,0.9491674310695888,0.9620404548902197,1.0,6
0.0029767460046637,False,363,time1,0.8481217920779172,7,time1,TIME1,0.9435464603066748,0.967709815310632,1.0,7
0.0021030565028454943,False,363,time1,0.9095852782178545,6,time1,TIME1,0.9344198858731584,0.8577660632527151,1.0,8
0.0023039406833128156,False,363,time1,0.8283294092603843,5,time1,TIME1,0.9296187353944544,0.9362781010807915,1.0,1
0.002917271104079656,False,363,goleiro_time1,0.7684234821555076,9,goleiro1,GOL-TIME1,0.817155893883571,0.9586770762040515,0.0,10
0.0009412894828559233,False,364,time0,0.9311961286583754,3,time0,TIME0,0.9712393357393906,0.9721790309887298,1.0,2
0.0021934054753421765,False,364,time0,0.9118493282604402,0,time0,TIME0,0.9676762415117748,0.986094660892094,1.0,5
0.0017296653693379058,False,364,time0,0.8613179708354585,4,time0,TIME0,0.9472176075200781,0.9620404548902197,1.0,6
0.002859962083506253,False,364,time1,0.8585983409205632,7,time1,TIME1,0.9467941284393097,0.967709815310632,1.0,7
0.0004486725370120898,False,364,time1,0.9157196673780716,6,time1,TIME1,0.9376120850840172,0.8577660632527151,1.0,8
0.0021572472276530264,False,364,time1,0.8547845932341804,5,time1,TIME1,0.9373342559698743,0.9362781010807915,1.0,1
0.003050881830592615,False,364,goleiro_time1,0.7514107618248032,9,goleiro1,GOL-TIME1,0.8121092047611893,0.9586770762040515,0.0,10
0.0012666393586919307,False,365,time0,0.9082789515917935,3,time0,TIME0,0.9640344040029389,0.9721790309887298,1.0,2
0.0026610578455191778,False,365,time0,0.8954415111443247,0,time0,TIME0,0.9622443645002262,0.986094660892094,1.0,5
0.0006129593033094901,False,365,time1,0.9286483289020746,6,time1,TIME1,0.9422482353895912,0.8577660632527151,1.0,8
0.003251048019455369,False,365,time1,0.8419578281696679,7,time1,TIME1,0.941209139534642,0.967709815310632,1.0,7
0.002247555506021985,False,365,time0,0.8197350168105518,4,time0,TIME0,0.9339962416602007,0.9620404548902197,1.0,6
0.002925050609134869,False,365,time1,0.791252811443968,5,time1,TIME1,0.9168200507295096,0.9362781010807915,1.0,1
0.0018112875077901114,False,365,goleiro_time1,0.8383445373474236,9,goleiro1,GOL-TIME1,0.8385923557237389,0.9586770762040515,0.0,10
0.0008713827075674155,False,366,time0,0.929888805542346,4,time0,TIME0,0.9674567448553267,0.9612143214845588,1.0,6
0.001183489242326961,False,366,time0,0.9104888335886674,3,time0,TIME0,0.9651438815934452,0.9728768733990911,1.0,2
0.0025142635203725845,False,366,time0,0.9023498641617468,0,time0,TIME0,0.9647710319579033,0.9863003004762586,1.0,5
0.0028549742389044927,False,366,time1,0.8630157876332629,7,time1,TIME1,0.9482086854971474,0.9687128497225489,1.0,7
0.0014597008507078644,False,366,time1,0.9291735393717487,6,time1,TIME1,0.9416691853585241,0.8594564574428817,1.0,8
0.002347781679274773,False,366,time1,0.8335610864739185,5,time1,TIME1,0.9312608504477446,0.9378383463172448,1.0,1
0.0022191248134377627,False,366,goleiro_time1,0.8074522158366968,9,goleiro1,GOL-TIME1,0.8293621928855116,0.9579484689901748,0.0,10
0.0004624609467075601,False,367,time0,0.9461768617913594,4,time0,TIME0,0.9734561805044423,0.9612143214845588,1.0,6
0.0009937503825480202,False,367,time0,0.9233489960068426,3,time0,TIME0,0.9684333243937623,0.9728768733990911,1.0,2
0.0023643881302578247,False,367,time0,0.9086308147150193,0,time0,TIME0,0.9668587855671741,0.9863003004762586,1.0,5
0.0026744914532885592,False,367,time1,0.8745230515255233,7,time1,TIME1,0.9519678631389366,0.9687128497225489,1.0,7
0.0025992406515516478,False,367,time1,0.8888426113977038,6,time1,TIME1,0.9283713053653775,0.8594564574428817,1.0,8
0.004328197986358791,False,367,time1,0.720304073359244,5,time1,TIME1,0.8948926715853939,0.9378383463172448,1.0,1
0.0023009187114130985,False,367,goleiro_time1,0.8033842957542882,9,goleiro1,GOL-TIME1,0.8280891861005019,0.9579484689901748,0.0,10
0.0020021677512684437,False,368,time0,0.9272535502561152,0,time0,TIME0,0.9725993812000822,0.9863003004762586,1.0,5
0.0015273027798687175,False,368,time0,0.9227151216766982,3,time0,TIME0,0.9680851596538896,0.9728768733990911,1.0,2
0.0028178588133813366,False,368,time1,0.8750273129600039,7,time1,TIME1,0.9518996894859166,0.9687128497225489,1.0,7
0.0017429330619535641,False,368,time0,0.8612934686361844,4,time0,TIME0,0.9462039041958249,0.9612143214845588,1.0,6
0.0025150849789614695,False,368,time1,0.8980272000899611,6,time1,TIME1,0.9318167637128062,0.8594564574428817,1.0,8
0.0027428604018195613,False,368,time1,0.7995276197485296,5,time1,TIME1,0.9204295681303228,0.9378383463172448,1.0,1
0.00221864622452076,False,368,goleiro_time1,0.8044991280934002,9,goleiro1,GOL-TIME1,0.8280279824719168,0.9579484689901748,0.0,10
0.000738057002292115,False,369,time0,0.9663549174131132,0,time0,TIME0,0.9847797544517158,0.986610124026755,1.0,5
0.0009956080261869695,False,369,time0,0.929980627564879,3,time0,TIME0,0.9711913533061393,0.974454870347769,1.0,2
0.0009526224727397091,False,369,time0,0.9204889303384939,4,time0,TIME0,0.9647254304654678,0.9599828145443725,1.0,6
0.002911381278466068,False,369,time1,0.87425063482264,7,time1,TIME1,0.9517864987186387,0.9689259091251373,1.0,7
0.001685995699982827,False,369,time1,0.9173882723417114,6,time1,TIME1,0.9386671187591294,0.8624508128906376,1.0,8
0.0035891917610688085,False,369,time1,0.7370375731807328,5,time1,TIME1,0.9005825851967357,0.9382486407261948,1.0,1
0.0013739752073284412,False,369,goleiro_time1,0.871742620063783,9,goleiro1,GOL-TIME1,0.849006792384992,0.9581649232684137,0.0,10
0.0008522921831282249,False,370,time0,0.9609342227293326,0,time0,TIME0,0.984032687214801,0.986610124026755,1.0,5
0.001114832945633444,False,370,time0,0.9419597387347307,3,time0,TIME0,0.9743980627497442,0.974454870347769,1.0,2
0.0013488564323039653,False,370,time0,0.8906324333482493,4,time0,TIME0,0.9556451997826075,0.9599828145443725,1.0,6
0.001034912492740269,False,370,time1,0.9399756430481135,6,time1,TIME1,0.9458911260715689,0.8624508128906376,1.0,8
0.003394449147015832,False,370,time1,0.8560616934057012,7,time1,TIME1,0.9456317819698782,0.9689259091251373,1.0,7
0.007481166014882531,False,370,time1,0.588890038878862,5,time1,TIME1,0.851016989544898,0.9382486407261948,1.0,1
0.0015519334418186387,False,370,goleiro_time1,0.8560857425530871,9,goleiro1,GOL-TIME1,0.844752147834406,0.9581649232684137,0.0,10
0.0004570037126591599,False,371,time0,0.963174686388901,0,time0,TIME0,0.9843436466631229,0.986610124026755,1.0,5
0.0004935083474647433,False,371,time0,0.9642125511003069,3,time0,TIME0,0.9818737343385572,0.974454870347769,1.0,2
0.0016124295918420403,False,371,time0,0.8724682555896981,4,time0,TIME0,0.949992383883215,0.9599828145443725,1.0,6
0.0009240844169248971,False,371,time1,0.9051160475652655,6,time1,TIME1,0.935998768663668,0.8624508128906376,1.0,8
0.004611612238888616,False,371,time1,0.8097015874506935,7,time1,TIME1,0.9300326109193072,0.9689259091251373,1.0,7
0.0032578733770903434,False,371,time1,0.7334635060047701,5,time1,TIME1,0.8985224496148776,0.9382486407261948,1.0,1
0.0014291932424028637,False,371,goleiro_time1,0.8670220570895806,9,goleiro1,GOL-TIME1,0.8482605735321579,0.9581649232684137,0.0,10
0.0009625925340319494,False,372,time0,0.9619500280589233,3,time0,TIME0,0.9812408281291795,0.9757308569159064,1.0,2
0.0009431483170145667,False,372,time0,0.9327115912008679,0,time0,TIME0,0.9753125052540086,0.9867807624077578,1.0,5
0.001524073657542238,False,372,time0,0.8762377638530896,4,time0,TIME0,0.9512503426574934,0.9594005534462817,1.0,6
0.001090511494116783,False,372,time1,0.891006602555599,6,time1,TIME1,0.9325847293142348,0.8661531273580076,1.0,8
0.00433100458242295,False,372,time1,0.8089790427980135,7,time1,TIME1,0.9305256532193457,0.9678543091747149,1.0,7
0.0019793344493693288,False,372,time1,0.825670441407906,5,time1,TIME1,0.9292273530722169,0.9416291273701595,1.0,1
0.0013595848546413068,False,372,goleiro_time1,0.8726258870798724,9,goleiro1,GOL-TIME1,0.8497655088654162,0.9570449817398523,0.0,10
0.0007697191982422051,False,373,time0,0.972952451269271,3,time0,TIME0,0.9849807317010809,0.9757308569159064,1.0,2
0.0008283305391318206,False,373,time0,0.9592767961603959,0,time0,TIME0,0.9836468272914037,0.9867807624077578,1.0,5
0.001399617269872978,False,373,time0,0.8857765906316122,4,time0,TIME0,0.9542149086465495,0.9594005534462817,1.0,6
0.00010513269724226576,False,373,time1,0.9524005293558329,6,time1,TIME1,0.9513479264492309,0.8661531273580076,1.0,8
0.002110194209556559,False,373,time1,0.8172540578381008,5,time1,TIME1,0.9285756588494211,0.9416291273701595,1.0,1
0.004762605202308886,False,373,time1,0.7733940983679147,7,time1,TIME1,0.9193243316387653,0.9678543091747149,1.0,7
0.0010388447792896716,False,373,goleiro_time1,0.9061323414154218,9,goleiro1,GOL-TIME1,0.8598826080324699,0.9570449817398523,0.0,10
0.0005322337885304887,False,374,time0,0.9725855620543027,0,time0,TIME0,0.987766627321749,0.9867807624077578,1.0,5
0.0011974881304928839,False,374,time0,0.9531000643126686,3,time0,TIME0,0.9784522351710135,0.9757308569159064,1.0,2
0.0011520549767837474,False,374,time0,0.9046288831083925,4,time0,TIME0,0.9599921471159296,0.9594005534462817,1.0,6
0.0009131452726017111,False,374,time1,0.945812252408686,6,time1,TIME1,0.9487693295559844,0.8661531273580076,1.0,8
0.001768014930867525,False,374,time1,0.8394829197711275,5,time1,TIME1,0.9352451018840323,0.9416291273701595,1.0,1
0.0044499279756996446,False,374,time1,0.7680920554308437,7,time1,TIME1,0.918127318121723,0.9678543091747149,1.0,7
0.001182456520606916,False,374,goleiro_time1,0.8898727815283147,9,goleiro1,GOL-TIME1,0.8549184094507828,0.9570449817398523,0.0,10
0.0003614491116285057,False,375,time0,0.992287976087419,0,time0,TIME0,0.9937761295183462,0.9868127798191138,1.0,5
0.0009201058083364902,False,375,time0,0.9503991697000703,3,time0,TIME0,0.9779245087063614,0.9762191052284968,1.0,2
0.0010629958782610222,False,375,time0,0.9135183683324934,4,time0,TIME0,0.9628151255082177,0.9593366425294823,1.0,6
0.00305507094470874,False,375,time1,0.8256414220486291,7,time1,TIME1,0.935870602346745,0.9676629055698649,1.0,7
0.0026754945202453165,False,375,time1,0.8562254361627731,6,time1,TIME1,0.9202345859507385,0.8685442875014242,1.0,8
0.0010691344142616005,False,375,goleiro_time1,0.9006089509020864,9,goleiro1,GOL-TIME1,0.8582247671113639,0.9564070305968324,0.0,10
0.008562744065673391,False,375,time1,0.6119646731378475,5,time1,TIME1,0.8561950344857142,0.9422331365278358,1.0,1
0.0004737561105337945,False,376,time0,0.978517553002175,0,time0,TIME0,0.9897375299248291,0.9868127798191138,1.0,5
0.0011277250834001652,False,376,time0,0.9311457208523244,3,time0,TIME0,0.9722311814076102,0.9762191052284968,1.0,2
0.00010346503619494548,False,376,time0,0.9429402555720608,4,time0,TIME0,0.9718549830853839,0.9593366425294823,1.0,6
0.0014716546424975586,False,376,time1,0.9114788957441013,7,time1,TIME1,0.9629138904882498,0.9676629055698649,1.0,7
0.0033438548739749214,False,376,time1,0.8102234894149813,5,time1,TIME1,0.921904064492321,0.9422331365278358,1.0,1
0.003720575782837667,False,376,time1,0.8366663365082007,6,time1,TIME1,0.9136941583864969,0.8685442875014242,1.0,8
0.000583521755751302,False,376,goleiro_time1,0.9138959104920088,9,goleiro1,GOL-TIME1,0.8621551480721343,0.9564070305968324,0.0,10
0.00040860191692114624,False,377,time0,0.9740741653047209,0,time0,TIME0,0.9882244506111567,0.9868127798191138,1.0,5
0.00044315261127889224,False,377,time0,0.9764642515462373,3,time0,TIME0,0.9860090253937775,0.9762191052284968,1.0,2
0.0012691521128497894,False,377,time1,0.9260120735635414,7,time1,TIME1,0.9684005889254536,0.9676629055698649,1.0,7
0.0009722982999521134,False,377,time0,0.9242115983666007,4,time0,TIME0,0.965526779218257,0.9593366425294823,1.0,6
0.0013911346005948417,False,377,time1,0.8922094616962132,5,time1,TIME1,0.9504041253701397,0.9422331365278358,1.0,1
0.0032455731440696844,False,377,time1,0.8651014643297578,6,time1,TIME1,0.9233362086574978,0.8685442875014242,1.0,8
0.0005206000300803641,False,377,goleiro_time1,0.9350656607875455,9,goleiro1,GOL-TIME1,0.8689709606904186,0.9564070305968324,0.0,10
0.0004349956303088723,False,378,time0,0.9673046033999285,0,time0,TIME0,0.9864171902877853,0.986801354530263,1.0,5
0.0006206046043264663,False,378,time0,0.952265980506857,3,time0,TIME0,0.97911450793176,0.9773244251418691,1.0,2
0.0008874924412653967,False,378,time0,0.9329134359491538,4,time0,TIME0,0.9692999526054176,0.9613869712881215,1.0,6
0.0020119776335473048,False,378,time1,0.890942320633381,7,time1,TIME1,0.9569314431845999,0.9679626995836164,1.0,7
0.0015412281805007994,False,378,time1,0.8793819619678699,5,time1,TIME1,0.9468103797239854,0.9388570753506127,1.0,1
0.0023830137026419626,False,378,time1,0.8982512884611165,6,time1,TIME1,0.9340151595436527,0.8695481221268067,1.0,8
0.0007289603495390452,False,378,goleiro_time1,0.9360597590136318,9,goleiro1,GOL-TIME1,0.8684389645308397,0.955025367658423,0.0,10
0.00022530920719736333,False,379,time0,0.972505773303343,4,time0,TIME0,0.9813931743574835,0.9613869712881215,1.0,6
0.00020090520396282732,False,379,time0,0.9468455895230162,0,time0,TIME0,0.980408994844901,0.986801354530263,1.0,5
0.0010279636457443042,False,379,time0,0.9411104886181506,3,time0,TIME0,0.9754446732860242,0.9773244251418691,1.0,2
0.0007490006381214194,False,379,time1,0.9426378587542555,5,time1,TIME1,0.9661806742207483,0.9388570753506127,1.0,1
0.0025398486544299334,False,379,time1,0.8751037880443286,7,time1,TIME1,0.9518513321581776,0.9679626995836164,1.0,7
0.0024634460790035734,False,379,time1,0.8962770965584378,6,time1,TIME1,0.9334628005185687,0.8695481221268067,1.0,8
0.0006235194835682515,False,379,goleiro_time1,0.9478808395928123,9,goleiro1,GOL-TIME1,0.8724018095698791,0.955025367658423,0.0,10
0.0006595433648755705,False,380,time0,0.9740249622838207,0,time0,TIME0,0.9877764155613223,0.986801354530263,1.0,5
0.0006265773334023843,False,380,time0,0.9734690883044517,3,time0,TIME0,0.9853793745312001,0.9773244251418691,1.0,2
0.0005847867370407473,False,380,time0,0.9552305737051282,4,time0,TIME0,0.9761146401855896,0.9613869712881215,1.0,6
0.0007101347698463092,False,380,time1,0.937048534183185,5,time1,TIME1,0.9650046870809422,0.9388570753506127,1.0,1
0.002813933345262909,False,380,time1,0.8750615918280411,7,time1,TIME1,0.951745449974567,0.9679626995836164,1.0,7
0.0014599628732696155,False,380,time1,0.9387691122093448,6,time1,TIME1,0.9469731709358348,0.8695481221268067,1.0,8
0.0011761204665661905,False,380,goleiro_time1,0.9222327761044622,9,goleiro1,GOL-TIME1,0.8639770318297422,0.955025367658423,0.0,10
0.0006257125831882614,False,381,time0,0.9732916354638859,0,time0,TIME0,0.9878268817480359,0.9868393047346766,1.0,5
0.0006488663513431988,False,381,time0,0.9433486634478789,3,time0,TIME0,0.9764109413352967,0.9780018320588462,1.0,2
0.0008326146242508111,False,381,time0,0.9378284190732575,4,time0,TIME0,0.9714290512855205,0.964043133100865,1.0,6
0.0018228979969916708,False,381,time1,0.921391240681407,7,time1,TIME1,0.9654656171695216,0.9662094101237004,1.0,7
0.0011035349137370376,False,381,time1,0.9163926103805753,5,time1,TIME1,0.9575893640045955,0.9361529767854528,1.0,1
0.0009799152449545588,False,381,time1,0.9684314485641147,6,time1,TIME1,0.956282496736855,0.868559801347885,1.0,8
0.00039906333784619694,False,381,goleiro_time1,0.9641741212942782,9,goleiro1,GOL-TIME1,0.8770261117682421,0.9546835946083274,0.0,10
0.0009797354764807594,False,382,time0,0.9581180461150621,0,time0,TIME0,0.9830080526731905,0.9868393047346766,1.0,5
0.0005990227550839095,False,382,time0,0.9715968370399111,4,time0,TIME0,0.9814446389355563,0.964043133100865,1.0,6
0.0011553730634000904,False,382,time1,0.9523005602960409,7,time1,TIME1,0.9756986791919339,0.9662094101237004,1.0,7
0.0007064238117309344,False,382,time1,0.9246043675237012,5,time1,TIME1,0.9601861267201368,0.9361529767854528,1.0,1
0.00042149673335717907,False,382,time1,0.975434375065477,6,time1,TIME1,0.9588283832498724,0.868559801347885,1.0,8
0.0022970822075845344,False,382,time0,0.8304330591371403,3,time0,TIME0,0.940409323824634,0.9780018320588462,1.0,2
0.00035213727244073884,False,382,goleiro_time1,0.9645440524051837,9,goleiro1,GOL-TIME1,0.8772669877460268,0.9546835946083274,0.0,10
0.0009273362673546262,False,383,time0,0.9589215958449787,0,time0,TIME0,0.9834439814160049,0.9868393047346766,1.0,5
0.0005883082401811757,False,383,time0,0.9733936568862737,4,time0,TIME0,0.982470207150527,0.964043133100865,1.0,6
0.0009665973340536251,False,383,time1,0.9603953434687005,7,time1,TIME1,0.9786634964764681,0.9662094101237004,1.0,7
0.0008032435293373627,False,383,time1,0.9287905258639588,5,time1,TIME1,0.9617671351165772,0.9361529767854528,1.0,1
0.0007723658858656428,False,383,time1,0.9521426378114132,6,time1,TIME1,0.9512730175338274,0.868559801347885,1.0,8
0.0028821566174749864,False,383,time0,0.8063348778616927,3,time0,TIME0,0.9333726438761039,0.9780018320588462,1.0,2
0.0032013702301207404,False,383,goleiro_time1,0.829229402295852,9,goleiro1,GOL-TIME1,0.832520449558964,0.9546835946083274,0.0,10
0.00039632838942180583,False,384,time1,0.9858220706708982,7,time1,TIME1,0.9860902188798218,0.9644588698173664,1.0,7
0.0009896742595737653,False,384,time0,0.9596643699855354,0,time0,TIME0,0.9834931050680596,0.9869510868844542,1.0,5
0.0006617789985173763,False,384,time0,0.9743648136723358,4,time0,TIME0,0.9832786836039036,0.9664838041220158,1.0,6
0.00039243898863865434,False,384,time1,0.9632992184601834,5,time1,TIME1,0.9721359888482569,0.9351433376505145,1.0,1
0.0018853388068207494,False,384,time0,0.8784357193070715,3,time0,TIME0,0.9556434579406955,0.9784509663405587,1.0,2
0.0012571963729369594,False,384,time1,0.9436924926361238,6,time1,TIME1,0.9484497790958648,0.8675167745871,1.0,8
0.001334449412341114,False,384,goleiro_time1,0.9052824467531791,9,goleiro1,GOL-TIME1,0.857731039828895,0.9547487722906225,0.0,10
0.00013330101552028214,False,385,time0,0.986153905648693,4,time0,TIME0,0.9869606495616048,0.9664838041220158,1.0,6
0.0013917898193428141,False,385,time0,0.9598750172261838,0,time0,TIME0,0.9829353613777345,0.9869510868844542,1.0,5
0.00024836142943385247,False,385,time1,0.9715119618925658,5,time1,TIME1,0.9748332709082622,0.9351433376505145,1.0,1
0.0015168376788418842,False,385,time0,0.9164185780445588,3,time0,TIME0,0.967631357598677,0.9784509663405587,1.0,2
0.002002446982251227,False,385,time1,0.9161048474730838,6,time1,TIME1,0.9393309680421409,0.8675167745871,1.0,8
0.0005350352978286828,False,385,goleiro_time1,0.9543529204048358,9,goleiro1,GOL-TIME1,0.8739431264222056,0.9547487722906225,0.0,10
0.00021414525758149783,False,386,time0,0.9807002923963625,4,time0,TIME0,0.9855543609763192,0.9664838041220158,1.0,6
0.001787505253465786,False,386,time0,0.9484095356962992,0,time0,TIME0,0.9793657872151965,0.9869510868844542,1.0,5
0.0002670920381237234,False,386,time1,0.9759578316244909,5,time1,TIME1,0.9761068279294934,0.9351433376505145,1.0,1
0.001787732967414536,False,386,time0,0.9126500459553235,3,time0,TIME0,0.9665335897361399,0.9784509663405587,1.0,2
0.0012060925574670011,False,386,time1,0.8919020247818142,7,time1,TIME1,0.956712263686264,0.9644588698173664,1.0,7
0.0027013320444778015,False,386,time1,0.8917429016326984,6,time1,TIME1,0.9314630539092152,0.8675167745871,1.0,8
0.0014489121447823796,False,386,goleiro_time1,0.9037377278177219,9,goleiro1,GOL-TIME1,0.8572516377809332,0.9547487722906225,0.0,10
0.0003362941610396904,False,387,time0,0.9735565941507783,4,time0,TIME0,0.9837887382995809,0.9685142941284854,1.0,6
0.0010580897466018978,False,387,time0,0.9466566284185226,3,time0,TIME0,0.9770943903728323,0.9782290046054463,1.0,2
0.0022375700762027858,False,387,time0,0.9306238928335049,0,time0,TIME0,0.9736269855637707,0.9872103396482306,1.0,5
0.0005296902973187113,False,387,time1,0.9650413026329476,5,time1,TIME1,0.9722284869275262,0.9336766306883683,1.0,1
0.0005494188861993741,False,387,time1,0.9295363528898649,7,time1,TIME1,0.9688645679017905,0.9640879017151414,1.0,7
0.00382811564325811,False,387,time1,0.8526405019753407,6,time1,TIME1,0.9186858383192255,0.8687726684062917,1.0,8
0.0018281845538075713,False,387,goleiro_time1,0.8483021677366073,9,goleiro1,GOL-TIME1,0.8399247757742152,0.9563467430939951,0.0,10
0.001347063076728494,False,388,time0,0.9533127969760816,0,time0,TIME0,0.9809461705415311,0.9872103396482306,1.0,5
0.0009009007775485458,False,388,time0,0.927269099238642,3,time0,TIME0,0.971658011411855,0.9782290046054463,1.0,2
0.0009392449276250102,False,388,time0,0.9295175799478081,4,time0,TIME0,0.9697188804197843,0.9685142941284854,1.0,6
0.0010800978018949195,False,388,time1,0.9302611391038607,7,time1,TIME1,0.9682194602317741,0.9640879017151414,1.0,7
0.0005172613799420333,False,388,time1,0.9455124235956339,5,time1,TIME1,0.9660836935470342,0.9336766306883683,1.0,1
0.004184429962274439,False,388,time1,0.8343575528489434,6,time1,TIME1,0.9133245058750371,0.8687726684062917,1.0,8
0.0018094061619863444,False,388,goleiro_time1,0.8424855043848528,9,goleiro1,GOL-TIME1,0.83958882145655,0.9563467430939951,0.0,10
0.0017777710233020279,False,389,time0,0.9410800675418893,0,time0,TIME0,0.977212129101781,0.9872103396482306,1.0,5
0.0009751327108854881,False,389,time0,0.9437895841254625,3,time0,TIME0,0.9763991945880536,0.9782290046054463,1.0,2
0.0008388373624624767,False,389,time0,0.9353128022805087,4,time0,TIME0,0.9717118601758613,0.9685142941284854,1.0,6
0.0014590253931250933,False,389,time1,0.9276773001856199,7,time1,TIME1,0.9677098962879307,0.9640879017151414,1.0,7
0.0007216315103025565,False,389,time1,0.8679199137420792,5,time1,TIME1,0.9423526674603208,0.9336766306883683,1.0,1
0.0033061318504915547,False,389,time1,0.8537631757410495,6,time1,TIME1,0.9196547926318633,0.8687726684062917,1.0,8
0.0012586083292940868,False,389,goleiro_time1,0.8917026519154126,9,goleiro1,GOL-TIME1,0.8550764653928293,0.9563467430939951,0.0,10
0.0013131040436014183,False,390,time0,0.9458871570209805,0,time0,TIME0,0.9788474091233873,0.9875973216802056,1.0,5
0.0007759923711972727,False,390,time0,0.9422516303892735,4,time0,TIME0,0.9743693818379054,0.9702011530906507,1.0,6
0.00010024538391148687,False,390,time1,0.9712074883574342,5,time1,TIME1,0.974097203054377,0.933448618572396,1.0,1
0.0009121154730663696,False,390,time0,0.8983188112059309,3,time0,TIME0,0.9622554313328981,0.9780440521880679,1.0,2
0.0022237072319691723,False,390,time1,0.8884851421195089,7,time1,TIME1,0.9547770097057594,0.9633267884881448,1.0,7
0.0012752302570331613,False,390,time1,0.9331119049233875,6,time1,TIME1,0.9443183450833235,0.8687602301626473,1.0,8
0.0010478899150087085,False,390,goleiro_time1,0.9125550082177092,9,goleiro1,GOL-TIME1,0.8615208996586889,0.9556426929949839,0.0,10
0.0009627342058755396,False,391,time0,0.9605569845294262,0,time0,TIME0,0.983844325594456,0.9875973216802056,1.0,5
0.0013818379405331738,False,391,time0,0.9310998169062392,3,time0,TIME0,0.9716098590042538,0.9780440521880679,1.0,2
0.0010580174495877508,False,391,time0,0.9252766080787729,4,time0,TIME0,0.968956380995352,0.9702011530906507,1.0,6
0.000621697122603871,False,391,time1,0.9515188279111192,5,time1,TIME1,0.967788586749652,0.933448618572396,1.0,1
0.00223709278603454,False,391,time1,0.886008261301996,7,time1,TIME1,0.9544939852197621,0.9633267884881448,1.0,7
0.0004428324967675253,False,391,time1,0.919324859904468,6,time1,TIME1,0.9416761758284263,0.8687602301626473,1.0,8
0.0009573780577720695,False,391,goleiro_time1,0.9198502516432365,9,goleiro1,GOL-TIME1,0.8639239218336121,0.9556426929949839,0.0,10
0.0012537250339672752,False,392,time0,0.9509997054472918,0,time0,TIME0,0.9808361392630968,0.9875973216802056,1.0,5
0.0006807115085244495,False,392,time0,0.9568836813402533,3,time0,TIME0,0.9801907253005643,0.9780440521880679,1.0,2
0.0008283756165365995,False,392,time0,0.9419990436917147,4,time0,TIME0,0.9742372280490494,0.9702011530906507,1.0,6
0.0003149696805091717,False,392,time1,0.9561235040685291,5,time1,TIME1,0.9697030023407195,0.933448618572396,1.0,1
0.0022804402574687875,False,392,time1,0.8801998572136799,7,time1,TIME1,0.9526589584300114,0.9633267884881448,1.0,7
0.0011624300312300863,False,392,time1,0.9407430012054676,6,time1,TIME1,0.947525517424822,0.8687602301626473,1.0,8
0.0003099750174764362,False,392,goleiro_time1,0.9650939498954481,9,goleiro1,GOL-TIME1,0.8776783844302787,0.9556426929949839,0.0,10
0.0015112440761739854,False,393,time0,0.9414526654750485,0,time0,TIME0,0.9778171140535387,0.9877235739922722,1.0,5
0.0006888486024041259,False,393,time0,0.9475509561534017,4,time0,TIME0,0.9768000383219356,0.9730839874605071,1.0,6
0.0004107059981367611,False,393,time1,0.9666793755647796,5,time1,TIME1,0.9731064533542265,0.9341676228128226,1.0,1
0.002011405318261662,False,393,time1,0.8922204598473602,7,time1,TIME1,0.9562660478385766,0.9624748861404229,1.0,7
0.0031727150704596602,False,393,time0,0.8493676141696844,3,time0,TIME0,0.9441621848384641,0.9765272665791538,1.0,2
0.002780858110665061,False,393,time1,0.8875408079413454,6,time1,TIME1,0.9291094876541436,0.8671538192617778,1.0,8
0.0009434114218669487,False,393,goleiro_time1,0.9405548350973344,9,goleiro1,GOL-TIME1,0.8695834627459161,0.95579575773036,0.0,10
0.001505987823495751,False,394,time0,0.940470528451342,0,time0,TIME0,0.9776239896737747,0.9877235739922722,1.0,5
0.00020795098361342594,False,394,time1,0.9767351210987564,5,time1,TIME1,0.9762262330788124,0.9341676228128226,1.0,1
0.0012257388381451807,False,394,time0,0.9342208231518782,4,time0,TIME0,0.971901728160271,0.9730839874605071,1.0,6
0.0015764792521830938,False,394,time1,0.9129941987811864,7,time1,TIME1,0.962774346326542,0.9624748861404229,1.0,7
0.0029235957940687562,False,394,time0,0.8674765670682447,3,time0,TIME0,0.9515220979970229,0.9765272665791538,1.0,2
0.004415006353285409,False,394,time1,0.8444001398541626,6,time1,TIME1,0.9149764581710146,0.8671538192617778,1.0,8
0.0015082219960452052,False,394,goleiro_time1,0.8868209091807349,9,goleiro1,GOL-TIME1,0.8531585431681062,0.95579575773036,0.0,10
0.00044827406465904263,False,395,time0,0.9697310028285281,4,time0,TIME0,0.9831957847147221,0.9730839874605071,1.0,6
0.0015740014560126146,False,395,time0,0.9359519581516013,0,time0,TIME0,0.9762144831652554,0.9877235739922722,1.0,5
0.0003899145186847157,False,395,time1,0.9672185234443339,5,time1,TIME1,0.9732020670302182,0.9341676228128226,1.0,1
0.0013932382488942043,False,395,time0,0.9277502311923504,3,time0,TIME0,0.9701436199489003,0.9765272665791538,1.0,2
0.001621004688740059,False,395,time1,0.909306746096933,7,time1,TIME1,0.9618017962314566,0.9624748861404229,1.0,7
0.004945611889676176,False,395,time1,0.821763104171023,6,time1,TIME1,0.9084036289568039,0.8671538192617778,1.0,8
0.0028776729038491188,False,395,goleiro_time1,0.776699861315791,9,goleiro1,GOL-TIME1,0.8173725209163252,0.95579575773036,0.0,10
0.0008521613883054755,False,396,time0,0.9612397405963875,4,time0,TIME0,0.9802250659750439,0.973406553856287,1.0,6
0.0018348025445576572,False,396,time0,0.925988463656162,0,time0,TIME0,0.9729010225291319,0.9878202251282375,1.0,5
0.0004945546519322068,False,396,time1,0.9578680028115395,5,time1,TIME1,0.9700982881445189,0.9336674109659904,1.0,1
0.0009692622582741942,False,396,time0,0.9203662961325673,3,time0,TIME0,0.9686886655808128,0.9749969830850609,1.0,2
0.0018701451780273293,False,396,time1,0.9024079644906565,7,time1,TIME1,0.9592421293441776,0.9615752062911722,1.0,7
0.0032485490103885233,False,396,time1,0.8532535611669004,6,time1,TIME1,0.918707712666593,0.8674185091096828,1.0,8
0.0024451008198928493,False,396,goleiro_time1,0.8266716940752445,9,goleiro1,GOL-TIME1,0.8338967149440523,0.9549298810127563,0.0,10
0.0017173966309746074,False,397,time0,0.9318541944906215,0,time0,TIME0,0.974760991144489,0.9878202251282375,1.0,5
0.0013243145181857814,False,397,time0,0.9030679955026232,4,time0,TIME0,0.962349548057354,0.973406553856287,1.0,6
0.0008353863705566542,False,397,time1,0.9275013548246351,5,time1,TIME1,0.9606380657916442,0.9336674109659904,1.0,1
0.001853826616352108,False,397,time1,0.9047577113048749,7,time1,TIME1,0.9601029806284597,0.9615752062911722,1.0,7
0.0029322222997717447,False,397,time0,0.7855538795249214,3,time0,TIME0,0.9241128794821991,0.9749969830850609,1.0,2
0.0022297228197540753,False,397,time1,0.8177783165234526,6,time1,TIME1,0.9094664300746758,0.8674185091096828,1.0,8
0.0018432742827004208,False,397,goleiro_time1,0.8758981614325483,9,goleiro1,GOL-TIME1,0.8494013255547559,0.9549298810127563,0.0,10
0.0016996203320485698,False,398,time0,0.9307775074026611,0,time0,TIME0,0.9746266708764315,0.9878202251282375,1.0,5
0.0007773100600404449,False,398,time1,0.9315216691563252,5,time1,TIME1,0.9620773337902757,0.9336674109659904,1.0,1
0.0016493095109239029,False,398,time0,0.8977022843869751,4,time0,TIME0,0.9609168965536242,0.973406553856287,1.0,6
0.001858219850481229,False,398,time1,0.9048052112529857,7,time1,TIME1,0.9600568913398203,0.9615752062911722,1.0,7
0.0016122024190386053,False,398,time0,0.8914274829225707,3,time0,TIME0,0.9587778876142814,0.9749969830850609,1.0,2
0.0012913466468185226,False,398,time1,0.8218167172985308,6,time1,TIME1,0.9111022495337552,0.8674185091096828,1.0,8
9.131026979940166e-05,False,398,goleiro_time1,0.8714701761022294,9,goleiro1,GOL-TIME1,0.8488927310471911,0.9549298810127563,0.0,10
0.0022772955538115217,False,399,time0,0.9036439792318766,0,time0,TIME0,0.9655509695770789,0.9877647268468518,1.0,5
0.0015666534602319583,False,399,time1,0.916655121789354,7,time1,TIME1,0.9636806569292239,0.9613323110908221,1.0,7
0.0015389012556442734,False,399,time0,0.9013980576319037,3,time0,TIME0,0.9617788597969048,0.9743919011438891,1.0,2
0.0019136790199082252,False,399,time0,0.8964903355751705,4,time0,TIME0,0.9604149038596557,0.9750106379223928,1.0,6
0.0012339738793269574,False,399,time1,0.897073934162751,5,time1,TIME1,0.951681822261704,0.9361182100481911,1.0,1
0.00015696994048691507,False,399,time1,0.9169356386508973,6,time1,TIME1,0.9412031496650832,0.8683618040508674,1.0,8
0.003450453358004571,False,399,goleiro_time1,0.7627531804038593,9,goleiro1,GOL-TIME1,0.8118357896502765,0.9537531036960524,0.0,10
0.002294242709885194,False,400,time0,0.9040051846270053,0,time0,TIME0,0.965778189853156,0.9877647268468518,1.0,5
0.0018501784310933278,False,400,time0,0.8951333398563424,4,time0,TIME0,0.9599470595407519,0.9750106379223928,1.0,6
0.0007061804045680355,False,400,time1,0.900383869989646,7,time1,TIME1,0.9591632330864853,0.9613323110908221,1.0,7
0.002004207436191518,False,400,time0,0.8851829086186799,3,time0,TIME0,0.9569643554274959,0.9743919011438891,1.0,2
0.0012807383587412158,False,400,time1,0.8887466055927641,5,time1,TIME1,0.9492459232234834,0.9361182100481911,1.0,1
0.000763550141645834,False,400,time1,0.8301871268201237,6,time1,TIME1,0.9148487229711265,0.8683618040508674,1.0,8
0.0030395595553860755,False,400,goleiro_time1,0.7883455706103057,9,goleiro1,GOL-TIME1,0.8214877880991285,0.9537531036960524,0.0,10
0.0019287215609295656,False,401,time0,0.9176819595294523,0,time0,TIME0,0.9701064559822818,0.9877647268468518,1.0,5
0.002143130261579268,False,401,time0,0.8813983043769918,4,time0,TIME0,0.9559320185001935,0.9750106379223928,1.0,6
0.001064439221046447,False,401,time1,0.9019727609929672,5,time1,TIME1,0.9534971659910739,0.9361182100481911,1.0,1
0.0019274639392164107,False,401,time1,0.8856238921808319,7,time1,TIME1,0.9534317286127642,0.9613323110908221,1.0,7
0.0028364367649777135,False,401,time0,0.8197028830098251,3,time0,TIME0,0.9361809034979597,0.9743919011438891,1.0,2
0.0015116822956504539,False,401,time1,0.867039509896907,6,time1,TIME1,0.9246865779522477,0.8683618040508674,1.0,8
0.002110564352952341,False,401,goleiro_time1,0.8683917476168599,9,goleiro1,GOL-TIME1,0.8460599486942709,0.9537531036960524,0.0,10
0.0024519445764685497,False,402,time0,0.8959315333534195,0,time0,TIME0,0.9629193875685261,0.9873028480502963,1.0,5
0.002575076781550852,False,402,time0,0.8570920480033117,4,time0,TIME0,0.9486431842840816,0.9767591162999203,1.0,6
0.0022756498226781108,False,402,time1,0.8667471379946478,7,time1,TIME1,0.9479110204660544,0.9607758086480894,1.0,7
0.002884351719332663,False,402,time0,0.8299908691097082,3,time0,TIME0,0.9395475564032477,0.974803429689685,1.0,2
0.0020040273430305287,False,402,time1,0.8223737984296215,5,time1,TIME1,0.9290235620132192,0.939130746155616,1.0,1
0.0019003891403346327,False,402,time1,0.8665050502677721,6,time1,TIME1,0.9253923260661926,0.8704928674444365,1.0,8
0.002296321357270982,False,402,goleiro_time1,0.8422477145128751,9,goleiro1,GOL-TIME1,0.8385090420311393,0.9527428970804955,0.0,10
0.0029255107991111454,False,403,time0,0.8831370634766399,0,time0,TIME0,0.9582992245619026,0.9873028480502963,1.0,5
0.0020259056316769006,False,403,time0,0.8822692886395407,4,time0,TIME0,0.9566230350190682,0.9767591162999203,1.0,6
0.0029505387699516857,False,403,time1,0.8408332056429343,7,time1,TIME1,0.9392785920322707,0.9607758086480894,1.0,7
0.0018526835009877068,False,403,time1,0.8299361636374968,5,time1,TIME1,0.9319588093156076,0.939130746155616,1.0,1
0.004121630697788392,False,403,time0,0.7953678679217309,3,time0,TIME0,0.9267739972582406,0.974803429689685,1.0,2
0.0018601361542723753,False,403,time1,0.8035597938777046,6,time1,TIME1,0.9050011072559857,0.8704928674444365,1.0,8
0.0020506392194658244,False,403,goleiro_time1,0.85188441010127,9,goleiro1,GOL-TIME1,0.8413243991890447,0.9527428970804955,0.0,10
0.0028625355541685078,False,404,time0,0.8946002991921597,0,time0,TIME0,0.9622152167415575,0.9873028480502963,1.0,5
0.002150806732566415,False,404,time0,0.8804984804098119,4,time0,TIME0,0.9562305574379725,0.9767591162999203,1.0,6
0.0007872825023720731,False,404,time0,0.88170549722589,3,time0,TIME0,0.9541498154821989,0.974803429689685,1.0,2
0.002496495555084405,False,404,time1,0.8656519883945433,7,time1,TIME1,0.9472997673325796,0.9607758086480894,1.0,7
0.0007131451612362752,False,404,time1,0.9160359520809592,6,time1,TIME1,0.9403349735008372,0.8704928674444365,1.0,8
0.00180281165694295,False,404,time1,0.8312640601091487,5,time1,TIME1,0.9322890573751191,0.939130746155616,1.0,1
0.0025851795316744457,False,404,goleiro_time1,0.82704652186153,9,goleiro1,GOL-TIME1,0.8335703998313794,0.9527428970804955,0.0,10
0.0014754145201494521,False,405,time1,0.9213572768505408,7,time1,TIME1,0.9644055357136218,0.9601453807950173,1.0,7
0.00178031992596696,False,405,time0,0.9063898965787826,4,time0,TIME0,0.9642479619825594,0.9772033536744515,1.0,6
0.0029147361629638627,False,405,time0,0.8832270569383538,0,time0,TIME0,0.9586174056974858,0.9867367208008785,1.0,5
0.001046747557247749,False,405,time1,0.9428740225456596,6,time1,TIME1,0.9502549539178399,0.8753923871921355,1.0,8
0.001895233540685076,False,405,time1,0.8289912177794558,5,time1,TIME1,0.9321426826708158,0.9421272902344257,1.0,1
0.00331152490470554,False,405,time0,0.7575107726897067,3,time0,TIME0,0.9158792269451645,0.9766757104613695,1.0,2
0.002665110374557678,False,405,goleiro_time1,0.8256214648317929,9,goleiro1,GOL-TIME1,0.8331182624735627,0.9519636855206943,0.0,10
0.002311529488758857,False,406,time0,0.9009884372147612,0,time0,TIME0,0.9642056463621702,0.9867367208008785,1.0,5
0.0014774713052644948,False,406,time0,0.9049839665958238,4,time0,TIME0,0.964166658232969,0.9772033536744515,1.0,6
0.0012165396924693607,False,406,time1,0.9174716400762839,7,time1,TIME1,0.9639422541910342,0.9601453807950173,1.0,7
0.00048781019552189537,False,406,time1,0.9469883892750889,6,time1,TIME1,0.9514561568876458,0.8753923871921355,1.0,8
0.0012141170931210595,False,406,time0,0.8338191756078689,3,time0,TIME0,0.9401350201870192,0.9766757104613695,1.0,2
0.0022862484783688023,False,406,time1,0.7908686921890141,5,time1,TIME1,0.9203472896556736,0.9421272902344257,1.0,1
0.003018884124546933,False,406,goleiro_time1,0.8008946946664997,9,goleiro1,GOL-TIME1,0.825247140158125,0.9519636855206943,0.0,10
0.0018402155129192519,False,407,time0,0.9211739590847107,0,time0,TIME0,0.9709433902370698,0.9867367208008785,1.0,5
0.001160419676383111,False,407,time0,0.9254307049732731,4,time0,TIME0,0.9706386896133857,0.9772033536744515,1.0,6
0.0020167717481261267,False,407,time1,0.9040066677500223,7,time1,TIME1,0.9588414326340581,0.9601453807950173,1.0,7
0.0013539498002422426,False,407,time0,0.8730349247346755,3,time0,TIME0,0.953099939608608,0.9766757104613695,1.0,2
0.003035855956846991,False,407,time1,0.8830881641235674,6,time1,TIME1,0.92927660978208,0.8753923871921355,1.0,8
0.0019496623694314152,False,407,time1,0.8179064871610461,5,time1,TIME1,0.9289000160726194,0.9421272902344257,1.0,1
0.002896749358510107,False,407,goleiro_time1,0.8171612032739193,9,goleiro1,GOL-TIME1,0.8302687345442268,0.9519636855206943,0.0,10
0.0015578948068429316,False,408,time0,0.9197297163702625,4,time0,TIME0,0.9685992706543025,0.9775406738321798,1.0,6
0.002438766822204323,False,408,time0,0.8991951021689444,0,time0,TIME0,0.9635699100758917,0.9859597770845885,1.0,5
0.0029360836962848205,False,408,time1,0.8675850968444276,7,time1,TIME1,0.9466997875728461,0.9588828823019768,1.0,7
0.001794316649551621,False,408,time1,0.8359904993803188,5,time1,TIME1,0.9346970075734985,0.9434803805711238,1.0,1
0.005555754531618639,False,408,time1,0.8309561031263836,6,time1,TIME1,0.9123392931250894,0.879357949010328,1.0,8
0.003119392342738144,False,408,goleiro_time1,0.8066676461778255,9,goleiro1,GOL-TIME1,0.8266452144269176,0.9505457505557964,0.0,10
0.001568072992623502,False,409,time0,0.9295551588029403,4,time0,TIME0,0.9715028974470518,0.9775406738321798,1.0,6
0.0032744302591624984,False,409,time0,0.8685117372136671,0,time0,TIME0,0.9534813228965648,0.9859597770845885,1.0,5
0.003332253800701851,False,409,time1,0.8518640748859264,7,time1,TIME1,0.9419792957428283,0.9588828823019768,1.0,7
0.0015546498830732406,False,409,time1,0.8485691840023304,5,time1,TIME1,0.9382953245053817,0.9434803805711238,1.0,1
0.006116361164299127,False,409,time1,0.8096570970835566,6,time1,TIME1,0.9066668628122773,0.879357949010328,1.0,8
0.003128695496543598,False,409,goleiro_time1,0.7936333015869433,9,goleiro1,GOL-TIME1,0.822698244980131,0.9505457505557964,0.0,10
0.0015114438670244573,False,410,time0,0.9093325183986006,4,time0,TIME0,0.9655775657106588,0.9775406738321798,1.0,6
0.0034336360768066113,False,410,time0,0.8638415679904194,0,time0,TIME0,0.9524086110351051,0.9859597770845885,1.0,5
0.00363211194416196,False,410,time1,0.835908451857131,7,time1,TIME1,0.9369867077828238,0.9588828823019768,1.0,7
0.0018878815404290853,False,410,time1,0.7968102151485714,5,time1,TIME1,0.9228147040093583,0.9434803805711238,1.0,1
0.00484000932948512,False,410,time1,0.8494548048695837,6,time1,TIME1,0.919369508347034,0.879357949010328,1.0,8
0.003294539652001658,False,410,goleiro_time1,0.7838387628454293,9,goleiro1,GOL-TIME1,0.8196283112104286,0.9505457505557964,0.0,10
0.0020863102199129248,False,411,time0,0.8596626536294378,4,time0,TIME0,0.950076768317832,0.9783445200306814,1.0,6
0.003996084551682836,False,411,time0,0.8445512407106442,0,time0,TIME0,0.9456865214157487,0.9853839814976049,1.0,5
0.0034576120611538755,False,411,time1,0.8424777871947712,7,time1,TIME1,0.9386362869600566,0.9567886642716563,1.0,7
0.0019704754676388137,False,411,time1,0.8153902042707789,5,time1,TIME1,0.9291918158675186,0.9459158252817372,1.0,1
0.004203712052155306,False,411,time1,0.865320715728327,6,time1,TIME1,0.9258904805420543,0.882244459692414,1.0,8
0.003359847449712103,False,411,goleiro_time1,0.77812103063069,9,goleiro1,GOL-TIME1,0.8175449469798091,0.9497837915483942,0.0,10
0.0017746738322034605,False,412,time0,0.876489894009469,4,time0,TIME0,0.9557057918297812,0.9783445200306814,1.0,6
0.003205239419126359,False,412,time0,0.8700485027967607,0,time0,TIME0,0.953895827947601,0.9853839814976049,1.0,5
0.0017056433876388266,False,412,time1,0.9313908566854553,6,time1,TIME1,0.9467233839876669,0.882244459692414,1.0,8
0.0025977793427417496,False,412,time1,0.8649092478072307,7,time1,TIME1,0.9456680026446506,0.9567886642716563,1.0,7
0.0072546854445352995,False,412,time1,0.5883773578806673,5,time1,TIME1,0.8521067565671258,0.9459158252817372,1.0,1
0.0030092606127147203,False,412,goleiro_time1,0.8033838726390199,9,goleiro1,GOL-TIME1,0.8254662919713662,0.9497837915483942,0.0,10
0.016387890615542033,False,412,time0,0.252526628523889,3,time0,TIME0,0.7447489481152852,0.9766757104613695,1.0,2
0.003367380192503461,False,413,time0,0.8677395394638302,0,time0,TIME0,0.9533790753809118,0.9853839814976049,1.0,5
0.002041646466613325,False,413,time0,0.8833300728904936,3,time0,TIME0,0.9475266458924272,0.9766757104613695,1.0,2
0.002821360240030561,False,413,time1,0.8670061521804626,7,time1,TIME1,0.9465736655646209,0.9567886642716563,1.0,7
0.0018426948242966144,False,413,time1,0.8951648478839502,6,time1,TIME1,0.9371188682122878,0.882244459692414,1.0,8
0.0034768417681682053,False,413,time0,0.8099995219510544,4,time0,TIME0,0.9332564955694136,0.9783445200306814,1.0,6
0.0026710318030576893,False,413,time1,0.755409580764276,5,time1,TIME1,0.9045730055117734,0.9459158252817372,1.0,1
0.003491357666568529,False,413,goleiro_time1,0.7737819976719147,9,goleiro1,GOL-TIME1,0.8159849898368683,0.9497837915483942,0.0,10
0.0031072577001840193,False,414,time0,0.8817684109497336,0,time0,TIME0,0.9577260133282702,0.985106522398713,1.0,5
0.001559614566655499,False,414,time0,0.8442819554340943,3,time0,TIME0,0.9433626557150004,0.975768402918237,1.0,2
0.0032770723470507547,False,414,time1,0.8571657363873083,7,time1,TIME1,0.9425035625726458,0.9553157184283623,1.0,7
0.0028896627359168234,False,414,time0,0.8299807126368198,4,time0,TIME0,0.94025937456433,0.9783195018558842,1.0,6
0.003900003118630305,False,414,time1,0.8373249020094846,6,time1,TIME1,0.9180471102543463,0.8878064332297892,1.0,8
0.0023113123812582895,False,414,time1,0.777570227197925,5,time1,TIME1,0.9177921599660753,0.9494471502102855,1.0,1
0.003406182043287751,False,414,goleiro_time1,0.7788309584844361,9,goleiro1,GOL-TIME1,0.8179623407296035,0.9502639397813193,0.0,10
0.0029520940215883498,False,415,time0,0.8849449133185794,0,time0,TIME0,0.9588577749868347,0.985106522398713,1.0,5
0.0012012411897138024,False,415,time0,0.8759963851408038,3,time0,TIME0,0.9540912198669153,0.975768402918237,1.0,2
0.0033526448055631822,False,415,time1,0.8543802113943932,7,time1,TIME1,0.9419852380684698,0.9553157184283623,1.0,7
0.003882454858340207,False,415,time1,0.8574248860072207,6,time1,TIME1,0.9203470211474573,0.8878064332297892,1.0,8
0.0025504434138743535,False,415,time1,0.7496280462350645,5,time1,TIME1,0.9097592834626119,0.9494471502102855,1.0,1
0.005291814150869486,False,415,time0,0.72767933139698,4,time0,TIME0,0.9064347656755286,0.9783195018558842,1.0,6
0.0035756040351135805,False,415,goleiro_time1,0.7664347357113405,9,goleiro1,GOL-TIME1,0.8141273389597956,0.9502639397813193,0.0,10
0.002533082389863409,False,416,time0,0.9013448288785146,0,time0,TIME0,0.9639304727987851,0.985106522398713,1.0,5
0.0016537028532820869,False,416,time0,0.8905870458205416,3,time0,TIME0,0.957870431933719,0.975768402918237,1.0,2
0.0028104546467169343,False,416,time1,0.8747723813523792,7,time1,TIME1,0.9478811470699786,0.9553157184283623,1.0,7
0.004105689422627117,False,416,time0,0.8071209537847908,4,time0,TIME0,0.9321104264938159,0.9783195018558842,1.0,6
0.0018917548421391013,False,416,time1,0.7931854929480964,5,time1,TIME1,0.923145220250449,0.9494471502102855,1.0,1
0.005616071454313557,False,416,time1,0.6330039516207246,6,time1,TIME1,0.8510886082447143,0.8878064332297892,1.0,8
0.0032844440449962286,False,416,goleiro_time1,0.7756547399875467,9,goleiro1,GOL-TIME1,0.8169529640270763,0.9502639397813193,0.0,10
0.0023485087621206396,False,417,time0,0.9070803319117983,0,time0,TIME0,0.9660363045706256,0.9847093078892926,1.0,5
0.0020025627873487377,False,417,time1,0.9148815894180473,7,time1,TIME1,0.960678300908602,0.9549618852428224,1.0,7
0.0026747516359562377,False,417,time0,0.8700357931394291,4,time0,TIME0,0.9518329432858957,0.9772509729577448,1.0,6
0.004163769899962256,False,417,time1,0.8164395038491061,6,time1,TIME1,0.9098980801523796,0.8954291655868188,1.0,8
0.005098372450154902,False,417,time0,0.7267072817786607,3,time0,TIME0,0.9029959552418098,0.9768846152416513,1.0,2
0.003432674569810082,False,417,time1,0.6988249179004595,5,time1,TIME1,0.8933813458385035,0.9523602807453464,1.0,1
0.003508436862099177,False,417,goleiro_time1,0.7595877679707307,9,goleiro1,GOL-TIME1,0.8117820115402038,0.950869284583686,0.0,10
0.0010651091589470002,False,418,time1,0.9559733373473132,7,time1,TIME1,0.97392141930157,0.9549618852428224,1.0,7
0.0019966404930162216,False,418,time0,0.9175652280131281,0,time0,TIME0,0.9693410764876943,0.9847093078892926,1.0,5
0.0018345077285897885,False,418,time0,0.9163448098288018,4,time0,TIME0,0.9662470753797712,0.9772509729577448,1.0,6
0.002731331625560638,False,418,time0,0.8293608962555138,3,time0,TIME0,0.9389324549428454,0.9768846152416513,1.0,2
0.0017264532389743323,False,418,time1,0.8348754923002261,5,time1,TIME1,0.9357679636178581,0.9523602807453464,1.0,1
0.00427519301916652,False,418,time1,0.8101713400218802,6,time1,TIME1,0.908616577133119,0.8954291655868188,1.0,8
0.0033634477977249953,False,418,goleiro_time1,0.7739815225373852,9,goleiro1,GOL-TIME1,0.816623335950653,0.950869284583686,0.0,10
0.0006681748491154612,False,419,time1,0.9687159352742767,7,time1,TIME1,0.9784688956896226,0.9549618852428224,1.0,7
0.002312119986527099,False,419,time0,0.9011539046875633,0,time0,TIME0,0.9641323062496373,0.9847093078892926,1.0,5
0.002314175256435258,False,419,time0,0.8547101332271326,3,time0,TIME0,0.9480847124201993,0.9768846152416513,1.0,2
0.004624416169968915,False,419,time0,0.7899809480238279,4,time0,TIME0,0.9248063776660248,0.9772509729577448,1.0,6
0.0021345383891764693,False,419,time1,0.7881360040817105,5,time1,TIME1,0.9221864582627738,0.9523602807453464,1.0,1
0.005080025026462916,False,419,time1,0.7644058905502008,6,time1,TIME1,0.8976499024637264,0.8954291655868188,1.0,8
0.0033627508025586687,False,419,goleiro_time1,0.7737114395957475,9,goleiro1,GOL-TIME1,0.8166982485784092,0.950869284583686,0.0,10
0.0021682497942071854,False,420,time0,0.9045461896107465,0,time0,TIME0,0.9653666997129058,0.9843538112622032,1.0,5
0.0010899613657890752,False,420,time1,0.9091902878952068,6,time1,TIME1,0.9445546743804148,0.9021015289611303,1.0,8
0.0027133588908850844,False,420,time0,0.8391591063105662,3,time0,TIME0,0.9434765731434688,0.9779200586008103,1.0,2
0.002647617311089758,False,420,time1,0.8643244263263575,7,time1,TIME1,0.9433832969386787,0.9549869964139537,1.0,7
0.0033382600807873282,False,420,time0,0.8429621495057484,4,time0,TIME0,0.9428434737121035,0.9766330837208683,1.0,6
0.0020587771791780057,False,420,time1,0.7831079721106435,5,time1,TIME1,0.9214246152391969,0.9552577545154963,1.0,1
0.0032699487101178924,False,420,goleiro_time1,0.7764675318615549,9,goleiro1,GOL-TIME1,0.8179410289941903,0.9522145316806747,0.0,10
0.0015411993915700163,False,421,time0,0.9221585881113583,4,time0,TIME0,0.9678200640649294,0.9766330837208683,1.0,6
0.0020532261105319027,False,421,time0,0.9070988323354285,0,time0,TIME0,0.9661224839646843,0.9843538112622032,1.0,5
0.001987165038542322,False,421,time0,0.8859270955405031,3,time0,TIME0,0.9579522303782032,0.9779200586008103,1.0,2
0.0007177841294531515,False,421,time1,0.8886318794855728,6,time1,TIME1,0.9411594508818136,0.9021015289611303,1.0,8
0.0030780410481436064,False,421,time1,0.843669371894496,7,time1,TIME1,0.938580205555608,0.9549869964139537,1.0,7
0.00212698811327689,False,421,time1,0.7708797470253551,5,time1,TIME1,0.917919318393522,0.9552577545154963,1.0,1
0.0027343869320117877,False,421,goleiro_time1,0.806933330269567,9,goleiro1,GOL-TIME1,0.8271701247278774,0.9522145316806747,0.0,10
0.0006779642761013971,False,422,time1,0.9641473887365363,7,time1,TIME1,0.975736568803535,0.9549869964139537,1.0,7
0.0016898626161781206,False,422,time0,0.9068974966649286,3,time0,TIME0,0.9647816692539072,0.9779200586008103,1.0,2
0.0015236789461491335,False,422,time0,0.8733366036430925,4,time0,TIME0,0.9543372340588029,0.9766330837208683,1.0,6
0.0014025331772908626,False,422,time1,0.9324411812500019,6,time1,TIME1,0.9535118071997409,0.9021015289611303,1.0,8
0.003144101903675061,False,422,time0,0.8619798042495338,0,time0,TIME0,0.9510351772849653,0.9843538112622032,1.0,5
0.0025347328830755958,False,422,time1,0.7434775719453326,5,time1,TIME1,0.9092653991517541,0.9552577545154963,1.0,1
0.002831937249908634,False,422,goleiro_time1,0.8040416187425232,9,goleiro1,GOL-TIME1,0.8265609447762566,0.9522145316806747,0.0,10
0.0018741407785786421,False,423,time0,0.9042413955772907,3,time0,TIME0,0.9640172503244078,0.9783102430399634,1.0,2
0.002560047228017083,False,423,time0,0.8904531238243995,0,time0,TIME0,0.9604379977051699,0.9845370372058959,1.0,5
0.0006240735081422309,False,423,time1,0.8774581424748287,7,time1,TIME1,0.951059387213563,0.9552520215244904,1.0,7
0.0022909947557017366,False,423,time0,0.864765767188767,4,time0,TIME0,0.9506976559459349,0.9778692702702194,1.0,6
0.0015993280308382316,False,423,time1,0.8378346230894834,5,time1,TIME1,0.9379384987916747,0.9547459425815994,1.0,1
0.003188386422337578,False,423,time1,0.8579730656957293,6,time1,TIME1,0.9304487699085043,0.9089996185637113,1.0,8
0.0031869580151628607,False,423,goleiro_time1,0.7919632864531836,9,goleiro1,GOL-TIME1,0.8220142724218003,0.9503691419845663,0.0,10
0.001835643267919773,False,424,time0,0.9339480642955255,0,time0,TIME0,0.9739642369124718,0.9845370372058959,1.0,5
0.0008478253532361999,False,424,time1,0.8999805100500781,5,time1,TIME1,0.9573820069997595,0.9547459425815994,1.0,1
0.0027715863432879045,False,424,time0,0.866161815514661,3,time0,TIME0,0.9512926238441941,0.9783102430399634,1.0,2
0.0003330002095044176,False,424,time1,0.87366870827867,7,time1,TIME1,0.9501567698004306,0.9552520215244904,1.0,7
0.003231702940259781,False,424,time0,0.8229534107004177,4,time0,TIME0,0.9377719359009208,0.9778692702702194,1.0,6
0.00568329945206142,False,424,time1,0.7840837710772336,6,time1,TIME1,0.9053807235482961,0.9089996185637113,1.0,8
0.003315884154908849,False,424,goleiro_time1,0.7918046282685812,9,goleiro1,GOL-TIME1,0.8218206600381122,0.9503691419845663,0.0,10
0.0015127889378205924,False,425,time0,0.9577034970718461,0,time0,TIME0,0.9813108412830113,0.9845370372058959,1.0,5
0.0011805475763920598,False,425,time1,0.8943887843846433,7,time1,TIME1,0.9554559341213159,0.9552520215244904,1.0,7
0.00264249244849412,False,425,time0,0.8722092870329102,3,time0,TIME0,0.9537291948711017,0.9783102430399634,1.0,2
0.00045002981063508874,False,425,time1,0.8746343950710752,5,time1,TIME1,0.9503896762748247,0.9547459425815994,1.0,1
0.0038554045192266883,False,425,time0,0.7931095833566495,4,time0,TIME0,0.9284384931292179,0.9778692702702194,1.0,6
0.00658901999447674,False,425,time1,0.7519075598083711,6,time1,TIME1,0.8961631456034004,0.9089996185637113,1.0,8
0.0033380600734787304,False,425,goleiro_time1,0.7871204345913895,9,goleiro1,GOL-TIME1,0.8204840247691898,0.9503691419845663,0.0,10
0.0010818677799927627,False,426,time0,0.9191289773637172,0,time0,TIME0,0.9706411563126031,0.9847201366285832,1.0,5
0.0009766708623301834,False,426,time1,0.904661936553183,5,time1,TIME1,0.9591155835953632,0.9559414556007814,1.0,1
0.0019469440882827406,False,426,time1,0.9059175020302508,7,time1,TIME1,0.9582946660415645,0.9558450005415765,1.0,7
0.0025059567233219763,False,426,time0,0.8821042290938399,3,time0,TIME0,0.9567976612995918,0.9783374558233489,1.0,2
0.005225022099787767,False,426,time0,0.759034707084602,4,time0,TIME0,0.9165229912642325,0.9781935634402177,1.0,6
0.0046407258568609625,False,426,time1,0.8083914992361904,6,time1,TIME1,0.9140421136073918,0.9090002281382543,1.0,8
0.002986922134092072,False,426,goleiro_time1,0.8002841160612634,9,goleiro1,GOL-TIME1,0.8240592435683056,0.9477664156343744,0.0,10
0.001504139595785291,False,427,time0,0.9318670356447667,0,time0,TIME0,0.973354650090133,0.9847201366285832,1.0,5
0.00028047150430429214,False,427,time1,0.9447722137665655,7,time1,TIME1,0.970747570887169,0.9558450005415765,1.0,7
0.0024513066743706725,False,427,time0,0.8871544325229918,3,time0,TIME0,0.9583507200919125,0.9783374558233489,1.0,2
0.0019220890674850253,False,427,time1,0.8484883770760325,5,time1,TIME1,0.9411399188229141,0.9559414556007814,1.0,1
0.0022449629870446262,False,427,time1,0.890457992139045,6,time1,TIME1,0.9406499778331076,0.9090002281382543,1.0,8
0.006164028274099591,False,427,time0,0.7461853383705789,4,time0,TIME0,0.9121416629351868,0.9781935634402177,1.0,6
0.0032527779527998673,False,427,goleiro_time1,0.791268708410883,9,goleiro1,GOL-TIME1,0.8211574540735409,0.9477664156343744,0.0,10
0.0020162803881796786,False,428,time0,0.9111008766334519,0,time0,TIME0,0.9672956621204957,0.9847201366285832,1.0,5
0.0018677305876296972,False,428,time0,0.9093566151894026,3,time0,TIME0,0.9652566263210153,0.9783374558233489,1.0,2
0.0008368606668541237,False,428,time1,0.9027283227044995,7,time1,TIME1,0.9585265647774585,0.9558450005415765,1.0,7
0.0014241058270630564,False,428,time1,0.8876016945470275,5,time1,TIME1,0.9535647820512113,0.9559414556007814,1.0,1
0.002017659009985373,False,428,time1,0.9103308422827974,6,time1,TIME1,0.9482903413351367,0.9090002281382543,1.0,8
0.006814555075728782,False,428,time0,0.7443721035859975,4,time0,TIME0,0.9111832664695373,0.9781935634402177,1.0,6
0.0031019178946690763,False,428,goleiro_time1,0.8025949007689092,9,goleiro1,GOL-TIME1,0.8247700896355592,0.9477664156343744,0.0,10
0.0015985111178699965,False,429,time0,0.9229958603952929,3,time0,TIME0,0.9696731017096144,0.9778709339630438,1.0,2
0.0021791657775108693,False,429,time0,0.9055055400479913,0,time0,TIME0,0.9655614369421796,0.9842820831413881,1.0,5
0.0019177477833061895,False,429,time1,0.8505803837710816,5,time1,TIME1,0.9427605346089373,0.9588194506120165,1.0,1
0.0036498680042531986,False,429,time1,0.8839741450621774,6,time1,TIME1,0.9369776578829642,0.90945836452478,1.0,8
0.0026174283291465067,False,429,time1,0.8169576533943036,7,time1,TIME1,0.9305568706021993,0.9563016617725217,1.0,7
0.0064030681778445295,False,429,time0,0.7741797561002853,4,time0,TIME0,0.9205991620273987,0.9779891503248644,1.0,6
0.003014124859726427,False,429,goleiro_time1,0.8104872313239939,9,goleiro1,GOL-TIME1,0.8261163650587144,0.943401746094899,0.0,10
0.0010384870822361452,False,430,time0,0.9457855651435431,3,time0,TIME0,0.9768599753024517,0.9778709339630438,1.0,2
0.003184509440839417,False,430,time0,0.8681660322137964,0,time0,TIME0,0.9527575238485725,0.9842820831413881,1.0,5
0.005060658517912835,False,430,time0,0.8263948219673878,4,time0,TIME0,0.9368995117416038,0.9779891503248644,1.0,6
0.0021622307430922633,False,430,time1,0.8769108439593859,6,time1,TIME1,0.9363077486424766,0.90945836452478,1.0,8
0.002117592531851554,False,430,time1,0.8265898100963393,5,time1,TIME1,0.9355808520709862,0.9588194506120165,1.0,1
0.0028100777931192402,False,430,time1,0.7677603179063527,7,time1,TIME1,0.9166303189870678,0.9563016617725217,1.0,7
0.003061430484456157,False,430,goleiro_time1,0.8170347522818316,9,goleiro1,GOL-TIME1,0.8281440239635961,0.943401746094899,0.0,10
0.0010488252305719688,False,431,time0,0.939960215558397,3,time0,TIME0,0.9754587942828034,0.9778709339630438,1.0,2
0.000594875146813481,False,431,time1,0.9204942416135442,7,time1,TIME1,0.9631463913876984,0.9563016617725217,1.0,7
0.0035769333044665037,False,431,time0,0.8488034313316445,0,time0,TIME0,0.9471555678230515,0.9842820831413881,1.0,5
0.004902202511217839,False,431,time0,0.8263177482533297,4,time0,TIME0,0.9377233060840197,0.9779891503248644,1.0,6
0.002607800055235518,False,431,time1,0.7854079786618184,5,time1,TIME1,0.9225536060366027,0.9588194506120165,1.0,1
0.004180244527946459,False,431,time1,0.822886127802825,6,time1,TIME1,0.9189739436585673,0.90945836452478,1.0,8
0.0026882631686510473,False,431,goleiro_time1,0.8386687168520792,9,goleiro1,GOL-TIME1,0.8347346420862869,0.943401746094899,0.0,10
0.0011026667001928958,False,432,time0,0.9371038660055377,3,time0,TIME0,0.9743773509189154,0.9774874370718165,1.0,2
0.0013792329752135588,False,432,time1,0.9063873149483092,7,time1,TIME1,0.9584464824242555,0.9563380042418225,1.0,7
0.0037907614644217685,False,432,time0,0.8359790587563916,0,time0,TIME0,0.943047544699087,0.983895701339409,1.0,5
0.0050261230567957196,False,432,time0,0.8115868885254072,4,time0,TIME0,0.933297533554325,0.9783473151385588,1.0,6
0.002185760390783327,False,432,time1,0.8057986677330669,5,time1,TIME1,0.9292115337512287,0.9592874409900409,1.0,1
0.005818392700280644,False,432,time1,0.7590891524776398,6,time1,TIME1,0.8986806850836416,0.9118196527676921,1.0,8
0.0024075104852408365,False,432,goleiro_time1,0.853230788801478,9,goleiro1,GOL-TIME1,0.838323518311086,0.9392246821841602,0.0,10
0.0006502973019008991,False,433,time0,0.9560280128480636,3,time0,TIME0,0.9802758354080933,0.9774874370718165,1.0,2
0.00034074943747923003,False,433,time1,0.8395429123236947,7,time1,TIME1,0.9398551824956144,0.9563380042418225,1.0,7
0.004293731791842056,False,433,time0,0.8192160760408063,0,time0,TIME0,0.937492414948747,0.983895701339409,1.0,5
0.0012046616610238323,False,433,time1,0.8210703239053013,5,time1,TIME1,0.93437175261862,0.9592874409900409,1.0,1
0.006049750938043406,False,433,time0,0.768646919985884,4,time0,TIME0,0.9189826237542595,0.9783473151385588,1.0,6
0.006942291778071365,False,433,time1,0.7017674401136113,6,time1,TIME1,0.8808000627966738,0.9118196527676921,1.0,8
0.002674303784093154,False,433,goleiro_time1,0.8271310605019243,9,goleiro1,GOL-TIME1,0.829993107518727,0.9392246821841602,0.0,10
0.0004668974724619187,False,434,time0,0.8814851444070553,3,time0,TIME0,0.9582582899464576,0.9774874370718165,1.0,2
0.0034730870855113403,False,434,time0,0.8505779578517026,0,time0,TIME0,0.947299851308696,0.983895701339409,1.0,5
0.0011047164504188374,False,434,time1,0.862205345604409,7,time1,TIME1,0.9457791180675054,0.9563380042418225,1.0,7
0.005200512979075701,False,434,time0,0.7859497426492066,4,time0,TIME0,0.9250571998527796,0.9783473151385588,1.0,6
0.0024149213621071502,False,434,time1,0.8220016210388641,6,time1,TIME1,0.9192575961137851,0.9118196527676921,1.0,8
0.002305406321285238,False,434,time1,0.7456160831171458,5,time1,TIME1,0.9106264357482118,0.9592874409900409,1.0,1
0.0027530120714796733,False,434,goleiro_time1,0.8113817389947395,9,goleiro1,GOL-TIME1,0.824677027530734,0.9392246821841602,0.0,10
0.0022685982663012694,False,435,time1,0.897868073525451,7,time1,TIME1,0.9553264518632328,0.9552891350978445,1.0,7
0.0008206315564995497,False,435,time0,0.8607517081903537,3,time0,TIME0,0.9510168944654644,0.9758712065786094,1.0,2
0.0035138143313280766,False,435,time0,0.8491063801139613,0,time0,TIME0,0.9469412170842018,0.9830920718408103,1.0,5
0.004477267502869751,False,435,time0,0.7978810776416769,4,time0,TIME0,0.9291030104937766,0.9779849126167269,1.0,6
0.0029877221633264643,False,435,time1,0.677327483712838,5,time1,TIME1,0.8900465187390837,0.9604351147615271,1.0,1
0.008056119492166789,False,435,time1,0.6336506709321541,6,time1,TIME1,0.8584056426841145,0.9179260257667874,1.0,8
0.0027534746424953383,False,435,goleiro_time1,0.8273003808062191,9,goleiro1,GOL-TIME1,0.827976248893766,0.9338121291901267,0.0,10
0.0010328980251888963,False,436,time0,0.921582591083293,3,time0,TIME0,0.9691544383579213,0.9758712065786094,1.0,2
0.003416643680984565,False,436,time0,0.8417351225320705,4,time0,TIME0,0.9431370472865364,0.9779849126167269,1.0,6
0.003802209934715876,False,436,time0,0.8314352966196901,0,time0,TIME0,0.9415486789552048,0.9830920718408103,1.0,5
0.001589023325282904,False,436,time1,0.8203938752694785,5,time1,TIME1,0.9337387537578258,0.9604351147615271,1.0,1
0.00398847561563106,False,436,time1,0.8295850996620893,7,time1,TIME1,0.9328957067469192,0.9552891350978445,1.0,7
0.0037888479745862625,False,436,time1,0.8134917837656614,6,time1,TIME1,0.9168874118229087,0.9179260257667874,1.0,8
0.002116377335931132,False,436,goleiro_time1,0.8730273085155196,9,goleiro1,GOL-TIME1,0.8428752827351832,0.9338121291901267,0.0,10
0.0006852488496510804,False,437,time1,0.9420731510178795,5,time1,TIME1,0.971217334770346,0.9604351147615271,1.0,1
0.0015770760272369954,False,437,time0,0.8795651951615239,3,time0,TIME0,0.9558324323941131,0.9758712065786094,1.0,2
0.0030056723863568944,False,437,time0,0.85848842857293,0,time0,TIME0,0.9500355687108318,0.9830920718408103,1.0,5
0.0028685059022050376,False,437,time1,0.8644908323041315,7,time1,TIME1,0.9447686902341882,0.9552891350978445,1.0,7
0.0035771798502722326,False,437,time0,0.8390814081479573,4,time0,TIME0,0.9427152425956734,0.9779849126167269,1.0,6
0.002302146894821092,False,437,time1,0.8390140345913183,6,time1,TIME1,0.9249443735395305,0.9179260257667874,1.0,8
0.002036556020859751,False,437,goleiro_time1,0.889401114098353,9,goleiro1,GOL-TIME1,0.8480310180343896,0.9338121291901267,0.0,10
0.001958194282933259,False,438,time0,0.9014134061392439,0,time0,TIME0,0.9634700715847012,0.982256332962768,1.0,5
0.0009711552928167753,False,438,time1,0.912883988830638,7,time1,TIME1,0.9598206462038242,0.9528119130368128,1.0,7
0.0015263358614190337,False,438,time0,0.8883440888320651,3,time0,TIME0,0.9586798051291939,0.9743960446807345,1.0,2
0.0006469100569132391,False,438,time1,0.9202911868928133,6,time1,TIME1,0.9551212112832209,0.9232381280645887,1.0,8
0.0010255361760881639,False,438,time1,0.8766226982434249,5,time1,TIME1,0.9523417942075582,0.9632761973569872,1.0,1
0.003252252825385734,False,438,time0,0.8487140112126899,4,time0,TIME0,0.9456272297535798,0.9772401418302876,1.0,6
0.002659509304084425,False,438,goleiro_time1,0.8389091394767958,9,goleiro1,GOL-TIME1,0.8309632501332425,0.9288638702497675,0.0,10
0.0011516106964797458,False,439,time0,0.9312882441860484,0,time0,TIME0,0.9731449585413682,0.982256332962768,1.0,5
0.0010832112273529513,False,439,time1,0.9311238821167744,6,time1,TIME1,0.9587077249670406,0.9232381280645887,1.0,8
0.0008578970957332171,False,439,time1,0.886989833301153,5,time1,TIME1,0.9560160636810247,0.9632761973569872,1.0,1
0.0011129600416965983,False,439,time0,0.8785945623904631,3,time0,TIME0,0.9556061994538162,0.9743960446807345,1.0,2
0.000855004782251087,False,439,time1,0.8718343853762164,7,time1,TIME1,0.948002810632605,0.9528119130368128,1.0,7
0.003872441072506477,False,439,time0,0.8157525351402225,4,time0,TIME0,0.9349517503873928,0.9772401418302876,1.0,6
0.003135591852443962,False,439,goleiro_time1,0.7977803223223945,9,goleiro1,GOL-TIME1,0.8182060658094942,0.9288638702497675,0.0,10
0.0009906897728727785,False,440,time1,0.946177907637205,7,time1,TIME1,0.9702361794780882,0.9528119130368128,1.0,7
0.0016004340236339914,False,440,time0,0.912706701852497,0,time0,TIME0,0.9674019919836765,0.982256332962768,1.0,5
0.0012752625092939634,False,440,time1,0.9226043599935815,6,time1,TIME1,0.9562421427635018,0.9232381280645887,1.0,8
0.0007749554285437668,False,440,time0,0.8504125450571033,3,time0,TIME0,0.94771351997985,0.9743960446807345,1.0,2
0.003698506578123997,False,440,time0,0.8214704276619589,4,time0,TIME0,0.9370319168687926,0.9772401418302876,1.0,6
0.0008664692163320007,False,440,time1,0.820541272250885,5,time1,TIME1,0.9361362046792242,0.9632761973569872,1.0,1
0.0029811043890345047,False,440,goleiro_time1,0.8059039725429128,9,goleiro1,GOL-TIME1,0.8211019380629433,0.9288638702497675,0.0,10
0.0014704653133232161,False,441,time0,0.9174521585467066,0,time0,TIME0,0.9691213308443088,0.9815956910733117,1.0,5
0.0012474020756431843,False,441,time0,0.9221443000530029,3,time0,TIME0,0.9681347827825989,0.9718389488097132,1.0,2
0.0023762355328784974,False,441,time0,0.8775152670159821,4,time0,TIME0,0.954479492731069,0.9771467881184238,1.0,6
0.0017938014792112924,False,441,time1,0.8926782642645856,7,time1,TIME1,0.9534772204121932,0.9524951537168499,1.0,7
0.0010053915005744352,False,441,time1,0.8760810306660018,5,time1,TIME1,0.9531867090640539,0.9659995021898522,1.0,1
0.0016524884149651065,False,441,time1,0.906338466461703,6,time1,TIME1,0.9517310495611572,0.9264674112615552,1.0,8
0.0023167227521223703,False,441,goleiro_time1,0.8450137310304698,9,goleiro1,GOL-TIME1,0.8317258403719308,0.9233541354943057,0.0,10
0.0006586736902390768,False,442,time1,0.9600511684783926,7,time1,TIME1,0.9747376537036647,0.9524951537168499,1.0,7
0.0020498108342169013,False,442,time0,0.8854187020131321,0,time0,TIME0,0.9587316660373161,0.9815956910733117,1.0,5
0.0022730114145779997,False,442,time0,0.8844907024643953,3,time0,TIME0,0.9555354269245376,0.9718389488097132,1.0,2
0.0015181494150865863,False,442,time1,0.8837795532511059,5,time1,TIME1,0.9548970768348214,0.9659995021898522,1.0,1
0.0025461547290201816,False,442,time0,0.8698724329075587,4,time0,TIME0,0.952770506403258,0.9771467881184238,1.0,6
0.002280712994707785,False,442,time1,0.8742343415231277,6,time1,TIME1,0.9410755697745664,0.9264674112615552,1.0,8
0.0029316324513778812,False,442,goleiro_time1,0.8220794383063573,9,goleiro1,GOL-TIME1,0.8241288703988058,0.9233541354943057,0.0,10
0.0006609910909380504,False,443,time1,0.9621029889266698,7,time1,TIME1,0.9752787629140459,0.9524951537168499,1.0,7
0.0020237209198092805,False,443,time0,0.8916927558261407,4,time0,TIME0,0.9595923460389122,0.9771467881184238,1.0,6
0.0019790474258940026,False,443,time0,0.8815683786383779,0,time0,TIME0,0.9578108462423002,0.9815956910733117,1.0,5
0.0024381867144261378,False,443,time0,0.8772635887248352,3,time0,TIME0,0.9538094767619888,0.9718389488097132,1.0,2
0.0019646131322072517,False,443,time1,0.8485931648513745,5,time1,TIME1,0.9439557570639786,0.9659995021898522,1.0,1
0.0007626298158078124,False,443,time1,0.8573492453345349,6,time1,TIME1,0.9363030997624203,0.9264674112615552,1.0,8
0.0022388333258272215,False,443,goleiro_time1,0.8547878120081643,9,goleiro1,GOL-TIME1,0.8345391365935152,0.9233541354943057,0.0,10
0.0018342977642073857,False,444,time0,0.9053384731055446,3,time0,TIME0,0.9618942809047574,0.9695078640393577,1.0,2
0.0021357741486188794,False,444,time0,0.8801499632990827,0,time0,TIME0,0.9574038466271898,0.9816339560082716,1.0,5
0.002079786604905857,False,444,time1,0.8824885689112555,7,time1,TIME1,0.9499539541257679,0.9523099242980313,1.0,7
0.0025550468288440035,False,444,time0,0.8583354891950385,4,time0,TIME0,0.9490907021573253,0.9776812415906376,1.0,6
0.001903447044283297,False,444,time1,0.8524824917239687,5,time1,TIME1,0.945741311221923,0.9673518845945119,1.0,1
0.0019605935048039322,False,444,time1,0.8226157220454193,6,time1,TIME1,0.9266172701646824,0.9300158597915008,1.0,8
0.0015451258337500118,False,444,goleiro_time1,0.8626052613744398,9,goleiro1,GOL-TIME1,0.8355527533788467,0.9171847908015727,0.0,10
0.0018825432501210254,False,445,time0,0.9079067353362389,3,time0,TIME0,0.9627750289947249,0.9695078640393577,1.0,2
0.0019442872812419035,False,445,time0,0.8956500091818121,4,time0,TIME0,0.9608190994853095,0.9776812415906376,1.0,6
0.0020598841460353332,False,445,time0,0.8830361281874946,0,time0,TIME0,0.9583193328168829,0.9816339560082716,1.0,5
0.0011184289644838128,False,445,time1,0.898437135482158,6,time1,TIME1,0.9502875524827601,0.9300158597915008,1.0,8
0.001694258772491945,False,445,time1,0.8537906735592886,5,time1,TIME1,0.945977769477287,0.9673518845945119,1.0,1
0.0027842987125808265,False,445,time1,0.8355515712483179,7,time1,TIME1,0.9357250169275967,0.9523099242980313,1.0,7
0.00046759003023665865,False,445,goleiro_time1,0.886584556864464,9,goleiro1,GOL-TIME1,0.8440564941144508,0.9171847908015727,0.0,10
0.0011956289716470512,False,446,time0,0.9382544504338448,3,time0,TIME0,0.9722902503940546,0.9695078640393577,1.0,2
0.0007092238599367767,False,446,time1,0.9588108591769695,6,time1,TIME1,0.9685972553729051,0.9300158597915008,1.0,8
0.001834888478433754,False,446,time0,0.8940618609524844,0,time0,TIME0,0.961789438447281,0.9816339560082716,1.0,5
0.002022412863352724,False,446,time0,0.8942010797868614,4,time0,TIME0,0.9607806326804864,0.9776812415906376,1.0,6
0.001212890857836202,False,446,time1,0.8832051766336341,5,time1,TIME1,0.9552133995960638,0.9673518845945119,1.0,1
0.002701836175453694,False,446,time1,0.8317368031312906,7,time1,TIME1,0.9350155890291646,0.9523099242980313,1.0,7
0.0006889469826224786,False,446,goleiro_time1,0.8930348003517588,9,goleiro1,GOL-TIME1,0.8462811461270743,0.9171847908015727,0.0,10
0.0014379359861196152,False,447,time0,0.9171435420577113,0,time0,TIME0,0.968540267505336,0.9805641073509246,1.0,5
0.0016451924773637984,False,447,time1,0.9370571621192748,6,time1,TIME1,0.9621386774280071,0.9333770735267432,1.0,8
0.0019562407483444087,False,447,time0,0.9017613227726247,3,time0,TIME0,0.9603522996261743,0.968510807813765,1.0,2
0.0007656143404516987,False,447,time1,0.889025027641731,5,time1,TIME1,0.958136454938724,0.96986729306932,1.0,1
0.0028784954447286346,False,447,time0,0.8561771486323956,4,time0,TIME0,0.948129369570419,0.9779310780281656,1.0,6
0.0019751189273618085,False,447,time1,0.8482696504491464,7,time1,TIME1,0.9394245602016751,0.9507229921560767,1.0,7
0.0008172842480361715,False,447,goleiro_time1,0.9346042941761119,9,goleiro1,GOL-TIME1,0.8565793992417838,0.9081889240679211,0.0,10
0.0006137699931065974,False,448,time0,0.9653234102316436,3,time0,TIME0,0.9802212280814867,0.968510807813765,1.0,2
0.0012823149315033093,False,448,time0,0.9301555702464721,4,time0,TIME0,0.9712664852747219,0.9779310780281656,1.0,6
0.00139932667483857,False,448,time0,0.9245707710754961,0,time0,TIME0,0.9710281502157599,0.9805641073509246,1.0,5
0.0016315644901970996,False,448,time1,0.9273168729041755,6,time1,TIME1,0.9596719105163962,0.9333770735267432,1.0,8
0.001122381598097077,False,448,time1,0.8713609020079708,5,time1,TIME1,0.9525930125420415,0.96986729306932,1.0,1
0.0038323465337925895,False,448,time1,0.7846827350408722,7,time1,TIME1,0.9182981241296174,0.9507229921560767,1.0,7
0.0008287056069499737,False,448,goleiro_time1,0.9063579573541809,9,goleiro1,GOL-TIME1,0.8473180940624285,0.9081889240679211,0.0,10
0.00045690944514520485,False,449,time0,0.9737706062835296,3,time0,TIME0,0.983735237809668,0.968510807813765,1.0,2
0.0013635123791119331,False,449,time0,0.9320939209904604,4,time0,TIME0,0.9728106541387522,0.9779310780281656,1.0,6
0.0017186560925818348,False,449,time0,0.9051475976627511,0,time0,TIME0,0.964880812966476,0.9805641073509246,1.0,5
0.001192920106426866,False,449,time1,0.9311363575139457,6,time1,TIME1,0.9607166062345364,0.9333770735267432,1.0,8
0.003545929574136279,False,449,time1,0.8098943761468114,7,time1,TIME1,0.9271586022777809,0.9507229921560767,1.0,7
0.0019506580768118822,False,449,time1,0.7770540337997656,5,time1,TIME1,0.9232305462603879,0.96986729306932,1.0,1
0.0008180936931990532,False,449,goleiro_time1,0.9289065904007223,9,goleiro1,GOL-TIME1,0.8543995759428067,0.9081889240679211,0.0,10
0.0006576291715511544,False,450,time0,0.9571207764848823,3,time0,TIME0,0.9783924547721585,0.9679919553530092,1.0,2
0.001190434842451033,False,450,time0,0.9343348331958627,4,time0,TIME0,0.9731976646778254,0.9777968839371451,1.0,6
0.0016981564257411573,False,450,time0,0.9027133492950579,0,time0,TIME0,0.9638698375548246,0.9796416982682197,1.0,5
0.0007408522884191812,False,450,time1,0.9247359282969955,6,time1,TIME1,0.95941524695897,0.9358624089434675,1.0,8
0.001404560957016996,False,450,time1,0.8271626309233326,5,time1,TIME1,0.9394929377709302,0.9720656101468532,1.0,1
0.002759732879839699,False,450,time1,0.84085679683831,7,time1,TIME1,0.9371203867907681,0.9518077679279338,1.0,7
0.0010634829090449462,False,450,goleiro_time1,0.8838927742285642,9,goleiro1,GOL-TIME1,0.8396051633656976,0.9023552678350522,0.0,10
0.00027489483948476743,False,451,time0,0.9578671204836534,3,time0,TIME0,0.9788319791952252,0.9679919553530092,1.0,2
0.0011347408159571224,False,451,time0,0.9394841520080532,0,time0,TIME0,0.9752583399601545,0.9796416982682197,1.0,5
0.0007499754031781775,False,451,time1,0.898075623430716,5,time1,TIME1,0.9612752365045399,0.9720656101468532,1.0,1
0.0008615685502405626,False,451,time0,0.8924098032102968,4,time0,TIME0,0.9599904753280438,0.9777968839371451,1.0,6
0.0010592328619662991,False,451,time1,0.8862805395515528,6,time1,TIME1,0.948659452268591,0.9358624089434675,1.0,8
0.005070892658119026,False,451,time1,0.8097619466650275,7,time1,TIME1,0.9244174822059003,0.9518077679279338,1.0,7
0.001698505139782447,False,451,goleiro_time1,0.8689982096250599,9,goleiro1,GOL-TIME1,0.834310553860351,0.9023552678350522,0.0,10
0.0004291782099384945,False,452,time0,0.9630695446057362,4,time0,TIME0,0.9821000039134492,0.9777968839371451,1.0,6
0.0010010994606193075,False,452,time0,0.9446659433847264,0,time0,TIME0,0.9771319637883659,0.9796416982682197,1.0,5
0.00027094837492809955,False,452,time0,0.931598473098739,3,time0,TIME0,0.9711454570003795,0.9679919553530092,1.0,2
0.0016064354334116295,False,452,time1,0.9271481391665753,6,time1,TIME1,0.9602686431433017,0.9358624089434675,1.0,8
0.00044860732900157556,False,452,time1,0.8627411364877253,5,time1,TIME1,0.9512213144067367,0.9720656101468532,1.0,1
0.003592858128810188,False,452,time1,0.8206808806275944,7,time1,TIME1,0.9297208020871546,0.9518077679279338,1.0,7
0.00384134772851201,False,452,goleiro_time1,0.6451530881182291,9,goleiro1,GOL-TIME1,0.7619431099782399,0.9023552678350522,0.0,10
0.000157314433594744,False,453,time1,0.9793130837194605,6,time1,TIME1,0.9767679958137231,0.9365867396077225,1.0,8
0.0011146761217210204,False,453,time0,0.9388322473457904,0,time0,TIME0,0.9750224914387701,0.9787688572317315,1.0,5
0.00012394657466755478,False,453,time0,0.9277751274559193,4,time0,TIME0,0.972254034123038,0.977446785048217,1.0,6
0.00021284695526925236,False,453,time0,0.9186200520180703,3,time0,TIME0,0.9670561949381603,0.9671354360085733,1.0,2
0.0016177121441826063,False,453,time1,0.8923240892257667,7,time1,TIME1,0.953090882439121,0.953288254184252,1.0,7
0.0005066171598157792,False,453,time1,0.8590394248866444,5,time1,TIME1,0.950285589735766,0.9733099356156072,1.0,1
0.0013173184833183075,False,453,goleiro_time1,0.8886382240815333,9,goleiro1,GOL-TIME1,0.8363278327458172,0.8975898820689541,0.0,10
0.0007026843893719657,False,454,time0,0.9509001608066376,3,time0,TIME0,0.9759027335864506,0.9671354360085733,1.0,2
0.0013759225728606956,False,454,time0,0.9295174904136486,0,time0,TIME0,0.972064650262214,0.9787688572317315,1.0,5
0.00016528595053651908,False,454,time0,0.918195107776149,4,time0,TIME0,0.9695823049343489,0.977446785048217,1.0,6
0.001857256395361564,False,454,time1,0.9140203766517175,6,time1,TIME1,0.9555037721787437,0.9365867396077225,1.0,8
0.0005995977760961292,False,454,time1,0.8618705503142831,5,time1,TIME1,0.950970083358291,0.9733099356156072,1.0,1
0.0015191251000903807,False,454,time1,0.8780644464109864,7,time1,TIME1,0.9498557720916571,0.953288254184252,1.0,7
0.0006743143591776074,False,454,goleiro_time1,0.9372798130321551,9,goleiro1,GOL-TIME1,0.8538993025366703,0.8975898820689541,0.0,10
0.0011089386826282693,False,455,time0,0.9437177278836016,0,time0,TIME0,0.9764264812232427,0.9787688572317315,1.0,5
0.00023500068688119902,False,455,time0,0.9163942801787477,4,time0,TIME0,0.9687978497870675,0.977446785048217,1.0,6
0.0014375732023001234,False,455,time0,0.9003032481867382,3,time0,TIME0,0.9600661626462489,0.9671354360085733,1.0,2
0.0011752077708771169,False,455,time1,0.8938515888503732,5,time1,TIME1,0.9600209276351896,0.9733099356156072,1.0,1
0.0013276683203929452,False,455,time1,0.8936455899363792,7,time1,TIME1,0.954542741225568,0.953288254184252,1.0,7
0.0018316833829592814,False,455,time1,0.9059956896523159,6,time1,TIME1,0.9541489968364442,0.9365867396077225,1.0,8
0.002257914542566986,False,455,goleiro_time1,0.8552891511035283,9,goleiro1,GOL-TIME1,0.8271003885175296,0.8975898820689541,0.0,10
0.0006247910668305456,False,456,time0,0.9468215306459234,4,time0,TIME0,0.9776222676465659,0.9777841080318713,1.0,6
0.001152806735856,False,456,time0,0.9418238845852898,0,time0,TIME0,0.9757410022596006,0.97766247011311,1.0,5
0.0009429334823243247,False,456,time0,0.9328607367951292,3,time0,TIME0,0.9705874864124244,0.9677000891383362,1.0,2
0.0008399714407001096,False,456,time1,0.9265869311207567,5,time1,TIME1,0.9705828235394905,0.9745083319737793,1.0,1
0.0016206282680586172,False,456,time1,0.8847993122503602,7,time1,TIME1,0.9524360732222173,0.9549697303884095,1.0,7
0.002905677390382876,False,456,time1,0.8599019028283282,6,time1,TIME1,0.939277731912474,0.93883866943212,1.0,8
0.000797726498731603,False,456,goleiro_time1,0.903890597074547,9,goleiro1,GOL-TIME1,0.8422641732923153,0.8921297089064872,0.0,10
0.001155913559341183,False,457,time0,0.9425869267434113,0,time0,TIME0,0.9761253451900195,0.97766247011311,1.0,5
0.0008648792231660834,False,457,time1,0.9256833037681126,5,time1,TIME1,0.9704793512687138,0.9745083319737793,1.0,1
0.0011365609041111779,False,457,time0,0.9110236138552781,4,time0,TIME0,0.9663681027126487,0.9777841080318713,1.0,6
0.001590448702043855,False,457,time0,0.8897204777441766,3,time0,TIME0,0.9569404740312245,0.9677000891383362,1.0,2
0.003540680031659957,False,457,time1,0.8061672548680596,6,time1,TIME1,0.9226300191358655,0.93883866943212,1.0,8
0.008791073621334525,False,457,time1,0.6907509512501839,7,time1,TIME1,0.8825077204151515,0.9549697303884095,1.0,7
0.00013619603472898962,False,457,goleiro_time1,0.9485591062244982,9,goleiro1,GOL-TIME1,0.8569719331908823,0.8921297089064872,0.0,10
0.0010193395210807037,False,458,time0,0.9454438625054494,0,time0,TIME0,0.976931070018687,0.97766247011311,1.0,5
0.0010908347743282456,False,458,time0,0.9227673992065748,3,time0,TIME0,0.9674226274685792,0.9677000891383362,1.0,2
0.0012751031961130887,False,458,time0,0.9041814614414955,4,time0,TIME0,0.9644445225137646,0.9777841080318713,1.0,6
0.0012121441855299149,False,458,time1,0.8976650535603572,5,time1,TIME1,0.9613623540570976,0.9745083319737793,1.0,1
0.0028229204702041274,False,458,time1,0.9072566430296454,7,time1,TIME1,0.9542327120557669,0.9549697303884095,1.0,7
0.0033884554215016737,False,458,time1,0.7810359290077412,6,time1,TIME1,0.9138136546050976,0.93883866943212,1.0,8
0.0003130727226630534,False,458,goleiro_time1,0.9476901380388842,9,goleiro1,GOL-TIME1,0.8567763068810004,0.8921297089064872,0.0,10
0.0004990569809569266,False,459,time0,0.9721287128943324,0,time0,TIME0,0.9848790261997259,0.9769954534080243,1.0,5
0.0012084316039785935,False,459,time0,0.9161707300493991,3,time0,TIME0,0.9659518163927319,0.9694709175024849,1.0,2
0.0012552412149121623,False,459,time0,0.9036884039287304,4,time0,TIME0,0.9643447747706179,0.9780494199517087,1.0,6
0.0018493374912730857,False,459,time1,0.8465951159378206,5,time1,TIME1,0.9456035489518525,0.9751585085051524,1.0,1
0.0017722430074463642,False,459,time1,0.8026486322856414,6,time1,TIME1,0.9228057930188561,0.9421692651187572,1.0,8
0.006984270801231849,False,459,time1,0.6648735777903658,7,time1,TIME1,0.8759905762048115,0.956983150124436,1.0,7
0.00036682539033771147,False,459,goleiro_time1,0.9411020793049855,9,goleiro1,GOL-TIME1,0.8533433262655161,0.8866364484075346,0.0,10
0.0005013687537446193,False,460,time0,0.9504894674915508,0,time0,TIME0,0.9788968701717936,0.9769954534080243,1.0,5
0.0013176248797959272,False,460,time0,0.9068942207391318,3,time0,TIME0,0.96311221386687,0.9694709175024849,1.0,2
0.0015360984475973223,False,460,time0,0.884926000084429,4,time0,TIME0,0.9583587939998467,0.9780494199517087,1.0,6
0.0016819073471244425,False,460,time1,0.8458971819567864,5,time1,TIME1,0.9457386298763039,0.9751585085051524,1.0,1
0.00099432085793959,False,460,time1,0.8531882799471259,6,time1,TIME1,0.9399791741664841,0.9421692651187572,1.0,8
0.005262170210487977,False,460,time1,0.8155484518166907,7,time1,TIME1,0.9212556150795292,0.956983150124436,1.0,7
0.00039240327304783325,False,460,goleiro_time1,0.9522651015760464,9,goleiro1,GOL-TIME1,0.8567929127068608,0.8866364484075346,0.0,10
0.000602191160905993,False,461,time0,0.9479765829578088,0,time0,TIME0,0.9779257389461572,0.9769954534080243,1.0,5
0.0013395631273432531,False,461,time0,0.9103514618382146,3,time0,TIME0,0.9642250266209603,0.9694709175024849,1.0,2
0.0013308122664467694,False,461,time1,0.9171365927455075,6,time1,TIME1,0.9590371795315785,0.9421692651187572,1.0,8
0.0012851934998944264,False,461,time1,0.9030613570166877,7,time1,TIME1,0.9550761316929506,0.956983150124436,1.0,7
0.0017933984341803296,False,461,time0,0.8656693097685404,4,time0,TIME0,0.9523892839844886,0.9780494199517087,1.0,6
0.0014967997171843666,False,461,time1,0.85661794178224,5,time1,TIME1,0.9491455131760341,0.9751585085051524,1.0,1
0.00015070784748218174,False,461,goleiro_time1,0.9858736164447774,9,goleiro1,GOL-TIME1,0.8669142879546607,0.8866364484075346,0.0,10
0.00044203869070426067,False,462,time0,0.9467137965350703,0,time0,TIME0,0.9776273089767545,0.9764975069753926,1.0,5
0.0009079714904695548,False,462,time0,0.9347541606629365,3,time0,TIME0,0.9717714779773399,0.9700732352069319,1.0,2
0.000992010059213465,False,462,time1,0.8965770243808214,5,time1,TIME1,0.9614044853698414,0.9748339072249225,1.0,1
0.0014331612445430872,False,462,time0,0.8906106165387003,4,time0,TIME0,0.9601141995008055,0.9779774730846633,1.0,6
0.0022068981761800078,False,462,time1,0.8293044846357556,7,time1,TIME1,0.9356581229448123,0.9580510928993902,1.0,7
0.0009482315114209132,False,462,goleiro_time1,0.9204063497491218,9,goleiro1,GOL-TIME1,0.8449744880006375,0.8811173330054554,0.0,10
0.0010090094899246121,False,463,time0,0.9219436847463754,4,time0,TIME0,0.9698709904356132,0.9779774730846633,1.0,6
0.0010855746254037398,False,463,time0,0.9109170967151707,0,time0,TIME0,0.9654913095785519,0.9764975069753926,1.0,5
0.0014410856683137836,False,463,time0,0.8977001981186699,3,time0,TIME0,0.9601531581390702,0.9700732352069319,1.0,2
0.0011542498621832985,False,463,time1,0.8822695639830433,5,time1,TIME1,0.9571031565749508,0.9748339072249225,1.0,1
0.0029580422908960084,False,463,time1,0.7762015616665565,7,time1,TIME1,0.9191685978115103,0.9580510928993902,1.0,7
0.0015998301054619257,False,463,goleiro_time1,0.8690900176183666,9,goleiro1,GOL-TIME1,0.8291076753204888,0.8811173330054554,0.0,10
0.0009523136952227013,False,464,time0,0.9221191238569229,4,time0,TIME0,0.9700459816921417,0.9779774730846633,1.0,6
0.001125475758781878,False,464,time0,0.9191639151528898,3,time0,TIME0,0.9665866691484492,0.9700732352069319,1.0,2
0.0017569500243730237,False,464,time0,0.9141074694139175,0,time0,TIME0,0.9662923795906172,0.9764975069753926,1.0,5
0.001099409438310012,False,464,time1,0.8888961450938115,5,time1,TIME1,0.9592024407853491,0.9748339072249225,1.0,1
0.003200470630148301,False,464,time1,0.7637069312006333,7,time1,TIME1,0.9154020077409977,0.9580510928993902,1.0,7
0.00261035945611957,False,464,goleiro_time1,0.790286977278622,9,goleiro1,GOL-TIME1,0.8042871048029607,0.8811173330054554,0.0,10
0.0004284550233388989,False,465,time1,0.9557165453517039,5,time1,TIME1,0.9794396492270501,0.9744427227859922,1.0,1
0.0007092241305094344,False,465,time0,0.9421654868511669,4,time0,TIME0,0.9762766306080893,0.9778280860252093,1.0,6
0.0013400066500438134,False,465,time0,0.9047014936084479,3,time0,TIME0,0.9622758214144547,0.9704205722008807,1.0,2
0.0024007983352058587,False,465,time0,0.8950144301664257,0,time0,TIME0,0.9598672956934184,0.975958817270548,1.0,5
0.0032581045543691126,False,465,time1,0.7660545691660925,7,time1,TIME1,0.9163255165601364,0.9582577851247522,1.0,7
0.0023268748546987346,False,465,goleiro_time1,0.8272007612533934,9,goleiro1,GOL-TIME1,0.8149797189358867,0.8768378013642257,0.0,10
0.0008326585652504273,False,466,time0,0.9287029519462217,4,time0,TIME0,0.9722084513065261,0.9778280860252093,1.0,6
0.0013684663480169452,False,466,time0,0.9035295703000079,3,time0,TIME0,0.9624002382296759,0.9704205722008807,1.0,2
0.001050794133687779,False,466,time1,0.8979067225185493,5,time1,TIME1,0.9615703114870489,0.9744427227859922,1.0,1
0.002396202063354373,False,466,time1,0.8220655768761549,7,time1,TIME1,0.9333467094571141,0.9582577851247522,1.0,7
0.003633251379738216,False,466,time0,0.8081026611118971,0,time0,TIME0,0.932277000714419,0.975958817270548,1.0,5
0.00046298358485324215,False,466,goleiro_time1,0.9632531921480336,9,goleiro1,GOL-TIME1,0.8558646399359748,0.8768378013642257,0.0,10
0.008056700465777479,False,466,time1,0.6005626003816256,6,time1,TIME1,0.8537994106295291,0.9421692651187572,1.0,8
0.0009443268232825998,False,467,time0,0.9270491440939261,4,time0,TIME0,0.9713969117138743,0.9778280860252093,1.0,6
0.0012193754021514924,False,467,time0,0.9138558564647413,3,time0,TIME0,0.9654556753837711,0.9704205722008807,1.0,2
0.001381261620772197,False,467,time1,0.8699700084545755,5,time1,TIME1,0.9531192339478376,0.9744427227859922,1.0,1
0.0025822421949020687,False,467,time0,0.8020536232666886,0,time0,TIME0,0.9314673962632705,0.975958817270548,1.0,5
0.001997966731955378,False,467,time1,0.8448016602767838,6,time1,TIME1,0.9311839241048504,0.9421692651187572,1.0,8
0.003105002422967262,False,467,time1,0.7810373713147546,7,time1,TIME1,0.9205659534985983,0.9582577851247522,1.0,7
0.0009381679402181596,False,467,goleiro_time1,0.9150316856227526,9,goleiro1,GOL-TIME1,0.8425394119169266,0.8768378013642257,0.0,10
0.00024815730942085676,False,468,time0,0.937184946769527,4,time0,TIME0,0.9746546045138554,0.9773219139072595,1.0,6
0.001342685968729774,False,468,time0,0.9063810799011326,3,time0,TIME0,0.9633216468899072,0.9713138182954018,1.0,2
0.00168327244029725,False,468,time0,0.8947222462127746,0,time0,TIME0,0.9580888421798429,0.976362936190756,1.0,5
0.0005499621960961071,False,468,time1,0.9126873772475536,6,time1,TIME1,0.9575453503927874,0.9438464500736855,1.0,8
0.0012854825797219511,False,468,time1,0.880460484796245,5,time1,TIME1,0.9565664200022029,0.9748388020593486,1.0,1
0.002887255938011734,False,468,time1,0.7880503542356163,7,time1,TIME1,0.9222708579794774,0.9582302935889344,1.0,7
0.0009781999225335785,False,468,goleiro_time1,0.9227310607423416,9,goleiro1,GOL-TIME1,0.8444007687467917,0.8743016309442662,0.0,10
0.0005088383448776621,False,469,time1,0.9539818933109037,6,time1,TIME1,0.9709720625421405,0.9438464500736855,1.0,8
0.0010039321398876728,False,469,time0,0.9128903669913521,4,time0,TIME0,0.9664971915805762,0.9773219139072595,1.0,6
0.001293889055739669,False,469,time0,0.9089327078188353,3,time0,TIME0,0.9641740975818375,0.9713138182954018,1.0,2
0.0009906043801419973,False,469,time1,0.9030951130835606,5,time1,TIME1,0.9635114290969223,0.9748388020593486,1.0,1
0.00186834944141247,False,469,time0,0.8882787543476248,0,time0,TIME0,0.9586735954255762,0.976362936190756,1.0,5
0.0023350318627260204,False,469,time1,0.8385131673524086,7,time1,TIME1,0.9384368975815862,0.9582302935889344,1.0,7
0.0009179078925231727,False,469,goleiro_time1,0.9270650672678394,9,goleiro1,GOL-TIME1,0.8457343531164877,0.8743016309442662,0.0,10
0.0007262822754873101,False,470,time1,0.927660151534774,5,time1,TIME1,0.9711581809197859,0.9748388020593486,1.0,1
4.718567648839717e-05,False,470,time0,0.9249138373012683,4,time0,TIME0,0.9710535716517738,0.9773219139072595,1.0,6
0.0010578645219215988,False,470,time1,0.9110961393965921,6,time1,TIME1,0.9579146491438767,0.9438464500736855,1.0,8
0.0016512253817987969,False,470,time0,0.8870865825376896,3,time0,TIME0,0.9571933689615987,0.9713138182954018,1.0,2
0.0017777315196939986,False,470,time0,0.8882114187855621,0,time0,TIME0,0.9564520759021284,0.976362936190756,1.0,5
0.0031865240166198527,False,470,time1,0.8005577298812229,7,time1,TIME1,0.9262319558888155,0.9582302935889344,1.0,7
0.0008954560439569329,False,470,goleiro_time1,0.9282822325484967,9,goleiro1,GOL-TIME1,0.8462258882575676,0.8743016309442662,0.0,10
0.0004955326097463263,False,471,time1,0.9470001539434896,5,time1,TIME1,0.97709156458364,0.9743973282256295,1.0,1
0.0011058000397985367,False,471,time0,0.9242553625898983,3,time0,TIME0,0.9688500073971369,0.9718128633618446,1.0,2
0.001421362545000807,False,471,time0,0.9058657509559391,0,time0,TIME0,0.9637909175823802,0.9755817554176036,1.0,5
0.0007521389562639627,False,471,time0,0.8655958530708593,4,time0,TIME0,0.9524045965731,0.9756666979229373,1.0,6
0.002464523174639487,False,471,time1,0.8522848209877897,7,time1,TIME1,0.9424736790696313,0.9580844878703102,1.0,7
0.0007398156704528647,False,471,time1,0.8474824270621478,6,time1,TIME1,0.9383256802026417,0.9437336714895432,1.0,8
0.0008594510486211241,False,471,goleiro_time1,0.9305128013267401,9,goleiro1,GOL-TIME1,0.8457041913091083,0.8697013740346298,0.0,10
0.00017105018985101898,False,472,time0,0.8961157857954211,4,time0,TIME0,0.9619761552570457,0.9756666979229373,1.0,6
0.0010708398878378394,False,472,time1,0.8872389414422761,5,time1,TIME1,0.95840526495621,0.9743973282256295,1.0,1
0.0017275473265731518,False,472,time0,0.8831945686455432,3,time0,TIME0,0.955826170476523,0.9718128633618446,1.0,2
0.00010610236876874206,False,472,time1,0.900704344391452,6,time1,TIME1,0.9555956307726791,0.9437336714895432,1.0,8
0.003151983360507709,False,472,time1,0.8247023121792643,7,time1,TIME1,0.9335824521586431,0.9580844878703102,1.0,7
0.003110645702775121,False,472,time0,0.8107943388801743,0,time0,TIME0,0.9331465147812377,0.9755817554176036,1.0,5
0.0009127128974946498,False,472,goleiro_time1,0.8669772281136812,9,goleiro1,GOL-TIME1,0.8265327557695925,0.8697013740346298,0.0,10
0.00026204244884146756,False,473,time1,0.9446901429334351,5,time1,TIME1,0.9761640529449688,0.9743973282256295,1.0,1
0.0011892220275699992,False,473,time0,0.9176800238611045,3,time0,TIME0,0.9668044350384342,0.9718128633618446,1.0,2
1.0644687709628297e-05,False,473,time1,0.8997640123628248,6,time1,TIME1,0.9557816956230009,0.9437336714895432,1.0,8
0.002479600348961018,False,473,time0,0.8351206559671848,0,time0,TIME0,0.9417464518534839,0.9755817554176036,1.0,5
0.002995070700252436,False,473,time1,0.8374535918273996,7,time1,TIME1,0.9378997512730443,0.9580844878703102,1.0,7
0.011367843971264675,False,473,time0,0.6582560944671675,4,time0,TIME0,0.8732956472804094,0.9756666979229373,1.0,6
0.0006369493574349565,False,473,goleiro_time1,0.8486893698485218,9,goleiro1,GOL-TIME1,0.8210628514198013,0.8697013740346298,0.0,10
0.0009632272974869969,False,474,time0,0.9330677873996011,3,time0,TIME0,0.9723119214105224,0.973710003517904,1.0,2
0.0013590662209709591,False,474,time0,0.8996365394726391,0,time0,TIME0,0.9612449500801586,0.9735379244781086,1.0,5
0.0010524754721829479,False,474,time1,0.8890357086832266,5,time1,TIME1,0.9585033961429276,0.9732979685292837,1.0,1
0.0019925433736037268,False,474,time1,0.8857679050037386,6,time1,TIME1,0.9484359625782314,0.9434801123610183,1.0,8
0.003118885830722863,False,474,time1,0.8423499178331854,7,time1,TIME1,0.9390124882860803,0.9570850364382781,1.0,7
0.0006261295897683635,False,474,goleiro_time1,0.8929975572070572,9,goleiro1,GOL-TIME1,0.833157053946608,0.8667071345558099,0.0,10
0.000793311402331737,False,475,time0,0.946150255565553,3,time0,TIME0,0.9764162110503417,0.973710003517904,1.0,2
0.00018424641069913632,False,475,time1,0.9341975744315831,5,time1,TIME1,0.972726865024026,0.9732979685292837,1.0,1
0.0009743977273180153,False,475,time0,0.9088488376470172,0,time0,TIME0,0.9648850270520067,0.9735379244781086,1.0,5
0.0022976911042935024,False,475,time1,0.8687394816311874,6,time1,TIME1,0.9441748581231061,0.9434801123610183,1.0,8
0.002957246157907887,False,475,time1,0.8476589130353874,7,time1,TIME1,0.9403740198343592,0.9570850364382781,1.0,7
0.0007460288845069781,False,475,goleiro_time1,0.8892625204067539,9,goleiro1,GOL-TIME1,0.8326509747480165,0.8667071345558099,0.0,10
0.0009777738247121765,False,476,time0,0.9367017185291964,3,time0,TIME0,0.9734162903144233,0.973710003517904,1.0,2
0.0002807989783919495,False,476,time1,0.9221756277174419,5,time1,TIME1,0.9694331898084617,0.9732979685292837,1.0,1
0.001139401484101149,False,476,time0,0.8938808296424038,0,time0,TIME0,0.9603424766042558,0.9735379244781086,1.0,5
0.003203467059989128,False,476,time1,0.8419866676160171,7,time1,TIME1,0.9387071642114734,0.9570850364382781,1.0,7
0.0036370917798130512,False,476,time1,0.7441534607462568,6,time1,TIME1,0.9017735121923776,0.9434801123610183,1.0,8
0.0004382844680209139,False,476,goleiro_time1,0.9587907098996542,9,goleiro1,GOL-TIME1,0.853477539993064,0.8667071345558099,0.0,10
0.001212174381438518,False,477,time0,0.9250600837016696,3,time0,TIME0,0.9697978509799657,0.974233410859547,1.0,2
0.0008741330245187661,False,477,time1,0.8925019108445776,5,time1,TIME1,0.9592512768244591,0.972292413459487,1.0,1
0.0014118373051578842,False,477,time0,0.8758464595290829,0,time0,TIME0,0.9542792009911937,0.9722604891613755,1.0,5
0.0034200678320827405,False,477,time1,0.8265560703580724,7,time1,TIME1,0.9327827498308964,0.9545689208656744,1.0,7
1.703507865880383e-05,False,477,time1,0.9361663756444115,6,time1,TIME1,0.8640833022064414,0.9429017843209473,0.0,8
0.0005116011622857999,False,477,goleiro_time1,0.9395366887251229,9,goleiro1,GOL-TIME1,0.8467492341455418,0.863010156280229,0.0,10
0.001297866582037445,False,478,time0,0.9248217226197316,3,time0,TIME0,0.9697665019532041,0.974233410859547,1.0,2
0.0015701810783144514,False,478,time0,0.9221026659396986,0,time0,TIME0,0.9676329538308363,0.9722604891613755,1.0,5
0.0007892280280102549,False,478,time1,0.898394503916239,5,time1,TIME1,0.961815640535884,0.972292413459487,1.0,1
0.004322147548815571,False,478,time1,0.7763432043475128,7,time1,TIME1,0.9169004289657332,0.9545689208656744,1.0,7
0.0009523856675496589,False,478,time1,0.9604580134796729,6,time1,TIME1,0.8723431820880337,0.9429017843209473,0.0,8
0.0006571895450968656,False,478,goleiro_time1,0.8959422397166548,9,goleiro1,GOL-TIME1,0.8338000473084315,0.863010156280229,0.0,10
0.0012012007120442052,False,479,time0,0.9411631208223956,0,time0,TIME0,0.974066105207417,0.9722604891613755,1.0,5
0.001342398728796322,False,479,time0,0.9245060505848144,3,time0,TIME0,0.9696445987141437,0.974233410859547,1.0,2
0.0007306210162831631,False,479,time1,0.9109862765610245,5,time1,TIME1,0.965657102646549,0.972292413459487,1.0,1
0.0034342086085503796,False,479,time1,0.8070925324298875,7,time1,TIME1,0.927025712627426,0.9545689208656744,1.0,7
0.0019394520396191059,False,479,time1,0.9201481082166929,6,time1,TIME1,0.8593303693159431,0.9429017843209473,0.0,8
0.0005688376693869296,False,479,goleiro_time1,0.9264802335174008,9,goleiro1,GOL-TIME1,0.8430781970185468,0.863010156280229,0.0,10
0.001455818349527485,False,480,time0,0.9186682468751816,3,time0,TIME0,0.9678141963452562,0.9744679585544257,1.0,2
0.0016522115650217115,False,480,time0,0.9177827288841792,0,time0,TIME0,0.9667990318732307,0.9730950038125457,1.0,5
0.001233118869728513,False,480,time1,0.8568986637962516,5,time1,TIME1,0.9485479454129316,0.9718976435682587,1.0,1
0.0021775315186581463,False,480,time1,0.8673875055648514,7,time1,TIME1,0.9453265530701428,0.9517928152145498,1.0,7
0.001602389398116915,False,480,time1,0.9327806899228901,6,time1,TIME1,0.8633365717059058,0.9409787178642246,0.0,8
0.00043957542428550185,False,480,goleiro_time1,0.8865510075898028,9,goleiro1,GOL-TIME1,0.8297097410694831,0.857664811471618,0.0,10
0.0012441853996589607,False,481,time0,0.9300855414313449,3,time0,TIME0,0.9713415470596362,0.9744679585544257,1.0,2
0.0006992973067279003,False,481,time1,0.916631660290882,5,time1,TIME1,0.9669386200008808,0.9718976435682587,1.0,1
0.0019505033092516574,False,481,time0,0.8853390262561109,0,time0,TIME0,0.9563719766559463,0.9730950038125457,1.0,5
0.001861555470205793,False,481,time1,0.8873149768889957,7,time1,TIME1,0.9521598832083329,0.9517928152145498,1.0,7
0.002068941836325689,False,481,time1,0.9121776612602458,6,time1,TIME1,0.8566976881370021,0.9409787178642246,0.0,8
0.0007287635349878084,False,481,goleiro_time1,0.8827644200100527,9,goleiro1,GOL-TIME1,0.8283041202143373,0.857664811471618,0.0,10
0.0013982202491265576,False,482,time0,0.9214381048387346,3,time0,TIME0,0.9686703873465319,0.9744679585544257,1.0,2
0.0019733350959438892,False,482,time0,0.8740067922191068,0,time0,TIME0,0.9536661925437784,0.9730950038125457,1.0,5
0.0018406737547723927,False,482,time1,0.8892022824885327,7,time1,TIME1,0.9530163769850386,0.9517928152145498,1.0,7
0.0013656242528200908,False,482,time1,0.8400285416746539,5,time1,TIME1,0.9432861281834971,0.9718976435682587,1.0,1
0.0020896845856420766,False,482,time1,0.9133054186930406,6,time1,TIME1,0.8570797282552582,0.9409787178642246,0.0,8
0.0008551026213241241,False,482,goleiro_time1,0.9278196428011329,9,goleiro1,GOL-TIME1,0.8414170304096539,0.857664811471618,0.0,10
0.0014103572727200706,False,483,time0,0.9170480198220896,3,time0,TIME0,0.9673852157827831,0.9748288873289406,1.0,2
0.0010389606926162456,False,483,time1,0.8694427753126077,5,time1,TIME1,0.9528143808444166,0.9726680770964228,1.0,1
0.001970891716615474,False,483,time1,0.8840444823436121,7,time1,TIME1,0.9505703153464671,0.9491691169096299,1.0,7
0.0037274327433590645,False,483,time0,0.7738313777900255,0,time0,TIME0,0.9212211922465371,0.9751029257884982,1.0,5
0.00222872646299923,False,483,time1,0.9102816673493891,6,time1,TIME1,0.8547105332617754,0.9351983877746766,0.0,8
0.0007329524867603389,False,483,goleiro_time1,0.9296097156673884,9,goleiro1,GOL-TIME1,0.8412705170122029,0.8548933741660205,0.0,10
0.0014131594313926432,False,484,time0,0.9192971607534336,3,time0,TIME0,0.9682025835890726,0.9748288873289406,1.0,2
0.0010174669418310475,False,484,time1,0.8731447987201949,5,time1,TIME1,0.9540816195372429,0.9726680770964228,1.0,1
0.0023179236618064637,False,484,time1,0.868894095693465,7,time1,TIME1,0.9456140579102541,0.9491691169096299,1.0,7
0.0030127533810388974,False,484,time0,0.8016993476322376,0,time0,TIME0,0.9309596542542501,0.9751029257884982,1.0,5
0.0023484115724219812,False,484,time1,0.9027377620718189,6,time1,TIME1,0.8522157722007392,0.9351983877746766,0.0,8
0.00047406045065921546,False,484,goleiro_time1,0.9008664328994603,9,goleiro1,GOL-TIME1,0.8328478363824208,0.8548933741660205,0.0,10
0.0016143364797046975,False,485,time0,0.9022663066766927,3,time0,TIME0,0.9627567868152453,0.9748288873289406,1.0,2
0.0007672419432170413,False,485,time1,0.8981676915349899,5,time1,TIME1,0.9617443407807286,0.9726680770964228,1.0,1
0.0031952433828589762,False,485,time1,0.8311898009099187,7,time1,TIME1,0.9331232248784337,0.9491691169096299,1.0,7
0.003264007367470272,False,485,time0,0.7997823519114209,0,time0,TIME0,0.9304601489326919,0.9751029257884982,1.0,5
0.0015840573429518885,False,485,time1,0.9324253264718346,6,time1,TIME1,0.8615652769100378,0.9351983877746766,0.0,8
0.0004912195192384267,False,485,goleiro_time1,0.9460796879009893,9,goleiro1,GOL-TIME1,0.8466261669745876,0.8548933741660205,0.0,10
0.0013984229621617332,False,486,time0,0.8940096402615036,0,time0,TIME0,0.9598562335805454,0.9769452929440939,1.0,5
0.002093026266194174,False,486,time0,0.8795761661259598,3,time0,TIME0,0.9553197339131471,0.974883443897407,1.0,2
0.0012699060365033038,False,486,time1,0.8358030525148965,5,time1,TIME1,0.9425977788793117,0.9734243272332903,1.0,1
0.003937796274546557,False,486,time1,0.8065585118121414,7,time1,TIME1,0.9240632251684373,0.9448946152364184,1.0,7
0.0019300296173861225,False,486,time1,0.919726996131466,6,time1,TIME1,0.8556248039113226,0.9268690223683382,0.0,8
0.0013208666649227887,False,486,goleiro_time1,0.7653373555391957,9,goleiro1,GOL-TIME1,0.790999143283238,0.8553349465760339,0.0,10
0.0007498981817416598,False,487,time0,0.9556183378054796,0,time0,TIME0,0.9796765856713887,0.9769452929440939,1.0,5
0.0020287494585387645,False,487,time0,0.8854703840300584,3,time0,TIME0,0.9574649507909392,0.974883443897407,1.0,2
0.0011714970292198684,False,487,time1,0.8442337786819937,5,time1,TIME1,0.9454556505846038,0.9734243272332903,1.0,1
0.0035562886106812797,False,487,time1,0.8334949417636923,7,time1,TIME1,0.9327436350819667,0.9448946152364184,1.0,7
0.002177141677572881,False,487,time1,0.9088741325368602,6,time1,TIME1,0.8522011075064593,0.9268690223683382,0.0,8
0.00037785744931156376,False,487,goleiro_time1,0.8735157510721828,9,goleiro1,GOL-TIME1,0.8249012005599027,0.8553349465760339,0.0,10
0.0006197068983626313,False,488,time0,0.9713047781126048,0,time0,TIME0,0.9849222768430311,0.9769452929440939,1.0,5
0.0019667106114500178,False,488,time0,0.8870054013459404,3,time0,TIME0,0.9579664198436201,0.974883443897407,1.0,2
0.000968314496368678,False,488,time1,0.8690354929415643,5,time1,TIME1,0.9530469333003992,0.9734243272332903,1.0,1
0.003712684152473088,False,488,time1,0.8224488258909028,7,time1,TIME1,0.9291662996076506,0.9448946152364184,1.0,7
0.0018637291427089774,False,488,time1,0.9160555320740211,6,time1,TIME1,0.8545739266435364,0.9268690223683382,0.0,8
0.00034621330055774476,False,488,goleiro_time1,0.914237367254285,9,goleiro1,GOL-TIME1,0.8374628669821912,0.8553349465760339,0.0,10
0.0008116562285262086,False,489,time0,0.9343168100775466,0,time0,TIME0,0.9733128351144706,0.9765155265580914,1.0,5
0.0018936278543050101,False,489,time0,0.89057337987113,3,time0,TIME0,0.9591512326806645,0.9750160684668949,1.0,2
0.0023473002764021296,False,489,time1,0.8842253604663877,7,time1,TIME1,0.9473143544058978,0.9404792771214457,1.0,7
0.0011544470555362562,False,489,time1,0.8448724974165953,5,time1,TIME1,0.9455758874228796,0.9732015116731725,1.0,1
0.001770604960576433,False,489,time1,0.914542135005241,6,time1,TIME1,0.852359012522927,0.9187029633900108,0.0,8
0.0008485054105541525,False,489,goleiro_time1,0.9080878682932334,9,goleiro1,GOL-TIME1,0.8359705324780226,0.8586350475013922,0.0,10
0.0003777707848892911,False,490,time0,0.9184369569715509,0,time0,TIME0,0.9689881384698642,0.9765155265580914,1.0,5
0.001922851649463587,False,490,time0,0.8836666879316132,3,time0,TIME0,0.9570511022764014,0.9750160684668949,1.0,2
0.0009489808894537777,False,490,time1,0.8697766112249936,5,time1,TIME1,0.953200327128119,0.9732015116731725,1.0,1
0.0025702530122087425,False,490,time1,0.8625385839128813,7,time1,TIME1,0.9411495976478531,0.9404792771214457,1.0,7
0.0019469194120563553,False,490,time1,0.8979627680251686,6,time1,TIME1,0.8471488161360619,0.9187029633900108,0.0,8
0.00038047743141368304,False,490,goleiro_time1,0.9039564567124502,9,goleiro1,GOL-TIME1,0.8351685552942891,0.8586350475013922,0.0,10
0.00133644439866113,False,491,time0,0.9157679775384064,3,time0,TIME0,0.9668627474575622,0.9750160684668949,1.0,2
0.0008851932230490229,False,491,time0,0.8905587828538387,0,time0,TIME0,0.9598752620075541,0.9765155265580914,1.0,5
0.0008248668303110846,False,491,time1,0.8836260594814579,5,time1,TIME1,0.9575251156429642,0.9732015116731725,1.0,1
0.0029088296700745587,False,491,time1,0.8352751851191895,7,time1,TIME1,0.9328051911552858,0.9404792771214457,1.0,7
0.001553828965629671,False,491,time1,0.9116162948409314,6,time1,TIME1,0.8514780642680089,0.9187029633900108,0.0,8
0.0003242901239074546,False,491,goleiro_time1,0.9253514886546382,9,goleiro1,GOL-TIME1,0.841807352467154,0.8586350475013922,0.0,10
0.0009673415170914609,False,492,time0,0.9280145596061674,0,time0,TIME0,0.9708887660908317,0.9739465337138544,1.0,5
0.0016830305483412343,False,492,time0,0.8942060896422241,3,time0,TIME0,0.9602208109184657,0.9749907034288261,1.0,2
0.0011030911745783512,False,492,time1,0.8501724935494642,5,time1,TIME1,0.9470022971001055,0.9725931440604886,1.0,1
0.00356048768187121,False,492,time1,0.7854315246937505,7,time1,TIME1,0.9159465944299109,0.9360662150974148,1.0,7
0.0009767469473615385,False,492,time1,0.931364131475439,6,time1,TIME1,0.8572961335339421,0.916823911339693,0.0,8
0.0005884044558182664,False,492,goleiro_time1,0.8966330643710236,9,goleiro1,GOL-TIME1,0.8334138227203882,0.8609297156557892,0.0,10
0.000736154876508234,False,493,time0,0.9154085329730495,0,time0,TIME0,0.9672822526342774,0.9739465337138544,1.0,5
0.0017472629820807749,False,493,time0,0.8878802331223499,3,time0,TIME0,0.9584002488275561,0.9749907034288261,1.0,2
0.0010708252769143216,False,493,time1,0.8560419319053346,5,time1,TIME1,0.9489060531096217,0.9725931440604886,1.0,1
0.004028916487346848,False,493,time1,0.7366952110016002,7,time1,TIME1,0.9007568358957029,0.9360662150974148,1.0,7
0.000848117842279212,False,493,time1,0.9439113667510813,6,time1,TIME1,0.8614931926230155,0.916823911339693,0.0,8
0.0003791123111836098,False,493,goleiro_time1,0.9407928528819671,9,goleiro1,GOL-TIME1,0.8469549873735992,0.8609297156557892,0.0,10
0.0008181765966613834,False,494,time0,0.9333872469391586,0,time0,TIME0,0.9725439482700674,0.9739465337138544,1.0,5
0.0011953258220413242,False,494,time0,0.9161376703587726,3,time0,TIME0,0.9671252872262407,0.9749907034288261,1.0,2
0.0009625154749390262,False,494,time1,0.8725322003462044,5,time1,TIME1,0.953958420726961,0.9725931440604886,1.0,1
0.0045517464149286745,False,494,time1,0.6884881404810201,7,time1,TIME1,0.8860615703114465,0.9360662150974148,1.0,7
0.00013885895671189152,False,494,goleiro_time1,0.9680785361257238,9,goleiro1,GOL-TIME1,0.8553374177996168,0.8609297156557892,0.0,10
0.0011766242728548943,False,494,time1,0.9202942033177326,6,time1,TIME1,0.8539146750750358,0.916823911339693,0.0,8
0.00042507892594473756,False,495,time0,0.9659245043684334,0,time0,TIME0,0.9819215008731205,0.971561706740849,1.0,5
0.001001674373402464,False,495,time0,0.9332173178208045,3,time0,TIME0,0.9728094622142638,0.9760764999950476,1.0,2
0.0009340303431360673,False,495,time1,0.87961371572559,5,time1,TIME1,0.9560269802584164,0.9723876280533381,1.0,1
0.0003812292175432013,False,495,goleiro_time1,0.9537101062268623,9,goleiro1,GOL-TIME1,0.8519574957346533,0.8654735269640234,0.0,10
0.0016903566818511457,False,495,time1,0.8857724753747186,6,time1,TIME1,0.8427569421663892,0.9160126427685629,0.0,8
0.004035340964532122,False,495,time1,0.7155325698548329,7,time1,TIME1,0.793471866070402,0.9313307263958133,0.0,7
0.00046850640571387747,False,496,time0,0.9636079977885241,0,time0,TIME0,0.981470103059867,0.971561706740849,1.0,5
0.0018533824442771693,False,496,time0,0.8782065778905864,3,time0,TIME0,0.9552154220580429,0.9760764999950476,1.0,2
0.0013910721524254363,False,496,time1,0.826929561765867,5,time1,TIME1,0.9395684123750736,0.9723876280533381,1.0,1
0.0004238552069855969,False,496,goleiro_time1,0.97097074785786,9,goleiro1,GOL-TIME1,0.8571684830136804,0.8654735269640234,0.0,10
0.0017815433472961773,False,496,time1,0.8819747595884154,6,time1,TIME1,0.8418273233648537,0.9160126427685629,0.0,8
0.003596449385581781,False,496,time1,0.7453503056788403,7,time1,TIME1,0.8028690297503773,0.9313307263958133,0.0,7
0.0005251082575890225,False,497,time0,0.9452328162555956,0,time0,TIME0,0.9758511206068652,0.971561706740849,1.0,5
0.000953203554579462,False,497,time1,0.8818838438928432,5,time1,TIME1,0.956423156721391,0.9723876280533381,1.0,1
0.001928438433700511,False,497,time0,0.8737833209652623,3,time0,TIME0,0.9543095288629728,0.9760764999950476,1.0,2
0.0012799848680039537,False,497,time1,0.9147773588209464,6,time1,TIME1,0.8519117188875083,0.9160126427685629,0.0,8
0.0006547759287608012,False,497,goleiro_time1,0.9426653767581732,9,goleiro1,GOL-TIME1,0.8483514381690103,0.8654735269640234,0.0,10
0.004474958760495825,False,497,time1,0.7158334465099513,7,time1,TIME1,0.7927490221458886,0.9313307263958133,0.0,7
0.0012135684800002348,False,498,time0,0.9298984335057253,0,time0,TIME0,0.9693238531107412,0.9683596962575438,1.0,5
0.0009597387500962808,False,498,time1,0.8779128749529537,5,time1,TIME1,0.9555511649306032,0.972396447312037,1.0,1
0.0021958044807547233,False,498,time0,0.8585554410638371,3,time0,TIME0,0.9494508425978256,0.9765299347657588,1.0,2
0.0006364657899810515,False,498,goleiro_time1,0.940911806188467,9,goleiro1,GOL-TIME1,0.8493284560057517,0.8709234183247563,0.0,10
0.001553109999963536,False,498,time1,0.8951717540936361,6,time1,TIME1,0.8455111284957323,0.9143518579003597,0.0,8
0.0045578063766294466,False,498,time1,0.7387173596839547,7,time1,TIME1,0.7985715755867557,0.9247817442744986,0.0,7
0.0010012352880934907,False,499,time0,0.9328635625139376,0,time0,TIME0,0.9708024361450717,0.9683596962575438,1.0,5
0.0009444209825674916,False,499,time1,0.884681781750946,5,time1,TIME1,0.9575229147820209,0.972396447312037,1.0,1
0.0023697913580037412,False,499,time0,0.8508424543225124,3,time0,TIME0,0.9470765886289989,0.9765299347657588,1.0,2
0.0016251188001154598,False,499,time1,0.889435011273599,6,time1,TIME1,0.8438919768964314,0.9143518579003597,0.0,8
0.0009850392417176921,False,499,goleiro_time1,0.9095855141012698,9,goleiro1,GOL-TIME1,0.8394589789804652,0.8709234183247563,0.0,10
0.004282844381011029,False,499,time1,0.7834235237710072,7,time1,TIME1,0.8120803968389017,0.9247817442744986,0.0,7
0.0007469447188388815,False,500,time1,0.9096453590294827,5,time1,TIME1,0.9651783375390809,0.972396447312037,1.0,1
0.0022734075329489244,False,500,time0,0.8554861847817324,3,time0,TIME0,0.9485613149058097,0.9765299347657588,1.0,2
0.005068606860306475,False,500,time0,0.8210430788536499,0,time0,TIME0,0.9308925057870417,0.9683596962575438,1.0,5
0.0015229580323598629,False,500,time1,0.8954964132391491,6,time1,TIME1,0.8456298073569587,0.9143518579003597,0.0,8
0.0008932585069453363,False,500,goleiro_time1,0.9196674284037347,9,goleiro1,GOL-TIME1,0.8426836431136875,0.8709234183247563,0.0,10
0.003208459883127791,False,500,time1,0.84742499835066,7,time1,TIME1,0.8317706914054086,0.9247817442744986,0.0,7
0.0006792196791187587,False,501,time1,0.9367154512636314,5,time1,TIME1,0.9733598633343262,0.9728448275559738,1.0,1
0.002748324887215189,False,501,time0,0.8266845856350357,3,time0,TIME0,0.9393864858830441,0.9772079052868956,1.0,2
0.0011015785651925464,False,501,time0,0.9075787964440569,0,time0,TIME0,0.8586668719684605,0.9639694261030456,0.0,5
0.0012250802642962523,False,501,time1,0.9146568949302882,6,time1,TIME1,0.8512339568206212,0.9127813813054039,0.0,8
0.002529051290179401,False,501,time1,0.8808420256198374,7,time1,TIME1,0.8408008643628657,0.9175211906083252,0.0,7
0.001287696838123796,False,501,goleiro_time1,0.886579402458252,9,goleiro1,GOL-TIME1,0.833400686822031,0.8755360431987971,0.0,10
0.000481601635317495,False,502,time1,0.9280004826999726,5,time1,TIME1,0.9709763721916703,0.9728448275559738,1.0,1
0.0027131993612460833,False,502,time0,0.8208251816654161,3,time0,TIME0,0.9378785214217071,0.9772079052868956,1.0,2
0.0011415430125725945,False,502,time0,0.9283697185390268,0,time0,TIME0,0.8681730749962473,0.9639694261030456,0.0,5
0.0008747783944219969,False,502,time1,0.9360700748249238,6,time1,TIME1,0.8579822651431787,0.9127813813054039,0.0,8
0.0015113260055747476,False,502,time1,0.9270040093708386,7,time1,TIME1,0.8553962513014766,0.9175211906083252,0.0,7
0.0012330440834459149,False,502,goleiro_time1,0.8926324268462837,9,goleiro1,GOL-TIME1,0.8354293861588511,0.8755360431987971,0.0,10
0.00014171512168694816,False,503,time1,0.9236706392232044,5,time1,TIME1,0.969921848799463,0.9728448275559738,1.0,1
0.002608258513546785,False,503,time0,0.8200319553862715,3,time0,TIME0,0.9378662127948474,0.9772079052868956,1.0,2
0.0008258925712565601,False,503,time0,0.9368955064646384,0,time0,TIME0,0.8709734062838606,0.9639694261030456,0.0,5
0.0007338034918834489,False,503,time1,0.9472219558241926,6,time1,TIME1,0.8615922595110239,0.9127813813054039,0.0,8
0.001546133446327419,False,503,time1,0.9254961743128164,7,time1,TIME1,0.8555484042416905,0.9175211906083252,0.0,7
0.0007246310246716816,False,503,goleiro_time1,0.936580605293581,9,goleiro1,GOL-TIME1,0.8487309719248399,0.8755360431987971,0.0,10
0.0005904989587617976,False,504,time1,0.8954742736897195,5,time1,TIME1,0.9610891600363586,0.973253376805809,1.0,1
0.0016054694890235135,False,504,time0,0.8831995596261156,3,time0,TIME0,0.9571341424724703,0.9772805741338458,1.0,2
0.0006653193876293148,False,504,time1,0.9522155820952152,6,time1,TIME1,0.862448792383014,0.9108208383346607,0.0,8
0.0016170089799596831,False,504,time1,0.9213317562087117,7,time1,TIME1,0.8522064511837102,0.9095736552805842,0.0,7
0.0009290729109010362,False,504,goleiro_time1,0.9155078440876677,9,goleiro1,GOL-TIME1,0.8439632587396745,0.8813384293734363,0.0,10
0.006452313267384908,False,504,time0,0.8166870959965683,0,time0,TIME0,0.8248324406757626,0.958503257986207,0.0,5
0.000761762846897896,False,505,time1,0.9421634000414377,5,time1,TIME1,0.9751099647560757,0.973253376805809,1.0,1
0.0017992595790921975,False,505,time0,0.8706918646488777,3,time0,TIME0,0.9537456538214971,0.9772805741338458,1.0,2
0.0008579707997251843,False,505,time1,0.9380669592950447,6,time1,TIME1,0.8582019392878754,0.9108208383346607,0.0,8
0.001885364781795892,False,505,time0,0.9073985607195375,0,time0,TIME0,0.8567444568434895,0.958503257986207,0.0,5
0.0009531132915408414,False,505,goleiro_time1,0.9206676793464703,9,goleiro1,GOL-TIME1,0.8453330579640503,0.8813384293734363,0.0,10
0.002035706855630714,False,505,time1,0.89954104057633,7,time1,TIME1,0.8450958891919671,0.9095736552805842,0.0,7
0.0007398541999993262,False,506,time1,0.9453204668892697,5,time1,TIME1,0.976134808220717,0.973253376805809,1.0,1
0.0015256718761169506,False,506,time0,0.8936552813007548,3,time0,TIME0,0.960746098479084,0.9772805741338458,1.0,2
0.0011153914075990102,False,506,time0,0.9326349909155967,0,time0,TIME0,0.8673789572166655,0.958503257986207,0.0,5
0.0010535558146907544,False,506,time1,0.9246520492286979,6,time1,TIME1,0.853941817191842,0.9108208383346607,0.0,8
0.0008405938119274329,False,506,goleiro_time1,0.9273800751952385,9,goleiro1,GOL-TIME1,0.847690199914578,0.8813384293734363,0.0,10
0.0027123783355734506,False,506,time1,0.8627675820417366,7,time1,TIME1,0.8332846119518931,0.9095736552805842,0.0,7
0.0006957031818861357,False,507,time1,0.9462911642146837,5,time1,TIME1,0.9764656885045442,0.9731048237270317,1.0,1
0.002195571138894692,False,507,time0,0.8547321028067663,3,time0,TIME0,0.9481225050573613,0.9772685501718077,1.0,2
0.0007368172924889022,False,507,time0,0.9543798745499453,0,time0,TIME0,0.8731345215700745,0.9516303231958149,0.0,5
0.0007925299884961967,False,507,time1,0.943422040638802,6,time1,TIME1,0.8593166120652627,0.9087706067616488,0.0,8
0.002536286186589124,False,507,time1,0.8615275248900915,7,time1,TIME1,0.8316298453007853,0.9025670411255583,0.0,7
0.0015515632984228562,False,507,goleiro_time1,0.8667781833723639,9,goleiro1,GOL-TIME1,0.8300559310978515,0.8877591683092102,0.0,10
0.000897186356103152,False,508,time1,0.9259409383165101,5,time1,TIME1,0.97008686529275,0.9731048237270317,1.0,1
0.0018721095355224897,False,508,time0,0.8859823857157311,3,time0,TIME0,0.9581885403248718,0.9772685501718077,1.0,2
0.0005018854392918312,False,508,time0,0.9528497701125828,0,time0,TIME0,0.8727428533237025,0.9516303231958149,0.0,5
0.000853041831733747,False,508,time1,0.9363742157985632,6,time1,TIME1,0.857238006655564,0.9087706067616488,0.0,8
0.0012358219988083544,False,508,goleiro_time1,0.8944633202378319,9,goleiro1,GOL-TIME1,0.8389229423806137,0.8877591683092102,0.0,10
0.002910967843445048,False,508,time1,0.8279057075237564,7,time1,TIME1,0.8209898063128167,0.9025670411255583,0.0,7
0.0008580369276827348,False,509,time1,0.9286810719337921,5,time1,TIME1,0.9710676855045387,0.9731048237270317,1.0,1
0.0031462641038975574,False,509,time0,0.8352389717725328,3,time0,TIME0,0.9411568861557209,0.9772685501718077,1.0,2
0.00025365737512097656,False,509,time0,0.9541549719716709,0,time0,TIME0,0.8737419948939527,0.9516303231958149,0.0,5
0.0007735494788996413,False,509,goleiro_time1,0.9291846857523737,9,goleiro1,GOL-TIME1,0.8495672159609209,0.8877591683092102,0.0,10
0.0015636683944427563,False,509,time1,0.8913911677249293,6,time1,TIME1,0.8427020959803226,0.9087706067616488,0.0,8
0.00255458360845396,False,509,time1,0.8317875161639693,7,time1,TIME1,0.8225169696182549,0.9025670411255583,0.0,7
0.0011544496530337704,False,510,time1,0.9006627266603218,5,time1,TIME1,0.9620592885412954,0.9725272667910142,1.0,1
0.003188502227435089,False,510,time0,0.8511860009501971,3,time0,TIME0,0.9469136209440401,0.9780890019091646,1.0,2
0.00015648092099395668,False,510,time0,0.9631219492913332,0,time0,TIME0,0.8743515535112218,0.9426251620132228,0.0,5
0.0008480108578503434,False,510,goleiro_time1,0.9263373254229472,9,goleiro1,GOL-TIME1,0.850001855965861,0.8926771179912585,0.0,10
0.0020736093229006907,False,510,time1,0.8624339491404592,6,time1,TIME1,0.8327143233783386,0.9048807827492795,0.0,8
0.002601086389993657,False,510,time1,0.8105420846650799,7,time1,TIME1,0.8156943467011248,0.8997262602664668,0.0,7
0.0007551315980875812,False,511,time1,0.9339143671736385,5,time1,TIME1,0.972347242815407,0.9725272667910142,1.0,1
0.0021763544193679337,False,511,time0,0.9009556184364251,3,time0,TIME0,0.9621172624089629,0.9780890019091646,1.0,2
0.00023369990882913527,False,511,time0,0.9624590328856812,0,time0,TIME0,0.8741240904328793,0.9426251620132228,0.0,5
0.0008661772684343041,False,511,goleiro_time1,0.9195925151400148,9,goleiro1,GOL-TIME1,0.848102809859504,0.8926771179912585,0.0,10
0.001750089816979733,False,511,time1,0.8558997389463535,7,time1,TIME1,0.8295147689925045,0.8997262602664668,0.0,7
0.002330523039957515,False,511,time1,0.8498106647052255,6,time1,TIME1,0.8288656467746263,0.9048807827492795,0.0,8
0.0016820006405768298,False,512,time0,0.9243971841821795,3,time0,TIME0,0.9699544307009301,0.9780890019091646,1.0,2
0.001211742331018646,False,512,time1,0.8957007336819545,5,time1,TIME1,0.9604289798540309,0.9725272667910142,1.0,1
0.00028921378804752564,False,512,time0,0.9794946369488439,0,time0,TIME0,0.8791526202492748,0.9426251620132228,0.0,5
0.0012420769892808221,False,512,goleiro_time1,0.8889817346330882,9,goleiro1,GOL-TIME1,0.8384305065090405,0.8926771179912585,0.0,10
0.0019299629482832565,False,512,time1,0.8757977458527929,6,time1,TIME1,0.8368736329597048,0.9048807827492795,0.0,8
0.0023543672013059303,False,512,time1,0.8040232976072735,7,time1,TIME1,0.8135846070534433,0.8997262602664668,0.0,7
0.0011125720405054055,False,513,time0,0.9498998896002038,3,time0,TIME0,0.9783658730564151,0.9791874486244234,1.0,2
0.0012838025399755394,False,513,time1,0.8853281536452831,5,time1,TIME1,0.957169058819279,0.9711945623713711,1.0,1
0.0005980290499411099,False,513,time0,0.9593223545710963,0,time0,TIME0,0.8704601658674006,0.9337870607025396,0.0,5
0.0007911095902721481,False,513,goleiro_time1,0.928535496447222,9,goleiro1,GOL-TIME1,0.8508232828146705,0.8931880788339415,0.0,10
0.0018340968910662827,False,513,time1,0.8858883496911945,6,time1,TIME1,0.8389331545044173,0.899608844561286,0.0,8
0.0032180007079557994,False,513,time1,0.7437440926911738,7,time1,TIME1,0.7940713211026154,0.8981825770040306,0.0,7
0.001316985895407419,False,514,time0,0.9406330995901249,3,time0,TIME0,0.9755714801077073,0.9791874486244234,1.0,2
0.0012225776836703244,False,514,time1,0.884218669892884,5,time1,TIME1,0.9568500754828669,0.9711945623713711,1.0,1
0.0006257606910068068,False,514,time0,0.9516572400471481,0,time0,TIME0,0.8683480145066241,0.9337870607025396,0.0,5
0.0009572727508936787,False,514,goleiro_time1,0.9087080775056091,9,goleiro1,GOL-TIME1,0.8449130113151155,0.8931880788339415,0.0,10
0.0029565285992195723,False,514,time1,0.8330977229048874,6,time1,TIME1,0.8213729476498038,0.899608844561286,0.0,8
0.004161262016112236,False,514,time1,0.7076420352474312,7,time1,TIME1,0.782412127645468,0.8981825770040306,0.0,7
0.0015241092649039961,False,515,time0,0.9327905800581365,3,time0,TIME0,0.9730408141595653,0.9791874486244234,1.0,2
0.001467733503541655,False,515,time1,0.8648768890625066,5,time1,TIME1,0.950728537281711,0.9711945623713711,1.0,1
0.00040602641696395867,False,515,time0,0.960760656843215,0,time0,TIME0,0.870951677558714,0.9337870607025396,0.0,5
0.0009594728312882582,False,515,goleiro_time1,0.9212266969093056,9,goleiro1,GOL-TIME1,0.8485738914083274,0.8931880788339415,0.0,10
0.004038544111883459,False,515,time1,0.7981979447748979,6,time1,TIME1,0.8098894342272259,0.899608844561286,0.0,8
0.003920701277572698,False,515,time1,0.7529401537424074,7,time1,TIME1,0.7965457241277938,0.8981825770040306,0.0,7
0.001517059007275912,False,516,time0,0.9329136043064516,3,time0,TIME0,0.973179513277227,0.979566329839502,1.0,2
0.0014397231726384903,False,516,time1,0.8594684246937363,5,time1,TIME1,0.949031573878331,0.9705071082760859,1.0,1
0.0008858441126344715,False,516,time0,0.9415261853346887,0,time0,TIME0,0.8622808718794681,0.9238285721411661,0.0,5
0.000807915128616762,False,516,goleiro_time1,0.9336175688397492,9,goleiro1,GOL-TIME1,0.8536121298705026,0.8974667090644157,0.0,10
0.0019406910459334086,False,516,time1,0.8740601919272005,7,time1,TIME1,0.8330904288437424,0.8960239885483805,0.0,7
0.003947757244597497,False,516,time1,0.8160533626710603,6,time1,TIME1,0.8148349303578797,0.8947604436846028,0.0,8
0.0014804102654728186,False,517,time0,0.9340527875326533,3,time0,TIME0,0.9736467239897934,0.979566329839502,1.0,2
0.0012004476542231955,False,517,time1,0.8848313053028963,5,time1,TIME1,0.9567786174327452,0.9705071082760859,1.0,1
0.0012339604589231337,False,517,time0,0.92126784309666,0,time0,TIME0,0.8559567948446167,0.9238285721411661,0.0,5
0.0009287611029702617,False,517,goleiro_time1,0.9261015940606977,9,goleiro1,GOL-TIME1,0.8512657806211821,0.8974667090644157,0.0,10
0.0018781210106029954,False,517,time1,0.8808089860242906,7,time1,TIME1,0.8362710328244464,0.8960239885483805,0.0,7
0.0035913446535918788,False,517,time1,0.8407868490213328,6,time1,TIME1,0.8224182595441445,0.8947604436846028,0.0,8
0.002247423033648758,False,518,time0,0.896296603406419,3,time0,TIME0,0.9611354152814996,0.979566329839502,1.0,2
0.0014879556710645587,False,518,time1,0.8546839103498483,5,time1,TIME1,0.9474520911040246,0.9705071082760859,1.0,1
0.0012838806813590935,False,518,time0,0.9166416232355925,0,time0,TIME0,0.8546958730604168,0.9238285721411661,0.0,5
0.0012170854916345448,False,518,time1,0.9177935866040777,7,time1,TIME1,0.8465127574869532,0.8960239885483805,0.0,7
0.002526689732022685,False,518,time1,0.8894364600860142,6,time1,TIME1,0.8374926203227113,0.8947604436846028,0.0,8
0.0011530612906123976,False,518,goleiro_time1,0.8788788229787557,9,goleiro1,GOL-TIME1,0.8366461962865428,0.8974667090644157,0.0,10
0.0013591385179851062,False,519,time1,0.8718295710611994,5,time1,TIME1,0.9528427561843203,0.970539528172593,1.0,1
0.002833546399618719,False,519,time0,0.8661371016428281,3,time0,TIME0,0.951862428678629,0.979990918087291,1.0,2
0.000834964114866992,False,519,time1,0.954766939132704,7,time1,TIME1,0.8577378428388676,0.8918026632235476,0.0,7
0.0020261768537090147,False,519,time1,0.9080243949580956,6,time1,TIME1,0.8426924599856666,0.8898746684061356,0.0,8
0.002067161035321537,False,519,time0,0.8497864683593365,0,time0,TIME0,0.8302585886637217,0.9116202316953963,0.0,5
0.0014510199057861395,False,519,goleiro_time1,0.8451406250159287,9,goleiro1,GOL-TIME1,0.8276499398877015,0.9025315544007997,0.0,10
0.001541625056475166,False,520,time1,0.8580611483155897,5,time1,TIME1,0.9485207790814482,0.970539528172593,1.0,1
0.0031417316871932975,False,520,time0,0.8471528560464416,3,time0,TIME0,0.9460506086069127,0.979990918087291,1.0,2
0.001541744541360822,False,520,time1,0.9287403877421386,6,time1,TIME1,0.849356305848787,0.8898746684061356,0.0,8
0.0016258124401808307,False,520,time0,0.8880135603361492,0,time0,TIME0,0.8424235296843577,0.9116202316953963,0.0,5
0.0010980501895066115,False,520,goleiro_time1,0.8766616557376572,9,goleiro1,GOL-TIME1,0.8373924915408224,0.9025315544007997,0.0,10
0.002140566964448944,False,520,time1,0.8659522758716226,7,time1,TIME1,0.8297597362305225,0.8918026632235476,0.0,7
0.001367453107528257,False,521,time1,0.8869109382931213,5,time1,TIME1,0.9571987521050153,0.970539528172593,1.0,1
0.00320153495475477,False,521,time0,0.8389697031396101,3,time0,TIME0,0.9435759544192539,0.979990918087291,1.0,2
0.0011343423165468094,False,521,time1,0.9418236104958146,6,time1,TIME1,0.8535965212444763,0.8898746684061356,0.0,8
0.001458389763837541,False,521,time0,0.9078561644815843,0,time0,TIME0,0.8487962342382951,0.9116202316953963,0.0,5
0.001141868673823445,False,521,goleiro_time1,0.8824030751830211,9,goleiro1,GOL-TIME1,0.839141819515981,0.9025315544007997,0.0,10
0.003341959350163889,False,521,time1,0.8082249929776555,7,time1,TIME1,0.811393849829847,0.8918026632235476,0.0,7
0.0009959664808439376,False,522,time1,0.9325853212340083,5,time1,TIME1,0.9711060442173757,0.9703069564848266,1.0,1
0.003968015560627474,False,522,time0,0.7950972796597462,3,time0,TIME0,0.9295338609506093,0.9806684805328294,1.0,2
0.0010918119745389233,False,522,time1,0.9426430527489935,6,time1,TIME1,0.8532223731111737,0.8860622629134618,0.0,8
0.0010744704317593352,False,522,time0,0.9325679548243578,0,time0,TIME0,0.8528679676676939,0.8975834411519238,0.0,5
0.0007985813459864527,False,522,goleiro_time1,0.9118098905423794,9,goleiro1,GOL-TIME1,0.8499649568105243,0.9095463305939548,0.0,10
0.002882182375992003,False,522,time1,0.8257635287681119,7,time1,TIME1,0.815566766688119,0.8846937543762066,0.0,7
0.00107399000294826,False,523,time1,0.9485474364431032,5,time1,TIME1,0.9759659894093285,0.9703069564848266,1.0,1
0.0027321054633617616,False,523,time0,0.8455435840801536,3,time0,TIME0,0.9454804434259957,0.9806684805328294,1.0,2
0.0010061335190310093,False,523,time1,0.9560692367537633,6,time1,TIME1,0.8569904635259478,0.8860622629134618,0.0,8
0.0007914151209172631,False,523,goleiro_time1,0.9067302739543812,9,goleiro1,GOL-TIME1,0.8486179326618892,0.9095463305939548,0.0,10
0.0020900294034370947,False,523,time0,0.8721486378664326,0,time0,TIME0,0.8333586467927857,0.8975834411519238,0.0,5
0.00257132989138653,False,523,time1,0.8323583287669913,7,time1,TIME1,0.8178919040280668,0.8846937543762066,0.0,7
0.0008335202850507835,False,524,time1,0.9543681824814151,5,time1,TIME1,0.9779559866407096,0.9703069564848266,1.0,1
0.0017870396520363544,False,524,time0,0.8935618598507428,3,time0,TIME0,0.9609590985141464,0.9806684805328294,1.0,2
0.0014256329391433159,False,524,time1,0.928996555237982,6,time1,TIME1,0.8485438064021531,0.8860622629134618,0.0,8
0.0012596990617919504,False,524,time0,0.9126818263058174,0,time0,TIME0,0.8464816255280135,0.8975834411519238,0.0,5
0.0010697994818543147,False,524,goleiro_time1,0.8772701387809301,9,goleiro1,GOL-TIME1,0.83940158484672,0.9095463305939548,0.0,10
0.002565501106964527,False,524,time1,0.8155486580357312,7,time1,TIME1,0.8131466912988794,0.8846937543762066,0.0,7
0.001299080587438173,False,525,time1,0.9244157462448794,5,time1,TIME1,0.9684598951769383,0.9705463004777579,1.0,1
0.001516116115678235,False,525,time0,0.9057485894794376,3,time0,TIME0,0.9654941300145229,0.981386599414765,1.0,2
0.0011221037740921141,False,525,time0,0.9240932511909844,0,time0,TIME0,0.846874561368885,0.8836628210437217,0.0,5
0.0011401734820082002,False,525,goleiro_time1,0.8591660273848496,9,goleiro1,GOL-TIME1,0.8352411943603468,0.9145739531274997,0.0,10
0.0020703938374361614,False,525,time1,0.8399890098913065,7,time1,TIME1,0.8197262243951664,0.8800488917684626,0.0,7
0.007754969093693336,False,525,time1,0.7078266856136919,6,time1,TIME1,0.7720738734168304,0.8862560111884514,0.0,8
0.0011636008532346397,False,526,time1,0.9279786303127442,5,time1,TIME1,0.9697029167637193,0.9705463004777579,1.0,1
0.0017898039305368442,False,526,time0,0.8974235693743353,3,time0,TIME0,0.9627566299404362,0.981386599414765,1.0,2
0.0008555617290097699,False,526,goleiro_time1,0.8852159346372014,9,goleiro1,GOL-TIME1,0.8431786351893635,0.9145739531274997,0.0,10
0.002206970906110407,False,526,time0,0.8538694510808469,0,time0,TIME0,0.8243106828012866,0.8836628210437217,0.0,5
0.004050738929796664,False,526,time1,0.861860108549618,6,time1,TIME1,0.8235487677140947,0.8862560111884514,0.0,8
0.0024416749371296647,False,526,time1,0.789722388690917,7,time1,TIME1,0.8041214037740921,0.8800488917684626,0.0,7
0.0009302978474371367,False,527,time1,0.9518685600070504,5,time1,TIME1,0.9771431180785309,0.9705463004777579,1.0,1
0.0015249546421158252,False,527,time0,0.9126632079013677,3,time0,TIME0,0.967577284425827,0.981386599414765,1.0,2
0.0006530799252275832,False,527,goleiro_time1,0.9387739595085635,9,goleiro1,GOL-TIME1,0.8592574110131117,0.9145739531274997,0.0,10
0.0013560403528249708,False,527,time1,0.9031328157621364,6,time1,TIME1,0.8389231437273482,0.8862560111884514,0.0,8
0.002123455083741242,False,527,time1,0.8292459938004397,7,time1,TIME1,0.8163972180914124,0.8800488917684626,0.0,7
0.002804604000024187,False,527,time0,0.8150743598629113,0,time0,TIME0,0.812335198231649,0.8836628210437217,0.0,5
0.0012527006458850883,False,528,time1,0.9435653148741777,5,time1,TIME1,0.9742642144454963,0.9703810830527453,1.0,1
0.002160329807828076,False,528,time0,0.8796466899061369,3,time0,TIME0,0.9568398348548536,0.9819065179816644,1.0,2
0.0017237195892986982,False,528,goleiro_time1,0.8924336157401574,9,goleiro1,GOL-TIME1,0.8456707580901954,0.9212089389885547,0.0,10
0.0030208348451801433,False,528,time1,0.8588371303040001,6,time1,TIME1,0.8254336525990986,0.8880204313677471,0.0,8
0.002113323328228739,False,528,time1,0.8305477367682321,7,time1,TIME1,0.8161001763637865,0.8760159169902453,0.0,7
0.002763202920060626,False,528,time0,0.8167874700019797,0,time0,TIME0,0.8102125487818582,0.8714941008699878,0.0,5
0.001156298421889546,False,529,time1,0.9298806770467238,5,time1,TIME1,0.9702394454906498,0.9703810830527453,1.0,1
0.0016756442394722426,False,529,time0,0.9111610318177549,3,time0,TIME0,0.9668939946122811,0.9819065179816644,1.0,2
0.0016308777767917667,False,529,goleiro_time1,0.8849701332105064,9,goleiro1,GOL-TIME1,0.8440167761311639,0.9212089389885547,0.0,10
0.0023730473211378677,False,529,time0,0.852132544698269,0,time0,TIME0,0.8208398938464866,0.8714941008699878,0.0,5
0.0030345998503407195,False,529,time1,0.8393487329189507,6,time1,TIME1,0.8172769618448796,0.8880204313677471,0.0,8
0.0025159062210922288,False,529,time1,0.80610440360429,7,time1,TIME1,0.8082528195786431,0.8760159169902453,0.0,7
0.0010034789848004971,False,530,time0,0.947649561987092,3,time0,TIME0,0.9783997262754353,0.9819065179816644,1.0,2
0.0011929839615740913,False,530,time1,0.9389821848776441,5,time1,TIME1,0.9728977249632844,0.9703810830527453,1.0,1
0.001154407876615416,False,530,goleiro_time1,0.8866629515100624,9,goleiro1,GOL-TIME1,0.8449267054303282,0.9212089389885547,0.0,10
0.0019206097926506532,False,530,time0,0.8960497078455597,0,time0,TIME0,0.8344956490236201,0.8714941008699878,0.0,5
0.002920815822354118,False,530,time1,0.855614531921749,6,time1,TIME1,0.8259557457797246,0.8880204313677471,0.0,8
0.0022551421468867644,False,530,time1,0.8309090303791388,7,time1,TIME1,0.8160180170934255,0.8760159169902453,0.0,7
0.0011110441708217043,False,531,time1,0.9500343719216614,5,time1,TIME1,0.9762602973376427,0.9696414245985728,1.0,1
0.001159142356980473,False,531,time0,0.9378811011082969,3,time0,TIME0,0.9756346346026278,0.9826599197549476,1.0,2
0.001941722901820949,False,531,time0,0.8882622572018947,0,time0,TIME0,0.8303790188413684,0.8640214832924952,0.0,5
0.0032576541050085145,False,531,time1,0.866602190074131,6,time1,TIME1,0.8292440018205296,0.8899879871757264,0.0,8
0.0025570202775804635,False,531,goleiro_time1,0.8265761969932052,9,goleiro1,GOL-TIME1,0.8270358735557057,0.9293771557043062,0.0,10
0.0021127982008146058,False,531,time1,0.8492632575642471,7,time1,TIME1,0.8214381765200645,0.8747235046703314,0.0,7
0.0010625964047891415,False,532,time0,0.9498244905854069,3,time0,TIME0,0.9791770886933614,0.9826599197549476,1.0,2
0.001263150161926836,False,532,time1,0.9300936146380836,5,time1,TIME1,0.9701406895175383,0.9696414245985728,1.0,1
0.001241218732810485,False,532,time1,0.9208861881220314,6,time1,TIME1,0.8460156482091197,0.8899879871757264,0.0,8
0.002101710349758728,False,532,time0,0.8781789579982155,0,time0,TIME0,0.8269012640973679,0.8640214832924952,0.0,5
0.0023569597202832897,False,532,time1,0.8440028426952627,7,time1,TIME1,0.8195023737368499,0.8747235046703314,0.0,7
0.00344457846800169,False,532,goleiro_time1,0.6863442539606226,9,goleiro1,GOL-TIME1,0.7842706810083917,0.9293771557043062,0.0,10
0.001122478030192294,False,533,time0,0.9607079806040844,3,time0,TIME0,0.982563088767206,0.9826599197549476,1.0,2
0.0011477726774442982,False,533,time1,0.9336887711305246,5,time1,TIME1,0.9713903476040725,0.9696414245985728,1.0,1
0.0009529144747519373,False,533,time1,0.9387233835822616,6,time1,TIME1,0.8527721150373353,0.8899879871757264,0.0,8
0.0012634823169214722,False,533,time1,0.9198543864274747,7,time1,TIME1,0.8426518110067689,0.8747235046703314,0.0,7
0.0018548747065991126,False,533,time0,0.9056844586763377,0,time0,TIME0,0.8354772459945112,0.8640214832924952,0.0,5
0.0017520473560439182,False,534,time0,0.9082532605860639,3,time0,TIME0,0.9661021041605622,0.9834104346499372,1.0,2
0.00120788093450557,False,534,time1,0.9054408134937911,5,time1,TIME1,0.9624330577774097,0.968763541432496,1.0,1
0.0012162477986861955,False,534,time1,0.9397225246012495,7,time1,TIME1,0.8492433041841453,0.8753096192035685,0.0,7
0.0014353485539082217,False,534,time0,0.9276558811764137,0,time0,TIME0,0.8412900673909207,0.8583591026753703,0.0,5
0.001772342686413474,False,534,time1,0.8986657079056203,6,time1,TIME1,0.8405485124227384,0.8925023156021209,0.0,8
0.001125178345316495,False,535,time1,0.929956658495952,5,time1,TIME1,0.9699290688503118,0.968763541432496,1.0,1
0.0020445413775929695,False,535,time0,0.8819536374948511,3,time0,TIME0,0.9583550860041353,0.9834104346499372,1.0,2
0.0012247700798014242,False,535,time1,0.9435667657368573,7,time1,TIME1,0.8507200971662313,0.8753096192035685,0.0,7
0.00177354543599164,False,535,time1,0.9032146920083349,6,time1,TIME1,0.842458724077612,0.8925023156021209,0.0,8
0.0023936078127120043,False,535,time0,0.87814479139292,0,time0,TIME0,0.8251913724741375,0.8583591026753703,0.0,5
0.0013567200313412025,False,536,time1,0.9227845202102323,5,time1,TIME1,0.9674787619841231,0.968763541432496,1.0,1
0.0019282198109930608,False,536,time0,0.8643528256967143,3,time0,TIME0,0.9532419598342298,0.9834104346499372,1.0,2
0.001568072992623502,False,536,time1,0.915271246624687,6,time1,TIME1,0.8458597753068571,0.8925023156021209,0.0,8
0.0018299432760828527,False,536,time1,0.9088574442826252,7,time1,TIME1,0.8394073780488956,0.8753096192035685,0.0,7
0.0034789989898537993,False,536,time0,0.8315458813892957,0,time0,TIME0,0.8100885205416064,0.8583591026753703,0.0,5
0.005354212101989579,False,536,goleiro_time1,0.4071031155365451,9,goleiro1,GOL-TIME1,0.6966397325229989,0.9293771557043062,0.0,10
0.001227340195362723,False,537,time1,0.9134024986326629,5,time1,TIME1,0.9647208837373272,0.9688696164418662,1.0,1
0.0022510339881098335,False,537,time0,0.862443711045203,3,time0,TIME0,0.9524074720935458,0.983769352833967,1.0,2
0.001482532096254781,False,537,time1,0.9222974955861571,6,time1,TIME1,0.8486877755843101,0.893737557326012,0.0,8
0.0009177677358864656,False,537,goleiro_time1,0.8439316375338218,9,goleiro1,GOL-TIME1,0.8326760790434007,0.9338512039818198,0.0,10
0.0026740418697604657,False,537,time1,0.8520957154149286,7,time1,TIME1,0.8211651340802627,0.8757259400070034,0.0,7
0.004173642555097711,False,537,time0,0.7992954005280013,0,time0,TIME0,0.7993089735113943,0.8551596822066727,0.0,5
0.0014325089479798184,False,538,time1,0.9053767205825934,5,time1,TIME1,0.9623783059155177,0.9688696164418662,1.0,1
0.002709175188222114,False,538,time0,0.8223531347176116,3,time0,TIME0,0.9397156580558098,0.983769352833967,1.0,2
0.0012327368211357903,False,538,time1,0.9351647999008731,6,time1,TIME1,0.8526640355447512,0.893737557326012,0.0,8
0.002090922076749496,False,538,time1,0.8812070582000681,7,time1,TIME1,0.8309735125411525,0.8757259400070034,0.0,7
0.004113907038929736,False,538,time0,0.7889531932461764,0,time0,TIME0,0.796374200074432,0.8551596822066727,0.0,5
0.0011821089970853204,False,539,time1,0.9320256887016101,5,time1,TIME1,0.9705375321870308,0.9688696164418662,1.0,1
0.0022369512224200126,False,539,time0,0.8590575397992887,3,time0,TIME0,0.9512503629445882,0.983769352833967,1.0,2
0.0009371327292296633,False,539,time1,0.9589270645228801,6,time1,TIME1,0.8597883907313781,0.893737557326012,0.0,8
0.0017155919113475112,False,539,time1,0.8774268146035314,7,time1,TIME1,0.8301034570176419,0.8757259400070034,0.0,7
0.0024832305681953245,False,539,time0,0.8639914254180912,0,time0,TIME0,0.8194948156200936,0.8551596822066727,0.0,5
0.004666448008912189,False,539,goleiro_time1,0.6994849871986522,9,goleiro1,GOL-TIME1,0.7858294690650329,0.9338512039818198,0.0,10
0.0020124943190945165,False,540,time0,0.878055248109896,3,time0,TIME0,0.9574560135474591,0.9841970160611162,1.0,2
0.0013793150128433842,False,540,time1,0.8853708696216605,5,time1,TIME1,0.956170851112112,0.9686725511541915,1.0,1
0.0011105231561119688,False,540,time1,0.9495799294783114,6,time1,TIME1,0.8573342916948646,0.8945501740184375,0.0,8
0.0024856540333761303,False,540,goleiro_time1,0.8124927482267607,9,goleiro1,GOL-TIME1,0.8236412055996741,0.9346072293336531,0.0,10
0.002148847137150031,False,540,time0,0.8709731866445426,0,time0,TIME0,0.8200127239560691,0.8441928702320223,0.0,5
0.0020843441307527547,False,540,time1,0.8271751779983784,7,time1,TIME1,0.8154659431741578,0.8793457119242627,0.0,7
0.0011821184130138096,False,541,time1,0.8799034007138669,5,time1,TIME1,0.954862173974879,0.9686725511541915,1.0,1
0.002639945818639513,False,541,time0,0.8395820943611065,3,time0,TIME0,0.9449892433943076,0.9841970160611162,1.0,2
0.00107618380605718,False,541,time1,0.9383309227347929,6,time1,TIME1,0.8539454496431059,0.8945501740184375,0.0,8
0.0020269299115300244,False,541,goleiro_time1,0.8348809247101738,9,goleiro1,GOL-TIME1,0.8319406704317969,0.9346072293336531,0.0,10
0.0015009435915521185,False,541,time1,0.8483542685120226,7,time1,TIME1,0.8225801567953712,0.8793457119242627,0.0,7
0.002413793182353456,False,541,time0,0.8700034079251008,0,time0,TIME0,0.8194080066633178,0.8441928702320223,0.0,5
0.0011300901048869002,False,542,time1,0.8982191102805135,5,time1,TIME1,0.9604305860464744,0.9686725511541915,1.0,1
0.003028201348130589,False,542,time0,0.8305015738791296,3,time0,TIME0,0.9421133781321241,0.9841970160611162,1.0,2
0.0009733318875046633,False,542,time1,0.9460265052278225,6,time1,TIME1,0.8564758296189913,0.8945501740184375,0.0,8
0.001399415097983118,False,542,time1,0.8860809835202789,7,time1,TIME1,0.8341190524568245,0.8793457119242627,0.0,7
0.002230941911920769,False,542,goleiro_time1,0.8378575284215013,9,goleiro1,GOL-TIME1,0.8327436082054231,0.9346072293336531,0.0,10
0.002683173372271852,False,542,time0,0.8565817962798637,0,time0,TIME0,0.815037073661012,0.8441928702320223,0.0,5
0.001470002201162236,False,543,time1,0.9080138537637766,5,time1,TIME1,0.9628393897652764,0.9681407575674318,1.0,1
0.0018231153209503639,False,543,time0,0.8781035667571448,3,time0,TIME0,0.9569697372450586,0.9845758985590383,1.0,2
0.0012762397095046412,False,543,time1,0.9564544203231982,6,time1,TIME1,0.8594423617747942,0.8955420079845526,0.0,8
0.0013151418886304194,False,543,goleiro_time1,0.8901162864816005,9,goleiro1,GOL-TIME1,0.8491687891453816,0.9359540819386962,0.0,10
0.002041440831393446,False,543,time1,0.8346765562171885,7,time1,TIME1,0.8185017063481083,0.8822377544397755,0.0,7
0.0040723345241302335,False,543,time0,0.805059171409439,0,time0,TIME0,0.7963283237985642,0.8379217527780147,0.0,5
0.0014157602840078605,False,544,time0,0.8974306406774392,3,time0,TIME0,0.9638076451230032,0.9845758985590383,1.0,2
0.0014010187280109852,False,544,time1,0.9017904458592888,5,time1,TIME1,0.9610478792909024,0.9681407575674318,1.0,1
0.0012880239063524667,False,544,time1,0.9610489879371444,6,time1,TIME1,0.8609914200682636,0.8955420079845526,0.0,8
0.00284690619516707,False,544,time0,0.8666599105553089,0,time0,TIME0,0.815955457164102,0.8379217527780147,0.0,5
0.0025592013096599384,False,544,goleiro_time1,0.7329122463811489,9,goleiro1,GOL-TIME1,0.8006345977825613,0.9359540819386962,0.0,10
0.003043375495692652,False,544,time1,0.7610018334208013,7,time1,TIME1,0.7952063402940668,0.8822377544397755,0.0,7
0.0011727071383743248,False,545,time1,0.9353341015706083,5,time1,TIME1,0.9713341508876362,0.9681407575674318,1.0,1
0.0012182106409744725,False,545,time0,0.919819331348283,3,time0,TIME0,0.970815217938666,0.9845758985590383,1.0,2
0.0014335622332218513,False,545,time1,0.94487832423204,6,time1,TIME1,0.8558548564822839,0.8955420079845526,0.0,8
0.002419487546279096,False,545,time0,0.8885664139089776,0,time0,TIME0,0.8235136567856091,0.8379217527780147,0.0,5
0.0034768118969467914,False,545,time1,0.7643439854379994,7,time1,TIME1,0.7963143212984347,0.8822377544397755,0.0,7
0.0014228223386038219,False,546,time0,0.9509484753331839,3,time0,TIME0,0.979074285180365,0.9849447047287223,1.0,2
0.001410671461690233,False,546,time1,0.9220231009509743,5,time1,TIME1,0.9669722801248627,0.9672556977454125,1.0,1
0.0013521666181987022,False,546,time1,0.9467492055261986,6,time1,TIME1,0.8569960575888343,0.8970471430484896,0.0,8
0.002399646994432662,False,546,time0,0.8732600872020948,0,time0,TIME0,0.8178910802701957,0.8345869799933465,0.0,5
0.002730271630116693,False,546,time1,0.830787390323673,7,time1,TIME1,0.8173363066082666,0.8851742192540184,0.0,7
0.004994602424460157,False,546,goleiro_time1,0.6192869931793348,9,goleiro1,GOL-TIME1,0.762068745171646,0.936875424598449,0.0,10
0.0012879927363822956,False,547,time0,0.9312452936042818,3,time0,TIME0,0.9740539210565812,0.9849447047287223,1.0,2
0.0014750429697758497,False,547,time1,0.8936512982364486,5,time1,TIME1,0.9581562175385899,0.9672556977454125,1.0,1
0.0014682136076655408,False,547,time1,0.9358733516765232,6,time1,TIME1,0.8535463460952888,0.8970471430484896,0.0,8
0.0020916876891418244,False,547,time1,0.8770654116826915,7,time1,TIME1,0.8320656732134886,0.8851742192540184,0.0,7
0.0028080378917380404,False,547,goleiro_time1,0.8032582801423849,9,goleiro1,GOL-TIME1,0.8207668044612041,0.936875424598449,0.0,10
0.003693493407921472,False,547,time0,0.8005856767371531,0,time0,TIME0,0.7945825586565645,0.8345869799933465,0.0,5
0.0015703095462123444,False,548,time0,0.9516380931823986,3,time0,TIME0,0.9799422444631164,0.9849447047287223,1.0,2
0.0012927316541389395,False,548,time1,0.9397895586021665,5,time1,TIME1,0.9722303397260498,0.9672556977454125,1.0,1
0.0017114503097900844,False,548,time1,0.9120852131166894,6,time1,TIME1,0.8459364588737172,0.8970471430484896,0.0,8
0.0014388141567375618,False,548,time1,0.9003134773108318,7,time1,TIME1,0.8389116468712281,0.8851742192540184,0.0,7
0.002692002482780953,False,548,goleiro_time1,0.8067056743378515,9,goleiro1,GOL-TIME1,0.8234211071196423,0.936875424598449,0.0,10
0.00530641468439715,False,548,time0,0.703652191465657,0,time0,TIME0,0.7638186506290006,0.8345869799933465,0.0,5
0.0016316847326861973,False,549,time0,0.9469734867607204,3,time0,TIME0,0.9787990678845405,0.985019695527064,1.0,2
0.0013640261424744415,False,549,time1,0.8936203162194978,5,time1,TIME1,0.9584645794523822,0.9677490345457818,1.0,1
0.0009516855337405024,False,549,time1,0.9447309025714403,7,time1,TIME1,0.8538568323069212,0.8875426410504406,0.0,7
0.002237847791978685,False,549,time1,0.8869801284652367,6,time1,TIME1,0.8382637464789617,0.8985571994689439,0.0,8
0.004870572351070425,False,549,goleiro_time1,0.6485254810561205,9,goleiro1,GOL-TIME1,0.7736176868368279,0.9399022976219021,0.0,10
0.004857658892178275,False,549,time0,0.7154676510104077,0,time0,TIME0,0.7677939154727571,0.8321424919818314,0.0,5
0.0015271477958503665,False,550,time0,0.9247125827688021,3,time0,TIME0,0.971885005741597,0.985019695527064,1.0,2
0.0015894877361926415,False,550,time1,0.8844098407568398,5,time1,TIME1,0.9556535818451881,0.9677490345457818,1.0,1
0.0012920984058907752,False,550,time1,0.9530609159231207,7,time1,TIME1,0.8562820713801165,0.8875426410504406,0.0,7
0.0024318561800676305,False,550,time1,0.8843376732176172,6,time1,TIME1,0.8374638544078127,0.8985571994689439,0.0,8
0.0031389521483949114,False,550,time0,0.8333609347151916,0,time0,TIME0,0.8035495141677541,0.8321424919818314,0.0,5
0.004233185423533379,False,550,goleiro_time1,0.6967559412919929,9,goleiro1,GOL-TIME1,0.7896141846971173,0.9399022976219021,0.0,10
0.0019265312211506646,False,551,time0,0.8958631178786135,3,time0,TIME0,0.9629248809527348,0.985019695527064,1.0,2
0.001475893217295518,False,551,time1,0.882649191159061,5,time1,TIME1,0.9552681143871752,0.9677490345457818,1.0,1
0.0015022682070553288,False,551,time1,0.9350344658619013,7,time1,TIME1,0.8508715958443783,0.8875426410504406,0.0,7
0.0023493142028081873,False,551,goleiro_time1,0.7829926103342011,9,goleiro1,GOL-TIME1,0.8164380671772169,0.9399022976219021,0.0,10
0.0028027554476265375,False,551,time0,0.8599401977069825,0,time0,TIME0,0.8132402979009082,0.8321424919818314,0.0,5
0.0017266333321353212,False,552,time0,0.8851711986946635,3,time0,TIME0,0.9600653769302699,0.9849048702722298,1.0,2
0.001730935653851443,False,552,time1,0.8495617053844583,5,time1,TIME1,0.9450718737948834,0.9680235832775739,1.0,1
0.0019915141152137003,False,552,time1,0.8670326957896749,7,time1,TIME1,0.8297294047256341,0.888140053074818,0.0,7
0.0033544587246606412,False,552,time1,0.8554454833544325,6,time1,TIME1,0.827667714763096,0.8993174410130973,0.0,8
0.0036476774480161717,False,552,time0,0.8234123231918077,0,time0,TIME0,0.800510398621817,0.8307584251136974,0.0,5
0.001513420129716558,False,553,time1,0.8930630701613527,5,time1,TIME1,0.9582420450631711,0.9680235832775739,1.0,1
0.002152076908850889,False,553,time0,0.8632606956954831,3,time0,TIME0,0.9529103672659737,0.9849048702722298,1.0,2
0.0012851005311292287,False,553,time1,0.9435377931209368,6,time1,TIME1,0.8553113644145878,0.8993174410130973,0.0,8
0.002468758177878364,False,553,time1,0.8435343435988097,7,time1,TIME1,0.8225049442174424,0.888140053074818,0.0,7
0.004545755286912031,False,553,time0,0.809485078476726,0,time0,TIME0,0.7957902939028483,0.8307584251136974,0.0,5
0.0024908364738333343,False,554,time0,0.8526651565636968,3,time0,TIME0,0.9490204872901994,0.9849048702722298,1.0,2
0.0017564901590839362,False,554,time1,0.8463534523384241,5,time1,TIME1,0.9439917483450989,0.9680235832775739,1.0,1
0.00042333067483131076,False,554,time1,0.9766769158480253,6,time1,TIME1,0.8667451517454616,0.8993174410130973,0.0,8
0.002564991131619227,False,554,time1,0.825460165021962,7,time1,TIME1,0.8171193210475143,0.888140053074818,0.0,7
0.0036638001150871924,False,554,time0,0.8562569735504346,0,time0,TIME0,0.8105556096229729,0.8307584251136974,0.0,5
0.001627979077794914,False,555,time1,0.8463138561339786,5,time1,TIME1,0.9442724108157582,0.967986838493115,1.0,1
0.0036584981897443323,False,555,time0,0.7861056763217704,3,time0,TIME0,0.9277745653871823,0.9847570841247388,1.0,2
0.0009778621396276616,False,555,time1,0.9480629195376454,6,time1,TIME1,0.8577750837999323,0.8987342516648635,0.0,8
0.0022824996400813446,False,555,time0,0.9158918559400158,0,time0,TIME0,0.8282008384641821,0.8269684072981123,0.0,5
0.009911701583922286,False,555,time1,0.6412976196331184,7,time1,TIME1,0.7492582295583455,0.8856444921478199,0.0,7
0.0019326227857378601,False,556,time1,0.8129164443874248,5,time1,TIME1,0.9338917332846431,0.967986838493115,1.0,1
0.003614920190405694,False,556,time0,0.7688043293197553,3,time0,TIME0,0.9229791132064763,0.9847570841247388,1.0,2
0.000808649733382514,False,556,time1,0.9552996292887433,6,time1,TIME1,0.860364556594154,0.8987342516648635,0.0,8
0.0023947998476129243,False,556,time0,0.9048407592200529,0,time0,TIME0,0.8256385480708428,0.8269684072981123,0.0,5
0.0037190298389004287,False,556,time1,0.8490557838514723,7,time1,TIME1,0.8185090079648805,0.8856444921478199,0.0,7
0.0015799004810965655,False,557,time0,0.9098958871737101,3,time0,TIME0,0.9659624565193221,0.9847570841247388,1.0,2
0.0015637423148928498,False,557,time1,0.855663228610438,5,time1,TIME1,0.9469738122993206,0.967986838493115,1.0,1
0.000860130456564698,False,557,time1,0.9584539005197679,6,time1,TIME1,0.8613258899849796,0.8987342516648635,0.0,8
0.0027999482021879994,False,557,time0,0.8812709982157986,0,time0,TIME0,0.8182844613385651,0.8269684072981123,0.0,5
0.007525264596014653,False,557,time1,0.5908116810383537,7,time1,TIME1,0.7341910681294893,0.8856444921478199,0.0,7
0.0017475576898195804,False,558,time0,0.9145232149492596,3,time0,TIME0,0.9687204203964326,0.9847478239476977,1.0,2
0.0021556220600416035,False,558,time1,0.8138026706119329,5,time1,TIME1,0.9336069825184813,0.9673307630487006,1.0,1
0.0015522808571111712,False,558,time1,0.9411660375606411,6,time1,TIME1,0.8542076093191705,0.8949957380562661,0.0,8
0.005198702090392008,False,558,time0,0.7728209248897518,0,time0,TIME0,0.7811538405280635,0.8226941606993501,0.0,5
0.0039036426455640377,False,558,time1,0.7036447444969509,7,time1,TIME1,0.7763536041104517,0.8894801648671493,0.0,7
0.0016171997877979182,False,559,time1,0.8635249689106558,5,time1,TIME1,0.9490475471135813,0.9673307630487006,1.0,1
0.00415277512590064,False,559,time0,0.7572040085916263,3,time0,TIME0,0.9174147668665218,0.9847478239476977,1.0,2
0.001487053040678353,False,559,time1,0.9559585088801825,6,time1,TIME1,0.8589135174714427,0.8949957380562661,0.0,8
0.0027427394017270216,False,559,time1,0.8161892057974369,7,time1,TIME1,0.8135339093289671,0.8894801648671493,0.0,7
0.006129441295948443,False,559,time0,0.727335021529337,0,time0,TIME0,0.7676199013071661,0.8226941606993501,0.0,5
0.001922264398567238,False,560,time1,0.8424720865911884,5,time1,TIME1,0.9426185992996152,0.9673307630487006,1.0,1
0.004895214377071971,False,560,time0,0.7493030407643944,3,time0,TIME0,0.9160212257336044,0.9847478239476977,1.0,2
0.0017814605520629103,False,560,time1,0.9372395668564972,6,time1,TIME1,0.8530355034254492,0.8949957380562661,0.0,8
0.0034087304048073678,False,560,time1,0.8010157999479959,7,time1,TIME1,0.8090366234634916,0.8894801648671493,0.0,7
0.0034967974757377715,False,560,time0,0.8378043258175728,0,time0,TIME0,0.801668201232679,0.8226941606993501,0.0,5
0.0016505037104060846,False,561,time1,0.8523353084421278,5,time1,TIME1,0.9458540491683003,0.9675227679580041,1.0,1
0.0019163626677567095,False,561,time0,0.8281572745006343,3,time0,TIME0,0.9408218584594856,0.9846405314557426,1.0,2
0.0017096118226953027,False,561,time1,0.9322433553433165,6,time1,TIME1,0.8501985718094404,0.8888558723202413,0.0,8
0.0024394148978341313,False,561,time1,0.866135680412338,7,time1,TIME1,0.8304935599364427,0.8945033378287575,0.0,7
0.00608358680649668,False,561,time0,0.7455100833951408,0,time0,TIME0,0.7715337288608539,0.821797544641046,0.0,5
0.0016697896965332235,False,562,time1,0.85853468352686,5,time1,TIME1,0.9478223176535105,0.9675227679580041,1.0,1
0.001709377939689956,False,562,time0,0.8215651644308531,3,time0,TIME0,0.9391790086775947,0.9846405314557426,1.0,2
0.001796071583809694,False,562,time1,0.9301629377392755,6,time1,TIME1,0.849562874739833,0.8888558723202413,0.0,8
0.0015083373682264636,False,562,time1,0.9150371762870139,7,time1,TIME1,0.8460553939132134,0.8945033378287575,0.0,7
0.0024326209266274544,False,562,time0,0.8996386144881823,0,time0,TIME0,0.8203795151022397,0.821797544641046,0.0,5
0.001829388926821684,False,563,time0,0.928579691429111,3,time0,TIME0,0.9728978831174913,0.9846405314557426,1.0,2
0.0015883989518179135,False,563,time1,0.8835973886594819,5,time1,TIME1,0.9553159204768464,0.9675227679580041,1.0,1
0.0016448672490292004,False,563,time1,0.9346651874071991,7,time1,TIME1,0.8514058600400078,0.8945033378287575,0.0,7
0.0016708681991469574,False,563,time1,0.9005884545210182,6,time1,TIME1,0.8398416099378084,0.8888558723202413,0.0,8
0.004108020676646167,False,563,time0,0.8294062465796538,0,time0,TIME0,0.7993222604189925,0.821797544641046,0.0,5
0.002034040344517189,False,564,time1,0.8214671862287797,5,time1,TIME1,0.9363495640351613,0.9687359157916253,1.0,1
0.00729255306204696,False,564,time0,0.7318935168260464,3,time0,TIME0,0.9048771371246613,0.9843781074555249,1.0,2
0.0015120060087781687,False,564,time1,0.9306127604189669,7,time1,TIME1,0.8525272024321798,0.9000657136812911,0.0,7
0.0011581393982527787,False,564,time1,0.9278121956530591,6,time1,TIME1,0.8473136285637107,0.881784714045255,0.0,8
0.004797175729642444,False,564,time0,0.8140483264373128,0,time0,TIME0,0.7955965000167834,0.8262030458180513,0.0,5
0.0014817648604265059,False,565,time0,0.9515612536608327,3,time0,TIME0,0.9753947667063566,0.9843781074555249,1.0,2
0.0018041259906851662,False,565,time1,0.8608450188263922,5,time1,TIME1,0.9485206210144462,0.9687359157916253,1.0,1
0.0018479690429993223,False,565,time1,0.9287984785002842,7,time1,TIME1,0.8516069441242675,0.9000657136812911,0.0,7
0.0006096899197715397,False,565,time1,0.9365956573714793,6,time1,TIME1,0.8502645646296417,0.881784714045255,0.0,8
0.0038495281140169244,False,565,time0,0.856730680946294,0,time0,TIME0,0.8094162513564153,0.8262030458180513,0.0,5
0.0022726261191133843,False,566,time0,0.9009891541159134,3,time0,TIME0,0.9632914792141078,0.9843781074555249,1.0,2
0.0018214018384234561,False,566,time1,0.8749751071355982,5,time1,TIME1,0.9528864102254649,0.9687359157916253,1.0,1
0.0022940509279853914,False,566,time1,0.9180277738341444,6,time1,TIME1,0.8425407376621089,0.881784714045255,0.0,8
0.002285636767704194,False,566,time1,0.8889430299308575,7,time1,TIME1,0.8390379449885098,0.9000657136812911,0.0,7
0.003227454300158954,False,566,time0,0.8793057926093926,0,time0,TIME0,0.8169318688147462,0.8262030458180513,0.0,5
0.001674181307226398,False,567,time1,0.8739119302695887,5,time1,TIME1,0.9531377745614095,0.9705570269077539,1.0,1
0.003279335416760055,False,567,time0,0.8507748523411761,3,time0,TIME0,0.9473760683594447,0.9840816238386846,1.0,2
0.002019910174497733,False,567,time1,0.8904555250209484,7,time1,TIME1,0.8412365715303826,0.9045850204333791,0.0,7
0.00292217128314031,False,567,time1,0.8484219927753737,6,time1,TIME1,0.8204938276657472,0.8799645732165333,0.0,8
0.0028062609869801596,False,567,time0,0.8851436090982342,0,time0,TIME0,0.8193303395008424,0.8290352160328416,0.0,5
0.0016288104934576038,False,568,time1,0.904691674956995,5,time1,TIME1,0.9623374373812771,0.9705570269077539,1.0,1
0.0037249032136964263,False,568,time0,0.8307572798570027,3,time0,TIME0,0.941498045754445,0.9840816238386846,1.0,2
0.0021205883123180023,False,568,time1,0.8289848377745089,7,time1,TIME1,0.8223584480600926,0.9045850204333791,0.0,7
0.02433031590984459,False,568,time0,0.5213668687825728,6,time0,TIME0,0.8123430564451986,0.9826331553576607,1.0,5
0.04081486287122231,False,568,time1,0.3055482243256574,0,time1,TIME1,0.7238346116104039,0.9870924379936623,1.0,8
0.0017746453679598666,False,569,time1,0.8704829925255706,5,time1,TIME1,0.9518974403409811,0.9705570269077539,1.0,1
0.0030846205093472308,False,569,time0,0.8576094187903819,3,time0,TIME0,0.9498799453472148,0.9840816238386846,1.0,2
0.004455473632892593,False,569,time1,0.8376431584714163,0,time1,TIME1,0.9191747872160755,0.9870924379936623,1.0,8
0.006098123701335245,False,569,time0,0.7236028479406045,6,time0,TIME0,0.8889494572994586,0.9826331553576607,1.0,5
0.0018543948189333526,False,569,time1,0.841755604323571,7,time1,TIME1,0.826748223375951,0.9045850204333791,0.0,7
0.0016263776123483088,False,570,time1,0.88408873234542,5,time1,TIME1,0.9566445431588174,0.9720063338364828,1.0,1
0.002497193848999489,False,570,time1,0.870977604917707,0,time1,TIME1,0.9509029942870197,0.9864682698211227,1.0,8
0.0027742379553337133,False,570,time0,0.856993473094363,3,time0,TIME0,0.9502637144007172,0.9838370306024442,1.0,2
0.006385051069253108,False,570,time0,0.6895535456686439,6,time0,TIME0,0.8961821232194808,0.9836858129693793,1.0,5
0.0018588384878058756,False,570,time1,0.8263213557975372,7,time1,TIME1,0.8229920966650691,0.9081761861152454,0.0,7
0.0025422779639801465,False,571,time0,0.8666588485627456,3,time0,TIME0,0.9534487514997939,0.9838370306024442,1.0,2
0.0017939110070231438,False,571,time1,0.8456073388694543,5,time1,TIME1,0.9446928806467569,0.9720063338364828,1.0,1
0.004986002110190437,False,571,time0,0.748541382177603,6,time0,TIME0,0.9146482894433823,0.9836858129693793,1.0,5
0.011673033478372806,False,571,time1,0.6088746619764107,0,time1,TIME1,0.86214907344799,0.9864682698211227,1.0,8
0.001471703129117825,False,571,time1,0.8855803097355511,7,time1,TIME1,0.8408170186216416,0.9081761861152454,0.0,7
0.002045911990447995,False,572,time0,0.8994160693239936,3,time0,TIME0,0.9635224510014634,0.9838370306024442,1.0,2
0.002618138528258531,False,572,time1,0.9088256667037464,0,time1,TIME1,0.9606262410565484,0.9864682698211227,1.0,8
0.0018985005431836385,False,572,time1,0.8497797714142652,5,time1,TIME1,0.9460364372788406,0.9720063338364828,1.0,1
0.0035715898191634155,False,572,time0,0.8364018472726682,6,time0,TIME0,0.9424169385032356,0.9836858129693793,1.0,5
0.0018519020871521664,False,572,time1,0.8908772094161043,7,time1,TIME1,0.8419955709421708,0.9081761861152454,0.0,7
0.0013084954336367398,False,573,time1,0.925311714243709,0,time1,TIME1,0.9719731587300234,0.987033863450073,1.0,8
0.002315168366318211,False,573,time0,0.8831598051536731,3,time0,TIME0,0.9584840446292443,0.9836931044541619,1.0,2
0.002031788747088577,False,573,time1,0.8418855393583511,5,time1,TIME1,0.9437401244999356,0.9724524343244346,1.0,1
0.004047684272719892,False,573,time0,0.8236606516162126,6,time0,TIME0,0.9387386496825011,0.9838608535895075,1.0,5
0.0030038827105695683,False,573,time1,0.7753593088530865,7,time1,TIME1,0.8067037377350843,0.9121508528312636,0.0,7
0.0012957698603981206,False,574,time1,0.8931246234974286,0,time1,TIME1,0.9634301788240861,0.987033863450073,1.0,8
0.0022768580919384947,False,574,time0,0.8893353930724005,3,time0,TIME0,0.960617456748272,0.9836931044541619,1.0,2
0.001974447907170624,False,574,time1,0.830427869236503,5,time1,TIME1,0.9401621928233489,0.9724524343244346,1.0,1
0.006030479671068848,False,574,time0,0.776884698738521,6,time0,TIME0,0.9220152302520391,0.9838608535895075,1.0,5
0.00337479193520228,False,574,time1,0.776276766890166,7,time1,TIME1,0.8074234263660385,0.9121508528312636,0.0,7
0.0023384614252773502,False,575,time0,0.8926838259574723,3,time0,TIME0,0.9615074813580919,0.9836931044541619,1.0,2
0.0018211661155240369,False,575,time1,0.8879307676491501,0,time1,TIME1,0.9607950565637637,0.987033863450073,1.0,8
0.0020318368007925906,False,575,time1,0.8394754404938222,5,time1,TIME1,0.9428596604147729,0.9724524343244346,1.0,1
0.005364903401758279,False,575,time0,0.8201592910415159,6,time0,TIME0,0.9366530587472435,0.9838608535895075,1.0,5
0.0028264454907891068,False,575,time1,0.8292575798842103,7,time1,TIME1,0.8238628288240712,0.9121508528312636,0.0,7
0.00037023636454745486,False,576,time1,0.9418498707517344,0,time1,TIME1,0.9779807270469184,0.9872854577517172,1.0,8
0.0026962138920840753,False,576,time0,0.8764726039364521,3,time0,TIME0,0.9559482203090315,0.9836355982089757,1.0,2
0.004376442173523674,False,576,time0,0.8583716092849423,6,time0,TIME0,0.9483330169268254,0.9820763835029989,1.0,5
0.0020660016855976716,False,576,time1,0.8410169815914739,5,time1,TIME1,0.9433215379045102,0.971790761841201,1.0,1
0.002064026938112454,False,576,time1,0.8842199409698828,7,time1,TIME1,0.9420281758708745,0.9169630509091087,1.0,7
0.001379388175690036,False,577,time1,0.9567537678264695,0,time1,TIME1,0.981401201488321,0.9872854577517172,1.0,8
0.0018748650474688688,False,577,time0,0.9143110244306113,3,time0,TIME0,0.9678109189144072,0.9836355982089757,1.0,2
0.0025053896030313625,False,577,time0,0.9147744001299479,6,time0,TIME0,0.9663979882507847,0.9820763835029989,1.0,5
0.001482302542411958,False,577,time1,0.9120205076029454,7,time1,TIME1,0.9503910656008884,0.9169630509091087,1.0,7
0.0017678865711986953,False,577,time1,0.857531935214129,5,time1,TIME1,0.9483737220898397,0.971790761841201,1.0,1
0.0014636214485184529,False,578,time0,0.9335683231797036,3,time0,TIME0,0.973620202982285,0.9836355982089757,1.0,2
0.002356372252928814,False,578,time1,0.9097562463391896,0,time1,TIME1,0.9668607533004258,0.9872854577517172,1.0,8
0.0014712466189296934,False,578,time1,0.9473759887714714,7,time1,TIME1,0.9618159029066845,0.9169630509091087,1.0,7
0.002509899724548625,False,578,time0,0.8877418042159874,6,time0,TIME0,0.9595487743426829,0.9820763835029989,1.0,5
0.002135736268446796,False,578,time1,0.8343087085210992,5,time1,TIME1,0.9410478496471143,0.971790761841201,1.0,1
0.0014787587981990639,False,579,time0,0.9456701268178597,3,time0,TIME0,0.9778152615007875,0.9835208965408153,1.0,2
0.0023787304292409456,False,579,time1,0.8979454970179445,0,time1,TIME1,0.96372356060831,0.9873286823747196,1.0,8
0.0014969107602031014,False,579,time1,0.9436513101736709,7,time1,TIME1,0.9621498077107953,0.9220235386016503,1.0,7
0.0038185746019719752,False,579,time0,0.852678339074977,6,time0,TIME0,0.9464100908269276,0.9799003290660491,1.0,5
0.0019182503990751991,False,579,time1,0.846124824764343,5,time1,TIME1,0.9448514785454396,0.9717592806800632,1.0,1
0.0017673798427252881,False,580,time0,0.9368635991638227,3,time0,TIME0,0.9751310241298671,0.9835208965408153,1.0,2
0.00270813727150704,False,580,time1,0.8799474188116094,0,time1,TIME1,0.9581083568477744,0.9873286823747196,1.0,8
0.0022844533911283217,False,580,time1,0.8913418923846179,7,time1,TIME1,0.9451206077739399,0.9220235386016503,1.0,7
0.002251127498020347,False,580,time1,0.8191440615025474,5,time1,TIME1,0.9363856507238963,0.9717592806800632,1.0,1
0.006160005616282505,False,580,time0,0.754828188456153,6,time0,TIME0,0.9142270811752687,0.9799003290660491,1.0,5
0.0012483948608389475,False,581,time0,0.9583569308578174,3,time0,TIME0,0.9817510497060107,0.9835208965408153,1.0,2
0.0017672541887830356,False,581,time1,0.9183470174777159,0,time1,TIME1,0.9700880761368307,0.9873286823747196,1.0,8
0.0019117657465308453,False,581,time1,0.8467344422916739,5,time1,TIME1,0.9449839051084074,0.9717592806800632,1.0,1
0.002103885104552544,False,581,time1,0.8868270460472437,7,time1,TIME1,0.9438274751070135,0.9220235386016503,1.0,7
0.00665635665420395,False,581,time0,0.7207259354443994,6,time0,TIME0,0.9047959600323826,0.9799003290660491,1.0,5
0.0018184690472717287,False,582,time1,0.9275114464967426,0,time1,TIME1,0.9730641649579747,0.9873976777500995,1.0,8
0.0018816049041439986,False,582,time0,0.9131501271819815,3,time0,TIME0,0.9670098117744181,0.9832182299895051,1.0,2
0.00205932438532101,False,582,time1,0.8514409135647564,5,time1,TIME1,0.9462492082861564,0.9719332465778225,1.0,1
0.0022940901069062316,False,582,time1,0.8318199057377471,7,time1,TIME1,0.9281804930487654,0.9256432686597567,1.0,7
0.005054607214537111,False,582,time0,0.7721829874350845,6,time0,TIME0,0.9204281466697652,0.9788498171351748,1.0,5
0.0014020196303864807,False,583,time1,0.9395176434665691,0,time1,TIME1,0.9769916512322158,0.9873976777500995,1.0,8
0.0027198716829858424,False,583,time0,0.8861968346290894,6,time0,TIME0,0.9562362254848606,0.9788498171351748,1.0,5
0.002005881090423207,False,583,time0,0.8725285121381241,3,time0,TIME0,0.9552260139310375,0.9832182299895051,1.0,2
0.002299692909044493,False,583,time1,0.8161162823687029,5,time1,TIME1,0.9353381414194429,0.9719332465778225,1.0,1
0.0018023859920378005,False,583,time1,0.8051601477859629,7,time1,TIME1,0.9208799450673285,0.9256432686597567,1.0,7
0.0007132331514645708,False,584,time1,0.9528664964686244,0,time1,TIME1,0.9815313490301741,0.9873976777500995,1.0,8
0.0027753767415355907,False,584,time0,0.8701161648422269,3,time0,TIME0,0.9535825143988382,0.9832182299895051,1.0,2
0.0018595097244551858,False,584,time1,0.8638813264782869,5,time1,TIME1,0.9500144224644806,0.9719332465778225,1.0,1
0.0016422121736533728,False,584,time1,0.8844073300525869,7,time1,TIME1,0.944924722153524,0.9256432686597567,1.0,7
0.004123583583002864,False,584,time0,0.83145012980623,6,time0,TIME0,0.9392928197141218,0.9788498171351748,1.0,5
0.0003039584826872308,False,585,time1,0.939604277820308,0,time1,TIME1,0.9780485129667432,0.9877470540343969,1.0,8
0.0020873691330662385,False,585,time0,0.8850219593229328,3,time0,TIME0,0.9588547908434747,0.982859783715509,1.0,2
0.0018247623508325318,False,585,time1,0.8674315834779417,5,time1,TIME1,0.9514167413247766,0.9715248985740843,1.0,1
0.001531282037831503,False,585,time1,0.881077186250928,7,time1,TIME1,0.9447848173102661,0.9278428262090281,1.0,7
0.00572041119779643,False,585,time0,0.7953543181625362,6,time0,TIME0,0.9265637438963346,0.9783243264858954,1.0,5
0.0004838795324084392,False,586,time1,0.9711256043748511,0,time1,TIME1,0.9873031596607412,0.9877470540343969,1.0,8
0.0016303694248824131,False,586,time0,0.9171391640310811,3,time0,TIME0,0.9686635702565445,0.982859783715509,1.0,2
0.001932311302494275,False,586,time1,0.8561707911064665,5,time1,TIME1,0.9478801581555553,0.9715248985740843,1.0,1
0.004930956375784461,False,586,time0,0.8414049422286547,6,time0,TIME0,0.9419598159209175,0.9783243264858954,1.0,5
0.0023570831014152168,False,586,time1,0.8387208744865903,7,time1,TIME1,0.9300940444992959,0.9278428262090281,1.0,7
0.0005617818920766276,False,587,time1,0.9697608488233387,0,time1,TIME1,0.9872906367033515,0.9877470540343969,1.0,8
0.0013142757314384764,False,587,time0,0.966283554889915,3,time0,TIME0,0.9841805588823869,0.982859783715509,1.0,2
0.0038269021790026973,False,587,time0,0.8817726647562526,6,time0,TIME0,0.9548766440473483,0.9783243264858954,1.0,5
0.0018760817585961739,False,587,time1,0.8469419631718033,5,time1,TIME1,0.9450154160679441,0.9715248985740843,1.0,1
0.0024714589259188175,False,587,time1,0.8294999173333742,7,time1,TIME1,0.9280091646566632,0.9278428262090281,1.0,7
0.0015352737421365443,False,588,time0,0.9623606799043133,3,time0,TIME0,0.9827739082695867,0.9824566364146959,1.0,2
0.0011748739924465343,False,588,time1,0.9432223904685879,0,time1,TIME1,0.9783946998620577,0.9879519386188491,1.0,8
0.0028987368770247695,False,588,time0,0.9113321879168808,6,time0,TIME0,0.9641397989902668,0.9763352101171154,1.0,5
0.0018700917128701608,False,588,time1,0.8484528615534775,5,time1,TIME1,0.9453885785210301,0.9703807122778021,1.0,1
0.0031127254324515396,False,588,time1,0.8121266340186172,7,time1,TIME1,0.9228474935384275,0.93042558894659,1.0,7
0.0013502523707597546,False,589,time0,0.9538063046185845,3,time0,TIME0,0.9803438379428608,0.9824566364146959,1.0,2
0.0015507876207276601,False,589,time1,0.9317445032095695,0,time1,TIME1,0.974835673306317,0.9879519386188491,1.0,8
0.0029901631616154915,False,589,time0,0.8851455822756547,6,time0,TIME0,0.9568458165843446,0.9763352101171154,1.0,5
0.0024014910012096617,False,589,time1,0.865908522497589,7,time1,TIME1,0.9395675233295163,0.93042558894659,1.0,7
0.002089813811143411,False,589,time1,0.8216714589216587,5,time1,TIME1,0.9369318794459307,0.9703807122778021,1.0,1
0.0015182006074334299,False,590,time1,0.93079649373644,0,time1,TIME1,0.9745865394873264,0.9879519386188491,1.0,8
0.0015040517137860584,False,590,time1,0.9052199940255411,7,time1,TIME1,0.9521608285794129,0.93042558894659,1.0,7
0.0026616779980507075,False,590,time0,0.856772348846003,3,time0,TIME0,0.9486968531120977,0.9824566364146959,1.0,2
0.0019316827080958236,False,590,time1,0.8307206031610251,5,time1,TIME1,0.9399440889724641,0.9703807122778021,1.0,1
0.0059182218893300016,False,590,time0,0.7941889606717353,6,time0,TIME0,0.9249613967555187,0.9763352101171154,1.0,5
0.0014358755212164273,False,591,time1,0.9335392772996365,0,time1,TIME1,0.9757243041693676,0.9881557888318653,1.0,8
0.0009133699561366948,False,591,time1,0.940982580776572,7,time1,TIME1,0.9631118807903533,0.9314595678339013,1.0,7
0.002223221067017753,False,591,time0,0.8852508580640394,3,time0,TIME0,0.9586816260219483,0.9817122123518773,1.0,2
0.0020548395894045115,False,591,time1,0.8203586716376108,5,time1,TIME1,0.9366128538769326,0.9698718861673774,1.0,1
0.006590798847357757,False,591,time0,0.7546024467927533,6,time0,TIME0,0.9141303442026382,0.9771155035402259,1.0,5
0.0019718744365083696,False,592,time0,0.91438327823686,3,time0,TIME0,0.9673953055998271,0.9817122123518773,1.0,2
0.002085989212511787,False,592,time1,0.9040121273669334,0,time1,TIME1,0.9658997800618975,0.9881557888318653,1.0,8
0.00130667870058364,False,592,time1,0.9436051249412304,7,time1,TIME1,0.9644628629182618,0.9314595678339013,1.0,7
0.0022969653201963926,False,592,time1,0.8004913389898003,5,time1,TIME1,0.9303615575632832,0.9698718861673774,1.0,1
0.008148533258729183,False,592,time0,0.6869297161432325,6,time0,TIME0,0.8918390988820899,0.9771155035402259,1.0,5
0.0011841106936072482,False,593,time0,0.9239865924688865,3,time0,TIME0,0.97100918996706,0.9817122123518773,1.0,2
0.0018897415651074226,False,593,time1,0.9117104497076304,0,time1,TIME1,0.9686864434343821,0.9881557888318653,1.0,8
0.0014853854472741972,False,593,time1,0.9290201835962991,7,time1,TIME1,0.9599554920496493,0.9314595678339013,1.0,7
0.003680204177722258,False,593,time0,0.8498529514141705,6,time0,TIME0,0.9425389411705397,0.9771155035402259,1.0,5
0.001703405318843101,False,593,time1,0.8393038827077405,5,time1,TIME1,0.9421677601482682,0.9698718861673774,1.0,1
0.0010849018735475462,False,594,time0,0.9378597030046365,3,time0,TIME0,0.9747274310638493,0.9810336140221276,1.0,2
0.0018820352228988613,False,594,time1,0.9129891572126998,0,time1,TIME1,0.9690571378548384,0.9881988878931451,1.0,8
0.0026961474394393355,False,594,time0,0.8990713047653068,6,time0,TIME0,0.9602407147350268,0.9748461443109877,1.0,5
0.0013030325716770587,False,594,time1,0.8850806464738001,7,time1,TIME1,0.9471775320523509,0.932817687825376,1.0,7
0.0020115858443389037,False,594,time1,0.8121662826278304,5,time1,TIME1,0.9340668113675293,0.9700246318224824,1.0,1
0.002055560394964719,False,595,time1,0.9035727869131429,0,time1,TIME1,0.9660550586542965,0.9881988878931451,1.0,8
0.002401697069345793,False,595,time0,0.9013935050230536,3,time0,TIME0,0.9622607798241539,0.9810336140221276,1.0,2
0.003202674823247278,False,595,time0,0.8819101267914672,6,time0,TIME0,0.9548478735250797,0.9748461443109877,1.0,5
0.0014790433324059385,False,595,time1,0.8973245459226631,7,time1,TIME1,0.9508806947492817,0.932817687825376,1.0,7
0.002662365469059482,False,595,time1,0.7556755315017755,5,time1,TIME1,0.9162534084218328,0.9700246318224824,1.0,1
0.002296981338097731,False,596,time1,0.8920284353950055,0,time1,TIME1,0.9624033340067896,0.9881988878931451,1.0,8
0.00254034520937141,False,596,time0,0.8964437201896863,3,time0,TIME0,0.9615938442573427,0.9810336140221276,1.0,2
0.0014115092628676454,False,596,time1,0.8622909192294947,7,time1,TIME1,0.940212427708797,0.932817687825376,1.0,7
0.005012675379248136,False,596,time0,0.8330670526680458,6,time0,TIME0,0.9377138935732637,0.9748461443109877,1.0,5
0.0025449124758339862,False,596,time1,0.7808170642825467,5,time1,TIME1,0.9237420132774883,0.9700246318224824,1.0,1
0.0019906904920435533,False,597,time0,0.9169264602845554,3,time0,TIME0,0.9680802363477685,0.9807537043437398,1.0,2
0.002263033777251343,False,597,time1,0.8901666987715443,0,time1,TIME1,0.9613655348248129,0.9882905165602067,1.0,8
0.00440413496035572,False,597,time0,0.8618144479382938,6,time0,TIME0,0.9468562275287323,0.9710804073766779,1.0,5
0.001337888390820933,False,597,time1,0.8468550954178445,7,time1,TIME1,0.9362158689942596,0.933796218869176,1.0,7
0.0021559036720637747,False,597,time1,0.8000863099109595,5,time1,TIME1,0.9296107119154048,0.9683655176358744,1.0,1
0.0015751733603077988,False,598,time0,0.933693029413237,3,time0,TIME0,0.9735372560075631,0.9807537043437398,1.0,2
0.0030811937607515415,False,598,time0,0.9037322206498165,6,time0,TIME0,0.9601172240447968,0.9710804073766779,1.0,5
0.0027514293296609835,False,598,time1,0.8629372343538921,0,time1,TIME1,0.9530001511765729,0.9882905165602067,1.0,8
0.0012072586173927783,False,598,time1,0.8573030656484778,7,time1,TIME1,0.9394249191615253,0.933796218869176,1.0,7
0.002090227462622557,False,598,time1,0.8051364606774829,5,time1,TIME1,0.931686035552808,0.9683655176358744,1.0,1
0.0019698105082751626,False,599,time0,0.9133005972309474,3,time0,TIME0,0.9671160563276288,0.9807537043437398,1.0,2
0.0021115091926731536,False,599,time0,0.9096188601372553,6,time0,TIME0,0.9629311495748543,0.9710804073766779,1.0,5
0.0029524598358216083,False,599,time1,0.8566202005631379,0,time1,TIME1,0.9511468944848172,0.9882905165602067,1.0,8
0.0015671648425550785,False,599,time1,0.8807365465781718,7,time1,TIME1,0.9456603604822725,0.933796218869176,1.0,7
0.002355597332837059,False,599,time1,0.7816390682552522,5,time1,TIME1,0.9241999037997127,0.9683655176358744,1.0,1
0.001809158750348111,False,600,time0,0.9150989571493356,3,time0,TIME0,0.9672502627051084,0.9804705638675933,1.0,2
0.0009427516574983263,False,600,time1,0.950541078972905,7,time1,TIME1,0.9670428924277823,0.9332612067611498,1.0,7
0.002891280543951956,False,600,time1,0.8650201712417819,0,time1,TIME1,0.9539103383313708,0.9883923777789232,1.0,8
0.0024260252310643656,False,600,time0,0.855491861106968,6,time0,TIME0,0.9458417032281591,0.9667299031289203,1.0,5
0.002325898412091499,False,600,time1,0.7839091383499731,5,time1,TIME1,0.9246459426322887,0.9671785516130456,1.0,1
0.0017863727445495679,False,601,time0,0.9355424498842195,3,time0,TIME0,0.9733104573862249,0.9804705638675933,1.0,2
0.0022255737503912953,False,601,time1,0.8981560652020866,0,time1,TIME1,0.9639315868714308,0.9883923777789232,1.0,8
0.0018602177589859483,False,601,time1,0.8364877502289085,5,time1,TIME1,0.9405616867368252,0.9671785516130456,1.0,1
0.004991009652481681,False,601,time0,0.8088282210519766,6,time0,TIME0,0.9280418755080598,0.9667299031289203,1.0,5
0.0019530845724064548,False,601,time1,0.8104562500635494,7,time1,TIME1,0.923255860628893,0.9332612067611498,1.0,7
0.001213375724038864,False,602,time0,0.9561984741816079,3,time0,TIME0,0.9804829510320991,0.9804705638675933,1.0,2
0.0024037936827560544,False,602,time1,0.8866860141442178,0,time1,TIME1,0.960509779248769,0.9883923777789232,1.0,8
0.001719008811098459,False,602,time1,0.8515979443950895,7,time1,TIME1,0.9370041125928954,0.9332612067611498,1.0,7
0.0028169364853056476,False,602,time1,0.7562999762336282,5,time1,TIME1,0.9153744728213892,0.9671785516130456,1.0,1
0.005642678920100894,False,602,time0,0.7588784861059868,6,time0,TIME0,0.913735055142597,0.9667299031289203,1.0,5
0.000800156890572447,False,603,time0,0.9577413707737278,3,time0,TIME0,0.9810347406568164,0.9801984389811462,1.0,2
0.0034100423575101958,False,603,time1,0.841059959606298,0,time1,TIME1,0.9456358179043938,0.9884157957689231,1.0,8
0.0011111492612419689,False,603,time1,0.8559421517634199,7,time1,TIME1,0.9385645887870165,0.9329389142964649,1.0,7
0.00477581434300141,False,603,time0,0.7775363548452233,6,time0,TIME0,0.9182060551093713,0.9601918790528303,1.0,5
0.0033466034592612623,False,603,time1,0.7102673492464489,5,time1,TIME1,0.9009017995953815,0.9657469823754861,1.0,1
0.0013033052006869931,False,604,time0,0.9397776691731977,3,time0,TIME0,0.9753492967635317,0.9801984389811462,1.0,2
0.0013451118149499681,False,604,time1,0.9276770179770393,7,time1,TIME1,0.9587330564464985,0.9329389142964649,1.0,7
0.0029108039846435234,False,604,time1,0.8619176529133943,0,time1,TIME1,0.9526309700811209,0.9884157957689231,1.0,8
0.0025468445810683444,False,604,time0,0.8780223903154771,6,time0,TIME0,0.9491469181205686,0.9601918790528303,1.0,5
0.0027742037549497757,False,604,time1,0.748640560718189,5,time1,TIME1,0.9130671242912819,0.9657469823754861,1.0,1
0.0017214390947102398,False,605,time0,0.9197629952576598,3,time0,TIME0,0.969090453411495,0.9801984389811462,1.0,2
0.003017878027176409,False,605,time1,0.8594754053828766,0,time1,TIME1,0.9520480740039334,0.9884157957689231,1.0,8
0.0026313249408478055,False,605,time0,0.85158380437874,6,time0,TIME0,0.9429734013797507,0.9601918790528303,1.0,5
0.002637150261939789,False,605,time1,0.8627964204429625,7,time1,TIME1,0.9387947350817077,0.9329389142964649,1.0,7
0.002215692220472666,False,605,time1,0.795130307452581,5,time1,TIME1,0.9275807523999718,0.9657469823754861,1.0,1
0.0017772013055139,False,606,time0,0.9187347434422432,3,time0,TIME0,0.9685030865575139,0.9797988086517249,1.0,2
0.0018028263760955308,False,606,time1,0.9029128250818277,7,time1,TIME1,0.9519168192708478,0.9330330895760874,1.0,7
0.0032079908183683405,False,606,time1,0.8582290750363859,0,time1,TIME1,0.9512920906596943,0.9884188085231882,1.0,8
0.0022102482985990263,False,606,time1,0.8044288417860582,5,time1,TIME1,0.9299048810644848,0.9636552788149051,1.0,1
0.004388365120030387,False,606,time0,0.8172007254844311,6,time0,TIME0,0.9279120829975397,0.9536311608041851,1.0,5
0.0015787543353183975,False,607,time0,0.9272060001902724,3,time0,TIME0,0.9713904424349622,0.9797988086517249,1.0,2
0.0014387228114083103,False,607,time1,0.9168898371610795,7,time1,TIME1,0.9565841833624301,0.9330330895760874,1.0,7
0.003098765614977394,False,607,time1,0.8638839459814738,0,time1,TIME1,0.9532209016440629,0.9884188085231882,1.0,8
0.003066856873221575,False,607,time0,0.8950147857487816,6,time0,TIME0,0.9532188543935234,0.9536311608041851,1.0,5
0.002270295081552461,False,607,time1,0.8008626885209049,5,time1,TIME1,0.9289918242072529,0.9636552788149051,1.0,1
0.0017779828275785033,False,608,time0,0.9224159974908358,3,time0,TIME0,0.9697278458605814,0.9797988086517249,1.0,2
0.0034111770310076756,False,608,time0,0.8974712969698088,6,time0,TIME0,0.9535259749534621,0.9536311608041851,1.0,5
0.0016860921320780437,False,608,time1,0.9041760726818839,7,time1,TIME1,0.9526796735084717,0.9330330895760874,1.0,7
0.003890468138171704,False,608,time1,0.8364843206180339,0,time1,TIME1,0.9439635003686778,0.9884188085231882,1.0,8
0.002051951605084905,False,608,time1,0.8248693760337459,5,time1,TIME1,0.9359048666815785,0.9636552788149051,1.0,1
0.0016183173611034293,False,609,time0,0.9271318331750262,3,time0,TIME0,0.9711966836451251,0.9796286097367511,1.0,2
0.002032608906928705,False,609,time0,0.9286151575521405,6,time0,TIME0,0.9626020308960318,0.9482576684490241,1.0,5
0.001460980010004575,False,609,time1,0.9198182519273789,7,time1,TIME1,0.957588594205154,0.9328981173307749,1.0,7
0.001981806834086653,False,609,time1,0.8342449778916508,5,time1,TIME1,0.9382730685182818,0.9604815151097855,1.0,1
0.004840948324836526,False,609,time1,0.8036814231941893,0,time1,TIME1,0.9331957877988198,0.9886845285353061,1.0,8
0.0015432876713424193,False,610,time0,0.9310264301330327,3,time0,TIME0,0.9726945520453393,0.9796286097367511,1.0,2
0.0026909522279526866,False,610,time0,0.9084583134404379,6,time0,TIME0,0.956364381977847,0.9482576684490241,1.0,5
0.0018968087064693494,False,610,time1,0.8458335794187314,5,time1,TIME1,0.9420630723089638,0.9604815151097855,1.0,1
0.0017556969482805187,False,610,time1,0.8471984723786058,7,time1,TIME1,0.9352468751441095,0.9328981173307749,1.0,7
0.005560196685284279,False,610,time1,0.7699702884911377,0,time1,TIME1,0.9226161156705709,0.9886845285353061,1.0,8
0.002224456610002037,False,611,time0,0.9018473183298276,3,time0,TIME0,0.9629743730525959,0.9796286097367511,1.0,2
0.004089712215416895,False,611,time1,0.8201974647664986,0,time1,TIME1,0.9385016532894407,0.9886845285353061,1.0,8
0.004547135423924608,False,611,time0,0.8501632498061988,6,time0,TIME0,0.93671290137201,0.9482576684490241,1.0,5
0.0023444560166240133,False,611,time1,0.8170103962538571,5,time1,TIME1,0.932750215815736,0.9604815151097855,1.0,1
0.0010050266604027447,False,611,time1,0.8045319231395286,7,time1,TIME1,0.9231546149151951,0.9328981173307749,1.0,7
0.001994640852846493,False,612,time0,0.9092968362904922,3,time0,TIME0,0.9656242718944096,0.979525241048627,1.0,2
0.0034293945798239485,False,612,time1,0.8456311714321334,0,time1,TIME1,0.9473786990737137,0.9891993316302541,1.0,8
0.0019796483136523017,False,612,time1,0.8576654120601561,7,time1,TIME1,0.9378767178064243,0.9322077780453777,1.0,7
0.0026489006913199293,False,612,time1,0.7974471278967333,5,time1,TIME1,0.925808962461316,0.9569163322818934,1.0,1
0.005421587724179502,False,612,time0,0.8123107217443657,6,time0,TIME0,0.9237659977641757,0.9431045176344726,1.0,5
0.0019116724530784581,False,613,time0,0.9115317769875523,3,time0,TIME0,0.9663864918553735,0.979525241048627,1.0,2
0.003981411721141026,False,613,time1,0.8256538968140655,0,time1,TIME1,0.9409309496300022,0.9891993316302541,1.0,8
0.004230572341034032,False,613,time0,0.8410076131036813,6,time0,TIME0,0.9332079946886802,0.9431045176344726,1.0,5
0.00241102273479637,False,613,time1,0.8040715829288023,5,time1,TIME1,0.9279623473447979,0.9569163322818934,1.0,1
0.005655438260807199,False,613,time1,0.7988560022113101,7,time1,TIME1,0.9148981370545922,0.9322077780453777,1.0,7
0.0020214965961045683,False,614,time0,0.9037920658437597,3,time0,TIME0,0.9640558957218855,0.979525241048627,1.0,2
0.0023635242458762066,False,614,time0,0.9165768688634658,6,time0,TIME0,0.9569165306338048,0.9431045176344726,1.0,5
0.0022758825151637635,False,614,time1,0.9111740132356383,7,time1,TIME1,0.9519896106917206,0.9322077780453777,1.0,7
0.004181871860139144,False,614,time1,0.8258637045387321,0,time1,TIME1,0.9410447076755544,0.9891993316302541,1.0,8
0.0025311972560424336,False,614,time1,0.791512252893367,5,time1,TIME1,0.9242014877849126,0.9569163322818934,1.0,1
0.002201103808600069,False,615,time0,0.8985923036306934,3,time0,TIME0,0.9620653010034145,0.9795193697523044,1.0,2
0.002418684486630937,False,615,time0,0.9128547423819134,6,time0,TIME0,0.9561903622606128,0.9384060424018532,1.0,5
0.003792082724824023,False,615,time1,0.8415266047727122,0,time1,TIME1,0.946093951213809,0.9895855915574536,1.0,8
0.002608419125476417,False,615,time1,0.7804006979881847,5,time1,TIME1,0.9201879739287557,0.9543770531076922,1.0,1
0.006244831659689489,False,615,time1,0.7017444540656393,7,time1,TIME1,0.8826809195345854,0.9344344918678351,1.0,7
0.0018930535908962321,False,616,time0,0.9368637579190369,6,time0,TIME0,0.9635179087032738,0.9384060424018532,1.0,5
0.0028809693446528424,False,616,time0,0.8733879649958207,3,time0,TIME0,0.9537620866518978,0.9795193697523044,1.0,2
0.004098144558180692,False,616,time1,0.828228119039264,0,time1,TIME1,0.9412453974586853,0.9895855915574536,1.0,8
0.0019669179783349065,False,616,time1,0.8400976496790357,7,time1,TIME1,0.9308235164427009,0.9344344918678351,1.0,7
0.0028510494201604434,False,616,time1,0.7635890087209325,5,time1,TIME1,0.9147673940057718,0.9543770531076922,1.0,1
0.0017646285517123699,False,617,time0,0.9220037166050222,6,time0,TIME0,0.959135753505948,0.9384060424018532,1.0,5
0.0027398587769837056,False,617,time0,0.8662401609035647,3,time0,TIME0,0.9518271274973681,0.9795193697523044,1.0,2
0.0008888150004164081,False,617,time1,0.8857104946987976,7,time1,TIME1,0.9477375073407331,0.9344344918678351,1.0,7
0.004342242222502151,False,617,time1,0.8269512834256071,0,time1,TIME1,0.9408252201719546,0.9895855915574536,1.0,8
0.003400427504003031,False,617,time1,0.7177374372590654,5,time1,TIME1,0.9003117077707392,0.9543770531076922,1.0,1
0.00035620046204195384,False,618,time1,0.9459986605283619,7,time1,TIME1,0.967175737822819,0.9373434316199969,1.0,7
0.0016337126206413938,False,618,time0,0.949120049484539,6,time0,TIME0,0.965485888378906,0.9308200924855763,1.0,5
0.0026646978053691626,False,618,time0,0.8624053324633816,3,time0,TIME0,0.9506930597904635,0.9792280050608206,1.0,2
0.004230151979352973,False,618,time1,0.8280884011868606,0,time1,TIME1,0.9408096401540401,0.9898011490044212,1.0,8
0.003076536014792218,False,618,time1,0.7314832075665808,5,time1,TIME1,0.9039313001464032,0.9510492999934613,1.0,1
0.0011766013282935182,False,619,time0,0.9425621124399594,6,time0,TIME0,0.964023418265501,0.9308200924855763,1.0,5
0.0014013994778549507,False,619,time1,0.9234459425090107,7,time1,TIME1,0.9593134322805784,0.9373434316199969,1.0,7
0.002727566769371842,False,619,time0,0.8564970231819743,3,time0,TIME0,0.9491576154070892,0.9792280050608206,1.0,2
0.005072413492913625,False,619,time1,0.801434164839837,0,time1,TIME1,0.9326877041158116,0.9898011490044212,1.0,8
0.0033865670408088056,False,619,time1,0.6969174677266824,5,time1,TIME1,0.8931765865460166,0.9510492999934613,1.0,1
0.0022894773842371554,False,620,time0,0.8768668880931909,3,time0,TIME0,0.9554856290136391,0.9792280050608206,1.0,2
0.002416940050591984,False,620,time1,0.8819567411052017,7,time1,TIME1,0.9459450962217104,0.9373434316199969,1.0,7
0.002012935893671941,False,620,time0,0.8796743612314482,6,time0,TIME0,0.9438869703517438,0.9308200924855763,1.0,5
0.004513527269420084,False,620,time1,0.8235887799317643,0,time1,TIME1,0.9400303307076201,0.9898011490044212,1.0,8
0.0030950654797683285,False,620,time1,0.7176988560689529,5,time1,TIME1,0.8999133708009703,0.9510492999934613,1.0,1
0.002567165237038664,False,621,time0,0.8631566765973716,3,time0,TIME0,0.9510493203063978,0.9788747685447381,1.0,2
0.0039750976376001085,False,621,time1,0.844683057599002,0,time1,TIME1,0.9468960201575136,0.9899882993922375,1.0,8
0.003359707401304459,False,621,time1,0.8407948536443549,7,time1,TIME1,0.9335018762906434,0.9398570256438543,1.0,7
0.003801926807486821,False,621,time0,0.8387914272110196,6,time0,TIME0,0.9278953298411412,0.9246112296999015,1.0,5
0.003416156433742515,False,621,time1,0.6865188301944164,5,time1,TIME1,0.8900943119753845,0.9502291167729877,1.0,1
0.0029201080042814817,False,622,time0,0.8503766319826778,3,time0,TIME0,0.9467064466619567,0.9788747685447381,1.0,2
0.001374785843011017,False,622,time0,0.8798039719786004,6,time0,TIME0,0.9420574066022901,0.9246112296999015,1.0,5
0.0047352189201835225,False,622,time1,0.8207011904408978,0,time1,TIME1,0.9388843752528069,0.9899882993922375,1.0,8
0.004035596818037277,False,622,time1,0.8068221722015129,7,time1,TIME1,0.9228439391712447,0.9398570256438543,1.0,7
0.0043071712439808445,False,622,time1,0.623032008397303,5,time1,TIME1,0.8699436060225479,0.9502291167729877,1.0,1
0.001581480517188678,False,623,time0,0.9213904150949325,6,time0,TIME0,0.9559265818901792,0.9246112296999015,1.0,5
0.002634919877407543,False,623,time0,0.8593233278905764,3,time0,TIME0,0.9491898634920072,0.9788747685447381,1.0,2
0.004954100511552783,False,623,time1,0.8164274428270087,0,time1,TIME1,0.9376770709313849,0.9899882993922375,1.0,8
0.0029640905638579663,False,623,time1,0.8480112600593365,7,time1,TIME1,0.9359419489376449,0.9398570256438543,1.0,7
0.004363122639186793,False,623,time1,0.6208678763745497,5,time1,TIME1,0.8696245835074897,0.9502291167729877,1.0,1
0.0009836297746290158,False,624,time0,0.9507559945328353,6,time0,TIME0,0.9631664584861369,0.9170490122479344,1.0,5
0.0030708933843587374,False,624,time0,0.842552068559848,3,time0,TIME0,0.9443439260660488,0.9790764206712212,1.0,2
0.002784023377844315,False,624,time1,0.8447134796236394,7,time1,TIME1,0.9363399148900543,0.942678801144454,1.0,7
0.0055661865145521655,False,624,time1,0.8003468661173251,0,time1,TIME1,0.9321089393035891,0.9899825549434289,1.0,8
0.004806592091047894,False,624,time1,0.5983038211460708,5,time1,TIME1,0.8620017234964136,0.9488738846359566,1.0,1
0.0032558241680097173,False,625,time0,0.8354405093550695,3,time0,TIME0,0.9421170744317652,0.9790764206712212,1.0,2
0.0021607746292773935,False,625,time1,0.8521499873625297,7,time1,TIME1,0.9389132588555104,0.942678801144454,1.0,7
0.005127325456197617,False,625,time1,0.8175025926459942,0,time1,TIME1,0.9377549361078066,0.9899825549434289,1.0,8
0.0024741025290139574,False,625,time0,0.8459154893675974,6,time0,TIME0,0.9289382374576932,0.9170490122479344,1.0,5
0.004484621451248878,False,625,time1,0.6256659163187317,5,time1,TIME1,0.8705017951311219,0.9488738846359566,1.0,1
0.0024371962020406997,False,626,time0,0.8933049451411404,6,time0,TIME0,0.9449562587697057,0.9170490122479344,1.0,5
0.005399521116963346,False,626,time1,0.8114410087759529,0,time1,TIME1,0.9358257191676682,0.9899825549434289,1.0,8
0.004126223506309859,False,626,time0,0.7964677684165049,3,time0,TIME0,0.9293557664932685,0.9790764206712212,1.0,2
0.003126732004880942,False,626,time1,0.7856294390945151,7,time1,TIME1,0.9178528110328,0.942678801144454,1.0,7
0.004726140666371179,False,626,time1,0.6234277352996213,5,time1,TIME1,0.8696641850526307,0.9488738846359566,1.0,1
0.0009306011052719267,False,627,time0,0.882731400018132,6,time0,TIME0,0.9405055113842027,0.910506395512178,1.0,5
0.007176241019604603,False,627,time1,0.7587292425149056,0,time1,TIME1,0.917466199286946,0.9903383968652554,1.0,8
0.004802701905604036,False,627,time1,0.6958638299628072,7,time1,TIME1,0.8894960371481994,0.9450046521271716,1.0,7
0.0056567028091803915,False,627,time1,0.5716504557705997,5,time1,TIME1,0.8523400854266939,0.9467194534369423,1.0,1
0.013699481554113935,False,627,time0,0.5479802511214296,3,time0,TIME0,0.8386295267398388,0.9792856378914905,1.0,2
0.001025023062100034,False,628,time0,0.9304119123095832,6,time0,TIME0,0.9556529868598244,0.910506395512178,1.0,5
0.00728535885976496,False,628,time1,0.7570457920618575,0,time1,TIME1,0.9177193406040864,0.9903383968652554,1.0,8
0.003863601355549193,False,628,time1,0.7523144687111485,7,time1,TIME1,0.907700136710946,0.9450046521271716,1.0,7
0.009001944530369803,False,628,time0,0.5704928058657451,3,time0,TIME0,0.853676865802912,0.9792856378914905,1.0,2
0.00626324921581436,False,628,time1,0.5404047741891747,5,time1,TIME1,0.8426929190581979,0.9467194534369423,1.0,1
0.003294320163461703,False,629,time0,0.8838947085638058,6,time0,TIME0,0.9382024883060809,0.910506395512178,1.0,5
0.0029227492263372333,False,629,time1,0.81477897053568,7,time1,TIME1,0.9272060374554657,0.9450046521271716,1.0,7
0.006805310582075525,False,629,time1,0.7728042761244347,0,time1,TIME1,0.922901965259673,0.9903383968652554,1.0,8
0.006862523928157152,False,629,time1,0.512566185200359,5,time1,TIME1,0.8337102318464639,0.9467194534369423,1.0,1
0.02107360642809876,False,629,time0,0.3909131775879342,3,time0,TIME0,0.7749090286924397,0.9792856378914905,1.0,2
0.0018954584406781858,False,630,time0,0.916830951840372,6,time0,TIME0,0.9487352519613027,0.9066433591022849,1.0,5
0.006388700553260645,False,630,time1,0.7884126923328201,0,time1,TIME1,0.928135901238824,0.9908249479642826,1.0,8
0.003819081113987256,False,630,time1,0.7795790933880765,7,time1,TIME1,0.9166634913575635,0.9475350097974533,1.0,7
0.007614242739198184,False,630,time0,0.6243097543995858,3,time0,TIME0,0.8645652484022298,0.9791567160842596,1.0,2
0.006374367994893203,False,630,time1,0.5421925134901654,5,time1,TIME1,0.8428782465074193,0.9456220717901249,1.0,1
0.002491373722902534,False,631,time0,0.9052848064541282,6,time0,TIME0,0.9450970615819484,0.9066433591022849,1.0,5
0.00825699523076719,False,631,time1,0.7412635518363586,0,time1,TIME1,0.9113037940773329,0.9908249479642826,1.0,8
0.006096240515637405,False,631,time1,0.6780347694624581,7,time1,TIME1,0.8831512942743254,0.9475350097974533,1.0,7
0.006460889338344495,False,631,time0,0.6355336799985968,3,time0,TIME0,0.8760157426127889,0.9791567160842596,1.0,2
0.008745566330717169,False,631,time1,0.43070041223956573,5,time1,TIME1,0.8060481757155614,0.9456220717901249,1.0,1
0.002339875762673866,False,632,time0,0.9103949972097646,6,time0,TIME0,0.9474633500507587,0.9066433591022849,1.0,5
0.009520936655374308,False,632,time1,0.7130697719158298,0,time1,TIME1,0.9021059538109482,0.9908249479642826,1.0,8
0.006521859964580501,False,632,time1,0.6606357956639052,7,time1,TIME1,0.8785668010764998,0.9475350097974533,1.0,7
0.007441413047091769,False,632,time0,0.6131523316898325,3,time0,TIME0,0.8711753793968733,0.9791567160842596,1.0,2
0.008960871168009291,False,632,time1,0.4321837290089001,5,time1,TIME1,0.8076080613301208,0.9456220717901249,1.0,1
0.005242250002051106,False,633,time0,0.815553644888441,6,time0,TIME0,0.9128420192664085,0.8999001609936464,1.0,5
0.01111197747862235,False,633,time1,0.6803840595286869,0,time1,TIME1,0.8905878093960978,0.990709745659822,1.0,8
0.009031168974902758,False,633,time0,0.5649315042983442,3,time0,TIME0,0.8545310935000981,0.9779595791554774,1.0,2
0.008580267649737103,False,633,time1,0.5674759835028552,7,time1,TIME1,0.8488054744181234,0.951067005142695,1.0,7
0.010138827632401813,False,633,time1,0.38632114718375105,5,time1,TIME1,0.7925390195026916,0.9466602424795789,1.0,1
0.011746377284017997,False,634,time1,0.6679821684738312,0,time1,TIME1,0.8869364987426257,0.990709745659822,1.0,8
0.008009688358266862,False,634,time0,0.7342499076325666,6,time0,TIME0,0.8860248459882571,0.8999001609936464,1.0,5
0.009283708073229313,False,634,time0,0.5612740963296047,3,time0,TIME0,0.8542190623791442,0.9779595791554774,1.0,2
0.00804547408152084,False,634,time1,0.5780929063101412,7,time1,TIME1,0.8531119629587379,0.951067005142695,1.0,7
0.01055697451391263,False,634,time1,0.3711053359150723,5,time1,TIME1,0.7880934743729092,0.9466602424795789,1.0,1
0.007749017361055658,False,635,time0,0.7359303350753769,6,time0,TIME0,0.88851441692693,0.8999001609936464,1.0,5
0.012326983781725793,False,635,time1,0.6507396310415264,0,time1,TIME1,0.8811236248610407,0.990709745659822,1.0,8
0.008339470106007513,False,635,time1,0.5684795903480013,7,time1,TIME1,0.85044208371511,0.951067005142695,1.0,7
0.009920664682011497,False,635,time0,0.5427227840546045,3,time0,TIME0,0.847851232798403,0.9779595791554774,1.0,2
0.011351277132118715,False,635,time1,0.34938058446047643,5,time1,TIME1,0.7806138426080712,0.9466602424795789,1.0,1
0.006681094787613523,False,636,time0,0.7516607302856111,6,time0,TIME0,0.8919744759320641,0.8932881448930816,1.0,5
0.013113193463509944,False,636,time1,0.6340592962812059,0,time1,TIME1,0.8753688414450674,0.9906786377430497,1.0,8
0.00787312925561709,False,636,time1,0.5942714240839834,7,time1,TIME1,0.8591153166946174,0.9534832094047165,1.0,7
0.01102514660005061,False,636,time0,0.5040113433505597,3,time0,TIME0,0.8346196798461744,0.977000414540312,1.0,2
0.01171339512641441,False,636,time1,0.3455222828914893,5,time1,TIME1,0.7801498784081485,0.9497264910352055,1.0,1
0.012043630570387553,False,637,time1,0.6576292174101033,0,time1,TIME1,0.8832030604269362,0.9906786377430497,1.0,8
0.007408352964562754,False,637,time1,0.6245751153503015,7,time1,TIME1,0.8686604775736009,0.9534832094047165,1.0,7
0.008895325049901913,False,637,time0,0.6718616640482388,6,time0,TIME0,0.865192154696348,0.8932881448930816,1.0,5
0.009476409487152332,False,637,time0,0.5626155848269385,3,time0,TIME0,0.8533497515733103,0.977000414540312,1.0,2
0.011728707374260981,False,637,time1,0.3568019735413914,5,time1,TIME1,0.7837067295888058,0.9497264910352055,1.0,1
0.0060237677374919965,False,638,time0,0.768502718743553,6,time0,TIME0,0.8963351871907488,0.8932881448930816,1.0,5
0.012306247093236938,False,638,time1,0.6475651809105095,0,time1,TIME1,0.8805723620259766,0.9906786377430497,1.0,8
0.007019522738746648,False,638,time1,0.6541748160493989,7,time1,TIME1,0.877850656155682,0.9534832094047165,1.0,7
0.009373584084720273,False,638,time0,0.5713281437870981,3,time0,TIME0,0.8568284335716484,0.977000414540312,1.0,2
0.011332845289757516,False,638,time1,0.3822782217474793,5,time1,TIME1,0.79150426965416,0.9497264910352055,1.0,1
0.007032119302942059,False,639,time0,0.7282407636131382,6,time0,TIME0,0.8828256942804911,0.8859449803971371,1.0,5
0.007313694094315534,False,639,time1,0.659940607142638,7,time1,TIME1,0.8798493498095056,0.9550053688061831,1.0,7
0.01214574166100319,False,639,time1,0.6427015844893466,0,time1,TIME1,0.8791385651853983,0.9906494446425469,1.0,8
0.009607758009788496,False,639,time0,0.5675290537457696,3,time0,TIME0,0.8552426452445396,0.9759532282642157,1.0,2
0.011300786109603996,False,639,time1,0.3853784193152922,5,time1,TIME1,0.7929021521143068,0.9526940346954279,1.0,1
0.0066282525969321455,False,640,time0,0.7291972299999342,6,time0,TIME0,0.8837058616001333,0.8859449803971371,1.0,5
0.011723372114366687,False,640,time1,0.6477530070705957,0,time1,TIME1,0.8805860668401818,0.9906494446425469,1.0,8
0.008584255674253999,False,640,time1,0.6265689009032115,7,time1,TIME1,0.8680437712603656,0.9550053688061831,1.0,7
0.00892906827427718,False,640,time0,0.5916511982563433,3,time0,TIME0,0.8628736802600262,0.9759532282642157,1.0,2
0.01100784033994559,False,640,time1,0.4001610555478896,5,time1,TIME1,0.7961263493077919,0.9526940346954279,1.0,1
0.0119208988128387,False,641,time1,0.6402554631578425,0,time1,TIME1,0.8787661393169895,0.9906494446425469,1.0,8
0.007979385952265487,False,641,time0,0.6651784147889896,6,time0,TIME0,0.8627526465612424,0.8859449803971371,1.0,5
0.009836479787574284,False,641,time1,0.5846286268180538,7,time1,TIME1,0.8542652284507284,0.9550053688061831,1.0,7
0.009779436144663587,False,641,time0,0.5633947743359831,3,time0,TIME0,0.8535349375131398,0.9759532282642157,1.0,2
0.011504701786128587,False,641,time1,0.4025289175792192,5,time1,TIME1,0.7976072391482545,0.9526940346954279,1.0,1
0.011395160986789658,False,642,time1,0.653802175879049,0,time1,TIME1,0.8826323353418307,0.9903833165715128,1.0,8
0.007043031389999471,False,642,time0,0.6878148025424836,6,time0,TIME0,0.8678041602917678,0.8750371177363396,1.0,5
0.009345264435154786,False,642,time1,0.5927344173212776,7,time1,TIME1,0.8579559098560605,0.9559134946972788,1.0,7
0.009454918658551838,False,642,time0,0.5715040307006626,3,time0,TIME0,0.8564034855371626,0.9751239244248602,1.0,2
0.011344027516556412,False,642,time1,0.4221990876560766,5,time1,TIME1,0.8044747773697674,0.956761809734839,1.0,1
0.011258918778836625,False,643,time1,0.6588669325421163,0,time1,TIME1,0.8845571376295335,0.9903833165715128,1.0,8
0.006248579415686316,False,643,time0,0.7082424777970704,6,time0,TIME0,0.8749580241533746,0.8750371177363396,1.0,5
0.008799594279013808,False,643,time1,0.5933557682596511,7,time1,TIME1,0.8585838584023613,0.9559134946972788,1.0,7
0.009645796629219846,False,643,time0,0.5619922924056052,3,time0,TIME0,0.8533788776487935,0.9751239244248602,1.0,2
0.01171956591467579,False,643,time1,0.40650444067020564,5,time1,TIME1,0.7998762557954233,0.956761809734839,1.0,1
0.01111651444094726,False,644,time1,0.664684726245347,0,time1,TIME1,0.8867955969243216,0.9903833165715128,1.0,8
0.0060305498035017335,False,644,time0,0.7050713290679675,6,time0,TIME0,0.8745529861096525,0.8750371177363396,1.0,5
0.0073998193193959005,False,644,time1,0.6273394326120215,7,time1,TIME1,0.869354196654269,0.9559134946972788,1.0,7
0.00941253096244911,False,644,time0,0.5672194300353981,3,time0,TIME0,0.855228387321523,0.9751239244248602,1.0,2
0.012468881607599876,False,644,time1,0.37990853967969224,5,time1,TIME1,0.7912354614543946,0.956761809734839,1.0,1
0.0058760125547232525,False,645,time1,0.6895692188281678,7,time1,TIME1,0.8898302916905302,0.9573707807794679,1.0,7
0.011204549692533115,False,645,time1,0.6635948424381736,0,time1,TIME1,0.8859911327759162,0.9898883208706235,1.0,8
0.0060489253667501235,False,645,time0,0.6976283795765913,6,time0,TIME0,0.8693053469935093,0.86342817058076,1.0,5
0.009461579508010909,False,645,time0,0.5634177542701851,3,time0,TIME0,0.8539122689423823,0.9742189398710182,1.0,2
0.012193066334048024,False,645,time1,0.38298561303369716,5,time1,TIME1,0.7937324141119302,0.9605719019153525,1.0,1
0.01072412434478786,False,646,time1,0.6752818690238619,0,time1,TIME1,0.8899714069863521,0.9898883208706235,1.0,8
0.006654291210763859,False,646,time0,0.6742032321257546,6,time0,TIME0,0.8615732989178079,0.86342817058076,1.0,5
0.008172840640467641,False,646,time1,0.598985063615957,7,time1,TIME1,0.8599061642767937,0.9573707807794679,1.0,7
0.009449444865456784,False,646,time0,0.5618739137173663,3,time0,TIME0,0.8528637662303381,0.9742189398710182,1.0,2
0.011986222411992356,False,646,time1,0.39574246521564704,5,time1,TIME1,0.797173430276286,0.9605719019153525,1.0,1
0.011471975914946407,False,647,time1,0.6573849123307661,0,time1,TIME1,0.8837485023140301,0.9898883208706235,1.0,8
0.006092346001031023,False,647,time0,0.7036451816911488,6,time0,TIME0,0.8709610364157118,0.86342817058076,1.0,5
0.008590263686004487,False,647,time1,0.571195658394187,7,time1,TIME1,0.8526036117246486,0.9573707807794679,1.0,7
0.009449109788277444,False,647,time0,0.5523788279983102,3,time0,TIME0,0.8503528483723276,0.9742189398710182,1.0,2
0.012735798720500374,False,647,time1,0.3658505146349845,5,time1,TIME1,0.7876749781777506,0.9605719019153525,1.0,1
0.00532553356485087,False,648,time0,0.7631357379121766,6,time0,TIME0,0.8873064022164584,0.8553908280843149,1.0,5
0.011474173397843472,False,648,time1,0.6566958347481111,0,time1,TIME1,0.8838051658307523,0.9893107997275605,1.0,8
0.008980524700034697,False,648,time0,0.5617792789895342,3,time0,TIME0,0.8534598069155795,0.9739294870732832,1.0,2
0.00948521154039566,False,648,time1,0.5261917871484914,7,time1,TIME1,0.8381996386925904,0.9585238160231849,1.0,7
0.013233768432289456,False,648,time1,0.30018246060390585,5,time1,TIME1,0.7663159424474294,0.9622767098692501,1.0,1
0.010923316039166513,False,649,time1,0.6700489174118716,0,time1,TIME1,0.8880066713206028,0.9893107997275605,1.0,8
0.006916685647575776,False,649,time1,0.652671158666172,7,time1,TIME1,0.8773582278367802,0.9585238160231849,1.0,7
0.006819163469235334,False,649,time0,0.7269192179315509,6,time0,TIME0,0.8746225555244082,0.8553908280843149,1.0,5
0.009491029068995101,False,649,time0,0.5422585701365998,3,time0,TIME0,0.8471386378508864,0.9739294870732832,1.0,2
0.01452971016043977,False,649,time1,0.28483269880729406,5,time1,TIME1,0.7554932689429961,0.9622767098692501,1.0,1
0.0071512483314386316,False,650,time1,0.6789190880518688,7,time1,TIME1,0.885910785753442,0.9585238160231849,1.0,7
0.011642165683745827,False,650,time1,0.652485048145807,0,time1,TIME1,0.881995164420721,0.9893107997275605,1.0,8
0.006950199426337281,False,650,time0,0.7197347087400916,6,time0,TIME0,0.8730978970798183,0.8553908280843149,1.0,5
0.009050385261513265,False,650,time0,0.5497263936757746,3,time0,TIME0,0.8492660752623334,0.9739294870732832,1.0,2
0.012259813361839495,False,650,time1,0.3289533159133632,5,time1,TIME1,0.7715363862394122,0.9622767098692501,1.0,1
0.010339118934061503,False,651,time1,0.6843187967913574,0,time1,TIME1,0.8921314279997399,0.9887058112486217,1.0,8
0.008310816245095191,False,651,time1,0.6687482582916319,7,time1,TIME1,0.8823061605324687,0.9603560571746925,1.0,7
0.007476078383084598,False,651,time0,0.6981133060022533,6,time0,TIME0,0.86557761248641,0.8534644090012729,1.0,5
0.008894361378324122,False,651,time0,0.5527800471295896,3,time0,TIME0,0.8507483023123343,0.9738405910104172,1.0,2
0.01220860889334086,False,651,time1,0.34953352055043313,5,time1,TIME1,0.7817867226832721,0.9647206093541105,1.0,1
0.008336765245262664,False,652,time1,0.6836070460114345,7,time1,TIME1,0.8875732231480724,0.9603560571746925,1.0,7
0.011202318442168364,False,652,time1,0.6624381912457129,0,time1,TIME1,0.8851235689417188,0.9887058112486217,1.0,8
0.006646408671640581,False,652,time0,0.7149684119136833,6,time0,TIME0,0.8710331718894736,0.8534644090012729,1.0,5
0.009055286739322675,False,652,time0,0.5414042395846586,3,time0,TIME0,0.8474545660024588,0.9738405910104172,1.0,2
0.013607234027392454,False,652,time1,0.34255025830440206,5,time1,TIME1,0.7781039150312471,0.9647206093541105,1.0,1
0.011305927423017226,False,653,time1,0.6602086760260809,0,time1,TIME1,0.8845912740442218,0.9887058112486217,1.0,8
0.009637170339974983,False,653,time1,0.6415967250432892,7,time1,TIME1,0.8728636776362338,0.9603560571746925,1.0,7
0.007085094831829169,False,653,time0,0.6948079970012099,6,time0,TIME0,0.8650585036123394,0.8534644090012729,1.0,5
0.00835434077927666,False,653,time0,0.5673835095392006,3,time0,TIME0,0.8554918314186623,0.9738405910104172,1.0,2
0.012254246058833929,False,653,time1,0.3862729738823432,5,time1,TIME1,0.7927813810860315,0.9647206093541105,1.0,1
0.01128429632955096,False,654,time1,0.6630511257695618,0,time1,TIME1,0.885168823284769,0.98810854623374,1.0,8
0.009307598989532985,False,654,time1,0.64067910394026,7,time1,TIME1,0.8735275030841282,0.9610755669672937,1.0,7
0.007506361740770867,False,654,time0,0.6134067088978161,3,time0,TIME0,0.8700136435856322,0.9735847903910662,1.0,2
0.007091593770609851,False,654,time0,0.6979117374394547,6,time0,TIME0,0.8649640450017967,0.8496987960939404,1.0,5
0.011495977657810687,False,654,time1,0.4306881153477392,5,time1,TIME1,0.8094975335043694,0.9650454453181827,1.0,1
0.009842440178537009,False,655,time1,0.7040159302097073,0,time1,TIME1,0.8980696494996424,0.98810854623374,1.0,8
0.007058560095972231,False,655,time0,0.6503807261311135,3,time0,TIME0,0.8816793650763951,0.9735847903910662,1.0,2
0.008047765940160925,False,655,time1,0.6542817760391164,7,time1,TIME1,0.8782863564980035,0.9610755669672937,1.0,7
0.007183788481548542,False,655,time0,0.7000389626365254,6,time0,TIME0,0.8655050515183637,0.8496987960939404,1.0,5
0.01166111702560988,False,655,time1,0.43503894920648584,5,time1,TIME1,0.8107954280090065,0.9650454453181827,1.0,1
0.007200565717993157,False,656,time1,0.7793838184321183,0,time1,TIME1,0.9224722079318237,0.98810854623374,1.0,8
0.00733145145315553,False,656,time0,0.656009584575014,3,time0,TIME0,0.8831259128794564,0.9735847903910662,1.0,2
0.007180699191171581,False,656,time1,0.6487110524878029,7,time1,TIME1,0.8777579734383429,0.9610755669672937,1.0,7
0.007352485988026019,False,656,time0,0.6878975420014591,6,time0,TIME0,0.8618570692413047,0.8496987960939404,1.0,5
0.011005179636658481,False,656,time1,0.4618727153870101,5,time1,TIME1,0.8192601531735326,0.9650454453181827,1.0,1
0.004422928720703907,False,657,time1,0.873231943233131,0,time1,TIME1,0.9520160752175034,0.986735434625902,1.0,8
0.005445472146739389,False,657,time1,0.68850804573217,7,time1,TIME1,0.8908875556319386,0.9619934154747152,1.0,7
0.007887102060578806,False,657,time0,0.6416763184079987,3,time0,TIME0,0.8780641864480923,0.973007110601213,1.0,2
0.00698179581901701,False,657,time0,0.6935770389162116,6,time0,TIME0,0.863662286095822,0.8488007178832901,1.0,5
0.01043662725908187,False,657,time1,0.4891081052903953,5,time1,TIME1,0.828276852959405,0.9656806315994277,1.0,1
0.00382685888737746,False,658,time1,0.894553341562394,0,time1,TIME1,0.9609906460395407,0.986735434625902,1.0,8
0.004030161121572433,False,658,time0,0.8121428565270454,6,time0,TIME0,0.9001314475035399,0.8488007178832901,1.0,5
0.007842173146074626,False,658,time0,0.6362064980335153,3,time0,TIME0,0.8767539720013655,0.973007110601213,1.0,2
0.006696229972712873,False,658,time1,0.6322001029352334,7,time1,TIME1,0.8732118021266615,0.9619934154747152,1.0,7
0.010687053726096825,False,658,time1,0.48932411761600414,5,time1,TIME1,0.8283200596766841,0.9656806315994277,1.0,1
0.004881735529554216,False,659,time1,0.8765879637889027,0,time1,TIME1,0.9544065255596021,0.986735434625902,1.0,8
0.004417968799200424,False,659,time0,0.8029371571457293,6,time0,TIME0,0.8986752518573086,0.8488007178832901,1.0,5
0.006331276809880363,False,659,time1,0.6818861416608003,7,time1,TIME1,0.8890104259527468,0.9619934154747152,1.0,7
0.008272053789689867,False,659,time0,0.6045963615038006,3,time0,TIME0,0.8654928013714016,0.973007110601213,1.0,2
0.01078160783061097,False,659,time1,0.489429432625798,5,time1,TIME1,0.8283659630333652,0.9656806315994277,1.0,1
0.01019290493315122,False,660,time1,0.7237360836385247,0,time1,TIME1,0.9005064995972596,0.9857881656002356,1.0,8
0.006319696733045533,False,660,time1,0.7067252302602088,7,time1,TIME1,0.8965613271333144,0.9613871574683164,1.0,7
0.005080260532904209,False,660,time0,0.7693615557700325,6,time0,TIME0,0.8877572659179023,0.8482358541513473,1.0,5
0.0082858837322883,False,660,time0,0.5991638444577098,3,time0,TIME0,0.8621957248075234,0.9720184375354521,1.0,2
0.010463110477904774,False,660,time1,0.49824575904543256,5,time1,TIME1,0.8314966943601849,0.967013872809005,1.0,1
0.0038950323742205136,False,661,time1,0.81988353477728,7,time1,TIME1,0.9310917013043815,0.9613871574683164,1.0,7
0.00594608091600296,False,661,time0,0.7306395780853971,6,time0,TIME0,0.8752542247588073,0.8482358541513473,1.0,5
0.007400927585001986,False,661,time0,0.6183494476579471,3,time0,TIME0,0.8702913966269575,0.9720184375354521,1.0,2
0.022457909826689222,False,661,time1,0.5685642208488816,0,time1,TIME1,0.8381904247145969,0.9857881656002356,1.0,8
0.009981551755410795,False,661,time1,0.5110874891601546,5,time1,TIME1,0.8355975986454981,0.967013872809005,1.0,1
0.0033414684231336937,False,662,time1,0.8566772639944675,7,time1,TIME1,0.943657993434151,0.9613871574683164,1.0,7
0.005825481703913315,False,662,time0,0.7282031229643091,6,time0,TIME0,0.8746913460533797,0.8482358541513473,1.0,5
0.006918392203442645,False,662,time0,0.6141399138542324,3,time0,TIME0,0.8697957312608666,0.9720184375354521,1.0,2
0.012949769309902671,False,662,time1,0.5944245197066415,0,time1,TIME1,0.8564341698688607,0.9857881656002356,1.0,8
0.009789846048868242,False,662,time1,0.5109222324943639,5,time1,TIME1,0.8357015463304823,0.967013872809005,1.0,1
0.004495690253989651,False,663,time1,0.8228640731204759,7,time1,TIME1,0.9321619751206702,0.9608440681199494,1.0,7
0.00530316911125308,False,663,time0,0.7441920948989319,6,time0,TIME0,0.8797680971493761,0.8478735358250258,1.0,5
0.006563853706893566,False,663,time0,0.6326378986124512,3,time0,TIME0,0.8758030800233623,0.9710708545459892,1.0,2
0.011551333793169619,False,663,time1,0.5148057023985472,0,time1,TIME1,0.8392541463296458,0.9864863829491404,1.0,8
0.00980622846569069,False,663,time1,0.5101341253417278,5,time1,TIME1,0.8355868796093257,0.9669705568769602,1.0,1
0.004962691301664951,False,664,time1,0.814649465264256,7,time1,TIME1,0.9294770664670179,0.9608440681199494,1.0,7
0.00421595578960503,False,664,time0,0.7892680992410374,6,time0,TIME0,0.894168790675287,0.8478735358250258,1.0,5
0.006365809673499963,False,664,time0,0.6381739022655509,3,time0,TIME0,0.8781399039652416,0.9710708545459892,1.0,2
0.009236862205559608,False,664,time1,0.5309619728724381,5,time1,TIME1,0.8422418962899024,0.9669705568769602,1.0,1
0.006536489070580822,False,665,time1,0.7565855151180882,7,time1,TIME1,0.9100795895714203,0.9608440681199494,1.0,7
0.00481127581198236,False,665,time0,0.7638073192926685,6,time0,TIME0,0.886330765249964,0.8478735358250258,1.0,5
0.006116322634752666,False,665,time0,0.6531441487924328,3,time0,TIME0,0.8829618237459885,0.9710708545459892,1.0,2
0.009540570273252105,False,665,time1,0.5212539795036427,5,time1,TIME1,0.8389326404947591,0.9669705568769602,1.0,1
0.005542831548568937,False,666,time1,0.7747441023545651,7,time1,TIME1,0.9170385640842055,0.961501515559734,1.0,7
0.004260539236939814,False,666,time0,0.7862829341576408,6,time0,TIME0,0.8923246569010195,0.845767952391483,1.0,5
0.005761875483532838,False,666,time0,0.672193630387203,3,time0,TIME0,0.8888631325381957,0.9708142082012073,1.0,2
0.008172280446837066,False,666,time1,0.5714475794870939,5,time1,TIME1,0.8546667482422726,0.9663803247591718,1.0,1
0.004532072535839406,False,667,time1,0.792290278454443,7,time1,TIME1,0.9232138370253439,0.961501515559734,1.0,7
0.0029791991246077942,False,667,time0,0.8471768928679554,6,time0,TIME0,0.9120129977469197,0.845767952391483,1.0,5
0.005413834627015684,False,667,time0,0.6905574382313453,3,time0,TIME0,0.8946748154196645,0.9708142082012073,1.0,2
0.004693230372865486,False,667,time1,0.6990016519071368,5,time1,TIME1,0.894433478508521,0.9663803247591718,1.0,1
0.004101651179824945,False,668,time1,0.7913285796419552,7,time1,TIME1,0.9237444053369536,0.961501515559734,1.0,7
0.0030315261449488434,False,668,time0,0.8505491857633092,6,time0,TIME0,0.9133420338535339,0.845767952391483,1.0,5
0.005179356361822041,False,668,time0,0.7022674164220454,3,time0,TIME0,0.8983979847733031,0.9708142082012073,1.0,2
0.00516087863033809,False,668,time1,0.6083673720278916,5,time1,TIME1,0.8687701237916828,0.9663803247591718,1.0,1
0.0025702105864160094,False,669,time1,0.8579356932193257,7,time1,TIME1,0.9445418086570804,0.9622423144526564,1.0,7
0.0036456830028414712,False,669,time0,0.8325776461169214,6,time0,TIME0,0.9076685799399112,0.8466287289150196,1.0,5
0.0048146291812732715,False,669,time0,0.7212305354525815,3,time0,TIME0,0.9042533731422678,0.9703560648658989,1.0,2
0.006480665385669324,False,669,time1,0.40044970830018145,5,time1,TIME1,0.8044809295730139,0.9655390478697783,1.0,1
0.0013392587872178322,False,670,time1,0.9253085009659537,7,time1,TIME1,0.9660787593938688,0.9622423144526564,1.0,7
0.0041923843654956125,False,670,time0,0.7536549669503386,3,time0,TIME0,0.9143077257945157,0.9703560648658989,1.0,2
0.003648813853178661,False,670,time0,0.8305398852851767,6,time0,TIME0,0.9072887367824515,0.8466287289150196,1.0,5
0.0014718374413851248,False,671,time1,0.9152286811820648,7,time1,TIME1,0.9636774999093213,0.9622423144526564,1.0,7
0.004118204165650829,False,671,time0,0.7592511473920232,3,time0,TIME0,0.916543734614642,0.9703560648658989,1.0,2
0.003972221774935569,False,671,time0,0.7974596581138338,6,time0,TIME0,0.8968988512108439,0.8466287289150196,1.0,5
0.0015592364143090479,False,672,time1,0.8398914764199601,7,time1,TIME1,0.9395211850901862,0.9631808151382046,1.0,7
0.003717479132884415,False,672,time0,0.7821312088807568,3,time0,TIME0,0.9234569983084631,0.969893338527716,1.0,2
0.004219605273612568,False,672,time0,0.779389615298281,6,time0,TIME0,0.8914420338518941,0.8466267946756856,1.0,5
0.0009761635927114607,False,673,time1,0.8342872653012544,7,time1,TIME1,0.9388273525142216,0.9631808151382046,1.0,7
0.0034439360202831626,False,673,time0,0.7989645809038382,3,time0,TIME0,0.9287793712367226,0.969893338527716,1.0,2
0.004319054362192339,False,673,time0,0.7833952131504339,6,time0,TIME0,0.8922182870028189,0.8466267946756856,1.0,5
0.001270057990107888,False,674,time1,0.8925189408350966,7,time1,TIME1,0.9571711731574423,0.9631808151382046,1.0,7
0.0036642758900485546,False,674,time0,0.7870665572488664,3,time0,TIME0,0.9250747038293841,0.969893338527716,1.0,2
0.004196589713971201,False,674,time0,0.7867036410635756,6,time0,TIME0,0.8936362684850138,0.8466267946756856,1.0,5
0.0019320993899887365,False,675,time1,0.9227266478993138,7,time1,TIME1,0.964756983514423,0.9625847181786416,1.0,7
0.003106186665375639,False,675,time0,0.8126530159192761,3,time0,TIME0,0.9328164401101672,0.9690382279188188,1.0,2
0.0039246529371243935,False,675,time0,0.7969217803227019,6,time0,TIME0,0.8967005890528726,0.8465269199376351,1.0,5
0.0020015720585051734,False,676,time1,0.912936345495751,7,time1,TIME1,0.962632536212679,0.9625847181786416,1.0,7
0.003125144717441602,False,676,time0,0.8076123741625796,3,time0,TIME0,0.931682293744446,0.9690382279188188,1.0,2
0.0037869812397060133,False,676,time0,0.8015978894186161,6,time0,TIME0,0.8982768322899398,0.8465269199376351,1.0,5
0.0014724205795770765,False,677,time1,0.8951772881176538,7,time1,TIME1,0.9574733148488478,0.9625847181786416,1.0,7
0.002677139385546223,False,677,time0,0.830902652327963,3,time0,TIME0,0.938789939577676,0.9690382279188188,1.0,2
0.003259462829110945,False,677,time0,0.8203825502976274,6,time0,TIME0,0.9043955734691386,0.8465269199376351,1.0,5
0.0008857833420155442,False,678,time1,0.8471792413726804,7,time1,TIME1,0.942663317070793,0.9605180225630359,1.0,7
0.0025706826815892264,False,678,time0,0.8248231542753808,3,time0,TIME0,0.9361913930166249,0.9679874959018047,1.0,2
0.0028179982124146023,False,678,time0,0.8408768466511434,6,time0,TIME0,0.9115005295387676,0.8485725248863265,1.0,5
0.0022296879699957592,False,679,time0,0.8475228495253558,3,time0,TIME0,0.9438888277019605,0.9679874959018047,1.0,2
0.0007398083649911058,False,679,time1,0.8281032060873609,7,time1,TIME1,0.9375410357347248,0.9605180225630359,1.0,7
0.0026568180802015243,False,679,time0,0.8473323767147684,6,time0,TIME0,0.9132160712073968,0.8485725248863265,1.0,5
0.00044548860031945226,False,680,time1,0.9676862982876157,7,time1,TIME1,0.9796538304103503,0.9605180225630359,1.0,7
0.0019014021643651946,False,680,time0,0.8694036034269788,3,time0,TIME0,0.9503233269753805,0.9679874959018047,1.0,2
0.0019865762724390894,False,680,time0,0.8713549886515037,6,time0,TIME0,0.9212092136467468,0.8485725248863265,1.0,5
0.001019088213196199,False,681,time1,0.9318520364872875,7,time1,TIME1,0.9679562089160411,0.9601223482522041,1.0,7
0.001695169628286946,False,681,time0,0.882507054347964,3,time0,TIME0,0.9548510562669402,0.9671266487512574,1.0,2
0.001676450004846979,False,681,time0,0.8749469856849645,6,time0,TIME0,0.922739183628778,0.8481323585768719,1.0,5
0.0010137762225504712,False,682,time1,0.9403844905912404,7,time1,TIME1,0.9709346854216335,0.9601223482522041,1.0,7
0.0011877161283861061,False,682,time0,0.9166899995151039,3,time0,TIME0,0.9653567648985009,0.9671266487512574,1.0,2
0.0013346486620462706,False,682,time0,0.8926855191975083,6,time0,TIME0,0.928300175776434,0.8481323585768719,1.0,5
0.0010144321989018854,False,683,time0,0.9090827400852707,3,time0,TIME0,0.9626249671863313,0.9671266487512574,1.0,2
0.0032325295938436943,False,683,time1,0.8497052434394103,7,time1,TIME1,0.9404466812319228,0.9601223482522041,1.0,7
0.001339282705840776,False,683,time0,0.9176395869737104,6,time0,TIME0,0.9353640155380522,0.8481323585768719,1.0,5
0.0010847859602209722,False,684,time0,0.9031143353749785,3,time0,TIME0,0.9612394092994034,0.9662213152202819,1.0,2
0.0012455330679526102,False,684,time0,0.9270567917417805,6,time0,TIME0,0.939143349185766,0.849688034162734,1.0,5
0.004370229392385813,False,684,time1,0.8257054199103224,7,time1,TIME1,0.9328247566881191,0.9595345993321761,1.0,7
0.0007846055106109689,False,685,time0,0.9411098170593405,3,time0,TIME0,0.9729375015091283,0.9662213152202819,1.0,2
0.0040281350735113085,False,685,time1,0.8528921968647847,7,time1,TIME1,0.9417043831800445,0.9595345993321761,1.0,7
0.0010671177821289658,False,685,time0,0.9335236399760867,6,time0,TIME0,0.9412608759026987,0.849688034162734,1.0,5
0.0008336398781655026,False,686,time0,0.9523356490108722,3,time0,TIME0,0.9764045218536483,0.9662213152202819,1.0,2
0.0029072802628073015,False,686,time1,0.8935527745739993,7,time1,TIME1,0.9545225079519577,0.9595345993321761,1.0,7
0.0013448542297798038,False,686,time0,0.9155688301485834,6,time0,TIME0,0.9354816289202481,0.849688034162734,1.0,5
0.0008193173851009281,False,687,time0,0.9689052880074999,3,time0,TIME0,0.9809260708370061,0.9651950386013293,1.0,2
0.0015878856213716575,False,687,time1,0.9226070745658462,7,time1,TIME1,0.964254937114324,0.9593467824798707,1.0,7
0.0015854295792428602,False,687,time0,0.8942059389838535,6,time0,TIME0,0.9290402021688294,0.849557593551449,1.0,5
0.001141819321370674,False,688,time0,0.9460810680177778,3,time0,TIME0,0.9738175818451396,0.9651950386013293,1.0,2
0.0011559146416318137,False,688,time1,0.8867860821091661,7,time1,TIME1,0.9542794003122712,0.9593467824798707,1.0,7
0.0012547807002486963,False,688,time0,0.9095400106534752,6,time0,TIME0,0.9338852452142868,0.849557593551449,1.0,5
0.0008417764308998636,False,689,time0,0.9464656565460798,3,time0,TIME0,0.9741808290376305,0.9651950386013293,1.0,2
0.0016373223845827756,False,689,time1,0.8684651310502118,7,time1,TIME1,0.9485373243448452,0.9593467824798707,1.0,7
0.0008481161106142026,False,689,time0,0.9439341036233979,6,time0,TIME0,0.9445065438329115,0.849557593551449,1.0,5
0.0005333697066621943,False,690,time0,0.9536644208476972,3,time0,TIME0,0.9764158370229105,0.9643843807298431,1.0,2
0.0009454031613150718,False,690,time0,0.9427097195476285,6,time0,TIME0,0.9442746580294301,0.8495593603559732,1.0,5
0.0021339630434770605,False,690,time1,0.8169659707062367,7,time1,TIME1,0.9320343498437037,0.9575113899272973,1.0,7
0.0006895588015161502,False,691,time0,0.9285382377013599,3,time0,TIME0,0.9687619654367258,0.9643843807298431,1.0,2
0.0031374520935804253,False,691,time1,0.8267365211257901,7,time1,TIME1,0.9338063747796302,0.9575113899272973,1.0,7
0.0013690971069966584,False,691,time0,0.9084112440155176,6,time0,TIME0,0.9333793179015152,0.8495593603559732,1.0,5
0.0007522906392958893,False,692,time0,0.9347712106854392,3,time0,TIME0,0.9705640427781851,0.9643843807298431,1.0,2
0.0007795257795346415,False,692,time0,0.9470852967874034,6,time0,TIME0,0.9451961525247902,0.8495593603559732,1.0,5
0.0038746939686838465,False,692,time1,0.7900826979292711,7,time1,TIME1,0.9222675325543311,0.9575113899272973,1.0,7
0.0009165813288968267,False,693,time0,0.9393854010724333,3,time0,TIME0,0.9720185436686969,0.9653350063552908,1.0,2
0.001095601939870357,False,693,time0,0.956719102984386,6,time0,TIME0,0.9493759022758003,0.854817385143809,1.0,5
0.0031236035355831403,False,693,time1,0.8224042950971566,7,time1,TIME1,0.9318942908870013,0.9542534417753014,1.0,7
0.0010595878532932482,False,694,time0,0.9624905936156707,3,time0,TIME0,0.9784852673708916,0.9653350063552908,1.0,2
0.0007525267951115609,False,694,time0,0.9684061377937596,6,time0,TIME0,0.9532451606797064,0.854817385143809,1.0,5
0.003952688160712071,False,694,time1,0.7946295099534447,7,time1,TIME1,0.9227932523734669,0.9542534417753014,1.0,7
0.00041411816286619855,False,695,time0,0.9708347450909884,6,time0,TIME0,0.9543436642597917,0.854817385143809,1.0,5
0.0013998302646691474,False,695,time0,0.8805780746177423,3,time0,TIME0,0.9539804897246021,0.9653350063552908,1.0,2
0.0039547765487135365,False,695,time1,0.8221467578337225,7,time1,TIME1,0.9315322545284722,0.9542534417753014,1.0,7
0.0012009379318790123,False,696,time0,0.8765541242078086,3,time0,TIME0,0.9532995592657695,0.966254308683548,1.0,2
0.003555416933807119,False,696,time1,0.8614354642400736,7,time1,TIME1,0.9428220084047237,0.9518031077773499,1.0,7
0.0010309515254891466,False,696,time0,0.9319139643259402,6,time0,TIME0,0.9424829592683405,0.8583384811717013,1.0,5
0.0013748054324714371,False,697,time0,0.8970995069661306,3,time0,TIME0,0.9591697243420617,0.966254308683548,1.0,2
0.0024514616583890233,False,697,time1,0.9087693793030203,7,time1,TIME1,0.9575486282971569,0.9518031077773499,1.0,7
0.0009633495963282934,False,697,time0,0.9417175432634617,6,time0,TIME0,0.946150142580973,0.8583384811717013,1.0,5
0.0018043405006882192,False,698,time1,0.9305042940323915,7,time1,TIME1,0.9649703025476363,0.9518031077773499,1.0,7
0.0014696386597393026,False,698,time0,0.8870369047421807,3,time0,TIME0,0.9562625014488687,0.966254308683548,1.0,2
0.0012939100521779095,False,698,time0,0.9234488203821382,6,time0,TIME0,0.9401946234704105,0.8583384811717013,1.0,5
0.0010163968810842348,False,699,time0,0.9212537509781568,3,time0,TIME0,0.9668466209961107,0.966907039220839,1.0,2
0.0019264251566688323,False,699,time1,0.8927785621554684,7,time1,TIME1,0.9525953494601832,0.9495039772263968,1.0,7
0.0017006800028053254,False,699,time0,0.8962511065950876,6,time0,TIME0,0.931904202242149,0.8599329997479002,1.0,5
0.001485721823202294,False,700,time0,0.9027959769731206,3,time0,TIME0,0.9605345385240843,0.966907039220839,1.0,2
0.0018272633080225133,False,700,time1,0.8693838238790729,7,time1,TIME1,0.9460238249771407,0.9495039772263968,1.0,7
0.0010773408829707204,False,700,time0,0.9290538378136141,6,time0,TIME0,0.9422792566942798,0.8599329997479002,1.0,5
0.0026866371352071198,False,701,time0,0.8872629016468864,3,time0,TIME0,0.9545316303843571,0.966907039220839,1.0,2
0.0005018512389078933,False,701,time0,0.9652470089811048,6,time0,TIME0,0.9537029033273424,0.8599329997479002,1.0,5
0.0023259131312440796,False,701,time1,0.8283105210825379,7,time1,TIME1,0.9333168013381216,0.9495039772263968,1.0,7
0.0002937699610311349,False,702,time0,0.9735342797277277,6,time0,TIME0,0.9573954249589031,0.8632199481175575,1.0,5
0.003763953991325833,False,702,time0,0.8631580473342653,3,time0,TIME0,0.9465086709607956,0.9672738992068547,1.0,2
0.003945099138807903,False,702,time1,0.7955897239533517,7,time1,TIME1,0.921094146740938,0.9484971500164623,1.0,7
0.00030074697464077,False,703,time0,0.9800411334207793,6,time0,TIME0,0.9592726865748001,0.8632199481175575,1.0,5
0.005321831265060544,False,703,time0,0.8171446650882126,3,time0,TIME0,0.9310312544749828,0.9672738992068547,1.0,2
0.0046453862003178,False,703,time1,0.743469252189747,7,time1,TIME1,0.9054027729077642,0.9484971500164623,1.0,7
0.0007416917130325401,False,704,time0,0.9522903377268073,6,time0,TIME0,0.9504798179970076,0.8632199481175575,1.0,5
0.005825703357034532,False,704,time0,0.8073415326542082,3,time0,TIME0,0.9283156620559883,0.9672738992068547,1.0,2
0.0033437825769607743,False,704,time1,0.8114393866668478,7,time1,TIME1,0.9266155080620085,0.9484971500164623,1.0,7
0.0009719858426469604,False,705,time0,0.9320422563080657,6,time0,TIME0,0.94476218971385,0.8650233412398942,1.0,5
0.0025664108804688973,False,705,time1,0.852322209830776,7,time1,TIME1,0.9395948088073397,0.9470485807627034,1.0,7
0.005638304301370626,False,705,time0,0.7987229534040543,3,time0,TIME0,0.9261430007193936,0.9677878567824281,1.0,2
0.0005918197862477994,False,706,time0,0.9325417227756789,6,time0,TIME0,0.9452122488903344,0.8650233412398942,1.0,5
0.005085546007429479,False,706,time0,0.8177711773370313,3,time0,TIME0,0.9322135779519347,0.9677878567824281,1.0,2
0.003934500916033464,False,706,time1,0.806392134596735,7,time1,TIME1,0.924159021568892,0.9470485807627034,1.0,7
0.0019993637527017986,False,707,time0,0.9174267081897048,3,time0,TIME0,0.9631970100592357,0.9677878567824281,1.0,2
0.001355000163299572,False,707,time0,0.8861416198579523,6,time0,TIME0,0.9303180274270563,0.8650233412398942,1.0,5
0.00495639496769038,False,707,time1,0.7864073326757723,7,time1,TIME1,0.917431116899329,0.9470485807627034,1.0,7
0.0012912433962923308,False,708,time0,0.9438840057223629,3,time0,TIME0,0.9736363046053751,0.9685115317705884,1.0,2
0.0038708488065302346,False,708,time1,0.8430177728251834,7,time1,TIME1,0.9349330496116122,0.9451497202680056,1.0,7
0.0014669553365780073,False,708,time0,0.8741322029724843,6,time0,TIME0,0.9275122072794667,0.866828547456284,1.0,5
0.002183997555803648,False,709,time0,0.9226180189344143,3,time0,TIME0,0.9662772633824643,0.9685115317705884,1.0,2
0.0023933277158967163,False,709,time1,0.8943358727543217,7,time1,TIME1,0.9512313545004496,0.9451497202680056,1.0,7
0.0008914162318333463,False,709,time0,0.8879852277757015,6,time0,TIME0,0.9318260945961166,0.866828547456284,1.0,5
0.0030130994975826725,False,710,time0,0.9000314114121438,3,time0,TIME0,0.9587452828195194,0.9685115317705884,1.0,2
0.001884835325219235,False,710,time1,0.8858887557923784,7,time1,TIME1,0.9498497343228124,0.9451497202680056,1.0,7
0.0008980789753010215,False,710,time0,0.9232285953436306,6,time0,TIME0,0.9427023341066748,0.866828547456284,1.0,5
0.00046867280789838486,False,711,time0,0.9788522091180983,6,time0,TIME0,0.9607388454620472,0.8728912357344395,1.0,5
0.0028242484408082936,False,711,time0,0.8971061930895908,3,time0,TIME0,0.958432670630534,0.969782373355375,1.0,2
0.002518167126220267,False,711,time1,0.8254156120029191,7,time1,TIME1,0.9307304076177031,0.9433339713797622,1.0,7
0.0006041646637569847,False,712,time0,0.9705081600167743,6,time0,TIME0,0.9585690184922111,0.8728912357344395,1.0,5
0.0037228472944138883,False,712,time0,0.865817648437408,3,time0,TIME0,0.9480944830399601,0.969782373355375,1.0,2
0.003572667564173708,False,712,time1,0.7978961049083823,7,time1,TIME1,0.9208793162147614,0.9433339713797622,1.0,7
0.0005556982823255696,False,713,time0,0.9621734981008002,6,time0,TIME0,0.9563192061938695,0.8728912357344395,1.0,5
0.0053995583477610505,False,713,time0,0.7916434620505448,3,time0,TIME0,0.923873187467289,0.969782373355375,1.0,2
0.005012420391575486,False,713,time1,0.7010351805028677,7,time1,TIME1,0.8905421809405446,0.9433339713797622,1.0,7
9.461979955544358e-05,False,714,time0,0.9499367892267632,6,time0,TIME0,0.95456181005618,0.8804179488736857,1.0,5
0.003617191918440042,False,714,time1,0.7630747702760695,7,time1,TIME1,0.9105595542679924,0.9435473957859559,1.0,7
0.0020918638860565417,False,714,time0,0.6660672124815488,3,time0,TIME0,0.8883787608244039,0.9709505054510812,1.0,2
0.0008811957826036376,False,715,time0,0.9029046330431291,6,time0,TIME0,0.9396367224678802,0.8804179488736857,1.0,5
0.0034251162849598337,False,715,time1,0.7964843759106198,7,time1,TIME1,0.9214735943774938,0.9435473957859559,1.0,7
0.00426094834279831,False,715,time0,0.7438860000405998,3,time0,TIME0,0.9105360732673828,0.9709505054510812,1.0,2
0.0003137879003119801,False,716,time0,0.9253489546147068,6,time0,TIME0,0.946964071798642,0.8804179488736857,1.0,5
0.0026504137336219864,False,716,time0,0.8366446487979509,3,time0,TIME0,0.9402136017378379,0.9709505054510812,1.0,2
0.004276287431452528,False,716,time1,0.772988823244228,7,time1,TIME1,0.9132587154646289,0.9435473957859559,1.0,7
0.0012841020097931212,False,717,time0,0.8771934311834905,6,time0,TIME0,0.9331900873120766,0.8879015137122033,1.0,5
0.0033768684180068057,False,717,time0,0.8085479411812637,3,time0,TIME0,0.9319781268875725,0.9732227000924389,1.0,2
0.004375782409155052,False,717,time1,0.8296135002981706,7,time1,TIME1,0.9306595282670788,0.9433231759230141,1.0,7
0.002962711942052272,False,718,time1,0.8955705077533045,7,time1,TIME1,0.9508073550330464,0.9433231759230141,1.0,7
0.0035518709167838996,False,718,time0,0.8188070009940231,3,time0,TIME0,0.9355805070634918,0.9732227000924389,1.0,2
0.004243155051909367,False,718,time0,0.7679801576550013,6,time0,TIME0,0.8964627343825011,0.8879015137122033,1.0,5
0.002050559562875387,False,719,time1,0.9244700641188371,7,time1,TIME1,0.9605802200894852,0.9433231759230141,1.0,7
0.005509413011382953,False,719,time0,0.8633507580658232,6,time0,TIME0,0.9211864950031813,0.8879015137122033,1.0,5
0.008424677548632842,False,719,time0,0.6687539100428724,3,time0,TIME0,0.8828589904441548,0.9732227000924389,1.0,2
0.00216188679112975,False,720,time1,0.9102226496383022,7,time1,TIME1,0.9568993942910694,0.9438671022531968,1.0,7
0.0013544196226051347,False,720,time0,0.8528031960528627,3,time0,TIME0,0.9433160610006182,0.9754379558548049,1.0,2
0.014756928852997305,False,720,time0,0.6430844330010965,6,time0,TIME0,0.8398840768561358,0.8966103628916176,1.0,5
0.00156834259121967,False,721,time1,0.8919182630787703,7,time1,TIME1,0.951691695780725,0.9438671022531968,1.0,7
0.0030208129829093983,False,721,time0,0.858694530697746,3,time0,TIME0,0.947122077801134,0.9754379558548049,1.0,2
0.00920796850904347,False,721,time0,0.5497742932417057,6,time0,TIME0,0.8252678482177707,0.8966103628916176,1.0,5
0.0025151423403649096,False,722,time1,0.8427748801294808,7,time1,TIME1,0.9358288926211572,0.9438671022531968,1.0,7
0.004649974246760491,False,722,time0,0.7826581383345781,3,time0,TIME0,0.9231572237892742,0.9754379558548049,1.0,2
0.0026549693113457487,False,722,time0,0.8244983702489629,6,time0,TIME0,0.9119740539024332,0.8966103628916176,1.0,5
0.0024383284944987913,False,723,time1,0.8166971726457607,7,time1,TIME1,0.9279238349059616,0.9426237174940286,1.0,7
0.006386606537347898,False,723,time0,0.6822662569707364,3,time0,TIME0,0.8916395877889601,0.9758372107422175,1.0,2
0.011712184692572764,False,723,time0,0.6672046124583121,6,time0,TIME0,0.8581207053456609,0.9008552236532117,1.0,5
0.0026205864532075963,False,724,time0,0.9020656589995212,6,time0,TIME0,0.9372078881434097,0.9008552236532117,1.0,5
0.0032245940224794995,False,724,time0,0.8086731809804998,3,time0,TIME0,0.931465779263427,0.9758372107422175,1.0,2
0.002167285689713142,False,724,time1,0.8209098634419599,7,time1,TIME1,0.9297362964418848,0.9426237174940286,1.0,7
0.0009542193925656644,False,725,time0,0.9368857370483419,6,time0,TIME0,0.9540979892726308,0.9008552236532117,1.0,5
0.0024353413723573907,False,725,time0,0.8484144270250195,3,time0,TIME0,0.9455819447478587,0.9758372107422175,1.0,2
0.002653568610811183,False,725,time1,0.8315520134052437,7,time1,TIME1,0.9323559920951007,0.9426237174940286,1.0,7
0.0004967892032833817,False,726,time0,0.9718179235500645,6,time0,TIME0,0.9672604930382512,0.9060055889548095,1.0,5
0.0013023673958552815,False,726,time0,0.884042236156657,3,time0,TIME0,0.957319026614433,0.9762769906755968,1.0,2
0.0016656101065746507,False,726,time1,0.8838775238005194,7,time1,TIME1,0.9482405785748415,0.9410741631844075,1.0,7
0.0003468246053633667,False,727,time0,0.9733702179079331,6,time0,TIME0,0.9680171261997196,0.9060055889548095,1.0,5
0.002881478670623764,False,727,time0,0.817568960828364,3,time0,TIME0,0.9355869239237175,0.9762769906755968,1.0,2
0.0034466556001805943,False,727,time1,0.8170141197306774,7,time1,TIME1,0.9260187002301744,0.9410741631844075,1.0,7
0.0007714233189551552,False,728,time0,0.9452208539295095,6,time0,TIME0,0.9590383886813704,0.9060055889548095,1.0,5
0.004594666598021826,False,728,time0,0.8206080663449472,3,time0,TIME0,0.9348916124981256,0.9762769906755968,1.0,2
0.004098881381642238,False,728,time1,0.8128805603292695,7,time1,TIME1,0.9249495240587843,0.9410741631844075,1.0,7
0.001457268943660137,False,729,time0,0.9232339992182182,6,time0,TIME0,0.9520497030937576,0.9089059461780704,1.0,5
0.002473598181579938,False,729,time1,0.898776308224591,7,time1,TIME1,0.9512093109812537,0.9399064098328482,1.0,7
0.004583976597001883,False,729,time0,0.8290538456024779,3,time0,TIME0,0.9379573924776528,0.9764274450096929,1.0,2
0.0011967514152604014,False,730,time1,0.9485108881705607,7,time1,TIME1,0.9673963829888083,0.9399064098328482,1.0,7
0.002744184909093708,False,730,time0,0.8895484417017878,3,time0,TIME0,0.957157628171821,0.9764274450096929,1.0,2
0.001714286777075658,False,730,time0,0.8830873193986755,6,time0,TIME0,0.9395786027412032,0.9089059461780704,1.0,5
0.0012169470666628472,False,731,time1,0.9591455184258306,7,time1,TIME1,0.9710700932735783,0.9399064098328482,1.0,7
0.0027818209164103473,False,731,time0,0.8907360801910811,3,time0,TIME0,0.9584209242561924,0.9764274450096929,1.0,2
0.002687121135577277,False,731,time0,0.8340736147719068,6,time0,TIME0,0.9243411655383149,0.9089059461780704,1.0,5
0.000910481430671773,False,732,time1,0.9246539399873138,7,time1,TIME1,0.960622167035096,0.9381573780910808,1.0,7
0.002278024368322398,False,732,time0,0.8592079642023003,3,time0,TIME0,0.9492299374262833,0.9755355487036896,1.0,2
0.002633380643672217,False,732,time0,0.8680800619597784,6,time0,TIME0,0.8323362549138928,0.9113473012455727,0.0,5
0.00080590174335602,False,733,time1,0.8781413937960537,7,time1,TIME1,0.9471121122905405,0.9381573780910808,1.0,7
0.005777201151783233,False,733,time0,0.7620763202709858,3,time0,TIME0,0.9148582189864046,0.9755355487036896,1.0,2
0.0012396823130307992,False,733,time0,0.928554499699314,6,time0,TIME0,0.853696325718107,0.9113473012455727,0.0,5
0.0012250693331608798,False,734,time1,0.8188579785900281,7,time1,TIME1,0.9284894860986556,0.9381573780910808,1.0,7
0.004488864463438424,False,734,time0,0.7870574579768033,3,time0,TIME0,0.925025578798165,0.9755355487036896,1.0,2
0.002067754779961672,False,734,time0,0.9037306777911681,6,time0,TIME0,0.8461046079684602,0.9113473012455727,0.0,5
0.0018704555789802837,False,735,time1,0.8911506156289998,7,time1,TIME1,0.9492053209845377,0.938356322950205,1.0,7
0.006525268747151717,False,735,time0,0.6988586007329496,3,time0,TIME0,0.8959122366290072,0.9743018106079291,1.0,2
0.0025996272457650205,False,735,time0,0.884964877297247,6,time0,TIME0,0.8408507672533172,0.9124520251440293,0.0,5
0.0015387773333670304,False,736,time1,0.905932970609577,7,time1,TIME1,0.9545716852809001,0.938356322950205,1.0,7
0.0017759272329831547,False,736,time0,0.8441724876390666,3,time0,TIME0,0.9418979441452476,0.9743018106079291,1.0,2
0.002314095599844821,False,736,time0,0.8978897063795793,6,time0,TIME0,0.845021115356763,0.9124520251440293,0.0,5
0.0009083842761161961,False,737,time0,0.9466212002447465,3,time0,TIME0,0.9761247918455321,0.9743018106079291,1.0,2
0.00016279231233692944,False,737,time1,0.9407196012304923,7,time1,TIME1,0.9656508813018907,0.938356322950205,1.0,7
0.0024100527859329196,False,737,time0,0.8947077197259644,6,time0,TIME0,0.8442458319318487,0.9124520251440293,0.0,5
0.00048578165819232027,False,738,time1,0.9405676584851814,7,time1,TIME1,0.9662009315670288,0.9393269459292557,1.0,7
0.0022245763113458187,False,738,time0,0.9056964501663579,3,time0,TIME0,0.962271500885517,0.9741583861079393,1.0,2
0.0022929976427433583,False,738,time0,0.8959340598039034,6,time0,TIME0,0.8446508297405045,0.9121443211004484,0.0,5
0.003211389210949499,False,739,time0,0.8687444001784672,3,time0,TIME0,0.950547331071632,0.9741583861079393,1.0,2
0.0020847982599014984,False,739,time1,0.8444424274346709,7,time1,TIME1,0.9345343190741715,0.9393269459292557,1.0,7
0.0015701952563217168,False,739,time0,0.9224655430427714,6,time0,TIME0,0.8528553280329642,0.9121443211004484,0.0,5
0.003001160533174622,False,740,time0,0.8788973907661525,3,time0,TIME0,0.9543023843946069,0.9741583861079393,1.0,2
0.0009250426770495334,False,740,time1,0.8584262122397508,7,time1,TIME1,0.9407279050266433,0.9393269459292557,1.0,7
0.0019742056905274192,False,740,time0,0.8949239536526409,6,time0,TIME0,0.8443802674688176,0.9121443211004484,0.0,5
0.0006330895302432955,False,741,time1,0.9160014939945322,7,time1,TIME1,0.9588404819031727,0.9392923468256411,1.0,7
0.0027786669050536552,False,741,time0,0.8716937967805222,3,time0,TIME0,0.95189439817514,0.9729036180460033,1.0,2
0.0010959043318726422,False,741,time0,0.8931696029867516,6,time0,TIME0,0.844473322320833,0.912678617446709,0.0,5
0.0005191316322668331,False,742,time1,0.9875333919369057,7,time1,TIME1,0.9800254196816193,0.9392923468256411,1.0,7
0.006428705911226543,False,742,time0,0.7368155289951797,3,time0,TIME0,0.9058682893332964,0.9729036180460033,1.0,2
0.0005578863492941455,False,742,time0,0.8712123815076358,6,time0,TIME0,0.8386453309277416,0.912678617446709,0.0,5
0.0004955720592398241,False,743,time1,0.9203548782522837,7,time1,TIME1,0.960095262120071,0.9392923468256411,1.0,7
0.006479538071748134,False,743,time0,0.7333537691903727,3,time0,TIME0,0.9068929862960351,0.9729036180460033,1.0,2
0.0008999333720680781,False,743,time0,0.9366512792787205,6,time0,TIME0,0.8579364107521663,0.912678617446709,0.0,5
0.0008664283598606826,False,744,time1,0.8727044156342811,7,time1,TIME1,0.9456345726953408,0.9401586989927989,1.0,7
0.003914207966703297,False,744,time0,0.8179114342668348,3,time0,TIME0,0.9332198062576512,0.9726165211672961,1.0,2
0.0015221813806030986,False,744,time0,0.8926063714574073,6,time0,TIME0,0.8440197775561288,0.9123381976025454,0.0,5
0.00027283164179773645,False,745,time0,0.9350044545112222,3,time0,TIME0,0.9706090661422649,0.9726165211672961,1.0,2
0.0003193734399146785,False,745,time1,0.8456366877327501,7,time1,TIME1,0.9380025809673548,0.9401586989927989,1.0,7
0.0013203826645526312,False,745,time0,0.9073123485267734,6,time0,TIME0,0.8489171567197086,0.9123381976025454,0.0,5
0.0014010027101096472,False,746,time0,0.9265858360503646,3,time0,TIME0,0.9688005516957957,0.9726165211672961,1.0,2
0.0008837349446528912,False,746,time1,0.8269150650644801,7,time1,TIME1,0.9315212751781007,0.9401586989927989,1.0,7
0.0013364464550133287,False,746,time0,0.9080889534900509,6,time0,TIME0,0.8492848477692784,0.9123381976025454,0.0,5
0.0006962341536696759,False,747,time0,0.9674484313456598,3,time0,TIME0,0.9820306959305234,0.9718086552742609,1.0,2
0.0019323701791045982,False,747,time1,0.8791876555532565,7,time1,TIME1,0.9463404965150032,0.9405975913042521,1.0,7
0.0016310867671126016,False,747,time0,0.8914322943031402,6,time0,TIME0,0.8444902058462914,0.9151327180963765,0.0,5
0.0013005364847949166,False,748,time1,0.9104005434779717,7,time1,TIME1,0.9566564423012358,0.9405975913042521,1.0,7
0.002916156344729785,False,748,time0,0.8762221518531448,3,time0,TIME0,0.9515312497090328,0.9718086552742609,1.0,2
0.0006522968338415649,False,748,time0,0.8743272674038602,6,time0,TIME0,0.8393579919200865,0.9151327180963765,0.0,5
0.0004584608005355975,False,749,time1,0.9614488513674674,7,time1,TIME1,0.9725530977899702,0.9405975913042521,1.0,7
0.003071954029177061,False,749,time0,0.8758963209300342,3,time0,TIME0,0.9525215740370531,0.9718086552742609,1.0,2
0.0006474004969126506,False,749,time0,0.9406327269598155,6,time0,TIME0,0.8597589301025871,0.9151327180963765,0.0,5
0.0016915016371096194,False,750,time0,0.9100898457599786,3,time0,TIME0,0.9632339025648119,0.9712341161860394,1.0,2
0.001104709090842547,False,750,time1,0.8256840717173847,7,time1,TIME1,0.9315404332183433,0.9411517094363715,1.0,7
0.0013925031570976682,False,750,time0,0.913908746941734,6,time0,TIME0,0.8517531552365711,0.9179567022976085,0.0,5
0.0017398170389980182,False,751,time0,0.8628130193459708,3,time0,TIME0,0.9497965506469549,0.9712341161860394,1.0,2
0.0010807131923476735,False,751,time1,0.8106989045593898,7,time1,TIME1,0.9272882274056427,0.9411517094363715,1.0,7
0.0032024367193084708,False,751,time0,0.8307455982916648,6,time0,TIME0,0.8238325391336119,0.9179567022976085,0.0,5
0.00011326489375683713,False,752,time1,0.912296595895619,7,time1,TIME1,0.9580637083911384,0.9411517094363715,1.0,7
0.0036261032830370945,False,752,time0,0.8282093047450794,3,time0,TIME0,0.9366379299363139,0.9712341161860394,1.0,2
0.0024098051578365603,False,752,time0,0.8740760767955092,6,time0,TIME0,0.8384005003425379,0.9179567022976085,0.0,5
0.0010499049237053968,False,753,time1,0.9564323216243518,7,time1,TIME1,0.9707699798921098,0.941734232205268,1.0,7
0.005188701724962101,False,753,time0,0.7365140110880534,3,time0,TIME0,0.9079591134996344,0.9712177635776187,1.0,2
0.002837113196622052,False,753,time0,0.8377983379593127,6,time0,TIME0,0.8277090367218247,0.9180252244829583,0.0,5
5.7132837187318284e-05,False,754,time0,0.9534541787833718,3,time0,TIME0,0.9752448861230814,0.9712177635776187,1.0,2
0.0021227673962743413,False,754,time1,0.9034164598996394,7,time1,TIME1,0.9536519724459241,0.941734232205268,1.0,7
0.0027211329844871427,False,754,time0,0.8379657545870289,6,time0,TIME0,0.8278956198879934,0.9180252244829583,0.0,5
0.00042151448292352653,False,755,time0,0.872214395176329,3,time0,TIME0,0.9538369606507171,0.9712177635776187,1.0,2
0.0025509897541848535,False,755,time1,0.8824160039518852,7,time1,TIME1,0.9475165018273356,0.941734232205268,1.0,7
0.002682614044473781,False,755,time0,0.8290110326944016,6,time0,TIME0,0.8255540292692993,0.9180252244829583,0.0,5
0.002184209901225439,False,756,time1,0.8701695889446086,7,time1,TIME1,0.9444607847739356,0.9435601395512587,1.0,7
0.002410738741734811,False,756,time0,0.7967813973334026,3,time0,TIME0,0.9277163607333021,0.9705597555220903,1.0,2
0.0028765823878093813,False,756,time0,0.8216893093964032,6,time0,TIME0,0.923694327828425,0.9199046787678833,1.0,5
0.0028554177616050527,False,757,time0,0.8385129453349709,3,time0,TIME0,0.9410668914133689,0.9705597555220903,1.0,2
0.0008185712539399564,False,757,time1,0.8414405221132848,7,time1,TIME1,0.9363632492678118,0.9435601395512587,1.0,7
0.0024579625452928414,False,757,time0,0.8403017342637819,6,time0,TIME0,0.9295462631597938,0.9199046787678833,1.0,5
0.0005015932749360083,False,758,time1,0.9366269310672954,7,time1,TIME1,0.9662004100912019,0.9435601395512587,1.0,7
0.0026024414178635966,False,758,time0,0.9053792946734152,3,time0,TIME0,0.9616978250628432,0.9705597555220903,1.0,2
0.0026970513685742985,False,758,time0,0.8262076699354753,6,time0,TIME0,0.9251547681438547,0.9199046787678833,1.0,5
0.0015139460147341327,False,759,time0,0.9406098090485672,3,time0,TIME0,0.97217347173449,0.9689932493193135,1.0,2
0.0016995916513468498,False,759,time1,0.8923950827798599,7,time1,TIME1,0.9520609537933636,0.9476973810080049,1.0,7
0.003380622234831166,False,759,time0,0.7838469912225281,6,time0,TIME0,0.9118869211978698,0.9210987501577479,1.0,5
0.0009902145390567319,False,760,time0,0.8850158707284249,3,time0,TIME0,0.9562904513049844,0.9689932493193135,1.0,2
0.0015346168999526254,False,760,time1,0.9028145511202113,7,time1,TIME1,0.9562520165451778,0.9476973810080049,1.0,7
0.0013140418484331297,False,760,time0,0.8888232495932081,6,time0,TIME0,0.9442346769813893,0.9210987501577479,1.0,5
0.0008219702958954938,False,761,time1,0.9378317984697473,7,time1,TIME1,0.9669985625116716,0.9476973810080049,1.0,7
0.0008474403824587737,False,761,time0,0.886975566374593,6,time0,TIME0,0.9451376597716438,0.9210987501577479,1.0,5
0.004205511252100185,False,761,time0,0.8364897467915873,3,time0,TIME0,0.9369749338507037,0.9689932493193135,1.0,2
0.000982400833617581,False,762,time1,0.9146541911688412,7,time1,TIME1,0.9599152399814188,0.9504137425795051,1.0,7
0.00098103736388072,False,762,time0,0.8565150167984535,6,time0,TIME0,0.9364116030473787,0.9217658892690158,1.0,5
0.005134089772641006,False,762,time0,0.7991264574868413,3,time0,TIME0,0.9264515782907488,0.9683633689379296,1.0,2
0.0006446461754859655,False,763,time1,0.9627451206393243,7,time1,TIME1,0.9752117488097908,0.9504137425795051,1.0,7
0.0011217534366148782,False,763,time0,0.869311151961447,6,time0,TIME0,0.939966122871229,0.9217658892690158,1.0,5
0.0036674024112232206,False,763,time0,0.8348496152832974,3,time0,TIME0,0.9381515287875563,0.9683633689379296,1.0,2
0.0012043003924112237,False,764,time1,0.9467415490745168,7,time1,TIME1,0.9698749713716133,0.9504137425795051,1.0,7
0.00028922956243347165,False,764,time0,0.9057000351694443,3,time0,TIME0,0.9612304520404358,0.9683633689379296,1.0,2
0.0019599014881745078,False,764,time0,0.8946360471740891,6,time0,TIME0,0.9464598268788906,0.9217658892690158,1.0,5
0.0010364477220002606,False,765,time0,0.9611015169371795,3,time0,TIME0,0.9791059840580335,0.9695496447025503,1.0,2
0.0012189318794509324,False,765,time1,0.9368322794075448,7,time1,TIME1,0.9678020928598395,0.9520535425335359,1.0,7
0.0027357980225364105,False,765,time0,0.8628852213444402,6,time0,TIME0,0.9365624892306018,0.9233711216125136,1.0,5
0.0011496803229103971,False,766,time0,0.9288377726798372,3,time0,TIME0,0.9690435903803759,0.9695496447025503,1.0,2
0.000991246286715209,False,766,time1,0.8523695707436403,7,time1,TIME1,0.9416877216205158,0.9520535425335359,1.0,7
0.0035309316234889334,False,766,time0,0.8318357106768787,6,time0,TIME0,0.9266031350219978,0.9233711216125136,1.0,5
0.003315526566084386,False,767,time0,0.8534403844257374,3,time0,TIME0,0.9439274132199044,0.9695496447025503,1.0,2
0.000451327179471665,False,767,time1,0.8380632607864942,7,time1,TIME1,0.9384484275555599,0.9520535425335359,1.0,7
0.00348456780806625,False,767,time0,0.8322785589626248,6,time0,TIME0,0.9272228717257337,0.9233711216125136,1.0,5
0.0032440525257332107,False,768,time0,0.8578971088239823,3,time0,TIME0,0.9466057819033168,0.9700711339269066,1.0,2
0.0020655575135227326,False,768,time1,0.8683771690715099,7,time1,TIME1,0.9452361126822841,0.9530963163274748,1.0,7
0.0024442715688114216,False,768,time0,0.8786579697252906,6,time0,TIME0,0.9417309841930491,0.924317707265651,1.0,5
0.003048119391986198,False,769,time0,0.873899527152096,3,time0,TIME0,0.9513488579737169,0.9700711339269066,1.0,2
0.0020895144495548922,False,769,time0,0.8913135553724121,6,time0,TIME0,0.9462732016671161,0.924317707265651,1.0,5
0.002179161015432093,False,769,time1,0.8590953767858772,7,time1,TIME1,0.9439433369866478,0.9530963163274748,1.0,7
0.0006915838214011748,False,770,time1,0.9200055812975407,7,time1,TIME1,0.9626150276929787,0.9530963163274748,1.0,7
0.0014635674422159687,False,770,time0,0.8995256127360257,3,time0,TIME0,0.9599137928595011,0.9700711339269066,1.0,2
0.0019536231202244114,False,770,time0,0.882233719162292,6,time0,TIME0,0.9436164226063467,0.924317707265651,1.0,5
0.0007699464251601714,False,771,time1,0.8956160654517831,7,time1,TIME1,0.9555394792640681,0.9539838906192335,1.0,7
0.0016244617414734148,False,771,time0,0.8678079995952135,6,time0,TIME0,0.9395880332349374,0.9242525322100048,1.0,5
0.0008398368037456204,False,771,time0,0.8177805746396074,3,time0,TIME0,0.9365209813077366,0.9697714789781675,1.0,2
0.0017166819944709963,False,772,time1,0.8965545804105397,7,time1,TIME1,0.9552134736962536,0.9539838906192335,1.0,7
0.002446664729854561,False,772,time0,0.8679605797295376,3,time0,TIME0,0.9493975355969806,0.9697714789781675,1.0,2
0.001993896886266783,False,772,time0,0.8554525788875067,6,time0,TIME0,0.9356236727177315,0.9242525322100048,1.0,5
0.0023888067714731443,False,773,time0,0.8597327795145446,3,time0,TIME0,0.9481504170091398,0.9697714789781675,1.0,2
0.00044929807393950864,False,773,time1,0.8397753981206687,7,time1,TIME1,0.938560891905907,0.9539838906192335,1.0,7
0.0019196729618805096,False,773,time0,0.8502843361708343,6,time0,TIME0,0.9340381742967837,0.9242525322100048,1.0,5
0.0015984270238879723,False,774,time0,0.9010395952226683,3,time0,TIME0,0.9605523799771909,0.969449415057491,1.0,2
0.001440123728401002,False,774,time1,0.8706098084879005,7,time1,TIME1,0.9475729740939939,0.9536099020427478,1.0,7
0.0018146486695735657,False,774,time0,0.8623709999818535,6,time0,TIME0,0.9379858622984955,0.9242178660538637,1.0,5
0.0013140656588270104,False,775,time0,0.9054434119162103,3,time0,TIME0,0.9625020744993904,0.969449415057491,1.0,2
0.0005430923022016695,False,775,time1,0.9093483215563991,7,time1,TIME1,0.9596424072300633,0.9536099020427478,1.0,7
0.0020302261358756224,False,775,time0,0.8583094610845395,6,time0,TIME0,0.9363731105362728,0.9242178660538637,1.0,5
0.0013539420077496999,False,776,time1,0.9330382239785241,7,time1,TIME1,0.9661835245364656,0.9536099020427478,1.0,7
0.001563012201633216,False,776,time0,0.8889624624796156,6,time0,TIME0,0.9460025972926582,0.9242178660538637,1.0,5
0.002737935113616269,False,776,time0,0.8146239981790924,3,time0,TIME0,0.9332782693468483,0.969449415057491,1.0,2
0.0009083134943089325,False,777,time1,0.8968150916419204,7,time1,TIME1,0.95650910441117,0.9548098436392444,1.0,7
0.002138482256235623,False,777,time0,0.8637021045673726,3,time0,TIME0,0.9489690697971548,0.9695369629685685,1.0,2
0.001309036470723148,False,777,time0,0.8495712125047764,6,time0,TIME0,0.9340162829196482,0.9232255892421548,1.0,5
0.0015830771123274442,False,778,time0,0.9259957005387676,3,time0,TIME0,0.9683566662053982,0.9695369629685685,1.0,2
0.0009152528171473451,False,778,time1,0.8598615477152272,7,time1,TIME1,0.9452960681877094,0.9548098436392444,1.0,7
0.001450386549308912,False,778,time0,0.8850195264679633,6,time0,TIME0,0.9446085029964436,0.9232255892421548,1.0,5
0.0017683876717608216,False,779,time0,0.9135159344905113,3,time0,TIME0,0.9635335102536017,0.9695369629685685,1.0,2
0.0015307597243730102,False,779,time0,0.9209921688930269,6,time0,TIME0,0.9555505299930415,0.9232255892421548,1.0,5
0.0023333214106128794,False,779,time1,0.8873638298034983,7,time1,TIME1,0.9509750621264639,0.9548098436392444,1.0,7
0.00021796382244285414,False,780,time0,0.8670001782115521,3,time0,TIME0,0.9508619717546969,0.9692419851607541,1.0,2
0.002594227914265376,False,780,time1,0.8697713983799106,7,time1,TIME1,0.9468458015255614,0.9552666054489792,1.0,7
0.002128779737187352,False,780,time0,0.887059718077596,6,time0,TIME0,0.9438601170471729,0.9213554502083816,1.0,5
0.0015069291998865448,False,781,time1,0.9152374068104798,7,time1,TIME1,0.9612765066765991,0.9552666054489792,1.0,7
0.0022194888960060115,False,781,time0,0.8805468162354491,6,time0,TIME0,0.9423213999655436,0.9213554502083816,1.0,5
0.003443052005295809,False,781,time0,0.8478131025532809,3,time0,TIME0,0.9411378093934837,0.9692419851607541,1.0,2
0.0001975914194517425,False,782,time1,0.973989982080941,7,time1,TIME1,0.9798739059668361,0.9552666054489792,1.0,7
0.0023938112833506216,False,782,time0,0.8828201891610533,3,time0,TIME0,0.9541792341380538,0.9692419851607541,1.0,2
0.0019168406072993338,False,782,time0,0.8909227077830378,6,time0,TIME0,0.9456664257631954,0.9213554502083816,1.0,5
0.0002120759043665033,False,783,time1,0.9606278081592046,7,time1,TIME1,0.9769568021109939,0.9566986127287211,1.0,7
0.0011753419749153538,False,783,time0,0.9400991247568625,3,time0,TIME0,0.9727513469678581,0.9704836337229897,1.0,2
0.0010712675008661247,False,783,time0,0.9292451454421844,6,time0,TIME0,0.9573854877600374,0.9221935115389148,1.0,5
9.851066819526326e-05,False,784,time0,0.9670232334666603,3,time0,TIME0,0.9819019876741996,0.9704836337229897,1.0,2
0.0009904232046903775,False,784,time0,0.936707503854925,6,time0,TIME0,0.9604464427949716,0.9221935115389148,1.0,5
0.0015303627401695805,False,784,time1,0.8824391855607439,7,time1,TIME1,0.9513305777122828,0.9566986127287211,1.0,7
0.0006519961735042891,False,785,time0,0.9278628058469865,3,time0,TIME0,0.9698780021821332,0.9704836337229897,1.0,2
0.0007587778352232257,False,785,time0,0.9224985716423852,6,time0,TIME0,0.9563579208135983,0.9221935115389148,1.0,5
0.0013396840192067294,False,785,time1,0.8943071252023429,7,time1,TIME1,0.9560736715250505,0.9566986127287211,1.0,7
0.0002091603622217066,False,786,time0,0.9215483912838648,3,time0,TIME0,0.9685759489777439,0.9707895020984271,1.0,2
0.0011617333607509487,False,786,time1,0.9266602626461056,7,time1,TIME1,0.9662721730812965,0.9580769751763103,1.0,7
0.0012094780707896516,False,786,time0,0.9141031099631621,6,time0,TIME0,0.9530546508292544,0.9211867901248916,1.0,5
0.0007852107275317919,False,787,time0,0.9538763306796307,3,time0,TIME0,0.9776117480938533,0.9707895020984271,1.0,2
0.0001902630672460377,False,787,time1,0.9478626798602053,7,time1,TIME1,0.9728913522859884,0.9580769751763103,1.0,7
0.0018405940981819555,False,787,time0,0.8660864515806116,6,time0,TIME0,0.9379937530308883,0.9211867901248916,1.0,5
0.0015029044857172596,False,788,time0,0.9140002681650105,3,time0,TIME0,0.9650396821651147,0.9707895020984271,1.0,2
0.0006480394813011589,False,788,time1,0.8864145996955679,7,time1,TIME1,0.9543679668369417,0.9580769751763103,1.0,7
0.0017337128116104406,False,788,time0,0.8704493704478131,6,time0,TIME0,0.9396023748555548,0.9211867901248916,1.0,5
0.0007991189197428417,False,789,time0,0.9408088824535424,3,time0,TIME0,0.9736045687894638,0.9703274681835785,1.0,2
0.0010464005748714689,False,789,time0,0.8831434549338779,6,time0,TIME0,0.943358335230281,0.9221218323834028,1.0,5
0.0002942703851616168,False,789,time1,0.8458690125807748,7,time1,TIME1,0.9432702027817409,0.9601852435219533,1.0,7
0.00027941177943300503,False,790,time0,0.9231448720007854,3,time0,TIME0,0.968900853913173,0.9703274681835785,1.0,2
0.0006997367708385944,False,790,time1,0.8726343813466132,7,time1,TIME1,0.9505230716770208,0.9601852435219533,1.0,7
0.0012945628898864937,False,790,time0,0.8617466571699279,6,time0,TIME0,0.9372476919844489,0.9221218323834028,1.0,5
0.0008222734455012207,False,791,time0,0.9011075792956079,3,time0,TIME0,0.961429242147514,0.9703274681835785,1.0,2
0.0009916001957515272,False,791,time0,0.9003363135020269,6,time0,TIME0,0.9487816455350465,0.9221218323834028,1.0,5
0.003040873023295787,False,791,time1,0.8167605355520751,7,time1,TIME1,0.9306600376065011,0.9601852435219533,1.0,7
0.0006431281005324744,False,792,time0,0.9389738820788188,3,time0,TIME0,0.9730218099412339,0.9700054965364214,1.0,2
0.0019020188535667055,False,792,time0,0.896683689494872,6,time0,TIME0,0.947371028202114,0.9233439369512244,1.0,5
0.002174392659370288,False,792,time1,0.8626547910994513,7,time1,TIME1,0.9464645088659235,0.9619377954040789,1.0,7
0.0008286647504786557,False,793,time0,0.9428961089150295,3,time0,TIME0,0.9740634867104139,0.9700054965364214,1.0,2
0.00032049655995967306,False,793,time1,0.8835735822224058,7,time1,TIME1,0.9538811189269318,0.9619377954040789,1.0,7
0.002388260647620771,False,793,time0,0.8708247080366476,6,time0,TIME0,0.939053534530616,0.9233439369512244,1.0,5
0.0011020034724942543,False,794,time0,0.9184785252137259,3,time0,TIME0,0.9668340106290132,0.9700054965364214,1.0,2
0.0013923670049362958,False,794,time1,0.8839277792935256,7,time1,TIME1,0.9535432227734315,0.9619377954040789,1.0,7
0.0018716363580586416,False,794,time0,0.8902485680403662,6,time0,TIME0,0.9458207622779661,0.9233439369512244,1.0,5
0.0002936215789856327,False,795,time1,0.9287171002294948,7,time1,TIME1,0.9678963319462368,0.9626329959976389,1.0,7
0.0013544082585535099,False,795,time0,0.9036965018158293,3,time0,TIME0,0.9621206874661504,0.970108739662823,1.0,2
0.002032811511734817,False,795,time0,0.8880778056392293,6,time0,TIME0,0.9457490127800369,0.9251418163411862,1.0,5
0.0006161336076155122,False,796,time1,0.8856921063529103,7,time1,TIME1,0.9553182302281583,0.9626329959976389,1.0,7
0.0019850965646884653,False,796,time0,0.8771637276827741,3,time0,TIME0,0.953439320577253,0.970108739662823,1.0,2
0.001203305983779514,False,796,time0,0.8683811816666465,6,time0,TIME0,0.9398852553008495,0.9251418163411862,1.0,5
0.001577602669858012,False,797,time0,0.9053069671273068,3,time0,TIME0,0.962400989536398,0.970108739662823,1.0,2
0.0010677651001553324,False,797,time1,0.898174141308283,7,time1,TIME1,0.9588241880546129,0.9626329959976389,1.0,7
0.0014980766036707524,False,797,time0,0.8854981435277824,6,time0,TIME0,0.9448801448655636,0.9251418163411862,1.0,5
0.0005582356585952822,False,798,time0,0.9550883890140238,3,time0,TIME0,0.9774109220248908,0.9689353025843372,1.0,2
0.0005352304348294417,False,798,time1,0.9530850420366804,7,time1,TIME1,0.9759883644709632,0.964562231286789,1.0,7
0.0020606631788314855,False,798,time0,0.848169571996815,6,time0,TIME0,0.9336855020004211,0.9260263062167312,1.0,5
0.0009393179822425988,False,799,time1,0.9126428718438787,7,time1,TIME1,0.9630752751272996,0.964562231286789,1.0,7
0.002054789804035488,False,799,time0,0.8956908661352504,3,time0,TIME0,0.9573125794200316,0.9689353025843372,1.0,2
0.00175866415627431,False,799,time0,0.8643913567550302,6,time0,TIME0,0.9389988046205291,0.9260263062167312,1.0,5
0.0004964514203774647,False,800,time0,0.9481990232637586,3,time0,TIME0,0.9748435321718933,0.9689353025843372,1.0,2
0.0014317589205725754,False,800,time0,0.8888828829587432,6,time0,TIME0,0.9466362932121757,0.9260263062167312,1.0,5
0.0016719845819327744,False,800,time1,0.8603887863899219,7,time1,TIME1,0.9461171909123735,0.964562231286789,1.0,7
0.0009444562652420604,False,801,time0,0.9467859817499789,3,time0,TIME0,0.9743855685266781,0.968239533689023,1.0,2
0.001420580373561825,False,801,time0,0.8954344920833701,6,time0,TIME0,0.9487273508167536,0.9265528026539065,1.0,5
0.0014313204846379806,False,801,time1,0.8531299793719569,7,time1,TIME1,0.9458040191208507,0.9656072761306439,1.0,7
0.0013058690389626322,False,802,time0,0.9243334319059064,3,time0,TIME0,0.9678757455910662,0.968239533689023,1.0,2
0.001072422196740277,False,802,time0,0.9197526278084204,6,time0,TIME0,0.9563286403543811,0.9265528026539065,1.0,5
0.0007765200961089201,False,802,time1,0.8308081376362201,7,time1,TIME1,0.9393382876822937,0.9656072761306439,1.0,7
0.001097453522681773,False,803,time0,0.9357709940378659,3,time0,TIME0,0.9716456602541251,0.968239533689023,1.0,2
0.0014843623579407674,False,803,time1,0.9266221398020309,7,time1,TIME1,0.966932238692278,0.9656072761306439,1.0,7
0.0015775838380010336,False,803,time0,0.8974088661946455,6,time0,TIME0,0.9489562748266714,0.9265528026539065,1.0,5
0.00028437908757004347,False,804,time0,0.9680484216585445,3,time0,TIME0,0.9811046545315482,0.9669361695423093,1.0,2
0.003442659350254903,False,804,time1,0.8318171581411671,7,time1,TIME1,0.9366121385604068,0.9661424917023682,1.0,7
0.002058291663600965,False,804,time0,0.8428873020342122,6,time0,TIME0,0.9321192740769187,0.9302056231337839,1.0,5
3.8812704130023365e-05,False,805,time0,0.9837861007608789,3,time0,TIME0,0.9866429716467612,0.9669361695423093,1.0,2
0.000566249263113968,False,805,time0,0.9389388652896997,6,time0,TIME0,0.9619634110048568,0.9302056231337839,1.0,5
0.002337054014540873,False,805,time1,0.8599441533040432,7,time1,TIME1,0.9457611925456647,0.9661424917023682,1.0,7
0.00038613940779219175,False,806,time0,0.980076989370199,3,time0,TIME0,0.985117303967809,0.9669361695423093,1.0,2
0.000783868146004108,False,806,time0,0.9191248278780577,6,time0,TIME0,0.9572426753358018,0.9302056231337839,1.0,5
0.001360175785325801,False,806,time1,0.8323253289384512,7,time1,TIME1,0.9392449945610645,0.9661424917023682,1.0,7
0.0004811384690419833,False,807,time0,0.9690984495486896,3,time0,TIME0,0.9818287135472553,0.9668104843337701,1.0,2
0.0005332689995189851,False,807,time1,0.9631465700507109,7,time1,TIME1,0.9788397135346562,0.9666305670419248,1.0,7
0.0004200347751729022,False,808,time0,0.9735102402686511,3,time0,TIME0,0.9833319467573925,0.9668104843337701,1.0,2
0.0009114616612962174,False,808,time1,0.9109090246947553,7,time1,TIME1,0.9631167388194485,0.9666305670419248,1.0,7
0.0007388097354259354,False,809,time0,0.9641387967173563,3,time0,TIME0,0.979928061045534,0.9668104843337701,1.0,2
0.0008340321544046877,False,809,time1,0.9008487577484874,7,time1,TIME1,0.9600163685876605,0.9666305670419248,1.0,7
0.000359790582408384,False,810,time0,0.9639754911124767,3,time0,TIME0,0.9802571432435503,0.9666316509554745,1.0,2
0.0006002401155855934,False,810,time1,0.8569279275277534,7,time1,TIME1,0.9481487440471442,0.9671829122280216,1.0,7
0.00030063815031782876,False,811,time0,0.9614548443185812,3,time0,TIME0,0.9796546287130077,0.9666316509554745,1.0,2
0.001327863349164641,False,811,time1,0.8785066094123697,7,time1,TIME1,0.9528923477908998,0.9671829122280216,1.0,7
0.0003627587644637432,False,812,time0,0.9859607917782269,3,time0,TIME0,0.9866648218639636,0.9666316509554745,1.0,2
0.002192626009629772,False,812,time1,0.8698300254676428,7,time1,TIME1,0.9499685233191665,0.9671829122280216,1.0,7
0.00024251259557791157,False,813,time0,0.9626827663042838,3,time0,TIME0,0.9799367499862649,0.9658574687157977,1.0,2
0.002170910930410546,False,813,time1,0.8667858974919839,7,time1,TIME1,0.9496675970201692,0.9678821673458461,1.0,7
0.019514486251803475,False,813,time0,0.14329309280989622,6,time0,TIME0,0.6938937296123225,0.9294499411614245,1.0,5
0.0013040594490276967,False,814,time0,0.9126401104803747,3,time0,TIME0,0.9631451304838813,0.9658574687157977,1.0,2
0.0014401815227206944,False,814,time1,0.9086157846130352,7,time1,TIME1,0.9626401148891773,0.9678821673458461,1.0,7
0.002906408802391267,False,814,time0,0.7634904976217382,6,time0,TIME0,0.8958560402487686,0.9294499411614245,1.0,5
0.0006533555846512842,False,815,time0,0.9491121818547701,3,time0,TIME0,0.9751565140660846,0.9658574687157977,1.0,2
0.00036422791988071577,False,815,time1,0.8811591251539166,7,time1,TIME1,0.9548154470906238,0.9678821673458461,1.0,7
0.001141473421285025,False,815,time0,0.9104154582195554,6,time0,TIME0,0.9531492354762862,0.9294499411614245,1.0,5
0.0011542567888433366,False,816,time0,0.9301517255818212,3,time0,TIME0,0.968750366183465,0.965333342662362,1.0,2
0.0010631959937986834,False,816,time1,0.9100157873339978,7,time1,TIME1,0.9636349209810129,0.9685039475765963,1.0,7
0.0011686856710769326,False,816,time0,0.9178535782409818,6,time0,TIME0,0.9564564177142857,0.9288477376510216,1.0,5
0.001073940542266426,False,817,time0,0.9199899222680576,3,time0,TIME0,0.9658206362383853,0.965333342662362,1.0,2
0.001378218977121429,False,817,time1,0.8871628447246306,7,time1,TIME1,0.9553585828218295,0.9685039475765963,1.0,7
0.0012020404613447531,False,817,time0,0.8984597542560719,6,time0,TIME0,0.950314930684513,0.9288477376510216,1.0,5
0.000839807690127648,False,818,time0,0.9291348343187402,3,time0,TIME0,0.9685266397220712,0.965333342662362,1.0,2
0.0009514362822081964,False,818,time1,0.9182600373654398,7,time1,TIME1,0.9663683256504806,0.9685039475765963,1.0,7
0.0011900046319252334,False,818,time0,0.8841018903213598,6,time0,TIME0,0.9463449809336574,0.9288477376510216,1.0,5
0.0012088682000191157,False,819,time1,0.9434645664461077,7,time1,TIME1,0.9736250111258992,0.9682539422319697,1.0,7
0.0007644580752561316,False,819,time0,0.944254655270663,3,time0,TIME0,0.9734697161521856,0.9658272083387531,1.0,2
0.001034767898711975,False,819,time0,0.8240132339712476,6,time0,TIME0,0.9287754259533989,0.9318282272197753,1.0,5
0.00024665157258055835,False,820,time1,0.8936311775274323,7,time1,TIME1,0.9590152578925473,0.9682539422319697,1.0,7
0.0018555180201501446,False,820,time0,0.8931221038827192,3,time0,TIME0,0.9566367224448736,0.9658272083387531,1.0,2
0.001191044713221569,False,820,time0,0.865391248094497,6,time0,TIME0,0.9409918199659102,0.9318282272197753,1.0,5
0.0012140963131409455,False,821,time0,0.9287190012907777,3,time0,TIME0,0.9684281268583309,0.9658272083387531,1.0,2
0.0017104681310425042,False,821,time1,0.8764630856284731,7,time1,TIME1,0.9521138606429528,0.9682539422319697,1.0,7
0.0012132811318377196,False,821,time0,0.8663066888870601,6,time0,TIME0,0.9417097487869767,0.9318282272197753,1.0,5
0.0014106787130374603,False,822,time0,0.9040627669604616,3,time0,TIME0,0.9612025508359819,0.9661529175925547,1.0,2
0.0019447325356074733,False,822,time0,0.8949853095104457,6,time0,TIME0,0.9494273347633451,0.9334288045508492,1.0,5
0.003583770350840292,False,822,time1,0.8296666853291923,7,time1,TIME1,0.9363586084525193,0.9681162498690381,1.0,7
0.0003498836727744593,False,823,time0,0.9393717166466333,3,time0,TIME0,0.9718587967335345,0.9661529175925547,1.0,2
0.002436063043750103,False,823,time0,0.8745124664886902,6,time0,TIME0,0.9431178204640582,0.9334288045508492,1.0,5
0.0036735645411595536,False,823,time1,0.8163648291516713,7,time1,TIME1,0.9334061679908087,0.9681162498690381,1.0,7
0.0009041000286536112,False,824,time0,0.9313473848362709,3,time0,TIME0,0.9696633985286925,0.9661529175925547,1.0,2
0.0025054919877250496,False,824,time1,0.8496803687656506,7,time1,TIME1,0.9438258664919926,0.9681162498690381,1.0,7
0.0023368252183014917,False,824,time0,0.8710398625057217,6,time0,TIME0,0.9424533630360497,0.9334288045508492,1.0,5
0.0011766741664529807,False,825,time0,0.9169920785660911,3,time0,TIME0,0.9654106397110865,0.9662750870313579,1.0,2
0.0019498197344891542,False,825,time0,0.8834779958720462,6,time0,TIME0,0.9464965478048176,0.9343705528833067,1.0,5
0.0018639856455885107,False,825,time1,0.8217014459464929,7,time1,TIME1,0.9338923678363081,0.9682079441988696,1.0,7
0.0008218525426748472,False,826,time1,0.9436800221590107,7,time1,TIME1,0.9725900909854986,0.9682079441988696,1.0,7
0.0011034872929492762,False,826,time0,0.9229931043299425,3,time0,TIME0,0.9673662336698036,0.9662750870313579,1.0,2
0.0014455216529228267,False,826,time0,0.885237170165664,6,time0,TIME0,0.947505653487646,0.9343705528833067,1.0,5
0.00047054906693618637,False,827,time0,0.9610426117713504,3,time0,TIME0,0.9789823343276051,0.9662750870313579,1.0,2
0.0012554009610092893,False,827,time0,0.9072130901041865,6,time0,TIME0,0.9541569521089959,0.9343705528833067,1.0,5
0.0017018926012282332,False,827,time1,0.8639688048666228,7,time1,TIME1,0.9490858138107817,0.9682079441988696,1.0,7
0.0008584513908798542,False,828,time0,0.9558430370809242,3,time0,TIME0,0.9769629330102021,0.9661715927750137,1.0,2
0.0020031301240974776,False,828,time1,0.8810412542688305,7,time1,TIME1,0.9541644336347329,0.9682942722006411,1.0,7
0.0018722333495706693,False,828,time0,0.8635666132452107,6,time0,TIME0,0.9407715264901689,0.9355173523189657,1.0,5
0.001380691686525943,False,829,time1,0.9327880508387948,7,time1,TIME1,0.9700461301802382,0.9682942722006411,1.0,7
0.0006343151161537745,False,829,time0,0.9291313801414066,3,time0,TIME0,0.9695169321120254,0.9661715927750137,1.0,2
0.0022190103070890087,False,829,time0,0.8381667350436501,6,time0,TIME0,0.9328906485367757,0.9355173523189657,1.0,5
0.00036996573777518777,False,830,time0,0.9330860542790204,3,time0,TIME0,0.9709216400418457,0.9661715927750137,1.0,2
0.0011826240591965857,False,830,time1,0.9228634309936036,7,time1,TIME1,0.9675012313262251,0.9682942722006411,1.0,7
0.0014891448920098381,False,830,time0,0.8946729906735039,6,time0,TIME0,0.9503758817751836,0.9355173523189657,1.0,5
0.000208441829471824,False,831,time0,0.9748323016772598,3,time0,TIME0,0.983738236520221,0.9664003034670742,1.0,2
0.00027028349673624595,False,831,time1,0.8664771560183605,7,time1,TIME1,0.9508212661053158,0.9683662552136647,1.0,7
0.0031249029337146496,False,831,time0,0.789909857931985,6,time0,TIME0,0.9171436637718126,0.9369223417542989,1.0,5
0.0003633527526192701,False,832,time0,0.9787778731413623,3,time0,TIME0,0.9845611070255327,0.9664003034670742,1.0,2
0.0013161734198307705,False,832,time0,0.883567702258862,6,time0,TIME0,0.9466808352036781,0.9369223417542989,1.0,5
0.0005175605250724258,False,832,time1,0.8123587776446106,7,time1,TIME1,0.9351510230707843,0.9683662552136647,1.0,7
0.0008220293889639432,False,833,time0,0.9324309542376954,3,time0,TIME0,0.969985122934707,0.9664003034670742,1.0,2
0.0010997218956151648,False,833,time0,0.8794694049829175,6,time0,TIME0,0.9468327843280723,0.9369223417542989,1.0,5
0.0015267828474496128,False,833,time1,0.823046928008777,7,time1,TIME1,0.9366866888627755,0.9683662552136647,1.0,7
0.0007986923890051874,False,834,time0,0.9300898347020179,3,time0,TIME0,0.969908317427047,0.9665325827501297,1.0,2
0.0017450364937948003,False,834,time0,0.8963397338798886,6,time0,TIME0,0.9511498242332174,0.93716912436469,1.0,5
0.0028289802154467733,False,834,time1,0.8031015512116843,7,time1,TIME1,0.9296019059919701,0.9686852890344742,1.0,7
0.0007605198361082588,False,835,time0,0.9379585921328351,3,time0,TIME0,0.972196723987449,0.9665325827501297,1.0,2
0.0016937056137504704,False,835,time1,0.8707219960804566,7,time1,TIME1,0.951042628056994,0.9686852890344742,1.0,7
0.0023115784082953753,False,835,time0,0.8726203345453146,6,time0,TIME0,0.9434729993302715,0.93716912436469,1.0,5
0.0015406545664663999,False,836,time0,0.8814314978343022,3,time0,TIME0,0.9540877271477731,0.9665325827501297,1.0,2
0.0007192136730330316,False,836,time1,0.8645334592690324,7,time1,TIME1,0.9492421514862449,0.9686852890344742,1.0,7
0.003091947833376836,False,836,time0,0.8305700698343892,6,time0,TIME0,0.930115538708577,0.93716912436469,1.0,5
0.0005425254524837134,False,837,time1,0.8654996838430697,7,time1,TIME1,0.9508776778434954,0.9684981810593272,1.0,7
0.0014098075773086149,False,837,time0,0.8654637384838155,3,time0,TIME0,0.9486876007626798,0.9663435181744668,1.0,2
0.0032007589523723842,False,837,time0,0.8255027312945459,6,time0,TIME0,0.9290717064169559,0.9382976855119494,1.0,5
0.0012641871045803417,False,838,time0,0.9134537811372023,3,time0,TIME0,0.9632059078867016,0.9663435181744668,1.0,2
0.0027873732838052073,False,838,time0,0.8417786415988701,6,time0,TIME0,0.9342549558315242,0.9382976855119494,1.0,5
0.001847843497286133,False,838,time1,0.8081874151534034,7,time1,TIME1,0.9314087068795324,0.9684981810593272,1.0,7
0.0007664611787558795,False,839,time1,0.8859225164547216,7,time1,TIME1,0.9560053224430888,0.9684981810593272,1.0,7
0.0017938861143386323,False,839,time0,0.8739820682302192,3,time0,TIME0,0.9517366036507885,0.9663435181744668,1.0,2
0.002609131056253451,False,839,time0,0.8302228324744745,6,time0,TIME0,0.9310817278043706,0.9382976855119494,1.0,5
0.0006499490748903934,False,840,time0,0.9497127185115779,3,time0,TIME0,0.9750455224140445,0.9661832407485607,1.0,2
0.0007245787500342071,False,840,time1,0.9187658598946461,7,time1,TIME1,0.966249875378348,0.9676025269381392,1.0,7
0.0027675738590027493,False,840,time0,0.808540438804411,6,time0,TIME0,0.9243751085906626,0.937801228573306,1.0,5
0.0001414750425677394,False,841,time1,0.9601450896317468,7,time1,TIME1,0.9792295199189701,0.9676025269381392,1.0,7
0.0006830639213253341,False,841,time0,0.9581169265292738,3,time0,TIME0,0.9781379466845026,0.9661832407485607,1.0,2
0.0030521816616403768,False,841,time0,0.7758753944196761,6,time0,TIME0,0.914230012251553,0.937801228573306,1.0,5
0.0009399949550322532,False,842,time0,0.9200651927123094,3,time0,TIME0,0.9664670132682714,0.9661832407485607,1.0,2
0.0015786550892675402,False,842,time1,0.9157469326436236,7,time1,TIME1,0.9641804631936224,0.9676025269381392,1.0,7
0.0029063694070123004,False,842,time0,0.7770030549087549,6,time0,TIME0,0.9148034794354654,0.937801228573306,1.0,5
0.000679104090479374,False,843,time0,0.8747936783639694,3,time0,TIME0,0.9528741747333841,0.9649522314199375,1.0,2
0.0013803050923125702,False,843,time1,0.8711631388115917,7,time1,TIME1,0.9513943085845497,0.9669863120070095,1.0,7
0.0025985533970009993,False,843,time0,0.7945191760973693,6,time0,TIME0,0.9196249430471356,0.9376770808123797,1.0,5
0.0013699390208784684,False,844,time1,0.8942947168017452,7,time1,TIME1,0.9572875650197895,0.9669863120070095,1.0,7
0.0020561567371023682,False,844,time0,0.853504546981391,3,time0,TIME0,0.9443811102193475,0.9649522314199375,1.0,2
0.0022490062083837,False,844,time0,0.822295572855921,6,time0,TIME0,0.9287319552595175,0.9376770808123797,1.0,5
0.0013761538583685281,False,845,time1,0.9151867036323921,7,time1,TIME1,0.9646668564663767,0.9669863120070095,1.0,7
0.0022362349624804553,False,845,time0,0.8401934077014813,3,time0,TIME0,0.9408901913352742,0.9649522314199375,1.0,2
0.0010936935368008164,False,845,time0,0.8488706440775386,6,time0,TIME0,0.9370986807076729,0.9376770808123797,1.0,5
0.0008032592766660429,False,846,time1,0.8831561687835895,7,time1,TIME1,0.9555759941405929,0.9671752347137506,1.0,7
0.0017390742629380025,False,846,time0,0.8652501329009518,3,time0,TIME0,0.9485303262318899,0.9638068887049762,1.0,2
0.001048117845415585,False,846,time0,0.8454593087426499,6,time0,TIME0,0.9370235853501185,0.9384169384381215,1.0,5
0.001256649058564892,False,847,time1,0.9147306345547639,7,time1,TIME1,0.9636710502940186,0.9671752347137506,1.0,7
0.001801170471430189,False,847,time0,0.8826739781373764,6,time0,TIME0,0.9469951538899943,0.9384169384381215,1.0,5
0.001835461659551901,False,847,time0,0.8554039111645549,3,time0,TIME0,0.9455865769391915,0.9638068887049762,1.0,2
0.0016739737238833832,False,848,time1,0.8918315138866593,7,time1,TIME1,0.9575366657136671,0.9671752347137506,1.0,7
0.0020091610804093404,False,848,time0,0.8480073187029968,3,time0,TIME0,0.9429477755902922,0.9638068887049762,1.0,2
0.003026159282168127,False,848,time0,0.8405687633206166,6,time0,TIME0,0.9330170187170045,0.9384169384381215,1.0,5
0.00085544175709333,False,849,time1,0.9437367524035093,7,time1,TIME1,0.9735155761705218,0.9669535233194086,1.0,7
0.001942861255106574,False,849,time0,0.8378972770022345,3,time0,TIME0,0.9401237865476734,0.9628297382615675,1.0,2
0.003893835793698944,False,849,time0,0.8107204951907779,6,time0,TIME0,0.9236532295129437,0.9383116324383727,1.0,5
0.0007574547890414304,False,850,time1,0.9065261614716454,7,time1,TIME1,0.9619370804259709,0.9669535233194086,1.0,7
0.002157289436987633,False,850,time0,0.8189020072509026,3,time0,TIME0,0.9341007321792414,0.9628297382615675,1.0,2
0.004101541219096842,False,850,time0,0.8075865574356642,6,time0,TIME0,0.9229476211704816,0.9383116324383727,1.0,5
0.0011174003554681653,False,851,time1,0.9101186956495853,7,time1,TIME1,0.9635088097456405,0.9669535233194086,1.0,7
0.002058271965911482,False,851,time0,0.8361276001874186,3,time0,TIME0,0.9394263302284894,0.9628297382615675,1.0,2
0.004277632069332411,False,851,time0,0.7959704389858346,6,time0,TIME0,0.9192058347799189,0.9383116324383727,1.0,5
0.00047397684370797515,False,852,time1,0.9229853920570349,7,time1,TIME1,0.967543715505227,0.9660789594336184,1.0,7
0.0018156994655471475,False,852,time0,0.8537245555301354,3,time0,TIME0,0.9450354961768533,0.96294173699157,1.0,2
0.0035371534958680943,False,852,time0,0.8303259649532742,6,time0,TIME0,0.9297797913560677,0.9379506257726766,1.0,5
0.001318799814504878,False,853,time1,0.922708119313937,7,time1,TIME1,0.9659134002092662,0.9660789594336184,1.0,7
0.0012774049035979135,False,853,time0,0.8914578376236605,3,time0,TIME0,0.9566202985482496,0.96294173699157,1.0,2
0.003655402405623585,False,853,time0,0.8230034472938453,6,time0,TIME0,0.9278004336065457,0.9379506257726766,1.0,5
0.002074308915564532,False,854,time1,0.8775135888774918,7,time1,TIME1,0.9523672142282954,0.9660789594336184,1.0,7
0.0017795786651138277,False,854,time0,0.8543723962728911,3,time0,TIME0,0.9450771772917518,0.96294173699157,1.0,2
0.003223367787194642,False,854,time0,0.8206308848834573,6,time0,TIME0,0.9273760280073826,0.9379506257726766,1.0,5
0.0022581385767275913,False,855,time1,0.8530922014609696,7,time1,TIME1,0.9452756870134287,0.9662870546887162,1.0,7
0.0016999108188539148,False,855,time0,0.85040667771511,3,time0,TIME0,0.9440803632156562,0.962936183211895,1.0,2
0.002922908755976234,False,855,time0,0.8258776507718036,6,time0,TIME0,0.9293275672328523,0.9387660809664191,1.0,5
0.0007459999332326004,False,856,time1,0.9196625815947742,7,time1,TIME1,0.9657283822274453,0.9662870546887162,1.0,7
0.0015566962781982262,False,856,time0,0.8674969181280388,3,time0,TIME0,0.9490472311505995,0.962936183211895,1.0,2
0.0027497558918874207,False,856,time0,0.8122401296709506,6,time0,TIME0,0.9257110678896783,0.9387660809664191,1.0,5
0.0002759288058390381,False,857,time1,0.9723545442419202,7,time1,TIME1,0.9827066676280143,0.9662870546887162,1.0,7
0.0011772864182629046,False,857,time0,0.9042120558362498,3,time0,TIME0,0.9605869149308748,0.962936183211895,1.0,2
0.0037102399073121683,False,857,time0,0.7278495091917214,6,time0,TIME0,0.8990136925558545,0.9387660809664191,1.0,5
0.0004406821746847034,False,858,time1,0.9553081009644466,7,time1,TIME1,0.9776429321083043,0.966585136714748,1.0,7
0.002102598910366732,False,858,time0,0.8368666623441965,3,time0,TIME0,0.9392530228381704,0.9629429298280096,1.0,2
0.003776677832899443,False,858,time0,0.7029706775553384,6,time0,TIME0,0.8915230031183004,0.9375667500591223,1.0,5
0.0006151180943164991,False,859,time1,0.9464902694175757,7,time1,TIME1,0.9748872819969393,0.966585136714748,1.0,7
0.002414866814659351,False,859,time0,0.8237904302281693,3,time0,TIME0,0.9351551764360448,0.9629429298280096,1.0,2
0.002388252422211976,False,859,time0,0.802862606640016,6,time0,TIME0,0.9220763212227967,0.9375667500591223,1.0,5
0.0003252378316984392,False,860,time1,0.9339441337555909,7,time1,TIME1,0.9710473863190018,0.966585136714748,1.0,7
0.002112095361278872,False,860,time0,0.8378618172827955,3,time0,TIME0,0.9393373623334764,0.9629429298280096,1.0,2
0.0017465356827767815,False,860,time0,0.855645400611264,6,time0,TIME0,0.9390528483687157,0.9375667500591223,1.0,5
0.0016135154540320646,False,861,time0,0.8789563832869286,3,time0,TIME0,0.9524809063551821,0.9628174646031841,1.0,2
0.00028952857227753525,False,861,time1,0.8407942510925521,7,time1,TIME1,0.9432423075348442,0.9656767760789021,1.0,7
0.0012157337106364979,False,861,time0,0.8225909091840942,6,time0,TIME0,0.9295977103939449,0.9374039465250594,1.0,5
0.00143600712775715,False,862,time0,0.8888977073076372,3,time0,TIME0,0.9559229461814835,0.9628174646031841,1.0,2
0.0005061565369232502,False,862,time1,0.8751431734523486,7,time1,TIME1,0.9529669145015793,0.9656767760789021,1.0,7
0.0016079563764352927,False,862,time0,0.8748082427812587,6,time0,TIME0,0.9450571482746968,0.9374039465250594,1.0,5
0.0008878749227743716,False,863,time1,0.9315920102526903,7,time1,TIME1,0.9697756361933602,0.9656767760789021,1.0,7
0.0014095154670673237,False,863,time0,0.8875020901777195,3,time0,TIME0,0.9556333090328059,0.9628174646031841,1.0,2
0.0022980036698277187,False,863,time0,0.8707856320747577,6,time0,TIME0,0.9428752007206874,0.9374039465250594,1.0,5
0.001408199618118224,False,864,time1,0.9151444314660334,7,time1,TIME1,0.9643410813187836,0.9657308562428906,1.0,7
0.0020728818071385716,False,864,time0,0.8413688400169422,3,time0,TIME0,0.9405091500049009,0.9623755501205207,1.0,2
0.0032536234382407594,False,864,time0,0.8344574890042671,6,time0,TIME0,0.9313524214273855,0.938750394781134,1.0,5
0.0015732251289430398,False,865,time1,0.9158348579112954,7,time1,TIME1,0.9642468647106275,0.9657308562428906,1.0,7
0.00214163713342482,False,865,time0,0.817877847373918,3,time0,TIME0,0.9339587132710733,0.9623755501205207,1.0,2
0.0036264379273001817,False,865,time0,0.8249504604219524,6,time0,TIME0,0.9285731602669681,0.938750394781134,1.0,5
0.001897557002211583,False,866,time1,0.8995065679906562,7,time1,TIME1,0.9593216974747645,0.9657308562428906,1.0,7
0.002143149959268751,False,866,time0,0.825603862323743,3,time0,TIME0,0.935825391101328,0.9623755501205207,1.0,2
0.003839380124144957,False,866,time0,0.8163621260247708,6,time0,TIME0,0.9259602735920006,0.938750394781134,1.0,5
0.0022455896333199417,False,867,time1,0.8834999171688013,7,time1,TIME1,0.9542062664479808,0.9657606587950344,1.0,7
0.002230233228015628,False,867,time0,0.8231782824463637,3,time0,TIME0,0.9350287950789247,0.9618108048827315,1.0,2
0.0034186413730311585,False,867,time0,0.8298701671683919,6,time0,TIME0,0.9307004757622511,0.9405391550275075,1.0,5
0.0010254281634831958,False,868,time1,0.8628490683620489,7,time1,TIME1,0.9485126687884532,0.9657606587950344,1.0,7
0.001767286765731027,False,868,time0,0.8396087343339871,3,time0,TIME0,0.939890648486197,0.9618108048827315,1.0,2
0.002908342206374382,False,868,time0,0.8434018100093688,6,time0,TIME0,0.9350172535658966,0.9405391550275075,1.0,5
0.0013438074382815565,False,869,time1,0.9143306841212537,7,time1,TIME1,0.9642159676458385,0.9657606587950344,1.0,7
0.0022016243903935522,False,869,time0,0.8653170970777623,6,time0,TIME0,0.9422307720388814,0.9405391550275075,1.0,5
0.002074245926249811,False,869,time0,0.8344258573440075,3,time0,TIME0,0.9380462246556756,0.9618108048827315,1.0,2
0.0013286744177634692,False,870,time1,0.9083922066348508,7,time1,TIME1,0.9626289822563414,0.965819734366614,1.0,7
0.0015600781117327315,False,870,time0,0.8648041136574469,3,time0,TIME0,0.9475532506668657,0.9617413958367524,1.0,2
0.0029339699826825905,False,870,time0,0.808062156199554,6,time0,TIME0,0.9241275116129839,0.9395943514044793,1.0,5
0.001927143797647778,False,871,time0,0.8376952670502106,3,time0,TIME0,0.9397411200374969,0.9617413958367524,1.0,2
0.0025864650764858793,False,871,time1,0.8365977644650693,7,time1,TIME1,0.9392125975133495,0.965819734366614,1.0,7
0.0028568898933212603,False,871,time0,0.7922795759251556,6,time0,TIME0,0.9197528501584891,0.9395943514044793,1.0,5
0.0020252326633625807,False,872,time1,0.8711339353708453,7,time1,TIME1,0.9505543530739506,0.965819734366614,1.0,7
0.0015735003554504883,False,872,time0,0.8502076238597147,3,time0,TIME0,0.9438187158712116,0.9617413958367524,1.0,2
0.002164372812709024,False,872,time0,0.830714695403065,6,time0,TIME0,0.9316506521648981,0.9395943514044793,1.0,5
0.0006788105732602625,False,873,time1,0.8715211359245103,7,time1,TIME1,0.9508798723614463,0.965217904416045,1.0,7
0.0016289696984094154,False,873,time0,0.8440064436359678,3,time0,TIME0,0.9420273815218014,0.9614886110847817,1.0,2
0.00188583795925974,False,873,time0,0.8535219314039139,6,time0,TIME0,0.9392846452511694,0.9405915901031406,1.0,5
0.0008769891353792912,False,874,time1,0.9162815922915691,7,time1,TIME1,0.9648202565785747,0.965217904416045,1.0,7
0.001520689767655534,False,874,time0,0.8432479447750244,3,time0,TIME0,0.9418030398974735,0.9614886110847817,1.0,2
0.0006459449783576278,False,874,time0,0.852309832873263,6,time0,TIME0,0.9392731222039932,0.9405915901031406,1.0,5
0.0009760963824632791,False,875,time1,0.947756272398096,7,time1,TIME1,0.9745993252581036,0.965217904416045,1.0,7
0.001335532352346435,False,875,time0,0.8547193877115464,3,time0,TIME0,0.9454280511827485,0.9614886110847817,1.0,2
0.0004620773829079542,False,875,time0,0.8635289156100536,6,time0,TIME0,0.9432312791663977,0.9405915901031406,1.0,5
0.0015082736213083011,False,876,time1,0.9188358563399448,7,time1,TIME1,0.9648349557765357,0.9638512062970022,1.0,7
0.0011821244738413428,False,876,time0,0.8672192590060436,3,time0,TIME0,0.9490455059498472,0.9602814003206969,1.0,2
0.0007883614379020595,False,876,time0,0.8817273956798569,6,time0,TIME0,0.9482057211407592,0.940029153511823,1.0,5
0.001692719646985682,False,877,time1,0.8994599975544976,7,time1,TIME1,0.9587911628389849,0.9638512062970022,1.0,7
0.0021053236852591924,False,877,time0,0.889516220441594,6,time0,TIME0,0.9488456590996995,0.940029153511823,1.0,5
0.0015668517358755469,False,877,time0,0.8412359625876165,3,time0,TIME0,0.940615588639863,0.9602814003206969,1.0,2
0.0013821981268551514,False,878,time0,0.8712473653625532,3,time0,TIME0,0.9497967952512014,0.9602814003206969,1.0,2
0.00236123541764989,False,878,time1,0.86056097322873,7,time1,TIME1,0.9464794451911298,0.9638512062970022,1.0,7
0.002911653582788813,False,878,time0,0.870331694425419,6,time0,TIME0,0.9427767476046874,0.940029153511823,1.0,5
0.0010503821056445793,False,879,time0,0.8717482619752813,3,time0,TIME0,0.9503490789084056,0.9603680692997162,1.0,2
0.002574241253183765,False,879,time1,0.8524247066556384,7,time1,TIME1,0.9439534142997555,0.9630950189561227,1.0,7
0.0036326297119998025,False,879,time0,0.8421858282425828,6,time0,TIME0,0.9334807360447618,0.9385152415711018,1.0,5
0.0008836138904458204,False,880,time0,0.9235388598882904,3,time0,TIME0,0.9662218217791041,0.9603680692997162,1.0,2
0.001692849521861395,False,880,time1,0.8903626844587205,7,time1,TIME1,0.955684867830137,0.9630950189561227,1.0,7
0.0034246117210676883,False,880,time0,0.8554358480624683,6,time0,TIME0,0.937966455218412,0.9385152415711018,1.0,5
0.0009524595879997523,False,881,time1,0.9358138242201144,7,time1,TIME1,0.9700892718538799,0.9630950189561227,1.0,7
0.000964244975367272,False,881,time0,0.9176136010812255,3,time0,TIME0,0.9640471488511803,0.9603680692997162,1.0,2
0.0027943122819564306,False,881,time0,0.8786231759056603,6,time0,TIME0,0.9452345948760162,0.9385152415711018,1.0,5
0.0013003322565528577,False,882,time1,0.9080937642043548,7,time1,TIME1,0.9615022841623183,0.9623786992913237,1.0,7
0.002616059015040238,False,882,time0,0.8763885862103414,6,time0,TIME0,0.9445491955432866,0.9368267206157459,1.0,5
0.012438987874540746,False,882,time0,0.4633362216666374,3,time0,TIME0,0.8099581352380306,0.9617947015918091,1.0,2
0.0007064297643294045,False,883,time1,0.9480768611457809,7,time1,TIME1,0.9739655798898433,0.9623786992913237,1.0,7
0.0018030028976974376,False,883,time0,0.897677692199191,6,time0,TIME0,0.9511732722609502,0.9368267206157459,1.0,5
0.002625137052394456,False,883,time0,0.8338506319897698,3,time0,TIME0,0.9315193002474803,0.9617947015918091,1.0,2
0.000795360394954237,False,884,time1,0.8979628571292931,7,time1,TIME1,0.9583585312443307,0.9623786992913237,1.0,7
0.00019920292314394976,False,884,time0,0.8565566816182197,3,time0,TIME0,0.9453147075722382,0.9617947015918091,1.0,2
0.0015535641291122794,False,884,time0,0.874142123754287,6,time0,TIME0,0.9448638046560817,0.9368267206157459,1.0,5
0.0010570755320516419,False,885,time1,0.8918015607345906,7,time1,TIME1,0.9568479726648669,0.9618885788497122,1.0,7
0.0020757773674925945,False,885,time0,0.8706738108681947,3,time0,TIME0,0.9485659500234671,0.9621433237145864,1.0,2
0.0011392573229891075,False,885,time0,0.8374766290539071,6,time0,TIME0,0.9340276498213964,0.9364309808409494,1.0,5
0.0006785636486528131,False,886,time1,0.9130126477354414,7,time1,TIME1,0.9634964998782538,0.9618885788497122,1.0,7
0.002175199182348466,False,886,time0,0.8864555945168735,3,time0,TIME0,0.9538099887568382,0.9621433237145864,1.0,2
0.0020326485187657974,False,886,time0,0.8521434319864963,6,time0,TIME0,0.9372320070972168,0.9364309808409494,1.0,5
0.00035782868712440916,False,887,time1,0.9566582188908458,7,time1,TIME1,0.9769227194476742,0.9618885788497122,1.0,7
0.0008953434857313149,False,887,time0,0.9234324131523751,3,time0,TIME0,0.9657227877382898,0.9621433237145864,1.0,2
0.0020226113554544386,False,887,time0,0.8394758231966664,6,time0,TIME0,0.9339129674060221,0.9364309808409494,1.0,5
0.0010168216801568796,False,888,time1,0.9482969083077467,7,time1,TIME1,0.9729741301395902,0.9612621044982231,1.0,7
0.001109041933154461,False,888,time0,0.9084668458130349,6,time0,TIME0,0.955545175656663,0.9385458510493965,1.0,5
0.0011164906901928583,False,888,time0,0.8830866308753662,3,time0,TIME0,0.9535978926773718,0.9617267099190254,1.0,2
0.0013446795480719696,False,889,time1,0.9362388702203758,7,time1,TIME1,0.9697265075113944,0.9612621044982231,1.0,7
0.00038114212020467624,False,889,time0,0.8744070338837491,3,time0,TIME0,0.9516050641947955,0.9617267099190254,1.0,2
0.0011049890794287717,False,889,time0,0.8481337524426643,6,time0,TIME0,0.9365646833942897,0.9385458510493965,1.0,5
0.0019821761116499306,False,890,time1,0.9078076369519896,7,time1,TIME1,0.9604202323582229,0.9612621044982231,1.0,7
0.0006604614179032672,False,890,time0,0.8840171166006188,3,time0,TIME0,0.9545371078096441,0.9617267099190254,1.0,2
0.0011941015348796023,False,890,time0,0.8744924680081747,6,time0,TIME0,0.9456866998536143,0.9385458510493965,1.0,5
0.0015795659450625413,False,891,time1,0.9231418317118896,7,time1,TIME1,0.9652269168266879,0.9600925098779627,1.0,7
0.0017295367932109499,False,891,time0,0.9016931465231243,3,time0,TIME0,0.9577959554337515,0.9588547994190346,1.0,2
0.0013695753712264717,False,891,time0,0.8857928948316016,6,time0,TIME0,0.9492036668440424,0.9394733551206175,1.0,5
0.0010532398940555825,False,892,time0,0.9319154486897688,3,time0,TIME0,0.9678317888866503,0.9588547994190346,1.0,2
0.0017864394136524338,False,892,time1,0.9074754759001039,7,time1,TIME1,0.9603358169986477,0.9600925098779627,1.0,7
0.0003747989230457867,False,892,time0,0.910975810449603,6,time0,TIME0,0.9566748052014264,0.9394733551206175,1.0,5
0.0015037002940181915,False,893,time0,0.9285280885890258,3,time0,TIME0,0.9665952483634566,0.9588547994190346,1.0,2
0.0016626051266378395,False,893,time1,0.8979359279157451,7,time1,TIME1,0.9574944001418985,0.9600925098779627,1.0,7
0.00168946909530471,False,893,time0,0.9149878844983442,6,time0,TIME0,0.9569013815547734,0.9394733551206175,1.0,5
0.0008980863889918435,False,894,time0,0.9185550552226661,3,time0,TIME0,0.9627839899343379,0.9542343477606552,1.0,2
0.0021263114651744247,False,894,time0,0.8997320301589316,6,time0,TIME0,0.9527368013763838,0.9402294729343983,1.0,5
0.0014196577207989467,False,894,time1,0.8762564967454822,7,time1,TIME1,0.9512206161160072,0.9595944101857116,1.0,7
0.0010106830359272382,False,895,time0,0.9447569627640113,3,time0,TIME0,0.9707115701426664,0.9542343477606552,1.0,2
0.0016134800631284329,False,895,time1,0.8985468789663018,7,time1,TIME1,0.9577342545862981,0.9595944101857116,1.0,7
0.002181863495137556,False,895,time0,0.8963033036789245,6,time0,TIME0,0.9518516297714035,0.9402294729343983,1.0,5
0.0010793716931106205,False,896,time0,0.9325337385019669,3,time0,TIME0,0.9671031648783174,0.9542343477606552,1.0,2
0.001436622842897093,False,896,time0,0.9265372504454493,6,time0,TIME0,0.9611324378337539,0.9402294729343983,1.0,5
0.001593571759888502,False,896,time1,0.8937694049449941,7,time1,TIME1,0.9562988104903639,0.9595944101857116,1.0,7
0.0008447922878575157,False,897,time0,0.9615657801872456,3,time0,TIME0,0.9744522650594946,0.9477202055925702,1.0,2
0.001252344139351256,False,897,time1,0.9158684676350483,7,time1,TIME1,0.9633423761029446,0.9599622603454598,1.0,7
0.0014571287870234302,False,897,time0,0.8942847994780888,6,time0,TIME0,0.951614897341966,0.9398925339893135,1.0,5
0.0005695127481679798,False,898,time1,0.9524232538554805,7,time1,TIME1,0.9746803923516444,0.9599622603454598,1.0,7
0.0010278364765951686,False,898,time0,0.9335330424018258,3,time0,TIME0,0.9659103452113363,0.9477202055925702,1.0,2
0.0013725173618485621,False,898,time0,0.867760169145434,6,time0,TIME0,0.9435107593855283,0.9398925339893135,1.0,5
0.0005610630346395558,False,899,time1,0.9695089433750836,7,time1,TIME1,0.9803271255238286,0.9599622603454598,1.0,7
0.0008191579636909902,False,899,time0,0.9346116383417994,3,time0,TIME0,0.9662872940780295,0.9477202055925702,1.0,2
0.0013122300939169323,False,899,time0,0.833003196439411,6,time0,TIME0,0.933549743839719,0.9398925339893135,1.0,5
0.00044250872952527893,False,900,time1,0.9724002549705678,7,time1,TIME1,0.98134941780956,0.9604716919146701,1.0,7
0.00101733306248,False,900,time0,0.861979467380018,6,time0,TIME0,0.9423799110104155,0.9397611405246944,1.0,5
0.0012675961036096837,False,900,time0,0.8901338214320554,3,time0,TIME0,0.8502388594352648,0.9389422169565782,0.0,2
0.0005952689382595494,False,901,time1,0.8986400721680168,7,time1,TIME1,0.9588791634162194,0.9604716919146701,1.0,7
0.0011264535001378711,False,901,time0,0.8999701239473129,6,time0,TIME0,0.9535836113942258,0.9397611405246944,1.0,5
0.0017372678116458968,False,901,time0,0.8543239034440908,3,time0,TIME0,0.8391322215838726,0.9389422169565782,0.0,2
0.0006626592254875217,False,902,time0,0.9760769820276554,6,time0,TIME0,0.9766501839305987,0.9397611405246944,1.0,5
0.0006213925660203238,False,902,time1,0.8995407234114464,7,time1,TIME1,0.9590932609170744,0.9604716919146701,1.0,7
0.0014635627883662558,False,902,time0,0.874421481569699,3,time0,TIME0,0.8455221660314034,0.9389422169565782,0.0,2
0.0007244487669294309,False,903,time1,0.9442495922713879,7,time1,TIME1,0.9723109218534421,0.9599837842064294,1.0,7
0.0016045920760090087,False,903,time0,0.8774246379442487,6,time0,TIME0,0.9457193820754078,0.9398553158043168,1.0,5
0.0019291614038419805,False,903,time0,0.8023866082523607,3,time0,TIME0,0.8210452972525273,0.9296026535162923,0.0,2
0.0010598340744117874,False,904,time1,0.9422375346314327,7,time1,TIME1,0.9714671996394543,0.9599837842064294,1.0,7
0.002657874179399198,False,904,time0,0.8259861272847809,6,time0,TIME0,0.9295738342706906,0.9398553158043168,1.0,5
0.0016417558799233674,False,904,time0,0.85768586073804,3,time0,TIME0,0.8379488051618055,0.9296026535162923,0.0,2
0.0007819307916601898,False,905,time1,0.9768632355338525,7,time1,TIME1,0.9816700437675672,0.9599837842064294,1.0,7
0.002772367540665319,False,905,time0,0.8384052404494166,6,time0,TIME0,0.9338857094610648,0.9398553158043168,1.0,5
0.0015319406116804312,False,905,time0,0.8600045486660362,3,time0,TIME0,0.8388187323779054,0.9296026535162923,0.0,2
0.0009682193630222182,False,906,time1,0.9390175273574045,7,time1,TIME1,0.9700444289211068,0.958654434344583,1.0,7
0.001956126458453781,False,906,time0,0.8895190686736609,6,time0,TIME0,0.9493812317096616,0.9394413456604902,1.0,5
0.001391981493013554,False,906,time0,0.9234004884798608,3,time0,TIME0,0.85445299799854,0.9162508802766107,0.0,2
0.0008876347624833655,False,907,time1,0.9421343353026778,7,time1,TIME1,0.9711451314682797,0.958654434344583,1.0,7
0.0006585675716427129,False,907,time0,0.9117675361978805,6,time0,TIME0,0.9567810997063538,0.9394413456604902,1.0,5
0.0009050638084604652,False,907,time0,0.9598061962942278,3,time0,TIME0,0.8657881843263326,0.9162508802766107,0.0,2
0.0008320839230399285,False,908,time0,0.9493356512276586,6,time0,TIME0,0.9682566741396176,0.9394413456604902,1.0,5
0.001164360404799435,False,908,time1,0.9303974911591326,7,time1,TIME1,0.9674667555243969,0.958654434344583,1.0,7
0.0005098367038701748,False,908,time0,0.9068463820672789,3,time0,TIME0,0.8503833434554475,0.9162508802766107,0.0,2
0.0009691952644841389,False,909,time0,0.9509915324399492,6,time0,TIME0,0.968890327839023,0.9387486849417113,1.0,5
0.001905739768755885,False,909,time1,0.8984472420476349,7,time1,TIME1,0.9567261003759892,0.9578252935016482,1.0,7
0.0007001998829995746,False,909,time0,0.8706363378400258,3,time0,TIME0,0.8355745812022628,0.9013933605005398,0.0,2
0.0008049888312088203,False,910,time0,0.9592816822046583,6,time0,TIME0,0.9716246364034253,0.9387486849417113,1.0,5
0.0014655535537528108,False,910,time1,0.875315031405818,7,time1,TIME1,0.9503516146393879,0.9578252935016482,1.0,7
0.0017368340295610151,False,910,time0,0.862592823536896,3,time0,TIME0,0.8318070677359157,0.9013933605005398,0.0,2
0.0008204892893961124,False,911,time0,0.9304611392453669,6,time0,TIME0,0.9628378718115065,0.9387486849417113,1.0,5
0.0008233650979461207,False,911,time1,0.9116730820140386,7,time1,TIME1,0.9617681999675222,0.9578252935016482,1.0,7
0.0018511637484837377,False,911,time0,0.8414584898195033,3,time0,TIME0,0.8260061749926438,0.9013933605005398,0.0,2
0.0008422514482577841,False,912,time1,0.9606380179672318,7,time1,TIME1,0.9769832954628629,0.9585065164713775,1.0,7
0.0012053270533037355,False,912,time0,0.8912007390604537,6,time0,TIME0,0.9500806986501359,0.9370158465023428,1.0,5
0.0015407285951455564,False,912,time0,0.8649475060128866,3,time0,TIME0,0.8284003347111879,0.8823786071354791,0.0,2
0.0008225633370467186,False,913,time1,0.9426238864053105,7,time1,TIME1,0.9713590218814634,0.9585065164713775,1.0,7
0.0015188272537087454,False,913,time0,0.8692617524795251,6,time0,TIME0,0.943277173522529,0.9370158465023428,1.0,5
0.0015394022479773366,False,913,time0,0.8767902766861418,3,time0,TIME0,0.8320331021650409,0.8823786071354791,0.0,2
0.0021159699617376453,False,914,time1,0.8587272163126092,7,time1,TIME1,0.9443482784623298,0.9585065164713775,1.0,7
0.0016710737261377733,False,914,time0,0.8319314187121248,6,time0,TIME0,0.9318660878936466,0.9370158465023428,1.0,5
0.0014152661101057722,False,914,time0,0.9103160235919164,3,time0,TIME0,0.8420301297178578,0.8823786071354791,0.0,2
0.002480917929575127,False,915,time1,0.8487170837236268,7,time1,TIME1,0.9417580703953746,0.9587438796484535,1.0,7
0.001309004543149535,False,915,time0,0.847787919388688,6,time0,TIME0,0.9365764796467256,0.9347094699006451,1.0,5
0.0010089606786171568,False,915,time0,0.9387422972363703,3,time0,TIME0,0.8461984154909041,0.8631647442688177,0.0,2
0.0008203760276815843,False,916,time0,0.8923525196806191,6,time0,TIME0,0.9502373553575055,0.9347094699006451,1.0,5
0.002222509785615098,False,916,time1,0.8733553341689759,7,time1,TIME1,0.9494681468443099,0.9587438796484535,1.0,7
0.0011728867986190612,False,916,time0,0.9048367402249443,3,time0,TIME0,0.8357511731426188,0.8631647442688177,0.0,2
0.0020556582340377563,False,917,time1,0.8870941458520998,7,time1,TIME1,0.9538165045443258,0.9587438796484535,1.0,7
0.001294237012177517,False,917,time0,0.8957249385308678,6,time0,TIME0,0.9507558197397677,0.9347094699006451,1.0,5
0.0010203369601261801,False,917,time0,0.9156284508502471,3,time0,TIME0,0.8394381564668365,0.8631647442688177,0.0,2
0.0014795499526502826,False,918,time1,0.9197137891464422,7,time1,TIME1,0.9636626783984933,0.9579469631386945,1.0,7
0.0020453556930636906,False,918,time0,0.839996710422073,6,time0,TIME0,0.9330062556635124,0.9339592906133444,1.0,5
0.0006195748589056562,False,918,time0,0.9496482007687662,3,time0,TIME0,0.8446357444727659,0.8423350589845476,0.0,2
0.0008209003974922758,False,919,time1,0.9562269324840873,7,time1,TIME1,0.9750321629642335,0.9579469631386945,1.0,7
0.0035951406797508456,False,919,time0,0.7639263479170199,6,time0,TIME0,0.9083154762938133,0.9339592906133444,1.0,5
0.0008712667942408416,False,919,time0,0.949284818888889,3,time0,TIME0,0.8442618506470806,0.8423350589845476,0.0,2
0.0007351513225206928,False,920,time1,0.9505281696167939,7,time1,TIME1,0.9733801061605981,0.9579469631386945,1.0,7
0.0035009084484703425,False,920,time0,0.7940541870056135,6,time0,TIME0,0.918413282543473,0.9339592906133444,1.0,5
0.0009754340205971424,False,920,time0,0.918171190021407,3,time0,TIME0,0.8347376207166419,0.8423350589845476,0.0,2
0.0009216886583842433,False,921,time1,0.9660560568908269,7,time1,TIME1,0.9783443433005418,0.9580855942369956,1.0,7
0.002696869327290174,False,921,time0,0.8530367451007516,6,time0,TIME0,0.9358111620370778,0.9316034000988063,1.0,5
0.0014352219259044013,False,921,time0,0.880115731432995,3,time0,TIME0,0.8178323845904014,0.8216858058956427,0.0,2
0.0006426132548793352,False,922,time1,0.9622779960762011,7,time1,TIME1,0.9774124394175594,0.9580855942369956,1.0,7
0.0013007702595712002,False,922,time0,0.9193597285133155,6,time0,TIME0,0.9565584710687912,0.9316034000988063,1.0,5
0.001427007772931802,False,922,time0,0.8834849899692417,3,time0,TIME0,0.8189835226644802,0.8216858058956427,0.0,2
0.0007125440570198498,False,923,time1,0.9444872653561593,7,time1,TIME1,0.9719677416578102,0.9580855942369956,1.0,7
0.0008548152190470774,False,923,time0,0.9379592606889192,6,time0,TIME0,0.9628193030177633,0.9316034000988063,1.0,5
0.0015611641903808822,False,923,time0,0.8688596075495955,3,time0,TIME0,0.8145639172077807,0.8216858058956427,0.0,2
0.0007705650083702864,False,924,time0,0.9748955685658935,6,time0,TIME0,0.9737962692795509,0.928702334237806,1.0,5
0.0020375796513384965,False,924,time1,0.8854322670691271,7,time1,TIME1,0.9520917328391133,0.9568731140368716,1.0,7
0.0021558473929509654,False,924,time0,0.8137612730241858,3,time0,TIME0,0.7924590098149292,0.8031934206869962,0.0,2
0.0008499024854151043,False,925,time0,0.9442715496366194,6,time0,TIME0,0.9646194898414125,0.928702334237806,1.0,5
0.001790314988172775,False,925,time1,0.8773481640161962,7,time1,TIME1,0.9505482496900478,0.9568731140368716,1.0,7
0.0024046255313349965,False,925,time0,0.801469144638588,3,time0,TIME0,0.7888503396758334,0.8031934206869962,0.0,2
0.0011823351958271872,False,926,time0,0.9214450318139258,6,time0,TIME0,0.9570028183264226,0.928702334237806,1.0,5
0.0013839510047610256,False,926,time1,0.8980717543890051,7,time1,TIME1,0.9569785447528595,0.9568731140368716,1.0,7
0.0020012200975919906,False,926,time0,0.8400915829122763,3,time0,TIME0,0.8006760294422127,0.8031934206869962,0.0,2
0.0012689718032306745,False,927,time1,0.9111415962871092,7,time1,TIME1,0.9610940779596177,0.9574066538810839,1.0,7
0.0019318469998136007,False,927,time0,0.8691663941823059,6,time0,TIME0,0.9395486358916988,0.9242753971215021,1.0,5
0.0015584978591824928,False,927,time0,0.8780514970627623,3,time0,TIME0,0.8081918192444355,0.7862902702011996,0.0,2
0.0021712237124028888,False,928,time1,0.8478665391641171,7,time1,TIME1,0.9409817447193843,0.9574066538810839,1.0,7
0.0022762740879140385,False,928,time0,0.8384786096410495,6,time0,TIME0,0.9302836749058856,0.9242753971215021,1.0,5
0.0011933344072803905,False,928,time0,0.8993763982849167,3,time0,TIME0,0.8149445981844721,0.7862902702011996,0.0,2
0.0014136793638117478,False,929,time1,0.9045531249284721,7,time1,TIME1,0.9589014114392861,0.9574066538810839,1.0,7
0.0018210591852096999,False,929,time0,0.8410308655107276,6,time0,TIME0,0.9314122233916478,0.9242753971215021,1.0,5
0.0011167318245454323,False,929,time0,0.9141293556769404,3,time0,TIME0,0.8194069382787952,0.7862902702011996,0.0,2
0.0017991182319357965,False,930,time1,0.88690667157688,7,time1,TIME1,0.9535088057376521,0.9575746204596784,1.0,7
0.0011850426540695525,False,930,time0,0.8959340944868028,6,time0,TIME0,0.947961347322288,0.9229183210399954,1.0,5
0.0006634367971913222,False,930,time0,0.9252083662024695,3,time0,TIME0,0.8187352609313135,0.7685411813279313,0.0,2
0.0014113350140760638,False,931,time1,0.913470693525928,7,time1,TIME1,0.9618461248674229,0.9575746204596784,1.0,7
0.0013865453636324571,False,931,time0,0.8831376110968657,6,time0,TIME0,0.9440378576230274,0.9229183210399954,1.0,5
0.0005352140381263829,False,931,time0,0.9439655552523051,3,time0,TIME0,0.8245418494661838,0.7685411813279313,0.0,2
0.001671695935021502,False,932,time1,0.9033187124963297,7,time1,TIME1,0.9586350838521818,0.9575746204596784,1.0,7
0.0027274533453137194,False,932,time0,0.7853804579045194,6,time0,TIME0,0.9129125317178709,0.9229183210399954,1.0,5
0.0008261271577508168,False,932,time0,0.9188901009073052,3,time0,TIME0,0.8168478954416577,0.7685411813279313,0.0,2
0.0016186826341913724,False,933,time1,0.9100717966529693,7,time1,TIME1,0.9609127645317038,0.9576458637689624,1.0,7
0.0037730629821920957,False,933,time0,0.7451971933005034,6,time0,TIME0,0.9000274734122655,0.9225194538915277,1.0,5
0.0009486748176633472,False,933,time0,0.9085182977795428,3,time0,TIME0,0.8094015880700977,0.7512425404783372,0.0,2
0.0013126935307651018,False,934,time1,0.9256487687584378,7,time1,TIME1,0.9655687055818302,0.9576458637689624,1.0,7
0.0037745976703067717,False,934,time0,0.7782702462885386,6,time0,TIME0,0.9105506968819764,0.9225194538915277,1.0,5
0.0012723969283904176,False,934,time0,0.8830204427223062,3,time0,TIME0,0.8013370984179067,0.7512425404783372,0.0,2
0.0014697553306693182,False,935,time1,0.9173919493226874,7,time1,TIME1,0.9631773915186504,0.9576458637689624,1.0,7
0.0031945719297515394,False,935,time0,0.8215505482571137,6,time0,TIME0,0.9237283487719128,0.9225194538915277,1.0,5
0.0008960940542838735,False,935,time0,0.9206912189971352,3,time0,TIME0,0.8129266398359217,0.7512425404783372,0.0,2
0.001354654263213923,False,936,time1,0.9240776369192796,7,time1,TIME1,0.9651646338104872,0.9573423840345439,1.0,7
0.002189718760536935,False,936,time0,0.8831585318168638,6,time0,TIME0,0.9431513419797052,0.9235325557079455,1.0,5
0.000658923645260293,False,936,time0,0.9462930112119725,3,time0,TIME0,0.8173093516854285,0.7369153044267356,0.0,2
0.0007249169117418449,False,937,time0,0.9598661722431808,6,time0,TIME0,0.9671765716041069,0.9235325557079455,1.0,5
0.0016910946958323852,False,937,time1,0.9032551859762665,7,time1,TIME1,0.958511697315763,0.9573423840345439,1.0,7
0.0005601593760772506,False,937,time0,0.9510131781873349,3,time0,TIME0,0.8187866274386811,0.7369153044267356,0.0,2
0.0008669842243287346,False,938,time0,0.9520655751816348,6,time0,TIME0,0.9655577281653304,0.9235325557079455,1.0,5
0.0023519175446918557,False,938,time1,0.8667821759589956,7,time1,TIME1,0.9466608508062874,0.9573423840345439,1.0,7
0.000693889912163055,False,938,time0,0.9360124424276992,3,time0,TIME0,0.8140091252347532,0.7369153044267356,0.0,2
0.0008767134759555901,False,939,time0,0.9517545057766313,6,time0,TIME0,0.9662060907683471,0.9261485715466695,1.0,5
0.0018344161668024108,False,939,time1,0.8863749236164303,7,time1,TIME1,0.9533645906371788,0.9580737231285625,1.0,7
0.00022212728627102595,False,939,time0,0.9655696143669213,3,time0,TIME0,0.8203029617382995,0.7247180032658965,0.0,2
0.0011332231198053519,False,940,time0,0.9374117551203976,6,time0,TIME0,0.961453178487682,0.9261485715466695,1.0,5
0.0019470912798085487,False,940,time1,0.8678792977973161,7,time1,TIME1,0.9476072751625685,0.9580737231285625,1.0,7
0.0006053384079462416,False,940,time0,0.9387097799379206,3,time0,TIME0,0.8118853131638,0.7247180032658965,0.0,2
0.0014867587658557997,False,941,time1,0.8935561633585076,7,time1,TIME1,0.9558427966826899,0.9580737231285625,1.0,7
0.0014867023785139276,False,941,time0,0.9046405467492226,6,time0,TIME0,0.951257488957983,0.9261485715466695,1.0,5
0.0005975970536357693,False,941,time0,0.9522900070041171,3,time0,TIME0,0.8159209939969216,0.7247180032658965,0.0,2
0.0016306890253057304,False,942,time1,0.874042085059621,7,time1,TIME1,0.9499337434781066,0.9585779944645041,1.0,7
0.001710687186666207,False,942,time0,0.8834062198351837,6,time0,TIME0,0.9453206047617704,0.9288544141483359,1.0,5
0.00045091174221297784,False,942,time0,0.9575032400364744,3,time0,TIME0,0.8173389004161971,0.7228981901347213,0.0,2
0.001737101463575921,False,943,time0,0.8861907070577425,6,time0,TIME0,0.9459794608237484,0.9288544141483359,1.0,5
0.003345616843122095,False,943,time1,0.7711963056135209,7,time1,TIME1,0.9166847657451165,0.9585779944645041,1.0,7
0.001193213190729725,False,943,time0,0.9277298486200926,3,time0,TIME0,0.8072989565726214,0.7228981901347213,0.0,2
0.0011942984035453708,False,944,time0,0.8948752407721047,6,time0,TIME0,0.9488465823725959,0.9288544141483359,1.0,5
0.0035239125358310203,False,944,time1,0.7827230602807737,7,time1,TIME1,0.9207899449132588,0.9585779944645041,1.0,7
0.0006305959867441361,False,944,time0,0.9618059421067038,3,time0,TIME0,0.8183090645062612,0.7228981901347213,0.0,2
0.0011404197031267395,False,945,time0,0.9112047260841082,6,time0,TIME0,0.9544352222835527,0.9290819568966235,1.0,5
0.003441838108124144,False,945,time1,0.8084973893250932,7,time1,TIME1,0.9291419889077879,0.9592912992401881,1.0,7
0.0007649491646299216,False,945,time0,0.9428218460494994,3,time0,TIME0,0.8121900812058712,0.7206924787443744,0.0,2
0.0013606403044646015,False,946,time0,0.8902840342692583,6,time0,TIME0,0.9476860515687947,0.9290819568966235,1.0,5
0.002714945961866298,False,946,time1,0.8539265704796372,7,time1,TIME1,0.9430225803511022,0.9592912992401881,1.0,7
0.0005335699304289185,False,946,time0,0.9454023871911559,3,time0,TIME0,0.8130447454477592,0.7206924787443744,0.0,2
0.0013803796621370422,False,947,time1,0.9243666970728586,7,time1,TIME1,0.9649096762477617,0.9592912992401881,1.0,7
0.0020791807386106556,False,947,time0,0.8438033823487859,6,time0,TIME0,0.9329425751130368,0.9290819568966235,1.0,5
0.0004175557614254632,False,947,time0,0.9593022059882355,3,time0,TIME0,0.8172167057401457,0.7206924787443744,0.0,2
0.0007107235359495418,False,948,time1,0.9584889727820874,7,time1,TIME1,0.9763311103483728,0.9595724504833205,1.0,7
0.0032802995212540985,False,948,time0,0.782559350614137,6,time0,TIME0,0.9134273481633791,0.929844708206427,1.0,5
0.004810158022218723,False,948,time0,0.7152222000156325,3,time0,TIME0,0.7366348041041852,0.7179461770526218,0.0,2
0.00023713263708056065,False,949,time1,0.965354977933809,7,time1,TIME1,0.9789551681360247,0.9595724504833205,1.0,7
0.00333339648315,False,949,time0,0.8027047236267012,6,time0,TIME0,0.9199541249950299,0.929844708206427,1.0,5
0.00047384664414507283,False,950,time1,0.973379294102513,7,time1,TIME1,0.9812862092778261,0.9595724504833205,1.0,7
0.003042137788127106,False,950,time0,0.8329129795125786,6,time0,TIME0,0.9291226826368689,0.929844708206427,1.0,5
0.001135590414102412,False,951,time1,0.9362593259083154,7,time1,TIME1,0.9692450668253961,0.9605751539628822,1.0,7
0.001486196299414899,False,951,time0,0.9187643178784017,6,time0,TIME0,0.9554788468166985,0.9290516156284343,1.0,5
0.0007308630705827733,False,952,time0,0.9591243475916342,6,time0,TIME0,0.9688119519907281,0.9290516156284343,1.0,5
0.001460266888707847,False,952,time1,0.8980027099481017,7,time1,TIME1,0.957873545970852,0.9605751539628822,1.0,7
0.00024829554499169386,False,953,time0,0.9858516400537608,6,time0,TIME0,0.9774445558622781,0.9290516156284343,1.0,5
0.0016047617791799403,False,953,time1,0.9012005049327422,7,time1,TIME1,0.9587636787201143,0.9605751539628822,1.0,7
0.00043808164675667534,False,954,time0,0.975024856815506,6,time0,TIME0,0.9741706533175093,0.9293924436200494,1.0,5
0.0021649522711128305,False,954,time1,0.8519805870512768,7,time1,TIME1,0.9432446115271232,0.9601769571944734,1.0,7
0.0006133687879697072,False,955,time0,0.9552242228441092,6,time0,TIME0,0.9682113294914324,0.9293924436200494,1.0,5
0.0007469491562304683,False,955,time1,0.9068289294160823,7,time1,TIME1,0.959780767271955,0.9601769571944734,1.0,7
0.0008997242194036484,False,956,time0,0.9280394934074068,6,time0,TIME0,0.9597109521706962,0.9293924436200494,1.0,5
0.0024121247231167955,False,956,time1,0.890488791443713,7,time1,TIME1,0.9537864042845642,0.9601769571944734,1.0,7
0.0013022172821447698,False,957,time0,0.9039924770705147,6,time0,TIME0,0.952672429123722,0.931918546972816,1.0,5
0.0014501687924339665,False,957,time1,0.8363056370182735,7,time1,TIME1,0.9382608412156855,0.9586004570608431,1.0,7
0.0012487970400374057,False,958,time1,0.9344040499951339,7,time1,TIME1,0.9685423645740721,0.9586004570608431,1.0,7
0.001328607423973414,False,958,time0,0.8737704860257689,6,time0,TIME0,0.9438716016995882,0.931918546972816,1.0,5
0.0005359080569934747,False,959,time0,0.906266688165026,6,time0,TIME0,0.9537194632464768,0.931918546972816,1.0,5
0.0017900919280737378,False,959,time1,0.7649245796848718,7,time1,TIME1,0.9155762621318413,0.9586004570608431,1.0,7
0.0003644452167821432,False,960,time0,0.9283672685197756,6,time0,TIME0,0.9619675434641085,0.9363288263170018,1.0,5
0.0013953441700038918,False,960,time1,0.8982760792900725,7,time1,TIME1,0.9566563358360977,0.9571348899916454,1.0,7
0.002693452319310163,False,961,time1,0.8449140982345407,7,time1,TIME1,0.9384921477711353,0.9571348899916454,1.0,7
0.0029784564567768416,False,961,time0,0.7928891450546152,6,time0,TIME0,0.9171175246787969,0.9363288263170018,1.0,5
0.0007723508961404043,False,962,time0,0.9455604377683792,6,time0,TIME0,0.9655160660847423,0.9363288263170018,1.0,5
0.00259630504644428,False,962,time1,0.8644969025029673,7,time1,TIME1,0.9459734344987231,0.9571348899916454,1.0,7
0.00019649956407734925,False,963,time0,0.9603875859501354,6,time0,TIME0,0.9721755656273895,0.9395877467306304,1.0,5
0.00230976881836044,False,963,time1,0.8893535969894473,7,time1,TIME1,0.953153216324015,0.9551065480582788,1.0,7
0.0008587703419287929,False,964,time1,0.938462889610821,7,time1,TIME1,0.9675418877873229,0.9551065480582788,1.0,7
0.001237671849954761,False,964,time0,0.914244344397707,6,time0,TIME0,0.957068522705873,0.9395877467306304,1.0,5
0.0013241412434557675,False,965,time1,0.9184369478566203,7,time1,TIME1,0.9623893591374219,0.9551065480582788,1.0,7
0.0021356942755703157,False,965,time0,0.8643767810143542,6,time0,TIME0,0.9416498603908304,0.9395877467306304,1.0,5
0.0014976198770244946,False,966,time0,0.9103264199462603,6,time0,TIME0,0.9561085677538775,0.9393784382046906,1.0,5
0.0009620946803417158,False,966,time1,0.8639281916700594,7,time1,TIME1,0.9454251850556314,0.9512964924142479,1.0,7
0.0007594511823392665,False,967,time0,0.9533232014440173,6,time0,TIME0,0.969537406244349,0.9393784382046906,1.0,5
0.0024592710346656504,False,967,time1,0.8477425556551699,7,time1,TIME1,0.9388264457088007,0.9512964924142479,1.0,7
0.0004692960990727445,False,968,time0,0.9753917408838445,6,time0,TIME0,0.9764517371493581,0.9393784382046906,1.0,5
0.0012065002563476771,False,968,time1,0.8933570013286081,7,time1,TIME1,0.9533555723825006,0.9512964924142479,1.0,7
0.0005040766449032369,False,969,time0,0.9755974620851855,6,time0,TIME0,0.9765558348186417,0.9375246075462893,1.0,5
0.002314813591449388,False,969,time1,0.8211655216910343,7,time1,TIME1,0.9297157130078028,0.9454475639323292,1.0,7
0.0005291777244758971,False,970,time0,0.9391246548382205,6,time0,TIME0,0.9654824282009381,0.9375246075462893,1.0,5
0.0012752399976488397,False,970,time1,0.8878411034669796,7,time1,TIME1,0.9507676478175556,0.9454475639323292,1.0,7
0.0006038456044789829,False,971,time0,0.9067533865423424,6,time0,TIME0,0.9557150952697294,0.9375246075462893,1.0,5
0.0017591070296004915,False,971,time1,0.8831769560524457,7,time1,TIME1,0.9483859235506621,0.9454475639323292,1.0,7
0.00039862749940911647,False,972,time0,0.903900401081836,6,time0,TIME0,0.9548819034182154,0.9370028383122242,1.0,5
0.0019429513016870684,False,972,time1,0.8308817318585732,7,time1,TIME1,0.9301839445015432,0.9369308574251498,1.0,7
0.00020493305677494206,False,973,time0,0.914701123261491,6,time0,TIME0,0.9580905695046014,0.9370028383122242,1.0,5
0.004680016037177934,False,973,time1,0.7390550150812284,7,time1,TIME1,0.8990485264385137,0.9369308574251498,1.0,7
0.0005876460406586337,False,974,time0,0.9494852429404957,6,time0,TIME0,0.9681651234956064,0.9370028383122242,1.0,5
0.002677400434046406,False,974,time1,0.8070615024672546,7,time1,TIME1,0.921969511477094,0.9369308574251498,1.0,7
0.0006418958044200835,False,975,time0,0.9446320555625707,6,time0,TIME0,0.9667109965324246,0.9377856053336107,1.0,5
0.0010340423310729915,False,975,time1,0.9179162081757871,7,time1,TIME1,0.9553069903957373,0.9294522832694454,1.0,7
0.0004012040545996692,False,976,time0,0.9590952314674508,6,time0,TIME0,0.9713749702199471,0.9377856053336107,1.0,5
0.0006889626758366272,False,976,time1,0.9361627031091403,7,time1,TIME1,0.9618597443832687,0.9294522832694454,1.0,7
0.001111485961857255,False,977,time0,0.9535311389008653,6,time0,TIME0,0.9684838560548441,0.9377856053336107,1.0,5
0.0011603158847116038,False,977,time1,0.9366294615813742,7,time1,TIME1,0.9618018265398766,0.9294522832694454,1.0,7
0.0007666001448728925,False,978,time1,0.9643375011221588,7,time1,TIME1,0.9700283861474093,0.9269935724360985,1.0,7
0.0007650349361624238,False,978,time0,0.9349591364326387,6,time0,TIME0,0.9642512008003071,0.939373648013883,1.0,5
0.0010780386357404888,False,979,time1,0.9371172524491127,7,time1,TIME1,0.9615416846802035,0.9269935724360985,1.0,7
0.0033040038506529958,False,979,time0,0.7765300861201029,6,time0,TIME0,0.9121229006067754,0.939373648013883,1.0,5
0.000769902267702429,False,980,time1,0.9531079075381446,7,time1,TIME1,0.9665588686090565,0.9269935724360985,1.0,7
0.004466115580208522,False,980,time0,0.8361827325050244,6,time0,TIME0,0.9265268413239985,0.939373648013883,1.0,5
0.0007807041234590798,False,981,time1,0.9360420278271009,7,time1,TIME1,0.9611447895930255,0.9254605169990944,1.0,7
0.0025332726565563284,False,981,time0,0.9130338432832713,6,time0,TIME0,0.9554908828013189,0.9411539596419319,1.0,5
0.0010994392013023628,False,982,time0,0.9430764494540409,6,time0,TIME0,0.9662313787355116,0.9411539596419319,1.0,5
0.00029793245079773887,False,982,time1,0.9072418781574965,7,time1,TIME1,0.952779416857711,0.9254605169990944,1.0,7
0.0008586795918593884,False,983,time0,0.9622430427756389,6,time0,TIME0,0.9728742701714765,0.9411539596419319,1.0,5
0.0005554171573341824,False,983,time1,0.8722124951937313,7,time1,TIME1,0.9422191071215065,0.9254605169990944,1.0,7
0.0019824276359925617,False,984,time0,0.9088714312685351,6,time0,TIME0,0.9560342606534642,0.9437765515801665,1.0,5
0.0013512869323738723,False,984,time1,0.8047106308605531,7,time1,TIME1,0.9213976589259283,0.9272494735249404,1.0,7
0.0008973778133157656,False,985,time0,0.9292380461698874,6,time0,TIME0,0.9631564139234557,0.9437765515801665,1.0,5
0.0008716624255809826,False,985,time1,0.8973803446536686,7,time1,TIME1,0.9497021936290345,0.9272494735249404,1.0,7
0.0006062224229335953,False,986,time0,0.9285334730764713,6,time0,TIME0,0.9636788308616324,0.9437765515801665,1.0,5
0.001244393632376354,False,986,time1,0.875051515182222,7,time1,TIME1,0.9419156409792885,0.9272494735249404,1.0,7
0.0005027150691749799,False,987,time0,0.9667104327625358,6,time0,TIME0,0.9761415999707578,0.9466259822151617,1.0,5
0.0016262604002729778,False,987,time1,0.8704678023957513,7,time1,TIME1,0.9415021075140816,0.9285096587903192,1.0,7
0.0005333400518989064,False,988,time0,0.9634098920569291,6,time0,TIME0,0.9750465982257707,0.9466259822151617,1.0,5
0.0009792357828964534,False,988,time1,0.926900182334707,7,time1,TIME1,0.95882087788343,0.9285096587903192,1.0,7
0.0001503252036296121,False,989,time0,0.9773530982341573,6,time0,TIME0,0.9794609311000301,0.9466259822151617,1.0,5
0.0008641053853649598,False,989,time1,0.9271501316286066,7,time1,TIME1,0.9592050213024949,0.9285096587903192,1.0,7
0.0006937079791079936,False,990,time0,0.952167581685075,6,time0,TIME0,0.9719504452358664,0.949205526431457,1.0,5
0.0006285721573788056,False,990,time1,0.9305350455629183,7,time1,TIME1,0.9603931769929434,0.929391337253364,1.0,7
0.0005839640338176365,False,991,time0,0.958854527745065,6,time0,TIME0,0.9743271423236634,0.949205526431457,1.0,5
0.0005202034787931869,False,991,time1,0.9374004385692271,7,time1,TIME1,0.9627168366665394,0.929391337253364,1.0,7
0.0008158953985840148,False,992,time1,0.9543110542583043,7,time1,TIME1,0.9676903865463923,0.929391337253364,1.0,7
0.0023484578944609857,False,992,time0,0.855022206857853,6,time0,TIME0,0.940448649877304,0.949205526431457,1.0,5
0.0001363610840502083,False,993,time1,0.973988592945737,7,time1,TIME1,0.9740730282319648,0.930010265598161,1.0,7
0.001146588110348732,False,993,time0,0.926007398287051,6,time0,TIME0,0.9639214580926501,0.9523994394207552,1.0,5
0.00047868810893899846,False,994,time1,0.981169668393898,7,time1,TIME1,0.9761658992530025,0.930010265598161,1.0,7
0.0008096060994985462,False,994,time0,0.9470030282258319,6,time0,TIME0,0.9711972779814655,0.9523994394207552,1.0,5
0.0005349376210992403,False,995,time0,0.9668647861405102,6,time0,TIME0,0.9768808151198444,0.9523994394207552,1.0,5
0.00041635831507138866,False,995,time1,0.9746035737703385,7,time1,TIME1,0.9742044336825944,0.930010265598161,1.0,7
0.0006272244890851563,False,996,time1,0.9620276122130399,7,time1,TIME1,0.9703103382264552,0.9303864302711811,1.0,7
0.001391352898615103,False,996,time0,0.9131044270137386,6,time0,TIME0,0.9606699517024139,0.9545591342430908,1.0,5
0.0006742913605016999,False,997,time0,0.9225544335039629,6,time0,TIME0,0.9642529146687394,0.9545591342430908,1.0,5
0.0005172933075156461,False,997,time1,0.9199717214801165,7,time1,TIME1,0.957928007400653,0.9303864302711811,1.0,7
0.0008714112800400724,False,998,time0,0.9493380747317147,6,time0,TIME0,0.9724669359731025,0.9545591342430908,1.0,5
0.00012513751374921075,False,998,time1,0.8624621475358412,7,time1,TIME1,0.9409246791157319,0.9303864302711811,1.0,7
0.002051193135810741,False,999,time0,0.8878449198212991,6,time0,TIME0,0.9519784364745151,0.9532836579537459,1.0,5
0.00013793263768950093,False,999,time1,0.8672637840965807,7,time1,TIME1,0.9425601124873287,0.9307086465405641,1.0,7
0.0005063284587899754,False,1000,time1,0.9530136864258968,7,time1,TIME1,0.9678307410659518,0.9307086465405641,1.0,7
0.0005793066666600342,False,1000,time0,0.9244966828441633,6,time0,TIME0,0.9635116520649518,0.9532836579537459,1.0,5
